solid OpenSCAD_Model
  facet normal 0 1 0
    outer loop
      vertex -90 79.99499999999999 0
      vertex -89.99688871182816 79.99499999999999 82
      vertex -89.99688871182816 79.99499999999999 0
    endloop
  endfacet
  facet normal -1 0 0
    outer loop
      vertex -79.99499999999999 90 0
      vertex -79.99499999999999 89.99987530778472 0
      vertex -79.99499999999999 90 82
    endloop
  endfacet
  facet normal 0 1 0
    outer loop
      vertex -90 79.99499999999999 0
      vertex -90 79.99499999999999 82
      vertex -89.99688871182816 79.99499999999999 82
    endloop
  endfacet
  facet normal -1 0 0
    outer loop
      vertex -79.99499999999999 89.99987530778472 0
      vertex -79.99499999999999 89.99987530778472 82
      vertex -79.99499999999999 90 82
    endloop
  endfacet
  facet normal 0 -1 0
    outer loop
      vertex -90 -79.99499999999999 0
      vertex -89.99987530778472 -79.99499999999999 0
      vertex -90 -79.99499999999999 82
    endloop
  endfacet
  facet normal -1 0 0
    outer loop
      vertex -79.99499999999999 -90 0
      vertex -79.99499999999999 -89.99688871182816 82
      vertex -79.99499999999999 -89.99688871182816 0
    endloop
  endfacet
  facet normal 0 -1 0
    outer loop
      vertex -89.99987530778472 -79.99499999999999 0
      vertex -89.99987530778472 -79.99499999999999 82
      vertex -90 -79.99499999999999 82
    endloop
  endfacet
  facet normal -1 0 0
    outer loop
      vertex -79.99499999999999 -90 0
      vertex -79.99499999999999 -90 82
      vertex -79.99499999999999 -89.99688871182816 82
    endloop
  endfacet
  facet normal 1 0 0
    outer loop
      vertex 79.99499999999999 -90 0
      vertex 79.99499999999999 -89.99987530778472 0
      vertex 79.99499999999999 -90 82
    endloop
  endfacet
  facet normal 0 -1 0
    outer loop
      vertex 90 -79.99499999999999 0
      vertex 89.99688871182816 -79.99499999999999 82
      vertex 89.99688871182816 -79.99499999999999 0
    endloop
  endfacet
  facet normal 1 0 0
    outer loop
      vertex 79.99499999999999 -89.99987530778472 0
      vertex 79.99499999999999 -89.99987530778472 82
      vertex 79.99499999999999 -90 82
    endloop
  endfacet
  facet normal 0 -1 0
    outer loop
      vertex 90 -79.99499999999999 0
      vertex 90 -79.99499999999999 82
      vertex 89.99688871182816 -79.99499999999999 82
    endloop
  endfacet
  facet normal 1 0 0
    outer loop
      vertex 79.99499999999999 90 0
      vertex 79.99499999999999 89.99688871182816 82
      vertex 79.99499999999999 89.99688871182816 0
    endloop
  endfacet
  facet normal 0 1 0
    outer loop
      vertex 90 79.99499999999999 0
      vertex 89.99987530778472 79.99499999999999 0
      vertex 90 79.99499999999999 82
    endloop
  endfacet
  facet normal 1 0 0
    outer loop
      vertex 79.99499999999999 90 0
      vertex 79.99499999999999 90 82
      vertex 79.99499999999999 89.99688871182816 82
    endloop
  endfacet
  facet normal 0 1 0
    outer loop
      vertex 89.99987530778472 79.99499999999999 0
      vertex 89.99987530778472 79.99499999999999 82
      vertex 90 79.99499999999999 82
    endloop
  endfacet
  facet normal -1 0 0
    outer loop
      vertex -89.99688871182816 79.99499999999999 0
      vertex -89.99688871182816 79.99499999999999 82
      vertex -89.99688871182816 80.2395562242981 0
    endloop
  endfacet
  facet normal -0.998756921218922 0.0498458856607025 0
    outer loop
      vertex -89.99688871182816 80.2395562242981 0
      vertex -89.99688871182816 80.2395562242981 82
      vertex -89.9720100097836 80.7380482368001 0
    endloop
  endfacet
  facet normal -0.9950307753654025 0.09956784659580581 0
    outer loop
      vertex -89.9720100097836 80.7380482368001 0
      vertex -89.9720100097836 80.7380482368001 82
      vertex -89.92231445806772 81.23468048352132 0
    endloop
  endfacet
  facet normal -0.9888308262251295 0.14904226617616778 0
    outer loop
      vertex -89.92231445806772 81.23468048352132 0
      vertex -89.92231445806772 81.23468048352132 82
      vertex -89.8479256076522 81.72821825844596 0
    endloop
  endfacet
  facet normal -0.9801724878485426 0.19814614319940355 0
    outer loop
      vertex -89.8479256076522 81.72821825844596 0
      vertex -89.8479256076522 81.72821825844596 82
      vertex -89.74902840094005 82.2174345489027 0
    endloop
  endfacet
  facet normal -0.9690772862290786 0.24675739769029073 0
    outer loop
      vertex -89.74902840094005 82.2174345489027 0
      vertex -89.74902840094005 82.2174345489027 82
      vertex -89.62586871196962 82.70111308611148 0
    endloop
  endfacet
  facet normal -0.9555728057861417 0.29475517441090116 0
    outer loop
      vertex -89.62586871196962 82.70111308611148 0
      vertex -89.62586871196962 82.70111308611148 82
      vertex -89.47875273513299 83.17805136901936 0
    endloop
  endfacet
  facet normal -0.9396926207859014 0.34202014332568775 0
    outer loop
      vertex -89.47875273513299 83.17805136901936 0
      vertex -89.47875273513299 83.17805136901936 82
      vertex -89.30804622392847 83.64706365390761 0
    endloop
  endfacet
  facet normal -0.9214762118704168 0.38843479627467287 0
    outer loop
      vertex -89.30804622392847 83.64706365390761 0
      vertex -89.30804622392847 83.64706365390761 82
      vertex -89.11417358163985 84.10698390233742 0
    endloop
  endfacet
  facet normal -0.900968867902414 0.4338837391175688 0
    outer loop
      vertex -89.11417358163985 84.10698390233742 0
      vertex -89.11417358163985 84.10698390233742 82
      vertex -88.89761680620279 84.55666868010516 0
    endloop
  endfacet
  facet normal -0.8782215733702282 0.47825397862131874 0
    outer loop
      vertex -88.89761680620279 84.55666868010516 0
      vertex -88.89761680620279 84.55666868010516 82
      vertex -88.65891429188223 84.99499999999999 0
    endloop
  endfacet
  facet normal -0.8532908816321582 0.5214352033794938 0
    outer loop
      vertex -88.65891429188223 84.99499999999999 0
      vertex -88.65891429188223 84.99499999999999 82
      vertex -88.39865949073922 85.42088810129624 0
    endloop
  endfacet
  facet normal -0.8262387743159902 0.5633200580636287 0
    outer loop
      vertex -88.39865949073922 85.42088810129624 0
      vertex -88.39865949073922 85.42088810129624 82
      vertex -88.11749943721571 85.83327415907024 0
    endloop
  endfacet
  facet normal -0.7971325072229222 0.6038044103254779 0
    outer loop
      vertex -88.11749943721571 85.83327415907024 0
      vertex -88.11749943721571 85.83327415907024 82
      vertex -87.81613313950497 86.23113291660592 0
    endloop
  endfacet
  facet normal -0.7660444431189857 0.6427876096865303 0
    outer loop
      vertex -87.81613313950497 86.23113291660592 0
      vertex -87.81613313950497 86.23113291660592 82
      vertex -87.49530984170701 86.61347523434456 0
    endloop
  endfacet
  facet normal -0.7330518718298217 0.6801727377709244 0
    outer loop
      vertex -87.49530984170701 86.61347523434456 0
      vertex -87.49530984170701 86.61347523434456 82
      vertex -87.15582716108977 86.97935054904158 0
    endloop
  endfacet
  facet normal -0.6982368180860702 0.7158668492597209 0
    outer loop
      vertex -87.15582716108977 86.97935054904158 0
      vertex -87.15582716108977 86.97935054904158 82
      vertex -86.7985291050869 87.32784923701655 0
    endloop
  endfacet
  facet normal -0.6616858375968591 0.7497812029677345 0
    outer loop
      vertex -86.7985291050869 87.32784923701655 0
      vertex -86.7985291050869 87.32784923701655 82
      vertex -86.42430397296225 87.65810487562096 0
    endloop
  endfacet
  facet normal -0.6234898018587356 0.781831482468028 0
    outer loop
      vertex -86.42430397296225 87.65810487562096 0
      vertex -86.42430397296225 87.65810487562096 82
      vertex -86.03408214735802 87.96929639730145 0
    endloop
  endfacet
  facet normal -0.583743672234794 0.8119380057158536 0
    outer loop
      vertex -86.03408214735802 87.96929639730145 0
      vertex -86.03408214735802 87.96929639730145 82
      vertex -85.62883378121685 88.2606501309031 0
    endloop
  endfacet
  facet normal -0.5425462638657653 0.8400259231507675 0
    outer loop
      vertex -85.62883378121685 88.2606501309031 0
      vertex -85.62883378121685 88.2606501309031 82
      vertex -85.20956638582877 88.53144172513788 0
    endloop
  endfacet
  facet normal -0.49999999999999833 0.8660254037844397 0
    outer loop
      vertex -85.20956638582877 88.53144172513788 0
      vertex -85.20956638582877 88.53144172513788 82
      vertex -84.77732232599939 88.78099794943599 0
    endloop
  endfacet
  facet normal -0.4562106573531504 0.8898718088114751 0
    outer loop
      vertex -84.77732232599939 88.78099794943599 0
      vertex -84.77732232599939 88.78099794943599 82
      vertex -84.33317622856676 89.0086983677032 0
    endloop
  endfacet
  facet normal -0.41128710313061156 0.9115058523116732 0
    outer loop
      vertex -84.33317622856676 89.0086983677032 0
      vertex -84.33317622856676 89.0086983677032 82
      vertex -83.87823231070969 89.21397688082277 0
    endloop
  endfacet
  facet normal -0.36534102436639837 0.930873748644203 0
    outer loop
      vertex -83.87823231070969 89.21397688082277 0
      vertex -83.87823231070969 89.21397688082277 82
      vertex -83.41362163468995 89.39632313406693 0
    endloop
  endfacet
  facet normal -0.31848665025167805 0.9479273461671338 0
    outer loop
      vertex -83.41362163468995 89.39632313406693 0
      vertex -83.41362163468995 89.39632313406693 82
      vertex -82.94049929585314 89.55528378591926 0
    endloop
  endfacet
  facet normal -0.2708404681430189 0.9626242469500083 0
    outer loop
      vertex -82.94049929585314 89.55528378591926 0
      vertex -82.94049929585314 89.55528378591926 82
      vertex -82.46004155087984 89.69046363515307 0
    endloop
  endfacet
  facet normal -0.2225209339563262 0.9749279121818208 0
    outer loop
      vertex -82.46004155087984 89.69046363515307 0
      vertex -82.46004155087984 89.69046363515307 82
      vertex -81.97344289342597 89.80152660336393 0
    endloop
  endfacet
  facet normal -0.1736481776669095 0.9848077530122118 0
    outer loop
      vertex -81.97344289342597 89.80152660336393 0
      vertex -81.97344289342597 89.80152660336393 82
      vertex -81.4819130844235 89.88819657051353 0
    endloop
  endfacet
  facet normal -0.12434370464749755 0.9922392066001706 0
    outer loop
      vertex -81.4819130844235 89.88819657051353 0
      vertex -81.4819130844235 89.88819657051353 82
      vertex -80.98667414442411 89.95025806140767 0
    endloop
  endfacet
  facet normal -0.07473009358642176 0.9972037971811804 0
    outer loop
      vertex -80.98667414442411 89.95025806140767 0
      vertex -80.98667414442411 89.95025806140767 82
      vertex -80.48895731546358 89.98755678140141 0
    endloop
  endfacet
  facet normal -0.02493069173807014 0.9996891820008164 0
    outer loop
      vertex -80.48895731546358 89.98755678140141 0
      vertex -80.48895731546358 89.98755678140141 82
      vertex -79.99499999999999 89.99987530778472 0
    endloop
  endfacet
  facet normal -1 0 0
    outer loop
      vertex -89.99688871182816 80.2395562242981 0
      vertex -89.99688871182816 79.99499999999999 82
      vertex -89.99688871182816 80.2395562242981 82
    endloop
  endfacet
  facet normal -0.998756921218922 0.0498458856607025 0
    outer loop
      vertex -89.9720100097836 80.7380482368001 0
      vertex -89.99688871182816 80.2395562242981 82
      vertex -89.9720100097836 80.7380482368001 82
    endloop
  endfacet
  facet normal -0.9950307753654025 0.09956784659580581 0
    outer loop
      vertex -89.92231445806772 81.23468048352132 0
      vertex -89.9720100097836 80.7380482368001 82
      vertex -89.92231445806772 81.23468048352132 82
    endloop
  endfacet
  facet normal -0.9888308262251295 0.14904226617616778 0
    outer loop
      vertex -89.8479256076522 81.72821825844596 0
      vertex -89.92231445806772 81.23468048352132 82
      vertex -89.8479256076522 81.72821825844596 82
    endloop
  endfacet
  facet normal -0.9801724878485426 0.19814614319940355 0
    outer loop
      vertex -89.74902840094005 82.2174345489027 0
      vertex -89.8479256076522 81.72821825844596 82
      vertex -89.74902840094005 82.2174345489027 82
    endloop
  endfacet
  facet normal -0.9690772862290786 0.24675739769029073 0
    outer loop
      vertex -89.62586871196962 82.70111308611148 0
      vertex -89.74902840094005 82.2174345489027 82
      vertex -89.62586871196962 82.70111308611148 82
    endloop
  endfacet
  facet normal -0.9555728057861417 0.29475517441090116 0
    outer loop
      vertex -89.47875273513299 83.17805136901936 0
      vertex -89.62586871196962 82.70111308611148 82
      vertex -89.47875273513299 83.17805136901936 82
    endloop
  endfacet
  facet normal -0.9396926207859014 0.34202014332568775 0
    outer loop
      vertex -89.30804622392847 83.64706365390761 0
      vertex -89.47875273513299 83.17805136901936 82
      vertex -89.30804622392847 83.64706365390761 82
    endloop
  endfacet
  facet normal -0.9214762118704168 0.38843479627467287 0
    outer loop
      vertex -89.11417358163985 84.10698390233742 0
      vertex -89.30804622392847 83.64706365390761 82
      vertex -89.11417358163985 84.10698390233742 82
    endloop
  endfacet
  facet normal -0.900968867902414 0.4338837391175688 0
    outer loop
      vertex -88.89761680620279 84.55666868010516 0
      vertex -89.11417358163985 84.10698390233742 82
      vertex -88.89761680620279 84.55666868010516 82
    endloop
  endfacet
  facet normal -0.8782215733702282 0.47825397862131874 0
    outer loop
      vertex -88.65891429188223 84.99499999999999 0
      vertex -88.89761680620279 84.55666868010516 82
      vertex -88.65891429188223 84.99499999999999 82
    endloop
  endfacet
  facet normal -0.8532908816321582 0.5214352033794938 0
    outer loop
      vertex -88.39865949073922 85.42088810129624 0
      vertex -88.65891429188223 84.99499999999999 82
      vertex -88.39865949073922 85.42088810129624 82
    endloop
  endfacet
  facet normal -0.8262387743159902 0.5633200580636287 0
    outer loop
      vertex -88.11749943721571 85.83327415907024 0
      vertex -88.39865949073922 85.42088810129624 82
      vertex -88.11749943721571 85.83327415907024 82
    endloop
  endfacet
  facet normal -0.7971325072229222 0.6038044103254779 0
    outer loop
      vertex -87.81613313950497 86.23113291660592 0
      vertex -88.11749943721571 85.83327415907024 82
      vertex -87.81613313950497 86.23113291660592 82
    endloop
  endfacet
  facet normal -0.7660444431189857 0.6427876096865303 0
    outer loop
      vertex -87.49530984170701 86.61347523434456 0
      vertex -87.81613313950497 86.23113291660592 82
      vertex -87.49530984170701 86.61347523434456 82
    endloop
  endfacet
  facet normal -0.7330518718298217 0.6801727377709244 0
    outer loop
      vertex -87.15582716108977 86.97935054904158 0
      vertex -87.49530984170701 86.61347523434456 82
      vertex -87.15582716108977 86.97935054904158 82
    endloop
  endfacet
  facet normal -0.6982368180860702 0.7158668492597209 0
    outer loop
      vertex -86.7985291050869 87.32784923701655 0
      vertex -87.15582716108977 86.97935054904158 82
      vertex -86.7985291050869 87.32784923701655 82
    endloop
  endfacet
  facet normal -0.6616858375968591 0.7497812029677345 0
    outer loop
      vertex -86.42430397296225 87.65810487562096 0
      vertex -86.7985291050869 87.32784923701655 82
      vertex -86.42430397296225 87.65810487562096 82
    endloop
  endfacet
  facet normal -0.6234898018587356 0.781831482468028 0
    outer loop
      vertex -86.03408214735802 87.96929639730145 0
      vertex -86.42430397296225 87.65810487562096 82
      vertex -86.03408214735802 87.96929639730145 82
    endloop
  endfacet
  facet normal -0.583743672234794 0.8119380057158536 0
    outer loop
      vertex -85.62883378121685 88.2606501309031 0
      vertex -86.03408214735802 87.96929639730145 82
      vertex -85.62883378121685 88.2606501309031 82
    endloop
  endfacet
  facet normal -0.5425462638657653 0.8400259231507675 0
    outer loop
      vertex -85.20956638582877 88.53144172513788 0
      vertex -85.62883378121685 88.2606501309031 82
      vertex -85.20956638582877 88.53144172513788 82
    endloop
  endfacet
  facet normal -0.49999999999999833 0.8660254037844397 0
    outer loop
      vertex -84.77732232599939 88.78099794943599 0
      vertex -85.20956638582877 88.53144172513788 82
      vertex -84.77732232599939 88.78099794943599 82
    endloop
  endfacet
  facet normal -0.4562106573531504 0.8898718088114751 0
    outer loop
      vertex -84.33317622856676 89.0086983677032 0
      vertex -84.77732232599939 88.78099794943599 82
      vertex -84.33317622856676 89.0086983677032 82
    endloop
  endfacet
  facet normal -0.41128710313061156 0.9115058523116732 0
    outer loop
      vertex -83.87823231070969 89.21397688082277 0
      vertex -84.33317622856676 89.0086983677032 82
      vertex -83.87823231070969 89.21397688082277 82
    endloop
  endfacet
  facet normal -0.36534102436639837 0.930873748644203 0
    outer loop
      vertex -83.41362163468995 89.39632313406693 0
      vertex -83.87823231070969 89.21397688082277 82
      vertex -83.41362163468995 89.39632313406693 82
    endloop
  endfacet
  facet normal -0.31848665025167805 0.9479273461671338 0
    outer loop
      vertex -82.94049929585314 89.55528378591926 0
      vertex -83.41362163468995 89.39632313406693 82
      vertex -82.94049929585314 89.55528378591926 82
    endloop
  endfacet
  facet normal -0.2708404681430189 0.9626242469500083 0
    outer loop
      vertex -82.46004155087984 89.69046363515307 0
      vertex -82.94049929585314 89.55528378591926 82
      vertex -82.46004155087984 89.69046363515307 82
    endloop
  endfacet
  facet normal -0.2225209339563262 0.9749279121818208 0
    outer loop
      vertex -81.97344289342597 89.80152660336393 0
      vertex -82.46004155087984 89.69046363515307 82
      vertex -81.97344289342597 89.80152660336393 82
    endloop
  endfacet
  facet normal -0.1736481776669095 0.9848077530122118 0
    outer loop
      vertex -81.4819130844235 89.88819657051353 0
      vertex -81.97344289342597 89.80152660336393 82
      vertex -81.4819130844235 89.88819657051353 82
    endloop
  endfacet
  facet normal -0.12434370464749755 0.9922392066001706 0
    outer loop
      vertex -80.98667414442411 89.95025806140767 0
      vertex -81.4819130844235 89.88819657051353 82
      vertex -80.98667414442411 89.95025806140767 82
    endloop
  endfacet
  facet normal -0.07473009358642176 0.9972037971811804 0
    outer loop
      vertex -80.48895731546358 89.98755678140141 0
      vertex -80.98667414442411 89.95025806140767 82
      vertex -80.48895731546358 89.98755678140141 82
    endloop
  endfacet
  facet normal -0.02493069173807014 0.9996891820008164 0
    outer loop
      vertex -79.99499999999999 89.99987530778472 0
      vertex -80.48895731546358 89.98755678140141 82
      vertex -79.99499999999999 89.99987530778472 82
    endloop
  endfacet
  facet normal -0.8660254037844397 -0.49999999999999833 0
    outer loop
      vertex -88.78099794943599 -84.77732232599939 0
      vertex -88.53144172513788 -85.20956638582877 0
      vertex -88.53144172513788 -85.20956638582877 82
    endloop
  endfacet
  facet normal -0.8898718088114751 -0.4562106573531504 0
    outer loop
      vertex -88.78099794943599 -84.77732232599939 0
      vertex -88.78099794943599 -84.77732232599939 82
      vertex -89.0086983677032 -84.33317622856676 0
    endloop
  endfacet
  facet normal -0.8119380057158536 -0.583743672234794 0
    outer loop
      vertex -87.96929639730145 -86.03408214735802 0
      vertex -87.96929639730145 -86.03408214735802 82
      vertex -88.2606501309031 -85.62883378121685 0
    endloop
  endfacet
  facet normal -0.7497812029677345 -0.6616858375968591 0
    outer loop
      vertex -87.32784923701655 -86.7985291050869 0
      vertex -87.32784923701655 -86.7985291050869 82
      vertex -87.65810487562096 -86.42430397296225 0
    endloop
  endfacet
  facet normal -0.781831482468028 -0.6234898018587356 0
    outer loop
      vertex -87.96929639730145 -86.03408214735802 0
      vertex -87.65810487562096 -86.42430397296225 0
      vertex -87.65810487562096 -86.42430397296225 82
    endloop
  endfacet
  facet normal -0.8400259231507675 -0.5425462638657653 0
    outer loop
      vertex -88.2606501309031 -85.62883378121685 0
      vertex -88.2606501309031 -85.62883378121685 82
      vertex -88.53144172513788 -85.20956638582877 0
    endloop
  endfacet
  facet normal -0.6801727377709244 -0.7330518718298217 0
    outer loop
      vertex -86.61347523434456 -87.49530984170701 0
      vertex -86.61347523434456 -87.49530984170701 82
      vertex -86.97935054904158 -87.15582716108977 0
    endloop
  endfacet
  facet normal -0.6038044103254779 -0.7971325072229222 0
    outer loop
      vertex -85.83327415907024 -88.11749943721571 0
      vertex -85.83327415907024 -88.11749943721571 82
      vertex -86.23113291660592 -87.81613313950497 0
    endloop
  endfacet
  facet normal -0.6427876096865303 -0.7660444431189857 0
    outer loop
      vertex -86.61347523434456 -87.49530984170701 0
      vertex -86.23113291660592 -87.81613313950497 0
      vertex -86.23113291660592 -87.81613313950497 82
    endloop
  endfacet
  facet normal -0.47825397862131874 -0.8782215733702282 0
    outer loop
      vertex -84.99499999999999 -88.65891429188223 0
      vertex -84.55666868010516 -88.89761680620279 0
      vertex -84.55666868010516 -88.89761680620279 82
    endloop
  endfacet
  facet normal -0.5633200580636287 -0.8262387743159902 0
    outer loop
      vertex -85.83327415907024 -88.11749943721571 0
      vertex -85.42088810129624 -88.39865949073922 0
      vertex -85.42088810129624 -88.39865949073922 82
    endloop
  endfacet
  facet normal -0.5214352033794938 -0.8532908816321582 0
    outer loop
      vertex -84.99499999999999 -88.65891429188223 0
      vertex -84.99499999999999 -88.65891429188223 82
      vertex -85.42088810129624 -88.39865949073922 0
    endloop
  endfacet
  facet normal -0.7158668492597209 -0.6982368180860702 0
    outer loop
      vertex -87.32784923701655 -86.7985291050869 0
      vertex -86.97935054904158 -87.15582716108977 0
      vertex -86.97935054904158 -87.15582716108977 82
    endloop
  endfacet
  facet normal -0.9479273461671338 -0.31848665025167805 0
    outer loop
      vertex -89.39632313406693 -83.41362163468995 0
      vertex -89.39632313406693 -83.41362163468995 82
      vertex -89.55528378591926 -82.94049929585314 0
    endloop
  endfacet
  facet normal -0.9115058523116732 -0.41128710313061156 0
    outer loop
      vertex -89.0086983677032 -84.33317622856676 0
      vertex -89.0086983677032 -84.33317622856676 82
      vertex -89.21397688082277 -83.87823231070969 0
    endloop
  endfacet
  facet normal -0.930873748644203 -0.36534102436639837 0
    outer loop
      vertex -89.39632313406693 -83.41362163468995 0
      vertex -89.21397688082277 -83.87823231070969 0
      vertex -89.21397688082277 -83.87823231070969 82
    endloop
  endfacet
  facet normal -0.9749279121818208 -0.2225209339563262 0
    outer loop
      vertex -89.69046363515307 -82.46004155087984 0
      vertex -89.69046363515307 -82.46004155087984 82
      vertex -89.80152660336393 -81.97344289342597 0
    endloop
  endfacet
  facet normal -0.9626242469500083 -0.2708404681430189 0
    outer loop
      vertex -89.69046363515307 -82.46004155087984 0
      vertex -89.55528378591926 -82.94049929585314 0
      vertex -89.55528378591926 -82.94049929585314 82
    endloop
  endfacet
  facet normal -0.9848077530122118 -0.1736481776669095 0
    outer loop
      vertex -89.80152660336393 -81.97344289342597 0
      vertex -89.80152660336393 -81.97344289342597 82
      vertex -89.88819657051353 -81.4819130844235 0
    endloop
  endfacet
  facet normal -0.9922392066001706 -0.12434370464749755 0
    outer loop
      vertex -89.88819657051353 -81.4819130844235 0
      vertex -89.88819657051353 -81.4819130844235 82
      vertex -89.95025806140767 -80.98667414442411 0
    endloop
  endfacet
  facet normal -0.9972037971811804 -0.07473009358642176 0
    outer loop
      vertex -89.95025806140767 -80.98667414442411 0
      vertex -89.95025806140767 -80.98667414442411 82
      vertex -89.98755678140141 -80.48895731546358 0
    endloop
  endfacet
  facet normal -0.9996891820008164 -0.02493069173807014 0
    outer loop
      vertex -89.98755678140141 -80.48895731546358 0
      vertex -89.98755678140141 -80.48895731546358 82
      vertex -89.99987530778472 -79.99499999999999 0
    endloop
  endfacet
  facet normal -0.4338837391175688 -0.900968867902414 0
    outer loop
      vertex -84.55666868010516 -88.89761680620279 0
      vertex -84.10698390233742 -89.11417358163985 0
      vertex -84.10698390233742 -89.11417358163985 82
    endloop
  endfacet
  facet normal -0.38843479627467287 -0.9214762118704168 0
    outer loop
      vertex -84.10698390233742 -89.11417358163985 0
      vertex -83.64706365390761 -89.30804622392847 0
      vertex -83.64706365390761 -89.30804622392847 82
    endloop
  endfacet
  facet normal -0.34202014332568775 -0.9396926207859014 0
    outer loop
      vertex -83.64706365390761 -89.30804622392847 0
      vertex -83.17805136901936 -89.47875273513299 0
      vertex -83.17805136901936 -89.47875273513299 82
    endloop
  endfacet
  facet normal -0.29475517441090116 -0.9555728057861417 0
    outer loop
      vertex -83.17805136901936 -89.47875273513299 0
      vertex -82.70111308611148 -89.62586871196962 0
      vertex -82.70111308611148 -89.62586871196962 82
    endloop
  endfacet
  facet normal -0.24675739769029073 -0.9690772862290786 0
    outer loop
      vertex -82.70111308611148 -89.62586871196962 0
      vertex -82.2174345489027 -89.74902840094005 0
      vertex -82.2174345489027 -89.74902840094005 82
    endloop
  endfacet
  facet normal -0.19814614319940355 -0.9801724878485426 0
    outer loop
      vertex -82.2174345489027 -89.74902840094005 0
      vertex -81.72821825844596 -89.8479256076522 0
      vertex -81.72821825844596 -89.8479256076522 82
    endloop
  endfacet
  facet normal -0.14904226617616778 -0.9888308262251295 0
    outer loop
      vertex -81.72821825844596 -89.8479256076522 0
      vertex -81.23468048352132 -89.92231445806772 0
      vertex -81.23468048352132 -89.92231445806772 82
    endloop
  endfacet
  facet normal -0.09956784659580581 -0.9950307753654025 0
    outer loop
      vertex -81.23468048352132 -89.92231445806772 0
      vertex -80.7380482368001 -89.9720100097836 0
      vertex -80.7380482368001 -89.9720100097836 82
    endloop
  endfacet
  facet normal -0.0498458856607025 -0.998756921218922 0
    outer loop
      vertex -80.7380482368001 -89.9720100097836 0
      vertex -80.2395562242981 -89.99688871182816 0
      vertex -80.2395562242981 -89.99688871182816 82
    endloop
  endfacet
  facet normal 0 -1 0
    outer loop
      vertex -80.2395562242981 -89.99688871182816 0
      vertex -79.99499999999999 -89.99688871182816 0
      vertex -79.99499999999999 -89.99688871182816 82
    endloop
  endfacet
  facet normal -0.8660254037844397 -0.49999999999999833 0
    outer loop
      vertex -88.78099794943599 -84.77732232599939 0
      vertex -88.53144172513788 -85.20956638582877 82
      vertex -88.78099794943599 -84.77732232599939 82
    endloop
  endfacet
  facet normal -0.8898718088114751 -0.4562106573531504 0
    outer loop
      vertex -89.0086983677032 -84.33317622856676 0
      vertex -88.78099794943599 -84.77732232599939 82
      vertex -89.0086983677032 -84.33317622856676 82
    endloop
  endfacet
  facet normal -0.7497812029677345 -0.6616858375968591 0
    outer loop
      vertex -87.65810487562096 -86.42430397296225 0
      vertex -87.32784923701655 -86.7985291050869 82
      vertex -87.65810487562096 -86.42430397296225 82
    endloop
  endfacet
  facet normal -0.7158668492597209 -0.6982368180860702 0
    outer loop
      vertex -87.32784923701655 -86.7985291050869 0
      vertex -86.97935054904158 -87.15582716108977 82
      vertex -87.32784923701655 -86.7985291050869 82
    endloop
  endfacet
  facet normal -0.781831482468028 -0.6234898018587356 0
    outer loop
      vertex -87.96929639730145 -86.03408214735802 0
      vertex -87.65810487562096 -86.42430397296225 82
      vertex -87.96929639730145 -86.03408214735802 82
    endloop
  endfacet
  facet normal -0.8400259231507675 -0.5425462638657653 0
    outer loop
      vertex -88.53144172513788 -85.20956638582877 0
      vertex -88.2606501309031 -85.62883378121685 82
      vertex -88.53144172513788 -85.20956638582877 82
    endloop
  endfacet
  facet normal -0.8119380057158536 -0.583743672234794 0
    outer loop
      vertex -88.2606501309031 -85.62883378121685 0
      vertex -87.96929639730145 -86.03408214735802 82
      vertex -88.2606501309031 -85.62883378121685 82
    endloop
  endfacet
  facet normal -0.6801727377709244 -0.7330518718298217 0
    outer loop
      vertex -86.97935054904158 -87.15582716108977 0
      vertex -86.61347523434456 -87.49530984170701 82
      vertex -86.97935054904158 -87.15582716108977 82
    endloop
  endfacet
  facet normal -0.6427876096865303 -0.7660444431189857 0
    outer loop
      vertex -86.61347523434456 -87.49530984170701 0
      vertex -86.23113291660592 -87.81613313950497 82
      vertex -86.61347523434456 -87.49530984170701 82
    endloop
  endfacet
  facet normal -0.6038044103254779 -0.7971325072229222 0
    outer loop
      vertex -86.23113291660592 -87.81613313950497 0
      vertex -85.83327415907024 -88.11749943721571 82
      vertex -86.23113291660592 -87.81613313950497 82
    endloop
  endfacet
  facet normal -0.47825397862131874 -0.8782215733702282 0
    outer loop
      vertex -84.99499999999999 -88.65891429188223 0
      vertex -84.55666868010516 -88.89761680620279 82
      vertex -84.99499999999999 -88.65891429188223 82
    endloop
  endfacet
  facet normal -0.4338837391175688 -0.900968867902414 0
    outer loop
      vertex -84.55666868010516 -88.89761680620279 0
      vertex -84.10698390233742 -89.11417358163985 82
      vertex -84.55666868010516 -88.89761680620279 82
    endloop
  endfacet
  facet normal -0.5633200580636287 -0.8262387743159902 0
    outer loop
      vertex -85.83327415907024 -88.11749943721571 0
      vertex -85.42088810129624 -88.39865949073922 82
      vertex -85.83327415907024 -88.11749943721571 82
    endloop
  endfacet
  facet normal -0.5214352033794938 -0.8532908816321582 0
    outer loop
      vertex -85.42088810129624 -88.39865949073922 0
      vertex -84.99499999999999 -88.65891429188223 82
      vertex -85.42088810129624 -88.39865949073922 82
    endloop
  endfacet
  facet normal -0.930873748644203 -0.36534102436639837 0
    outer loop
      vertex -89.39632313406693 -83.41362163468995 0
      vertex -89.21397688082277 -83.87823231070969 82
      vertex -89.39632313406693 -83.41362163468995 82
    endloop
  endfacet
  facet normal -0.9479273461671338 -0.31848665025167805 0
    outer loop
      vertex -89.55528378591926 -82.94049929585314 0
      vertex -89.39632313406693 -83.41362163468995 82
      vertex -89.55528378591926 -82.94049929585314 82
    endloop
  endfacet
  facet normal -0.9115058523116732 -0.41128710313061156 0
    outer loop
      vertex -89.21397688082277 -83.87823231070969 0
      vertex -89.0086983677032 -84.33317622856676 82
      vertex -89.21397688082277 -83.87823231070969 82
    endloop
  endfacet
  facet normal -0.9626242469500083 -0.2708404681430189 0
    outer loop
      vertex -89.69046363515307 -82.46004155087984 0
      vertex -89.55528378591926 -82.94049929585314 82
      vertex -89.69046363515307 -82.46004155087984 82
    endloop
  endfacet
  facet normal -0.9749279121818208 -0.2225209339563262 0
    outer loop
      vertex -89.80152660336393 -81.97344289342597 0
      vertex -89.69046363515307 -82.46004155087984 82
      vertex -89.80152660336393 -81.97344289342597 82
    endloop
  endfacet
  facet normal -0.9848077530122118 -0.1736481776669095 0
    outer loop
      vertex -89.88819657051353 -81.4819130844235 0
      vertex -89.80152660336393 -81.97344289342597 82
      vertex -89.88819657051353 -81.4819130844235 82
    endloop
  endfacet
  facet normal -0.9922392066001706 -0.12434370464749755 0
    outer loop
      vertex -89.95025806140767 -80.98667414442411 0
      vertex -89.88819657051353 -81.4819130844235 82
      vertex -89.95025806140767 -80.98667414442411 82
    endloop
  endfacet
  facet normal -0.9972037971811804 -0.07473009358642176 0
    outer loop
      vertex -89.98755678140141 -80.48895731546358 0
      vertex -89.95025806140767 -80.98667414442411 82
      vertex -89.98755678140141 -80.48895731546358 82
    endloop
  endfacet
  facet normal -0.9996891820008164 -0.02493069173807014 0
    outer loop
      vertex -89.99987530778472 -79.99499999999999 0
      vertex -89.98755678140141 -80.48895731546358 82
      vertex -89.99987530778472 -79.99499999999999 82
    endloop
  endfacet
  facet normal -0.38843479627467287 -0.9214762118704168 0
    outer loop
      vertex -84.10698390233742 -89.11417358163985 0
      vertex -83.64706365390761 -89.30804622392847 82
      vertex -84.10698390233742 -89.11417358163985 82
    endloop
  endfacet
  facet normal -0.34202014332568775 -0.9396926207859014 0
    outer loop
      vertex -83.64706365390761 -89.30804622392847 0
      vertex -83.17805136901936 -89.47875273513299 82
      vertex -83.64706365390761 -89.30804622392847 82
    endloop
  endfacet
  facet normal -0.29475517441090116 -0.9555728057861417 0
    outer loop
      vertex -83.17805136901936 -89.47875273513299 0
      vertex -82.70111308611148 -89.62586871196962 82
      vertex -83.17805136901936 -89.47875273513299 82
    endloop
  endfacet
  facet normal -0.24675739769029073 -0.9690772862290786 0
    outer loop
      vertex -82.70111308611148 -89.62586871196962 0
      vertex -82.2174345489027 -89.74902840094005 82
      vertex -82.70111308611148 -89.62586871196962 82
    endloop
  endfacet
  facet normal -0.19814614319940355 -0.9801724878485426 0
    outer loop
      vertex -82.2174345489027 -89.74902840094005 0
      vertex -81.72821825844596 -89.8479256076522 82
      vertex -82.2174345489027 -89.74902840094005 82
    endloop
  endfacet
  facet normal -0.14904226617616778 -0.9888308262251295 0
    outer loop
      vertex -81.72821825844596 -89.8479256076522 0
      vertex -81.23468048352132 -89.92231445806772 82
      vertex -81.72821825844596 -89.8479256076522 82
    endloop
  endfacet
  facet normal -0.09956784659580581 -0.9950307753654025 0
    outer loop
      vertex -81.23468048352132 -89.92231445806772 0
      vertex -80.7380482368001 -89.9720100097836 82
      vertex -81.23468048352132 -89.92231445806772 82
    endloop
  endfacet
  facet normal -0.0498458856607025 -0.998756921218922 0
    outer loop
      vertex -80.7380482368001 -89.9720100097836 0
      vertex -80.2395562242981 -89.99688871182816 82
      vertex -80.7380482368001 -89.9720100097836 82
    endloop
  endfacet
  facet normal 0 -1 0
    outer loop
      vertex -80.2395562242981 -89.99688871182816 0
      vertex -79.99499999999999 -89.99688871182816 82
      vertex -80.2395562242981 -89.99688871182816 82
    endloop
  endfacet
  facet normal 0.02493069173807014 -0.9996891820008164 0
    outer loop
      vertex 79.99499999999999 -89.99987530778472 0
      vertex 80.48895731546358 -89.98755678140141 0
      vertex 80.48895731546358 -89.98755678140141 82
    endloop
  endfacet
  facet normal 0.07473009358642176 -0.9972037971811804 0
    outer loop
      vertex 80.48895731546358 -89.98755678140141 0
      vertex 80.98667414442411 -89.95025806140767 0
      vertex 80.98667414442411 -89.95025806140767 82
    endloop
  endfacet
  facet normal 0.12434370464749755 -0.9922392066001706 0
    outer loop
      vertex 80.98667414442411 -89.95025806140767 0
      vertex 81.4819130844235 -89.88819657051353 0
      vertex 81.4819130844235 -89.88819657051353 82
    endloop
  endfacet
  facet normal 0.1736481776669095 -0.9848077530122118 0
    outer loop
      vertex 81.4819130844235 -89.88819657051353 0
      vertex 81.97344289342597 -89.80152660336393 0
      vertex 81.97344289342597 -89.80152660336393 82
    endloop
  endfacet
  facet normal 0.2225209339563262 -0.9749279121818208 0
    outer loop
      vertex 81.97344289342597 -89.80152660336393 0
      vertex 82.46004155087984 -89.69046363515307 0
      vertex 82.46004155087984 -89.69046363515307 82
    endloop
  endfacet
  facet normal 0.2708404681430189 -0.9626242469500083 0
    outer loop
      vertex 82.46004155087984 -89.69046363515307 0
      vertex 82.94049929585314 -89.55528378591926 0
      vertex 82.94049929585314 -89.55528378591926 82
    endloop
  endfacet
  facet normal 0.31848665025167805 -0.9479273461671338 0
    outer loop
      vertex 82.94049929585314 -89.55528378591926 0
      vertex 83.41362163468995 -89.39632313406693 0
      vertex 83.41362163468995 -89.39632313406693 82
    endloop
  endfacet
  facet normal 0.36534102436639837 -0.930873748644203 0
    outer loop
      vertex 83.41362163468995 -89.39632313406693 0
      vertex 83.87823231070969 -89.21397688082277 0
      vertex 83.87823231070969 -89.21397688082277 82
    endloop
  endfacet
  facet normal 0.41128710313061156 -0.9115058523116732 0
    outer loop
      vertex 83.87823231070969 -89.21397688082277 0
      vertex 84.33317622856676 -89.0086983677032 0
      vertex 84.33317622856676 -89.0086983677032 82
    endloop
  endfacet
  facet normal 0.4562106573531504 -0.8898718088114751 0
    outer loop
      vertex 84.33317622856676 -89.0086983677032 0
      vertex 84.77732232599939 -88.78099794943599 0
      vertex 84.77732232599939 -88.78099794943599 82
    endloop
  endfacet
  facet normal 0.49999999999999833 -0.8660254037844397 0
    outer loop
      vertex 84.77732232599939 -88.78099794943599 0
      vertex 85.20956638582877 -88.53144172513788 0
      vertex 85.20956638582877 -88.53144172513788 82
    endloop
  endfacet
  facet normal 0.5425462638657653 -0.8400259231507675 0
    outer loop
      vertex 85.20956638582877 -88.53144172513788 0
      vertex 85.62883378121685 -88.2606501309031 0
      vertex 85.62883378121685 -88.2606501309031 82
    endloop
  endfacet
  facet normal 0.583743672234794 -0.8119380057158536 0
    outer loop
      vertex 85.62883378121685 -88.2606501309031 0
      vertex 86.03408214735802 -87.96929639730145 0
      vertex 86.03408214735802 -87.96929639730145 82
    endloop
  endfacet
  facet normal 0.6234898018587356 -0.781831482468028 0
    outer loop
      vertex 86.03408214735802 -87.96929639730145 0
      vertex 86.42430397296225 -87.65810487562096 0
      vertex 86.42430397296225 -87.65810487562096 82
    endloop
  endfacet
  facet normal 0.6616858375968591 -0.7497812029677345 0
    outer loop
      vertex 86.42430397296225 -87.65810487562096 0
      vertex 86.7985291050869 -87.32784923701655 0
      vertex 86.7985291050869 -87.32784923701655 82
    endloop
  endfacet
  facet normal 0.6982368180860702 -0.7158668492597209 0
    outer loop
      vertex 86.7985291050869 -87.32784923701655 0
      vertex 87.15582716108977 -86.97935054904158 0
      vertex 87.15582716108977 -86.97935054904158 82
    endloop
  endfacet
  facet normal 0.7330518718298217 -0.6801727377709244 0
    outer loop
      vertex 87.15582716108977 -86.97935054904158 0
      vertex 87.49530984170701 -86.61347523434456 0
      vertex 87.49530984170701 -86.61347523434456 82
    endloop
  endfacet
  facet normal 0.7660444431189857 -0.6427876096865303 0
    outer loop
      vertex 87.49530984170701 -86.61347523434456 0
      vertex 87.81613313950497 -86.23113291660592 0
      vertex 87.81613313950497 -86.23113291660592 82
    endloop
  endfacet
  facet normal 0.7971325072229222 -0.6038044103254779 0
    outer loop
      vertex 87.81613313950497 -86.23113291660592 0
      vertex 88.11749943721571 -85.83327415907024 0
      vertex 88.11749943721571 -85.83327415907024 82
    endloop
  endfacet
  facet normal 0.8262387743159902 -0.5633200580636287 0
    outer loop
      vertex 88.11749943721571 -85.83327415907024 0
      vertex 88.39865949073922 -85.42088810129624 0
      vertex 88.39865949073922 -85.42088810129624 82
    endloop
  endfacet
  facet normal 0.8532908816321582 -0.5214352033794938 0
    outer loop
      vertex 88.39865949073922 -85.42088810129624 0
      vertex 88.65891429188223 -84.99499999999999 0
      vertex 88.65891429188223 -84.99499999999999 82
    endloop
  endfacet
  facet normal 0.8782215733702282 -0.47825397862131874 0
    outer loop
      vertex 88.65891429188223 -84.99499999999999 0
      vertex 88.89761680620279 -84.55666868010516 0
      vertex 88.89761680620279 -84.55666868010516 82
    endloop
  endfacet
  facet normal 0.900968867902414 -0.4338837391175688 0
    outer loop
      vertex 88.89761680620279 -84.55666868010516 0
      vertex 89.11417358163985 -84.10698390233742 0
      vertex 89.11417358163985 -84.10698390233742 82
    endloop
  endfacet
  facet normal 0.9214762118704168 -0.38843479627467287 0
    outer loop
      vertex 89.11417358163985 -84.10698390233742 0
      vertex 89.30804622392847 -83.64706365390761 0
      vertex 89.30804622392847 -83.64706365390761 82
    endloop
  endfacet
  facet normal 0.9396926207859014 -0.34202014332568775 0
    outer loop
      vertex 89.30804622392847 -83.64706365390761 0
      vertex 89.47875273513299 -83.17805136901936 0
      vertex 89.47875273513299 -83.17805136901936 82
    endloop
  endfacet
  facet normal 0.9555728057861417 -0.29475517441090116 0
    outer loop
      vertex 89.47875273513299 -83.17805136901936 0
      vertex 89.62586871196962 -82.70111308611148 0
      vertex 89.62586871196962 -82.70111308611148 82
    endloop
  endfacet
  facet normal 0.9690772862290786 -0.24675739769029073 0
    outer loop
      vertex 89.62586871196962 -82.70111308611148 0
      vertex 89.74902840094005 -82.2174345489027 0
      vertex 89.74902840094005 -82.2174345489027 82
    endloop
  endfacet
  facet normal 0.9801724878485426 -0.19814614319940355 0
    outer loop
      vertex 89.74902840094005 -82.2174345489027 0
      vertex 89.8479256076522 -81.72821825844596 0
      vertex 89.8479256076522 -81.72821825844596 82
    endloop
  endfacet
  facet normal 0.9888308262251295 -0.14904226617616778 0
    outer loop
      vertex 89.8479256076522 -81.72821825844596 0
      vertex 89.92231445806772 -81.23468048352132 0
      vertex 89.92231445806772 -81.23468048352132 82
    endloop
  endfacet
  facet normal 0.9950307753654025 -0.09956784659580581 0
    outer loop
      vertex 89.92231445806772 -81.23468048352132 0
      vertex 89.9720100097836 -80.7380482368001 0
      vertex 89.9720100097836 -80.7380482368001 82
    endloop
  endfacet
  facet normal 0.998756921218922 -0.0498458856607025 0
    outer loop
      vertex 89.9720100097836 -80.7380482368001 0
      vertex 89.99688871182816 -80.2395562242981 0
      vertex 89.99688871182816 -80.2395562242981 82
    endloop
  endfacet
  facet normal 1 0 0
    outer loop
      vertex 89.99688871182816 -80.2395562242981 0
      vertex 89.99688871182816 -79.99499999999999 0
      vertex 89.99688871182816 -79.99499999999999 82
    endloop
  endfacet
  facet normal 0.02493069173807014 -0.9996891820008164 0
    outer loop
      vertex 79.99499999999999 -89.99987530778472 0
      vertex 80.48895731546358 -89.98755678140141 82
      vertex 79.99499999999999 -89.99987530778472 82
    endloop
  endfacet
  facet normal 0.07473009358642176 -0.9972037971811804 0
    outer loop
      vertex 80.48895731546358 -89.98755678140141 0
      vertex 80.98667414442411 -89.95025806140767 82
      vertex 80.48895731546358 -89.98755678140141 82
    endloop
  endfacet
  facet normal 0.12434370464749755 -0.9922392066001706 0
    outer loop
      vertex 80.98667414442411 -89.95025806140767 0
      vertex 81.4819130844235 -89.88819657051353 82
      vertex 80.98667414442411 -89.95025806140767 82
    endloop
  endfacet
  facet normal 0.1736481776669095 -0.9848077530122118 0
    outer loop
      vertex 81.4819130844235 -89.88819657051353 0
      vertex 81.97344289342597 -89.80152660336393 82
      vertex 81.4819130844235 -89.88819657051353 82
    endloop
  endfacet
  facet normal 0.2225209339563262 -0.9749279121818208 0
    outer loop
      vertex 81.97344289342597 -89.80152660336393 0
      vertex 82.46004155087984 -89.69046363515307 82
      vertex 81.97344289342597 -89.80152660336393 82
    endloop
  endfacet
  facet normal 0.2708404681430189 -0.9626242469500083 0
    outer loop
      vertex 82.46004155087984 -89.69046363515307 0
      vertex 82.94049929585314 -89.55528378591926 82
      vertex 82.46004155087984 -89.69046363515307 82
    endloop
  endfacet
  facet normal 0.31848665025167805 -0.9479273461671338 0
    outer loop
      vertex 82.94049929585314 -89.55528378591926 0
      vertex 83.41362163468995 -89.39632313406693 82
      vertex 82.94049929585314 -89.55528378591926 82
    endloop
  endfacet
  facet normal 0.36534102436639837 -0.930873748644203 0
    outer loop
      vertex 83.41362163468995 -89.39632313406693 0
      vertex 83.87823231070969 -89.21397688082277 82
      vertex 83.41362163468995 -89.39632313406693 82
    endloop
  endfacet
  facet normal 0.41128710313061156 -0.9115058523116732 0
    outer loop
      vertex 83.87823231070969 -89.21397688082277 0
      vertex 84.33317622856676 -89.0086983677032 82
      vertex 83.87823231070969 -89.21397688082277 82
    endloop
  endfacet
  facet normal 0.4562106573531504 -0.8898718088114751 0
    outer loop
      vertex 84.33317622856676 -89.0086983677032 0
      vertex 84.77732232599939 -88.78099794943599 82
      vertex 84.33317622856676 -89.0086983677032 82
    endloop
  endfacet
  facet normal 0.49999999999999833 -0.8660254037844397 0
    outer loop
      vertex 84.77732232599939 -88.78099794943599 0
      vertex 85.20956638582877 -88.53144172513788 82
      vertex 84.77732232599939 -88.78099794943599 82
    endloop
  endfacet
  facet normal 0.5425462638657653 -0.8400259231507675 0
    outer loop
      vertex 85.20956638582877 -88.53144172513788 0
      vertex 85.62883378121685 -88.2606501309031 82
      vertex 85.20956638582877 -88.53144172513788 82
    endloop
  endfacet
  facet normal 0.583743672234794 -0.8119380057158536 0
    outer loop
      vertex 85.62883378121685 -88.2606501309031 0
      vertex 86.03408214735802 -87.96929639730145 82
      vertex 85.62883378121685 -88.2606501309031 82
    endloop
  endfacet
  facet normal 0.6234898018587356 -0.781831482468028 0
    outer loop
      vertex 86.03408214735802 -87.96929639730145 0
      vertex 86.42430397296225 -87.65810487562096 82
      vertex 86.03408214735802 -87.96929639730145 82
    endloop
  endfacet
  facet normal 0.6616858375968591 -0.7497812029677345 0
    outer loop
      vertex 86.42430397296225 -87.65810487562096 0
      vertex 86.7985291050869 -87.32784923701655 82
      vertex 86.42430397296225 -87.65810487562096 82
    endloop
  endfacet
  facet normal 0.6982368180860702 -0.7158668492597209 0
    outer loop
      vertex 86.7985291050869 -87.32784923701655 0
      vertex 87.15582716108977 -86.97935054904158 82
      vertex 86.7985291050869 -87.32784923701655 82
    endloop
  endfacet
  facet normal 0.7330518718298217 -0.6801727377709244 0
    outer loop
      vertex 87.15582716108977 -86.97935054904158 0
      vertex 87.49530984170701 -86.61347523434456 82
      vertex 87.15582716108977 -86.97935054904158 82
    endloop
  endfacet
  facet normal 0.7660444431189857 -0.6427876096865303 0
    outer loop
      vertex 87.49530984170701 -86.61347523434456 0
      vertex 87.81613313950497 -86.23113291660592 82
      vertex 87.49530984170701 -86.61347523434456 82
    endloop
  endfacet
  facet normal 0.7971325072229222 -0.6038044103254779 0
    outer loop
      vertex 87.81613313950497 -86.23113291660592 0
      vertex 88.11749943721571 -85.83327415907024 82
      vertex 87.81613313950497 -86.23113291660592 82
    endloop
  endfacet
  facet normal 0.8262387743159902 -0.5633200580636287 0
    outer loop
      vertex 88.11749943721571 -85.83327415907024 0
      vertex 88.39865949073922 -85.42088810129624 82
      vertex 88.11749943721571 -85.83327415907024 82
    endloop
  endfacet
  facet normal 0.8532908816321582 -0.5214352033794938 0
    outer loop
      vertex 88.39865949073922 -85.42088810129624 0
      vertex 88.65891429188223 -84.99499999999999 82
      vertex 88.39865949073922 -85.42088810129624 82
    endloop
  endfacet
  facet normal 0.8782215733702282 -0.47825397862131874 0
    outer loop
      vertex 88.65891429188223 -84.99499999999999 0
      vertex 88.89761680620279 -84.55666868010516 82
      vertex 88.65891429188223 -84.99499999999999 82
    endloop
  endfacet
  facet normal 0.900968867902414 -0.4338837391175688 0
    outer loop
      vertex 88.89761680620279 -84.55666868010516 0
      vertex 89.11417358163985 -84.10698390233742 82
      vertex 88.89761680620279 -84.55666868010516 82
    endloop
  endfacet
  facet normal 0.9214762118704168 -0.38843479627467287 0
    outer loop
      vertex 89.11417358163985 -84.10698390233742 0
      vertex 89.30804622392847 -83.64706365390761 82
      vertex 89.11417358163985 -84.10698390233742 82
    endloop
  endfacet
  facet normal 0.9396926207859014 -0.34202014332568775 0
    outer loop
      vertex 89.30804622392847 -83.64706365390761 0
      vertex 89.47875273513299 -83.17805136901936 82
      vertex 89.30804622392847 -83.64706365390761 82
    endloop
  endfacet
  facet normal 0.9555728057861417 -0.29475517441090116 0
    outer loop
      vertex 89.47875273513299 -83.17805136901936 0
      vertex 89.62586871196962 -82.70111308611148 82
      vertex 89.47875273513299 -83.17805136901936 82
    endloop
  endfacet
  facet normal 0.9690772862290786 -0.24675739769029073 0
    outer loop
      vertex 89.62586871196962 -82.70111308611148 0
      vertex 89.74902840094005 -82.2174345489027 82
      vertex 89.62586871196962 -82.70111308611148 82
    endloop
  endfacet
  facet normal 0.9801724878485426 -0.19814614319940355 0
    outer loop
      vertex 89.74902840094005 -82.2174345489027 0
      vertex 89.8479256076522 -81.72821825844596 82
      vertex 89.74902840094005 -82.2174345489027 82
    endloop
  endfacet
  facet normal 0.9888308262251295 -0.14904226617616778 0
    outer loop
      vertex 89.8479256076522 -81.72821825844596 0
      vertex 89.92231445806772 -81.23468048352132 82
      vertex 89.8479256076522 -81.72821825844596 82
    endloop
  endfacet
  facet normal 0.9950307753654025 -0.09956784659580581 0
    outer loop
      vertex 89.92231445806772 -81.23468048352132 0
      vertex 89.9720100097836 -80.7380482368001 82
      vertex 89.92231445806772 -81.23468048352132 82
    endloop
  endfacet
  facet normal 0.998756921218922 -0.0498458856607025 0
    outer loop
      vertex 89.9720100097836 -80.7380482368001 0
      vertex 89.99688871182816 -80.2395562242981 82
      vertex 89.9720100097836 -80.7380482368001 82
    endloop
  endfacet
  facet normal 1 0 0
    outer loop
      vertex 89.99688871182816 -80.2395562242981 0
      vertex 89.99688871182816 -79.99499999999999 82
      vertex 89.99688871182816 -80.2395562242981 82
    endloop
  endfacet
  facet normal 0 1 0
    outer loop
      vertex 79.99499999999999 89.99688871182816 0
      vertex 79.99499999999999 89.99688871182816 82
      vertex 80.2395562242981 89.99688871182816 0
    endloop
  endfacet
  facet normal 0.0498458856607025 0.998756921218922 0
    outer loop
      vertex 80.2395562242981 89.99688871182816 0
      vertex 80.2395562242981 89.99688871182816 82
      vertex 80.7380482368001 89.9720100097836 0
    endloop
  endfacet
  facet normal 0.09956784659580581 0.9950307753654025 0
    outer loop
      vertex 80.7380482368001 89.9720100097836 0
      vertex 80.7380482368001 89.9720100097836 82
      vertex 81.23468048352132 89.92231445806772 0
    endloop
  endfacet
  facet normal 0.14904226617616778 0.9888308262251295 0
    outer loop
      vertex 81.23468048352132 89.92231445806772 0
      vertex 81.23468048352132 89.92231445806772 82
      vertex 81.72821825844596 89.8479256076522 0
    endloop
  endfacet
  facet normal 0.19814614319940355 0.9801724878485426 0
    outer loop
      vertex 81.72821825844596 89.8479256076522 0
      vertex 81.72821825844596 89.8479256076522 82
      vertex 82.2174345489027 89.74902840094005 0
    endloop
  endfacet
  facet normal 0.24675739769029073 0.9690772862290786 0
    outer loop
      vertex 82.2174345489027 89.74902840094005 0
      vertex 82.2174345489027 89.74902840094005 82
      vertex 82.70111308611148 89.62586871196962 0
    endloop
  endfacet
  facet normal 0.29475517441090116 0.9555728057861417 0
    outer loop
      vertex 82.70111308611148 89.62586871196962 0
      vertex 82.70111308611148 89.62586871196962 82
      vertex 83.17805136901936 89.47875273513299 0
    endloop
  endfacet
  facet normal 0.34202014332568775 0.9396926207859014 0
    outer loop
      vertex 83.17805136901936 89.47875273513299 0
      vertex 83.17805136901936 89.47875273513299 82
      vertex 83.64706365390761 89.30804622392847 0
    endloop
  endfacet
  facet normal 0.38843479627467287 0.9214762118704168 0
    outer loop
      vertex 83.64706365390761 89.30804622392847 0
      vertex 83.64706365390761 89.30804622392847 82
      vertex 84.10698390233742 89.11417358163985 0
    endloop
  endfacet
  facet normal 0.4338837391175688 0.900968867902414 0
    outer loop
      vertex 84.10698390233742 89.11417358163985 0
      vertex 84.10698390233742 89.11417358163985 82
      vertex 84.55666868010516 88.89761680620279 0
    endloop
  endfacet
  facet normal 0.9996891820008164 0.02493069173807014 0
    outer loop
      vertex 89.99987530778472 79.99499999999999 0
      vertex 89.98755678140141 80.48895731546358 0
      vertex 89.98755678140141 80.48895731546358 82
    endloop
  endfacet
  facet normal 0.9972037971811804 0.07473009358642176 0
    outer loop
      vertex 89.98755678140141 80.48895731546358 0
      vertex 89.95025806140767 80.98667414442411 0
      vertex 89.95025806140767 80.98667414442411 82
    endloop
  endfacet
  facet normal 0.9922392066001706 0.12434370464749755 0
    outer loop
      vertex 89.95025806140767 80.98667414442411 0
      vertex 89.88819657051353 81.4819130844235 0
      vertex 89.88819657051353 81.4819130844235 82
    endloop
  endfacet
  facet normal 0.9848077530122118 0.1736481776669095 0
    outer loop
      vertex 89.88819657051353 81.4819130844235 0
      vertex 89.80152660336393 81.97344289342597 0
      vertex 89.80152660336393 81.97344289342597 82
    endloop
  endfacet
  facet normal 0.9626242469500083 0.2708404681430189 0
    outer loop
      vertex 89.55528378591926 82.94049929585314 0
      vertex 89.55528378591926 82.94049929585314 82
      vertex 89.69046363515307 82.46004155087984 0
    endloop
  endfacet
  facet normal 0.9749279121818208 0.2225209339563262 0
    outer loop
      vertex 89.80152660336393 81.97344289342597 0
      vertex 89.69046363515307 82.46004155087984 0
      vertex 89.69046363515307 82.46004155087984 82
    endloop
  endfacet
  facet normal 0.930873748644203 0.36534102436639837 0
    outer loop
      vertex 89.21397688082277 83.87823231070969 0
      vertex 89.21397688082277 83.87823231070969 82
      vertex 89.39632313406693 83.41362163468995 0
    endloop
  endfacet
  facet normal 0.9115058523116732 0.41128710313061156 0
    outer loop
      vertex 89.21397688082277 83.87823231070969 0
      vertex 89.0086983677032 84.33317622856676 0
      vertex 89.0086983677032 84.33317622856676 82
    endloop
  endfacet
  facet normal 0.9479273461671338 0.31848665025167805 0
    outer loop
      vertex 89.55528378591926 82.94049929585314 0
      vertex 89.39632313406693 83.41362163468995 0
      vertex 89.39632313406693 83.41362163468995 82
    endloop
  endfacet
  facet normal 0.7158668492597209 0.6982368180860702 0
    outer loop
      vertex 86.97935054904158 87.15582716108977 0
      vertex 86.97935054904158 87.15582716108977 82
      vertex 87.32784923701655 86.7985291050869 0
    endloop
  endfacet
  facet normal 0.5214352033794938 0.8532908816321582 0
    outer loop
      vertex 85.42088810129624 88.39865949073922 0
      vertex 84.99499999999999 88.65891429188223 0
      vertex 84.99499999999999 88.65891429188223 82
    endloop
  endfacet
  facet normal 0.5633200580636287 0.8262387743159902 0
    outer loop
      vertex 85.42088810129624 88.39865949073922 0
      vertex 85.42088810129624 88.39865949073922 82
      vertex 85.83327415907024 88.11749943721571 0
    endloop
  endfacet
  facet normal 0.47825397862131874 0.8782215733702282 0
    outer loop
      vertex 84.55666868010516 88.89761680620279 0
      vertex 84.55666868010516 88.89761680620279 82
      vertex 84.99499999999999 88.65891429188223 0
    endloop
  endfacet
  facet normal 0.6427876096865303 0.7660444431189857 0
    outer loop
      vertex 86.23113291660592 87.81613313950497 0
      vertex 86.23113291660592 87.81613313950497 82
      vertex 86.61347523434456 87.49530984170701 0
    endloop
  endfacet
  facet normal 0.6038044103254779 0.7971325072229222 0
    outer loop
      vertex 86.23113291660592 87.81613313950497 0
      vertex 85.83327415907024 88.11749943721571 0
      vertex 85.83327415907024 88.11749943721571 82
    endloop
  endfacet
  facet normal 0.6801727377709244 0.7330518718298217 0
    outer loop
      vertex 86.97935054904158 87.15582716108977 0
      vertex 86.61347523434456 87.49530984170701 0
      vertex 86.61347523434456 87.49530984170701 82
    endloop
  endfacet
  facet normal 0.8400259231507675 0.5425462638657653 0
    outer loop
      vertex 88.53144172513788 85.20956638582877 0
      vertex 88.2606501309031 85.62883378121685 0
      vertex 88.2606501309031 85.62883378121685 82
    endloop
  endfacet
  facet normal 0.781831482468028 0.6234898018587356 0
    outer loop
      vertex 87.65810487562096 86.42430397296225 0
      vertex 87.65810487562096 86.42430397296225 82
      vertex 87.96929639730145 86.03408214735802 0
    endloop
  endfacet
  facet normal 0.7497812029677345 0.6616858375968591 0
    outer loop
      vertex 87.65810487562096 86.42430397296225 0
      vertex 87.32784923701655 86.7985291050869 0
      vertex 87.32784923701655 86.7985291050869 82
    endloop
  endfacet
  facet normal 0.8119380057158536 0.583743672234794 0
    outer loop
      vertex 88.2606501309031 85.62883378121685 0
      vertex 87.96929639730145 86.03408214735802 0
      vertex 87.96929639730145 86.03408214735802 82
    endloop
  endfacet
  facet normal 0.8898718088114751 0.4562106573531504 0
    outer loop
      vertex 89.0086983677032 84.33317622856676 0
      vertex 88.78099794943599 84.77732232599939 0
      vertex 88.78099794943599 84.77732232599939 82
    endloop
  endfacet
  facet normal 0.8660254037844397 0.49999999999999833 0
    outer loop
      vertex 88.53144172513788 85.20956638582877 0
      vertex 88.53144172513788 85.20956638582877 82
      vertex 88.78099794943599 84.77732232599939 0
    endloop
  endfacet
  facet normal 0 1 0
    outer loop
      vertex 80.2395562242981 89.99688871182816 0
      vertex 79.99499999999999 89.99688871182816 82
      vertex 80.2395562242981 89.99688871182816 82
    endloop
  endfacet
  facet normal 0.0498458856607025 0.998756921218922 0
    outer loop
      vertex 80.7380482368001 89.9720100097836 0
      vertex 80.2395562242981 89.99688871182816 82
      vertex 80.7380482368001 89.9720100097836 82
    endloop
  endfacet
  facet normal 0.09956784659580581 0.9950307753654025 0
    outer loop
      vertex 81.23468048352132 89.92231445806772 0
      vertex 80.7380482368001 89.9720100097836 82
      vertex 81.23468048352132 89.92231445806772 82
    endloop
  endfacet
  facet normal 0.14904226617616778 0.9888308262251295 0
    outer loop
      vertex 81.72821825844596 89.8479256076522 0
      vertex 81.23468048352132 89.92231445806772 82
      vertex 81.72821825844596 89.8479256076522 82
    endloop
  endfacet
  facet normal 0.19814614319940355 0.9801724878485426 0
    outer loop
      vertex 82.2174345489027 89.74902840094005 0
      vertex 81.72821825844596 89.8479256076522 82
      vertex 82.2174345489027 89.74902840094005 82
    endloop
  endfacet
  facet normal 0.24675739769029073 0.9690772862290786 0
    outer loop
      vertex 82.70111308611148 89.62586871196962 0
      vertex 82.2174345489027 89.74902840094005 82
      vertex 82.70111308611148 89.62586871196962 82
    endloop
  endfacet
  facet normal 0.29475517441090116 0.9555728057861417 0
    outer loop
      vertex 83.17805136901936 89.47875273513299 0
      vertex 82.70111308611148 89.62586871196962 82
      vertex 83.17805136901936 89.47875273513299 82
    endloop
  endfacet
  facet normal 0.34202014332568775 0.9396926207859014 0
    outer loop
      vertex 83.64706365390761 89.30804622392847 0
      vertex 83.17805136901936 89.47875273513299 82
      vertex 83.64706365390761 89.30804622392847 82
    endloop
  endfacet
  facet normal 0.38843479627467287 0.9214762118704168 0
    outer loop
      vertex 84.10698390233742 89.11417358163985 0
      vertex 83.64706365390761 89.30804622392847 82
      vertex 84.10698390233742 89.11417358163985 82
    endloop
  endfacet
  facet normal 0.9996891820008164 0.02493069173807014 0
    outer loop
      vertex 89.99987530778472 79.99499999999999 0
      vertex 89.98755678140141 80.48895731546358 82
      vertex 89.99987530778472 79.99499999999999 82
    endloop
  endfacet
  facet normal 0.9972037971811804 0.07473009358642176 0
    outer loop
      vertex 89.98755678140141 80.48895731546358 0
      vertex 89.95025806140767 80.98667414442411 82
      vertex 89.98755678140141 80.48895731546358 82
    endloop
  endfacet
  facet normal 0.9922392066001706 0.12434370464749755 0
    outer loop
      vertex 89.95025806140767 80.98667414442411 0
      vertex 89.88819657051353 81.4819130844235 82
      vertex 89.95025806140767 80.98667414442411 82
    endloop
  endfacet
  facet normal 0.9848077530122118 0.1736481776669095 0
    outer loop
      vertex 89.88819657051353 81.4819130844235 0
      vertex 89.80152660336393 81.97344289342597 82
      vertex 89.88819657051353 81.4819130844235 82
    endloop
  endfacet
  facet normal 0.9749279121818208 0.2225209339563262 0
    outer loop
      vertex 89.80152660336393 81.97344289342597 0
      vertex 89.69046363515307 82.46004155087984 82
      vertex 89.80152660336393 81.97344289342597 82
    endloop
  endfacet
  facet normal 0.9626242469500083 0.2708404681430189 0
    outer loop
      vertex 89.69046363515307 82.46004155087984 0
      vertex 89.55528378591926 82.94049929585314 82
      vertex 89.69046363515307 82.46004155087984 82
    endloop
  endfacet
  facet normal 0.9115058523116732 0.41128710313061156 0
    outer loop
      vertex 89.21397688082277 83.87823231070969 0
      vertex 89.0086983677032 84.33317622856676 82
      vertex 89.21397688082277 83.87823231070969 82
    endloop
  endfacet
  facet normal 0.9479273461671338 0.31848665025167805 0
    outer loop
      vertex 89.55528378591926 82.94049929585314 0
      vertex 89.39632313406693 83.41362163468995 82
      vertex 89.55528378591926 82.94049929585314 82
    endloop
  endfacet
  facet normal 0.930873748644203 0.36534102436639837 0
    outer loop
      vertex 89.39632313406693 83.41362163468995 0
      vertex 89.21397688082277 83.87823231070969 82
      vertex 89.39632313406693 83.41362163468995 82
    endloop
  endfacet
  facet normal 0.5214352033794938 0.8532908816321582 0
    outer loop
      vertex 85.42088810129624 88.39865949073922 0
      vertex 84.99499999999999 88.65891429188223 82
      vertex 85.42088810129624 88.39865949073922 82
    endloop
  endfacet
  facet normal 0.5633200580636287 0.8262387743159902 0
    outer loop
      vertex 85.83327415907024 88.11749943721571 0
      vertex 85.42088810129624 88.39865949073922 82
      vertex 85.83327415907024 88.11749943721571 82
    endloop
  endfacet
  facet normal 0.4338837391175688 0.900968867902414 0
    outer loop
      vertex 84.55666868010516 88.89761680620279 0
      vertex 84.10698390233742 89.11417358163985 82
      vertex 84.55666868010516 88.89761680620279 82
    endloop
  endfacet
  facet normal 0.47825397862131874 0.8782215733702282 0
    outer loop
      vertex 84.99499999999999 88.65891429188223 0
      vertex 84.55666868010516 88.89761680620279 82
      vertex 84.99499999999999 88.65891429188223 82
    endloop
  endfacet
  facet normal 0.6038044103254779 0.7971325072229222 0
    outer loop
      vertex 86.23113291660592 87.81613313950497 0
      vertex 85.83327415907024 88.11749943721571 82
      vertex 86.23113291660592 87.81613313950497 82
    endloop
  endfacet
  facet normal 0.6427876096865303 0.7660444431189857 0
    outer loop
      vertex 86.61347523434456 87.49530984170701 0
      vertex 86.23113291660592 87.81613313950497 82
      vertex 86.61347523434456 87.49530984170701 82
    endloop
  endfacet
  facet normal 0.6801727377709244 0.7330518718298217 0
    outer loop
      vertex 86.97935054904158 87.15582716108977 0
      vertex 86.61347523434456 87.49530984170701 82
      vertex 86.97935054904158 87.15582716108977 82
    endloop
  endfacet
  facet normal 0.8119380057158536 0.583743672234794 0
    outer loop
      vertex 88.2606501309031 85.62883378121685 0
      vertex 87.96929639730145 86.03408214735802 82
      vertex 88.2606501309031 85.62883378121685 82
    endloop
  endfacet
  facet normal 0.8400259231507675 0.5425462638657653 0
    outer loop
      vertex 88.53144172513788 85.20956638582877 0
      vertex 88.2606501309031 85.62883378121685 82
      vertex 88.53144172513788 85.20956638582877 82
    endloop
  endfacet
  facet normal 0.781831482468028 0.6234898018587356 0
    outer loop
      vertex 87.96929639730145 86.03408214735802 0
      vertex 87.65810487562096 86.42430397296225 82
      vertex 87.96929639730145 86.03408214735802 82
    endloop
  endfacet
  facet normal 0.7158668492597209 0.6982368180860702 0
    outer loop
      vertex 87.32784923701655 86.7985291050869 0
      vertex 86.97935054904158 87.15582716108977 82
      vertex 87.32784923701655 86.7985291050869 82
    endloop
  endfacet
  facet normal 0.7497812029677345 0.6616858375968591 0
    outer loop
      vertex 87.65810487562096 86.42430397296225 0
      vertex 87.32784923701655 86.7985291050869 82
      vertex 87.65810487562096 86.42430397296225 82
    endloop
  endfacet
  facet normal 0.8898718088114751 0.4562106573531504 0
    outer loop
      vertex 89.0086983677032 84.33317622856676 0
      vertex 88.78099794943599 84.77732232599939 82
      vertex 89.0086983677032 84.33317622856676 82
    endloop
  endfacet
  facet normal 0.8660254037844397 0.49999999999999833 0
    outer loop
      vertex 88.78099794943599 84.77732232599939 0
      vertex 88.53144172513788 85.20956638582877 82
      vertex 88.78099794943599 84.77732232599939 82
    endloop
  endfacet
  facet normal 0 0 -1
    outer loop
      vertex -87.96929639730145 -86.03408214735802 0
      vertex -88.2606501309031 -85.62883378121685 0
      vertex -83.24759526419165 -81.875 0
    endloop
  endfacet
  facet normal 0 0 -1
    outer loop
      vertex -87.32784923701655 -86.7985291050869 0
      vertex -87.65810487562096 -86.42430397296225 0
      vertex -82.65165042944955 -82.65165042944955 0
    endloop
  endfacet
  facet normal 0 0 -1
    outer loop
      vertex -87.96929639730145 -86.03408214735802 0
      vertex -82.97507502609213 -82.2828553587827 0
      vertex -87.65810487562096 -86.42430397296225 0
    endloop
  endfacet
  facet normal 0 0 -1
    outer loop
      vertex -86.61347523434456 -87.49530984170701 0
      vertex -86.97935054904158 -87.15582716108977 0
      vertex -82.2828553587827 -82.97507502609213 0
    endloop
  endfacet
  facet normal 0 0 -1
    outer loop
      vertex -86.61347523434456 -87.49530984170701 0
      vertex -81.875 -83.24759526419165 0
      vertex -86.23113291660592 -87.81613313950497 0
    endloop
  endfacet
  facet normal 0 0 -1
    outer loop
      vertex -85.83327415907024 -88.11749943721571 0
      vertex -86.23113291660592 -87.81613313950497 0
      vertex -81.43506287136908 -83.46454824691733 0
    endloop
  endfacet
  facet normal 0 0 -1
    outer loop
      vertex -87.32784923701655 -86.7985291050869 0
      vertex -82.65165042944955 -82.65165042944955 0
      vertex -86.97935054904158 -87.15582716108977 0
    endloop
  endfacet
  facet normal 0 0 -1
    outer loop
      vertex -89.0086983677032 -84.33317622856676 0
      vertex -89.21397688082277 -83.87823231070969 0
      vertex -83.7179182301518 -79.51052677917481 0
    endloop
  endfacet
  facet normal 0 0 -1
    outer loop
      vertex -89.39632313406693 -83.41362163468995 0
      vertex -83.24759526419165 -78.125 0
      vertex -89.21397688082277 -83.87823231070969 0
    endloop
  endfacet
  facet normal 0 0 -1
    outer loop
      vertex -88.2606501309031 -85.62883378121685 0
      vertex -88.53144172513788 -85.20956638582877 0
      vertex -83.46454824691733 -81.43506287136908 0
    endloop
  endfacet
  facet normal 0 0 -1
    outer loop
      vertex -88.78099794943599 -84.77732232599939 0
      vertex -83.7179182301518 -80.48947322082519 0
      vertex -88.53144172513788 -85.20956638582877 0
    endloop
  endfacet
  facet normal 0 0 -1
    outer loop
      vertex -88.78099794943599 -84.77732232599939 0
      vertex -89.0086983677032 -84.33317622856676 0
      vertex -83.75 -80 0
    endloop
  endfacet
  facet normal 0 0 -1
    outer loop
      vertex -87.65810487562096 -86.42430397296225 0
      vertex -82.97507502609213 -82.2828553587827 0
      vertex -82.65165042944955 -82.65165042944955 0
    endloop
  endfacet
  facet normal 0 0 -1
    outer loop
      vertex -87.96929639730145 -86.03408214735802 0
      vertex -83.24759526419165 -81.875 0
      vertex -82.97507502609213 -82.2828553587827 0
    endloop
  endfacet
  facet normal 0 0 -1
    outer loop
      vertex -88.2606501309031 -85.62883378121685 0
      vertex -83.46454824691733 -81.43506287136908 0
      vertex -83.24759526419165 -81.875 0
    endloop
  endfacet
  facet normal 0 0 -1
    outer loop
      vertex -88.53144172513788 -85.20956638582877 0
      vertex -83.622221848584 -80.97057141913446 0
      vertex -83.46454824691733 -81.43506287136908 0
    endloop
  endfacet
  facet normal 0 0 -1
    outer loop
      vertex -88.53144172513788 -85.20956638582877 0
      vertex -83.7179182301518 -80.48947322082519 0
      vertex -83.622221848584 -80.97057141913446 0
    endloop
  endfacet
  facet normal 0 0 -1
    outer loop
      vertex -88.78099794943599 -84.77732232599939 0
      vertex -83.75 -80 0
      vertex -83.7179182301518 -80.48947322082519 0
    endloop
  endfacet
  facet normal 0 0 -1
    outer loop
      vertex -89.0086983677032 -84.33317622856676 0
      vertex -83.7179182301518 -79.51052677917481 0
      vertex -83.75 -80 0
    endloop
  endfacet
  facet normal 0 0 -1
    outer loop
      vertex -89.21397688082277 -83.87823231070969 0
      vertex -83.622221848584 -79.02942858086554 0
      vertex -83.7179182301518 -79.51052677917481 0
    endloop
  endfacet
  facet normal 0 0 -1
    outer loop
      vertex -89.21397688082277 -83.87823231070969 0
      vertex -83.46454824691733 -78.56493712863092 0
      vertex -83.622221848584 -79.02942858086554 0
    endloop
  endfacet
  facet normal 0 0 -1
    outer loop
      vertex -89.21397688082277 -83.87823231070969 0
      vertex -83.24759526419165 -78.125 0
      vertex -83.46454824691733 -78.56493712863092 0
    endloop
  endfacet
  facet normal 0 0 -1
    outer loop
      vertex -89.39632313406693 -83.41362163468995 0
      vertex -82.97507502609213 -77.7171446412173 0
      vertex -83.24759526419165 -78.125 0
    endloop
  endfacet
  facet normal 0 0 -1
    outer loop
      vertex -89.39632313406693 -83.41362163468995 0
      vertex -82.65165042944955 -77.34834957055045 0
      vertex -82.97507502609213 -77.7171446412173 0
    endloop
  endfacet
  facet normal 0 0 -1
    outer loop
      vertex -84.55666868010516 -88.89761680620279 0
      vertex -79.02942858086554 -83.622221848584 0
      vertex -84.10698390233742 -89.11417358163985 0
    endloop
  endfacet
  facet normal 0 0 -1
    outer loop
      vertex -85.83327415907024 -88.11749943721571 0
      vertex -80.97057141913446 -83.622221848584 0
      vertex -85.42088810129624 -88.39865949073922 0
    endloop
  endfacet
  facet normal 0 0 -1
    outer loop
      vertex -84.99499999999999 -88.65891429188223 0
      vertex -85.42088810129624 -88.39865949073922 0
      vertex -80.48947322082519 -83.7179182301518 0
    endloop
  endfacet
  facet normal 0 0 -1
    outer loop
      vertex -84.99499999999999 -88.65891429188223 0
      vertex -79.51052677917481 -83.7179182301518 0
      vertex -84.55666868010516 -88.89761680620279 0
    endloop
  endfacet
  facet normal 0 0 -1
    outer loop
      vertex -86.61347523434456 -87.49530984170701 0
      vertex -82.2828553587827 -82.97507502609213 0
      vertex -81.875 -83.24759526419165 0
    endloop
  endfacet
  facet normal 0 0 -1
    outer loop
      vertex -86.23113291660592 -87.81613313950497 0
      vertex -81.875 -83.24759526419165 0
      vertex -81.43506287136908 -83.46454824691733 0
    endloop
  endfacet
  facet normal 0 0 -1
    outer loop
      vertex -84.10698390233742 -89.11417358163985 0
      vertex -77.7171446412173 -82.97507502609213 0
      vertex -83.64706365390761 -89.30804622392847 0
    endloop
  endfacet
  facet normal 0 0 -1
    outer loop
      vertex -85.42088810129624 -88.39865949073922 0
      vertex -80.97057141913446 -83.622221848584 0
      vertex -80.48947322082519 -83.7179182301518 0
    endloop
  endfacet
  facet normal 0 0 -1
    outer loop
      vertex -85.83327415907024 -88.11749943721571 0
      vertex -81.43506287136908 -83.46454824691733 0
      vertex -80.97057141913446 -83.622221848584 0
    endloop
  endfacet
  facet normal 0 0 -1
    outer loop
      vertex -84.99499999999999 -88.65891429188223 0
      vertex -80.48947322082519 -83.7179182301518 0
      vertex -80 -83.75 0
    endloop
  endfacet
  facet normal 0 0 -1
    outer loop
      vertex -84.99499999999999 -88.65891429188223 0
      vertex -80 -83.75 0
      vertex -79.51052677917481 -83.7179182301518 0
    endloop
  endfacet
  facet normal 0 0 -1
    outer loop
      vertex -84.55666868010516 -88.89761680620279 0
      vertex -79.51052677917481 -83.7179182301518 0
      vertex -79.02942858086554 -83.622221848584 0
    endloop
  endfacet
  facet normal 0 0 -1
    outer loop
      vertex -84.10698390233742 -89.11417358163985 0
      vertex -79.02942858086554 -83.622221848584 0
      vertex -78.56493712863092 -83.46454824691733 0
    endloop
  endfacet
  facet normal 0 0 -1
    outer loop
      vertex -84.10698390233742 -89.11417358163985 0
      vertex -78.56493712863092 -83.46454824691733 0
      vertex -78.125 -83.24759526419165 0
    endloop
  endfacet
  facet normal 0 0 -1
    outer loop
      vertex -84.10698390233742 -89.11417358163985 0
      vertex -78.125 -83.24759526419165 0
      vertex -77.7171446412173 -82.97507502609213 0
    endloop
  endfacet
  facet normal 0 0 -1
    outer loop
      vertex -83.64706365390761 -89.30804622392847 0
      vertex -77.7171446412173 -82.97507502609213 0
      vertex -77.34834957055045 -82.65165042944955 0
    endloop
  endfacet
  facet normal 0 0 -1
    outer loop
      vertex -86.97935054904158 -87.15582716108977 0
      vertex -82.65165042944955 -82.65165042944955 0
      vertex -82.2828553587827 -82.97507502609213 0
    endloop
  endfacet
  facet normal 0 0 -1
    outer loop
      vertex -90 -79.99499999999999 0
      vertex -89.99688871182816 79.99499999999999 0
      vertex -89.99987530778472 -79.99499999999999 0
    endloop
  endfacet
  facet normal -1 0 0
    outer loop
      vertex -90 -79.99499999999999 0
      vertex -90 -79.99499999999999 82
      vertex -90 79.99499999999999 0
    endloop
  endfacet
  facet normal 0 0 -1
    outer loop
      vertex -79.99499999999999 -90 0
      vertex -79.99499999999999 -89.99688871182816 0
      vertex 79.99499999999999 -90 0
    endloop
  endfacet
  facet normal 0 0 -1
    outer loop
      vertex -89.39632313406693 -83.41362163468995 0
      vertex -89.55528378591926 -82.94049929585314 0
      vertex 77.34834957055045 77.34834957055045 0
    endloop
  endfacet
  facet normal 0 0 -1
    outer loop
      vertex -89.69046363515307 -82.46004155087984 0
      vertex 77.34834957055045 77.34834957055045 0
      vertex -89.55528378591926 -82.94049929585314 0
    endloop
  endfacet
  facet normal 0 0 -1
    outer loop
      vertex -89.69046363515307 -82.46004155087984 0
      vertex -89.80152660336393 -81.97344289342597 0
      vertex 77.34834957055045 77.34834957055045 0
    endloop
  endfacet
  facet normal 0 0 -1
    outer loop
      vertex -89.80152660336393 -81.97344289342597 0
      vertex -89.88819657051353 -81.4819130844235 0
      vertex 77.34834957055045 77.34834957055045 0
    endloop
  endfacet
  facet normal 0 0 -1
    outer loop
      vertex -89.88819657051353 -81.4819130844235 0
      vertex -89.95025806140767 -80.98667414442411 0
      vertex 77.34834957055045 77.34834957055045 0
    endloop
  endfacet
  facet normal 0 0 -1
    outer loop
      vertex -89.95025806140767 -80.98667414442411 0
      vertex -89.98755678140141 -80.48895731546358 0
      vertex 77.34834957055045 77.34834957055045 0
    endloop
  endfacet
  facet normal 0 0 -1
    outer loop
      vertex -89.98755678140141 -80.48895731546358 0
      vertex -89.99987530778472 -79.99499999999999 0
      vertex 77.02492497390787 77.7171446412173 0
    endloop
  endfacet
  facet normal 0 0 -1
    outer loop
      vertex -89.39632313406693 -83.41362163468995 0
      vertex 77.34834957055045 77.34834957055045 0
      vertex -82.65165042944955 -77.34834957055045 0
    endloop
  endfacet
  facet normal 0 0 -1
    outer loop
      vertex 77.34834957055045 77.34834957055045 0
      vertex -82.2828553587827 -77.02492497390787 0
      vertex -82.65165042944955 -77.34834957055045 0
    endloop
  endfacet
  facet normal 0 0 -1
    outer loop
      vertex 77.34834957055045 77.34834957055045 0
      vertex -81.875 -76.75240473580835 0
      vertex -82.2828553587827 -77.02492497390787 0
    endloop
  endfacet
  facet normal 0 0 -1
    outer loop
      vertex 77.34834957055045 77.34834957055045 0
      vertex -81.43506287136908 -76.53545175308267 0
      vertex -81.875 -76.75240473580835 0
    endloop
  endfacet
  facet normal 0 0 -1
    outer loop
      vertex 77.34834957055045 77.34834957055045 0
      vertex -80.97057141913446 -76.377778151416 0
      vertex -81.43506287136908 -76.53545175308267 0
    endloop
  endfacet
  facet normal 0 0 -1
    outer loop
      vertex -83.64706365390761 -89.30804622392847 0
      vertex 89.99987530778472 79.99499999999999 0
      vertex -83.17805136901936 -89.47875273513299 0
    endloop
  endfacet
  facet normal 0 0 -1
    outer loop
      vertex -82.70111308611148 -89.62586871196962 0
      vertex 89.99987530778472 79.99499999999999 0
      vertex -82.2174345489027 -89.74902840094005 0
    endloop
  endfacet
  facet normal 0 0 -1
    outer loop
      vertex -82.2174345489027 -89.74902840094005 0
      vertex 89.99987530778472 79.99499999999999 0
      vertex -81.72821825844596 -89.8479256076522 0
    endloop
  endfacet
  facet normal 0 0 -1
    outer loop
      vertex -83.17805136901936 -89.47875273513299 0
      vertex 89.99987530778472 79.99499999999999 0
      vertex -82.70111308611148 -89.62586871196962 0
    endloop
  endfacet
  facet normal 0 0 -1
    outer loop
      vertex -81.72821825844596 -89.8479256076522 0
      vertex 89.99987530778472 79.99499999999999 0
      vertex -81.23468048352132 -89.92231445806772 0
    endloop
  endfacet
  facet normal 0 0 -1
    outer loop
      vertex -81.23468048352132 -89.92231445806772 0
      vertex 89.99987530778472 79.99499999999999 0
      vertex -80.7380482368001 -89.9720100097836 0
    endloop
  endfacet
  facet normal 0 0 -1
    outer loop
      vertex -80.7380482368001 -89.9720100097836 0
      vertex 89.99987530778472 79.99499999999999 0
      vertex -80.2395562242981 -89.99688871182816 0
    endloop
  endfacet
  facet normal 0 0 -1
    outer loop
      vertex -80.2395562242981 -89.99688871182816 0
      vertex 89.99987530778472 79.99499999999999 0
      vertex -79.99499999999999 -89.99688871182816 0
    endloop
  endfacet
  facet normal 0 0 -1
    outer loop
      vertex -83.64706365390761 -89.30804622392847 0
      vertex -77.34834957055045 -82.65165042944955 0
      vertex 89.99987530778472 79.99499999999999 0
    endloop
  endfacet
  facet normal 0 0 -1
    outer loop
      vertex 77.34834957055045 77.34834957055045 0
      vertex -78.125 -76.75240473580835 0
      vertex -78.56493712863092 -76.53545175308267 0
    endloop
  endfacet
  facet normal 0 0 -1
    outer loop
      vertex 77.34834957055045 77.34834957055045 0
      vertex -77.7171446412173 -77.02492497390787 0
      vertex -78.125 -76.75240473580835 0
    endloop
  endfacet
  facet normal 0 0 -1
    outer loop
      vertex 77.7171446412173 77.02492497390787 0
      vertex -77.34834957055045 -77.34834957055045 0
      vertex -77.7171446412173 -77.02492497390787 0
    endloop
  endfacet
  facet normal 0 0 -1
    outer loop
      vertex 77.34834957055045 77.34834957055045 0
      vertex -80.48947322082519 -76.2820817698482 0
      vertex -80.97057141913446 -76.377778151416 0
    endloop
  endfacet
  facet normal 0 0 -1
    outer loop
      vertex 77.34834957055045 77.34834957055045 0
      vertex -80 -76.25 0
      vertex -80.48947322082519 -76.2820817698482 0
    endloop
  endfacet
  facet normal 0 0 -1
    outer loop
      vertex 77.34834957055045 77.34834957055045 0
      vertex -79.51052677917481 -76.2820817698482 0
      vertex -80 -76.25 0
    endloop
  endfacet
  facet normal 0 0 -1
    outer loop
      vertex 77.34834957055045 77.34834957055045 0
      vertex -79.02942858086554 -76.377778151416 0
      vertex -79.51052677917481 -76.2820817698482 0
    endloop
  endfacet
  facet normal 0 0 -1
    outer loop
      vertex 77.34834957055045 77.34834957055045 0
      vertex -78.56493712863092 -76.53545175308267 0
      vertex -79.02942858086554 -76.377778151416 0
    endloop
  endfacet
  facet normal 0 0 -1
    outer loop
      vertex 89.99987530778472 79.99499999999999 0
      vertex -77.34834957055045 -82.65165042944955 0
      vertex -77.02492497390787 -82.2828553587827 0
    endloop
  endfacet
  facet normal 0 0 -1
    outer loop
      vertex 89.99987530778472 79.99499999999999 0
      vertex -77.02492497390787 -82.2828553587827 0
      vertex -76.75240473580835 -81.875 0
    endloop
  endfacet
  facet normal 0 0 -1
    outer loop
      vertex 89.99987530778472 79.99499999999999 0
      vertex -76.75240473580835 -81.875 0
      vertex -76.53545175308267 -81.43506287136908 0
    endloop
  endfacet
  facet normal 0 0 -1
    outer loop
      vertex 89.99987530778472 79.99499999999999 0
      vertex -76.53545175308267 -78.56493712863092 0
      vertex -76.75240473580835 -78.125 0
    endloop
  endfacet
  facet normal 0 0 -1
    outer loop
      vertex 89.99987530778472 79.99499999999999 0
      vertex -76.53545175308267 -81.43506287136908 0
      vertex -76.377778151416 -80.97057141913446 0
    endloop
  endfacet
  facet normal 0 0 -1
    outer loop
      vertex 89.99987530778472 79.99499999999999 0
      vertex -76.377778151416 -80.97057141913446 0
      vertex -76.2820817698482 -80.48947322082519 0
    endloop
  endfacet
  facet normal 0 0 -1
    outer loop
      vertex 89.99987530778472 79.99499999999999 0
      vertex -76.2820817698482 -80.48947322082519 0
      vertex -76.25 -80 0
    endloop
  endfacet
  facet normal 0 0 -1
    outer loop
      vertex 89.99987530778472 79.99499999999999 0
      vertex -76.25 -80 0
      vertex -76.2820817698482 -79.51052677917481 0
    endloop
  endfacet
  facet normal 0 0 -1
    outer loop
      vertex 89.99987530778472 79.99499999999999 0
      vertex -76.2820817698482 -79.51052677917481 0
      vertex -76.377778151416 -79.02942858086554 0
    endloop
  endfacet
  facet normal 0 0 -1
    outer loop
      vertex 89.99987530778472 79.99499999999999 0
      vertex -76.377778151416 -79.02942858086554 0
      vertex -76.53545175308267 -78.56493712863092 0
    endloop
  endfacet
  facet normal 0 0 -1
    outer loop
      vertex 89.98755678140141 80.48895731546358 0
      vertex -77.02492497390787 -77.7171446412173 0
      vertex -77.34834957055045 -77.34834957055045 0
    endloop
  endfacet
  facet normal 0 0 -1
    outer loop
      vertex 89.99987530778472 79.99499999999999 0
      vertex -76.75240473580835 -78.125 0
      vertex -77.02492497390787 -77.7171446412173 0
    endloop
  endfacet
  facet normal 0 0 1
    outer loop
      vertex -87.96929639730145 -86.03408214735802 82
      vertex -87.65810487562096 -86.42430397296225 82
      vertex -87.68157555123246 -85.36863360700515 82
    endloop
  endfacet
  facet normal 0 0 1
    outer loop
      vertex -87.32784923701655 -86.7985291050869 82
      vertex -87.36689359908262 -85.79286379183948 82
      vertex -87.65810487562096 -86.42430397296225 82
    endloop
  endfacet
  facet normal 0 0 1
    outer loop
      vertex -87.32784923701655 -86.7985291050869 82
      vertex -87.3402049056608 -85.82685763244953 82
      vertex -87.36689359908262 -85.79286379183948 82
    endloop
  endfacet
  facet normal 0 0 1
    outer loop
      vertex -88.2606501309031 -85.62883378121685 82
      vertex -87.9830280644791 -84.90966671062311 82
      vertex -88.53144172513788 -85.20956638582877 82
    endloop
  endfacet
  facet normal 0 0 1
    outer loop
      vertex -87.96929639730145 -86.03408214735802 82
      vertex -87.9830280644791 -84.90966671062311 82
      vertex -88.2606501309031 -85.62883378121685 82
    endloop
  endfacet
  facet normal 0 0 1
    outer loop
      vertex -87.65810487562096 -86.42430397296225 82
      vertex -87.6636942387666 -85.3940905452882 82
      vertex -87.68157555123246 -85.36863360700515 82
    endloop
  endfacet
  facet normal 0 0 1
    outer loop
      vertex -87.32784923701655 -86.7985291050869 82
      vertex -87.02152569319763 -86.20715562059296 82
      vertex -87.2663056342712 -84.13929905642584 82
    endloop
  endfacet
  facet normal 0 0 1
    outer loop
      vertex -87.32784923701655 -86.7985291050869 82
      vertex -87.2663056342712 -84.13929905642584 82
      vertex -87.3402049056608 -85.82685763244953 82
    endloop
  endfacet
  facet normal 0 0 1
    outer loop
      vertex -87.65810487562096 -86.42430397296225 82
      vertex -87.36689359908262 -85.79286379183948 82
      vertex -87.5941137726279 -83.01143691519448 82
    endloop
  endfacet
  facet normal 0 0 1
    outer loop
      vertex -87.65810487562096 -86.42430397296225 82
      vertex -87.5941137726279 -83.01143691519448 82
      vertex -87.6636942387666 -85.3940905452882 82
    endloop
  endfacet
  facet normal 0 0 1
    outer loop
      vertex -87.96929639730145 -86.03408214735802 82
      vertex -87.68157555123246 -85.36863360700515 82
      vertex -87.87772862477631 -82.7262206811416 82
    endloop
  endfacet
  facet normal 0 0 1
    outer loop
      vertex -86.61347523434456 -87.49530984170701 82
      vertex -86.23113291660592 -87.81613313950497 82
      vertex -86.28759310273648 -86.95006591488097 82
    endloop
  endfacet
  facet normal 0 0 1
    outer loop
      vertex -85.83327415907024 -88.11749943721571 82
      vertex -85.85999601467034 -87.31530349783519 82
      vertex -86.23113291660592 -87.81613313950497 82
    endloop
  endfacet
  facet normal 0 0 1
    outer loop
      vertex -85.83327415907024 -88.11749943721571 82
      vertex -85.79242612453393 -87.25627666514869 82
      vertex -85.85999601467034 -87.31530349783519 82
    endloop
  endfacet
  facet normal 0 0 1
    outer loop
      vertex -86.23113291660592 -87.81613313950497 82
      vertex -85.85999601467034 -87.31530349783519 82
      vertex -86.17491059310962 -87.00403979620499 82
    endloop
  endfacet
  facet normal 0 0 1
    outer loop
      vertex -85.83327415907024 -88.11749943721571 82
      vertex -85.42088810129624 -88.39865949073922 82
      vertex -85.46779507275829 -87.61277501278387 82
    endloop
  endfacet
  facet normal 0 0 1
    outer loop
      vertex -84.99499999999999 -88.65891429188223 82
      vertex -85.06141288909129 -87.8886576569013 82
      vertex -85.42088810129624 -88.39865949073922 82
    endloop
  endfacet
  facet normal 0 0 1
    outer loop
      vertex -85.42088810129624 -88.39865949073922 82
      vertex -85.06141288909129 -87.8886576569013 82
      vertex -85.39546607306522 -87.4149564220486 82
    endloop
  endfacet
  facet normal 0 0 1
    outer loop
      vertex -85.83327415907024 -88.11749943721571 82
      vertex -85.46779507275829 -87.61277501278387 82
      vertex -85.79242612453393 -87.25627666514869 82
    endloop
  endfacet
  facet normal 0 0 1
    outer loop
      vertex -85.79242612453393 -87.25627666514869 82
      vertex -85.46779507275829 -87.61277501278387 82
      vertex -85.78929326512055 -87.1902247755262 82
    endloop
  endfacet
  facet normal 0 0 1
    outer loop
      vertex -85.42088810129624 -88.39865949073922 82
      vertex -85.39546607306522 -87.4149564220486 82
      vertex -85.46779507275829 -87.61277501278387 82
    endloop
  endfacet
  facet normal 0 0 1
    outer loop
      vertex -85.39546607306522 -87.4149564220486 82
      vertex -85.06141288909129 -87.8886576569013 82
      vertex -85.38863197076006 -87.1505114553356 82
    endloop
  endfacet
  facet normal 0 0 1
    outer loop
      vertex -84.99499999999999 -88.65891429188223 82
      vertex -84.55666868010516 -88.89761680620279 82
      vertex -84.64198192349036 -88.14238164200476 82
    endloop
  endfacet
  facet normal 0 0 1
    outer loop
      vertex -84.99499999999999 -88.65891429188223 82
      vertex -84.98907435920354 -87.3324756793768 82
      vertex -85.06141288909129 -87.8886576569013 82
    endloop
  endfacet
  facet normal 0 0 1
    outer loop
      vertex -84.99499999999999 -88.65891429188223 82
      vertex -84.64198192349036 -88.14238164200476 82
      vertex -84.98907435920354 -87.3324756793768 82
    endloop
  endfacet
  facet normal 0 0 1
    outer loop
      vertex -84.55666868010516 -88.89761680620279 82
      vertex -84.1333560904111 -88.41359175803802 82
      vertex -84.48616754264506 -88.23026124062174 82
    endloop
  endfacet
  facet normal 0 0 1
    outer loop
      vertex -84.55666868010516 -88.89761680620279 82
      vertex -84.61139262992684 -85.62004297522628 82
      vertex -84.64198192349036 -88.14238164200476 82
    endloop
  endfacet
  facet normal 0 0 1
    outer loop
      vertex -84.55666868010516 -88.89761680620279 82
      vertex -84.48616754264506 -88.23026124062174 82
      vertex -84.61139262992684 -85.62004297522628 82
    endloop
  endfacet
  facet normal 0 0 1
    outer loop
      vertex -87.32784923701655 -86.7985291050869 82
      vertex -86.97935054904158 -87.15582716108977 82
      vertex -87.02152569319763 -86.20715562059296 82
    endloop
  endfacet
  facet normal 0 0 1
    outer loop
      vertex -86.97935054904158 -87.15582716108977 82
      vertex -86.98486867032736 -86.24904860042466 82
      vertex -87.02152569319763 -86.20715562059296 82
    endloop
  endfacet
  facet normal 0 0 1
    outer loop
      vertex -86.61347523434456 -87.49530984170701 82
      vertex -86.64493430524102 -86.6093195229359 82
      vertex -86.97935054904158 -87.15582716108977 82
    endloop
  endfacet
  facet normal 0 0 1
    outer loop
      vertex -86.61347523434456 -87.49530984170701 82
      vertex -86.28759310273648 -86.95006591488097 82
      vertex -86.57420210741826 -85.44353187506891 82
    endloop
  endfacet
  facet normal 0 0 1
    outer loop
      vertex -86.61347523434456 -87.49530984170701 82
      vertex -86.57420210741826 -85.44353187506891 82
      vertex -86.64493430524102 -86.6093195229359 82
    endloop
  endfacet
  facet normal 0 0 1
    outer loop
      vertex -86.97935054904158 -87.15582716108977 82
      vertex -86.64493430524102 -86.6093195229359 82
      vertex -86.90877806883286 -85.59798548705767 82
    endloop
  endfacet
  facet normal 0 0 1
    outer loop
      vertex -86.97935054904158 -87.15582716108977 82
      vertex -86.90877806883286 -85.59798548705767 82
      vertex -86.98486867032736 -86.24904860042466 82
    endloop
  endfacet
  facet normal 0 0 1
    outer loop
      vertex -86.64493430524102 -86.6093195229359 82
      vertex -86.88850766434126 -85.15052947058906 82
      vertex -86.90877806883286 -85.59798548705767 82
    endloop
  endfacet
  facet normal 0 0 1
    outer loop
      vertex -85.85999601467034 -87.31530349783519 82
      vertex -86.17354417873473 -86.98430286700986 82
      vertex -86.17491059310962 -87.00403979620499 82
    endloop
  endfacet
  facet normal 0 0 1
    outer loop
      vertex -86.23113291660592 -87.81613313950497 82
      vertex -86.17491059310962 -87.00403979620499 82
      vertex -86.25915895559471 -83.84037127079954 82
    endloop
  endfacet
  facet normal 0 0 1
    outer loop
      vertex -86.23113291660592 -87.81613313950497 82
      vertex -86.25915895559471 -83.84037127079954 82
      vertex -86.28759310273648 -86.95006591488097 82
    endloop
  endfacet
  facet normal 0 0 1
    outer loop
      vertex -86.28759310273648 -86.95006591488097 82
      vertex -86.54029551064048 -83.67212191520267 82
      vertex -86.57420210741826 -85.44353187506891 82
    endloop
  endfacet
  facet normal 0 0 1
    outer loop
      vertex -84.64198192349036 -88.14238164200476 82
      vertex -84.97269601362258 -85.2147364107023 82
      vertex -84.98907435920354 -87.3324756793768 82
    endloop
  endfacet
  facet normal 0 0 1
    outer loop
      vertex -84.48616754264506 -88.23026124062174 82
      vertex -84.5426644093686 -85.5547271788277 82
      vertex -84.61139262992684 -85.62004297522628 82
    endloop
  endfacet
  facet normal 0 0 1
    outer loop
      vertex -87.96929639730145 -86.03408214735802 82
      vertex -87.99937700366986 -78.15811827392648 82
      vertex -87.9830280644791 -84.90966671062311 82
    endloop
  endfacet
  facet normal 0 0 1
    outer loop
      vertex -87.36689359908262 -85.79286379183948 82
      vertex -87.52542160560279 -81.70965922914645 82
      vertex -87.5941137726279 -83.01143691519448 82
    endloop
  endfacet
  facet normal 0 0 1
    outer loop
      vertex -88.53144172513788 -85.20956638582877 82
      vertex -87.9830280644791 -84.90966671062311 82
      vertex -88.07706951306693 -77.2090972810681 82
    endloop
  endfacet
  facet normal 0 0 1
    outer loop
      vertex -87.96929639730145 -86.03408214735802 82
      vertex -87.87772862477631 -82.7262206811416 82
      vertex -87.99937700366986 -78.15811827392648 82
    endloop
  endfacet
  facet normal 0 0 1
    outer loop
      vertex -87.68157555123246 -85.36863360700515 82
      vertex -87.81231799139857 -80.36327892047355 82
      vertex -87.87772862477631 -82.7262206811416 82
    endloop
  endfacet
  facet normal 0 0 1
    outer loop
      vertex -89.95025806140767 -80.98667414442411 82
      vertex -89.99987530778472 -79.99499999999999 82
      vertex -89.98755678140141 -80.48895731546358 82
    endloop
  endfacet
  facet normal 0 0 1
    outer loop
      vertex -87.02152569319763 -86.20715562059296 82
      vertex -87.21719359465537 -82.01722290762014 82
      vertex -87.2663056342712 -84.13929905642584 82
    endloop
  endfacet
  facet normal 0 0 1
    outer loop
      vertex -84.55666868010516 -88.89761680620279 82
      vertex -84.10698390233742 -89.11417358163985 82
      vertex -84.1333560904111 -88.41359175803802 82
    endloop
  endfacet
  facet normal 0 0 1
    outer loop
      vertex -84.10698390233742 -89.11417358163985 82
      vertex -84.0467844313149 -88.45508780643941 82
      vertex -84.1333560904111 -88.41359175803802 82
    endloop
  endfacet
  facet normal 0 0 1
    outer loop
      vertex -84.10698390233742 -89.11417358163985 82
      vertex -83.64706365390761 -89.30804622392847 82
      vertex -83.6873254638633 -88.61819691457181 82
    endloop
  endfacet
  facet normal 0 0 1
    outer loop
      vertex -84.10698390233742 -89.11417358163985 82
      vertex -83.6873254638633 -88.61819691457181 82
      vertex -84.0467844313149 -88.45508780643941 82
    endloop
  endfacet
  facet normal 0 0 1
    outer loop
      vertex -83.64706365390761 -89.30804622392847 82
      vertex -83.17805136901936 -89.47875273513299 82
      vertex -83.23164238530562 -88.79901484838159 82
    endloop
  endfacet
  facet normal 0 0 1
    outer loop
      vertex -83.6873254638633 -88.61819691457181 82
      vertex -83.64706365390761 -89.30804622392847 82
      vertex -83.5964039298455 -88.65638990037074 82
    endloop
  endfacet
  facet normal 0 0 1
    outer loop
      vertex -83.64706365390761 -89.30804622392847 82
      vertex -83.23164238530562 -88.79901484838159 82
      vertex -83.5964039298455 -88.65638990037074 82
    endloop
  endfacet
  facet normal 0 0 1
    outer loop
      vertex -83.17805136901936 -89.47875273513299 82
      vertex -83.136176320875 -88.83368315055131 82
      vertex -83.23164238530562 -88.79901484838159 82
    endloop
  endfacet
  facet normal 0 0 1
    outer loop
      vertex -83.17805136901936 -89.47875273513299 82
      vertex -82.76750080169921 -88.95564721895941 82
      vertex -83.136176320875 -88.83368315055131 82
    endloop
  endfacet
  facet normal 0 0 1
    outer loop
      vertex -84.0467844313149 -88.45508780643941 82
      vertex -84.09975612930177 -85.91564718876259 82
      vertex -84.1333560904111 -88.41359175803802 82
    endloop
  endfacet
  facet normal 0 0 1
    outer loop
      vertex -83.23164238530562 -88.79901484838159 82
      vertex -83.136176320875 -88.83368315055131 82
      vertex -83.18036436985653 -86.54564048341192 82
    endloop
  endfacet
  facet normal 0 0 1
    outer loop
      vertex -83.6873254638633 -88.61819691457181 82
      vertex -83.5964039298455 -88.65638990037074 82
      vertex -83.64522664506238 -86.24570806140831 82
    endloop
  endfacet
  facet normal 0 0 1
    outer loop
      vertex -83.23164238530562 -88.79901484838159 82
      vertex -83.18036436985653 -86.54564048341192 82
      vertex -83.2419070695162 -86.50803252251096 82
    endloop
  endfacet
  facet normal 0 0 1
    outer loop
      vertex -83.17805136901936 -89.47875273513299 82
      vertex -82.70111308611148 -89.62586871196962 82
      vertex -82.76750080169921 -88.95564721895941 82
    endloop
  endfacet
  facet normal 0 0 1
    outer loop
      vertex -82.70111308611148 -89.62586871196962 82
      vertex -82.2174345489027 -89.74902840094005 82
      vertex -82.29610765318512 -89.0877464687545 82
    endloop
  endfacet
  facet normal 0 0 1
    outer loop
      vertex -82.70111308611148 -89.62586871196962 82
      vertex -82.66726387904802 -88.98652817789919 82
      vertex -82.76750080169921 -88.95564721895941 82
    endloop
  endfacet
  facet normal 0 0 1
    outer loop
      vertex -82.70111308611148 -89.62586871196962 82
      vertex -82.29610765318512 -89.0877464687545 82
      vertex -82.66726387904802 -88.98652817789919 82
    endloop
  endfacet
  facet normal 0 0 1
    outer loop
      vertex -82.29610765318512 -89.0877464687545 82
      vertex -82.2174345489027 -89.74902840094005 82
      vertex -82.19083697943132 -89.11453022204623 82
    endloop
  endfacet
  facet normal 0 0 1
    outer loop
      vertex -82.2174345489027 -89.74902840094005 82
      vertex -81.72821825844596 -89.8479256076522 82
      vertex -81.8186798437546 -89.19501649062413 82
    endloop
  endfacet
  facet normal 0 0 1
    outer loop
      vertex -82.2174345489027 -89.74902840094005 82
      vertex -81.8186798437546 -89.19501649062413 82
      vertex -82.19083697943132 -89.11453022204623 82
    endloop
  endfacet
  facet normal 0 0 1
    outer loop
      vertex -81.72821825844596 -89.8479256076522 82
      vertex -81.70806962780712 -89.21733795509716 82
      vertex -81.8186798437546 -89.19501649062413 82
    endloop
  endfacet
  facet normal 0 0 1
    outer loop
      vertex -81.72821825844596 -89.8479256076522 82
      vertex -81.33644091264573 -89.27721282333532 82
      vertex -81.70806962780712 -89.21733795509716 82
    endloop
  endfacet
  facet normal 0 0 1
    outer loop
      vertex -82.76750080169921 -88.95564721895941 82
      vertex -82.66726387904802 -88.98652817789919 82
      vertex -82.70648700630895 -86.81603009420438 82
    endloop
  endfacet
  facet normal 0 0 1
    outer loop
      vertex -82.76750080169921 -88.95564721895941 82
      vertex -82.70648700630895 -86.81603009420438 82
      vertex -82.76484878856269 -86.78424796153008 82
    endloop
  endfacet
  facet normal 0 0 1
    outer loop
      vertex -82.29610765318512 -89.0877464687545 82
      vertex -82.2249378112917 -87.05736997289833 82
      vertex -82.28023262672988 -87.03074139323165 82
    endloop
  endfacet
  facet normal 0 0 1
    outer loop
      vertex -82.29610765318512 -89.0877464687545 82
      vertex -82.19083697943132 -89.11453022204623 82
      vertex -82.2249378112917 -87.05736997289833 82
    endloop
  endfacet
  facet normal 0 0 1
    outer loop
      vertex -81.8186798437546 -89.19501649062413 82
      vertex -81.70806962780712 -89.21733795509716 82
      vertex -81.73708178831669 -87.27010039825247 82
    endloop
  endfacet
  facet normal 0 0 1
    outer loop
      vertex -81.8186798437546 -89.19501649062413 82
      vertex -81.73708178831669 -87.27010039825247 82
      vertex -81.78939945853944 -87.24804665089279 82
    endloop
  endfacet
  facet normal 0 0 1
    outer loop
      vertex -84.1333560904111 -88.41359175803802 82
      vertex -84.09975612930177 -85.91564718876259 82
      vertex -84.16812023543494 -85.86386339068996 82
    endloop
  endfacet
  facet normal 0 0 1
    outer loop
      vertex -83.6873254638633 -88.61819691457181 82
      vertex -83.64522664506238 -86.24570806140831 82
      vertex -83.71009233570746 -86.20148338234895 82
    endloop
  endfacet
  facet normal 0 0 1
    outer loop
      vertex -81.72821825844596 -89.8479256076522 82
      vertex -81.23468048352132 -89.92231445806772 82
      vertex -81.33644091264573 -89.27721282333532 82
    endloop
  endfacet
  facet normal 0 0 1
    outer loop
      vertex -81.23468048352132 -89.92231445806772 82
      vertex -81.22013426766514 -89.29464127983984 82
      vertex -81.33644091264573 -89.27721282333532 82
    endloop
  endfacet
  facet normal 0 0 1
    outer loop
      vertex -81.23468048352132 -89.92231445806772 82
      vertex -80.7380482368001 -89.9720100097836 82
      vertex -80.85061736180934 -89.33414230094536 82
    endloop
  endfacet
  facet normal 0 0 1
    outer loop
      vertex -81.23468048352132 -89.92231445806772 82
      vertex -80.85061736180934 -89.33414230094536 82
      vertex -81.22013426766514 -89.29464127983984 82
    endloop
  endfacet
  facet normal 0 0 1
    outer loop
      vertex -81.22013426766514 -89.29464127983984 82
      vertex -81.2443018182849 -87.45463954359356 82
      vertex -81.33644091264573 -89.27721282333532 82
    endloop
  endfacet
  facet normal 0 0 1
    outer loop
      vertex -80.7380482368001 -89.9720100097836 82
      vertex -80.72819564357107 -89.34616781246723 82
      vertex -80.85061736180934 -89.33414230094536 82
    endloop
  endfacet
  facet normal 0 0 1
    outer loop
      vertex -80.7380482368001 -89.9720100097836 82
      vertex -80.36243456395964 -89.36566204185236 82
      vertex -80.72819564357107 -89.34616781246723 82
    endloop
  endfacet
  facet normal 0 0 1
    outer loop
      vertex -80.7380482368001 -89.9720100097836 82
      vertex -80.2395562242981 -89.99688871182816 82
      vertex -80.36243456395964 -89.36566204185236 82
    endloop
  endfacet
  facet normal 0 0 1
    outer loop
      vertex -80.2395562242981 -89.99688871182816 82
      vertex -80.23340338770602 -89.37167760428237 82
      vertex -80.36243456395964 -89.36566204185236 82
    endloop
  endfacet
  facet normal 0 0 1
    outer loop
      vertex -80.2395562242981 -89.99688871182816 82
      vertex -80.05686707866244 -89.37167760428237 82
      vertex -80.23340338770602 -89.37167760428237 82
    endloop
  endfacet
  facet normal 0 0 1
    outer loop
      vertex -80.85061736180934 -89.33414230094536 82
      vertex -80.72819564357107 -89.34616781246723 82
      vertex -80.74799473956016 -87.61140763704653 82
    endloop
  endfacet
  facet normal 0 0 1
    outer loop
      vertex -80.36243456395964 -89.36566204185236 82
      vertex -80.23340338770602 -89.37167760428237 82
      vertex -80.24956738847914 -87.74084637460741 82
    endloop
  endfacet
  facet normal 0 0 1
    outer loop
      vertex -81.33644091264573 -89.27721282333532 82
      vertex -81.2443018182849 -87.45463954359356 82
      vertex -81.2937110904814 -87.43665603921727 82
    endloop
  endfacet
  facet normal 0 0 1
    outer loop
      vertex -80.85061736180934 -89.33414230094536 82
      vertex -80.74799473956016 -87.61140763704653 82
      vertex -80.79454561108795 -87.59704859483324 82
    endloop
  endfacet
  facet normal 0 0 1
    outer loop
      vertex -80.36243456395964 -89.36566204185236 82
      vertex -80.24956738847914 -87.74084637460741 82
      vertex -80.29329285145843 -87.7297125036449 82
    endloop
  endfacet
  facet normal 0 0 1
    outer loop
      vertex -80.2395562242981 -89.99688871182816 82
      vertex -79.99499999999999 -89.99688871182816 82
      vertex -80.05686707866244 -89.37167760428237 82
    endloop
  endfacet
  facet normal 0 0 1
    outer loop
      vertex -79.99499999999999 -89.99688871182816 82
      vertex -79.26592533114002 -88.82239036400257 82
      vertex -79.75147790469111 -89.3324250775269 82
    endloop
  endfacet
  facet normal 0 0 1
    outer loop
      vertex -79.99499999999999 -89.99688871182816 82
      vertex -79.25434151052177 -89.25738242334879 82
      vertex -79.26592533114002 -88.82239036400257 82
    endloop
  endfacet
  facet normal 0 0 1
    outer loop
      vertex -79.99499999999999 -89.99688871182816 82
      vertex -79.77991969608681 -88.2643876986328 82
      vertex -80.05686707866244 -89.37167760428237 82
    endloop
  endfacet
  facet normal 0 0 1
    outer loop
      vertex -79.99499999999999 -89.99688871182816 82
      vertex -79.75147790469111 -89.3324250775269 82
      vertex -79.77991969608681 -88.2643876986328 82
    endloop
  endfacet
  facet normal 0 0 1
    outer loop
      vertex -79.75147790469111 -89.3324250775269 82
      vertex -79.26592533114002 -88.82239036400257 82
      vertex -79.75043261152086 -89.3295729367471 82
    endloop
  endfacet
  facet normal 0 0 1
    outer loop
      vertex -87.99937700366986 -78.15811827392648 82
      vertex -88.0356500648657 -75.17443533118794 82
      vertex -88.07706951306693 -77.2090972810681 82
    endloop
  endfacet
  facet normal 0 0 1
    outer loop
      vertex -88.78099794943599 -84.77732232599939 82
      vertex -88.53144172513788 -85.20956638582877 82
      vertex -89.99688871182816 79.99499999999999 82
    endloop
  endfacet
  facet normal 0 0 1
    outer loop
      vertex -88.78099794943599 -84.77732232599939 82
      vertex -89.99688871182816 79.99499999999999 82
      vertex -89.0086983677032 -84.33317622856676 82
    endloop
  endfacet
  facet normal 0 0 1
    outer loop
      vertex -89.0086983677032 -84.33317622856676 82
      vertex -89.99688871182816 79.99499999999999 82
      vertex -89.21397688082277 -83.87823231070969 82
    endloop
  endfacet
  facet normal 0 0 1
    outer loop
      vertex -89.39632313406693 -83.41362163468995 82
      vertex -89.21397688082277 -83.87823231070969 82
      vertex -89.99688871182816 79.99499999999999 82
    endloop
  endfacet
  facet normal 0 0 1
    outer loop
      vertex -89.39632313406693 -83.41362163468995 82
      vertex -89.99688871182816 79.99499999999999 82
      vertex -89.55528378591926 -82.94049929585314 82
    endloop
  endfacet
  facet normal 0 0 1
    outer loop
      vertex -89.69046363515307 -82.46004155087984 82
      vertex -89.99688871182816 79.99499999999999 82
      vertex -89.80152660336393 -81.97344289342597 82
    endloop
  endfacet
  facet normal 0 0 1
    outer loop
      vertex -89.69046363515307 -82.46004155087984 82
      vertex -89.55528378591926 -82.94049929585314 82
      vertex -89.99688871182816 79.99499999999999 82
    endloop
  endfacet
  facet normal 0 0 1
    outer loop
      vertex -89.80152660336393 -81.97344289342597 82
      vertex -89.99688871182816 79.99499999999999 82
      vertex -89.88819657051353 -81.4819130844235 82
    endloop
  endfacet
  facet normal 0 0 1
    outer loop
      vertex -89.88819657051353 -81.4819130844235 82
      vertex -89.99688871182816 79.99499999999999 82
      vertex -89.95025806140767 -80.98667414442411 82
    endloop
  endfacet
  facet normal 0 0 1
    outer loop
      vertex -89.95025806140767 -80.98667414442411 82
      vertex -89.99688871182816 79.99499999999999 82
      vertex -89.99987530778472 -79.99499999999999 82
    endloop
  endfacet
  facet normal 0 0 1
    outer loop
      vertex -88.53144172513788 -85.20956638582877 82
      vertex -88.07706951306693 -77.2090972810681 82
      vertex -89.99688871182816 79.99499999999999 82
    endloop
  endfacet
  facet normal 0 0 1
    outer loop
      vertex -90 -79.99499999999999 82
      vertex -89.99987530778472 -79.99499999999999 82
      vertex -90 79.99499999999999 82
    endloop
  endfacet
  facet normal 0 0 1
    outer loop
      vertex -88.07706951306693 -77.2090972810681 82
      vertex -88.0356500648657 -75.17443533118794 82
      vertex -89.99688871182816 79.99499999999999 82
    endloop
  endfacet
  facet normal 0 0 1
    outer loop
      vertex -88 -75.11745834012194 82
      vertex -88 75.11745834012194 82
      vertex -88.0356500648657 -75.17443533118794 82
    endloop
  endfacet
  facet normal 0 -1 0
    outer loop
      vertex -79.99499999999999 -90 0
      vertex 79.99499999999999 -90 82
      vertex -79.99499999999999 -90 82
    endloop
  endfacet
  facet normal 0 0 1
    outer loop
      vertex -79.99499999999999 -89.99688871182816 82
      vertex 75.45284118011212 -88.0321311997665 82
      vertex -79.25434151052177 -89.25738242334879 82
    endloop
  endfacet
  facet normal 0 0 1
    outer loop
      vertex -79.25434151052177 -89.25738242334879 82
      vertex 75.45284118011212 -88.0321311997665 82
      vertex -78.26291821168331 -88.2675014263018 82
    endloop
  endfacet
  facet normal 0 0 1
    outer loop
      vertex -78.26291821168331 -88.2675014263018 82
      vertex 75.45284118011212 -88.0321311997665 82
      vertex -77.80454568738271 -88 82
    endloop
  endfacet
  facet normal 0 0 1
    outer loop
      vertex -79.99499999999999 -90 82
      vertex 79.99499999999999 -89.99987530778472 82
      vertex -79.99499999999999 -89.99688871182816 82
    endloop
  endfacet
  facet normal 0 0 1
    outer loop
      vertex -77.80454568738271 -88 82
      vertex 75.45284118011212 -88.0321311997665 82
      vertex -75.11638374797523 -88 82
    endloop
  endfacet
  facet normal 0 0 -1
    outer loop
      vertex -90 -79.99499999999999 0
      vertex -90 79.99499999999999 0
      vertex -89.99688871182816 79.99499999999999 0
    endloop
  endfacet
  facet normal 0 0 -1
    outer loop
      vertex -89.99987530778472 -79.99499999999999 0
      vertex -89.99688871182816 79.99499999999999 0
      vertex -83.7179182301518 79.51052677917481 0
    endloop
  endfacet
  facet normal 0 0 -1
    outer loop
      vertex -89.99987530778472 -79.99499999999999 0
      vertex -83.24759526419165 78.125 0
      vertex -82.97507502609213 77.7171446412173 0
    endloop
  endfacet
  facet normal 0 0 -1
    outer loop
      vertex -89.99987530778472 -79.99499999999999 0
      vertex -82.97507502609213 77.7171446412173 0
      vertex -82.65165042944955 77.34834957055045 0
    endloop
  endfacet
  facet normal 0 0 -1
    outer loop
      vertex -89.99987530778472 -79.99499999999999 0
      vertex -82.2828553587827 77.02492497390787 0
      vertex -81.875 76.75240473580835 0
    endloop
  endfacet
  facet normal 0 0 -1
    outer loop
      vertex -89.99987530778472 -79.99499999999999 0
      vertex -81.875 76.75240473580835 0
      vertex -81.43506287136908 76.53545175308267 0
    endloop
  endfacet
  facet normal 0 0 -1
    outer loop
      vertex -89.99987530778472 -79.99499999999999 0
      vertex -82.65165042944955 77.34834957055045 0
      vertex -82.2828553587827 77.02492497390787 0
    endloop
  endfacet
  facet normal 0 0 -1
    outer loop
      vertex -89.99987530778472 -79.99499999999999 0
      vertex -83.46454824691733 78.56493712863092 0
      vertex -83.24759526419165 78.125 0
    endloop
  endfacet
  facet normal 0 0 -1
    outer loop
      vertex -89.99987530778472 -79.99499999999999 0
      vertex -83.622221848584 79.02942858086554 0
      vertex -83.46454824691733 78.56493712863092 0
    endloop
  endfacet
  facet normal 0 0 -1
    outer loop
      vertex -89.99987530778472 -79.99499999999999 0
      vertex -83.7179182301518 79.51052677917481 0
      vertex -83.622221848584 79.02942858086554 0
    endloop
  endfacet
  facet normal 0 0 -1
    outer loop
      vertex -89.99987530778472 -79.99499999999999 0
      vertex -81.43506287136908 76.53545175308267 0
      vertex -80.97057141913446 76.377778151416 0
    endloop
  endfacet
  facet normal 0 0 -1
    outer loop
      vertex -89.99987530778472 -79.99499999999999 0
      vertex -80.97057141913446 76.377778151416 0
      vertex -80.48947322082519 76.2820817698482 0
    endloop
  endfacet
  facet normal 0 0 -1
    outer loop
      vertex -89.99987530778472 -79.99499999999999 0
      vertex -80.48947322082519 76.2820817698482 0
      vertex -80 76.25 0
    endloop
  endfacet
  facet normal 0 0 -1
    outer loop
      vertex -89.99987530778472 -79.99499999999999 0
      vertex -80 76.25 0
      vertex -79.51052677917481 76.2820817698482 0
    endloop
  endfacet
  facet normal 0 0 -1
    outer loop
      vertex -89.99987530778472 -79.99499999999999 0
      vertex -79.51052677917481 76.2820817698482 0
      vertex -79.02942858086554 76.377778151416 0
    endloop
  endfacet
  facet normal 0 0 -1
    outer loop
      vertex -89.99987530778472 -79.99499999999999 0
      vertex -79.02942858086554 76.377778151416 0
      vertex -78.56493712863092 76.53545175308267 0
    endloop
  endfacet
  facet normal 0 0 -1
    outer loop
      vertex -89.99987530778472 -79.99499999999999 0
      vertex -78.56493712863092 76.53545175308267 0
      vertex -78.125 76.75240473580835 0
    endloop
  endfacet
  facet normal 0 0 -1
    outer loop
      vertex -89.99987530778472 -79.99499999999999 0
      vertex -78.125 76.75240473580835 0
      vertex -77.7171446412173 77.02492497390787 0
    endloop
  endfacet
  facet normal 0 0 -1
    outer loop
      vertex -89.99987530778472 -79.99499999999999 0
      vertex -77.7171446412173 77.02492497390787 0
      vertex -77.34834957055045 77.34834957055045 0
    endloop
  endfacet
  facet normal 0 0 -1
    outer loop
      vertex -89.99987530778472 -79.99499999999999 0
      vertex -77.34834957055045 77.34834957055045 0
      vertex -77.02492497390787 77.7171446412173 0
    endloop
  endfacet
  facet normal 0 0 -1
    outer loop
      vertex -89.99987530778472 -79.99499999999999 0
      vertex -77.02492497390787 77.7171446412173 0
      vertex -76.75240473580835 78.125 0
    endloop
  endfacet
  facet normal 0 0 -1
    outer loop
      vertex -89.99987530778472 -79.99499999999999 0
      vertex -76.75240473580835 78.125 0
      vertex -76.53545175308267 78.56493712863092 0
    endloop
  endfacet
  facet normal 0 0 -1
    outer loop
      vertex -89.99987530778472 -79.99499999999999 0
      vertex -76.53545175308267 78.56493712863092 0
      vertex -76.377778151416 79.02942858086554 0
    endloop
  endfacet
  facet normal 0 0 -1
    outer loop
      vertex -89.99987530778472 -79.99499999999999 0
      vertex -76.377778151416 79.02942858086554 0
      vertex -76.2820817698482 79.51052677917481 0
    endloop
  endfacet
  facet normal 0 0 -1
    outer loop
      vertex -89.99688871182816 79.99499999999999 0
      vertex -89.99688871182816 80.2395562242981 0
      vertex -83.75 80 0
    endloop
  endfacet
  facet normal 0 0 -1
    outer loop
      vertex -89.99688871182816 80.2395562242981 0
      vertex -89.9720100097836 80.7380482368001 0
      vertex -83.7179182301518 80.48947322082519 0
    endloop
  endfacet
  facet normal 0 0 -1
    outer loop
      vertex -89.9720100097836 80.7380482368001 0
      vertex -89.92231445806772 81.23468048352132 0
      vertex -83.622221848584 80.97057141913446 0
    endloop
  endfacet
  facet normal 0 0 -1
    outer loop
      vertex -89.92231445806772 81.23468048352132 0
      vertex -89.8479256076522 81.72821825844596 0
      vertex -83.46454824691733 81.43506287136908 0
    endloop
  endfacet
  facet normal 0 0 -1
    outer loop
      vertex -89.8479256076522 81.72821825844596 0
      vertex -89.74902840094005 82.2174345489027 0
      vertex -83.24759526419165 81.875 0
    endloop
  endfacet
  facet normal 0 0 -1
    outer loop
      vertex -89.74902840094005 82.2174345489027 0
      vertex -89.62586871196962 82.70111308611148 0
      vertex -82.97507502609213 82.2828553587827 0
    endloop
  endfacet
  facet normal 0 0 -1
    outer loop
      vertex -89.99688871182816 79.99499999999999 0
      vertex -83.75 80 0
      vertex -83.7179182301518 79.51052677917481 0
    endloop
  endfacet
  facet normal 0 0 -1
    outer loop
      vertex -89.99688871182816 80.2395562242981 0
      vertex -83.7179182301518 80.48947322082519 0
      vertex -83.75 80 0
    endloop
  endfacet
  facet normal 0 0 -1
    outer loop
      vertex -89.9720100097836 80.7380482368001 0
      vertex -83.622221848584 80.97057141913446 0
      vertex -83.7179182301518 80.48947322082519 0
    endloop
  endfacet
  facet normal 0 0 -1
    outer loop
      vertex -89.92231445806772 81.23468048352132 0
      vertex -83.46454824691733 81.43506287136908 0
      vertex -83.622221848584 80.97057141913446 0
    endloop
  endfacet
  facet normal 0 0 -1
    outer loop
      vertex -89.62586871196962 82.70111308611148 0
      vertex -89.47875273513299 83.17805136901936 0
      vertex -82.2828553587827 82.97507502609213 0
    endloop
  endfacet
  facet normal 0 0 -1
    outer loop
      vertex -89.47875273513299 83.17805136901936 0
      vertex -89.30804622392847 83.64706365390761 0
      vertex -81.43506287136908 83.46454824691733 0
    endloop
  endfacet
  facet normal 0 0 -1
    outer loop
      vertex -89.8479256076522 81.72821825844596 0
      vertex -83.24759526419165 81.875 0
      vertex -83.46454824691733 81.43506287136908 0
    endloop
  endfacet
  facet normal 0 0 -1
    outer loop
      vertex -89.74902840094005 82.2174345489027 0
      vertex -82.97507502609213 82.2828553587827 0
      vertex -83.24759526419165 81.875 0
    endloop
  endfacet
  facet normal 0 0 -1
    outer loop
      vertex -89.62586871196962 82.70111308611148 0
      vertex -82.65165042944955 82.65165042944955 0
      vertex -82.97507502609213 82.2828553587827 0
    endloop
  endfacet
  facet normal 0 0 -1
    outer loop
      vertex -89.62586871196962 82.70111308611148 0
      vertex -82.2828553587827 82.97507502609213 0
      vertex -82.65165042944955 82.65165042944955 0
    endloop
  endfacet
  facet normal 0 0 -1
    outer loop
      vertex -89.47875273513299 83.17805136901936 0
      vertex -81.875 83.24759526419165 0
      vertex -82.2828553587827 82.97507502609213 0
    endloop
  endfacet
  facet normal 0 0 -1
    outer loop
      vertex -89.47875273513299 83.17805136901936 0
      vertex -81.43506287136908 83.46454824691733 0
      vertex -81.875 83.24759526419165 0
    endloop
  endfacet
  facet normal 0 0 -1
    outer loop
      vertex -89.30804622392847 83.64706365390761 0
      vertex -80.97057141913446 83.622221848584 0
      vertex -81.43506287136908 83.46454824691733 0
    endloop
  endfacet
  facet normal 0 0 -1
    outer loop
      vertex -89.30804622392847 83.64706365390761 0
      vertex -80.48947322082519 83.7179182301518 0
      vertex -80.97057141913446 83.622221848584 0
    endloop
  endfacet
  facet normal 0 0 -1
    outer loop
      vertex -89.30804622392847 83.64706365390761 0
      vertex -80 83.75 0
      vertex -80.48947322082519 83.7179182301518 0
    endloop
  endfacet
  facet normal 0 0 -1
    outer loop
      vertex -89.99987530778472 -79.99499999999999 0
      vertex -76.2820817698482 79.51052677917481 0
      vertex 79.99499999999999 89.99688871182816 0
    endloop
  endfacet
  facet normal 0 0 -1
    outer loop
      vertex -89.30804622392847 83.64706365390761 0
      vertex -89.11417358163985 84.10698390233742 0
      vertex 79.99499999999999 89.99688871182816 0
    endloop
  endfacet
  facet normal 0 0 -1
    outer loop
      vertex -89.11417358163985 84.10698390233742 0
      vertex -88.89761680620279 84.55666868010516 0
      vertex 79.99499999999999 89.99688871182816 0
    endloop
  endfacet
  facet normal 0 0 -1
    outer loop
      vertex -88.89761680620279 84.55666868010516 0
      vertex -88.65891429188223 84.99499999999999 0
      vertex 79.99499999999999 89.99688871182816 0
    endloop
  endfacet
  facet normal 0 0 -1
    outer loop
      vertex -88.65891429188223 84.99499999999999 0
      vertex -88.39865949073922 85.42088810129624 0
      vertex 79.99499999999999 89.99688871182816 0
    endloop
  endfacet
  facet normal 0 0 -1
    outer loop
      vertex -88.39865949073922 85.42088810129624 0
      vertex -88.11749943721571 85.83327415907024 0
      vertex 79.99499999999999 89.99688871182816 0
    endloop
  endfacet
  facet normal 0 0 -1
    outer loop
      vertex -88.11749943721571 85.83327415907024 0
      vertex -87.81613313950497 86.23113291660592 0
      vertex 79.99499999999999 89.99688871182816 0
    endloop
  endfacet
  facet normal 0 0 -1
    outer loop
      vertex -87.81613313950497 86.23113291660592 0
      vertex -87.49530984170701 86.61347523434456 0
      vertex 79.99499999999999 89.99688871182816 0
    endloop
  endfacet
  facet normal 0 0 -1
    outer loop
      vertex -87.49530984170701 86.61347523434456 0
      vertex -87.15582716108977 86.97935054904158 0
      vertex 79.99499999999999 89.99688871182816 0
    endloop
  endfacet
  facet normal 0 0 -1
    outer loop
      vertex -87.15582716108977 86.97935054904158 0
      vertex -86.7985291050869 87.32784923701655 0
      vertex 79.99499999999999 89.99688871182816 0
    endloop
  endfacet
  facet normal 0 0 -1
    outer loop
      vertex -86.7985291050869 87.32784923701655 0
      vertex -86.42430397296225 87.65810487562096 0
      vertex 79.99499999999999 89.99688871182816 0
    endloop
  endfacet
  facet normal 0 0 -1
    outer loop
      vertex -89.30804622392847 83.64706365390761 0
      vertex 79.99499999999999 89.99688871182816 0
      vertex -80 83.75 0
    endloop
  endfacet
  facet normal 0 0 -1
    outer loop
      vertex -86.42430397296225 87.65810487562096 0
      vertex -86.03408214735802 87.96929639730145 0
      vertex 79.99499999999999 89.99688871182816 0
    endloop
  endfacet
  facet normal 0 0 -1
    outer loop
      vertex -86.03408214735802 87.96929639730145 0
      vertex -85.62883378121685 88.2606501309031 0
      vertex 79.99499999999999 89.99688871182816 0
    endloop
  endfacet
  facet normal 0 0 -1
    outer loop
      vertex -85.62883378121685 88.2606501309031 0
      vertex -85.20956638582877 88.53144172513788 0
      vertex 79.99499999999999 89.99688871182816 0
    endloop
  endfacet
  facet normal 0 0 -1
    outer loop
      vertex -85.20956638582877 88.53144172513788 0
      vertex -84.77732232599939 88.78099794943599 0
      vertex 79.99499999999999 89.99688871182816 0
    endloop
  endfacet
  facet normal 0 0 -1
    outer loop
      vertex -84.77732232599939 88.78099794943599 0
      vertex -84.33317622856676 89.0086983677032 0
      vertex 79.99499999999999 89.99688871182816 0
    endloop
  endfacet
  facet normal 0 0 -1
    outer loop
      vertex -84.33317622856676 89.0086983677032 0
      vertex -83.87823231070969 89.21397688082277 0
      vertex 79.99499999999999 89.99688871182816 0
    endloop
  endfacet
  facet normal 0 0 -1
    outer loop
      vertex -83.87823231070969 89.21397688082277 0
      vertex -83.41362163468995 89.39632313406693 0
      vertex 79.99499999999999 89.99688871182816 0
    endloop
  endfacet
  facet normal 0 0 -1
    outer loop
      vertex -83.41362163468995 89.39632313406693 0
      vertex -82.94049929585314 89.55528378591926 0
      vertex 79.99499999999999 89.99688871182816 0
    endloop
  endfacet
  facet normal 0 0 -1
    outer loop
      vertex -82.94049929585314 89.55528378591926 0
      vertex -82.46004155087984 89.69046363515307 0
      vertex 79.99499999999999 89.99688871182816 0
    endloop
  endfacet
  facet normal 0 0 -1
    outer loop
      vertex -82.46004155087984 89.69046363515307 0
      vertex -81.97344289342597 89.80152660336393 0
      vertex 79.99499999999999 89.99688871182816 0
    endloop
  endfacet
  facet normal 0 0 -1
    outer loop
      vertex 79.99499999999999 89.99688871182816 0
      vertex -76.2820817698482 79.51052677917481 0
      vertex -76.25 80 0
    endloop
  endfacet
  facet normal 0 0 -1
    outer loop
      vertex 79.99499999999999 89.99688871182816 0
      vertex -76.25 80 0
      vertex -76.2820817698482 80.48947322082519 0
    endloop
  endfacet
  facet normal 0 0 -1
    outer loop
      vertex 79.99499999999999 89.99688871182816 0
      vertex -76.377778151416 80.97057141913446 0
      vertex -76.53545175308267 81.43506287136908 0
    endloop
  endfacet
  facet normal 0 0 -1
    outer loop
      vertex 79.99499999999999 89.99688871182816 0
      vertex -76.2820817698482 80.48947322082519 0
      vertex -76.377778151416 80.97057141913446 0
    endloop
  endfacet
  facet normal 0 0 -1
    outer loop
      vertex 79.99499999999999 89.99688871182816 0
      vertex -79.02942858086554 83.622221848584 0
      vertex -79.51052677917481 83.7179182301518 0
    endloop
  endfacet
  facet normal 0 0 -1
    outer loop
      vertex 79.99499999999999 89.99688871182816 0
      vertex -78.56493712863092 83.46454824691733 0
      vertex -79.02942858086554 83.622221848584 0
    endloop
  endfacet
  facet normal 0 0 -1
    outer loop
      vertex 79.99499999999999 89.99688871182816 0
      vertex -78.125 83.24759526419165 0
      vertex -78.56493712863092 83.46454824691733 0
    endloop
  endfacet
  facet normal 0 0 -1
    outer loop
      vertex 79.99499999999999 89.99688871182816 0
      vertex -79.51052677917481 83.7179182301518 0
      vertex -80 83.75 0
    endloop
  endfacet
  facet normal 0 0 -1
    outer loop
      vertex -81.97344289342597 89.80152660336393 0
      vertex -81.4819130844235 89.88819657051353 0
      vertex 79.99499999999999 89.99688871182816 0
    endloop
  endfacet
  facet normal 0 0 -1
    outer loop
      vertex -81.4819130844235 89.88819657051353 0
      vertex -80.98667414442411 89.95025806140767 0
      vertex 79.99499999999999 89.99688871182816 0
    endloop
  endfacet
  facet normal 0 0 -1
    outer loop
      vertex -80.98667414442411 89.95025806140767 0
      vertex -80.48895731546358 89.98755678140141 0
      vertex 79.99499999999999 89.99688871182816 0
    endloop
  endfacet
  facet normal 0 0 -1
    outer loop
      vertex -80.48895731546358 89.98755678140141 0
      vertex -79.99499999999999 89.99987530778472 0
      vertex 79.99499999999999 89.99688871182816 0
    endloop
  endfacet
  facet normal 0 0 -1
    outer loop
      vertex -79.99499999999999 90 0
      vertex 79.99499999999999 89.99688871182816 0
      vertex -79.99499999999999 89.99987530778472 0
    endloop
  endfacet
  facet normal 0 0 -1
    outer loop
      vertex 79.99499999999999 89.99688871182816 0
      vertex -77.02492497390787 82.2828553587827 0
      vertex -77.34834957055045 82.65165042944955 0
    endloop
  endfacet
  facet normal 0 0 -1
    outer loop
      vertex 79.99499999999999 89.99688871182816 0
      vertex -77.7171446412173 82.97507502609213 0
      vertex -78.125 83.24759526419165 0
    endloop
  endfacet
  facet normal 0 0 -1
    outer loop
      vertex 79.99499999999999 89.99688871182816 0
      vertex -77.34834957055045 82.65165042944955 0
      vertex -77.7171446412173 82.97507502609213 0
    endloop
  endfacet
  facet normal 0 0 -1
    outer loop
      vertex 79.99499999999999 89.99688871182816 0
      vertex -76.75240473580835 81.875 0
      vertex -77.02492497390787 82.2828553587827 0
    endloop
  endfacet
  facet normal 0 0 -1
    outer loop
      vertex 79.99499999999999 89.99688871182816 0
      vertex -76.53545175308267 81.43506287136908 0
      vertex -76.75240473580835 81.875 0
    endloop
  endfacet
  facet normal 0 1 0
    outer loop
      vertex -79.99499999999999 90 0
      vertex -79.99499999999999 90 82
      vertex 79.99499999999999 90 0
    endloop
  endfacet
  facet normal -1 0 0
    outer loop
      vertex -90 -79.99499999999999 82
      vertex -90 79.99499999999999 82
      vertex -90 79.99499999999999 0
    endloop
  endfacet
  facet normal 0 0 1
    outer loop
      vertex -89.99987530778472 -79.99499999999999 82
      vertex -89.99688871182816 79.99499999999999 82
      vertex -90 79.99499999999999 82
    endloop
  endfacet
  facet normal 0 0 1
    outer loop
      vertex -88.0356500648657 -75.17443533118794 82
      vertex -89.33051935716588 79.32759239664665 82
      vertex -89.99688871182816 79.99499999999999 82
    endloop
  endfacet
  facet normal 0 0 1
    outer loop
      vertex -88.0356500648657 -75.17443533118794 82
      vertex -88 75.11745834012194 82
      vertex -88.07706951306693 78.07218959260014 82
    endloop
  endfacet
  facet normal 0 0 1
    outer loop
      vertex -88.0356500648657 -75.17443533118794 82
      vertex -88.07706951306693 78.07218959260014 82
      vertex -89.33051935716588 79.32759239664665 82
    endloop
  endfacet
  facet normal 0 0 1
    outer loop
      vertex -89.99688871182816 79.99499999999999 82
      vertex -89.36453995093392 79.60720746340385 82
      vertex -89.99688871182816 80.2395562242981 82
    endloop
  endfacet
  facet normal 0 0 1
    outer loop
      vertex -89.33051935716588 79.32759239664665 82
      vertex -89.33276947178486 79.41208800687103 82
      vertex -89.99688871182816 79.99499999999999 82
    endloop
  endfacet
  facet normal 0 0 1
    outer loop
      vertex -89.33276947178486 79.41208800687103 82
      vertex -89.36171277196965 79.60438028443959 82
      vertex -89.99688871182816 79.99499999999999 82
    endloop
  endfacet
  facet normal 0 0 1
    outer loop
      vertex -89.99688871182816 79.99499999999999 82
      vertex -89.36171277196965 79.60438028443959 82
      vertex -89.36453995093392 79.60720746340385 82
    endloop
  endfacet
  facet normal 0 0 1
    outer loop
      vertex -89.36453995093392 79.60720746340385 82
      vertex -89.36898011841134 79.7739432631454 82
      vertex -89.99688871182816 80.2395562242981 82
    endloop
  endfacet
  facet normal 0 0 1
    outer loop
      vertex -89.36898011841134 79.7739432631454 82
      vertex -89.37134158136304 80.13737980837954 82
      vertex -89.99688871182816 80.2395562242981 82
    endloop
  endfacet
  facet normal 0 0 1
    outer loop
      vertex -89.37134158136304 80.13737980837954 82
      vertex -89.9720100097836 80.7380482368001 82
      vertex -89.99688871182816 80.2395562242981 82
    endloop
  endfacet
  facet normal 0 0 1
    outer loop
      vertex -89.37134158136304 80.13737980837954 82
      vertex -89.3671597319902 80.29441532632464 82
      vertex -89.9720100097836 80.7380482368001 82
    endloop
  endfacet
  facet normal 0 0 1
    outer loop
      vertex -89.35604879326846 80.28626590775907 82
      vertex -89.34873465589357 80.66110068134716 82
      vertex -89.3671597319902 80.29441532632464 82
    endloop
  endfacet
  facet normal 0 0 1
    outer loop
      vertex -89.9720100097836 80.7380482368001 82
      vertex -89.3671597319902 80.29441532632464 82
      vertex -89.34873465589357 80.66110068134716 82
    endloop
  endfacet
  facet normal 0 0 1
    outer loop
      vertex -89.9720100097836 80.7380482368001 82
      vertex -89.34873465589357 80.66110068134716 82
      vertex -89.92231445806772 81.23468048352132 82
    endloop
  endfacet
  facet normal 0 0 1
    outer loop
      vertex -89.92231445806772 81.23468048352132 82
      vertex -89.29759877173477 81.17789142252853 82
      vertex -89.8479256076522 81.72821825844596 82
    endloop
  endfacet
  facet normal 0 0 1
    outer loop
      vertex -89.34873465589357 80.66110068134716 82
      vertex -89.33685587447579 80.80950887678485 82
      vertex -89.92231445806772 81.23468048352132 82
    endloop
  endfacet
  facet normal 0 0 1
    outer loop
      vertex -89.33685587447579 80.80950887678485 82
      vertex -89.29759877173477 81.17789142252853 82
      vertex -89.92231445806772 81.23468048352132 82
    endloop
  endfacet
  facet normal 0 0 1
    outer loop
      vertex -89.31651578695629 80.79473750279838 82
      vertex -89.29759877173477 81.17789142252853 82
      vertex -89.33685587447579 80.80950887678485 82
    endloop
  endfacet
  facet normal 0 0 1
    outer loop
      vertex -89.29759877173477 81.17789142252853 82
      vertex -89.27876488070514 81.3185370450766 82
      vertex -89.8479256076522 81.72821825844596 82
    endloop
  endfacet
  facet normal 0 0 1
    outer loop
      vertex -89.25050050056136 81.29819237791281 82
      vertex -89.21870489681397 81.68711104477663 82
      vertex -89.27876488070514 81.3185370450766 82
    endloop
  endfacet
  facet normal 0 0 1
    outer loop
      vertex -89.8479256076522 81.72821825844596 82
      vertex -89.21870489681397 81.68711104477663 82
      vertex -89.74902840094005 82.2174345489027 82
    endloop
  endfacet
  facet normal 0 0 1
    outer loop
      vertex -89.27876488070514 81.3185370450766 82
      vertex -89.21870489681397 81.68711104477663 82
      vertex -89.8479256076522 81.72821825844596 82
    endloop
  endfacet
  facet normal 0 0 1
    outer loop
      vertex -89.74902840094005 82.2174345489027 82
      vertex -89.21870489681397 81.68711104477663 82
      vertex -89.19351653919138 81.82069823030149 82
    endloop
  endfacet
  facet normal 0 0 1
    outer loop
      vertex -89.74902840094005 82.2174345489027 82
      vertex -89.19351653919138 81.82069823030149 82
      vertex -89.1127585710248 82.18800294516666 82
    endloop
  endfacet
  facet normal 0 0 1
    outer loop
      vertex -89.74902840094005 82.2174345489027 82
      vertex -89.1127585710248 82.18800294516666 82
      vertex -89.62586871196962 82.70111308611148 82
    endloop
  endfacet
  facet normal 0 0 1
    outer loop
      vertex -89.62586871196962 82.70111308611148 82
      vertex -88.98042994435234 82.67972857823871 82
      vertex -89.47875273513299 83.17805136901936 82
    endloop
  endfacet
  facet normal 0 0 1
    outer loop
      vertex -89.15819726284438 81.7954738550209 82
      vertex -89.1127585710248 82.18800294516666 82
      vertex -89.19351653919138 81.82069823030149 82
    endloop
  endfacet
  facet normal 0 0 1
    outer loop
      vertex -89.62586871196962 82.70111308611148 82
      vertex -89.1127585710248 82.18800294516666 82
      vertex -89.08170555959131 82.31510968704933 82
    endloop
  endfacet
  facet normal 0 0 1
    outer loop
      vertex -89.62586871196962 82.70111308611148 82
      vertex -89.08170555959131 82.31510968704933 82
      vertex -88.98042994435234 82.67972857823871 82
    endloop
  endfacet
  facet normal 0 0 1
    outer loop
      vertex -89.03987476307299 82.28543691414845 82
      vertex -88.98042994435234 82.67972857823871 82
      vertex -89.08170555959131 82.31510968704933 82
    endloop
  endfacet
  facet normal 0 0 1
    outer loop
      vertex -88.98042994435234 82.67972857823871 82
      vertex -88.94391352907049 82.80083213195748 82
      vertex -89.47875273513299 83.17805136901936 82
    endloop
  endfacet
  facet normal 0 0 1
    outer loop
      vertex -88.89587527796236 82.76695100987932 82
      vertex -88.82237492641077 83.16139235638991 82
      vertex -88.94391352907049 82.80083213195748 82
    endloop
  endfacet
  facet normal 0 0 1
    outer loop
      vertex -88.94391352907049 82.80083213195748 82
      vertex -88.82237492641077 83.16139235638991 82
      vertex -89.47875273513299 83.17805136901936 82
    endloop
  endfacet
  facet normal 0 0 1
    outer loop
      vertex -89.47875273513299 83.17805136901936 82
      vertex -88.82237492641077 83.16139235638991 82
      vertex -89.30804622392847 83.64706365390761 82
    endloop
  endfacet
  facet normal 0 0 1
    outer loop
      vertex -89.30804622392847 83.64706365390761 82
      vertex -88.82237492641077 83.16139235638991 82
      vertex -88.78072436691649 83.27688823948732 82
    endloop
  endfacet
  facet normal 0 0 1
    outer loop
      vertex -89.30804622392847 83.64706365390761 82
      vertex -88.78072436691649 83.27688823948732 82
      vertex -88.63925018318768 83.63206050388526 82
    endloop
  endfacet
  facet normal 0 0 1
    outer loop
      vertex -88.78072436691649 83.27688823948732 82
      vertex -88.72661369442845 83.23890301216085 82
      vertex -88.63925018318768 83.63206050388526 82
    endloop
  endfacet
  facet normal 0 0 1
    outer loop
      vertex -89.30804622392847 83.64706365390761 82
      vertex -88.63925018318768 83.63206050388526 82
      vertex -89.11417358163985 84.10698390233742 82
    endloop
  endfacet
  facet normal 0 0 1
    outer loop
      vertex -88.63925018318768 83.63206050388526 82
      vertex -88.59273522216924 83.74227687786534 82
      vertex -89.11417358163985 84.10698390233742 82
    endloop
  endfacet
  facet normal 0 0 1
    outer loop
      vertex -89.11417358163985 84.10698390233742 82
      vertex -88.59273522216924 83.74227687786534 82
      vertex -88.43172377316849 84.09077564707086 82
    endloop
  endfacet
  facet normal 0 0 1
    outer loop
      vertex -89.11417358163985 84.10698390233742 82
      vertex -88.43172377316849 84.09077564707086 82
      vertex -88.89761680620279 84.55666868010516 82
    endloop
  endfacet
  facet normal 0 0 1
    outer loop
      vertex -88.53257633044187 83.70020024503053 82
      vertex -88.43172377316849 84.09077564707086 82
      vertex -88.59273522216924 83.74227687786534 82
    endloop
  endfacet
  facet normal 0 0 1
    outer loop
      vertex -88.43172377316849 84.09077564707086 82
      vertex -88.38056409861512 84.19598430411592 82
      vertex -88.89761680620279 84.55666868010516 82
    endloop
  endfacet
  facet normal 0 0 1
    outer loop
      vertex -88.31431955685638 84.14977359705199 82
      vertex -88.20048262091768 84.53656832903545 82
      vertex -88.38056409861512 84.19598430411592 82
    endloop
  endfacet
  facet normal 0 0 1
    outer loop
      vertex -88.38056409861512 84.19598430411592 82
      vertex -88.20048262091768 84.53656832903545 82
      vertex -88.89761680620279 84.55666868010516 82
    endloop
  endfacet
  facet normal 0 0 1
    outer loop
      vertex -88.89761680620279 84.55666868010516 82
      vertex -88.20048262091768 84.53656832903545 82
      vertex -88.65891429188223 84.99499999999999 82
    endloop
  endfacet
  facet normal 0 0 1
    outer loop
      vertex -88.65891429188223 84.99499999999999 82
      vertex -88.20048262091768 84.53656832903545 82
      vertex -88.14485507115101 84.6369931347642 82
    endloop
  endfacet
  facet normal 0 0 1
    outer loop
      vertex -88.65891429188223 84.99499999999999 82
      vertex -88.14485507115101 84.6369931347642 82
      vertex -87.94623764295964 84.96846625351667 82
    endloop
  endfacet
  facet normal 0 0 1
    outer loop
      vertex -88.0724682236694 84.58658067778242 82
      vertex -87.94623764295964 84.96846625351667 82
      vertex -88.14485507115101 84.6369931347642 82
    endloop
  endfacet
  facet normal 0 0 1
    outer loop
      vertex -88.65891429188223 84.99499999999999 82
      vertex -87.94623764295964 84.96846625351667 82
      vertex -88.39865949073922 85.42088810129624 82
    endloop
  endfacet
  facet normal 0 0 1
    outer loop
      vertex -87.94623764295964 84.96846625351667 82
      vertex -87.88628168343378 85.06428964635275 82
      vertex -88.39865949073922 85.42088810129624 82
    endloop
  endfacet
  facet normal 0 0 1
    outer loop
      vertex -88.39865949073922 85.42088810129624 82
      vertex -87.88628168343378 85.06428964635275 82
      vertex -87.66972708780088 85.38550180965541 82
    endloop
  endfacet
  facet normal 0 0 1
    outer loop
      vertex -88.39865949073922 85.42088810129624 82
      vertex -87.66972708780088 85.38550180965541 82
      vertex -88.11749943721571 85.83327415907024 82
    endloop
  endfacet
  facet normal 0 0 1
    outer loop
      vertex -87.80771389475075 85.00960899536976 82
      vertex -87.66972708780088 85.38550180965541 82
      vertex -87.88628168343378 85.06428964635275 82
    endloop
  endfacet
  facet normal 0 0 1
    outer loop
      vertex -87.66972708780088 85.38550180965541 82
      vertex -87.60554893367011 85.47686978457033 82
      vertex -88.11749943721571 85.83327415907024 82
    endloop
  endfacet
  facet normal 0 0 1
    outer loop
      vertex -87.60554893367011 85.47686978457033 82
      vertex -87.3717184809835 85.78671825808445 82
      vertex -88.11749943721571 85.83327415907024 82
    endloop
  endfacet
  facet normal 0 0 1
    outer loop
      vertex -87.60554893367011 85.47686978457033 82
      vertex -87.52081289564549 85.41787913133216 82
      vertex -87.3717184809835 85.78671825808445 82
    endloop
  endfacet
  facet normal 0 0 1
    outer loop
      vertex -88.11749943721571 85.83327415907024 82
      vertex -87.3717184809835 85.78671825808445 82
      vertex -87.81613313950497 86.23113291660592 82
    endloop
  endfacet
  facet normal 0 0 1
    outer loop
      vertex -87.81613313950497 86.23113291660592 82
      vertex -87.3717184809835 85.78671825808445 82
      vertex -87.30339412997792 85.87374414058685 82
    endloop
  endfacet
  facet normal 0 0 1
    outer loop
      vertex -87.2125841796153 85.8104478896533 82
      vertex -87.05300944760221 86.17117484023976 82
      vertex -87.30339412997792 85.87374414058685 82
    endloop
  endfacet
  facet normal 0 0 1
    outer loop
      vertex -87.81613313950497 86.23113291660592 82
      vertex -87.30339412997792 85.87374414058685 82
      vertex -87.49530984170701 86.61347523434456 82
    endloop
  endfacet
  facet normal 0 0 1
    outer loop
      vertex -87.30339412997792 85.87374414058685 82
      vertex -87.05300944760221 86.17117484023976 82
      vertex -87.49530984170701 86.61347523434456 82
    endloop
  endfacet
  facet normal 0 0 1
    outer loop
      vertex -87.49530984170701 86.61347523434456 82
      vertex -86.98058680821721 86.2539420682782 82
      vertex -87.15582716108977 86.97935054904158 82
    endloop
  endfacet
  facet normal 0 0 1
    outer loop
      vertex -87.49530984170701 86.61347523434456 82
      vertex -87.05300944760221 86.17117484023976 82
      vertex -86.98058680821721 86.2539420682782 82
    endloop
  endfacet
  facet normal 0 0 1
    outer loop
      vertex -86.88390701762742 86.18641139849312 82
      vertex -86.71442760013191 86.53795098808372 82
      vertex -86.98058680821721 86.2539420682782 82
    endloop
  endfacet
  facet normal 0 0 1
    outer loop
      vertex -86.98058680821721 86.2539420682782 82
      vertex -86.71442760013191 86.53795098808372 82
      vertex -87.15582716108977 86.97935054904158 82
    endloop
  endfacet
  facet normal 0 0 1
    outer loop
      vertex -87.15582716108977 86.97935054904158 82
      vertex -86.71442760013191 86.53795098808372 82
      vertex -86.63792784025816 86.61651505368611 82
    endloop
  endfacet
  facet normal 0 0 1
    outer loop
      vertex -87.15582716108977 86.97935054904158 82
      vertex -86.63792784025816 86.61651505368611 82
      vertex -86.7985291050869 87.32784923701655 82
    endloop
  endfacet
  facet normal 0 0 1
    outer loop
      vertex -86.53571851852715 86.54490814402524 82
      vertex -86.35682961660109 86.88614974853074 82
      vertex -86.63792784025816 86.61651505368611 82
    endloop
  endfacet
  facet normal 0 0 1
    outer loop
      vertex -86.63792784025816 86.61651505368611 82
      vertex -86.35682961660109 86.88614974853074 82
      vertex -86.7985291050869 87.32784923701655 82
    endloop
  endfacet
  facet normal 0 0 1
    outer loop
      vertex -86.35682961660109 86.88614974853074 82
      vertex -86.27624781049319 86.9605393998362 82
      vertex -86.7985291050869 87.32784923701655 82
    endloop
  endfacet
  facet normal 0 0 1
    outer loop
      vertex -86.16901098614012 86.88512191714901 82
      vertex -85.98109958492257 87.21490048758129 82
      vertex -86.27624781049319 86.9605393998362 82
    endloop
  endfacet
  facet normal 0 0 1
    outer loop
      vertex -86.27624781049319 86.9605393998362 82
      vertex -86.42430397296225 87.65810487562096 82
      vertex -86.7985291050869 87.32784923701655 82
    endloop
  endfacet
  facet normal 0 0 1
    outer loop
      vertex -86.27624781049319 86.9605393998362 82
      vertex -85.98109958492257 87.21490048758129 82
      vertex -86.42430397296225 87.65810487562096 82
    endloop
  endfacet
  facet normal 0 0 1
    outer loop
      vertex -86.42430397296225 87.65810487562096 82
      vertex -85.98109958492257 87.21490048758129 82
      vertex -86.03408214735802 87.96929639730145 82
    endloop
  endfacet
  facet normal 0 0 1
    outer loop
      vertex -85.77969516849181 87.01349607115053 82
      vertex -85.6773313334244 87.45710194117679 82
      vertex -85.98109958492257 87.21490048758129 82
    endloop
  endfacet
  facet normal 0 0 1
    outer loop
      vertex -85.98109958492257 87.21490048758129 82
      vertex -85.6773313334244 87.45710194117679 82
      vertex -86.03408214735802 87.96929639730145 82
    endloop
  endfacet
  facet normal 0 0 1
    outer loop
      vertex -86.03408214735802 87.96929639730145 82
      vertex -85.6773313334244 87.45710194117679 82
      vertex -85.58814664768185 87.52336089762528 82
    endloop
  endfacet
  facet normal 0 0 1
    outer loop
      vertex -85.58814664768185 87.52336089762528 82
      vertex -85.27248149555263 87.74863990755662 82
      vertex -85.62883378121685 88.2606501309031 82
    endloop
  endfacet
  facet normal 0 0 1
    outer loop
      vertex -85.58814664768185 87.52336089762528 82
      vertex -85.37911825776175 87.31433250770517 82
      vertex -85.27248149555263 87.74863990755662 82
    endloop
  endfacet
  facet normal 0 0 1
    outer loop
      vertex -86.03408214735802 87.96929639730145 82
      vertex -85.58814664768185 87.52336089762528 82
      vertex -85.62883378121685 88.2606501309031 82
    endloop
  endfacet
  facet normal 0 0 1
    outer loop
      vertex -85.27248149555263 87.74863990755662 82
      vertex -85.17890194326324 87.81071829294949 82
      vertex -85.62883378121685 88.2606501309031 82
    endloop
  endfacet
  facet normal 0 0 1
    outer loop
      vertex -85.17890194326324 87.81071829294949 82
      vertex -85.20956638582877 88.53144172513788 82
      vertex -85.62883378121685 88.2606501309031 82
    endloop
  endfacet
  facet normal 0 0 1
    outer loop
      vertex -85.17890194326324 87.81071829294949 82
      vertex -84.85241847331513 88.01838311214522 82
      vertex -85.20956638582877 88.53144172513788 82
    endloop
  endfacet
  facet normal 0 0 1
    outer loop
      vertex -85.17890194326324 87.81071829294949 82
      vertex -84.9633121005069 87.59512845019314 82
      vertex -84.85241847331513 88.01838311214522 82
    endloop
  endfacet
  facet normal 0 0 1
    outer loop
      vertex -85.20956638582877 88.53144172513788 82
      vertex -84.85241847331513 88.01838311214522 82
      vertex -84.75431479973956 88.07619013904868 82
    endloop
  endfacet
  facet normal 0 0 1
    outer loop
      vertex -85.20956638582877 88.53144172513788 82
      vertex -84.75431479973956 88.07619013904868 82
      vertex -84.77732232599939 88.78099794943599 82
    endloop
  endfacet
  facet normal 0 0 1
    outer loop
      vertex -84.53346198523626 87.85533732454537 82
      vertex -84.41813956337602 88.26561044643468 82
      vertex -84.75431479973956 88.07619013904868 82
    endloop
  endfacet
  facet normal 0 0 1
    outer loop
      vertex -84.75431479973956 88.07619013904868 82
      vertex -84.41813956337602 88.26561044643468 82
      vertex -84.77732232599939 88.78099794943599 82
    endloop
  endfacet
  facet normal 0 0 1
    outer loop
      vertex -84.41813956337602 88.26561044643468 82
      vertex -84.31534809317174 88.31902371660833 82
      vertex -84.77732232599939 88.78099794943599 82
    endloop
  endfacet
  facet normal 0 0 1
    outer loop
      vertex -84.77732232599939 88.78099794943599 82
      vertex -84.31534809317174 88.31902371660833 82
      vertex -84.33317622856676 89.0086983677032 82
    endloop
  endfacet
  facet normal 0 0 1
    outer loop
      vertex -84.09079294720752 88.09446857064411 82
      vertex -83.97065433628092 88.48963281164839 82
      vertex -84.31534809317174 88.31902371660833 82
    endloop
  endfacet
  facet normal 0 0 1
    outer loop
      vertex -83.8629726267226 88.53849476585904 82
      vertex -83.63656627957654 88.31208841871299 82
      vertex -83.51097917009051 88.68979172712928 82
    endloop
  endfacet
  facet normal 0 0 1
    outer loop
      vertex -84.31534809317174 88.31902371660833 82
      vertex -83.97065433628092 88.48963281164839 82
      vertex -84.33317622856676 89.0086983677032 82
    endloop
  endfacet
  facet normal 0 0 1
    outer loop
      vertex -83.97065433628092 88.48963281164839 82
      vertex -83.8629726267226 88.53849476585904 82
      vertex -84.33317622856676 89.0086983677032 82
    endloop
  endfacet
  facet normal 0 0 1
    outer loop
      vertex -83.8629726267226 88.53849476585904 82
      vertex -83.87823231070969 89.21397688082277 82
      vertex -84.33317622856676 89.0086983677032 82
    endloop
  endfacet
  facet normal 0 0 1
    outer loop
      vertex -83.8629726267226 88.53849476585904 82
      vertex -83.51097917009051 88.68979172712928 82
      vertex -83.87823231070969 89.21397688082277 82
    endloop
  endfacet
  facet normal 0 0 1
    outer loop
      vertex -83.87823231070969 89.21397688082277 82
      vertex -83.51097917009051 88.68979172712928 82
      vertex -83.39816031441114 88.73390488452422 82
    endloop
  endfacet
  facet normal 0 0 1
    outer loop
      vertex -83.87823231070969 89.21397688082277 82
      vertex -83.39816031441114 88.73390488452422 82
      vertex -83.41362163468995 89.39632313406693 82
    endloop
  endfacet
  facet normal 0 0 1
    outer loop
      vertex -83.1720759419657 88.50782051207878 82
      vertex -83.04013063437922 88.86545668057647 82
      vertex -83.39816031441114 88.73390488452422 82
    endloop
  endfacet
  facet normal 0 0 1
    outer loop
      vertex -83.39816031441114 88.73390488452422 82
      vertex -83.04013063437922 88.86545668057647 82
      vertex -83.41362163468995 89.39632313406693 82
    endloop
  endfacet
  facet normal 0 0 1
    outer loop
      vertex -83.04013063437922 88.86545668057647 82
      vertex -82.9218758535282 88.90457735290519 82
      vertex -83.41362163468995 89.39632313406693 82
    endloop
  endfacet
  facet normal 0 0 1
    outer loop
      vertex -83.41362163468995 89.39632313406693 82
      vertex -82.9218758535282 88.90457735290519 82
      vertex -82.94049929585314 89.55528378591926 82
    endloop
  endfacet
  facet normal 0 0 1
    outer loop
      vertex -82.9218758535282 88.90457735290519 82
      vertex -82.6986448766714 88.68134637604838 82
      vertex -82.55911741134258 89.016020881673 82
    endloop
  endfacet
  facet normal 0 0 1
    outer loop
      vertex -82.9218758535282 88.90457735290519 82
      vertex -82.55911741134258 89.016020881673 82
      vertex -82.94049929585314 89.55528378591926 82
    endloop
  endfacet
  facet normal 0 0 1
    outer loop
      vertex -82.55911741134258 89.016020881673 82
      vertex -82.43506642775525 89.04985091782136 82
      vertex -82.94049929585314 89.55528378591926 82
    endloop
  endfacet
  facet normal 0 0 1
    outer loop
      vertex -82.43506642775525 89.04985091782136 82
      vertex -82.0689302960702 89.14089492963299 82
      vertex -82.46004155087984 89.69046363515307 82
    endloop
  endfacet
  facet normal 0 0 1
    outer loop
      vertex -82.43506642775525 89.04985091782136 82
      vertex -82.46004155087984 89.69046363515307 82
      vertex -82.94049929585314 89.55528378591926 82
    endloop
  endfacet
  facet normal 0 0 1
    outer loop
      vertex -82.43506642775525 89.04985091782136 82
      vertex -82.21762124299265 88.83240573305876 82
      vertex -82.0689302960702 89.14089492963299 82
    endloop
  endfacet
  facet normal 0 0 1
    outer loop
      vertex -81.93864877549852 89.16907085977175 82
      vertex -81.73037458039366 88.96079666466689 82
      vertex -81.57052960418072 89.23949768187858 82
    endloop
  endfacet
  facet normal 0 0 1
    outer loop
      vertex -82.46004155087984 89.69046363515307 82
      vertex -82.0689302960702 89.14089492963299 82
      vertex -81.93864877549852 89.16907085977175 82
    endloop
  endfacet
  facet normal 0 0 1
    outer loop
      vertex -82.46004155087984 89.69046363515307 82
      vertex -81.93864877549852 89.16907085977175 82
      vertex -81.97344289342597 89.80152660336393 82
    endloop
  endfacet
  facet normal 0 0 1
    outer loop
      vertex -81.93864877549852 89.16907085977175 82
      vertex -81.57052960418072 89.23949768187858 82
      vertex -81.97344289342597 89.80152660336393 82
    endloop
  endfacet
  facet normal 0 0 1
    outer loop
      vertex -81.57052960418072 89.23949768187858 82
      vertex -81.43349264725532 89.26157635719328 82
      vertex -81.97344289342597 89.80152660336393 82
    endloop
  endfacet
  facet normal 0 0 1
    outer loop
      vertex -81.97344289342597 89.80152660336393 82
      vertex -81.43349264725532 89.26157635719328 82
      vertex -81.4819130844235 89.88819657051353 82
    endloop
  endfacet
  facet normal 0 0 1
    outer loop
      vertex -81.43349264725532 89.26157635719328 82
      vertex -81.2382919114145 89.06637562135246 82
      vertex -81.06482899103823 89.31124327263807 82
    endloop
  endfacet
  facet normal 0 0 1
    outer loop
      vertex -81.43349264725532 89.26157635719328 82
      vertex -81.06482899103823 89.31124327263807 82
      vertex -81.4819130844235 89.88819657051353 82
    endloop
  endfacet
  facet normal 0 0 1
    outer loop
      vertex -81.4819130844235 89.88819657051353 82
      vertex -81.06482899103823 89.31124327263807 82
      vertex -80.92039919984613 89.32668268593616 82
    endloop
  endfacet
  facet normal 0 0 1
    outer loop
      vertex -81.4819130844235 89.88819657051353 82
      vertex -80.92039919984613 89.32668268593616 82
      vertex -80.98667414442411 89.95025806140767 82
    endloop
  endfacet
  facet normal 0 0 1
    outer loop
      vertex -80.92039919984613 89.32668268593616 82
      vertex -80.74277379541402 89.14905728150406 82
      vertex -80.55267418405714 89.35552270500368 82
    endloop
  endfacet
  facet normal 0 0 1
    outer loop
      vertex -80.92039919984613 89.32668268593616 82
      vertex -80.55267418405714 89.35552270500368 82
      vertex -80.98667414442411 89.95025806140767 82
    endloop
  endfacet
  facet normal 0 0 1
    outer loop
      vertex -80.98667414442411 89.95025806140767 82
      vertex -80.55267418405714 89.35552270500368 82
      vertex -80.40007212871001 89.36365604569356 82
    endloop
  endfacet
  facet normal 0 0 1
    outer loop
      vertex -80.98667414442411 89.95025806140767 82
      vertex -80.40007212871001 89.36365604569356 82
      vertex -80.48895731546358 89.98755678140141 82
    endloop
  endfacet
  facet normal 0 0 1
    outer loop
      vertex -80.245230344367 89.20881426135055 82
      vertex -80.0348143299016 89.37167760428237 82
      vertex -80.40007212871001 89.36365604569356 82
    endloop
  endfacet
  facet normal 0 0 1
    outer loop
      vertex -80.40007212871001 89.36365604569356 82
      vertex -80.0348143299016 89.37167760428237 82
      vertex -80.48895731546358 89.98755678140141 82
    endloop
  endfacet
  facet normal 0 0 1
    outer loop
      vertex -80.48895731546358 89.98755678140141 82
      vertex -80.0348143299016 89.37167760428237 82
      vertex -79.87307813834454 89.37167760428237 82
    endloop
  endfacet
  facet normal 0 0 1
    outer loop
      vertex -80.48895731546358 89.98755678140141 82
      vertex -79.87307813834454 89.37167760428237 82
      vertex -79.99499999999999 89.99987530778472 82
    endloop
  endfacet
  facet normal 0 0 1
    outer loop
      vertex -79.74707721204487 89.2456766779827 82
      vertex -79.51547746343034 89.35915503201481 82
      vertex -79.87307813834454 89.37167760428237 82
    endloop
  endfacet
  facet normal 0 0 1
    outer loop
      vertex -79.87307813834454 89.37167760428237 82
      vertex -79.51547746343034 89.35915503201481 82
      vertex -79.99499999999999 89.99987530778472 82
    endloop
  endfacet
  facet normal 0 0 1
    outer loop
      vertex -79.99499999999999 89.99987530778472 82
      vertex -79.51547746343034 89.35915503201481 82
      vertex -79.34516177236719 89.35007759503601 82
    endloop
  endfacet
  facet normal 0 0 1
    outer loop
      vertex -78.2370709661159 88.2420558739334 82
      vertex -77.7750621887083 88.00277986791995 82
      vertex -75.1768336395297 88.03561975184047 82
    endloop
  endfacet
  facet normal 0 0 1
    outer loop
      vertex -79.99499999999999 90 82
      vertex -79.99499999999999 89.99987530778472 82
      vertex 79.99499999999999 90 82
    endloop
  endfacet
  facet normal 0 0 1
    outer loop
      vertex -79.99499999999999 89.99987530778472 82
      vertex -79.34516177236719 89.35007759503601 82
      vertex 79.99499999999999 89.99688871182816 82
    endloop
  endfacet
  facet normal 0 0 1
    outer loop
      vertex -79.34516177236719 89.35007759503601 82
      vertex -78.2370709661159 88.2420558739334 82
      vertex 79.99499999999999 89.99688871182816 82
    endloop
  endfacet
  facet normal 0 0 1
    outer loop
      vertex -75.11638374797523 88 82
      vertex 75.11638374797523 88 82
      vertex -75.1768336395297 88.03561975184047 82
    endloop
  endfacet
  facet normal 0 0 1
    outer loop
      vertex -78.2370709661159 88.2420558739334 82
      vertex -75.1768336395297 88.03561975184047 82
      vertex 79.99499999999999 89.99688871182816 82
    endloop
  endfacet
  facet normal 0 0 -1
    outer loop
      vertex -79.99499999999999 -89.99688871182816 0
      vertex 76.53545175308267 -81.43506287136908 0
      vertex 76.75240473580835 -81.875 0
    endloop
  endfacet
  facet normal 0 0 -1
    outer loop
      vertex -79.99499999999999 -89.99688871182816 0
      vertex 76.75240473580835 -81.875 0
      vertex 77.02492497390787 -82.2828553587827 0
    endloop
  endfacet
  facet normal 0 0 -1
    outer loop
      vertex -79.99499999999999 -89.99688871182816 0
      vertex 77.34834957055045 -82.65165042944955 0
      vertex 77.7171446412173 -82.97507502609213 0
    endloop
  endfacet
  facet normal 0 0 -1
    outer loop
      vertex -79.99499999999999 -89.99688871182816 0
      vertex 77.7171446412173 -82.97507502609213 0
      vertex 78.125 -83.24759526419165 0
    endloop
  endfacet
  facet normal 0 0 -1
    outer loop
      vertex -79.99499999999999 -89.99688871182816 0
      vertex 77.02492497390787 -82.2828553587827 0
      vertex 77.34834957055045 -82.65165042944955 0
    endloop
  endfacet
  facet normal 0 0 -1
    outer loop
      vertex -79.99499999999999 -89.99688871182816 0
      vertex 79.99499999999999 -89.99987530778472 0
      vertex 79.99499999999999 -90 0
    endloop
  endfacet
  facet normal 0 0 -1
    outer loop
      vertex -79.99499999999999 -89.99688871182816 0
      vertex 80.48895731546358 -89.98755678140141 0
      vertex 79.99499999999999 -89.99987530778472 0
    endloop
  endfacet
  facet normal 0 0 -1
    outer loop
      vertex -79.99499999999999 -89.99688871182816 0
      vertex 80.98667414442411 -89.95025806140767 0
      vertex 80.48895731546358 -89.98755678140141 0
    endloop
  endfacet
  facet normal 0 0 -1
    outer loop
      vertex -79.99499999999999 -89.99688871182816 0
      vertex 81.4819130844235 -89.88819657051353 0
      vertex 80.98667414442411 -89.95025806140767 0
    endloop
  endfacet
  facet normal 0 0 -1
    outer loop
      vertex -79.99499999999999 -89.99688871182816 0
      vertex 81.97344289342597 -89.80152660336393 0
      vertex 81.4819130844235 -89.88819657051353 0
    endloop
  endfacet
  facet normal 0 0 -1
    outer loop
      vertex -79.99499999999999 -89.99688871182816 0
      vertex 79.51052677917481 -83.7179182301518 0
      vertex 80 -83.75 0
    endloop
  endfacet
  facet normal 0 0 -1
    outer loop
      vertex -79.99499999999999 -89.99688871182816 0
      vertex 78.125 -83.24759526419165 0
      vertex 78.56493712863092 -83.46454824691733 0
    endloop
  endfacet
  facet normal 0 0 -1
    outer loop
      vertex -79.99499999999999 -89.99688871182816 0
      vertex 78.56493712863092 -83.46454824691733 0
      vertex 79.02942858086554 -83.622221848584 0
    endloop
  endfacet
  facet normal 0 0 -1
    outer loop
      vertex -79.99499999999999 -89.99688871182816 0
      vertex 79.02942858086554 -83.622221848584 0
      vertex 79.51052677917481 -83.7179182301518 0
    endloop
  endfacet
  facet normal 0 0 -1
    outer loop
      vertex -79.99499999999999 -89.99688871182816 0
      vertex 76.2820817698482 -80.48947322082519 0
      vertex 76.377778151416 -80.97057141913446 0
    endloop
  endfacet
  facet normal 0 0 -1
    outer loop
      vertex -79.99499999999999 -89.99688871182816 0
      vertex 76.377778151416 -80.97057141913446 0
      vertex 76.53545175308267 -81.43506287136908 0
    endloop
  endfacet
  facet normal 0 0 -1
    outer loop
      vertex -79.99499999999999 -89.99688871182816 0
      vertex 76.25 -80 0
      vertex 76.2820817698482 -80.48947322082519 0
    endloop
  endfacet
  facet normal 0 0 -1
    outer loop
      vertex -79.99499999999999 -89.99688871182816 0
      vertex 76.2820817698482 -79.51052677917481 0
      vertex 76.25 -80 0
    endloop
  endfacet
  facet normal 0 0 -1
    outer loop
      vertex -79.99499999999999 -89.99688871182816 0
      vertex 82.46004155087984 -89.69046363515307 0
      vertex 81.97344289342597 -89.80152660336393 0
    endloop
  endfacet
  facet normal 0 0 -1
    outer loop
      vertex -79.99499999999999 -89.99688871182816 0
      vertex 82.94049929585314 -89.55528378591926 0
      vertex 82.46004155087984 -89.69046363515307 0
    endloop
  endfacet
  facet normal 0 0 -1
    outer loop
      vertex -79.99499999999999 -89.99688871182816 0
      vertex 83.41362163468995 -89.39632313406693 0
      vertex 82.94049929585314 -89.55528378591926 0
    endloop
  endfacet
  facet normal 0 0 -1
    outer loop
      vertex -79.99499999999999 -89.99688871182816 0
      vertex 83.87823231070969 -89.21397688082277 0
      vertex 83.41362163468995 -89.39632313406693 0
    endloop
  endfacet
  facet normal 0 0 -1
    outer loop
      vertex -79.99499999999999 -89.99688871182816 0
      vertex 84.33317622856676 -89.0086983677032 0
      vertex 83.87823231070969 -89.21397688082277 0
    endloop
  endfacet
  facet normal 0 0 -1
    outer loop
      vertex -79.99499999999999 -89.99688871182816 0
      vertex 84.77732232599939 -88.78099794943599 0
      vertex 84.33317622856676 -89.0086983677032 0
    endloop
  endfacet
  facet normal 0 0 -1
    outer loop
      vertex -79.99499999999999 -89.99688871182816 0
      vertex 85.20956638582877 -88.53144172513788 0
      vertex 84.77732232599939 -88.78099794943599 0
    endloop
  endfacet
  facet normal 0 0 -1
    outer loop
      vertex -79.99499999999999 -89.99688871182816 0
      vertex 85.62883378121685 -88.2606501309031 0
      vertex 85.20956638582877 -88.53144172513788 0
    endloop
  endfacet
  facet normal 0 0 -1
    outer loop
      vertex -79.99499999999999 -89.99688871182816 0
      vertex 86.03408214735802 -87.96929639730145 0
      vertex 85.62883378121685 -88.2606501309031 0
    endloop
  endfacet
  facet normal 0 0 -1
    outer loop
      vertex -79.99499999999999 -89.99688871182816 0
      vertex 86.42430397296225 -87.65810487562096 0
      vertex 86.03408214735802 -87.96929639730145 0
    endloop
  endfacet
  facet normal 0 0 -1
    outer loop
      vertex -79.99499999999999 -89.99688871182816 0
      vertex 80 -83.75 0
      vertex 89.30804622392847 -83.64706365390761 0
    endloop
  endfacet
  facet normal 0 0 -1
    outer loop
      vertex -79.99499999999999 -89.99688871182816 0
      vertex 86.7985291050869 -87.32784923701655 0
      vertex 86.42430397296225 -87.65810487562096 0
    endloop
  endfacet
  facet normal 0 0 -1
    outer loop
      vertex -79.99499999999999 -89.99688871182816 0
      vertex 87.15582716108977 -86.97935054904158 0
      vertex 86.7985291050869 -87.32784923701655 0
    endloop
  endfacet
  facet normal 0 0 -1
    outer loop
      vertex -79.99499999999999 -89.99688871182816 0
      vertex 87.49530984170701 -86.61347523434456 0
      vertex 87.15582716108977 -86.97935054904158 0
    endloop
  endfacet
  facet normal 0 0 -1
    outer loop
      vertex -79.99499999999999 -89.99688871182816 0
      vertex 87.81613313950497 -86.23113291660592 0
      vertex 87.49530984170701 -86.61347523434456 0
    endloop
  endfacet
  facet normal 0 0 -1
    outer loop
      vertex -79.99499999999999 -89.99688871182816 0
      vertex 88.11749943721571 -85.83327415907024 0
      vertex 87.81613313950497 -86.23113291660592 0
    endloop
  endfacet
  facet normal 0 0 -1
    outer loop
      vertex -79.99499999999999 -89.99688871182816 0
      vertex 88.39865949073922 -85.42088810129624 0
      vertex 88.11749943721571 -85.83327415907024 0
    endloop
  endfacet
  facet normal 0 0 -1
    outer loop
      vertex -79.99499999999999 -89.99688871182816 0
      vertex 88.65891429188223 -84.99499999999999 0
      vertex 88.39865949073922 -85.42088810129624 0
    endloop
  endfacet
  facet normal 0 0 -1
    outer loop
      vertex -79.99499999999999 -89.99688871182816 0
      vertex 88.89761680620279 -84.55666868010516 0
      vertex 88.65891429188223 -84.99499999999999 0
    endloop
  endfacet
  facet normal 0 0 -1
    outer loop
      vertex -79.99499999999999 -89.99688871182816 0
      vertex 89.11417358163985 -84.10698390233742 0
      vertex 88.89761680620279 -84.55666868010516 0
    endloop
  endfacet
  facet normal 0 0 -1
    outer loop
      vertex -79.99499999999999 -89.99688871182816 0
      vertex 89.30804622392847 -83.64706365390761 0
      vertex 89.11417358163985 -84.10698390233742 0
    endloop
  endfacet
  facet normal 0 -1 0
    outer loop
      vertex -79.99499999999999 -90 0
      vertex 79.99499999999999 -90 0
      vertex 79.99499999999999 -90 82
    endloop
  endfacet
  facet normal 0 0 -1
    outer loop
      vertex -79.99499999999999 -89.99688871182816 0
      vertex 89.99987530778472 79.99499999999999 0
      vertex 76.2820817698482 -79.51052677917481 0
    endloop
  endfacet
  facet normal 0 0 -1
    outer loop
      vertex 89.30804622392847 -83.64706365390761 0
      vertex 80 -83.75 0
      vertex 80.48947322082519 -83.7179182301518 0
    endloop
  endfacet
  facet normal 0 0 -1
    outer loop
      vertex 89.30804622392847 -83.64706365390761 0
      vertex 80.48947322082519 -83.7179182301518 0
      vertex 80.97057141913446 -83.622221848584 0
    endloop
  endfacet
  facet normal 0 0 -1
    outer loop
      vertex 89.30804622392847 -83.64706365390761 0
      vertex 80.97057141913446 -83.622221848584 0
      vertex 81.43506287136908 -83.46454824691733 0
    endloop
  endfacet
  facet normal 0 0 -1
    outer loop
      vertex 89.47875273513299 -83.17805136901936 0
      vertex 81.43506287136908 -83.46454824691733 0
      vertex 81.875 -83.24759526419165 0
    endloop
  endfacet
  facet normal 0 0 -1
    outer loop
      vertex 89.47875273513299 -83.17805136901936 0
      vertex 81.875 -83.24759526419165 0
      vertex 82.2828553587827 -82.97507502609213 0
    endloop
  endfacet
  facet normal 0 0 -1
    outer loop
      vertex 89.62586871196962 -82.70111308611148 0
      vertex 82.2828553587827 -82.97507502609213 0
      vertex 82.65165042944955 -82.65165042944955 0
    endloop
  endfacet
  facet normal 0 0 -1
    outer loop
      vertex 89.62586871196962 -82.70111308611148 0
      vertex 82.65165042944955 -82.65165042944955 0
      vertex 82.97507502609213 -82.2828553587827 0
    endloop
  endfacet
  facet normal 0 0 -1
    outer loop
      vertex 89.74902840094005 -82.2174345489027 0
      vertex 82.97507502609213 -82.2828553587827 0
      vertex 83.24759526419165 -81.875 0
    endloop
  endfacet
  facet normal 0 0 -1
    outer loop
      vertex 89.8479256076522 -81.72821825844596 0
      vertex 83.24759526419165 -81.875 0
      vertex 83.46454824691733 -81.43506287136908 0
    endloop
  endfacet
  facet normal 0 0 -1
    outer loop
      vertex 89.30804622392847 -83.64706365390761 0
      vertex 81.43506287136908 -83.46454824691733 0
      vertex 89.47875273513299 -83.17805136901936 0
    endloop
  endfacet
  facet normal 0 0 -1
    outer loop
      vertex 89.47875273513299 -83.17805136901936 0
      vertex 82.2828553587827 -82.97507502609213 0
      vertex 89.62586871196962 -82.70111308611148 0
    endloop
  endfacet
  facet normal 0 0 -1
    outer loop
      vertex 89.92231445806772 -81.23468048352132 0
      vertex 83.46454824691733 -81.43506287136908 0
      vertex 83.622221848584 -80.97057141913446 0
    endloop
  endfacet
  facet normal 0 0 -1
    outer loop
      vertex 89.9720100097836 -80.7380482368001 0
      vertex 83.622221848584 -80.97057141913446 0
      vertex 83.7179182301518 -80.48947322082519 0
    endloop
  endfacet
  facet normal 0 0 -1
    outer loop
      vertex 89.99688871182816 -80.2395562242981 0
      vertex 83.7179182301518 -80.48947322082519 0
      vertex 83.75 -80 0
    endloop
  endfacet
  facet normal 0 0 -1
    outer loop
      vertex 89.99688871182816 -79.99499999999999 0
      vertex 83.75 -80 0
      vertex 83.7179182301518 -79.51052677917481 0
    endloop
  endfacet
  facet normal 0 0 -1
    outer loop
      vertex 89.62586871196962 -82.70111308611148 0
      vertex 82.97507502609213 -82.2828553587827 0
      vertex 89.74902840094005 -82.2174345489027 0
    endloop
  endfacet
  facet normal 0 0 -1
    outer loop
      vertex 89.74902840094005 -82.2174345489027 0
      vertex 83.24759526419165 -81.875 0
      vertex 89.8479256076522 -81.72821825844596 0
    endloop
  endfacet
  facet normal 0 0 -1
    outer loop
      vertex 89.8479256076522 -81.72821825844596 0
      vertex 83.46454824691733 -81.43506287136908 0
      vertex 89.92231445806772 -81.23468048352132 0
    endloop
  endfacet
  facet normal 0 0 -1
    outer loop
      vertex 89.92231445806772 -81.23468048352132 0
      vertex 83.622221848584 -80.97057141913446 0
      vertex 89.9720100097836 -80.7380482368001 0
    endloop
  endfacet
  facet normal 0 0 -1
    outer loop
      vertex 89.9720100097836 -80.7380482368001 0
      vertex 83.7179182301518 -80.48947322082519 0
      vertex 89.99688871182816 -80.2395562242981 0
    endloop
  endfacet
  facet normal 0 0 -1
    outer loop
      vertex 89.99688871182816 -80.2395562242981 0
      vertex 83.75 -80 0
      vertex 89.99688871182816 -79.99499999999999 0
    endloop
  endfacet
  facet normal 0 0 -1
    outer loop
      vertex 89.99987530778472 79.99499999999999 0
      vertex 76.377778151416 -79.02942858086554 0
      vertex 76.2820817698482 -79.51052677917481 0
    endloop
  endfacet
  facet normal 0 0 -1
    outer loop
      vertex 89.99987530778472 79.99499999999999 0
      vertex 76.53545175308267 -78.56493712863092 0
      vertex 76.377778151416 -79.02942858086554 0
    endloop
  endfacet
  facet normal 0 0 -1
    outer loop
      vertex 89.99987530778472 79.99499999999999 0
      vertex 76.75240473580835 -78.125 0
      vertex 76.53545175308267 -78.56493712863092 0
    endloop
  endfacet
  facet normal 0 0 -1
    outer loop
      vertex 89.99987530778472 79.99499999999999 0
      vertex 77.02492497390787 -77.7171446412173 0
      vertex 76.75240473580835 -78.125 0
    endloop
  endfacet
  facet normal 0 0 -1
    outer loop
      vertex 89.99987530778472 79.99499999999999 0
      vertex 77.34834957055045 -77.34834957055045 0
      vertex 77.02492497390787 -77.7171446412173 0
    endloop
  endfacet
  facet normal 0 0 -1
    outer loop
      vertex 89.99987530778472 79.99499999999999 0
      vertex 77.7171446412173 -77.02492497390787 0
      vertex 77.34834957055045 -77.34834957055045 0
    endloop
  endfacet
  facet normal 0 0 -1
    outer loop
      vertex 89.99987530778472 79.99499999999999 0
      vertex 78.125 -76.75240473580835 0
      vertex 77.7171446412173 -77.02492497390787 0
    endloop
  endfacet
  facet normal 0 0 -1
    outer loop
      vertex 89.99987530778472 79.99499999999999 0
      vertex 78.56493712863092 -76.53545175308267 0
      vertex 78.125 -76.75240473580835 0
    endloop
  endfacet
  facet normal 0 0 -1
    outer loop
      vertex 89.99987530778472 79.99499999999999 0
      vertex 79.02942858086554 -76.377778151416 0
      vertex 78.56493712863092 -76.53545175308267 0
    endloop
  endfacet
  facet normal 0 0 -1
    outer loop
      vertex 89.99987530778472 79.99499999999999 0
      vertex 79.51052677917481 -76.2820817698482 0
      vertex 79.02942858086554 -76.377778151416 0
    endloop
  endfacet
  facet normal 0 0 -1
    outer loop
      vertex 89.99987530778472 79.99499999999999 0
      vertex 80 -76.25 0
      vertex 79.51052677917481 -76.2820817698482 0
    endloop
  endfacet
  facet normal 0 0 -1
    outer loop
      vertex 89.99987530778472 79.99499999999999 0
      vertex 80.48947322082519 -76.2820817698482 0
      vertex 80 -76.25 0
    endloop
  endfacet
  facet normal 0 0 -1
    outer loop
      vertex 89.99987530778472 79.99499999999999 0
      vertex 80.97057141913446 -76.377778151416 0
      vertex 80.48947322082519 -76.2820817698482 0
    endloop
  endfacet
  facet normal 0 0 -1
    outer loop
      vertex 89.99987530778472 79.99499999999999 0
      vertex 81.43506287136908 -76.53545175308267 0
      vertex 80.97057141913446 -76.377778151416 0
    endloop
  endfacet
  facet normal 0 0 -1
    outer loop
      vertex 89.99987530778472 79.99499999999999 0
      vertex 83.7179182301518 -79.51052677917481 0
      vertex 83.622221848584 -79.02942858086554 0
    endloop
  endfacet
  facet normal 0 0 -1
    outer loop
      vertex 89.99987530778472 79.99499999999999 0
      vertex 83.622221848584 -79.02942858086554 0
      vertex 83.46454824691733 -78.56493712863092 0
    endloop
  endfacet
  facet normal 0 0 -1
    outer loop
      vertex 89.99987530778472 79.99499999999999 0
      vertex 83.46454824691733 -78.56493712863092 0
      vertex 83.24759526419165 -78.125 0
    endloop
  endfacet
  facet normal 0 0 -1
    outer loop
      vertex 89.99987530778472 79.99499999999999 0
      vertex 82.65165042944955 -77.34834957055045 0
      vertex 82.2828553587827 -77.02492497390787 0
    endloop
  endfacet
  facet normal 0 0 -1
    outer loop
      vertex 89.99987530778472 79.99499999999999 0
      vertex 81.875 -76.75240473580835 0
      vertex 81.43506287136908 -76.53545175308267 0
    endloop
  endfacet
  facet normal 0 0 -1
    outer loop
      vertex 89.99987530778472 79.99499999999999 0
      vertex 82.2828553587827 -77.02492497390787 0
      vertex 81.875 -76.75240473580835 0
    endloop
  endfacet
  facet normal 0 0 -1
    outer loop
      vertex 89.99987530778472 79.99499999999999 0
      vertex 82.97507502609213 -77.7171446412173 0
      vertex 82.65165042944955 -77.34834957055045 0
    endloop
  endfacet
  facet normal 0 0 -1
    outer loop
      vertex 89.99987530778472 79.99499999999999 0
      vertex 83.24759526419165 -78.125 0
      vertex 82.97507502609213 -77.7171446412173 0
    endloop
  endfacet
  facet normal 0 0 -1
    outer loop
      vertex 89.99688871182816 -79.99499999999999 0
      vertex 83.7179182301518 -79.51052677917481 0
      vertex 89.99987530778472 79.99499999999999 0
    endloop
  endfacet
  facet normal 0 0 -1
    outer loop
      vertex 90 -79.99499999999999 0
      vertex 89.99688871182816 -79.99499999999999 0
      vertex 90 79.99499999999999 0
    endloop
  endfacet
  facet normal 0 0 1
    outer loop
      vertex -79.99499999999999 -89.99688871182816 82
      vertex 78.23707096611591 -88.24205587393341 82
      vertex 75.45284118011212 -88.0321311997665 82
    endloop
  endfacet
  facet normal 0 0 1
    outer loop
      vertex -75.11638374797523 -88 82
      vertex 75.45284118011212 -88.0321311997665 82
      vertex 75.11638374797523 -88 82
    endloop
  endfacet
  facet normal 0 0 1
    outer loop
      vertex -79.99499999999999 -89.99688871182816 82
      vertex 79.34516177236719 -89.35007759503601 82
      vertex 78.23707096611591 -88.24205587393341 82
    endloop
  endfacet
  facet normal 0 0 1
    outer loop
      vertex -79.99499999999999 -89.99688871182816 82
      vertex 79.99499999999999 -89.99987530778472 82
      vertex 79.34516177236719 -89.35007759503601 82
    endloop
  endfacet
  facet normal 0 0 1
    outer loop
      vertex -79.99499999999999 -90 82
      vertex 79.99499999999999 -90 82
      vertex 79.99499999999999 -89.99987530778472 82
    endloop
  endfacet
  facet normal 0 0 1
    outer loop
      vertex 75.45284118011212 -88.0321311997665 82
      vertex 78.23707096611591 -88.24205587393341 82
      vertex 77.7750621887083 -88.00277986791995 82
    endloop
  endfacet
  facet normal 0 0 1
    outer loop
      vertex 79.34516177236719 -89.35007759503601 82
      vertex 79.99499999999999 -89.99987530778472 82
      vertex 79.51547746343034 -89.35915503201481 82
    endloop
  endfacet
  facet normal 0 0 1
    outer loop
      vertex 79.51547746343034 -89.35915503201481 82
      vertex 79.99499999999999 -89.99987530778472 82
      vertex 79.87307813834454 -89.37167760428237 82
    endloop
  endfacet
  facet normal 0 0 1
    outer loop
      vertex 79.51547746343034 -89.35915503201481 82
      vertex 79.87307813834454 -89.37167760428237 82
      vertex 79.74707721204487 -89.2456766779827 82
    endloop
  endfacet
  facet normal 0 0 1
    outer loop
      vertex 79.99499999999999 -89.99987530778472 82
      vertex 80.48895731546358 -89.98755678140141 82
      vertex 79.87307813834454 -89.37167760428237 82
    endloop
  endfacet
  facet normal 0 0 1
    outer loop
      vertex 79.87307813834454 -89.37167760428237 82
      vertex 80.48895731546358 -89.98755678140141 82
      vertex 80.0348143299016 -89.37167760428237 82
    endloop
  endfacet
  facet normal 0 0 1
    outer loop
      vertex 80.0348143299016 -89.37167760428237 82
      vertex 80.48895731546358 -89.98755678140141 82
      vertex 80.40007212871001 -89.36365604569356 82
    endloop
  endfacet
  facet normal 0 0 1
    outer loop
      vertex 80.0348143299016 -89.37167760428237 82
      vertex 80.40007212871001 -89.36365604569356 82
      vertex 80.245230344367 -89.20881426135055 82
    endloop
  endfacet
  facet normal 0 0 1
    outer loop
      vertex 80.48895731546358 -89.98755678140141 82
      vertex 80.98667414442411 -89.95025806140767 82
      vertex 80.40007212871001 -89.36365604569356 82
    endloop
  endfacet
  facet normal 0 0 1
    outer loop
      vertex 80.40007212871001 -89.36365604569356 82
      vertex 80.98667414442411 -89.95025806140767 82
      vertex 80.55267418405714 -89.35552270500368 82
    endloop
  endfacet
  facet normal 0 0 1
    outer loop
      vertex 80.55267418405714 -89.35552270500368 82
      vertex 80.98667414442411 -89.95025806140767 82
      vertex 80.92039919984613 -89.32668268593616 82
    endloop
  endfacet
  facet normal 0 0 1
    outer loop
      vertex 80.55267418405714 -89.35552270500368 82
      vertex 80.92039919984613 -89.32668268593616 82
      vertex 80.74277379541402 -89.14905728150406 82
    endloop
  endfacet
  facet normal 0 0 1
    outer loop
      vertex 80.98667414442411 -89.95025806140767 82
      vertex 81.4819130844235 -89.88819657051353 82
      vertex 80.92039919984613 -89.32668268593616 82
    endloop
  endfacet
  facet normal 0 0 1
    outer loop
      vertex 80.92039919984613 -89.32668268593616 82
      vertex 81.4819130844235 -89.88819657051353 82
      vertex 81.06482899103823 -89.31124327263807 82
    endloop
  endfacet
  facet normal 0 0 1
    outer loop
      vertex 81.06482899103823 -89.31124327263807 82
      vertex 81.4819130844235 -89.88819657051353 82
      vertex 81.43349264725532 -89.26157635719328 82
    endloop
  endfacet
  facet normal 0 0 1
    outer loop
      vertex 81.06482899103823 -89.31124327263807 82
      vertex 81.43349264725532 -89.26157635719328 82
      vertex 81.2382919114145 -89.06637562135246 82
    endloop
  endfacet
  facet normal 0 0 1
    outer loop
      vertex 81.4819130844235 -89.88819657051353 82
      vertex 81.97344289342597 -89.80152660336393 82
      vertex 81.43349264725532 -89.26157635719328 82
    endloop
  endfacet
  facet normal 0 0 1
    outer loop
      vertex 81.43349264725532 -89.26157635719328 82
      vertex 81.97344289342597 -89.80152660336393 82
      vertex 81.57052960418072 -89.23949768187858 82
    endloop
  endfacet
  facet normal 0 0 1
    outer loop
      vertex 81.97344289342597 -89.80152660336393 82
      vertex 81.93864877549852 -89.16907085977175 82
      vertex 81.57052960418072 -89.23949768187858 82
    endloop
  endfacet
  facet normal 0 0 1
    outer loop
      vertex 81.97344289342597 -89.80152660336393 82
      vertex 82.46004155087984 -89.69046363515307 82
      vertex 81.93864877549852 -89.16907085977175 82
    endloop
  endfacet
  facet normal 0 0 1
    outer loop
      vertex 81.93864877549852 -89.16907085977175 82
      vertex 82.46004155087984 -89.69046363515307 82
      vertex 82.0689302960702 -89.14089492963299 82
    endloop
  endfacet
  facet normal 0 0 1
    outer loop
      vertex 81.57052960418072 -89.23949768187858 82
      vertex 81.93864877549852 -89.16907085977175 82
      vertex 81.73037458039364 -88.96079666466687 82
    endloop
  endfacet
  facet normal 0 0 1
    outer loop
      vertex 82.0689302960702 -89.14089492963299 82
      vertex 82.43506642775525 -89.04985091782136 82
      vertex 82.21762124299265 -88.83240573305876 82
    endloop
  endfacet
  facet normal 0 0 1
    outer loop
      vertex 82.46004155087984 -89.69046363515307 82
      vertex 82.94049929585314 -89.55528378591926 82
      vertex 82.43506642775525 -89.04985091782136 82
    endloop
  endfacet
  facet normal 0 0 1
    outer loop
      vertex 82.0689302960702 -89.14089492963299 82
      vertex 82.46004155087984 -89.69046363515307 82
      vertex 82.43506642775525 -89.04985091782136 82
    endloop
  endfacet
  facet normal 0 0 1
    outer loop
      vertex 82.94049929585314 -89.55528378591926 82
      vertex 82.55911741134258 -89.016020881673 82
      vertex 82.43506642775525 -89.04985091782136 82
    endloop
  endfacet
  facet normal 0 0 1
    outer loop
      vertex 82.94049929585314 -89.55528378591926 82
      vertex 82.9218758535282 -88.90457735290519 82
      vertex 82.55911741134258 -89.016020881673 82
    endloop
  endfacet
  facet normal 0 0 1
    outer loop
      vertex 82.55911741134258 -89.016020881673 82
      vertex 82.9218758535282 -88.90457735290519 82
      vertex 82.6986448766714 -88.68134637604838 82
    endloop
  endfacet
  facet normal 0 0 1
    outer loop
      vertex 82.94049929585314 -89.55528378591926 82
      vertex 83.41362163468995 -89.39632313406693 82
      vertex 82.9218758535282 -88.90457735290519 82
    endloop
  endfacet
  facet normal 0 0 1
    outer loop
      vertex 82.9218758535282 -88.90457735290519 82
      vertex 83.41362163468995 -89.39632313406693 82
      vertex 83.04013063437922 -88.86545668057647 82
    endloop
  endfacet
  facet normal 0 0 1
    outer loop
      vertex 83.41362163468995 -89.39632313406693 82
      vertex 83.39816031441114 -88.73390488452422 82
      vertex 83.04013063437922 -88.86545668057647 82
    endloop
  endfacet
  facet normal 0 0 1
    outer loop
      vertex 83.04013063437922 -88.86545668057647 82
      vertex 83.39816031441114 -88.73390488452422 82
      vertex 83.1720759419657 -88.50782051207878 82
    endloop
  endfacet
  facet normal 0 0 1
    outer loop
      vertex 83.41362163468995 -89.39632313406693 82
      vertex 83.87823231070969 -89.21397688082277 82
      vertex 83.39816031441114 -88.73390488452422 82
    endloop
  endfacet
  facet normal 0 0 1
    outer loop
      vertex 83.39816031441114 -88.73390488452422 82
      vertex 83.87823231070969 -89.21397688082277 82
      vertex 83.51097917009051 -88.68979172712928 82
    endloop
  endfacet
  facet normal 0 0 1
    outer loop
      vertex 83.51097917009051 -88.68979172712928 82
      vertex 83.87823231070969 -89.21397688082277 82
      vertex 83.8629726267226 -88.53849476585904 82
    endloop
  endfacet
  facet normal 0 0 1
    outer loop
      vertex 83.87823231070969 -89.21397688082277 82
      vertex 84.33317622856676 -89.0086983677032 82
      vertex 83.8629726267226 -88.53849476585904 82
    endloop
  endfacet
  facet normal 0 0 1
    outer loop
      vertex 84.33317622856676 -89.0086983677032 82
      vertex 83.97065433628092 -88.48963281164838 82
      vertex 83.8629726267226 -88.53849476585904 82
    endloop
  endfacet
  facet normal 0 0 1
    outer loop
      vertex 84.33317622856676 -89.0086983677032 82
      vertex 84.31534809317174 -88.31902371660833 82
      vertex 83.97065433628092 -88.48963281164838 82
    endloop
  endfacet
  facet normal 0 0 1
    outer loop
      vertex 83.51097917009051 -88.68979172712928 82
      vertex 83.8629726267226 -88.53849476585904 82
      vertex 83.63656627957654 -88.31208841871299 82
    endloop
  endfacet
  facet normal 0 0 1
    outer loop
      vertex 83.97065433628092 -88.48963281164838 82
      vertex 84.31534809317174 -88.31902371660833 82
      vertex 84.09079294720752 -88.09446857064411 82
    endloop
  endfacet
  facet normal 0 0 1
    outer loop
      vertex 84.33317622856676 -89.0086983677032 82
      vertex 84.77732232599939 -88.78099794943599 82
      vertex 84.31534809317174 -88.31902371660833 82
    endloop
  endfacet
  facet normal 0 0 1
    outer loop
      vertex 84.31534809317174 -88.31902371660833 82
      vertex 84.77732232599939 -88.78099794943599 82
      vertex 84.41813956337602 -88.26561044643468 82
    endloop
  endfacet
  facet normal 0 0 1
    outer loop
      vertex 84.77732232599939 -88.78099794943599 82
      vertex 84.75431479973956 -88.07619013904868 82
      vertex 84.41813956337602 -88.26561044643468 82
    endloop
  endfacet
  facet normal 0 0 1
    outer loop
      vertex 84.41813956337602 -88.26561044643468 82
      vertex 84.75431479973956 -88.07619013904868 82
      vertex 84.53346198523626 -87.85533732454537 82
    endloop
  endfacet
  facet normal 0 0 1
    outer loop
      vertex 84.77732232599939 -88.78099794943599 82
      vertex 85.20956638582877 -88.53144172513788 82
      vertex 84.75431479973956 -88.07619013904868 82
    endloop
  endfacet
  facet normal 0 0 1
    outer loop
      vertex 84.75431479973956 -88.07619013904868 82
      vertex 85.20956638582877 -88.53144172513788 82
      vertex 84.85241847331513 -88.01838311214522 82
    endloop
  endfacet
  facet normal 0 0 1
    outer loop
      vertex 84.85241847331513 -88.01838311214522 82
      vertex 85.17890194326324 -87.81071829294949 82
      vertex 84.9633121005069 -87.59512845019314 82
    endloop
  endfacet
  facet normal 0 0 1
    outer loop
      vertex 84.85241847331513 -88.01838311214522 82
      vertex 85.20956638582877 -88.53144172513788 82
      vertex 85.17890194326324 -87.81071829294949 82
    endloop
  endfacet
  facet normal 0 0 1
    outer loop
      vertex 85.20956638582877 -88.53144172513788 82
      vertex 85.62883378121685 -88.2606501309031 82
      vertex 85.17890194326324 -87.81071829294949 82
    endloop
  endfacet
  facet normal 0 0 1
    outer loop
      vertex 85.62883378121685 -88.2606501309031 82
      vertex 85.27248149555263 -87.74863990755662 82
      vertex 85.17890194326324 -87.81071829294949 82
    endloop
  endfacet
  facet normal 0 0 1
    outer loop
      vertex 85.62883378121685 -88.2606501309031 82
      vertex 86.03408214735802 -87.96929639730145 82
      vertex 85.58814664768185 -87.52336089762528 82
    endloop
  endfacet
  facet normal 0 0 1
    outer loop
      vertex 85.27248149555263 -87.74863990755662 82
      vertex 85.58814664768185 -87.52336089762528 82
      vertex 85.37911825776175 -87.31433250770517 82
    endloop
  endfacet
  facet normal 0 0 1
    outer loop
      vertex 85.62883378121685 -88.2606501309031 82
      vertex 85.58814664768185 -87.52336089762528 82
      vertex 85.27248149555263 -87.74863990755662 82
    endloop
  endfacet
  facet normal 0 0 1
    outer loop
      vertex 85.58814664768185 -87.52336089762528 82
      vertex 86.03408214735802 -87.96929639730145 82
      vertex 85.6773313334244 -87.45710194117679 82
    endloop
  endfacet
  facet normal 0 0 1
    outer loop
      vertex 85.6773313334244 -87.45710194117679 82
      vertex 86.03408214735802 -87.96929639730145 82
      vertex 85.98109958492257 -87.21490048758129 82
    endloop
  endfacet
  facet normal 0 0 1
    outer loop
      vertex 85.6773313334244 -87.45710194117679 82
      vertex 85.98109958492257 -87.21490048758129 82
      vertex 85.77969516849181 -87.01349607115053 82
    endloop
  endfacet
  facet normal 0 0 1
    outer loop
      vertex 86.03408214735802 -87.96929639730145 82
      vertex 86.42430397296225 -87.65810487562096 82
      vertex 85.98109958492257 -87.21490048758129 82
    endloop
  endfacet
  facet normal 0 0 1
    outer loop
      vertex 85.98109958492257 -87.21490048758129 82
      vertex 86.42430397296225 -87.65810487562096 82
      vertex 86.2762478104932 -86.9605393998362 82
    endloop
  endfacet
  facet normal 0 0 1
    outer loop
      vertex 86.42430397296225 -87.65810487562096 82
      vertex 86.7985291050869 -87.32784923701655 82
      vertex 86.2762478104932 -86.9605393998362 82
    endloop
  endfacet
  facet normal 0 0 1
    outer loop
      vertex 85.98109958492257 -87.21490048758129 82
      vertex 86.2762478104932 -86.9605393998362 82
      vertex 86.16901098614014 -86.88512191714901 82
    endloop
  endfacet
  facet normal 0 0 1
    outer loop
      vertex 86.7985291050869 -87.32784923701655 82
      vertex 86.35682961660109 -86.88614974853074 82
      vertex 86.2762478104932 -86.9605393998362 82
    endloop
  endfacet
  facet normal 0 0 1
    outer loop
      vertex 86.7985291050869 -87.32784923701655 82
      vertex 86.63792784025816 -86.61651505368611 82
      vertex 86.35682961660109 -86.88614974853074 82
    endloop
  endfacet
  facet normal 0 0 1
    outer loop
      vertex 86.35682961660109 -86.88614974853074 82
      vertex 86.63792784025816 -86.61651505368611 82
      vertex 86.53571851852716 -86.54490814402526 82
    endloop
  endfacet
  facet normal 0 0 1
    outer loop
      vertex 86.7985291050869 -87.32784923701655 82
      vertex 87.15582716108977 -86.97935054904158 82
      vertex 86.63792784025816 -86.61651505368611 82
    endloop
  endfacet
  facet normal 0 0 1
    outer loop
      vertex 86.63792784025816 -86.61651505368611 82
      vertex 87.15582716108977 -86.97935054904158 82
      vertex 86.71442760013191 -86.53795098808372 82
    endloop
  endfacet
  facet normal 0 0 1
    outer loop
      vertex 86.71442760013191 -86.53795098808372 82
      vertex 87.15582716108977 -86.97935054904158 82
      vertex 86.9805868082172 -86.2539420682782 82
    endloop
  endfacet
  facet normal 0 0 1
    outer loop
      vertex 86.71442760013191 -86.53795098808372 82
      vertex 86.9805868082172 -86.2539420682782 82
      vertex 86.88390701762741 -86.1864113984931 82
    endloop
  endfacet
  facet normal 0 0 1
    outer loop
      vertex 86.9805868082172 -86.2539420682782 82
      vertex 87.49530984170701 -86.61347523434456 82
      vertex 87.05300944760221 -86.17117484023976 82
    endloop
  endfacet
  facet normal 0 0 1
    outer loop
      vertex 87.15582716108977 -86.97935054904158 82
      vertex 87.49530984170701 -86.61347523434456 82
      vertex 86.9805868082172 -86.2539420682782 82
    endloop
  endfacet
  facet normal 0 0 1
    outer loop
      vertex 87.05300944760221 -86.17117484023976 82
      vertex 87.49530984170701 -86.61347523434456 82
      vertex 87.30339412997792 -85.87374414058685 82
    endloop
  endfacet
  facet normal 0 0 1
    outer loop
      vertex 87.49530984170701 -86.61347523434456 82
      vertex 87.81613313950497 -86.23113291660592 82
      vertex 87.30339412997792 -85.87374414058685 82
    endloop
  endfacet
  facet normal 0 0 1
    outer loop
      vertex 87.05300944760221 -86.17117484023976 82
      vertex 87.30339412997792 -85.87374414058685 82
      vertex 87.2125841796153 -85.8104478896533 82
    endloop
  endfacet
  facet normal 0 0 1
    outer loop
      vertex 87.30339412997792 -85.87374414058685 82
      vertex 87.81613313950497 -86.23113291660592 82
      vertex 87.3717184809835 -85.78671825808445 82
    endloop
  endfacet
  facet normal 0 0 1
    outer loop
      vertex 87.3717184809835 -85.78671825808445 82
      vertex 87.81613313950497 -86.23113291660592 82
      vertex 88.11749943721571 -85.83327415907024 82
    endloop
  endfacet
  facet normal 0 0 1
    outer loop
      vertex 87.3717184809835 -85.78671825808445 82
      vertex 87.60554893367011 -85.47686978457033 82
      vertex 87.52081289564549 -85.41787913133216 82
    endloop
  endfacet
  facet normal 0 0 1
    outer loop
      vertex 87.3717184809835 -85.78671825808445 82
      vertex 88.11749943721571 -85.83327415907024 82
      vertex 87.60554893367011 -85.47686978457033 82
    endloop
  endfacet
  facet normal 0 0 1
    outer loop
      vertex 88.11749943721571 -85.83327415907024 82
      vertex 87.66972708780088 -85.38550180965541 82
      vertex 87.60554893367011 -85.47686978457033 82
    endloop
  endfacet
  facet normal 0 0 1
    outer loop
      vertex 87.66972708780088 -85.38550180965541 82
      vertex 87.88628168343378 -85.06428964635275 82
      vertex 87.80771389475075 -85.00960899536976 82
    endloop
  endfacet
  facet normal 0 0 1
    outer loop
      vertex 88.11749943721571 -85.83327415907024 82
      vertex 88.39865949073922 -85.42088810129624 82
      vertex 87.66972708780088 -85.38550180965541 82
    endloop
  endfacet
  facet normal 0 0 1
    outer loop
      vertex 87.66972708780088 -85.38550180965541 82
      vertex 88.39865949073922 -85.42088810129624 82
      vertex 87.88628168343378 -85.06428964635275 82
    endloop
  endfacet
  facet normal 0 0 1
    outer loop
      vertex 87.88628168343378 -85.06428964635275 82
      vertex 88.39865949073922 -85.42088810129624 82
      vertex 87.94623764295964 -84.96846625351667 82
    endloop
  endfacet
  facet normal 0 0 1
    outer loop
      vertex 88.39865949073922 -85.42088810129624 82
      vertex 88.65891429188223 -84.99499999999999 82
      vertex 87.94623764295964 -84.96846625351667 82
    endloop
  endfacet
  facet normal 0 0 1
    outer loop
      vertex 87.94623764295964 -84.96846625351667 82
      vertex 88.14485507115101 -84.6369931347642 82
      vertex 88.0724682236694 -84.58658067778242 82
    endloop
  endfacet
  facet normal 0 0 1
    outer loop
      vertex 87.94623764295964 -84.96846625351667 82
      vertex 88.65891429188223 -84.99499999999999 82
      vertex 88.14485507115101 -84.6369931347642 82
    endloop
  endfacet
  facet normal 0 0 1
    outer loop
      vertex 88.14485507115101 -84.6369931347642 82
      vertex 88.65891429188223 -84.99499999999999 82
      vertex 88.2004826209177 -84.53656832903546 82
    endloop
  endfacet
  facet normal 0 0 1
    outer loop
      vertex 88.2004826209177 -84.53656832903546 82
      vertex 88.65891429188223 -84.99499999999999 82
      vertex 88.89761680620279 -84.55666868010516 82
    endloop
  endfacet
  facet normal 0 0 1
    outer loop
      vertex 88.2004826209177 -84.53656832903546 82
      vertex 88.89761680620279 -84.55666868010516 82
      vertex 88.38056409861512 -84.19598430411594 82
    endloop
  endfacet
  facet normal 0 0 1
    outer loop
      vertex 88.2004826209177 -84.53656832903546 82
      vertex 88.38056409861512 -84.19598430411594 82
      vertex 88.31431955685639 -84.149773597052 82
    endloop
  endfacet
  facet normal 0 0 1
    outer loop
      vertex 88.89761680620279 -84.55666868010516 82
      vertex 88.4317237731685 -84.09077564707087 82
      vertex 88.38056409861512 -84.19598430411594 82
    endloop
  endfacet
  facet normal 0 0 1
    outer loop
      vertex 88.4317237731685 -84.09077564707087 82
      vertex 88.59273522216924 -83.74227687786534 82
      vertex 88.53257633044187 -83.70020024503053 82
    endloop
  endfacet
  facet normal 0 0 1
    outer loop
      vertex 88.89761680620279 -84.55666868010516 82
      vertex 89.11417358163985 -84.10698390233742 82
      vertex 88.4317237731685 -84.09077564707087 82
    endloop
  endfacet
  facet normal 0 0 1
    outer loop
      vertex 88.4317237731685 -84.09077564707087 82
      vertex 89.11417358163985 -84.10698390233742 82
      vertex 88.59273522216924 -83.74227687786534 82
    endloop
  endfacet
  facet normal 0 0 1
    outer loop
      vertex 88.59273522216924 -83.74227687786534 82
      vertex 89.11417358163985 -84.10698390233742 82
      vertex 88.63925018318768 -83.63206050388526 82
    endloop
  endfacet
  facet normal 0 0 1
    outer loop
      vertex 89.11417358163985 -84.10698390233742 82
      vertex 89.30804622392847 -83.64706365390761 82
      vertex 88.63925018318768 -83.63206050388526 82
    endloop
  endfacet
  facet normal 0 0 1
    outer loop
      vertex 88.63925018318768 -83.63206050388526 82
      vertex 88.78072436691649 -83.27688823948732 82
      vertex 88.72661369442845 -83.23890301216085 82
    endloop
  endfacet
  facet normal 0 0 1
    outer loop
      vertex 88.63925018318768 -83.63206050388526 82
      vertex 89.30804622392847 -83.64706365390761 82
      vertex 88.78072436691649 -83.27688823948732 82
    endloop
  endfacet
  facet normal 0 0 1
    outer loop
      vertex 88.78072436691649 -83.27688823948732 82
      vertex 89.30804622392847 -83.64706365390761 82
      vertex 88.82237492641077 -83.16139235638991 82
    endloop
  endfacet
  facet normal 0 0 1
    outer loop
      vertex 88.82237492641077 -83.16139235638991 82
      vertex 89.30804622392847 -83.64706365390761 82
      vertex 89.47875273513299 -83.17805136901936 82
    endloop
  endfacet
  facet normal 0 0 1
    outer loop
      vertex 88.82237492641077 -83.16139235638991 82
      vertex 89.47875273513299 -83.17805136901936 82
      vertex 88.94391352907049 -82.80083213195748 82
    endloop
  endfacet
  facet normal 0 0 1
    outer loop
      vertex 88.82237492641077 -83.16139235638991 82
      vertex 88.94391352907049 -82.80083213195748 82
      vertex 88.89587527796236 -82.76695100987932 82
    endloop
  endfacet
  facet normal 0 0 1
    outer loop
      vertex 89.47875273513299 -83.17805136901936 82
      vertex 88.98042994435234 -82.67972857823871 82
      vertex 88.94391352907049 -82.80083213195748 82
    endloop
  endfacet
  facet normal 0 0 1
    outer loop
      vertex 88.98042994435234 -82.67972857823871 82
      vertex 89.08170555959131 -82.31510968704933 82
      vertex 89.03987476307299 -82.28543691414845 82
    endloop
  endfacet
  facet normal 0 0 1
    outer loop
      vertex 88.98042994435234 -82.67972857823871 82
      vertex 89.62586871196962 -82.70111308611148 82
      vertex 89.08170555959131 -82.31510968704933 82
    endloop
  endfacet
  facet normal 0 0 1
    outer loop
      vertex 89.08170555959131 -82.31510968704933 82
      vertex 89.62586871196962 -82.70111308611148 82
      vertex 89.1127585710248 -82.18800294516666 82
    endloop
  endfacet
  facet normal 0 0 1
    outer loop
      vertex 89.1127585710248 -82.18800294516666 82
      vertex 89.19351653919138 -81.82069823030149 82
      vertex 89.15819726284438 -81.7954738550209 82
    endloop
  endfacet
  facet normal 0 0 1
    outer loop
      vertex 89.47875273513299 -83.17805136901936 82
      vertex 89.62586871196962 -82.70111308611148 82
      vertex 88.98042994435234 -82.67972857823871 82
    endloop
  endfacet
  facet normal 0 0 1
    outer loop
      vertex 89.1127585710248 -82.18800294516666 82
      vertex 89.62586871196962 -82.70111308611148 82
      vertex 89.74902840094005 -82.2174345489027 82
    endloop
  endfacet
  facet normal 0 0 1
    outer loop
      vertex 89.1127585710248 -82.18800294516666 82
      vertex 89.74902840094005 -82.2174345489027 82
      vertex 89.19351653919138 -81.82069823030149 82
    endloop
  endfacet
  facet normal 0 0 1
    outer loop
      vertex 89.19351653919138 -81.82069823030149 82
      vertex 89.74902840094005 -82.2174345489027 82
      vertex 89.21870489681397 -81.68711104477663 82
    endloop
  endfacet
  facet normal 0 0 1
    outer loop
      vertex 89.21870489681397 -81.68711104477663 82
      vertex 89.8479256076522 -81.72821825844596 82
      vertex 89.27876488070514 -81.3185370450766 82
    endloop
  endfacet
  facet normal 0 0 1
    outer loop
      vertex 89.21870489681397 -81.68711104477663 82
      vertex 89.74902840094005 -82.2174345489027 82
      vertex 89.8479256076522 -81.72821825844596 82
    endloop
  endfacet
  facet normal 0 0 1
    outer loop
      vertex 89.21870489681397 -81.68711104477663 82
      vertex 89.27876488070514 -81.3185370450766 82
      vertex 89.25050050056136 -81.29819237791281 82
    endloop
  endfacet
  facet normal 0 0 1
    outer loop
      vertex 89.8479256076522 -81.72821825844596 82
      vertex 89.29759877173477 -81.17789142252853 82
      vertex 89.27876488070514 -81.3185370450766 82
    endloop
  endfacet
  facet normal 0 0 1
    outer loop
      vertex 89.29759877173477 -81.17789142252853 82
      vertex 89.33685587447579 -80.80950887678485 82
      vertex 89.31651578695629 -80.79473750279838 82
    endloop
  endfacet
  facet normal 0 0 1
    outer loop
      vertex 89.29759877173477 -81.17789142252853 82
      vertex 89.92231445806772 -81.23468048352132 82
      vertex 89.33685587447579 -80.80950887678485 82
    endloop
  endfacet
  facet normal 0 0 1
    outer loop
      vertex 89.92231445806772 -81.23468048352132 82
      vertex 89.34873465589357 -80.66110068134716 82
      vertex 89.33685587447579 -80.80950887678485 82
    endloop
  endfacet
  facet normal 0 0 1
    outer loop
      vertex 89.8479256076522 -81.72821825844596 82
      vertex 89.92231445806772 -81.23468048352132 82
      vertex 89.29759877173477 -81.17789142252853 82
    endloop
  endfacet
  facet normal 0 0 1
    outer loop
      vertex 89.92231445806772 -81.23468048352132 82
      vertex 89.9720100097836 -80.7380482368001 82
      vertex 89.34873465589357 -80.66110068134716 82
    endloop
  endfacet
  facet normal 0 0 1
    outer loop
      vertex 89.34873465589357 -80.66110068134716 82
      vertex 89.9720100097836 -80.7380482368001 82
      vertex 89.3671597319902 -80.29441532632464 82
    endloop
  endfacet
  facet normal 0 0 1
    outer loop
      vertex 89.34873465589357 -80.66110068134716 82
      vertex 89.3671597319902 -80.29441532632464 82
      vertex 89.35604879326846 -80.28626590775907 82
    endloop
  endfacet
  facet normal 0 0 1
    outer loop
      vertex 89.3671597319902 -80.29441532632464 82
      vertex 89.9720100097836 -80.7380482368001 82
      vertex 89.37134158136304 -80.13737980837954 82
    endloop
  endfacet
  facet normal 0 0 1
    outer loop
      vertex 89.9720100097836 -80.7380482368001 82
      vertex 89.99688871182816 -80.2395562242981 82
      vertex 89.37134158136304 -80.13737980837954 82
    endloop
  endfacet
  facet normal 0 0 1
    outer loop
      vertex 89.99688871182816 -80.2395562242981 82
      vertex 89.36898011841134 -79.7739432631454 82
      vertex 89.37134158136304 -80.13737980837954 82
    endloop
  endfacet
  facet normal 0 0 1
    outer loop
      vertex 89.99688871182816 -80.2395562242981 82
      vertex 89.36453995093392 -79.60720746340385 82
      vertex 89.36898011841134 -79.7739432631454 82
    endloop
  endfacet
  facet normal 0 0 1
    outer loop
      vertex 89.36171277196965 -79.60438028443959 82
      vertex 89.99688871182816 -79.99499999999999 82
      vertex 89.35624179614497 -79.43269017972067 82
    endloop
  endfacet
  facet normal 0 0 1
    outer loop
      vertex 89.36171277196965 -79.60438028443959 82
      vertex 89.36453995093392 -79.60720746340385 82
      vertex 89.99688871182816 -79.99499999999999 82
    endloop
  endfacet
  facet normal 0 0 1
    outer loop
      vertex 89.99688871182816 -79.99499999999999 82
      vertex 89.34933827231657 -79.34644063294468 82
      vertex 89.35624179614497 -79.43269017972067 82
    endloop
  endfacet
  facet normal 0 0 1
    outer loop
      vertex 89.99688871182816 -80.2395562242981 82
      vertex 89.99688871182816 -79.99499999999999 82
      vertex 89.36453995093392 -79.60720746340385 82
    endloop
  endfacet
  facet normal 1 0 0
    outer loop
      vertex 90 -79.99499999999999 0
      vertex 90 79.99499999999999 82
      vertex 90 -79.99499999999999 82
    endloop
  endfacet
  facet normal 0 0 1
    outer loop
      vertex 89.34933827231657 -79.34644063294468 82
      vertex 88.0356500648657 75.17443533118794 82
      vertex 88.07706951306693 -78.07218959260014 82
    endloop
  endfacet
  facet normal 0 0 1
    outer loop
      vertex 88.07706951306693 -78.07218959260014 82
      vertex 88.0356500648657 75.17443533118794 82
      vertex 88 -75.11745834012194 82
    endloop
  endfacet
  facet normal 0 0 1
    outer loop
      vertex 89.99688871182816 -79.99499999999999 82
      vertex 88.0356500648657 75.17443533118794 82
      vertex 89.34933827231657 -79.34644063294468 82
    endloop
  endfacet
  facet normal 0 0 1
    outer loop
      vertex 90 -79.99499999999999 82
      vertex 89.99987530778472 79.99499999999999 82
      vertex 89.99688871182816 -79.99499999999999 82
    endloop
  endfacet
  facet normal 0 0 -1
    outer loop
      vertex -89.99987530778472 -79.99499999999999 0
      vertex 76.75240473580835 78.125 0
      vertex 77.02492497390787 77.7171446412173 0
    endloop
  endfacet
  facet normal 0 0 -1
    outer loop
      vertex -89.98755678140141 -80.48895731546358 0
      vertex 77.02492497390787 77.7171446412173 0
      vertex 77.34834957055045 77.34834957055045 0
    endloop
  endfacet
  facet normal 0 0 -1
    outer loop
      vertex -89.99987530778472 -79.99499999999999 0
      vertex 76.377778151416 79.02942858086554 0
      vertex 76.53545175308267 78.56493712863092 0
    endloop
  endfacet
  facet normal 0 0 -1
    outer loop
      vertex -89.99987530778472 -79.99499999999999 0
      vertex 76.2820817698482 79.51052677917481 0
      vertex 76.377778151416 79.02942858086554 0
    endloop
  endfacet
  facet normal 0 0 -1
    outer loop
      vertex -89.99987530778472 -79.99499999999999 0
      vertex 76.25 80 0
      vertex 76.2820817698482 79.51052677917481 0
    endloop
  endfacet
  facet normal 0 0 -1
    outer loop
      vertex -89.99987530778472 -79.99499999999999 0
      vertex 76.2820817698482 80.48947322082519 0
      vertex 76.25 80 0
    endloop
  endfacet
  facet normal 0 0 -1
    outer loop
      vertex -89.99987530778472 -79.99499999999999 0
      vertex 76.377778151416 80.97057141913446 0
      vertex 76.2820817698482 80.48947322082519 0
    endloop
  endfacet
  facet normal 0 0 -1
    outer loop
      vertex -89.99987530778472 -79.99499999999999 0
      vertex 76.53545175308267 81.43506287136908 0
      vertex 76.377778151416 80.97057141913446 0
    endloop
  endfacet
  facet normal 0 0 -1
    outer loop
      vertex -89.99987530778472 -79.99499999999999 0
      vertex 76.53545175308267 78.56493712863092 0
      vertex 76.75240473580835 78.125 0
    endloop
  endfacet
  facet normal 0 0 -1
    outer loop
      vertex -89.99987530778472 -79.99499999999999 0
      vertex 76.75240473580835 81.875 0
      vertex 76.53545175308267 81.43506287136908 0
    endloop
  endfacet
  facet normal 0 0 -1
    outer loop
      vertex -89.99987530778472 -79.99499999999999 0
      vertex 77.02492497390787 82.2828553587827 0
      vertex 76.75240473580835 81.875 0
    endloop
  endfacet
  facet normal 0 0 -1
    outer loop
      vertex -89.99987530778472 -79.99499999999999 0
      vertex 77.34834957055045 82.65165042944955 0
      vertex 77.02492497390787 82.2828553587827 0
    endloop
  endfacet
  facet normal 0 0 -1
    outer loop
      vertex -77.34834957055045 -77.34834957055045 0
      vertex 78.56493712863092 76.53545175308267 0
      vertex 79.02942858086554 76.377778151416 0
    endloop
  endfacet
  facet normal 0 0 -1
    outer loop
      vertex -77.34834957055045 -77.34834957055045 0
      vertex 79.02942858086554 76.377778151416 0
      vertex 79.51052677917481 76.2820817698482 0
    endloop
  endfacet
  facet normal 0 0 -1
    outer loop
      vertex -77.34834957055045 -77.34834957055045 0
      vertex 79.51052677917481 76.2820817698482 0
      vertex 80 76.25 0
    endloop
  endfacet
  facet normal 0 0 -1
    outer loop
      vertex -77.34834957055045 -77.34834957055045 0
      vertex 80 76.25 0
      vertex 80.48947322082519 76.2820817698482 0
    endloop
  endfacet
  facet normal 0 0 -1
    outer loop
      vertex -77.34834957055045 -77.34834957055045 0
      vertex 80.48947322082519 76.2820817698482 0
      vertex 80.97057141913446 76.377778151416 0
    endloop
  endfacet
  facet normal 0 0 -1
    outer loop
      vertex -77.7171446412173 -77.02492497390787 0
      vertex 77.34834957055045 77.34834957055045 0
      vertex 77.7171446412173 77.02492497390787 0
    endloop
  endfacet
  facet normal 0 0 -1
    outer loop
      vertex -77.34834957055045 -77.34834957055045 0
      vertex 77.7171446412173 77.02492497390787 0
      vertex 78.125 76.75240473580835 0
    endloop
  endfacet
  facet normal 0 0 -1
    outer loop
      vertex -77.34834957055045 -77.34834957055045 0
      vertex 78.125 76.75240473580835 0
      vertex 78.56493712863092 76.53545175308267 0
    endloop
  endfacet
  facet normal 0 0 -1
    outer loop
      vertex -89.99987530778472 -79.99499999999999 0
      vertex 83.64706365390761 89.30804622392847 0
      vertex 77.34834957055045 82.65165042944955 0
    endloop
  endfacet
  facet normal 0 0 -1
    outer loop
      vertex -89.99987530778472 -79.99499999999999 0
      vertex 79.99499999999999 89.99688871182816 0
      vertex 80.2395562242981 89.99688871182816 0
    endloop
  endfacet
  facet normal 0 0 -1
    outer loop
      vertex -89.99987530778472 -79.99499999999999 0
      vertex 80.2395562242981 89.99688871182816 0
      vertex 80.7380482368001 89.9720100097836 0
    endloop
  endfacet
  facet normal 0 0 -1
    outer loop
      vertex -89.99987530778472 -79.99499999999999 0
      vertex 80.7380482368001 89.9720100097836 0
      vertex 81.23468048352132 89.92231445806772 0
    endloop
  endfacet
  facet normal 0 0 -1
    outer loop
      vertex -89.99987530778472 -79.99499999999999 0
      vertex 81.23468048352132 89.92231445806772 0
      vertex 81.72821825844596 89.8479256076522 0
    endloop
  endfacet
  facet normal 0 0 -1
    outer loop
      vertex -89.99987530778472 -79.99499999999999 0
      vertex 82.70111308611148 89.62586871196962 0
      vertex 83.17805136901936 89.47875273513299 0
    endloop
  endfacet
  facet normal 0 0 -1
    outer loop
      vertex -89.99987530778472 -79.99499999999999 0
      vertex 81.72821825844596 89.8479256076522 0
      vertex 82.2174345489027 89.74902840094005 0
    endloop
  endfacet
  facet normal 0 0 -1
    outer loop
      vertex -89.99987530778472 -79.99499999999999 0
      vertex 82.2174345489027 89.74902840094005 0
      vertex 82.70111308611148 89.62586871196962 0
    endloop
  endfacet
  facet normal 0 0 -1
    outer loop
      vertex -89.99987530778472 -79.99499999999999 0
      vertex 83.17805136901936 89.47875273513299 0
      vertex 83.64706365390761 89.30804622392847 0
    endloop
  endfacet
  facet normal 0 0 -1
    outer loop
      vertex -77.34834957055045 -77.34834957055045 0
      vertex 80.97057141913446 76.377778151416 0
      vertex 81.43506287136908 76.53545175308267 0
    endloop
  endfacet
  facet normal 0 0 -1
    outer loop
      vertex -77.34834957055045 -77.34834957055045 0
      vertex 81.43506287136908 76.53545175308267 0
      vertex 81.875 76.75240473580835 0
    endloop
  endfacet
  facet normal 0 0 -1
    outer loop
      vertex -77.34834957055045 -77.34834957055045 0
      vertex 81.875 76.75240473580835 0
      vertex 82.2828553587827 77.02492497390787 0
    endloop
  endfacet
  facet normal 0 0 -1
    outer loop
      vertex -77.34834957055045 -77.34834957055045 0
      vertex 82.2828553587827 77.02492497390787 0
      vertex 82.65165042944955 77.34834957055045 0
    endloop
  endfacet
  facet normal 0 0 -1
    outer loop
      vertex 89.39632313406693 83.41362163468995 0
      vertex -77.34834957055045 -77.34834957055045 0
      vertex 82.65165042944955 77.34834957055045 0
    endloop
  endfacet
  facet normal 0 0 -1
    outer loop
      vertex 89.99987530778472 79.99499999999999 0
      vertex -77.02492497390787 -77.7171446412173 0
      vertex 89.98755678140141 80.48895731546358 0
    endloop
  endfacet
  facet normal 0 0 -1
    outer loop
      vertex 89.98755678140141 80.48895731546358 0
      vertex -77.34834957055045 -77.34834957055045 0
      vertex 89.95025806140767 80.98667414442411 0
    endloop
  endfacet
  facet normal 0 0 -1
    outer loop
      vertex 89.95025806140767 80.98667414442411 0
      vertex -77.34834957055045 -77.34834957055045 0
      vertex 89.88819657051353 81.4819130844235 0
    endloop
  endfacet
  facet normal 0 0 -1
    outer loop
      vertex 89.88819657051353 81.4819130844235 0
      vertex -77.34834957055045 -77.34834957055045 0
      vertex 89.80152660336393 81.97344289342597 0
    endloop
  endfacet
  facet normal 0 0 -1
    outer loop
      vertex 89.80152660336393 81.97344289342597 0
      vertex -77.34834957055045 -77.34834957055045 0
      vertex 89.69046363515307 82.46004155087984 0
    endloop
  endfacet
  facet normal 0 0 -1
    outer loop
      vertex 89.55528378591926 82.94049929585314 0
      vertex 89.69046363515307 82.46004155087984 0
      vertex -77.34834957055045 -77.34834957055045 0
    endloop
  endfacet
  facet normal 0 0 -1
    outer loop
      vertex 89.55528378591926 82.94049929585314 0
      vertex -77.34834957055045 -77.34834957055045 0
      vertex 89.39632313406693 83.41362163468995 0
    endloop
  endfacet
  facet normal 0 0 -1
    outer loop
      vertex -79.99499999999999 90 0
      vertex 79.99499999999999 90 0
      vertex 79.99499999999999 89.99688871182816 0
    endloop
  endfacet
  facet normal 0 0 -1
    outer loop
      vertex 89.99688871182816 -79.99499999999999 0
      vertex 89.99987530778472 79.99499999999999 0
      vertex 90 79.99499999999999 0
    endloop
  endfacet
  facet normal 1 0 0
    outer loop
      vertex 90 -79.99499999999999 0
      vertex 90 79.99499999999999 0
      vertex 90 79.99499999999999 82
    endloop
  endfacet
  facet normal 0 0 -1
    outer loop
      vertex 86.97935054904158 87.15582716108977 0
      vertex 82.65165042944955 82.65165042944955 0
      vertex 82.2828553587827 82.97507502609213 0
    endloop
  endfacet
  facet normal 0 0 -1
    outer loop
      vertex 83.64706365390761 89.30804622392847 0
      vertex 77.7171446412173 82.97507502609213 0
      vertex 77.34834957055045 82.65165042944955 0
    endloop
  endfacet
  facet normal 0 0 -1
    outer loop
      vertex 84.10698390233742 89.11417358163985 0
      vertex 78.125 83.24759526419165 0
      vertex 77.7171446412173 82.97507502609213 0
    endloop
  endfacet
  facet normal 0 0 -1
    outer loop
      vertex 84.10698390233742 89.11417358163985 0
      vertex 78.56493712863092 83.46454824691733 0
      vertex 78.125 83.24759526419165 0
    endloop
  endfacet
  facet normal 0 0 -1
    outer loop
      vertex 84.10698390233742 89.11417358163985 0
      vertex 79.02942858086554 83.622221848584 0
      vertex 78.56493712863092 83.46454824691733 0
    endloop
  endfacet
  facet normal 0 0 -1
    outer loop
      vertex 84.55666868010516 88.89761680620279 0
      vertex 79.51052677917481 83.7179182301518 0
      vertex 79.02942858086554 83.622221848584 0
    endloop
  endfacet
  facet normal 0 0 -1
    outer loop
      vertex 84.99499999999999 88.65891429188223 0
      vertex 80 83.75 0
      vertex 79.51052677917481 83.7179182301518 0
    endloop
  endfacet
  facet normal 0 0 -1
    outer loop
      vertex 84.99499999999999 88.65891429188223 0
      vertex 80.48947322082519 83.7179182301518 0
      vertex 80 83.75 0
    endloop
  endfacet
  facet normal 0 0 -1
    outer loop
      vertex 85.83327415907024 88.11749943721571 0
      vertex 81.43506287136908 83.46454824691733 0
      vertex 80.97057141913446 83.622221848584 0
    endloop
  endfacet
  facet normal 0 0 -1
    outer loop
      vertex 85.42088810129624 88.39865949073922 0
      vertex 80.97057141913446 83.622221848584 0
      vertex 80.48947322082519 83.7179182301518 0
    endloop
  endfacet
  facet normal 0 0 -1
    outer loop
      vertex 83.64706365390761 89.30804622392847 0
      vertex 84.10698390233742 89.11417358163985 0
      vertex 77.7171446412173 82.97507502609213 0
    endloop
  endfacet
  facet normal 0 0 -1
    outer loop
      vertex 86.23113291660592 87.81613313950497 0
      vertex 81.875 83.24759526419165 0
      vertex 81.43506287136908 83.46454824691733 0
    endloop
  endfacet
  facet normal 0 0 -1
    outer loop
      vertex 86.61347523434456 87.49530984170701 0
      vertex 82.2828553587827 82.97507502609213 0
      vertex 81.875 83.24759526419165 0
    endloop
  endfacet
  facet normal 0 0 -1
    outer loop
      vertex 84.55666868010516 88.89761680620279 0
      vertex 84.99499999999999 88.65891429188223 0
      vertex 79.51052677917481 83.7179182301518 0
    endloop
  endfacet
  facet normal 0 0 -1
    outer loop
      vertex 85.42088810129624 88.39865949073922 0
      vertex 80.48947322082519 83.7179182301518 0
      vertex 84.99499999999999 88.65891429188223 0
    endloop
  endfacet
  facet normal 0 0 -1
    outer loop
      vertex 85.42088810129624 88.39865949073922 0
      vertex 85.83327415907024 88.11749943721571 0
      vertex 80.97057141913446 83.622221848584 0
    endloop
  endfacet
  facet normal 0 0 -1
    outer loop
      vertex 84.10698390233742 89.11417358163985 0
      vertex 84.55666868010516 88.89761680620279 0
      vertex 79.02942858086554 83.622221848584 0
    endloop
  endfacet
  facet normal 0 0 -1
    outer loop
      vertex 89.39632313406693 83.41362163468995 0
      vertex 82.65165042944955 77.34834957055045 0
      vertex 82.97507502609213 77.7171446412173 0
    endloop
  endfacet
  facet normal 0 0 -1
    outer loop
      vertex 89.39632313406693 83.41362163468995 0
      vertex 82.97507502609213 77.7171446412173 0
      vertex 83.24759526419165 78.125 0
    endloop
  endfacet
  facet normal 0 0 -1
    outer loop
      vertex 89.21397688082277 83.87823231070969 0
      vertex 83.24759526419165 78.125 0
      vertex 83.46454824691733 78.56493712863092 0
    endloop
  endfacet
  facet normal 0 0 -1
    outer loop
      vertex 89.21397688082277 83.87823231070969 0
      vertex 83.46454824691733 78.56493712863092 0
      vertex 83.622221848584 79.02942858086554 0
    endloop
  endfacet
  facet normal 0 0 -1
    outer loop
      vertex 89.21397688082277 83.87823231070969 0
      vertex 83.622221848584 79.02942858086554 0
      vertex 83.7179182301518 79.51052677917481 0
    endloop
  endfacet
  facet normal 0 0 -1
    outer loop
      vertex 89.0086983677032 84.33317622856676 0
      vertex 83.7179182301518 79.51052677917481 0
      vertex 83.75 80 0
    endloop
  endfacet
  facet normal 0 0 -1
    outer loop
      vertex 88.78099794943599 84.77732232599939 0
      vertex 83.75 80 0
      vertex 83.7179182301518 80.48947322082519 0
    endloop
  endfacet
  facet normal 0 0 -1
    outer loop
      vertex 88.53144172513788 85.20956638582877 0
      vertex 83.7179182301518 80.48947322082519 0
      vertex 83.622221848584 80.97057141913446 0
    endloop
  endfacet
  facet normal 0 0 -1
    outer loop
      vertex 88.53144172513788 85.20956638582877 0
      vertex 83.622221848584 80.97057141913446 0
      vertex 83.46454824691733 81.43506287136908 0
    endloop
  endfacet
  facet normal 0 0 -1
    outer loop
      vertex 88.2606501309031 85.62883378121685 0
      vertex 83.46454824691733 81.43506287136908 0
      vertex 83.24759526419165 81.875 0
    endloop
  endfacet
  facet normal 0 0 -1
    outer loop
      vertex 87.96929639730145 86.03408214735802 0
      vertex 83.24759526419165 81.875 0
      vertex 82.97507502609213 82.2828553587827 0
    endloop
  endfacet
  facet normal 0 0 -1
    outer loop
      vertex 87.65810487562096 86.42430397296225 0
      vertex 82.97507502609213 82.2828553587827 0
      vertex 82.65165042944955 82.65165042944955 0
    endloop
  endfacet
  facet normal 0 0 -1
    outer loop
      vertex 89.0086983677032 84.33317622856676 0
      vertex 83.75 80 0
      vertex 88.78099794943599 84.77732232599939 0
    endloop
  endfacet
  facet normal 0 0 -1
    outer loop
      vertex 88.53144172513788 85.20956638582877 0
      vertex 88.78099794943599 84.77732232599939 0
      vertex 83.7179182301518 80.48947322082519 0
    endloop
  endfacet
  facet normal 0 0 -1
    outer loop
      vertex 88.53144172513788 85.20956638582877 0
      vertex 83.46454824691733 81.43506287136908 0
      vertex 88.2606501309031 85.62883378121685 0
    endloop
  endfacet
  facet normal 0 0 -1
    outer loop
      vertex 89.21397688082277 83.87823231070969 0
      vertex 89.39632313406693 83.41362163468995 0
      vertex 83.24759526419165 78.125 0
    endloop
  endfacet
  facet normal 0 0 -1
    outer loop
      vertex 89.21397688082277 83.87823231070969 0
      vertex 83.7179182301518 79.51052677917481 0
      vertex 89.0086983677032 84.33317622856676 0
    endloop
  endfacet
  facet normal 0 0 -1
    outer loop
      vertex 86.97935054904158 87.15582716108977 0
      vertex 87.32784923701655 86.7985291050869 0
      vertex 82.65165042944955 82.65165042944955 0
    endloop
  endfacet
  facet normal 0 0 -1
    outer loop
      vertex 86.23113291660592 87.81613313950497 0
      vertex 81.43506287136908 83.46454824691733 0
      vertex 85.83327415907024 88.11749943721571 0
    endloop
  endfacet
  facet normal 0 0 -1
    outer loop
      vertex 86.23113291660592 87.81613313950497 0
      vertex 86.61347523434456 87.49530984170701 0
      vertex 81.875 83.24759526419165 0
    endloop
  endfacet
  facet normal 0 0 -1
    outer loop
      vertex 86.97935054904158 87.15582716108977 0
      vertex 82.2828553587827 82.97507502609213 0
      vertex 86.61347523434456 87.49530984170701 0
    endloop
  endfacet
  facet normal 0 0 -1
    outer loop
      vertex 87.65810487562096 86.42430397296225 0
      vertex 87.96929639730145 86.03408214735802 0
      vertex 82.97507502609213 82.2828553587827 0
    endloop
  endfacet
  facet normal 0 0 -1
    outer loop
      vertex 87.65810487562096 86.42430397296225 0
      vertex 82.65165042944955 82.65165042944955 0
      vertex 87.32784923701655 86.7985291050869 0
    endloop
  endfacet
  facet normal 0 0 -1
    outer loop
      vertex 88.2606501309031 85.62883378121685 0
      vertex 83.24759526419165 81.875 0
      vertex 87.96929639730145 86.03408214735802 0
    endloop
  endfacet
  facet normal 0 1 0
    outer loop
      vertex -79.99499999999999 90 82
      vertex 79.99499999999999 90 82
      vertex 79.99499999999999 90 0
    endloop
  endfacet
  facet normal 0 0 1
    outer loop
      vertex -75.1768336395297 88.03561975184047 82
      vertex 75.11638374797523 88 82
      vertex 77.80454568738271 88 82
    endloop
  endfacet
  facet normal 0 0 1
    outer loop
      vertex -79.99499999999999 89.99987530778472 82
      vertex 79.99499999999999 89.99688871182816 82
      vertex 79.99499999999999 90 82
    endloop
  endfacet
  facet normal 0 0 1
    outer loop
      vertex -75.1768336395297 88.03561975184047 82
      vertex 77.80454568738271 88 82
      vertex 78.2629182116833 88.26750142630179 82
    endloop
  endfacet
  facet normal 0 0 1
    outer loop
      vertex -75.1768336395297 88.03561975184047 82
      vertex 78.2629182116833 88.26750142630179 82
      vertex 79.34729497980341 89.35019129011569 82
    endloop
  endfacet
  facet normal 0 0 1
    outer loop
      vertex -75.1768336395297 88.03561975184047 82
      vertex 79.34729497980341 89.35019129011569 82
      vertex 79.99499999999999 89.99688871182816 82
    endloop
  endfacet
  facet normal 0 0 1
    outer loop
      vertex 88 -75.11745834012194 82
      vertex 88.0356500648657 75.17443533118794 82
      vertex 88 75.11745834012194 82
    endloop
  endfacet
  facet normal 0 0 1
    outer loop
      vertex 89.99688871182816 -79.99499999999999 82
      vertex 88.07706951306693 77.2090972810681 82
      vertex 88.0356500648657 75.17443533118794 82
    endloop
  endfacet
  facet normal 0 0 1
    outer loop
      vertex 90 -79.99499999999999 82
      vertex 90 79.99499999999999 82
      vertex 89.99987530778472 79.99499999999999 82
    endloop
  endfacet
  facet normal 0 0 1
    outer loop
      vertex 89.99688871182816 -79.99499999999999 82
      vertex 88.2606501309031 85.62883378121685 82
      vertex 88.07706951306693 77.2090972810681 82
    endloop
  endfacet
  facet normal 0 0 1
    outer loop
      vertex 89.99688871182816 -79.99499999999999 82
      vertex 89.99987530778472 79.99499999999999 82
      vertex 89.95025806140767 80.98667414442411 82
    endloop
  endfacet
  facet normal 0 0 1
    outer loop
      vertex 89.99688871182816 -79.99499999999999 82
      vertex 89.95025806140767 80.98667414442411 82
      vertex 89.88819657051353 81.4819130844235 82
    endloop
  endfacet
  facet normal 0 0 1
    outer loop
      vertex 89.99688871182816 -79.99499999999999 82
      vertex 89.88819657051353 81.4819130844235 82
      vertex 89.80152660336393 81.97344289342597 82
    endloop
  endfacet
  facet normal 0 0 1
    outer loop
      vertex 89.99688871182816 -79.99499999999999 82
      vertex 89.69046363515307 82.46004155087984 82
      vertex 89.55528378591926 82.94049929585314 82
    endloop
  endfacet
  facet normal 0 0 1
    outer loop
      vertex 89.99688871182816 -79.99499999999999 82
      vertex 89.80152660336393 81.97344289342597 82
      vertex 89.69046363515307 82.46004155087984 82
    endloop
  endfacet
  facet normal 0 0 1
    outer loop
      vertex 89.99688871182816 -79.99499999999999 82
      vertex 89.55528378591926 82.94049929585314 82
      vertex 89.39632313406693 83.41362163468995 82
    endloop
  endfacet
  facet normal 0 0 1
    outer loop
      vertex 89.99688871182816 -79.99499999999999 82
      vertex 89.39632313406693 83.41362163468995 82
      vertex 89.21397688082277 83.87823231070969 82
    endloop
  endfacet
  facet normal 0 0 1
    outer loop
      vertex 89.99688871182816 -79.99499999999999 82
      vertex 89.21397688082277 83.87823231070969 82
      vertex 89.0086983677032 84.33317622856676 82
    endloop
  endfacet
  facet normal 0 0 1
    outer loop
      vertex 89.99688871182816 -79.99499999999999 82
      vertex 89.0086983677032 84.33317622856676 82
      vertex 88.78099794943599 84.77732232599939 82
    endloop
  endfacet
  facet normal 0 0 1
    outer loop
      vertex 89.99688871182816 -79.99499999999999 82
      vertex 88.78099794943599 84.77732232599939 82
      vertex 88.53144172513788 85.20956638582877 82
    endloop
  endfacet
  facet normal 0 0 1
    outer loop
      vertex 89.99688871182816 -79.99499999999999 82
      vertex 88.53144172513788 85.20956638582877 82
      vertex 88.2606501309031 85.62883378121685 82
    endloop
  endfacet
  facet normal 0 0 1
    outer loop
      vertex 88.0356500648657 75.17443533118794 82
      vertex 88.07706951306693 77.2090972810681 82
      vertex 87.99937700366986 78.15811827392648 82
    endloop
  endfacet
  facet normal 0 0 1
    outer loop
      vertex 79.60198632764893 89.3637657567117 82
      vertex 79.75043261152086 89.3295729367471 82
      vertex 79.76586372969072 89.37167760428237 82
    endloop
  endfacet
  facet normal 0 0 1
    outer loop
      vertex 79.34729497980341 89.35019129011569 82
      vertex 79.60198632764893 89.3637657567117 82
      vertex 79.99499999999999 89.99688871182816 82
    endloop
  endfacet
  facet normal 0 0 1
    outer loop
      vertex 79.60198632764893 89.3637657567117 82
      vertex 79.76586372969072 89.37167760428237 82
      vertex 79.99499999999999 89.99688871182816 82
    endloop
  endfacet
  facet normal 0 0 1
    outer loop
      vertex 79.76586372969072 89.37167760428237 82
      vertex 80.23340338770602 89.37167760428237 82
      vertex 80.2395562242981 89.99688871182816 82
    endloop
  endfacet
  facet normal 0 0 1
    outer loop
      vertex 79.76586372969072 89.37167760428237 82
      vertex 80.2395562242981 89.99688871182816 82
      vertex 79.99499999999999 89.99688871182816 82
    endloop
  endfacet
  facet normal 0 0 1
    outer loop
      vertex 80.29329285145843 87.7297125036449 82
      vertex 80.36243456395964 89.36566204185236 82
      vertex 80.24956738847914 87.74084637460741 82
    endloop
  endfacet
  facet normal 0 0 1
    outer loop
      vertex 80.79454561108795 87.59704859483324 82
      vertex 80.85061736180934 89.33414230094536 82
      vertex 80.74799473956016 87.61140763704653 82
    endloop
  endfacet
  facet normal 0 0 1
    outer loop
      vertex 81.2937110904814 87.43665603921728 82
      vertex 81.33644091264573 89.27721282333532 82
      vertex 81.2443018182849 87.45463954359356 82
    endloop
  endfacet
  facet normal 0 0 1
    outer loop
      vertex 80.24956738847914 87.74084637460741 82
      vertex 80.36243456395964 89.36566204185236 82
      vertex 80.23340338770602 89.37167760428237 82
    endloop
  endfacet
  facet normal 0 0 1
    outer loop
      vertex 80.74799473956016 87.61140763704653 82
      vertex 80.85061736180934 89.33414230094536 82
      vertex 80.72819564357107 89.34616781246723 82
    endloop
  endfacet
  facet normal 0 0 1
    outer loop
      vertex 80.23340338770602 89.37167760428237 82
      vertex 80.36243456395964 89.36566204185236 82
      vertex 80.2395562242981 89.99688871182816 82
    endloop
  endfacet
  facet normal 0 0 1
    outer loop
      vertex 80.36243456395964 89.36566204185236 82
      vertex 80.7380482368001 89.9720100097836 82
      vertex 80.2395562242981 89.99688871182816 82
    endloop
  endfacet
  facet normal 0 0 1
    outer loop
      vertex 80.36243456395964 89.36566204185236 82
      vertex 80.72819564357107 89.34616781246723 82
      vertex 80.7380482368001 89.9720100097836 82
    endloop
  endfacet
  facet normal 0 0 1
    outer loop
      vertex 80.85061736180934 89.33414230094536 82
      vertex 80.7380482368001 89.9720100097836 82
      vertex 80.72819564357107 89.34616781246723 82
    endloop
  endfacet
  facet normal 0 0 1
    outer loop
      vertex 81.2443018182849 87.45463954359356 82
      vertex 81.33644091264573 89.27721282333532 82
      vertex 81.22013426766514 89.29464127983984 82
    endloop
  endfacet
  facet normal 0 0 1
    outer loop
      vertex 80.85061736180934 89.33414230094536 82
      vertex 81.22013426766514 89.29464127983984 82
      vertex 81.23468048352132 89.92231445806772 82
    endloop
  endfacet
  facet normal 0 0 1
    outer loop
      vertex 80.85061736180934 89.33414230094536 82
      vertex 81.23468048352132 89.92231445806772 82
      vertex 80.7380482368001 89.9720100097836 82
    endloop
  endfacet
  facet normal 0 0 1
    outer loop
      vertex 81.22013426766514 89.29464127983984 82
      vertex 81.33644091264573 89.27721282333532 82
      vertex 81.23468048352132 89.92231445806772 82
    endloop
  endfacet
  facet normal 0 0 1
    outer loop
      vertex 81.33644091264573 89.27721282333532 82
      vertex 81.72821825844596 89.8479256076522 82
      vertex 81.23468048352132 89.92231445806772 82
    endloop
  endfacet
  facet normal 0 0 1
    outer loop
      vertex 83.64522664506238 86.24570806140831 82
      vertex 83.71009233570746 86.20148338234895 82
      vertex 83.6873254638633 88.61819691457181 82
    endloop
  endfacet
  facet normal 0 0 1
    outer loop
      vertex 84.16812023543494 85.86386339068996 82
      vertex 84.1333560904111 88.41359175803802 82
      vertex 84.09975612930177 85.91564718876259 82
    endloop
  endfacet
  facet normal 0 0 1
    outer loop
      vertex 81.7370817883167 87.27010039825247 82
      vertex 81.78939945853945 87.24804665089279 82
      vertex 81.81867984375458 89.19501649062413 82
    endloop
  endfacet
  facet normal 0 0 1
    outer loop
      vertex 81.7370817883167 87.27010039825247 82
      vertex 81.81867984375458 89.19501649062413 82
      vertex 81.70806962780712 89.21733795509716 82
    endloop
  endfacet
  facet normal 0 0 1
    outer loop
      vertex 82.2249378112917 87.05736997289833 82
      vertex 82.29610765318512 89.0877464687545 82
      vertex 82.19083697943132 89.11453022204623 82
    endloop
  endfacet
  facet normal 0 0 1
    outer loop
      vertex 82.2249378112917 87.05736997289833 82
      vertex 82.28023262672988 87.03074139323165 82
      vertex 82.29610765318512 89.0877464687545 82
    endloop
  endfacet
  facet normal 0 0 1
    outer loop
      vertex 82.76484878856269 86.78424796153008 82
      vertex 82.76750080169921 88.95564721895941 82
      vertex 82.70648700630895 86.81603009420438 82
    endloop
  endfacet
  facet normal 0 0 1
    outer loop
      vertex 82.70648700630895 86.81603009420438 82
      vertex 82.76750080169921 88.95564721895941 82
      vertex 82.66726387904802 88.98652817789919 82
    endloop
  endfacet
  facet normal 0 0 1
    outer loop
      vertex 81.33644091264573 89.27721282333532 82
      vertex 81.70806962780712 89.21733795509716 82
      vertex 81.72821825844596 89.8479256076522 82
    endloop
  endfacet
  facet normal 0 0 1
    outer loop
      vertex 81.70806962780712 89.21733795509716 82
      vertex 81.81867984375458 89.19501649062413 82
      vertex 81.72821825844596 89.8479256076522 82
    endloop
  endfacet
  facet normal 0 0 1
    outer loop
      vertex 81.81867984375458 89.19501649062413 82
      vertex 82.19083697943132 89.11453022204623 82
      vertex 82.2174345489027 89.74902840094005 82
    endloop
  endfacet
  facet normal 0 0 1
    outer loop
      vertex 81.81867984375458 89.19501649062413 82
      vertex 82.2174345489027 89.74902840094005 82
      vertex 81.72821825844596 89.8479256076522 82
    endloop
  endfacet
  facet normal 0 0 1
    outer loop
      vertex 82.19083697943132 89.11453022204623 82
      vertex 82.29610765318512 89.0877464687545 82
      vertex 82.2174345489027 89.74902840094005 82
    endloop
  endfacet
  facet normal 0 0 1
    outer loop
      vertex 82.29610765318512 89.0877464687545 82
      vertex 82.66726387904802 88.98652817789919 82
      vertex 82.70111308611148 89.62586871196962 82
    endloop
  endfacet
  facet normal 0 0 1
    outer loop
      vertex 82.76750080169921 88.95564721895941 82
      vertex 82.70111308611148 89.62586871196962 82
      vertex 82.66726387904802 88.98652817789919 82
    endloop
  endfacet
  facet normal 0 0 1
    outer loop
      vertex 82.2174345489027 89.74902840094005 82
      vertex 82.29610765318512 89.0877464687545 82
      vertex 82.70111308611148 89.62586871196962 82
    endloop
  endfacet
  facet normal 0 0 1
    outer loop
      vertex 82.76750080169921 88.95564721895941 82
      vertex 83.17805136901936 89.47875273513299 82
      vertex 82.70111308611148 89.62586871196962 82
    endloop
  endfacet
  facet normal 0 0 1
    outer loop
      vertex 83.2419070695162 86.50803252251096 82
      vertex 83.23164238530562 88.79901484838159 82
      vertex 83.18036436985653 86.54564048341192 82
    endloop
  endfacet
  facet normal 0 0 1
    outer loop
      vertex 83.64522664506238 86.24570806140831 82
      vertex 83.6873254638633 88.61819691457181 82
      vertex 83.5964039298455 88.65638990037074 82
    endloop
  endfacet
  facet normal 0 0 1
    outer loop
      vertex 83.18036436985653 86.54564048341192 82
      vertex 83.23164238530562 88.79901484838159 82
      vertex 83.136176320875 88.83368315055131 82
    endloop
  endfacet
  facet normal 0 0 1
    outer loop
      vertex 84.09975612930177 85.91564718876259 82
      vertex 84.1333560904111 88.41359175803802 82
      vertex 84.0467844313149 88.45508780643941 82
    endloop
  endfacet
  facet normal 0 0 1
    outer loop
      vertex 82.76750080169921 88.95564721895941 82
      vertex 83.136176320875 88.83368315055131 82
      vertex 83.17805136901936 89.47875273513299 82
    endloop
  endfacet
  facet normal 0 0 1
    outer loop
      vertex 83.136176320875 88.83368315055131 82
      vertex 83.23164238530562 88.79901484838159 82
      vertex 83.17805136901936 89.47875273513299 82
    endloop
  endfacet
  facet normal 0 0 1
    outer loop
      vertex 83.23164238530562 88.79901484838159 82
      vertex 83.5964039298455 88.65638990037074 82
      vertex 83.64706365390761 89.30804622392847 82
    endloop
  endfacet
  facet normal 0 0 1
    outer loop
      vertex 83.5964039298455 88.65638990037074 82
      vertex 83.6873254638633 88.61819691457181 82
      vertex 83.64706365390761 89.30804622392847 82
    endloop
  endfacet
  facet normal 0 0 1
    outer loop
      vertex 83.23164238530562 88.79901484838159 82
      vertex 83.64706365390761 89.30804622392847 82
      vertex 83.17805136901936 89.47875273513299 82
    endloop
  endfacet
  facet normal 0 0 1
    outer loop
      vertex 84.0467844313149 88.45508780643941 82
      vertex 84.10698390233742 89.11417358163985 82
      vertex 83.6873254638633 88.61819691457181 82
    endloop
  endfacet
  facet normal 0 0 1
    outer loop
      vertex 83.64706365390761 89.30804622392847 82
      vertex 83.6873254638633 88.61819691457181 82
      vertex 84.10698390233742 89.11417358163985 82
    endloop
  endfacet
  facet normal 0 0 1
    outer loop
      vertex 84.1333560904111 88.41359175803802 82
      vertex 84.10698390233742 89.11417358163985 82
      vertex 84.0467844313149 88.45508780643941 82
    endloop
  endfacet
  facet normal 0 0 1
    outer loop
      vertex 84.1333560904111 88.41359175803802 82
      vertex 84.55666868010516 88.89761680620279 82
      vertex 84.10698390233742 89.11417358163985 82
    endloop
  endfacet
  facet normal 0 0 1
    outer loop
      vertex 89.99987530778472 79.99499999999999 82
      vertex 89.98755678140141 80.48895731546358 82
      vertex 89.95025806140767 80.98667414442411 82
    endloop
  endfacet
  facet normal 0 0 1
    outer loop
      vertex 88.07706951306693 77.2090972810681 82
      vertex 88.2606501309031 85.62883378121685 82
      vertex 87.9830280644791 84.90966671062311 82
    endloop
  endfacet
  facet normal 0 0 1
    outer loop
      vertex 87.52542160560279 81.70965922914645 82
      vertex 87.5941137726279 83.01143691519448 82
      vertex 87.36689359908262 85.79286379183948 82
    endloop
  endfacet
  facet normal 0 0 1
    outer loop
      vertex 87.81231799139857 80.36327892047355 82
      vertex 87.94007098765778 84.97832198492598 82
      vertex 87.68157555123246 85.36863360700515 82
    endloop
  endfacet
  facet normal 0 0 1
    outer loop
      vertex 84.5426644093686 85.5547271788277 82
      vertex 84.61139262992684 85.62004297522628 82
      vertex 84.48616754264506 88.23026124062174 82
    endloop
  endfacet
  facet normal 0 0 1
    outer loop
      vertex 84.97269601362258 85.2147364107023 82
      vertex 84.98907435920354 87.3324756793768 82
      vertex 84.64198192349036 88.14238164200476 82
    endloop
  endfacet
  facet normal 0 0 1
    outer loop
      vertex 86.54029551064048 83.67212191520284 82
      vertex 86.59744990049688 86.65808526933257 82
      vertex 86.28759310273648 86.95006591488098 82
    endloop
  endfacet
  facet normal 0 0 1
    outer loop
      vertex 87.21719359465537 82.01722290762014 82
      vertex 87.30635917240149 85.86996751585835 82
      vertex 87.02152569319763 86.20715562059296 82
    endloop
  endfacet
  facet normal 0 0 1
    outer loop
      vertex 86.17354417873474 86.98430286701006 82
      vertex 86.17816745499682 87.05108295796299 82
      vertex 85.85999601467034 87.3153034978352 82
    endloop
  endfacet
  facet normal 0 0 1
    outer loop
      vertex 86.88850766434126 85.15052947058903 82
      vertex 86.94056582248056 86.29967950730166 82
      vertex 86.64493430524102 86.6093195229359 82
    endloop
  endfacet
  facet normal 0 0 1
    outer loop
      vertex 86.64493430524102 86.6093195229359 82
      vertex 86.61347523434456 87.49530984170701 82
      vertex 86.59744990049688 86.65808526933257 82
    endloop
  endfacet
  facet normal 0 0 1
    outer loop
      vertex 86.28759310273648 86.95006591488098 82
      vertex 86.59744990049688 86.65808526933257 82
      vertex 86.61347523434456 87.49530984170701 82
    endloop
  endfacet
  facet normal 0 0 1
    outer loop
      vertex 86.64493430524102 86.6093195229359 82
      vertex 86.97935054904158 87.15582716108977 82
      vertex 86.61347523434456 87.49530984170701 82
    endloop
  endfacet
  facet normal 0 0 1
    outer loop
      vertex 86.94056582248056 86.29967950730166 82
      vertex 87.02152569319763 86.20715562059296 82
      vertex 86.97935054904158 87.15582716108977 82
    endloop
  endfacet
  facet normal 0 0 1
    outer loop
      vertex 86.94056582248056 86.29967950730166 82
      vertex 86.97935054904158 87.15582716108977 82
      vertex 86.64493430524102 86.6093195229359 82
    endloop
  endfacet
  facet normal 0 0 1
    outer loop
      vertex 87.02152569319763 86.20715562059296 82
      vertex 87.32784923701655 86.7985291050869 82
      vertex 86.97935054904158 87.15582716108977 82
    endloop
  endfacet
  facet normal 0 0 1
    outer loop
      vertex 84.61139262992684 85.62004297522628 82
      vertex 84.56855606375996 88.18564740865902 82
      vertex 84.48616754264506 88.23026124062174 82
    endloop
  endfacet
  facet normal 0 0 1
    outer loop
      vertex 84.98907435920354 87.3324756793768 82
      vertex 84.99176540996761 87.93486009049823 82
      vertex 84.64198192349036 88.14238164200476 82
    endloop
  endfacet
  facet normal 0 0 1
    outer loop
      vertex 84.1333560904111 88.41359175803802 82
      vertex 84.48616754264506 88.23026124062174 82
      vertex 84.55666868010516 88.89761680620279 82
    endloop
  endfacet
  facet normal 0 0 1
    outer loop
      vertex 84.48616754264506 88.23026124062174 82
      vertex 84.56855606375996 88.18564740865902 82
      vertex 84.55666868010516 88.89761680620279 82
    endloop
  endfacet
  facet normal 0 0 1
    outer loop
      vertex 84.56855606375996 88.18564740865902 82
      vertex 84.64198192349036 88.14238164200476 82
      vertex 84.55666868010516 88.89761680620279 82
    endloop
  endfacet
  facet normal 0 0 1
    outer loop
      vertex 85.06141288909129 87.8886576569013 82
      vertex 84.99499999999999 88.65891429188223 82
      vertex 84.99176540996761 87.93486009049823 82
    endloop
  endfacet
  facet normal 0 0 1
    outer loop
      vertex 84.64198192349036 88.14238164200476 82
      vertex 84.99176540996761 87.93486009049823 82
      vertex 84.99499999999999 88.65891429188223 82
    endloop
  endfacet
  facet normal 0 0 1
    outer loop
      vertex 84.64198192349036 88.14238164200476 82
      vertex 84.99499999999999 88.65891429188223 82
      vertex 84.55666868010516 88.89761680620279 82
    endloop
  endfacet
  facet normal 0 0 1
    outer loop
      vertex 85.38863197076006 87.1505114553356 82
      vertex 85.40184458426282 87.66177233231913 82
      vertex 85.06141288909129 87.8886576569013 82
    endloop
  endfacet
  facet normal 0 0 1
    outer loop
      vertex 85.46779507275829 87.61277501278387 82
      vertex 85.78929326512055 87.1902247755262 82
      vertex 85.79767637210634 87.36697067575852 82
    endloop
  endfacet
  facet normal 0 0 1
    outer loop
      vertex 85.46779507275829 87.61277501278387 82
      vertex 85.79767637210634 87.36697067575852 82
      vertex 85.83327415907024 88.11749943721571 82
    endloop
  endfacet
  facet normal 0 0 1
    outer loop
      vertex 85.06141288909129 87.8886576569013 82
      vertex 85.40184458426282 87.66177233231913 82
      vertex 85.42088810129624 88.39865949073922 82
    endloop
  endfacet
  facet normal 0 0 1
    outer loop
      vertex 85.06141288909129 87.8886576569013 82
      vertex 85.42088810129624 88.39865949073922 82
      vertex 84.99499999999999 88.65891429188223 82
    endloop
  endfacet
  facet normal 0 0 1
    outer loop
      vertex 85.40184458426282 87.66177233231913 82
      vertex 85.46779507275829 87.61277501278387 82
      vertex 85.42088810129624 88.39865949073922 82
    endloop
  endfacet
  facet normal 0 0 1
    outer loop
      vertex 85.46779507275829 87.61277501278387 82
      vertex 85.83327415907024 88.11749943721571 82
      vertex 85.42088810129624 88.39865949073922 82
    endloop
  endfacet
  facet normal 0 0 1
    outer loop
      vertex 86.17816745499682 87.05108295796299 82
      vertex 86.23113291660592 87.81613313950497 82
      vertex 85.85999601467034 87.3153034978352 82
    endloop
  endfacet
  facet normal 0 0 1
    outer loop
      vertex 85.85999601467034 87.3153034978352 82
      vertex 85.83327415907024 88.11749943721571 82
      vertex 85.79767637210634 87.36697067575852 82
    endloop
  endfacet
  facet normal 0 0 1
    outer loop
      vertex 85.85999601467034 87.3153034978352 82
      vertex 86.23113291660592 87.81613313950497 82
      vertex 85.83327415907024 88.11749943721571 82
    endloop
  endfacet
  facet normal 0 0 1
    outer loop
      vertex 86.28759310273648 86.95006591488098 82
      vertex 86.23113291660592 87.81613313950497 82
      vertex 86.17816745499682 87.05108295796299 82
    endloop
  endfacet
  facet normal 0 0 1
    outer loop
      vertex 86.28759310273648 86.95006591488098 82
      vertex 86.61347523434456 87.49530984170701 82
      vertex 86.23113291660592 87.81613313950497 82
    endloop
  endfacet
  facet normal 0 0 1
    outer loop
      vertex 87.5941137726279 83.01143691519448 82
      vertex 87.63943596098692 85.42862612434422 82
      vertex 87.36689359908262 85.79286379183948 82
    endloop
  endfacet
  facet normal 0 0 1
    outer loop
      vertex 87.68157555123246 85.36863360700515 82
      vertex 87.65810487562096 86.42430397296225 82
      vertex 87.63943596098692 85.42862612434422 82
    endloop
  endfacet
  facet normal 0 0 1
    outer loop
      vertex 87.68157555123246 85.36863360700515 82
      vertex 87.94007098765778 84.97832198492598 82
      vertex 87.96929639730145 86.03408214735802 82
    endloop
  endfacet
  facet normal 0 0 1
    outer loop
      vertex 87.9830280644791 84.90966671062311 82
      vertex 87.96929639730145 86.03408214735802 82
      vertex 87.94007098765778 84.97832198492598 82
    endloop
  endfacet
  facet normal 0 0 1
    outer loop
      vertex 87.9830280644791 84.90966671062311 82
      vertex 88.2606501309031 85.62883378121685 82
      vertex 87.96929639730145 86.03408214735802 82
    endloop
  endfacet
  facet normal 0 0 1
    outer loop
      vertex 87.30635917240149 85.86996751585835 82
      vertex 87.36689359908262 85.79286379183948 82
      vertex 87.32784923701655 86.7985291050869 82
    endloop
  endfacet
  facet normal 0 0 1
    outer loop
      vertex 87.02152569319763 86.20715562059296 82
      vertex 87.30635917240149 85.86996751585835 82
      vertex 87.32784923701655 86.7985291050869 82
    endloop
  endfacet
  facet normal 0 0 1
    outer loop
      vertex 87.36689359908262 85.79286379183948 82
      vertex 87.65810487562096 86.42430397296225 82
      vertex 87.32784923701655 86.7985291050869 82
    endloop
  endfacet
  facet normal 0 0 1
    outer loop
      vertex 87.63943596098692 85.42862612434422 82
      vertex 87.65810487562096 86.42430397296225 82
      vertex 87.36689359908262 85.79286379183948 82
    endloop
  endfacet
  facet normal 0 0 1
    outer loop
      vertex 87.68157555123246 85.36863360700515 82
      vertex 87.96929639730145 86.03408214735802 82
      vertex 87.65810487562096 86.42430397296225 82
    endloop
  endfacet
  facet normal 0 0 1
    outer loop
      vertex -88 -75.11745834012194 2
      vertex -87.81231799139857 -74.81749938723881 2
      vertex -87.81231799139857 74.81749938723881 2
    endloop
  endfacet
  facet normal 0 0 1
    outer loop
      vertex -87.81231799139857 -74.81749938723881 2
      vertex -87.52542160560279 -74.40905601370154 2
      vertex -87.52542160560279 74.40905601370154 2
    endloop
  endfacet
  facet normal 0 0 1
    outer loop
      vertex -87.52542160560279 -74.40905601370154 2
      vertex -87.21719359465537 -74.01646077832982 2
      vertex -87.21719359465537 74.01646077832982 2
    endloop
  endfacet
  facet normal 0 0 1
    outer loop
      vertex -87.21719359465537 -74.01646077832982 2
      vertex -86.88850766434126 -73.64082653497235 2
      vertex -86.88850766434126 73.64082653497235 2
    endloop
  endfacet
  facet normal 0 0 1
    outer loop
      vertex -86.88850766434126 -73.64082653497235 2
      vertex -86.54029551064048 -73.2832180597033 2
      vertex -86.54029551064048 73.2832180597033 2
    endloop
  endfacet
  facet normal 0 0 1
    outer loop
      vertex -86.54029551064048 -73.2832180597033 2
      vertex -86.17354417873473 -72.9446490325987 2
      vertex -86.17354417873473 72.9446490325987 2
    endloop
  endfacet
  facet normal 0 0 1
    outer loop
      vertex -86.17354417873473 -72.9446490325987 2
      vertex -85.78929326512055 -72.62607916435023 2
      vertex -85.78929326512055 72.62607916435023 2
    endloop
  endfacet
  facet normal 0 0 1
    outer loop
      vertex -85.78929326512055 -72.62607916435023 2
      vertex -85.38863197076006 -72.32841147586092 2
      vertex -85.38863197076006 72.32841147586092 2
    endloop
  endfacet
  facet normal 0 0 1
    outer loop
      vertex -85.38863197076006 -72.32841147586092 2
      vertex -84.97269601362258 -72.05248973853433 2
      vertex -84.97269601362258 72.05248973853433 2
    endloop
  endfacet
  facet normal 0 0 1
    outer loop
      vertex -84.97269601362258 -72.05248973853433 2
      vertex -84.5426644093686 -71.79909608251286 2
      vertex -84.5426644093686 71.79909608251286 2
    endloop
  endfacet
  facet normal 0 0 1
    outer loop
      vertex -84.5426644093686 -71.79909608251286 2
      vertex -84.09975612930177 -71.56894877964481 2
      vertex -84.09975612930177 71.56894877964481 2
    endloop
  endfacet
  facet normal 0 0 1
    outer loop
      vertex -84.09975612930177 -71.56894877964481 2
      vertex -83.64522664506238 -71.36270020746488 2
      vertex -83.64522664506238 71.36270020746488 2
    endloop
  endfacet
  facet normal 0 0 1
    outer loop
      vertex -83.64522664506238 -71.36270020746488 2
      vertex -83.18036436985653 -71.18093499995906 2
      vertex -82.70648700630895 71.0241683903562 2
    endloop
  endfacet
  facet normal 0 0 1
    outer loop
      vertex -83.18036436985653 -71.18093499995906 2
      vertex -82.70648700630895 -71.0241683903562 2
      vertex -82.2249378112917 70.89284475064335 2
    endloop
  endfacet
  facet normal 0 0 1
    outer loop
      vertex -82.70648700630895 -71.0241683903562 2
      vertex -82.2249378112917 -70.89284475064335 2
      vertex -81.73708178831669 70.78733633194511 2
    endloop
  endfacet
  facet normal 0 0 1
    outer loop
      vertex -82.2249378112917 -70.89284475064335 2
      vertex -81.7370817883167 -70.78733633194511 2
      vertex -81.2443018182849 70.70794220933743 2
    endloop
  endfacet
  facet normal 0 0 1
    outer loop
      vertex -81.7370817883167 -70.78733633194511 2
      vertex -81.2443018182849 -70.70794220933743 2
      vertex -80.74799473956016 70.65488743408672 2
    endloop
  endfacet
  facet normal 0 0 1
    outer loop
      vertex -81.2443018182849 -70.70794220933743 2
      vertex -80.74799473956016 -70.65488743408672 2
      vertex -80.24956738847914 70.62832239571763 2
    endloop
  endfacet
  facet normal 1 0 0
    outer loop
      vertex -88 -75.11745834012194 2
      vertex -88 75.11745834012194 2
      vertex -88 -75.11745834012194 82
    endloop
  endfacet
  facet normal 0 0 1
    outer loop
      vertex -75.02730398637742 -87.94751026146567 2
      vertex 72.47457839439721 -85.59094398629846 2
      vertex -74.61136802923994 -87.67158852413908 2
    endloop
  endfacet
  facet normal 0 0 1
    outer loop
      vertex -74.61136802923994 -87.67158852413908 2
      vertex 70.63828722803035 -79.50104211085457 2
      vertex -74.21070673487945 -87.37392083564977 2
    endloop
  endfacet
  facet normal 0 0 1
    outer loop
      vertex -74.21070673487945 -87.37392083564977 2
      vertex 70.63828722803035 -79.50104211085457 2
      vertex -73.82645582126526 -87.0553509674013 2
    endloop
  endfacet
  facet normal 0 0 1
    outer loop
      vertex -73.82645582126526 -87.0553509674013 2
      vertex 70.63828722803035 -79.50104211085457 2
      vertex -73.45970448935951 -86.7167819402967 2
    endloop
  endfacet
  facet normal 0 0 1
    outer loop
      vertex -75.11638374797523 -88 2
      vertex 75.11638374797523 -88 2
      vertex -75.02730398637742 -87.94751026146567 2
    endloop
  endfacet
  facet normal 0 0 1
    outer loop
      vertex -73.45970448935951 -86.7167819402967 2
      vertex 70.63828722803035 -79.50104211085457 2
      vertex -73.11149233565875 -86.35917346502765 2
    endloop
  endfacet
  facet normal 0 0 1
    outer loop
      vertex -73.11149233565875 -86.35917346502765 2
      vertex 70.63828722803035 -79.50104211085457 2
      vertex -72.78280640534463 -85.98353922167018 2
    endloop
  endfacet
  facet normal 0 0 1
    outer loop
      vertex -72.78280640534463 -85.98353922167018 2
      vertex 70.63828722803035 -79.50104211085457 2
      vertex -72.47457839439721 -85.59094398629846 2
    endloop
  endfacet
  facet normal 0 0 1
    outer loop
      vertex -72.47457839439721 -85.59094398629846 2
      vertex 70.63828722803035 -79.50104211085457 2
      vertex -72.18768200860143 -85.18250061276119 2
    endloop
  endfacet
  facet normal 0 0 1
    outer loop
      vertex -72.18768200860143 -85.18250061276119 2
      vertex 70.63828722803035 -79.50104211085457 2
      vertex -71.92293048693307 -84.75936687817662 2
    endloop
  endfacet
  facet normal 0 0 1
    outer loop
      vertex -71.92293048693307 -84.75936687817662 2
      vertex 70.63828722803035 -79.50104211085457 2
      vertex -71.68107429634463 -84.32274220108742 2
    endloop
  endfacet
  facet normal 0 0 1
    outer loop
      vertex -71.68107429634463 -84.32274220108742 2
      vertex 70.63828722803035 -79.50104211085457 2
      vertex -71.46279900448519 -83.87386424157854 2
    endloop
  endfacet
  facet normal 0 0 1
    outer loop
      vertex -71.46279900448519 -83.87386424157854 2
      vertex 70.63828722803035 -79.50104211085457 2
      vertex -71.26872333638433 -83.41400539299521 2
    endloop
  endfacet
  facet normal 0 0 1
    outer loop
      vertex -71.26872333638433 -83.41400539299521 2
      vertex 70.63828722803035 -79.50104211085457 2
      vertex -71.09939742060892 -82.94446917520577 2
    endloop
  endfacet
  facet normal 0 0 1
    outer loop
      vertex -71.09939742060892 -82.94446917520577 2
      vertex 70.63828722803035 -79.50104211085457 2
      vertex -70.9553012298639 -82.46658653963301 2
    endloop
  endfacet
  facet normal 0 0 1
    outer loop
      vertex -70.9553012298639 -82.46658653963301 2
      vertex 70.63828722803035 -79.50104211085457 2
      vertex -70.8368432204575 -81.98171209652773 2
    endloop
  endfacet
  facet normal 0 0 1
    outer loop
      vertex -70.8368432204575 -81.98171209652773 2
      vertex 70.63828722803035 -79.50104211085457 2
      vertex -70.7443591744874 -81.49122027517879 2
    endloop
  endfacet
  facet normal 0 0 1
    outer loop
      vertex -70.7443591744874 -81.49122027517879 2
      vertex 70.63828722803035 -79.50104211085457 2
      vertex -70.67811124802996 -80.99650142794405 2
    endloop
  endfacet
  facet normal 0 0 1
    outer loop
      vertex -70.67811124802996 -80.99650142794405 2
      vertex 70.63828722803035 -79.50104211085457 2
      vertex -70.63828722803035 -80.49895788914543 2
    endloop
  endfacet
  facet normal 0 0 1
    outer loop
      vertex -80.24956738847914 -70.62832239571763 2
      vertex -79.75043261152086 -70.62832239571763 2
      vertex 73.11149233565874 73.64082653497235 2
    endloop
  endfacet
  facet normal 0 0 1
    outer loop
      vertex -79.75043261152086 -70.62832239571763 2
      vertex -79.25200526043984 -70.65488743408672 2
      vertex 73.11149233565874 73.64082653497235 2
    endloop
  endfacet
  facet normal 0 0 1
    outer loop
      vertex -79.25200526043984 -70.65488743408672 2
      vertex -78.7556981817151 -70.70794220933743 2
      vertex 73.11149233565874 73.64082653497235 2
    endloop
  endfacet
  facet normal 0 0 1
    outer loop
      vertex -78.7556981817151 -70.70794220933743 2
      vertex -78.2629182116833 -70.78733633194511 2
      vertex 73.11149233565874 73.64082653497235 2
    endloop
  endfacet
  facet normal 0 0 1
    outer loop
      vertex -78.2629182116833 -70.78733633194511 2
      vertex -77.7750621887083 -70.89284475064335 2
      vertex 73.11149233565874 73.64082653497235 2
    endloop
  endfacet
  facet normal 0 0 1
    outer loop
      vertex -77.7750621887083 -70.89284475064335 2
      vertex -77.29351299369105 -71.0241683903562 2
      vertex 73.11149233565874 73.64082653497235 2
    endloop
  endfacet
  facet normal 0 0 1
    outer loop
      vertex -77.29351299369105 -71.0241683903562 2
      vertex -76.81963563014347 -71.18093499995906 2
      vertex 73.11149233565874 73.64082653497235 2
    endloop
  endfacet
  facet normal 0 0 1
    outer loop
      vertex -76.35477335493762 -71.36270020746488 2
      vertex -75.90024387069823 -71.56894877964481 2
      vertex 73.45970448935952 73.2832180597033 2
    endloop
  endfacet
  facet normal 0 0 1
    outer loop
      vertex -76.81963563014347 -71.18093499995906 2
      vertex -76.35477335493762 -71.36270020746488 2
      vertex 73.11149233565874 73.64082653497235 2
    endloop
  endfacet
  facet normal 0 0 1
    outer loop
      vertex -75.4573355906314 -71.79909608251286 2
      vertex 73.45970448935952 73.2832180597033 2
      vertex -75.90024387069823 -71.56894877964481 2
    endloop
  endfacet
  facet normal 0 0 1
    outer loop
      vertex -75.4573355906314 -71.79909608251286 2
      vertex -75.02730398637742 -72.05248973853433 2
      vertex 73.45970448935952 73.2832180597033 2
    endloop
  endfacet
  facet normal 0 0 1
    outer loop
      vertex -75.02730398637742 -72.05248973853433 2
      vertex -74.61136802923994 -72.32841147586092 2
      vertex 73.45970448935952 73.2832180597033 2
    endloop
  endfacet
  facet normal 0 0 1
    outer loop
      vertex -74.21070673487945 -72.62607916435023 2
      vertex -73.82645582126526 -72.9446490325987 2
      vertex 73.45970448935952 73.2832180597033 2
    endloop
  endfacet
  facet normal 0 0 1
    outer loop
      vertex -73.45970448935952 -73.2832180597033 2
      vertex 73.82645582126527 72.9446490325987 2
      vertex -73.82645582126526 -72.9446490325987 2
    endloop
  endfacet
  facet normal 0 0 1
    outer loop
      vertex -74.61136802923994 -72.32841147586092 2
      vertex -74.21070673487945 -72.62607916435023 2
      vertex 73.45970448935952 73.2832180597033 2
    endloop
  endfacet
  facet normal 0 0 1
    outer loop
      vertex -73.45970448935952 -73.2832180597033 2
      vertex -73.11149233565874 -73.64082653497235 2
      vertex 76.35477335493762 71.36270020746488 2
    endloop
  endfacet
  facet normal 0 0 1
    outer loop
      vertex -80.74799473956016 -70.65488743408672 2
      vertex -80.24956738847914 -70.62832239571763 2
      vertex 72.78280640534463 74.01646077832982 2
    endloop
  endfacet
  facet normal 0 0 1
    outer loop
      vertex -70.63828722803035 -80.49895788914543 2
      vertex 80.74799473956016 70.65488743408672 2
      vertex -70.625 -80 2
    endloop
  endfacet
  facet normal 0 0 1
    outer loop
      vertex -70.625 -80 2
      vertex 80.74799473956016 70.65488743408672 2
      vertex -70.63828722803035 -79.50104211085457 2
    endloop
  endfacet
  facet normal 0 0 1
    outer loop
      vertex -70.63828722803035 -79.50104211085457 2
      vertex 80.74799473956016 70.65488743408672 2
      vertex -70.67811124802996 -79.00349857205595 2
    endloop
  endfacet
  facet normal 0 0 1
    outer loop
      vertex -70.67811124802996 -79.00349857205595 2
      vertex 80.74799473956016 70.65488743408672 2
      vertex -70.7443591744874 -78.5087797248212 2
    endloop
  endfacet
  facet normal 0 0 1
    outer loop
      vertex -70.7443591744874 -78.5087797248212 2
      vertex 80.74799473956016 70.65488743408672 2
      vertex -70.8368432204575 -78.01828790347227 2
    endloop
  endfacet
  facet normal 0 0 1
    outer loop
      vertex -70.8368432204575 -78.01828790347227 2
      vertex 80.74799473956016 70.65488743408672 2
      vertex -70.95530122986392 -77.53341346036699 2
    endloop
  endfacet
  facet normal 0 0 1
    outer loop
      vertex -72.78280640534463 -74.01646077832982 2
      vertex 80.24956738847914 70.62832239571763 2
      vertex -73.11149233565874 -73.64082653497235 2
    endloop
  endfacet
  facet normal 0 0 1
    outer loop
      vertex -71.92293048693307 -75.24063312182338 2
      vertex 80.74799473956016 70.65488743408672 2
      vertex -72.18768200860143 -74.81749938723881 2
    endloop
  endfacet
  facet normal 0 0 1
    outer loop
      vertex -72.18768200860143 -74.81749938723881 2
      vertex 80.74799473956016 70.65488743408672 2
      vertex -72.47457839439721 -74.40905601370154 2
    endloop
  endfacet
  facet normal 0 0 1
    outer loop
      vertex -72.78280640534463 -74.01646077832982 2
      vertex -72.47457839439721 -74.40905601370154 2
      vertex 80.74799473956016 70.65488743408672 2
    endloop
  endfacet
  facet normal 0 0 1
    outer loop
      vertex -70.95530122986392 -77.53341346036699 2
      vertex 80.74799473956016 70.65488743408672 2
      vertex -71.09939742060892 -77.05553082479423 2
    endloop
  endfacet
  facet normal 0 0 1
    outer loop
      vertex -71.09939742060892 -77.05553082479423 2
      vertex 80.74799473956016 70.65488743408672 2
      vertex -71.26872333638433 -76.58599460700479 2
    endloop
  endfacet
  facet normal 0 0 1
    outer loop
      vertex -71.92293048693307 -75.24063312182338 2
      vertex -71.68107429634465 -75.67725779891256 2
      vertex 80.74799473956016 70.65488743408672 2
    endloop
  endfacet
  facet normal 0 0 1
    outer loop
      vertex -71.46279900448519 -76.12613575842146 2
      vertex 80.74799473956016 70.65488743408672 2
      vertex -71.68107429634465 -75.67725779891256 2
    endloop
  endfacet
  facet normal 0 0 1
    outer loop
      vertex -71.46279900448519 -76.12613575842146 2
      vertex -71.26872333638433 -76.58599460700479 2
      vertex 80.74799473956016 70.65488743408672 2
    endloop
  endfacet
  facet normal 0 1 0
    outer loop
      vertex -75.11638374797523 -88 2
      vertex -75.11638374797523 -88 82
      vertex 75.11638374797523 -88 82
    endloop
  endfacet
  facet normal 0 0 1
    outer loop
      vertex -88 -75.11745834012194 2
      vertex -87.81231799139857 74.81749938723881 2
      vertex -88 75.11745834012194 2
    endloop
  endfacet
  facet normal 0 0 1
    outer loop
      vertex -87.81231799139857 -74.81749938723881 2
      vertex -87.52542160560279 74.40905601370154 2
      vertex -87.81231799139857 74.81749938723881 2
    endloop
  endfacet
  facet normal 0 0 1
    outer loop
      vertex -87.52542160560279 -74.40905601370154 2
      vertex -87.21719359465537 74.01646077832982 2
      vertex -87.52542160560279 74.40905601370154 2
    endloop
  endfacet
  facet normal 0 0 1
    outer loop
      vertex -87.21719359465537 -74.01646077832982 2
      vertex -86.88850766434126 73.64082653497235 2
      vertex -87.21719359465537 74.01646077832982 2
    endloop
  endfacet
  facet normal 0 0 1
    outer loop
      vertex -86.88850766434126 -73.64082653497235 2
      vertex -86.54029551064048 73.2832180597033 2
      vertex -86.88850766434126 73.64082653497235 2
    endloop
  endfacet
  facet normal 0 0 1
    outer loop
      vertex -86.54029551064048 -73.2832180597033 2
      vertex -86.17354417873473 72.9446490325987 2
      vertex -86.54029551064048 73.2832180597033 2
    endloop
  endfacet
  facet normal 0 0 1
    outer loop
      vertex -86.17354417873473 -72.9446490325987 2
      vertex -85.78929326512055 72.62607916435023 2
      vertex -86.17354417873473 72.9446490325987 2
    endloop
  endfacet
  facet normal 0 0 1
    outer loop
      vertex -84.5426644093686 -71.79909608251286 2
      vertex -84.09975612930177 71.56894877964481 2
      vertex -84.5426644093686 71.79909608251286 2
    endloop
  endfacet
  facet normal 0 0 1
    outer loop
      vertex -85.78929326512055 -72.62607916435023 2
      vertex -85.38863197076006 72.32841147586092 2
      vertex -85.78929326512055 72.62607916435023 2
    endloop
  endfacet
  facet normal 0 0 1
    outer loop
      vertex -85.38863197076006 -72.32841147586092 2
      vertex -84.97269601362258 72.05248973853433 2
      vertex -85.38863197076006 72.32841147586092 2
    endloop
  endfacet
  facet normal 0 0 1
    outer loop
      vertex -84.97269601362258 -72.05248973853433 2
      vertex -84.5426644093686 71.79909608251286 2
      vertex -84.97269601362258 72.05248973853433 2
    endloop
  endfacet
  facet normal 0 0 1
    outer loop
      vertex -84.09975612930177 -71.56894877964481 2
      vertex -83.64522664506238 71.36270020746488 2
      vertex -84.09975612930177 71.56894877964481 2
    endloop
  endfacet
  facet normal 0 0 1
    outer loop
      vertex -83.64522664506238 -71.36270020746488 2
      vertex -83.18036436985653 71.18093499995906 2
      vertex -83.64522664506238 71.36270020746488 2
    endloop
  endfacet
  facet normal 0 0 1
    outer loop
      vertex -83.64522664506238 -71.36270020746488 2
      vertex -82.70648700630895 71.0241683903562 2
      vertex -83.18036436985653 71.18093499995906 2
    endloop
  endfacet
  facet normal 0 0 1
    outer loop
      vertex -83.18036436985653 -71.18093499995906 2
      vertex -82.2249378112917 70.89284475064335 2
      vertex -82.70648700630895 71.0241683903562 2
    endloop
  endfacet
  facet normal 0 0 1
    outer loop
      vertex -82.70648700630895 -71.0241683903562 2
      vertex -81.73708178831669 70.78733633194511 2
      vertex -82.2249378112917 70.89284475064335 2
    endloop
  endfacet
  facet normal 0 0 1
    outer loop
      vertex -82.2249378112917 -70.89284475064335 2
      vertex -81.2443018182849 70.70794220933743 2
      vertex -81.73708178831669 70.78733633194511 2
    endloop
  endfacet
  facet normal 0 0 1
    outer loop
      vertex -81.7370817883167 -70.78733633194511 2
      vertex -80.74799473956016 70.65488743408672 2
      vertex -81.2443018182849 70.70794220933743 2
    endloop
  endfacet
  facet normal 0 0 1
    outer loop
      vertex -81.2443018182849 -70.70794220933743 2
      vertex -80.24956738847914 70.62832239571763 2
      vertex -80.74799473956016 70.65488743408672 2
    endloop
  endfacet
  facet normal 0 0 1
    outer loop
      vertex -80.74799473956016 -70.65488743408672 2
      vertex -79.75043261152086 70.62832239571763 2
      vertex -80.24956738847914 70.62832239571763 2
    endloop
  endfacet
  facet normal 0 0 1
    outer loop
      vertex -80.74799473956016 -70.65488743408672 2
      vertex -79.25200526043984 70.65488743408672 2
      vertex -79.75043261152086 70.62832239571763 2
    endloop
  endfacet
  facet normal 0 0 1
    outer loop
      vertex -80.74799473956016 -70.65488743408672 2
      vertex -78.7556981817151 70.70794220933743 2
      vertex -79.25200526043984 70.65488743408672 2
    endloop
  endfacet
  facet normal 0 0 1
    outer loop
      vertex -80.74799473956016 -70.65488743408672 2
      vertex -78.26291821168331 70.78733633194511 2
      vertex -78.7556981817151 70.70794220933743 2
    endloop
  endfacet
  facet normal 0 0 1
    outer loop
      vertex -80.74799473956016 -70.65488743408672 2
      vertex 70.63828722803035 80.49895788914543 2
      vertex -78.26291821168331 70.78733633194511 2
    endloop
  endfacet
  facet normal 0 0 1
    outer loop
      vertex -78.26291821168331 70.78733633194511 2
      vertex 70.63828722803035 80.49895788914543 2
      vertex -77.7750621887083 70.89284475064335 2
    endloop
  endfacet
  facet normal 0 0 1
    outer loop
      vertex -77.7750621887083 70.89284475064335 2
      vertex 70.63828722803035 80.49895788914543 2
      vertex -77.29351299369105 71.0241683903562 2
    endloop
  endfacet
  facet normal 0 0 1
    outer loop
      vertex -77.29351299369105 71.0241683903562 2
      vertex 70.63828722803035 80.49895788914543 2
      vertex -76.81963563014347 71.18093499995906 2
    endloop
  endfacet
  facet normal 0 0 1
    outer loop
      vertex -76.81963563014347 71.18093499995906 2
      vertex 70.63828722803035 80.49895788914543 2
      vertex -76.35477335493762 71.36270020746488 2
    endloop
  endfacet
  facet normal 0 0 1
    outer loop
      vertex -76.35477335493762 71.36270020746488 2
      vertex 70.63828722803035 80.49895788914543 2
      vertex -75.90024387069823 71.56894877964483 2
    endloop
  endfacet
  facet normal 0 0 1
    outer loop
      vertex -75.90024387069823 71.56894877964483 2
      vertex 70.63828722803035 80.49895788914543 2
      vertex -75.4573355906314 71.79909608251286 2
    endloop
  endfacet
  facet normal 0 0 1
    outer loop
      vertex -75.4573355906314 71.79909608251286 2
      vertex 70.63828722803035 80.49895788914543 2
      vertex -75.02730398637742 72.05248973853433 2
    endloop
  endfacet
  facet normal 0 0 1
    outer loop
      vertex -75.02730398637742 72.05248973853433 2
      vertex 70.63828722803035 80.49895788914543 2
      vertex -74.61136802923994 72.32841147586092 2
    endloop
  endfacet
  facet normal 0 0 1
    outer loop
      vertex -74.61136802923994 72.32841147586092 2
      vertex 70.63828722803035 80.49895788914543 2
      vertex -74.21070673487945 72.62607916435023 2
    endloop
  endfacet
  facet normal 0 0 1
    outer loop
      vertex -74.21070673487945 72.62607916435023 2
      vertex 70.63828722803035 80.49895788914543 2
      vertex -73.82645582126526 72.9446490325987 2
    endloop
  endfacet
  facet normal 0 0 1
    outer loop
      vertex -73.82645582126526 72.9446490325987 2
      vertex 70.63828722803035 80.49895788914543 2
      vertex -73.45970448935951 73.2832180597033 2
    endloop
  endfacet
  facet normal 0 0 1
    outer loop
      vertex -73.45970448935951 73.2832180597033 2
      vertex 70.63828722803035 80.49895788914543 2
      vertex -73.11149233565875 73.64082653497235 2
    endloop
  endfacet
  facet normal 0 0 1
    outer loop
      vertex -73.11149233565875 73.64082653497235 2
      vertex 70.63828722803035 80.49895788914543 2
      vertex -72.78280640534463 74.01646077832982 2
    endloop
  endfacet
  facet normal 0 0 1
    outer loop
      vertex -72.78280640534463 74.01646077832982 2
      vertex 70.63828722803035 80.49895788914543 2
      vertex -72.47457839439721 74.40905601370154 2
    endloop
  endfacet
  facet normal 0 0 1
    outer loop
      vertex -72.47457839439721 74.40905601370154 2
      vertex 70.63828722803035 80.49895788914543 2
      vertex -72.18768200860143 74.81749938723881 2
    endloop
  endfacet
  facet normal 0 0 1
    outer loop
      vertex -72.18768200860143 74.81749938723881 2
      vertex 70.63828722803035 80.49895788914543 2
      vertex -71.92293048693307 75.24063312182338 2
    endloop
  endfacet
  facet normal 0 0 1
    outer loop
      vertex -71.92293048693307 75.24063312182338 2
      vertex 70.63828722803035 80.49895788914543 2
      vertex -71.68107429634463 75.67725779891258 2
    endloop
  endfacet
  facet normal 0 0 1
    outer loop
      vertex -71.68107429634463 75.67725779891258 2
      vertex 70.63828722803035 80.49895788914543 2
      vertex -71.46279900448519 76.12613575842146 2
    endloop
  endfacet
  facet normal 0 0 1
    outer loop
      vertex -71.46279900448519 76.12613575842146 2
      vertex 70.63828722803035 80.49895788914543 2
      vertex -71.26872333638433 76.58599460700479 2
    endloop
  endfacet
  facet normal 0 0 1
    outer loop
      vertex -71.26872333638433 76.58599460700479 2
      vertex 70.63828722803035 80.49895788914543 2
      vertex -71.09939742060892 77.05553082479423 2
    endloop
  endfacet
  facet normal 0 0 1
    outer loop
      vertex -71.09939742060892 77.05553082479423 2
      vertex 70.63828722803035 80.49895788914543 2
      vertex -70.9553012298639 77.53341346036699 2
    endloop
  endfacet
  facet normal 0 0 1
    outer loop
      vertex -70.9553012298639 77.53341346036699 2
      vertex 70.63828722803035 80.49895788914543 2
      vertex -70.8368432204575 78.01828790347227 2
    endloop
  endfacet
  facet normal 0 0 1
    outer loop
      vertex -70.8368432204575 78.01828790347227 2
      vertex 70.63828722803035 80.49895788914543 2
      vertex -70.7443591744874 78.50877972482121 2
    endloop
  endfacet
  facet normal 0 0 1
    outer loop
      vertex -70.7443591744874 78.50877972482121 2
      vertex 70.63828722803035 80.49895788914543 2
      vertex -70.67811124802996 79.00349857205595 2
    endloop
  endfacet
  facet normal 0 0 1
    outer loop
      vertex -70.67811124802996 79.00349857205595 2
      vertex 70.63828722803035 80.49895788914543 2
      vertex -70.63828722803035 79.50104211085457 2
    endloop
  endfacet
  facet normal 0 0 1
    outer loop
      vertex -71.09939742060892 82.94446917520577 2
      vertex 74.61136802923994 87.67158852413908 2
      vertex -71.26872333638433 83.41400539299521 2
    endloop
  endfacet
  facet normal 0 0 1
    outer loop
      vertex -71.26872333638433 83.41400539299521 2
      vertex 74.61136802923994 87.67158852413908 2
      vertex -71.46279900448519 83.87386424157854 2
    endloop
  endfacet
  facet normal 0 0 1
    outer loop
      vertex -71.68107429634465 84.32274220108744 2
      vertex 74.61136802923994 87.67158852413908 2
      vertex -71.92293048693307 84.75936687817662 2
    endloop
  endfacet
  facet normal 0 0 1
    outer loop
      vertex -71.46279900448519 83.87386424157854 2
      vertex 74.61136802923994 87.67158852413908 2
      vertex -71.68107429634465 84.32274220108744 2
    endloop
  endfacet
  facet normal 0 0 1
    outer loop
      vertex -72.47457839439721 85.59094398629846 2
      vertex -72.18768200860143 85.18250061276119 2
      vertex 74.61136802923994 87.67158852413908 2
    endloop
  endfacet
  facet normal 0 0 1
    outer loop
      vertex -72.78280640534463 85.98353922167018 2
      vertex 75.02730398637742 87.94751026146567 2
      vertex -73.11149233565874 86.35917346502765 2
    endloop
  endfacet
  facet normal 0 0 1
    outer loop
      vertex -73.45970448935952 86.7167819402967 2
      vertex -73.11149233565874 86.35917346502765 2
      vertex 75.02730398637742 87.94751026146567 2
    endloop
  endfacet
  facet normal 0 0 1
    outer loop
      vertex -72.47457839439721 85.59094398629846 2
      vertex 75.02730398637742 87.94751026146567 2
      vertex -72.78280640534463 85.98353922167018 2
    endloop
  endfacet
  facet normal 0 0 1
    outer loop
      vertex -71.92293048693307 84.75936687817662 2
      vertex 74.61136802923994 87.67158852413908 2
      vertex -72.18768200860143 85.18250061276119 2
    endloop
  endfacet
  facet normal 0 0 1
    outer loop
      vertex -74.61136802923994 87.67158852413908 2
      vertex 75.02730398637742 87.94751026146567 2
      vertex -75.02730398637742 87.94751026146567 2
    endloop
  endfacet
  facet normal 0 0 1
    outer loop
      vertex -75.11638374797523 88 2
      vertex -75.02730398637742 87.94751026146567 2
      vertex 75.02730398637742 87.94751026146567 2
    endloop
  endfacet
  facet normal 0 0 1
    outer loop
      vertex -73.82645582126526 87.0553509674013 2
      vertex 75.02730398637742 87.94751026146567 2
      vertex -74.21070673487945 87.37392083564977 2
    endloop
  endfacet
  facet normal 0 0 1
    outer loop
      vertex -74.61136802923994 87.67158852413908 2
      vertex -74.21070673487945 87.37392083564977 2
      vertex 75.02730398637742 87.94751026146567 2
    endloop
  endfacet
  facet normal 0 0 1
    outer loop
      vertex -73.82645582126526 87.0553509674013 2
      vertex -73.45970448935952 86.7167819402967 2
      vertex 75.02730398637742 87.94751026146567 2
    endloop
  endfacet
  facet normal 0 0 1
    outer loop
      vertex -70.63828722803035 79.50104211085457 2
      vertex 74.61136802923994 87.67158852413908 2
      vertex -70.625 80 2
    endloop
  endfacet
  facet normal 0 0 1
    outer loop
      vertex -70.625 80 2
      vertex 74.61136802923994 87.67158852413908 2
      vertex -70.63828722803035 80.49895788914543 2
    endloop
  endfacet
  facet normal 0 0 1
    outer loop
      vertex -70.63828722803035 80.49895788914543 2
      vertex 74.61136802923994 87.67158852413908 2
      vertex -70.67811124802996 80.99650142794405 2
    endloop
  endfacet
  facet normal 0 0 1
    outer loop
      vertex -70.67811124802996 80.99650142794405 2
      vertex 74.61136802923994 87.67158852413908 2
      vertex -70.7443591744874 81.4912202751788 2
    endloop
  endfacet
  facet normal 0 0 1
    outer loop
      vertex -70.7443591744874 81.4912202751788 2
      vertex 74.61136802923994 87.67158852413908 2
      vertex -70.8368432204575 81.98171209652773 2
    endloop
  endfacet
  facet normal 0 0 1
    outer loop
      vertex -70.8368432204575 81.98171209652773 2
      vertex 74.61136802923994 87.67158852413908 2
      vertex -70.95530122986392 82.46658653963301 2
    endloop
  endfacet
  facet normal 0 0 1
    outer loop
      vertex -71.09939742060892 82.94446917520577 2
      vertex -70.95530122986392 82.46658653963301 2
      vertex 74.61136802923994 87.67158852413908 2
    endloop
  endfacet
  facet normal 0 -1 0
    outer loop
      vertex -75.11638374797523 88 2
      vertex 75.11638374797523 88 2
      vertex -75.11638374797523 88 82
    endloop
  endfacet
  facet normal 1 0 0
    outer loop
      vertex -88 -75.11745834012194 82
      vertex -88 75.11745834012194 2
      vertex -88 75.11745834012194 82
    endloop
  endfacet
  facet normal 0 0 1
    outer loop
      vertex -74.61136802923994 -87.67158852413908 2
      vertex 71.09939742060892 -82.94446917520577 2
      vertex 70.9553012298639 -82.46658653963301 2
    endloop
  endfacet
  facet normal 0 0 1
    outer loop
      vertex -74.61136802923994 -87.67158852413908 2
      vertex 70.9553012298639 -82.46658653963301 2
      vertex 70.8368432204575 -81.98171209652773 2
    endloop
  endfacet
  facet normal 0 0 1
    outer loop
      vertex -74.61136802923994 -87.67158852413908 2
      vertex 70.8368432204575 -81.98171209652773 2
      vertex 70.7443591744874 -81.4912202751788 2
    endloop
  endfacet
  facet normal 0 0 1
    outer loop
      vertex -74.61136802923994 -87.67158852413908 2
      vertex 70.7443591744874 -81.4912202751788 2
      vertex 70.67811124802996 -80.99650142794405 2
    endloop
  endfacet
  facet normal 0 0 1
    outer loop
      vertex -74.61136802923994 -87.67158852413908 2
      vertex 70.67811124802996 -80.99650142794405 2
      vertex 70.63828722803035 -80.49895788914543 2
    endloop
  endfacet
  facet normal 0 0 1
    outer loop
      vertex -74.61136802923994 -87.67158852413908 2
      vertex 70.63828722803035 -80.49895788914543 2
      vertex 70.625 -80 2
    endloop
  endfacet
  facet normal 0 0 1
    outer loop
      vertex -74.61136802923994 -87.67158852413908 2
      vertex 70.625 -80 2
      vertex 70.63828722803035 -79.50104211085457 2
    endloop
  endfacet
  facet normal 0 0 1
    outer loop
      vertex -75.02730398637742 -87.94751026146567 2
      vertex 73.82645582126527 -87.0553509674013 2
      vertex 73.45970448935952 -86.7167819402967 2
    endloop
  endfacet
  facet normal 0 0 1
    outer loop
      vertex -75.02730398637742 -87.94751026146567 2
      vertex 74.61136802923994 -87.67158852413908 2
      vertex 74.21070673487945 -87.37392083564977 2
    endloop
  endfacet
  facet normal 0 0 1
    outer loop
      vertex -75.02730398637742 -87.94751026146567 2
      vertex 74.21070673487945 -87.37392083564977 2
      vertex 73.82645582126527 -87.0553509674013 2
    endloop
  endfacet
  facet normal 0 0 1
    outer loop
      vertex -75.02730398637742 -87.94751026146567 2
      vertex 75.11638374797523 -88 2
      vertex 75.02730398637742 -87.94751026146567 2
    endloop
  endfacet
  facet normal 0 0 1
    outer loop
      vertex -75.02730398637742 -87.94751026146567 2
      vertex 75.02730398637742 -87.94751026146567 2
      vertex 74.61136802923994 -87.67158852413908 2
    endloop
  endfacet
  facet normal 0 0 1
    outer loop
      vertex -74.61136802923994 -87.67158852413908 2
      vertex 72.18768200860143 -85.18250061276119 2
      vertex 71.92293048693307 -84.75936687817662 2
    endloop
  endfacet
  facet normal 0 0 1
    outer loop
      vertex -75.02730398637742 -87.94751026146567 2
      vertex 72.78280640534463 -85.98353922167018 2
      vertex 72.47457839439721 -85.59094398629846 2
    endloop
  endfacet
  facet normal 0 0 1
    outer loop
      vertex -75.02730398637742 -87.94751026146567 2
      vertex 73.45970448935952 -86.7167819402967 2
      vertex 73.11149233565874 -86.35917346502765 2
    endloop
  endfacet
  facet normal 0 0 1
    outer loop
      vertex -75.02730398637742 -87.94751026146567 2
      vertex 73.11149233565874 -86.35917346502765 2
      vertex 72.78280640534463 -85.98353922167018 2
    endloop
  endfacet
  facet normal 0 0 1
    outer loop
      vertex -74.61136802923994 -87.67158852413908 2
      vertex 72.47457839439721 -85.59094398629846 2
      vertex 72.18768200860143 -85.18250061276119 2
    endloop
  endfacet
  facet normal 0 0 1
    outer loop
      vertex -74.61136802923994 -87.67158852413908 2
      vertex 71.68107429634465 -84.32274220108744 2
      vertex 71.46279900448519 -83.87386424157854 2
    endloop
  endfacet
  facet normal 0 0 1
    outer loop
      vertex -74.61136802923994 -87.67158852413908 2
      vertex 71.92293048693307 -84.75936687817662 2
      vertex 71.68107429634465 -84.32274220108744 2
    endloop
  endfacet
  facet normal 0 0 1
    outer loop
      vertex -74.61136802923994 -87.67158852413908 2
      vertex 71.46279900448519 -83.87386424157854 2
      vertex 71.26872333638433 -83.41400539299521 2
    endloop
  endfacet
  facet normal 0 0 1
    outer loop
      vertex -74.61136802923994 -87.67158852413908 2
      vertex 71.26872333638433 -83.41400539299521 2
      vertex 71.09939742060892 -82.94446917520577 2
    endloop
  endfacet
  facet normal 0 0 1
    outer loop
      vertex -70.63828722803035 -80.49895788914543 2
      vertex 70.63828722803035 -79.50104211085457 2
      vertex 70.67811124802996 -79.00349857205595 2
    endloop
  endfacet
  facet normal 0 0 1
    outer loop
      vertex -70.63828722803035 -80.49895788914543 2
      vertex 70.67811124802996 -79.00349857205595 2
      vertex 70.7443591744874 -78.5087797248212 2
    endloop
  endfacet
  facet normal 0 0 1
    outer loop
      vertex -70.63828722803035 -80.49895788914543 2
      vertex 70.7443591744874 -78.5087797248212 2
      vertex 70.8368432204575 -78.01828790347227 2
    endloop
  endfacet
  facet normal 0 0 1
    outer loop
      vertex -70.63828722803035 -80.49895788914543 2
      vertex 70.8368432204575 -78.01828790347227 2
      vertex 70.9553012298639 -77.53341346036699 2
    endloop
  endfacet
  facet normal 0 0 1
    outer loop
      vertex -70.63828722803035 -80.49895788914543 2
      vertex 70.9553012298639 -77.53341346036699 2
      vertex 71.09939742060892 -77.05553082479423 2
    endloop
  endfacet
  facet normal 0 0 1
    outer loop
      vertex -70.63828722803035 -80.49895788914543 2
      vertex 71.09939742060892 -77.05553082479423 2
      vertex 71.26872333638433 -76.58599460700479 2
    endloop
  endfacet
  facet normal 0 0 1
    outer loop
      vertex -70.63828722803035 -80.49895788914543 2
      vertex 71.26872333638433 -76.58599460700479 2
      vertex 71.46279900448519 -76.12613575842146 2
    endloop
  endfacet
  facet normal 0 0 1
    outer loop
      vertex -70.63828722803035 -80.49895788914543 2
      vertex 71.46279900448519 -76.12613575842146 2
      vertex 71.68107429634465 -75.67725779891256 2
    endloop
  endfacet
  facet normal 0 0 1
    outer loop
      vertex -70.63828722803035 -80.49895788914543 2
      vertex 71.68107429634465 -75.67725779891256 2
      vertex 71.92293048693307 -75.24063312182338 2
    endloop
  endfacet
  facet normal 0 0 1
    outer loop
      vertex -70.63828722803035 -80.49895788914543 2
      vertex 71.92293048693307 -75.24063312182338 2
      vertex 72.18768200860143 -74.81749938723881 2
    endloop
  endfacet
  facet normal 0 0 1
    outer loop
      vertex -70.63828722803035 -80.49895788914543 2
      vertex 72.18768200860143 -74.81749938723881 2
      vertex 72.47457839439721 -74.40905601370154 2
    endloop
  endfacet
  facet normal 0 0 1
    outer loop
      vertex -70.63828722803035 -80.49895788914543 2
      vertex 72.47457839439721 -74.40905601370154 2
      vertex 72.78280640534463 -74.01646077832982 2
    endloop
  endfacet
  facet normal 0 0 1
    outer loop
      vertex -70.63828722803035 -80.49895788914543 2
      vertex 72.78280640534463 -74.01646077832982 2
      vertex 73.11149233565874 -73.64082653497235 2
    endloop
  endfacet
  facet normal 0 0 1
    outer loop
      vertex -70.63828722803035 -80.49895788914543 2
      vertex 73.11149233565874 -73.64082653497235 2
      vertex 73.45970448935952 -73.2832180597033 2
    endloop
  endfacet
  facet normal 0 0 1
    outer loop
      vertex -70.63828722803035 -80.49895788914543 2
      vertex 73.45970448935952 -73.2832180597033 2
      vertex 73.82645582126527 -72.9446490325987 2
    endloop
  endfacet
  facet normal 0 0 1
    outer loop
      vertex -70.63828722803035 -80.49895788914543 2
      vertex 73.82645582126527 -72.9446490325987 2
      vertex 74.21070673487945 -72.62607916435023 2
    endloop
  endfacet
  facet normal 0 0 1
    outer loop
      vertex -70.63828722803035 -80.49895788914543 2
      vertex 74.21070673487945 -72.62607916435023 2
      vertex 74.61136802923994 -72.32841147586092 2
    endloop
  endfacet
  facet normal 0 0 1
    outer loop
      vertex -70.63828722803035 -80.49895788914543 2
      vertex 74.61136802923994 -72.32841147586092 2
      vertex 75.02730398637742 -72.05248973853433 2
    endloop
  endfacet
  facet normal 0 0 1
    outer loop
      vertex -70.63828722803035 -80.49895788914543 2
      vertex 75.02730398637742 -72.05248973853433 2
      vertex 75.4573355906314 -71.79909608251286 2
    endloop
  endfacet
  facet normal 0 0 1
    outer loop
      vertex -70.63828722803035 -80.49895788914543 2
      vertex 75.4573355906314 -71.79909608251286 2
      vertex 75.90024387069823 -71.56894877964481 2
    endloop
  endfacet
  facet normal 0 0 1
    outer loop
      vertex -70.63828722803035 -80.49895788914543 2
      vertex 75.90024387069823 -71.56894877964481 2
      vertex 76.35477335493762 -71.36270020746488 2
    endloop
  endfacet
  facet normal 0 0 1
    outer loop
      vertex -70.63828722803035 -80.49895788914543 2
      vertex 76.35477335493762 -71.36270020746488 2
      vertex 76.81963563014347 -71.18093499995906 2
    endloop
  endfacet
  facet normal 0 0 1
    outer loop
      vertex -70.63828722803035 -80.49895788914543 2
      vertex 76.81963563014347 -71.18093499995906 2
      vertex 77.29351299369105 -71.0241683903562 2
    endloop
  endfacet
  facet normal 0 0 1
    outer loop
      vertex -70.63828722803035 -80.49895788914543 2
      vertex 77.29351299369105 -71.0241683903562 2
      vertex 77.7750621887083 -70.89284475064335 2
    endloop
  endfacet
  facet normal 0 0 1
    outer loop
      vertex -70.63828722803035 -80.49895788914543 2
      vertex 77.7750621887083 -70.89284475064335 2
      vertex 78.2629182116833 -70.78733633194511 2
    endloop
  endfacet
  facet normal 0 1 0
    outer loop
      vertex -75.11638374797523 -88 2
      vertex 75.11638374797523 -88 82
      vertex 75.11638374797523 -88 2
    endloop
  endfacet
  facet normal 0 0 1
    outer loop
      vertex -70.63828722803035 -80.49895788914543 2
      vertex 78.2629182116833 -70.78733633194511 2
      vertex 80.74799473956016 70.65488743408672 2
    endloop
  endfacet
  facet normal 0 0 1
    outer loop
      vertex 78.2629182116833 -70.78733633194511 2
      vertex 78.7556981817151 -70.70794220933743 2
      vertex 80.74799473956016 70.65488743408672 2
    endloop
  endfacet
  facet normal 0 0 1
    outer loop
      vertex 78.7556981817151 -70.70794220933743 2
      vertex 79.25200526043984 -70.65488743408672 2
      vertex 80.74799473956016 70.65488743408672 2
    endloop
  endfacet
  facet normal 0 0 1
    outer loop
      vertex 79.25200526043984 -70.65488743408672 2
      vertex 79.75043261152086 -70.62832239571763 2
      vertex 80.74799473956016 70.65488743408672 2
    endloop
  endfacet
  facet normal 0 0 1
    outer loop
      vertex 79.75043261152086 -70.62832239571763 2
      vertex 80.24956738847914 -70.62832239571763 2
      vertex 80.74799473956016 70.65488743408672 2
    endloop
  endfacet
  facet normal 0 0 1
    outer loop
      vertex 80.24956738847914 -70.62832239571763 2
      vertex 80.74799473956016 -70.65488743408672 2
      vertex 81.2443018182849 70.70794220933743 2
    endloop
  endfacet
  facet normal 0 0 1
    outer loop
      vertex 80.74799473956016 -70.65488743408672 2
      vertex 81.2443018182849 -70.70794220933743 2
      vertex 81.73708178831669 70.78733633194511 2
    endloop
  endfacet
  facet normal 0 0 1
    outer loop
      vertex 81.2443018182849 -70.70794220933743 2
      vertex 81.7370817883167 -70.78733633194511 2
      vertex 82.2249378112917 70.89284475064335 2
    endloop
  endfacet
  facet normal 0 0 1
    outer loop
      vertex 81.7370817883167 -70.78733633194511 2
      vertex 82.2249378112917 -70.89284475064335 2
      vertex 82.70648700630895 71.0241683903562 2
    endloop
  endfacet
  facet normal 0 0 1
    outer loop
      vertex 82.2249378112917 -70.89284475064335 2
      vertex 82.70648700630895 -71.0241683903562 2
      vertex 83.18036436985653 71.18093499995906 2
    endloop
  endfacet
  facet normal 0 0 1
    outer loop
      vertex 82.70648700630895 -71.0241683903562 2
      vertex 83.18036436985653 -71.18093499995906 2
      vertex 83.64522664506238 71.36270020746488 2
    endloop
  endfacet
  facet normal 0 0 1
    outer loop
      vertex 83.18036436985653 -71.18093499995906 2
      vertex 83.64522664506238 -71.36270020746488 2
      vertex 83.64522664506238 71.36270020746488 2
    endloop
  endfacet
  facet normal 0 0 1
    outer loop
      vertex 83.64522664506238 -71.36270020746488 2
      vertex 84.09975612930177 -71.56894877964481 2
      vertex 84.09975612930177 71.56894877964483 2
    endloop
  endfacet
  facet normal 0 0 1
    outer loop
      vertex 84.5426644093686 -71.79909608251286 2
      vertex 84.97269601362258 -72.05248973853433 2
      vertex 84.97269601362258 72.05248973853433 2
    endloop
  endfacet
  facet normal 0 0 1
    outer loop
      vertex 84.97269601362258 -72.05248973853433 2
      vertex 85.38863197076006 -72.32841147586092 2
      vertex 85.38863197076006 72.32841147586092 2
    endloop
  endfacet
  facet normal 0 0 1
    outer loop
      vertex 85.38863197076006 -72.32841147586092 2
      vertex 85.78929326512055 -72.62607916435023 2
      vertex 85.78929326512055 72.62607916435023 2
    endloop
  endfacet
  facet normal 0 0 1
    outer loop
      vertex 84.09975612930177 -71.56894877964481 2
      vertex 84.5426644093686 -71.79909608251286 2
      vertex 84.5426644093686 71.79909608251286 2
    endloop
  endfacet
  facet normal 0 0 1
    outer loop
      vertex 85.78929326512055 -72.62607916435023 2
      vertex 86.17354417873474 -72.9446490325987 2
      vertex 86.17354417873474 72.9446490325987 2
    endloop
  endfacet
  facet normal 0 0 1
    outer loop
      vertex 86.54029551064048 -73.2832180597033 2
      vertex 86.54029551064049 73.2832180597033 2
      vertex 86.17354417873474 -72.9446490325987 2
    endloop
  endfacet
  facet normal 0 0 1
    outer loop
      vertex 86.54029551064048 -73.2832180597033 2
      vertex 86.88850766434126 -73.64082653497235 2
      vertex 86.88850766434125 73.64082653497235 2
    endloop
  endfacet
  facet normal 0 0 1
    outer loop
      vertex 86.88850766434126 -73.64082653497235 2
      vertex 87.21719359465537 -74.01646077832982 2
      vertex 87.21719359465537 74.01646077832982 2
    endloop
  endfacet
  facet normal 0 0 1
    outer loop
      vertex 87.52542160560279 -74.40905601370154 2
      vertex 87.52542160560279 74.40905601370154 2
      vertex 87.21719359465537 -74.01646077832982 2
    endloop
  endfacet
  facet normal 0 0 1
    outer loop
      vertex 87.81231799139857 -74.81749938723881 2
      vertex 87.81231799139857 74.81749938723881 2
      vertex 87.52542160560279 -74.40905601370154 2
    endloop
  endfacet
  facet normal 0 0 1
    outer loop
      vertex 87.81231799139857 -74.81749938723881 2
      vertex 88 -75.11745834012194 2
      vertex 88 75.11745834012194 2
    endloop
  endfacet
  facet normal -1 0 0
    outer loop
      vertex 88 -75.11745834012194 2
      vertex 88 -75.11745834012194 82
      vertex 88 75.11745834012194 82
    endloop
  endfacet
  facet normal 0 0 1
    outer loop
      vertex -80.74799473956016 -70.65488743408672 2
      vertex 71.46279900448519 76.12613575842146 2
      vertex 71.26872333638433 76.58599460700479 2
    endloop
  endfacet
  facet normal 0 0 1
    outer loop
      vertex -80.74799473956016 -70.65488743408672 2
      vertex 71.68107429634465 75.67725779891256 2
      vertex 71.46279900448519 76.12613575842146 2
    endloop
  endfacet
  facet normal 0 0 1
    outer loop
      vertex -80.74799473956016 -70.65488743408672 2
      vertex 71.92293048693307 75.24063312182338 2
      vertex 71.68107429634465 75.67725779891256 2
    endloop
  endfacet
  facet normal 0 0 1
    outer loop
      vertex -80.74799473956016 -70.65488743408672 2
      vertex 71.26872333638433 76.58599460700479 2
      vertex 71.09939742060892 77.05553082479423 2
    endloop
  endfacet
  facet normal 0 0 1
    outer loop
      vertex -80.74799473956016 -70.65488743408672 2
      vertex 71.09939742060892 77.05553082479423 2
      vertex 70.9553012298639 77.53341346036699 2
    endloop
  endfacet
  facet normal 0 0 1
    outer loop
      vertex -80.74799473956016 -70.65488743408672 2
      vertex 72.78280640534463 74.01646077832982 2
      vertex 72.47457839439721 74.40905601370154 2
    endloop
  endfacet
  facet normal 0 0 1
    outer loop
      vertex -80.74799473956016 -70.65488743408672 2
      vertex 72.47457839439721 74.40905601370154 2
      vertex 72.18768200860143 74.81749938723881 2
    endloop
  endfacet
  facet normal 0 0 1
    outer loop
      vertex -80.74799473956016 -70.65488743408672 2
      vertex 72.18768200860143 74.81749938723881 2
      vertex 71.92293048693307 75.24063312182338 2
    endloop
  endfacet
  facet normal 0 0 1
    outer loop
      vertex -80.24956738847914 -70.62832239571763 2
      vertex 73.11149233565874 73.64082653497235 2
      vertex 72.78280640534463 74.01646077832982 2
    endloop
  endfacet
  facet normal 0 0 1
    outer loop
      vertex -80.74799473956016 -70.65488743408672 2
      vertex 70.9553012298639 77.53341346036699 2
      vertex 70.8368432204575 78.01828790347227 2
    endloop
  endfacet
  facet normal 0 0 1
    outer loop
      vertex -80.74799473956016 -70.65488743408672 2
      vertex 70.8368432204575 78.01828790347227 2
      vertex 70.7443591744874 78.5087797248212 2
    endloop
  endfacet
  facet normal 0 0 1
    outer loop
      vertex -80.74799473956016 -70.65488743408672 2
      vertex 70.7443591744874 78.5087797248212 2
      vertex 70.67811124802996 79.00349857205595 2
    endloop
  endfacet
  facet normal 0 0 1
    outer loop
      vertex -80.74799473956016 -70.65488743408672 2
      vertex 70.67811124802996 79.00349857205595 2
      vertex 70.63828722803035 79.50104211085457 2
    endloop
  endfacet
  facet normal 0 0 1
    outer loop
      vertex -80.74799473956016 -70.65488743408672 2
      vertex 70.63828722803035 79.50104211085457 2
      vertex 70.625 80 2
    endloop
  endfacet
  facet normal 0 0 1
    outer loop
      vertex -80.74799473956016 -70.65488743408672 2
      vertex 70.625 80 2
      vertex 70.63828722803035 80.49895788914543 2
    endloop
  endfacet
  facet normal 0 0 1
    outer loop
      vertex -72.78280640534463 -74.01646077832982 2
      vertex 80.74799473956016 70.65488743408672 2
      vertex 80.24956738847914 70.62832239571763 2
    endloop
  endfacet
  facet normal 0 0 1
    outer loop
      vertex -76.35477335493762 -71.36270020746488 2
      vertex 73.45970448935952 73.2832180597033 2
      vertex 73.11149233565874 73.64082653497235 2
    endloop
  endfacet
  facet normal 0 0 1
    outer loop
      vertex -73.45970448935952 -73.2832180597033 2
      vertex 74.61136802923994 72.32841147586092 2
      vertex 74.21070673487945 72.62607916435023 2
    endloop
  endfacet
  facet normal 0 0 1
    outer loop
      vertex -73.82645582126526 -72.9446490325987 2
      vertex 73.82645582126527 72.9446490325987 2
      vertex 73.45970448935952 73.2832180597033 2
    endloop
  endfacet
  facet normal 0 0 1
    outer loop
      vertex -73.45970448935952 -73.2832180597033 2
      vertex 74.21070673487945 72.62607916435023 2
      vertex 73.82645582126527 72.9446490325987 2
    endloop
  endfacet
  facet normal 0 0 1
    outer loop
      vertex -73.45970448935952 -73.2832180597033 2
      vertex 75.02730398637742 72.05248973853433 2
      vertex 74.61136802923994 72.32841147586092 2
    endloop
  endfacet
  facet normal 0 0 1
    outer loop
      vertex -73.45970448935952 -73.2832180597033 2
      vertex 75.4573355906314 71.79909608251286 2
      vertex 75.02730398637742 72.05248973853433 2
    endloop
  endfacet
  facet normal 0 0 1
    outer loop
      vertex -73.45970448935952 -73.2832180597033 2
      vertex 75.90024387069823 71.56894877964481 2
      vertex 75.4573355906314 71.79909608251286 2
    endloop
  endfacet
  facet normal 0 0 1
    outer loop
      vertex -73.11149233565874 -73.64082653497235 2
      vertex 76.81963563014347 71.18093499995906 2
      vertex 76.35477335493762 71.36270020746488 2
    endloop
  endfacet
  facet normal 0 0 1
    outer loop
      vertex -73.45970448935952 -73.2832180597033 2
      vertex 76.35477335493762 71.36270020746488 2
      vertex 75.90024387069823 71.56894877964481 2
    endloop
  endfacet
  facet normal 0 0 1
    outer loop
      vertex -73.11149233565874 -73.64082653497235 2
      vertex 77.29351299369105 71.0241683903562 2
      vertex 76.81963563014347 71.18093499995906 2
    endloop
  endfacet
  facet normal 0 0 1
    outer loop
      vertex -73.11149233565874 -73.64082653497235 2
      vertex 77.7750621887083 70.89284475064335 2
      vertex 77.29351299369105 71.0241683903562 2
    endloop
  endfacet
  facet normal 0 0 1
    outer loop
      vertex -73.11149233565874 -73.64082653497235 2
      vertex 78.26291821168331 70.78733633194511 2
      vertex 77.7750621887083 70.89284475064335 2
    endloop
  endfacet
  facet normal 0 0 1
    outer loop
      vertex -73.11149233565874 -73.64082653497235 2
      vertex 78.7556981817151 70.70794220933743 2
      vertex 78.26291821168331 70.78733633194511 2
    endloop
  endfacet
  facet normal 0 0 1
    outer loop
      vertex -73.11149233565874 -73.64082653497235 2
      vertex 79.25200526043984 70.65488743408672 2
      vertex 78.7556981817151 70.70794220933743 2
    endloop
  endfacet
  facet normal 0 0 1
    outer loop
      vertex -73.11149233565874 -73.64082653497235 2
      vertex 79.75043261152086 70.62832239571763 2
      vertex 79.25200526043984 70.65488743408672 2
    endloop
  endfacet
  facet normal 0 0 1
    outer loop
      vertex -73.11149233565874 -73.64082653497235 2
      vertex 80.24956738847914 70.62832239571763 2
      vertex 79.75043261152086 70.62832239571763 2
    endloop
  endfacet
  facet normal 0 0 1
    outer loop
      vertex -70.63828722803035 79.50104211085457 2
      vertex 70.63828722803035 80.49895788914543 2
      vertex 70.67811124802996 80.99650142794405 2
    endloop
  endfacet
  facet normal 0 0 1
    outer loop
      vertex -70.63828722803035 79.50104211085457 2
      vertex 70.67811124802996 80.99650142794405 2
      vertex 70.7443591744874 81.4912202751788 2
    endloop
  endfacet
  facet normal 0 0 1
    outer loop
      vertex -70.63828722803035 79.50104211085457 2
      vertex 70.7443591744874 81.4912202751788 2
      vertex 70.8368432204575 81.98171209652773 2
    endloop
  endfacet
  facet normal 0 0 1
    outer loop
      vertex -70.63828722803035 79.50104211085457 2
      vertex 70.8368432204575 81.98171209652773 2
      vertex 70.9553012298639 82.46658653963301 2
    endloop
  endfacet
  facet normal 0 0 1
    outer loop
      vertex -70.63828722803035 79.50104211085457 2
      vertex 70.9553012298639 82.46658653963301 2
      vertex 71.09939742060892 82.94446917520577 2
    endloop
  endfacet
  facet normal 0 0 1
    outer loop
      vertex -70.63828722803035 79.50104211085457 2
      vertex 71.09939742060892 82.94446917520577 2
      vertex 71.26872333638433 83.41400539299521 2
    endloop
  endfacet
  facet normal 0 0 1
    outer loop
      vertex -70.63828722803035 79.50104211085457 2
      vertex 71.26872333638433 83.41400539299521 2
      vertex 71.46279900448519 83.87386424157854 2
    endloop
  endfacet
  facet normal 0 0 1
    outer loop
      vertex -70.63828722803035 79.50104211085457 2
      vertex 71.46279900448519 83.87386424157854 2
      vertex 71.68107429634465 84.32274220108744 2
    endloop
  endfacet
  facet normal 0 0 1
    outer loop
      vertex -70.63828722803035 79.50104211085457 2
      vertex 71.68107429634465 84.32274220108744 2
      vertex 71.92293048693307 84.75936687817662 2
    endloop
  endfacet
  facet normal 0 0 1
    outer loop
      vertex -70.63828722803035 79.50104211085457 2
      vertex 71.92293048693307 84.75936687817662 2
      vertex 72.18768200860143 85.18250061276119 2
    endloop
  endfacet
  facet normal 0 0 1
    outer loop
      vertex -70.63828722803035 79.50104211085457 2
      vertex 72.18768200860143 85.18250061276119 2
      vertex 72.47457839439721 85.59094398629846 2
    endloop
  endfacet
  facet normal 0 0 1
    outer loop
      vertex -70.63828722803035 79.50104211085457 2
      vertex 72.47457839439721 85.59094398629846 2
      vertex 72.78280640534463 85.98353922167018 2
    endloop
  endfacet
  facet normal 0 0 1
    outer loop
      vertex -70.63828722803035 79.50104211085457 2
      vertex 72.78280640534463 85.98353922167018 2
      vertex 73.11149233565874 86.35917346502765 2
    endloop
  endfacet
  facet normal 0 0 1
    outer loop
      vertex -70.63828722803035 79.50104211085457 2
      vertex 73.11149233565874 86.35917346502765 2
      vertex 73.45970448935952 86.7167819402967 2
    endloop
  endfacet
  facet normal 0 0 1
    outer loop
      vertex -75.11638374797523 88 2
      vertex 75.02730398637742 87.94751026146567 2
      vertex 75.11638374797523 88 2
    endloop
  endfacet
  facet normal 0 0 1
    outer loop
      vertex -70.63828722803035 79.50104211085457 2
      vertex 73.45970448935952 86.7167819402967 2
      vertex 73.82645582126527 87.0553509674013 2
    endloop
  endfacet
  facet normal 0 0 1
    outer loop
      vertex -70.63828722803035 79.50104211085457 2
      vertex 73.82645582126527 87.0553509674013 2
      vertex 74.21070673487945 87.37392083564977 2
    endloop
  endfacet
  facet normal 0 0 1
    outer loop
      vertex -70.63828722803035 79.50104211085457 2
      vertex 74.21070673487945 87.37392083564977 2
      vertex 74.61136802923994 87.67158852413908 2
    endloop
  endfacet
  facet normal 0 0 1
    outer loop
      vertex -72.47457839439721 85.59094398629846 2
      vertex 74.61136802923994 87.67158852413908 2
      vertex 75.02730398637742 87.94751026146567 2
    endloop
  endfacet
  facet normal 0 0 1
    outer loop
      vertex 80.24956738847914 -70.62832239571763 2
      vertex 81.2443018182849 70.70794220933743 2
      vertex 80.74799473956016 70.65488743408672 2
    endloop
  endfacet
  facet normal 0 0 1
    outer loop
      vertex 80.74799473956016 -70.65488743408672 2
      vertex 81.73708178831669 70.78733633194511 2
      vertex 81.2443018182849 70.70794220933743 2
    endloop
  endfacet
  facet normal 0 0 1
    outer loop
      vertex 81.2443018182849 -70.70794220933743 2
      vertex 82.2249378112917 70.89284475064335 2
      vertex 81.73708178831669 70.78733633194511 2
    endloop
  endfacet
  facet normal 0 0 1
    outer loop
      vertex 81.7370817883167 -70.78733633194511 2
      vertex 82.70648700630895 71.0241683903562 2
      vertex 82.2249378112917 70.89284475064335 2
    endloop
  endfacet
  facet normal 0 0 1
    outer loop
      vertex 82.2249378112917 -70.89284475064335 2
      vertex 83.18036436985653 71.18093499995906 2
      vertex 82.70648700630895 71.0241683903562 2
    endloop
  endfacet
  facet normal 0 0 1
    outer loop
      vertex 82.70648700630895 -71.0241683903562 2
      vertex 83.64522664506238 71.36270020746488 2
      vertex 83.18036436985653 71.18093499995906 2
    endloop
  endfacet
  facet normal 0 0 1
    outer loop
      vertex 83.64522664506238 -71.36270020746488 2
      vertex 84.09975612930177 71.56894877964483 2
      vertex 83.64522664506238 71.36270020746488 2
    endloop
  endfacet
  facet normal 0 0 1
    outer loop
      vertex 84.09975612930177 -71.56894877964481 2
      vertex 84.5426644093686 71.79909608251286 2
      vertex 84.09975612930177 71.56894877964483 2
    endloop
  endfacet
  facet normal 0 0 1
    outer loop
      vertex 84.5426644093686 -71.79909608251286 2
      vertex 84.97269601362258 72.05248973853433 2
      vertex 84.5426644093686 71.79909608251286 2
    endloop
  endfacet
  facet normal 0 0 1
    outer loop
      vertex 84.97269601362258 -72.05248973853433 2
      vertex 85.38863197076006 72.32841147586092 2
      vertex 84.97269601362258 72.05248973853433 2
    endloop
  endfacet
  facet normal 0 0 1
    outer loop
      vertex 85.38863197076006 -72.32841147586092 2
      vertex 85.78929326512055 72.62607916435023 2
      vertex 85.38863197076006 72.32841147586092 2
    endloop
  endfacet
  facet normal 0 0 1
    outer loop
      vertex 85.78929326512055 -72.62607916435023 2
      vertex 86.17354417873474 72.9446490325987 2
      vertex 85.78929326512055 72.62607916435023 2
    endloop
  endfacet
  facet normal 0 0 1
    outer loop
      vertex 86.17354417873474 -72.9446490325987 2
      vertex 86.54029551064049 73.2832180597033 2
      vertex 86.17354417873474 72.9446490325987 2
    endloop
  endfacet
  facet normal 0 0 1
    outer loop
      vertex 86.54029551064048 -73.2832180597033 2
      vertex 86.88850766434125 73.64082653497235 2
      vertex 86.54029551064049 73.2832180597033 2
    endloop
  endfacet
  facet normal 0 0 1
    outer loop
      vertex 86.88850766434126 -73.64082653497235 2
      vertex 87.21719359465537 74.01646077832982 2
      vertex 86.88850766434125 73.64082653497235 2
    endloop
  endfacet
  facet normal 0 0 1
    outer loop
      vertex 87.21719359465537 -74.01646077832982 2
      vertex 87.52542160560279 74.40905601370154 2
      vertex 87.21719359465537 74.01646077832982 2
    endloop
  endfacet
  facet normal 0 0 1
    outer loop
      vertex 87.52542160560279 -74.40905601370154 2
      vertex 87.81231799139857 74.81749938723881 2
      vertex 87.52542160560279 74.40905601370154 2
    endloop
  endfacet
  facet normal 0 0 1
    outer loop
      vertex 87.81231799139857 -74.81749938723881 2
      vertex 88 75.11745834012194 2
      vertex 87.81231799139857 74.81749938723881 2
    endloop
  endfacet
  facet normal -1 0 0
    outer loop
      vertex 88 -75.11745834012194 2
      vertex 88 75.11745834012194 82
      vertex 88 75.11745834012194 2
    endloop
  endfacet
  facet normal 0 -1 0
    outer loop
      vertex -75.11638374797523 88 82
      vertex 75.11638374797523 88 2
      vertex 75.11638374797523 88 82
    endloop
  endfacet
  facet normal -0.7865515558026326 -0.6175246149462046 0
    outer loop
      vertex 72.47457839439721 74.40905601370154 2
      vertex 72.78280640534463 74.01646077832982 2
      vertex 72.47457839439721 74.40905601370154 82
    endloop
  endfacet
  facet normal -0.7525707698561495 -0.6585113790650259 0
    outer loop
      vertex 73.11149233565874 73.64082653497235 2
      vertex 72.78280640534463 74.01646077832982 82
      vertex 72.78280640534463 74.01646077832982 2
    endloop
  endfacet
  facet normal -0.8477344278896692 -0.5304209081197451 0
    outer loop
      vertex 72.18768200860143 74.81749938723881 2
      vertex 71.92293048693307 75.24063312182338 82
      vertex 71.92293048693307 75.24063312182338 2
    endloop
  endfacet
  facet normal -0.8183027759081798 -0.5747874102143915 0
    outer loop
      vertex 72.47457839439721 74.40905601370154 2
      vertex 72.18768200860143 74.81749938723881 82
      vertex 72.18768200860143 74.81749938723881 2
    endloop
  endfacet
  facet normal -0.8747630845319604 -0.4845508703326517 0
    outer loop
      vertex 71.68107429634465 75.67725779891256 2
      vertex 71.92293048693307 75.24063312182338 2
      vertex 71.68107429634465 75.67725779891256 82
    endloop
  endfacet
  facet normal -0.9213119778704107 -0.38882417547332626 0
    outer loop
      vertex 71.26872333638433 76.58599460700479 2
      vertex 71.46279900448519 76.12613575842146 2
      vertex 71.26872333638433 76.58599460700479 82
    endloop
  endfacet
  facet normal -0.8993121301712191 -0.4373073204588554 0
    outer loop
      vertex 71.68107429634465 75.67725779891256 2
      vertex 71.46279900448519 76.12613575842146 82
      vertex 71.46279900448519 76.12613575842146 2
    endloop
  endfacet
  facet normal -0.940700266671033 -0.3392388661180309 0
    outer loop
      vertex 71.26872333638433 76.58599460700479 2
      vertex 71.09939742060892 77.05553082479423 82
      vertex 71.09939742060892 77.05553082479423 2
    endloop
  endfacet
  facet normal -0.9574220383620021 -0.2886919473396323 0
    outer loop
      vertex 71.09939742060892 77.05553082479423 2
      vertex 70.9553012298639 77.53341346036699 82
      vertex 70.9553012298639 77.53341346036699 2
    endloop
  endfacet
  facet normal -0.9714298932647112 -0.23732669987111008 0
    outer loop
      vertex 70.9553012298639 77.53341346036699 2
      vertex 70.8368432204575 78.01828790347227 82
      vertex 70.8368432204575 78.01828790347227 2
    endloop
  endfacet
  facet normal -0.9826841245925242 -0.18528872408709662 0
    outer loop
      vertex 70.8368432204575 78.01828790347227 2
      vertex 70.7443591744874 78.5087797248212 82
      vertex 70.7443591744874 78.5087797248212 2
    endloop
  endfacet
  facet normal -0.6382441836448258 -0.7698339834299014 0
    outer loop
      vertex 73.82645582126527 72.9446490325987 2
      vertex 74.21070673487945 72.62607916435023 2
      vertex 73.82645582126527 72.9446490325987 82
    endloop
  endfacet
  facet normal -0.5963673585384979 -0.8027116379309662 0
    outer loop
      vertex 74.21070673487945 72.62607916435023 2
      vertex 74.61136802923994 72.32841147586092 2
      vertex 74.21070673487945 72.62607916435023 82
    endloop
  endfacet
  facet normal -0.5528000653611996 -0.8333139190825108 0
    outer loop
      vertex 74.61136802923994 72.32841147586092 2
      vertex 75.02730398637742 72.05248973853433 2
      vertex 74.61136802923994 72.32841147586092 82
    endloop
  endfacet
  facet normal -0.5076658003388472 -0.8615540813938017 0
    outer loop
      vertex 75.02730398637742 72.05248973853433 2
      vertex 75.4573355906314 71.79909608251286 2
      vertex 75.02730398637742 72.05248973853433 82
    endloop
  endfacet
  facet normal -0.46109250144932856 -0.8873520750565701 0
    outer loop
      vertex 75.90024387069823 71.56894877964481 2
      vertex 75.4573355906314 71.79909608251286 82
      vertex 75.4573355906314 71.79909608251286 2
    endloop
  endfacet
  facet normal -0.4132121857683607 -0.9106347728549211 0
    outer loop
      vertex 75.90024387069823 71.56894877964481 2
      vertex 76.35477335493762 71.36270020746488 2
      vertex 75.90024387069823 71.56894877964481 82
    endloop
  endfacet
  facet normal -0.3641605752528299 -0.9313361774523353 0
    outer loop
      vertex 76.35477335493762 71.36270020746488 2
      vertex 76.81963563014347 71.18093499995906 2
      vertex 76.35477335493762 71.36270020746488 82
    endloop
  endfacet
  facet normal -0.314076712021957 -0.9493976084683785 0
    outer loop
      vertex 76.81963563014347 71.18093499995906 2
      vertex 77.29351299369105 71.0241683903562 2
      vertex 76.81963563014347 71.18093499995906 82
    endloop
  endfacet
  facet normal -0.26310256422750294 -0.964767868814521 0
    outer loop
      vertex 77.29351299369105 71.0241683903562 2
      vertex 77.7750621887083 70.89284475064335 2
      vertex 77.29351299369105 71.0241683903562 82
    endloop
  endfacet
  facet normal -0.21138262362963703 -0.9774033898178639 0
    outer loop
      vertex 77.7750621887083 70.89284475064335 2
      vertex 78.26291821168331 70.78733633194511 2
      vertex 77.7750621887083 70.89284475064335 82
    endloop
  endfacet
  facet normal -0.15906349601907174 -0.9872683547213446 0
    outer loop
      vertex 78.26291821168331 70.78733633194511 2
      vertex 78.7556981817151 70.70794220933743 2
      vertex 78.26291821168331 70.78733633194511 82
    endloop
  endfacet
  facet normal -0.7164567402982963 -0.697631521135004 0
    outer loop
      vertex 73.11149233565874 73.64082653497235 2
      vertex 73.45970448935952 73.2832180597033 2
      vertex 73.11149233565874 73.64082653497235 82
    endloop
  endfacet
  facet normal -0.6783118362696178 -0.7347741508630657 0
    outer loop
      vertex 73.82645582126527 72.9446490325987 2
      vertex 73.45970448935952 73.2832180597033 82
      vertex 73.45970448935952 73.2832180597033 2
    endloop
  endfacet
  facet normal -0.996812007030749 -0.07978610555309566 0
    outer loop
      vertex 70.67811124802996 79.00349857205595 2
      vertex 70.63828722803035 79.50104211085457 82
      vertex 70.63828722803035 79.50104211085457 2
    endloop
  endfacet
  facet normal -0.9911528310040058 -0.13272552728373274 0
    outer loop
      vertex 70.7443591744874 78.5087797248212 2
      vertex 70.67811124802996 79.00349857205595 82
      vertex 70.67811124802996 79.00349857205595 2
    endloop
  endfacet
  facet normal -0.9996456111234531 -0.026620521437761422 0
    outer loop
      vertex 70.63828722803035 79.50104211085457 2
      vertex 70.625 80 82
      vertex 70.625 80 2
    endloop
  endfacet
  facet normal -0.9996456111234531 0.026620521437761422 0
    outer loop
      vertex 70.625 80 2
      vertex 70.63828722803035 80.49895788914543 82
      vertex 70.63828722803035 80.49895788914543 2
    endloop
  endfacet
  facet normal -0.996812007030749 0.07978610555309566 0
    outer loop
      vertex 70.63828722803035 80.49895788914543 2
      vertex 70.67811124802996 80.99650142794405 82
      vertex 70.67811124802996 80.99650142794405 2
    endloop
  endfacet
  facet normal -0.9911528310040058 0.13272552728373274 0
    outer loop
      vertex 70.67811124802996 80.99650142794405 2
      vertex 70.7443591744874 81.4912202751788 82
      vertex 70.7443591744874 81.4912202751788 2
    endloop
  endfacet
  facet normal -0.9826841245925242 0.18528872408709662 0
    outer loop
      vertex 70.7443591744874 81.4912202751788 2
      vertex 70.8368432204575 81.98171209652773 82
      vertex 70.8368432204575 81.98171209652773 2
    endloop
  endfacet
  facet normal -0.9714298932647112 0.23732669987111008 0
    outer loop
      vertex 70.8368432204575 81.98171209652773 2
      vertex 70.9553012298639 82.46658653963301 82
      vertex 70.9553012298639 82.46658653963301 2
    endloop
  endfacet
  facet normal -0.9574220383620021 0.2886919473396323 0
    outer loop
      vertex 70.9553012298639 82.46658653963301 2
      vertex 71.09939742060892 82.94446917520577 82
      vertex 71.09939742060892 82.94446917520577 2
    endloop
  endfacet
  facet normal -0.940700266671033 0.3392388661180309 0
    outer loop
      vertex 71.09939742060892 82.94446917520577 2
      vertex 71.26872333638433 83.41400539299521 82
      vertex 71.26872333638433 83.41400539299521 2
    endloop
  endfacet
  facet normal -0.9213119778704107 0.38882417547332626 0
    outer loop
      vertex 71.26872333638433 83.41400539299521 2
      vertex 71.46279900448519 83.87386424157854 82
      vertex 71.46279900448519 83.87386424157854 2
    endloop
  endfacet
  facet normal -0.8993121301712191 0.4373073204588554 0
    outer loop
      vertex 71.46279900448519 83.87386424157854 2
      vertex 71.68107429634465 84.32274220108744 82
      vertex 71.68107429634465 84.32274220108744 2
    endloop
  endfacet
  facet normal -0.8747630845319604 0.4845508703326517 0
    outer loop
      vertex 71.68107429634465 84.32274220108744 2
      vertex 71.92293048693307 84.75936687817662 82
      vertex 71.92293048693307 84.75936687817662 2
    endloop
  endfacet
  facet normal -0.8477344278896692 0.5304209081197451 0
    outer loop
      vertex 71.92293048693307 84.75936687817662 2
      vertex 72.18768200860143 85.18250061276119 82
      vertex 72.18768200860143 85.18250061276119 2
    endloop
  endfacet
  facet normal -0.8183027759081798 0.5747874102143915 0
    outer loop
      vertex 72.18768200860143 85.18250061276119 2
      vertex 72.47457839439721 85.59094398629846 82
      vertex 72.47457839439721 85.59094398629846 2
    endloop
  endfacet
  facet normal -0.7865515558026326 0.6175246149462046 0
    outer loop
      vertex 72.47457839439721 85.59094398629846 2
      vertex 72.78280640534463 85.98353922167018 82
      vertex 72.78280640534463 85.98353922167018 2
    endloop
  endfacet
  facet normal -0.7525707698561495 0.6585113790650259 0
    outer loop
      vertex 72.78280640534463 85.98353922167018 2
      vertex 73.11149233565874 86.35917346502765 82
      vertex 73.11149233565874 86.35917346502765 2
    endloop
  endfacet
  facet normal -0.7164567402982963 0.697631521135004 0
    outer loop
      vertex 73.11149233565874 86.35917346502765 2
      vertex 73.45970448935952 86.7167819402967 82
      vertex 73.45970448935952 86.7167819402967 2
    endloop
  endfacet
  facet normal -0.6783118362696178 0.7347741508630657 0
    outer loop
      vertex 73.45970448935952 86.7167819402967 2
      vertex 73.82645582126527 87.0553509674013 82
      vertex 73.82645582126527 87.0553509674013 2
    endloop
  endfacet
  facet normal -0.6382441836448258 0.7698339834299014 0
    outer loop
      vertex 73.82645582126527 87.0553509674013 2
      vertex 74.21070673487945 87.37392083564977 82
      vertex 74.21070673487945 87.37392083564977 2
    endloop
  endfacet
  facet normal -0.5963673585384979 0.8027116379309662 0
    outer loop
      vertex 74.21070673487945 87.37392083564977 2
      vertex 74.61136802923994 87.67158852413908 82
      vertex 74.61136802923994 87.67158852413908 2
    endloop
  endfacet
  facet normal -0.5528000653611996 0.8333139190825108 0
    outer loop
      vertex 74.61136802923994 87.67158852413908 2
      vertex 75.02730398637742 87.94751026146567 82
      vertex 75.02730398637742 87.94751026146567 2
    endloop
  endfacet
  facet normal -0.5076658003388458 0.8615540813938027 0
    outer loop
      vertex 75.02730398637742 87.94751026146567 2
      vertex 75.02730398637742 87.94751026146567 82
      vertex 75.11638374797523 88 2
    endloop
  endfacet
  facet normal -0.10629348564736353 -0.9943348002101373 0
    outer loop
      vertex 78.7556981817151 70.70794220933743 2
      vertex 79.25200526043984 70.65488743408672 2
      vertex 78.7556981817151 70.70794220933743 82
    endloop
  endfacet
  facet normal -0.05322217484217851 -0.9985826956767619 0
    outer loop
      vertex 79.25200526043984 70.65488743408672 2
      vertex 79.75043261152086 70.62832239571763 2
      vertex 79.25200526043984 70.65488743408672 82
    endloop
  endfacet
  facet normal 0 -1 0
    outer loop
      vertex 79.75043261152086 70.62832239571763 2
      vertex 80.24956738847914 70.62832239571763 2
      vertex 79.75043261152086 70.62832239571763 82
    endloop
  endfacet
  facet normal 0.05322217484217851 -0.9985826956767619 0
    outer loop
      vertex 80.24956738847914 70.62832239571763 2
      vertex 80.74799473956016 70.65488743408672 2
      vertex 80.24956738847914 70.62832239571763 82
    endloop
  endfacet
  facet normal 0.10629348564736353 -0.9943348002101373 0
    outer loop
      vertex 80.74799473956016 70.65488743408672 2
      vertex 81.2443018182849 70.70794220933743 2
      vertex 80.74799473956016 70.65488743408672 82
    endloop
  endfacet
  facet normal 0.15906349601907174 -0.9872683547213446 0
    outer loop
      vertex 81.2443018182849 70.70794220933743 2
      vertex 81.73708178831669 70.78733633194511 2
      vertex 81.2443018182849 70.70794220933743 82
    endloop
  endfacet
  facet normal 0.21138262362963703 -0.9774033898178639 0
    outer loop
      vertex 81.73708178831669 70.78733633194511 2
      vertex 82.2249378112917 70.89284475064335 2
      vertex 81.73708178831669 70.78733633194511 82
    endloop
  endfacet
  facet normal 0.26310256422750294 -0.964767868814521 0
    outer loop
      vertex 82.2249378112917 70.89284475064335 2
      vertex 82.70648700630895 71.0241683903562 2
      vertex 82.2249378112917 70.89284475064335 82
    endloop
  endfacet
  facet normal 0.314076712021957 -0.9493976084683785 0
    outer loop
      vertex 82.70648700630895 71.0241683903562 2
      vertex 83.18036436985653 71.18093499995906 2
      vertex 82.70648700630895 71.0241683903562 82
    endloop
  endfacet
  facet normal 0.3641605752528299 -0.9313361774523353 0
    outer loop
      vertex 83.18036436985653 71.18093499995906 2
      vertex 83.64522664506238 71.36270020746488 2
      vertex 83.18036436985653 71.18093499995906 82
    endloop
  endfacet
  facet normal 0.4132121857683843 -0.9106347728549105 0
    outer loop
      vertex 83.64522664506238 71.36270020746488 2
      vertex 84.09975612930177 71.56894877964483 2
      vertex 83.64522664506238 71.36270020746488 82
    endloop
  endfacet
  facet normal 0.4610925014493062 -0.8873520750565818 0
    outer loop
      vertex 84.09975612930177 71.56894877964483 2
      vertex 84.5426644093686 71.79909608251286 2
      vertex 84.09975612930177 71.56894877964483 82
    endloop
  endfacet
  facet normal 0.5076658003388472 -0.8615540813938017 0
    outer loop
      vertex 84.5426644093686 71.79909608251286 2
      vertex 84.97269601362258 72.05248973853433 2
      vertex 84.5426644093686 71.79909608251286 82
    endloop
  endfacet
  facet normal 0.5528000653611996 -0.8333139190825108 0
    outer loop
      vertex 84.97269601362258 72.05248973853433 2
      vertex 85.38863197076006 72.32841147586092 2
      vertex 84.97269601362258 72.05248973853433 82
    endloop
  endfacet
  facet normal 0.5963673585384979 -0.8027116379309662 0
    outer loop
      vertex 85.38863197076006 72.32841147586092 2
      vertex 85.78929326512055 72.62607916435023 2
      vertex 85.38863197076006 72.32841147586092 82
    endloop
  endfacet
  facet normal 0.6382441836448118 -0.769833983429913 0
    outer loop
      vertex 85.78929326512055 72.62607916435023 2
      vertex 86.17354417873474 72.9446490325987 2
      vertex 85.78929326512055 72.62607916435023 82
    endloop
  endfacet
  facet normal 0.6783118362696178 -0.7347741508630657 0
    outer loop
      vertex 86.17354417873474 72.9446490325987 2
      vertex 86.54029551064049 73.2832180597033 2
      vertex 86.17354417873474 72.9446490325987 82
    endloop
  endfacet
  facet normal 0.7164567402983248 -0.6976315211349747 0
    outer loop
      vertex 86.54029551064049 73.2832180597033 2
      vertex 86.88850766434125 73.64082653497235 2
      vertex 86.54029551064049 73.2832180597033 82
    endloop
  endfacet
  facet normal 0.7525707698561354 -0.6585113790650421 0
    outer loop
      vertex 86.88850766434125 73.64082653497235 2
      vertex 87.21719359465537 74.01646077832982 2
      vertex 86.88850766434125 73.64082653497235 82
    endloop
  endfacet
  facet normal 0.7865515558026326 -0.6175246149462046 0
    outer loop
      vertex 87.21719359465537 74.01646077832982 2
      vertex 87.52542160560279 74.40905601370154 2
      vertex 87.21719359465537 74.01646077832982 82
    endloop
  endfacet
  facet normal 0.8183027759081798 -0.5747874102143915 0
    outer loop
      vertex 87.52542160560279 74.40905601370154 2
      vertex 87.81231799139857 74.81749938723881 2
      vertex 87.52542160560279 74.40905601370154 82
    endloop
  endfacet
  facet normal 0.8477344278896735 -0.5304209081197384 0
    outer loop
      vertex 87.81231799139857 74.81749938723881 2
      vertex 88 75.11745834012194 2
      vertex 88 75.11745834012194 82
    endloop
  endfacet
  facet normal -0.8993121301712191 -0.4373073204588554 0
    outer loop
      vertex 71.68107429634465 75.67725779891256 2
      vertex 71.68107429634465 75.67725779891256 82
      vertex 71.46279900448519 76.12613575842146 82
    endloop
  endfacet
  facet normal -0.7525707698561495 -0.6585113790650259 0
    outer loop
      vertex 73.11149233565874 73.64082653497235 2
      vertex 73.11149233565874 73.64082653497235 82
      vertex 72.78280640534463 74.01646077832982 82
    endloop
  endfacet
  facet normal -0.7865515558026326 -0.6175246149462046 0
    outer loop
      vertex 72.78280640534463 74.01646077832982 2
      vertex 72.78280640534463 74.01646077832982 82
      vertex 72.47457839439721 74.40905601370154 82
    endloop
  endfacet
  facet normal -0.8183027759081798 -0.5747874102143915 0
    outer loop
      vertex 72.47457839439721 74.40905601370154 2
      vertex 72.47457839439721 74.40905601370154 82
      vertex 72.18768200860143 74.81749938723881 82
    endloop
  endfacet
  facet normal -0.8477344278896692 -0.5304209081197451 0
    outer loop
      vertex 72.18768200860143 74.81749938723881 2
      vertex 72.18768200860143 74.81749938723881 82
      vertex 71.92293048693307 75.24063312182338 82
    endloop
  endfacet
  facet normal -0.8747630845319604 -0.4845508703326517 0
    outer loop
      vertex 71.92293048693307 75.24063312182338 2
      vertex 71.92293048693307 75.24063312182338 82
      vertex 71.68107429634465 75.67725779891256 82
    endloop
  endfacet
  facet normal -0.9213119778704107 -0.38882417547332626 0
    outer loop
      vertex 71.46279900448519 76.12613575842146 2
      vertex 71.46279900448519 76.12613575842146 82
      vertex 71.26872333638433 76.58599460700479 82
    endloop
  endfacet
  facet normal -0.940700266671033 -0.3392388661180309 0
    outer loop
      vertex 71.26872333638433 76.58599460700479 2
      vertex 71.26872333638433 76.58599460700479 82
      vertex 71.09939742060892 77.05553082479423 82
    endloop
  endfacet
  facet normal -0.9574220383620021 -0.2886919473396323 0
    outer loop
      vertex 71.09939742060892 77.05553082479423 2
      vertex 71.09939742060892 77.05553082479423 82
      vertex 70.9553012298639 77.53341346036699 82
    endloop
  endfacet
  facet normal -0.9714298932647112 -0.23732669987111008 0
    outer loop
      vertex 70.9553012298639 77.53341346036699 2
      vertex 70.9553012298639 77.53341346036699 82
      vertex 70.8368432204575 78.01828790347227 82
    endloop
  endfacet
  facet normal -0.9826841245925242 -0.18528872408709662 0
    outer loop
      vertex 70.8368432204575 78.01828790347227 2
      vertex 70.8368432204575 78.01828790347227 82
      vertex 70.7443591744874 78.5087797248212 82
    endloop
  endfacet
  facet normal -0.9911528310040058 -0.13272552728373274 0
    outer loop
      vertex 70.7443591744874 78.5087797248212 2
      vertex 70.7443591744874 78.5087797248212 82
      vertex 70.67811124802996 79.00349857205595 82
    endloop
  endfacet
  facet normal -0.6783118362696178 -0.7347741508630657 0
    outer loop
      vertex 73.82645582126527 72.9446490325987 2
      vertex 73.82645582126527 72.9446490325987 82
      vertex 73.45970448935952 73.2832180597033 82
    endloop
  endfacet
  facet normal -0.6382441836448258 -0.7698339834299014 0
    outer loop
      vertex 74.21070673487945 72.62607916435023 2
      vertex 74.21070673487945 72.62607916435023 82
      vertex 73.82645582126527 72.9446490325987 82
    endloop
  endfacet
  facet normal -0.5963673585384979 -0.8027116379309662 0
    outer loop
      vertex 74.61136802923994 72.32841147586092 2
      vertex 74.61136802923994 72.32841147586092 82
      vertex 74.21070673487945 72.62607916435023 82
    endloop
  endfacet
  facet normal -0.46109250144932856 -0.8873520750565701 0
    outer loop
      vertex 75.90024387069823 71.56894877964481 2
      vertex 75.90024387069823 71.56894877964481 82
      vertex 75.4573355906314 71.79909608251286 82
    endloop
  endfacet
  facet normal -0.5528000653611996 -0.8333139190825108 0
    outer loop
      vertex 75.02730398637742 72.05248973853433 2
      vertex 75.02730398637742 72.05248973853433 82
      vertex 74.61136802923994 72.32841147586092 82
    endloop
  endfacet
  facet normal -0.5076658003388472 -0.8615540813938017 0
    outer loop
      vertex 75.4573355906314 71.79909608251286 2
      vertex 75.4573355906314 71.79909608251286 82
      vertex 75.02730398637742 72.05248973853433 82
    endloop
  endfacet
  facet normal -0.4132121857683607 -0.9106347728549211 0
    outer loop
      vertex 76.35477335493762 71.36270020746488 2
      vertex 76.35477335493762 71.36270020746488 82
      vertex 75.90024387069823 71.56894877964481 82
    endloop
  endfacet
  facet normal -0.3641605752528299 -0.9313361774523353 0
    outer loop
      vertex 76.81963563014347 71.18093499995906 2
      vertex 76.81963563014347 71.18093499995906 82
      vertex 76.35477335493762 71.36270020746488 82
    endloop
  endfacet
  facet normal -0.314076712021957 -0.9493976084683785 0
    outer loop
      vertex 77.29351299369105 71.0241683903562 2
      vertex 77.29351299369105 71.0241683903562 82
      vertex 76.81963563014347 71.18093499995906 82
    endloop
  endfacet
  facet normal -0.26310256422750294 -0.964767868814521 0
    outer loop
      vertex 77.7750621887083 70.89284475064335 2
      vertex 77.7750621887083 70.89284475064335 82
      vertex 77.29351299369105 71.0241683903562 82
    endloop
  endfacet
  facet normal -0.21138262362963703 -0.9774033898178639 0
    outer loop
      vertex 78.26291821168331 70.78733633194511 2
      vertex 78.26291821168331 70.78733633194511 82
      vertex 77.7750621887083 70.89284475064335 82
    endloop
  endfacet
  facet normal -0.15906349601907174 -0.9872683547213446 0
    outer loop
      vertex 78.7556981817151 70.70794220933743 2
      vertex 78.7556981817151 70.70794220933743 82
      vertex 78.26291821168331 70.78733633194511 82
    endloop
  endfacet
  facet normal -0.7164567402982963 -0.697631521135004 0
    outer loop
      vertex 73.45970448935952 73.2832180597033 2
      vertex 73.45970448935952 73.2832180597033 82
      vertex 73.11149233565874 73.64082653497235 82
    endloop
  endfacet
  facet normal -0.996812007030749 -0.07978610555309566 0
    outer loop
      vertex 70.67811124802996 79.00349857205595 2
      vertex 70.67811124802996 79.00349857205595 82
      vertex 70.63828722803035 79.50104211085457 82
    endloop
  endfacet
  facet normal -0.9996456111234531 -0.026620521437761422 0
    outer loop
      vertex 70.63828722803035 79.50104211085457 2
      vertex 70.63828722803035 79.50104211085457 82
      vertex 70.625 80 82
    endloop
  endfacet
  facet normal -0.9996456111234531 0.026620521437761422 0
    outer loop
      vertex 70.625 80 2
      vertex 70.625 80 82
      vertex 70.63828722803035 80.49895788914543 82
    endloop
  endfacet
  facet normal -0.996812007030749 0.07978610555309566 0
    outer loop
      vertex 70.63828722803035 80.49895788914543 2
      vertex 70.63828722803035 80.49895788914543 82
      vertex 70.67811124802996 80.99650142794405 82
    endloop
  endfacet
  facet normal -0.9911528310040058 0.13272552728373274 0
    outer loop
      vertex 70.67811124802996 80.99650142794405 2
      vertex 70.67811124802996 80.99650142794405 82
      vertex 70.7443591744874 81.4912202751788 82
    endloop
  endfacet
  facet normal -0.9826841245925242 0.18528872408709662 0
    outer loop
      vertex 70.7443591744874 81.4912202751788 2
      vertex 70.7443591744874 81.4912202751788 82
      vertex 70.8368432204575 81.98171209652773 82
    endloop
  endfacet
  facet normal -0.9714298932647112 0.23732669987111008 0
    outer loop
      vertex 70.8368432204575 81.98171209652773 2
      vertex 70.8368432204575 81.98171209652773 82
      vertex 70.9553012298639 82.46658653963301 82
    endloop
  endfacet
  facet normal -0.9574220383620021 0.2886919473396323 0
    outer loop
      vertex 70.9553012298639 82.46658653963301 2
      vertex 70.9553012298639 82.46658653963301 82
      vertex 71.09939742060892 82.94446917520577 82
    endloop
  endfacet
  facet normal -0.940700266671033 0.3392388661180309 0
    outer loop
      vertex 71.09939742060892 82.94446917520577 2
      vertex 71.09939742060892 82.94446917520577 82
      vertex 71.26872333638433 83.41400539299521 82
    endloop
  endfacet
  facet normal -0.9213119778704107 0.38882417547332626 0
    outer loop
      vertex 71.26872333638433 83.41400539299521 2
      vertex 71.26872333638433 83.41400539299521 82
      vertex 71.46279900448519 83.87386424157854 82
    endloop
  endfacet
  facet normal -0.8993121301712191 0.4373073204588554 0
    outer loop
      vertex 71.46279900448519 83.87386424157854 2
      vertex 71.46279900448519 83.87386424157854 82
      vertex 71.68107429634465 84.32274220108744 82
    endloop
  endfacet
  facet normal -0.8747630845319604 0.4845508703326517 0
    outer loop
      vertex 71.68107429634465 84.32274220108744 2
      vertex 71.68107429634465 84.32274220108744 82
      vertex 71.92293048693307 84.75936687817662 82
    endloop
  endfacet
  facet normal -0.8477344278896692 0.5304209081197451 0
    outer loop
      vertex 71.92293048693307 84.75936687817662 2
      vertex 71.92293048693307 84.75936687817662 82
      vertex 72.18768200860143 85.18250061276119 82
    endloop
  endfacet
  facet normal -0.8183027759081798 0.5747874102143915 0
    outer loop
      vertex 72.18768200860143 85.18250061276119 2
      vertex 72.18768200860143 85.18250061276119 82
      vertex 72.47457839439721 85.59094398629846 82
    endloop
  endfacet
  facet normal -0.7865515558026326 0.6175246149462046 0
    outer loop
      vertex 72.47457839439721 85.59094398629846 2
      vertex 72.47457839439721 85.59094398629846 82
      vertex 72.78280640534463 85.98353922167018 82
    endloop
  endfacet
  facet normal -0.7525707698561495 0.6585113790650259 0
    outer loop
      vertex 72.78280640534463 85.98353922167018 2
      vertex 72.78280640534463 85.98353922167018 82
      vertex 73.11149233565874 86.35917346502765 82
    endloop
  endfacet
  facet normal -0.7164567402982963 0.697631521135004 0
    outer loop
      vertex 73.11149233565874 86.35917346502765 2
      vertex 73.11149233565874 86.35917346502765 82
      vertex 73.45970448935952 86.7167819402967 82
    endloop
  endfacet
  facet normal -0.6783118362696178 0.7347741508630657 0
    outer loop
      vertex 73.45970448935952 86.7167819402967 2
      vertex 73.45970448935952 86.7167819402967 82
      vertex 73.82645582126527 87.0553509674013 82
    endloop
  endfacet
  facet normal -0.6382441836448258 0.7698339834299014 0
    outer loop
      vertex 73.82645582126527 87.0553509674013 2
      vertex 73.82645582126527 87.0553509674013 82
      vertex 74.21070673487945 87.37392083564977 82
    endloop
  endfacet
  facet normal -0.5963673585384979 0.8027116379309662 0
    outer loop
      vertex 74.21070673487945 87.37392083564977 2
      vertex 74.21070673487945 87.37392083564977 82
      vertex 74.61136802923994 87.67158852413908 82
    endloop
  endfacet
  facet normal -0.5528000653611996 0.8333139190825108 0
    outer loop
      vertex 74.61136802923994 87.67158852413908 2
      vertex 74.61136802923994 87.67158852413908 82
      vertex 75.02730398637742 87.94751026146567 82
    endloop
  endfacet
  facet normal -0.5076658003388458 0.8615540813938027 0
    outer loop
      vertex 75.11638374797523 88 2
      vertex 75.02730398637742 87.94751026146567 82
      vertex 75.11638374797523 88 82
    endloop
  endfacet
  facet normal -0.10629348564736353 -0.9943348002101373 0
    outer loop
      vertex 79.25200526043984 70.65488743408672 2
      vertex 79.25200526043984 70.65488743408672 82
      vertex 78.7556981817151 70.70794220933743 82
    endloop
  endfacet
  facet normal -0.05322217484217851 -0.9985826956767619 0
    outer loop
      vertex 79.75043261152086 70.62832239571763 2
      vertex 79.75043261152086 70.62832239571763 82
      vertex 79.25200526043984 70.65488743408672 82
    endloop
  endfacet
  facet normal 0 -1 0
    outer loop
      vertex 80.24956738847914 70.62832239571763 2
      vertex 80.24956738847914 70.62832239571763 82
      vertex 79.75043261152086 70.62832239571763 82
    endloop
  endfacet
  facet normal 0.05322217484217851 -0.9985826956767619 0
    outer loop
      vertex 80.74799473956016 70.65488743408672 2
      vertex 80.74799473956016 70.65488743408672 82
      vertex 80.24956738847914 70.62832239571763 82
    endloop
  endfacet
  facet normal 0.10629348564736353 -0.9943348002101373 0
    outer loop
      vertex 81.2443018182849 70.70794220933743 2
      vertex 81.2443018182849 70.70794220933743 82
      vertex 80.74799473956016 70.65488743408672 82
    endloop
  endfacet
  facet normal 0.15906349601907174 -0.9872683547213446 0
    outer loop
      vertex 81.73708178831669 70.78733633194511 2
      vertex 81.73708178831669 70.78733633194511 82
      vertex 81.2443018182849 70.70794220933743 82
    endloop
  endfacet
  facet normal 0.21138262362963703 -0.9774033898178639 0
    outer loop
      vertex 82.2249378112917 70.89284475064335 2
      vertex 82.2249378112917 70.89284475064335 82
      vertex 81.73708178831669 70.78733633194511 82
    endloop
  endfacet
  facet normal 0.26310256422750294 -0.964767868814521 0
    outer loop
      vertex 82.70648700630895 71.0241683903562 2
      vertex 82.70648700630895 71.0241683903562 82
      vertex 82.2249378112917 70.89284475064335 82
    endloop
  endfacet
  facet normal 0.314076712021957 -0.9493976084683785 0
    outer loop
      vertex 83.18036436985653 71.18093499995906 2
      vertex 83.18036436985653 71.18093499995906 82
      vertex 82.70648700630895 71.0241683903562 82
    endloop
  endfacet
  facet normal 0.3641605752528299 -0.9313361774523353 0
    outer loop
      vertex 83.64522664506238 71.36270020746488 2
      vertex 83.64522664506238 71.36270020746488 82
      vertex 83.18036436985653 71.18093499995906 82
    endloop
  endfacet
  facet normal 0.4132121857683843 -0.9106347728549105 0
    outer loop
      vertex 84.09975612930177 71.56894877964483 2
      vertex 84.09975612930177 71.56894877964483 82
      vertex 83.64522664506238 71.36270020746488 82
    endloop
  endfacet
  facet normal 0.4610925014493062 -0.8873520750565818 0
    outer loop
      vertex 84.5426644093686 71.79909608251286 2
      vertex 84.5426644093686 71.79909608251286 82
      vertex 84.09975612930177 71.56894877964483 82
    endloop
  endfacet
  facet normal 0.5076658003388472 -0.8615540813938017 0
    outer loop
      vertex 84.97269601362258 72.05248973853433 2
      vertex 84.97269601362258 72.05248973853433 82
      vertex 84.5426644093686 71.79909608251286 82
    endloop
  endfacet
  facet normal 0.5528000653611996 -0.8333139190825108 0
    outer loop
      vertex 85.38863197076006 72.32841147586092 2
      vertex 85.38863197076006 72.32841147586092 82
      vertex 84.97269601362258 72.05248973853433 82
    endloop
  endfacet
  facet normal 0.5963673585384979 -0.8027116379309662 0
    outer loop
      vertex 85.78929326512055 72.62607916435023 2
      vertex 85.78929326512055 72.62607916435023 82
      vertex 85.38863197076006 72.32841147586092 82
    endloop
  endfacet
  facet normal 0.6382441836448118 -0.769833983429913 0
    outer loop
      vertex 86.17354417873474 72.9446490325987 2
      vertex 86.17354417873474 72.9446490325987 82
      vertex 85.78929326512055 72.62607916435023 82
    endloop
  endfacet
  facet normal 0.6783118362696178 -0.7347741508630657 0
    outer loop
      vertex 86.54029551064049 73.2832180597033 2
      vertex 86.54029551064049 73.2832180597033 82
      vertex 86.17354417873474 72.9446490325987 82
    endloop
  endfacet
  facet normal 0.7164567402983248 -0.6976315211349747 0
    outer loop
      vertex 86.88850766434125 73.64082653497235 2
      vertex 86.88850766434125 73.64082653497235 82
      vertex 86.54029551064049 73.2832180597033 82
    endloop
  endfacet
  facet normal 0.7525707698561354 -0.6585113790650421 0
    outer loop
      vertex 87.21719359465537 74.01646077832982 2
      vertex 87.21719359465537 74.01646077832982 82
      vertex 86.88850766434125 73.64082653497235 82
    endloop
  endfacet
  facet normal 0.7865515558026326 -0.6175246149462046 0
    outer loop
      vertex 87.52542160560279 74.40905601370154 2
      vertex 87.52542160560279 74.40905601370154 82
      vertex 87.21719359465537 74.01646077832982 82
    endloop
  endfacet
  facet normal 0.8183027759081798 -0.5747874102143915 0
    outer loop
      vertex 87.81231799139857 74.81749938723881 2
      vertex 87.81231799139857 74.81749938723881 82
      vertex 87.52542160560279 74.40905601370154 82
    endloop
  endfacet
  facet normal 0.8477344278896735 -0.5304209081197384 0
    outer loop
      vertex 87.81231799139857 74.81749938723881 2
      vertex 88 75.11745834012194 82
      vertex 87.81231799139857 74.81749938723881 82
    endloop
  endfacet
  facet normal 0 0 1
    outer loop
      vertex 71.26872333638433 76.58599460700479 82
      vertex 71.46279900448519 76.12613575842146 82
      vertex 71.26872333638433 83.41400539299521 82
    endloop
  endfacet
  facet normal 0 0 1
    outer loop
      vertex 71.68107429634465 75.67725779891256 82
      vertex 71.46279900448519 83.87386424157854 82
      vertex 71.46279900448519 76.12613575842146 82
    endloop
  endfacet
  facet normal 0 0 1
    outer loop
      vertex 72.18768200860143 74.81749938723881 82
      vertex 71.92293048693307 84.75936687817662 82
      vertex 71.92293048693307 75.24063312182338 82
    endloop
  endfacet
  facet normal 0 0 1
    outer loop
      vertex 71.68107429634465 75.67725779891256 82
      vertex 71.92293048693307 75.24063312182338 82
      vertex 71.68107429634465 84.32274220108744 82
    endloop
  endfacet
  facet normal 0 0 1
    outer loop
      vertex 72.47457839439721 74.40905601370154 82
      vertex 72.18768200860143 85.18250061276119 82
      vertex 72.18768200860143 74.81749938723881 82
    endloop
  endfacet
  facet normal 0 0 1
    outer loop
      vertex 72.47457839439721 74.40905601370154 82
      vertex 72.78280640534463 74.01646077832982 82
      vertex 72.47457839439721 85.59094398629846 82
    endloop
  endfacet
  facet normal 0 0 1
    outer loop
      vertex 73.11149233565874 73.64082653497235 82
      vertex 72.78280640534463 85.98353922167018 82
      vertex 72.78280640534463 74.01646077832982 82
    endloop
  endfacet
  facet normal 0 0 1
    outer loop
      vertex 73.11149233565874 73.64082653497235 82
      vertex 73.45970448935952 73.2832180597033 82
      vertex 73.11149233565874 86.35917346502765 82
    endloop
  endfacet
  facet normal 0 0 1
    outer loop
      vertex 73.82645582126527 72.9446490325987 82
      vertex 73.45970448935952 86.7167819402967 82
      vertex 73.45970448935952 73.2832180597033 82
    endloop
  endfacet
  facet normal 0 0 1
    outer loop
      vertex 73.82645582126527 72.9446490325987 82
      vertex 74.21070673487945 72.62607916435023 82
      vertex 73.82645582126527 87.0553509674013 82
    endloop
  endfacet
  facet normal 0 0 1
    outer loop
      vertex 74.21070673487945 72.62607916435023 82
      vertex 74.61136802923994 72.32841147586092 82
      vertex 74.21070673487945 87.37392083564977 82
    endloop
  endfacet
  facet normal 0 0 1
    outer loop
      vertex 75.02730398637742 72.05248973853433 82
      vertex 75.4573355906314 71.79909608251286 82
      vertex 75.02730398637742 87.94751026146567 82
    endloop
  endfacet
  facet normal 0 0 1
    outer loop
      vertex 75.90024387069823 71.56894877964481 82
      vertex 75.11638374797523 88 82
      vertex 75.4573355906314 71.79909608251286 82
    endloop
  endfacet
  facet normal 0 0 1
    outer loop
      vertex 75.90024387069823 71.56894877964481 82
      vertex 76.35477335493762 71.36270020746488 82
      vertex 75.11638374797523 88 82
    endloop
  endfacet
  facet normal 0 0 1
    outer loop
      vertex 74.61136802923994 72.32841147586092 82
      vertex 75.02730398637742 72.05248973853433 82
      vertex 74.61136802923994 87.67158852413908 82
    endloop
  endfacet
  facet normal 0 0 1
    outer loop
      vertex 77.7750621887083 70.89284475064335 82
      vertex 78.26291821168331 70.78733633194511 82
      vertex 78 80 82
    endloop
  endfacet
  facet normal 0 0 1
    outer loop
      vertex 78.26291821168331 70.78733633194511 82
      vertex 78.7556981817151 70.70794220933743 82
      vertex 78.5029785036578 78.67375468351841 82
    endloop
  endfacet
  facet normal 0 0 1
    outer loop
      vertex 76.35477335493762 71.36270020746488 82
      vertex 76.81963563014347 71.18093499995906 82
      vertex 75.11638374797523 88 82
    endloop
  endfacet
  facet normal 0 0 1
    outer loop
      vertex 76.81963563014347 71.18093499995906 82
      vertex 77.29351299369105 71.0241683903562 82
      vertex 75.11638374797523 88 82
    endloop
  endfacet
  facet normal 0 0 1
    outer loop
      vertex 77.29351299369105 71.0241683903562 82
      vertex 77.7750621887083 70.89284475064335 82
      vertex 75.11638374797523 88 82
    endloop
  endfacet
  facet normal 0 0 1
    outer loop
      vertex 78.26291821168331 70.78733633194511 82
      vertex 78.5029785036578 78.67375468351841 82
      vertex 78.22908794869358 79.07055365591246 82
    endloop
  endfacet
  facet normal 0 0 1
    outer loop
      vertex 78.26291821168331 70.78733633194511 82
      vertex 78.22908794869358 79.07055365591246 82
      vertex 78.0581163651479 79.52136867142488 82
    endloop
  endfacet
  facet normal 0 0 1
    outer loop
      vertex 78.26291821168331 70.78733633194511 82
      vertex 78.0581163651479 79.52136867142488 82
      vertex 78 80 82
    endloop
  endfacet
  facet normal 0 0 1
    outer loop
      vertex 71.09939742060892 77.05553082479423 82
      vertex 70.9553012298639 82.46658653963301 82
      vertex 70.9553012298639 77.53341346036699 82
    endloop
  endfacet
  facet normal 0 0 1
    outer loop
      vertex 70.8368432204575 78.01828790347227 82
      vertex 70.7443591744874 81.4912202751788 82
      vertex 70.7443591744874 78.5087797248212 82
    endloop
  endfacet
  facet normal 0 0 1
    outer loop
      vertex 70.9553012298639 77.53341346036699 82
      vertex 70.8368432204575 81.98171209652773 82
      vertex 70.8368432204575 78.01828790347227 82
    endloop
  endfacet
  facet normal 0 0 1
    outer loop
      vertex 70.67811124802996 79.00349857205595 82
      vertex 70.63828722803035 80.49895788914543 82
      vertex 70.63828722803035 79.50104211085457 82
    endloop
  endfacet
  facet normal 0 0 1
    outer loop
      vertex 70.63828722803035 79.50104211085457 82
      vertex 70.63828722803035 80.49895788914543 82
      vertex 70.625 80 82
    endloop
  endfacet
  facet normal 0 0 1
    outer loop
      vertex 70.7443591744874 78.5087797248212 82
      vertex 70.67811124802996 80.99650142794405 82
      vertex 70.67811124802996 79.00349857205595 82
    endloop
  endfacet
  facet normal 0 0 1
    outer loop
      vertex 71.26872333638433 76.58599460700479 82
      vertex 71.09939742060892 82.94446917520577 82
      vertex 71.09939742060892 77.05553082479423 82
    endloop
  endfacet
  facet normal 0 0 1
    outer loop
      vertex 70.67811124802996 79.00349857205595 82
      vertex 70.67811124802996 80.99650142794405 82
      vertex 70.63828722803035 80.49895788914543 82
    endloop
  endfacet
  facet normal 0 0 1
    outer loop
      vertex 70.7443591744874 78.5087797248212 82
      vertex 70.7443591744874 81.4912202751788 82
      vertex 70.67811124802996 80.99650142794405 82
    endloop
  endfacet
  facet normal 0 0 1
    outer loop
      vertex 70.8368432204575 78.01828790347227 82
      vertex 70.8368432204575 81.98171209652773 82
      vertex 70.7443591744874 81.4912202751788 82
    endloop
  endfacet
  facet normal 0 0 1
    outer loop
      vertex 70.9553012298639 77.53341346036699 82
      vertex 70.9553012298639 82.46658653963301 82
      vertex 70.8368432204575 81.98171209652773 82
    endloop
  endfacet
  facet normal 0 0 1
    outer loop
      vertex 71.09939742060892 77.05553082479423 82
      vertex 71.09939742060892 82.94446917520577 82
      vertex 70.9553012298639 82.46658653963301 82
    endloop
  endfacet
  facet normal 0 0 1
    outer loop
      vertex 71.26872333638433 76.58599460700479 82
      vertex 71.26872333638433 83.41400539299521 82
      vertex 71.09939742060892 82.94446917520577 82
    endloop
  endfacet
  facet normal 0 0 1
    outer loop
      vertex 71.46279900448519 76.12613575842146 82
      vertex 71.46279900448519 83.87386424157854 82
      vertex 71.26872333638433 83.41400539299521 82
    endloop
  endfacet
  facet normal 0 0 1
    outer loop
      vertex 71.68107429634465 75.67725779891256 82
      vertex 71.68107429634465 84.32274220108744 82
      vertex 71.46279900448519 83.87386424157854 82
    endloop
  endfacet
  facet normal 0 0 1
    outer loop
      vertex 71.92293048693307 75.24063312182338 82
      vertex 71.92293048693307 84.75936687817662 82
      vertex 71.68107429634465 84.32274220108744 82
    endloop
  endfacet
  facet normal 0 0 1
    outer loop
      vertex 72.18768200860143 74.81749938723881 82
      vertex 72.18768200860143 85.18250061276119 82
      vertex 71.92293048693307 84.75936687817662 82
    endloop
  endfacet
  facet normal 0 0 1
    outer loop
      vertex 72.47457839439721 74.40905601370154 82
      vertex 72.47457839439721 85.59094398629846 82
      vertex 72.18768200860143 85.18250061276119 82
    endloop
  endfacet
  facet normal 0 0 1
    outer loop
      vertex 72.78280640534463 74.01646077832982 82
      vertex 72.78280640534463 85.98353922167018 82
      vertex 72.47457839439721 85.59094398629846 82
    endloop
  endfacet
  facet normal 0 0 1
    outer loop
      vertex 73.11149233565874 73.64082653497235 82
      vertex 73.11149233565874 86.35917346502765 82
      vertex 72.78280640534463 85.98353922167018 82
    endloop
  endfacet
  facet normal 0 0 1
    outer loop
      vertex 73.45970448935952 73.2832180597033 82
      vertex 73.45970448935952 86.7167819402967 82
      vertex 73.11149233565874 86.35917346502765 82
    endloop
  endfacet
  facet normal 0 0 1
    outer loop
      vertex 73.82645582126527 72.9446490325987 82
      vertex 73.82645582126527 87.0553509674013 82
      vertex 73.45970448935952 86.7167819402967 82
    endloop
  endfacet
  facet normal 0 0 1
    outer loop
      vertex 74.21070673487945 72.62607916435023 82
      vertex 74.21070673487945 87.37392083564977 82
      vertex 73.82645582126527 87.0553509674013 82
    endloop
  endfacet
  facet normal 0 0 1
    outer loop
      vertex 74.61136802923994 72.32841147586092 82
      vertex 74.61136802923994 87.67158852413908 82
      vertex 74.21070673487945 87.37392083564977 82
    endloop
  endfacet
  facet normal 0 0 1
    outer loop
      vertex 75.02730398637742 72.05248973853433 82
      vertex 75.02730398637742 87.94751026146567 82
      vertex 74.61136802923994 87.67158852413908 82
    endloop
  endfacet
  facet normal 0 0 1
    outer loop
      vertex 75.4573355906314 71.79909608251286 82
      vertex 75.11638374797523 88 82
      vertex 75.02730398637742 87.94751026146567 82
    endloop
  endfacet
  facet normal 0 0 1
    outer loop
      vertex 77.7750621887083 70.89284475064335 82
      vertex 78 80 82
      vertex 77.80454568738271 88 82
    endloop
  endfacet
  facet normal 0 0 1
    outer loop
      vertex 77.7750621887083 70.89284475064335 82
      vertex 77.80454568738271 88 82
      vertex 75.11638374797523 88 82
    endloop
  endfacet
  facet normal 0 0 1
    outer loop
      vertex 77.80454568738271 88 82
      vertex 78 80 82
      vertex 78.0581163651479 80.47863132857512 82
    endloop
  endfacet
  facet normal 0 0 1
    outer loop
      vertex 77.80454568738271 88 82
      vertex 78.0581163651479 80.47863132857512 82
      vertex 78.22908794869358 80.92944634408754 82
    endloop
  endfacet
  facet normal 0 0 1
    outer loop
      vertex 77.80454568738271 88 82
      vertex 78.22908794869358 80.92944634408754 82
      vertex 78.5029785036578 81.32624531648159 82
    endloop
  endfacet
  facet normal 0 0 1
    outer loop
      vertex 78.2629182116833 88.26750142630179 82
      vertex 78.5029785036578 81.32624531648159 82
      vertex 78.8638705065377 81.64596773178731 82
    endloop
  endfacet
  facet normal 0 0 1
    outer loop
      vertex 77.80454568738271 88 82
      vertex 78.5029785036578 81.32624531648159 82
      vertex 78.2629182116833 88.26750142630179 82
    endloop
  endfacet
  facet normal 0 0 1
    outer loop
      vertex 79.75043261152086 70.62832239571763 82
      vertex 80.24956738847914 70.62832239571763 82
      vertex 79.75892663948936 78.01458225180389 82
    endloop
  endfacet
  facet normal 0 0 1
    outer loop
      vertex 80.24956738847914 70.62832239571763 82
      vertex 80.74799473956016 70.65488743408672 82
      vertex 80.24107336051064 78.01458225180389 82
    endloop
  endfacet
  facet normal 0 0 1
    outer loop
      vertex 78.7556981817151 70.70794220933743 82
      vertex 79.25200526043984 70.65488743408672 82
      vertex 78.5029785036578 78.67375468351841 82
    endloop
  endfacet
  facet normal 0 0 1
    outer loop
      vertex 79.25200526043984 70.65488743408672 82
      vertex 79.75043261152086 70.62832239571763 82
      vertex 78.8638705065377 78.35403226821269 82
    endloop
  endfacet
  facet normal 0 0 1
    outer loop
      vertex 79.25200526043984 70.65488743408672 82
      vertex 78.8638705065377 78.35403226821269 82
      vertex 78.5029785036578 78.67375468351841 82
    endloop
  endfacet
  facet normal 0 0 1
    outer loop
      vertex 79.75043261152086 70.62832239571763 82
      vertex 79.29079022591493 78.12996751462917 82
      vertex 78.8638705065377 78.35403226821269 82
    endloop
  endfacet
  facet normal 0 0 1
    outer loop
      vertex 79.75043261152086 70.62832239571763 82
      vertex 79.75892663948936 78.01458225180389 82
      vertex 79.29079022591493 78.12996751462917 82
    endloop
  endfacet
  facet normal 0 0 1
    outer loop
      vertex 80.24956738847914 70.62832239571763 82
      vertex 80.24107336051064 78.01458225180389 82
      vertex 79.75892663948936 78.01458225180389 82
    endloop
  endfacet
  facet normal 0 0 1
    outer loop
      vertex 80.74799473956016 70.65488743408672 82
      vertex 81.2443018182849 70.70794220933743 82
      vertex 80.70920977408507 78.12996751462917 82
    endloop
  endfacet
  facet normal 0 0 1
    outer loop
      vertex 81.2443018182849 70.70794220933743 82
      vertex 81.73708178831669 70.78733633194511 82
      vertex 81.1361294934623 78.35403226821269 82
    endloop
  endfacet
  facet normal 0 0 1
    outer loop
      vertex 80.74799473956016 70.65488743408672 82
      vertex 80.70920977408507 78.12996751462917 82
      vertex 80.24107336051064 78.01458225180389 82
    endloop
  endfacet
  facet normal 0 0 1
    outer loop
      vertex 81.2443018182849 70.70794220933743 82
      vertex 81.1361294934623 78.35403226821269 82
      vertex 80.70920977408507 78.12996751462917 82
    endloop
  endfacet
  facet normal 0 0 1
    outer loop
      vertex 81.73708178831669 70.78733633194511 82
      vertex 81.4970214963422 78.67375468351841 82
      vertex 81.1361294934623 78.35403226821269 82
    endloop
  endfacet
  facet normal 0 0 1
    outer loop
      vertex 81.73708178831669 70.78733633194511 82
      vertex 82.2249378112917 70.89284475064335 82
      vertex 81.4970214963422 78.67375468351841 82
    endloop
  endfacet
  facet normal 0 0 1
    outer loop
      vertex 82.2249378112917 70.89284475064335 82
      vertex 81.77091205130642 79.07055365591246 82
      vertex 81.4970214963422 78.67375468351841 82
    endloop
  endfacet
  facet normal 0 0 1
    outer loop
      vertex 82.2249378112917 70.89284475064335 82
      vertex 81.9418836348521 79.52136867142488 82
      vertex 81.77091205130642 79.07055365591246 82
    endloop
  endfacet
  facet normal 0 0 1
    outer loop
      vertex 82.2249378112917 70.89284475064335 82
      vertex 82 80 82
      vertex 81.9418836348521 79.52136867142488 82
    endloop
  endfacet
  facet normal 0 0 1
    outer loop
      vertex 82.2249378112917 70.89284475064335 82
      vertex 82.70648700630895 71.0241683903562 82
      vertex 82.2249378112917 87.05736997289833 82
    endloop
  endfacet
  facet normal 0 0 1
    outer loop
      vertex 82.70648700630895 71.0241683903562 82
      vertex 83.18036436985653 71.18093499995906 82
      vertex 82.70648700630895 86.81603009420438 82
    endloop
  endfacet
  facet normal 0 0 1
    outer loop
      vertex 83.18036436985653 71.18093499995906 82
      vertex 83.64522664506238 71.36270020746488 82
      vertex 83.18036436985653 86.54564048341192 82
    endloop
  endfacet
  facet normal 0 0 1
    outer loop
      vertex 83.64522664506238 71.36270020746488 82
      vertex 84.09975612930177 71.56894877964483 82
      vertex 83.64522664506238 86.24570806140831 82
    endloop
  endfacet
  facet normal 0 0 1
    outer loop
      vertex 84.09975612930177 71.56894877964483 82
      vertex 84.5426644093686 71.79909608251286 82
      vertex 84.09975612930177 85.91564718876259 82
    endloop
  endfacet
  facet normal 0 0 1
    outer loop
      vertex 84.5426644093686 71.79909608251286 82
      vertex 84.97269601362258 72.05248973853433 82
      vertex 84.5426644093686 85.5547271788277 82
    endloop
  endfacet
  facet normal 0 0 1
    outer loop
      vertex 84.97269601362258 72.05248973853433 82
      vertex 85.38863197076006 72.32841147586092 82
      vertex 84.97269601362258 85.2147364107023 82
    endloop
  endfacet
  facet normal 0 0 1
    outer loop
      vertex 85.38863197076006 72.32841147586092 82
      vertex 85.78929326512055 72.62607916435023 82
      vertex 85.38863197076006 87.1505114553356 82
    endloop
  endfacet
  facet normal 0 0 1
    outer loop
      vertex 86.54029551064049 73.2832180597033 82
      vertex 86.88850766434125 73.64082653497235 82
      vertex 86.54029551064048 83.67212191520284 82
    endloop
  endfacet
  facet normal 0 0 1
    outer loop
      vertex 85.78929326512055 72.62607916435023 82
      vertex 86.17354417873474 72.9446490325987 82
      vertex 85.78929326512055 87.1902247755262 82
    endloop
  endfacet
  facet normal 0 0 1
    outer loop
      vertex 86.17354417873474 72.9446490325987 82
      vertex 86.54029551064049 73.2832180597033 82
      vertex 86.17354417873474 86.98430286701006 82
    endloop
  endfacet
  facet normal 0 0 1
    outer loop
      vertex 86.88850766434125 73.64082653497235 82
      vertex 87.21719359465537 74.01646077832982 82
      vertex 86.88850766434126 85.15052947058903 82
    endloop
  endfacet
  facet normal 0 0 1
    outer loop
      vertex 87.21719359465537 74.01646077832982 82
      vertex 87.52542160560279 74.40905601370154 82
      vertex 87.21719359465537 82.01722290762014 82
    endloop
  endfacet
  facet normal 0 0 1
    outer loop
      vertex 87.52542160560279 74.40905601370154 82
      vertex 87.81231799139857 74.81749938723881 82
      vertex 87.52542160560279 81.70965922914645 82
    endloop
  endfacet
  facet normal 0 0 1
    outer loop
      vertex 87.81231799139857 74.81749938723881 82
      vertex 88 75.11745834012194 82
      vertex 87.99937700366986 78.15811827392648 82
    endloop
  endfacet
  facet normal 0 0 1
    outer loop
      vertex 88 75.11745834012194 82
      vertex 88.0356500648657 75.17443533118794 82
      vertex 87.99937700366986 78.15811827392648 82
    endloop
  endfacet
  facet normal 0 0 1
    outer loop
      vertex 87.81231799139857 74.81749938723881 82
      vertex 87.99937700366986 78.15811827392648 82
      vertex 87.81231799139857 80.36327892047355 82
    endloop
  endfacet
  facet normal 0 0 1
    outer loop
      vertex 78.2629182116833 88.26750142630179 82
      vertex 78.8638705065377 81.64596773178731 82
      vertex 79.29079022591493 81.87003248537083 82
    endloop
  endfacet
  facet normal 0 0 1
    outer loop
      vertex 78.2629182116833 88.26750142630179 82
      vertex 79.29079022591493 81.87003248537083 82
      vertex 79.75892663948936 81.98541774819611 82
    endloop
  endfacet
  facet normal 0 0 1
    outer loop
      vertex 80.24956738847914 87.74084637460741 82
      vertex 80.24107336051064 81.98541774819611 82
      vertex 80.70920977408507 81.87003248537083 82
    endloop
  endfacet
  facet normal 0 0 1
    outer loop
      vertex 81.2443018182849 87.45463954359356 82
      vertex 81.1361294934623 81.64596773178731 82
      vertex 81.4970214963422 81.32624531648159 82
    endloop
  endfacet
  facet normal 0 0 1
    outer loop
      vertex 80.74799473956016 87.61140763704653 82
      vertex 80.70920977408507 81.87003248537083 82
      vertex 81.1361294934623 81.64596773178731 82
    endloop
  endfacet
  facet normal 0 0 1
    outer loop
      vertex 82.2249378112917 70.89284475064335 82
      vertex 82.2249378112917 87.05736997289833 82
      vertex 82 80 82
    endloop
  endfacet
  facet normal 0 0 1
    outer loop
      vertex 83.18036436985653 71.18093499995906 82
      vertex 83.18036436985653 86.54564048341192 82
      vertex 82.76484878856269 86.78424796153008 82
    endloop
  endfacet
  facet normal 0 0 1
    outer loop
      vertex 83.64522664506238 71.36270020746488 82
      vertex 83.2419070695162 86.50803252251096 82
      vertex 83.18036436985653 86.54564048341192 82
    endloop
  endfacet
  facet normal 0 0 1
    outer loop
      vertex 83.64522664506238 71.36270020746488 82
      vertex 83.64522664506238 86.24570806140831 82
      vertex 83.2419070695162 86.50803252251096 82
    endloop
  endfacet
  facet normal 0 0 1
    outer loop
      vertex 84.09975612930177 71.56894877964483 82
      vertex 83.71009233570746 86.20148338234895 82
      vertex 83.64522664506238 86.24570806140831 82
    endloop
  endfacet
  facet normal 0 0 1
    outer loop
      vertex 84.09975612930177 71.56894877964483 82
      vertex 84.09975612930177 85.91564718876259 82
      vertex 83.71009233570746 86.20148338234895 82
    endloop
  endfacet
  facet normal 0 0 1
    outer loop
      vertex 84.5426644093686 71.79909608251286 82
      vertex 84.16812023543494 85.86386339068996 82
      vertex 84.09975612930177 85.91564718876259 82
    endloop
  endfacet
  facet normal 0 0 1
    outer loop
      vertex 81.78939945853945 87.24804665089279 82
      vertex 81.9418836348521 80.47863132857512 82
      vertex 82 80 82
    endloop
  endfacet
  facet normal 0 0 1
    outer loop
      vertex 81.7370817883167 87.27010039825247 82
      vertex 81.77091205130642 80.92944634408754 82
      vertex 81.9418836348521 80.47863132857512 82
    endloop
  endfacet
  facet normal 0 0 1
    outer loop
      vertex 82.70648700630895 71.0241683903562 82
      vertex 82.28023262672988 87.03074139323165 82
      vertex 82.2249378112917 87.05736997289833 82
    endloop
  endfacet
  facet normal 0 0 1
    outer loop
      vertex 82.70648700630895 71.0241683903562 82
      vertex 82.70648700630895 86.81603009420438 82
      vertex 82.28023262672988 87.03074139323165 82
    endloop
  endfacet
  facet normal 0 0 1
    outer loop
      vertex 83.18036436985653 71.18093499995906 82
      vertex 82.76484878856269 86.78424796153008 82
      vertex 82.70648700630895 86.81603009420438 82
    endloop
  endfacet
  facet normal 0 0 1
    outer loop
      vertex 81.7370817883167 87.27010039825247 82
      vertex 81.4970214963422 81.32624531648159 82
      vertex 81.77091205130642 80.92944634408754 82
    endloop
  endfacet
  facet normal 0 0 1
    outer loop
      vertex 79.75043261152086 89.3295729367471 82
      vertex 79.75892663948936 81.98541774819611 82
      vertex 80.24107336051064 81.98541774819611 82
    endloop
  endfacet
  facet normal 0 0 1
    outer loop
      vertex 78.2629182116833 88.26750142630179 82
      vertex 79.75892663948936 81.98541774819611 82
      vertex 79.34729497980341 89.35019129011569 82
    endloop
  endfacet
  facet normal 0 0 1
    outer loop
      vertex 79.75043261152086 89.3295729367471 82
      vertex 80.24107336051064 81.98541774819611 82
      vertex 80.24956738847914 87.74084637460741 82
    endloop
  endfacet
  facet normal 0 0 1
    outer loop
      vertex 79.34729497980341 89.35019129011569 82
      vertex 79.75892663948936 81.98541774819611 82
      vertex 79.60198632764893 89.3637657567117 82
    endloop
  endfacet
  facet normal 0 0 1
    outer loop
      vertex 79.60198632764893 89.3637657567117 82
      vertex 79.75892663948936 81.98541774819611 82
      vertex 79.75043261152086 89.3295729367471 82
    endloop
  endfacet
  facet normal 0 0 1
    outer loop
      vertex 80.29329285145843 87.7297125036449 82
      vertex 80.24956738847914 87.74084637460741 82
      vertex 80.70920977408507 81.87003248537083 82
    endloop
  endfacet
  facet normal 0 0 1
    outer loop
      vertex 80.29329285145843 87.7297125036449 82
      vertex 80.70920977408507 81.87003248537083 82
      vertex 80.74799473956016 87.61140763704653 82
    endloop
  endfacet
  facet normal 0 0 1
    outer loop
      vertex 80.79454561108795 87.59704859483324 82
      vertex 80.74799473956016 87.61140763704653 82
      vertex 81.1361294934623 81.64596773178731 82
    endloop
  endfacet
  facet normal 0 0 1
    outer loop
      vertex 80.79454561108795 87.59704859483324 82
      vertex 81.1361294934623 81.64596773178731 82
      vertex 81.2443018182849 87.45463954359356 82
    endloop
  endfacet
  facet normal 0 0 1
    outer loop
      vertex 81.2937110904814 87.43665603921728 82
      vertex 81.2443018182849 87.45463954359356 82
      vertex 81.4970214963422 81.32624531648159 82
    endloop
  endfacet
  facet normal 0 0 1
    outer loop
      vertex 81.2937110904814 87.43665603921728 82
      vertex 81.4970214963422 81.32624531648159 82
      vertex 81.7370817883167 87.27010039825247 82
    endloop
  endfacet
  facet normal 0 0 1
    outer loop
      vertex 79.75043261152086 89.3295729367471 82
      vertex 80.24956738847914 87.74084637460741 82
      vertex 79.76586372969072 89.37167760428237 82
    endloop
  endfacet
  facet normal 0 0 1
    outer loop
      vertex 79.76586372969072 89.37167760428237 82
      vertex 80.24956738847914 87.74084637460741 82
      vertex 80.23340338770602 89.37167760428237 82
    endloop
  endfacet
  facet normal 0 0 1
    outer loop
      vertex 80.29329285145843 87.7297125036449 82
      vertex 80.74799473956016 87.61140763704653 82
      vertex 80.72819564357107 89.34616781246723 82
    endloop
  endfacet
  facet normal 0 0 1
    outer loop
      vertex 80.79454561108795 87.59704859483324 82
      vertex 81.2443018182849 87.45463954359356 82
      vertex 81.22013426766514 89.29464127983984 82
    endloop
  endfacet
  facet normal 0 0 1
    outer loop
      vertex 80.29329285145843 87.7297125036449 82
      vertex 80.72819564357107 89.34616781246723 82
      vertex 80.36243456395964 89.36566204185236 82
    endloop
  endfacet
  facet normal 0 0 1
    outer loop
      vertex 80.79454561108795 87.59704859483324 82
      vertex 81.22013426766514 89.29464127983984 82
      vertex 80.85061736180934 89.33414230094536 82
    endloop
  endfacet
  facet normal 0 0 1
    outer loop
      vertex 81.2937110904814 87.43665603921728 82
      vertex 81.70806962780712 89.21733795509716 82
      vertex 81.33644091264573 89.27721282333532 82
    endloop
  endfacet
  facet normal 0 0 1
    outer loop
      vertex 81.7370817883167 87.27010039825247 82
      vertex 81.9418836348521 80.47863132857512 82
      vertex 81.78939945853945 87.24804665089279 82
    endloop
  endfacet
  facet normal 0 0 1
    outer loop
      vertex 82.2249378112917 87.05736997289833 82
      vertex 81.78939945853945 87.24804665089279 82
      vertex 82 80 82
    endloop
  endfacet
  facet normal 0 0 1
    outer loop
      vertex 83.64522664506238 86.24570806140831 82
      vertex 83.5964039298455 88.65638990037074 82
      vertex 83.2419070695162 86.50803252251096 82
    endloop
  endfacet
  facet normal 0 0 1
    outer loop
      vertex 83.71009233570746 86.20148338234895 82
      vertex 84.09975612930177 85.91564718876259 82
      vertex 84.0467844313149 88.45508780643941 82
    endloop
  endfacet
  facet normal 0 0 1
    outer loop
      vertex 82.2249378112917 87.05736997289833 82
      vertex 82.19083697943132 89.11453022204623 82
      vertex 81.78939945853945 87.24804665089279 82
    endloop
  endfacet
  facet normal 0 0 1
    outer loop
      vertex 81.2937110904814 87.43665603921728 82
      vertex 81.7370817883167 87.27010039825247 82
      vertex 81.70806962780712 89.21733795509716 82
    endloop
  endfacet
  facet normal 0 0 1
    outer loop
      vertex 81.78939945853945 87.24804665089279 82
      vertex 82.19083697943132 89.11453022204623 82
      vertex 81.81867984375458 89.19501649062413 82
    endloop
  endfacet
  facet normal 0 0 1
    outer loop
      vertex 82.28023262672988 87.03074139323165 82
      vertex 82.70648700630895 86.81603009420438 82
      vertex 82.66726387904802 88.98652817789919 82
    endloop
  endfacet
  facet normal 0 0 1
    outer loop
      vertex 82.28023262672988 87.03074139323165 82
      vertex 82.66726387904802 88.98652817789919 82
      vertex 82.29610765318512 89.0877464687545 82
    endloop
  endfacet
  facet normal 0 0 1
    outer loop
      vertex 82.76484878856269 86.78424796153008 82
      vertex 83.136176320875 88.83368315055131 82
      vertex 82.76750080169921 88.95564721895941 82
    endloop
  endfacet
  facet normal 0 0 1
    outer loop
      vertex 82.76484878856269 86.78424796153008 82
      vertex 83.18036436985653 86.54564048341192 82
      vertex 83.136176320875 88.83368315055131 82
    endloop
  endfacet
  facet normal 0 0 1
    outer loop
      vertex 83.2419070695162 86.50803252251096 82
      vertex 83.5964039298455 88.65638990037074 82
      vertex 83.23164238530562 88.79901484838159 82
    endloop
  endfacet
  facet normal 0 0 1
    outer loop
      vertex 83.71009233570746 86.20148338234895 82
      vertex 84.0467844313149 88.45508780643941 82
      vertex 83.6873254638633 88.61819691457181 82
    endloop
  endfacet
  facet normal 0 0 1
    outer loop
      vertex 84.16812023543494 85.86386339068996 82
      vertex 84.48616754264506 88.23026124062174 82
      vertex 84.1333560904111 88.41359175803802 82
    endloop
  endfacet
  facet normal 0 0 1
    outer loop
      vertex 84.5426644093686 71.79909608251286 82
      vertex 84.5426644093686 85.5547271788277 82
      vertex 84.16812023543494 85.86386339068996 82
    endloop
  endfacet
  facet normal 0 0 1
    outer loop
      vertex 84.97269601362258 72.05248973853433 82
      vertex 84.61139262992684 85.62004297522628 82
      vertex 84.5426644093686 85.5547271788277 82
    endloop
  endfacet
  facet normal 0 0 1
    outer loop
      vertex 84.97269601362258 72.05248973853433 82
      vertex 84.97269601362258 85.2147364107023 82
      vertex 84.61139262992684 85.62004297522628 82
    endloop
  endfacet
  facet normal 0 0 1
    outer loop
      vertex 86.54029551064049 73.2832180597033 82
      vertex 86.54029551064048 83.67212191520284 82
      vertex 86.17354417873474 86.98430286701006 82
    endloop
  endfacet
  facet normal 0 0 1
    outer loop
      vertex 86.88850766434125 73.64082653497235 82
      vertex 86.88850766434126 85.15052947058903 82
      vertex 86.54029551064048 83.67212191520284 82
    endloop
  endfacet
  facet normal 0 0 1
    outer loop
      vertex 87.21719359465537 74.01646077832982 82
      vertex 87.21719359465537 82.01722290762014 82
      vertex 86.88850766434126 85.15052947058903 82
    endloop
  endfacet
  facet normal 0 0 1
    outer loop
      vertex 85.38863197076006 72.32841147586092 82
      vertex 84.98907435920354 87.3324756793768 82
      vertex 84.97269601362258 85.2147364107023 82
    endloop
  endfacet
  facet normal 0 0 1
    outer loop
      vertex 85.38863197076006 72.32841147586092 82
      vertex 85.38863197076006 87.1505114553356 82
      vertex 84.98907435920354 87.3324756793768 82
    endloop
  endfacet
  facet normal 0 0 1
    outer loop
      vertex 85.78929326512055 72.62607916435023 82
      vertex 85.78929326512055 87.1902247755262 82
      vertex 85.38863197076006 87.1505114553356 82
    endloop
  endfacet
  facet normal 0 0 1
    outer loop
      vertex 86.17354417873474 72.9446490325987 82
      vertex 86.17354417873474 86.98430286701006 82
      vertex 85.78929326512055 87.1902247755262 82
    endloop
  endfacet
  facet normal 0 0 1
    outer loop
      vertex 87.52542160560279 74.40905601370154 82
      vertex 87.52542160560279 81.70965922914645 82
      vertex 87.21719359465537 82.01722290762014 82
    endloop
  endfacet
  facet normal 0 0 1
    outer loop
      vertex 87.81231799139857 74.81749938723881 82
      vertex 87.81231799139857 80.36327892047355 82
      vertex 87.5941137726279 83.01143691519448 82
    endloop
  endfacet
  facet normal 0 0 1
    outer loop
      vertex 87.81231799139857 74.81749938723881 82
      vertex 87.5941137726279 83.01143691519448 82
      vertex 87.52542160560279 81.70965922914645 82
    endloop
  endfacet
  facet normal 0 0 1
    outer loop
      vertex 88.07706951306693 77.2090972810681 82
      vertex 87.94007098765778 84.97832198492598 82
      vertex 87.99937700366986 78.15811827392648 82
    endloop
  endfacet
  facet normal 0 0 1
    outer loop
      vertex 87.99937700366986 78.15811827392648 82
      vertex 87.94007098765778 84.97832198492598 82
      vertex 87.81231799139857 80.36327892047355 82
    endloop
  endfacet
  facet normal 0 0 1
    outer loop
      vertex 87.81231799139857 80.36327892047355 82
      vertex 87.68157555123246 85.36863360700515 82
      vertex 87.5941137726279 83.01143691519448 82
    endloop
  endfacet
  facet normal 0 0 1
    outer loop
      vertex 88.07706951306693 77.2090972810681 82
      vertex 87.9830280644791 84.90966671062311 82
      vertex 87.94007098765778 84.97832198492598 82
    endloop
  endfacet
  facet normal 0 0 1
    outer loop
      vertex 87.52542160560279 81.70965922914645 82
      vertex 87.36689359908262 85.79286379183948 82
      vertex 87.21719359465537 82.01722290762014 82
    endloop
  endfacet
  facet normal 0 0 1
    outer loop
      vertex 84.61139262992684 85.62004297522628 82
      vertex 84.97269601362258 85.2147364107023 82
      vertex 84.64198192349036 88.14238164200476 82
    endloop
  endfacet
  facet normal 0 0 1
    outer loop
      vertex 84.16812023543494 85.86386339068996 82
      vertex 84.5426644093686 85.5547271788277 82
      vertex 84.48616754264506 88.23026124062174 82
    endloop
  endfacet
  facet normal 0 0 1
    outer loop
      vertex 87.21719359465537 82.01722290762014 82
      vertex 87.02152569319763 86.20715562059296 82
      vertex 86.88850766434126 85.15052947058903 82
    endloop
  endfacet
  facet normal 0 0 1
    outer loop
      vertex 86.54029551064048 83.67212191520284 82
      vertex 86.88850766434126 85.15052947058903 82
      vertex 86.64493430524102 86.6093195229359 82
    endloop
  endfacet
  facet normal 0 0 1
    outer loop
      vertex 86.54029551064048 83.67212191520284 82
      vertex 86.64493430524102 86.6093195229359 82
      vertex 86.59744990049688 86.65808526933257 82
    endloop
  endfacet
  facet normal 0 0 1
    outer loop
      vertex 86.54029551064048 83.67212191520284 82
      vertex 86.17816745499682 87.05108295796299 82
      vertex 86.17354417873474 86.98430286701006 82
    endloop
  endfacet
  facet normal 0 0 1
    outer loop
      vertex 86.54029551064048 83.67212191520284 82
      vertex 86.28759310273648 86.95006591488098 82
      vertex 86.17816745499682 87.05108295796299 82
    endloop
  endfacet
  facet normal 0 0 1
    outer loop
      vertex 86.17354417873474 86.98430286701006 82
      vertex 85.85999601467034 87.3153034978352 82
      vertex 85.78929326512055 87.1902247755262 82
    endloop
  endfacet
  facet normal 0 0 1
    outer loop
      vertex 86.88850766434126 85.15052947058903 82
      vertex 87.02152569319763 86.20715562059296 82
      vertex 86.94056582248056 86.29967950730166 82
    endloop
  endfacet
  facet normal 0 0 1
    outer loop
      vertex 84.61139262992684 85.62004297522628 82
      vertex 84.64198192349036 88.14238164200476 82
      vertex 84.56855606375996 88.18564740865902 82
    endloop
  endfacet
  facet normal 0 0 1
    outer loop
      vertex 84.98907435920354 87.3324756793768 82
      vertex 85.06141288909129 87.8886576569013 82
      vertex 84.99176540996761 87.93486009049823 82
    endloop
  endfacet
  facet normal 0 0 1
    outer loop
      vertex 85.38863197076006 87.1505114553356 82
      vertex 85.06141288909129 87.8886576569013 82
      vertex 84.98907435920354 87.3324756793768 82
    endloop
  endfacet
  facet normal 0 0 1
    outer loop
      vertex 85.38863197076006 87.1505114553356 82
      vertex 85.46779507275829 87.61277501278387 82
      vertex 85.40184458426282 87.66177233231913 82
    endloop
  endfacet
  facet normal 0 0 1
    outer loop
      vertex 85.38863197076006 87.1505114553356 82
      vertex 85.78929326512055 87.1902247755262 82
      vertex 85.46779507275829 87.61277501278387 82
    endloop
  endfacet
  facet normal 0 0 1
    outer loop
      vertex 85.78929326512055 87.1902247755262 82
      vertex 85.85999601467034 87.3153034978352 82
      vertex 85.79767637210634 87.36697067575852 82
    endloop
  endfacet
  facet normal 0 0 1
    outer loop
      vertex 87.21719359465537 82.01722290762014 82
      vertex 87.36689359908262 85.79286379183948 82
      vertex 87.30635917240149 85.86996751585835 82
    endloop
  endfacet
  facet normal 0 0 1
    outer loop
      vertex 87.5941137726279 83.01143691519448 82
      vertex 87.68157555123246 85.36863360700515 82
      vertex 87.63943596098692 85.42862612434422 82
    endloop
  endfacet
  facet normal -0.7525707698561495 -0.6585113790650259 0
    outer loop
      vertex 73.11149233565874 -86.35917346502765 2
      vertex 72.78280640534463 -85.98353922167018 82
      vertex 72.78280640534463 -85.98353922167018 2
    endloop
  endfacet
  facet normal -0.8183027759081798 -0.5747874102143915 0
    outer loop
      vertex 72.18768200860143 -85.18250061276119 2
      vertex 72.47457839439721 -85.59094398629846 2
      vertex 72.18768200860143 -85.18250061276119 82
    endloop
  endfacet
  facet normal -0.8477344278896692 -0.5304209081197451 0
    outer loop
      vertex 72.18768200860143 -85.18250061276119 2
      vertex 71.92293048693307 -84.75936687817662 82
      vertex 71.92293048693307 -84.75936687817662 2
    endloop
  endfacet
  facet normal -0.8747630845319604 -0.4845508703326517 0
    outer loop
      vertex 71.92293048693307 -84.75936687817662 2
      vertex 71.68107429634465 -84.32274220108744 82
      vertex 71.68107429634465 -84.32274220108744 2
    endloop
  endfacet
  facet normal -0.7865515558026326 -0.6175246149462046 0
    outer loop
      vertex 72.78280640534463 -85.98353922167018 2
      vertex 72.47457839439721 -85.59094398629846 82
      vertex 72.47457839439721 -85.59094398629846 2
    endloop
  endfacet
  facet normal -0.8993121301712191 -0.4373073204588554 0
    outer loop
      vertex 71.68107429634465 -84.32274220108744 2
      vertex 71.46279900448519 -83.87386424157854 82
      vertex 71.46279900448519 -83.87386424157854 2
    endloop
  endfacet
  facet normal -0.9213119778704107 -0.38882417547332626 0
    outer loop
      vertex 71.46279900448519 -83.87386424157854 2
      vertex 71.26872333638433 -83.41400539299521 82
      vertex 71.26872333638433 -83.41400539299521 2
    endloop
  endfacet
  facet normal -0.940700266671033 -0.3392388661180309 0
    outer loop
      vertex 71.26872333638433 -83.41400539299521 2
      vertex 71.09939742060892 -82.94446917520577 82
      vertex 71.09939742060892 -82.94446917520577 2
    endloop
  endfacet
  facet normal -0.9574220383620021 -0.2886919473396323 0
    outer loop
      vertex 70.9553012298639 -82.46658653963301 2
      vertex 71.09939742060892 -82.94446917520577 2
      vertex 70.9553012298639 -82.46658653963301 82
    endloop
  endfacet
  facet normal -0.9714298932647112 -0.23732669987111008 0
    outer loop
      vertex 70.9553012298639 -82.46658653963301 2
      vertex 70.8368432204575 -81.98171209652773 82
      vertex 70.8368432204575 -81.98171209652773 2
    endloop
  endfacet
  facet normal -0.9826841245925242 -0.18528872408709662 0
    outer loop
      vertex 70.8368432204575 -81.98171209652773 2
      vertex 70.7443591744874 -81.4912202751788 82
      vertex 70.7443591744874 -81.4912202751788 2
    endloop
  endfacet
  facet normal -0.9911528310040058 -0.13272552728373274 0
    outer loop
      vertex 70.7443591744874 -81.4912202751788 2
      vertex 70.67811124802996 -80.99650142794405 82
      vertex 70.67811124802996 -80.99650142794405 2
    endloop
  endfacet
  facet normal -0.996812007030749 -0.07978610555309566 0
    outer loop
      vertex 70.67811124802996 -80.99650142794405 2
      vertex 70.63828722803035 -80.49895788914543 82
      vertex 70.63828722803035 -80.49895788914543 2
    endloop
  endfacet
  facet normal -0.9996456111234531 -0.026620521437761422 0
    outer loop
      vertex 70.63828722803035 -80.49895788914543 2
      vertex 70.625 -80 82
      vertex 70.625 -80 2
    endloop
  endfacet
  facet normal -0.9996456111234531 0.026620521437761422 0
    outer loop
      vertex 70.625 -80 2
      vertex 70.63828722803035 -79.50104211085457 82
      vertex 70.63828722803035 -79.50104211085457 2
    endloop
  endfacet
  facet normal -0.996812007030749 0.07978610555309566 0
    outer loop
      vertex 70.63828722803035 -79.50104211085457 2
      vertex 70.67811124802996 -79.00349857205595 82
      vertex 70.67811124802996 -79.00349857205595 2
    endloop
  endfacet
  facet normal -0.5963673585384979 -0.8027116379309662 0
    outer loop
      vertex 74.21070673487945 -87.37392083564977 2
      vertex 74.61136802923994 -87.67158852413908 2
      vertex 74.21070673487945 -87.37392083564977 82
    endloop
  endfacet
  facet normal -0.5076658003388458 -0.8615540813938027 0
    outer loop
      vertex 75.02730398637742 -87.94751026146567 2
      vertex 75.11638374797523 -88 2
      vertex 75.11638374797523 -88 82
    endloop
  endfacet
  facet normal -0.5528000653611996 -0.8333139190825108 0
    outer loop
      vertex 75.02730398637742 -87.94751026146567 2
      vertex 74.61136802923994 -87.67158852413908 82
      vertex 74.61136802923994 -87.67158852413908 2
    endloop
  endfacet
  facet normal -0.6783118362696178 -0.7347741508630657 0
    outer loop
      vertex 73.45970448935952 -86.7167819402967 2
      vertex 73.82645582126527 -87.0553509674013 2
      vertex 73.45970448935952 -86.7167819402967 82
    endloop
  endfacet
  facet normal -0.7164567402982963 -0.697631521135004 0
    outer loop
      vertex 73.11149233565874 -86.35917346502765 2
      vertex 73.45970448935952 -86.7167819402967 2
      vertex 73.11149233565874 -86.35917346502765 82
    endloop
  endfacet
  facet normal -0.6382441836448258 -0.7698339834299014 0
    outer loop
      vertex 74.21070673487945 -87.37392083564977 2
      vertex 73.82645582126527 -87.0553509674013 82
      vertex 73.82645582126527 -87.0553509674013 2
    endloop
  endfacet
  facet normal -0.9911528310040058 0.13272552728373274 0
    outer loop
      vertex 70.67811124802996 -79.00349857205595 2
      vertex 70.7443591744874 -78.5087797248212 82
      vertex 70.7443591744874 -78.5087797248212 2
    endloop
  endfacet
  facet normal -0.9826841245925242 0.18528872408709662 0
    outer loop
      vertex 70.7443591744874 -78.5087797248212 2
      vertex 70.8368432204575 -78.01828790347227 82
      vertex 70.8368432204575 -78.01828790347227 2
    endloop
  endfacet
  facet normal -0.9714298932647112 0.23732669987111008 0
    outer loop
      vertex 70.8368432204575 -78.01828790347227 2
      vertex 70.9553012298639 -77.53341346036699 82
      vertex 70.9553012298639 -77.53341346036699 2
    endloop
  endfacet
  facet normal -0.9574220383620021 0.2886919473396323 0
    outer loop
      vertex 70.9553012298639 -77.53341346036699 2
      vertex 71.09939742060892 -77.05553082479423 82
      vertex 71.09939742060892 -77.05553082479423 2
    endloop
  endfacet
  facet normal -0.940700266671033 0.3392388661180309 0
    outer loop
      vertex 71.09939742060892 -77.05553082479423 2
      vertex 71.26872333638433 -76.58599460700479 82
      vertex 71.26872333638433 -76.58599460700479 2
    endloop
  endfacet
  facet normal -0.9213119778704107 0.38882417547332626 0
    outer loop
      vertex 71.26872333638433 -76.58599460700479 2
      vertex 71.46279900448519 -76.12613575842146 82
      vertex 71.46279900448519 -76.12613575842146 2
    endloop
  endfacet
  facet normal -0.8993121301712191 0.4373073204588554 0
    outer loop
      vertex 71.46279900448519 -76.12613575842146 2
      vertex 71.68107429634465 -75.67725779891256 82
      vertex 71.68107429634465 -75.67725779891256 2
    endloop
  endfacet
  facet normal -0.8747630845319604 0.4845508703326517 0
    outer loop
      vertex 71.68107429634465 -75.67725779891256 2
      vertex 71.92293048693307 -75.24063312182338 82
      vertex 71.92293048693307 -75.24063312182338 2
    endloop
  endfacet
  facet normal -0.8477344278896692 0.5304209081197451 0
    outer loop
      vertex 71.92293048693307 -75.24063312182338 2
      vertex 72.18768200860143 -74.81749938723881 82
      vertex 72.18768200860143 -74.81749938723881 2
    endloop
  endfacet
  facet normal -0.8183027759081798 0.5747874102143915 0
    outer loop
      vertex 72.18768200860143 -74.81749938723881 2
      vertex 72.47457839439721 -74.40905601370154 82
      vertex 72.47457839439721 -74.40905601370154 2
    endloop
  endfacet
  facet normal -0.7865515558026326 0.6175246149462046 0
    outer loop
      vertex 72.47457839439721 -74.40905601370154 2
      vertex 72.78280640534463 -74.01646077832982 82
      vertex 72.78280640534463 -74.01646077832982 2
    endloop
  endfacet
  facet normal -0.7525707698561495 0.6585113790650259 0
    outer loop
      vertex 72.78280640534463 -74.01646077832982 2
      vertex 73.11149233565874 -73.64082653497235 82
      vertex 73.11149233565874 -73.64082653497235 2
    endloop
  endfacet
  facet normal -0.7164567402982963 0.697631521135004 0
    outer loop
      vertex 73.11149233565874 -73.64082653497235 2
      vertex 73.45970448935952 -73.2832180597033 82
      vertex 73.45970448935952 -73.2832180597033 2
    endloop
  endfacet
  facet normal -0.6783118362696178 0.7347741508630657 0
    outer loop
      vertex 73.45970448935952 -73.2832180597033 2
      vertex 73.82645582126527 -72.9446490325987 82
      vertex 73.82645582126527 -72.9446490325987 2
    endloop
  endfacet
  facet normal -0.6382441836448258 0.7698339834299014 0
    outer loop
      vertex 73.82645582126527 -72.9446490325987 2
      vertex 74.21070673487945 -72.62607916435023 82
      vertex 74.21070673487945 -72.62607916435023 2
    endloop
  endfacet
  facet normal -0.5963673585384979 0.8027116379309662 0
    outer loop
      vertex 74.21070673487945 -72.62607916435023 2
      vertex 74.61136802923994 -72.32841147586092 82
      vertex 74.61136802923994 -72.32841147586092 2
    endloop
  endfacet
  facet normal -0.5528000653611996 0.8333139190825108 0
    outer loop
      vertex 74.61136802923994 -72.32841147586092 2
      vertex 75.02730398637742 -72.05248973853433 82
      vertex 75.02730398637742 -72.05248973853433 2
    endloop
  endfacet
  facet normal -0.5076658003388472 0.8615540813938017 0
    outer loop
      vertex 75.02730398637742 -72.05248973853433 2
      vertex 75.4573355906314 -71.79909608251286 82
      vertex 75.4573355906314 -71.79909608251286 2
    endloop
  endfacet
  facet normal -0.46109250144932856 0.8873520750565701 0
    outer loop
      vertex 75.4573355906314 -71.79909608251286 2
      vertex 75.90024387069823 -71.56894877964481 82
      vertex 75.90024387069823 -71.56894877964481 2
    endloop
  endfacet
  facet normal -0.4132121857683607 0.9106347728549211 0
    outer loop
      vertex 75.90024387069823 -71.56894877964481 2
      vertex 76.35477335493762 -71.36270020746488 82
      vertex 76.35477335493762 -71.36270020746488 2
    endloop
  endfacet
  facet normal -0.3641605752528299 0.9313361774523353 0
    outer loop
      vertex 76.35477335493762 -71.36270020746488 2
      vertex 76.81963563014347 -71.18093499995906 82
      vertex 76.81963563014347 -71.18093499995906 2
    endloop
  endfacet
  facet normal -0.314076712021957 0.9493976084683785 0
    outer loop
      vertex 76.81963563014347 -71.18093499995906 2
      vertex 77.29351299369105 -71.0241683903562 82
      vertex 77.29351299369105 -71.0241683903562 2
    endloop
  endfacet
  facet normal -0.26310256422750294 0.964767868814521 0
    outer loop
      vertex 77.29351299369105 -71.0241683903562 2
      vertex 77.7750621887083 -70.89284475064335 82
      vertex 77.7750621887083 -70.89284475064335 2
    endloop
  endfacet
  facet normal -0.2113826236296429 0.9774033898178626 0
    outer loop
      vertex 77.7750621887083 -70.89284475064335 2
      vertex 78.2629182116833 -70.78733633194511 82
      vertex 78.2629182116833 -70.78733633194511 2
    endloop
  endfacet
  facet normal -0.15906349601906727 0.9872683547213452 0
    outer loop
      vertex 78.2629182116833 -70.78733633194511 2
      vertex 78.7556981817151 -70.70794220933743 82
      vertex 78.7556981817151 -70.70794220933743 2
    endloop
  endfacet
  facet normal -0.10629348564736353 0.9943348002101373 0
    outer loop
      vertex 78.7556981817151 -70.70794220933743 2
      vertex 79.25200526043984 -70.65488743408672 82
      vertex 79.25200526043984 -70.65488743408672 2
    endloop
  endfacet
  facet normal -0.05322217484217851 0.9985826956767619 0
    outer loop
      vertex 79.25200526043984 -70.65488743408672 2
      vertex 79.75043261152086 -70.62832239571763 82
      vertex 79.75043261152086 -70.62832239571763 2
    endloop
  endfacet
  facet normal 0 1 0
    outer loop
      vertex 79.75043261152086 -70.62832239571763 2
      vertex 80.24956738847914 -70.62832239571763 82
      vertex 80.24956738847914 -70.62832239571763 2
    endloop
  endfacet
  facet normal 0.05322217484217851 0.9985826956767619 0
    outer loop
      vertex 80.24956738847914 -70.62832239571763 2
      vertex 80.74799473956016 -70.65488743408672 82
      vertex 80.74799473956016 -70.65488743408672 2
    endloop
  endfacet
  facet normal 0.10629348564736353 0.9943348002101373 0
    outer loop
      vertex 80.74799473956016 -70.65488743408672 2
      vertex 81.2443018182849 -70.70794220933743 82
      vertex 81.2443018182849 -70.70794220933743 2
    endloop
  endfacet
  facet normal 0.15906349601906727 0.9872683547213452 0
    outer loop
      vertex 81.2443018182849 -70.70794220933743 2
      vertex 81.7370817883167 -70.78733633194511 82
      vertex 81.7370817883167 -70.78733633194511 2
    endloop
  endfacet
  facet normal 0.2113826236296429 0.9774033898178626 0
    outer loop
      vertex 81.7370817883167 -70.78733633194511 2
      vertex 82.2249378112917 -70.89284475064335 82
      vertex 82.2249378112917 -70.89284475064335 2
    endloop
  endfacet
  facet normal 0.26310256422750294 0.964767868814521 0
    outer loop
      vertex 82.2249378112917 -70.89284475064335 2
      vertex 82.70648700630895 -71.0241683903562 82
      vertex 82.70648700630895 -71.0241683903562 2
    endloop
  endfacet
  facet normal 0.314076712021957 0.9493976084683785 0
    outer loop
      vertex 82.70648700630895 -71.0241683903562 2
      vertex 83.18036436985653 -71.18093499995906 82
      vertex 83.18036436985653 -71.18093499995906 2
    endloop
  endfacet
  facet normal 0.3641605752528299 0.9313361774523353 0
    outer loop
      vertex 83.18036436985653 -71.18093499995906 2
      vertex 83.64522664506238 -71.36270020746488 82
      vertex 83.64522664506238 -71.36270020746488 2
    endloop
  endfacet
  facet normal 0.4132121857683607 0.9106347728549211 0
    outer loop
      vertex 83.64522664506238 -71.36270020746488 2
      vertex 84.09975612930177 -71.56894877964481 82
      vertex 84.09975612930177 -71.56894877964481 2
    endloop
  endfacet
  facet normal 0.678311836269632 0.7347741508630526 0
    outer loop
      vertex 86.54029551064048 -73.2832180597033 2
      vertex 86.17354417873474 -72.9446490325987 2
      vertex 86.54029551064048 -73.2832180597033 82
    endloop
  endfacet
  facet normal 0.7525707698561495 0.6585113790650259 0
    outer loop
      vertex 86.88850766434126 -73.64082653497235 2
      vertex 87.21719359465537 -74.01646077832982 82
      vertex 87.21719359465537 -74.01646077832982 2
    endloop
  endfacet
  facet normal 0.7164567402982963 0.697631521135004 0
    outer loop
      vertex 86.54029551064048 -73.2832180597033 2
      vertex 86.88850766434126 -73.64082653497235 82
      vertex 86.88850766434126 -73.64082653497235 2
    endloop
  endfacet
  facet normal 0.8477344278896735 0.5304209081197384 0
    outer loop
      vertex 87.81231799139857 -74.81749938723881 2
      vertex 87.81231799139857 -74.81749938723881 82
      vertex 88 -75.11745834012194 2
    endloop
  endfacet
  facet normal 0.8183027759081798 0.5747874102143915 0
    outer loop
      vertex 87.81231799139857 -74.81749938723881 2
      vertex 87.52542160560279 -74.40905601370154 2
      vertex 87.81231799139857 -74.81749938723881 82
    endloop
  endfacet
  facet normal 0.7865515558026326 0.6175246149462046 0
    outer loop
      vertex 87.52542160560279 -74.40905601370154 2
      vertex 87.21719359465537 -74.01646077832982 2
      vertex 87.52542160560279 -74.40905601370154 82
    endloop
  endfacet
  facet normal 0.46109250144932856 0.8873520750565701 0
    outer loop
      vertex 84.09975612930177 -71.56894877964481 2
      vertex 84.5426644093686 -71.79909608251286 82
      vertex 84.5426644093686 -71.79909608251286 2
    endloop
  endfacet
  facet normal 0.5076658003388472 0.8615540813938017 0
    outer loop
      vertex 84.5426644093686 -71.79909608251286 2
      vertex 84.97269601362258 -72.05248973853433 82
      vertex 84.97269601362258 -72.05248973853433 2
    endloop
  endfacet
  facet normal 0.5963673585384979 0.8027116379309662 0
    outer loop
      vertex 85.38863197076006 -72.32841147586092 2
      vertex 85.78929326512055 -72.62607916435023 82
      vertex 85.78929326512055 -72.62607916435023 2
    endloop
  endfacet
  facet normal 0.5528000653611996 0.8333139190825108 0
    outer loop
      vertex 84.97269601362258 -72.05248973853433 2
      vertex 85.38863197076006 -72.32841147586092 82
      vertex 85.38863197076006 -72.32841147586092 2
    endloop
  endfacet
  facet normal 0.6382441836448118 0.769833983429913 0
    outer loop
      vertex 85.78929326512055 -72.62607916435023 2
      vertex 86.17354417873474 -72.9446490325987 82
      vertex 86.17354417873474 -72.9446490325987 2
    endloop
  endfacet
  facet normal -0.7865515558026326 -0.6175246149462046 0
    outer loop
      vertex 72.78280640534463 -85.98353922167018 2
      vertex 72.78280640534463 -85.98353922167018 82
      vertex 72.47457839439721 -85.59094398629846 82
    endloop
  endfacet
  facet normal -0.7525707698561495 -0.6585113790650259 0
    outer loop
      vertex 73.11149233565874 -86.35917346502765 2
      vertex 73.11149233565874 -86.35917346502765 82
      vertex 72.78280640534463 -85.98353922167018 82
    endloop
  endfacet
  facet normal -0.8183027759081798 -0.5747874102143915 0
    outer loop
      vertex 72.47457839439721 -85.59094398629846 2
      vertex 72.47457839439721 -85.59094398629846 82
      vertex 72.18768200860143 -85.18250061276119 82
    endloop
  endfacet
  facet normal -0.8747630845319604 -0.4845508703326517 0
    outer loop
      vertex 71.92293048693307 -84.75936687817662 2
      vertex 71.92293048693307 -84.75936687817662 82
      vertex 71.68107429634465 -84.32274220108744 82
    endloop
  endfacet
  facet normal -0.8477344278896692 -0.5304209081197451 0
    outer loop
      vertex 72.18768200860143 -85.18250061276119 2
      vertex 72.18768200860143 -85.18250061276119 82
      vertex 71.92293048693307 -84.75936687817662 82
    endloop
  endfacet
  facet normal -0.8993121301712191 -0.4373073204588554 0
    outer loop
      vertex 71.68107429634465 -84.32274220108744 2
      vertex 71.68107429634465 -84.32274220108744 82
      vertex 71.46279900448519 -83.87386424157854 82
    endloop
  endfacet
  facet normal -0.9213119778704107 -0.38882417547332626 0
    outer loop
      vertex 71.46279900448519 -83.87386424157854 2
      vertex 71.46279900448519 -83.87386424157854 82
      vertex 71.26872333638433 -83.41400539299521 82
    endloop
  endfacet
  facet normal -0.940700266671033 -0.3392388661180309 0
    outer loop
      vertex 71.26872333638433 -83.41400539299521 2
      vertex 71.26872333638433 -83.41400539299521 82
      vertex 71.09939742060892 -82.94446917520577 82
    endloop
  endfacet
  facet normal -0.9714298932647112 -0.23732669987111008 0
    outer loop
      vertex 70.9553012298639 -82.46658653963301 2
      vertex 70.9553012298639 -82.46658653963301 82
      vertex 70.8368432204575 -81.98171209652773 82
    endloop
  endfacet
  facet normal -0.9826841245925242 -0.18528872408709662 0
    outer loop
      vertex 70.8368432204575 -81.98171209652773 2
      vertex 70.8368432204575 -81.98171209652773 82
      vertex 70.7443591744874 -81.4912202751788 82
    endloop
  endfacet
  facet normal -0.9574220383620021 -0.2886919473396323 0
    outer loop
      vertex 71.09939742060892 -82.94446917520577 2
      vertex 71.09939742060892 -82.94446917520577 82
      vertex 70.9553012298639 -82.46658653963301 82
    endloop
  endfacet
  facet normal -0.9911528310040058 -0.13272552728373274 0
    outer loop
      vertex 70.7443591744874 -81.4912202751788 2
      vertex 70.7443591744874 -81.4912202751788 82
      vertex 70.67811124802996 -80.99650142794405 82
    endloop
  endfacet
  facet normal -0.9996456111234531 -0.026620521437761422 0
    outer loop
      vertex 70.63828722803035 -80.49895788914543 2
      vertex 70.63828722803035 -80.49895788914543 82
      vertex 70.625 -80 82
    endloop
  endfacet
  facet normal -0.996812007030749 -0.07978610555309566 0
    outer loop
      vertex 70.67811124802996 -80.99650142794405 2
      vertex 70.67811124802996 -80.99650142794405 82
      vertex 70.63828722803035 -80.49895788914543 82
    endloop
  endfacet
  facet normal -0.9996456111234531 0.026620521437761422 0
    outer loop
      vertex 70.625 -80 2
      vertex 70.625 -80 82
      vertex 70.63828722803035 -79.50104211085457 82
    endloop
  endfacet
  facet normal -0.996812007030749 0.07978610555309566 0
    outer loop
      vertex 70.63828722803035 -79.50104211085457 2
      vertex 70.63828722803035 -79.50104211085457 82
      vertex 70.67811124802996 -79.00349857205595 82
    endloop
  endfacet
  facet normal -0.9911528310040058 0.13272552728373274 0
    outer loop
      vertex 70.67811124802996 -79.00349857205595 2
      vertex 70.67811124802996 -79.00349857205595 82
      vertex 70.7443591744874 -78.5087797248212 82
    endloop
  endfacet
  facet normal -0.6382441836448258 -0.7698339834299014 0
    outer loop
      vertex 74.21070673487945 -87.37392083564977 2
      vertex 74.21070673487945 -87.37392083564977 82
      vertex 73.82645582126527 -87.0553509674013 82
    endloop
  endfacet
  facet normal -0.5963673585384979 -0.8027116379309662 0
    outer loop
      vertex 74.61136802923994 -87.67158852413908 2
      vertex 74.61136802923994 -87.67158852413908 82
      vertex 74.21070673487945 -87.37392083564977 82
    endloop
  endfacet
  facet normal -0.5076658003388458 -0.8615540813938027 0
    outer loop
      vertex 75.02730398637742 -87.94751026146567 2
      vertex 75.11638374797523 -88 82
      vertex 75.02730398637742 -87.94751026146567 82
    endloop
  endfacet
  facet normal -0.5528000653611996 -0.8333139190825108 0
    outer loop
      vertex 75.02730398637742 -87.94751026146567 2
      vertex 75.02730398637742 -87.94751026146567 82
      vertex 74.61136802923994 -87.67158852413908 82
    endloop
  endfacet
  facet normal -0.7164567402982963 -0.697631521135004 0
    outer loop
      vertex 73.45970448935952 -86.7167819402967 2
      vertex 73.45970448935952 -86.7167819402967 82
      vertex 73.11149233565874 -86.35917346502765 82
    endloop
  endfacet
  facet normal -0.6783118362696178 -0.7347741508630657 0
    outer loop
      vertex 73.82645582126527 -87.0553509674013 2
      vertex 73.82645582126527 -87.0553509674013 82
      vertex 73.45970448935952 -86.7167819402967 82
    endloop
  endfacet
  facet normal -0.9826841245925242 0.18528872408709662 0
    outer loop
      vertex 70.7443591744874 -78.5087797248212 2
      vertex 70.7443591744874 -78.5087797248212 82
      vertex 70.8368432204575 -78.01828790347227 82
    endloop
  endfacet
  facet normal -0.9714298932647112 0.23732669987111008 0
    outer loop
      vertex 70.8368432204575 -78.01828790347227 2
      vertex 70.8368432204575 -78.01828790347227 82
      vertex 70.9553012298639 -77.53341346036699 82
    endloop
  endfacet
  facet normal -0.9574220383620021 0.2886919473396323 0
    outer loop
      vertex 70.9553012298639 -77.53341346036699 2
      vertex 70.9553012298639 -77.53341346036699 82
      vertex 71.09939742060892 -77.05553082479423 82
    endloop
  endfacet
  facet normal -0.940700266671033 0.3392388661180309 0
    outer loop
      vertex 71.09939742060892 -77.05553082479423 2
      vertex 71.09939742060892 -77.05553082479423 82
      vertex 71.26872333638433 -76.58599460700479 82
    endloop
  endfacet
  facet normal -0.9213119778704107 0.38882417547332626 0
    outer loop
      vertex 71.26872333638433 -76.58599460700479 2
      vertex 71.26872333638433 -76.58599460700479 82
      vertex 71.46279900448519 -76.12613575842146 82
    endloop
  endfacet
  facet normal -0.8993121301712191 0.4373073204588554 0
    outer loop
      vertex 71.46279900448519 -76.12613575842146 2
      vertex 71.46279900448519 -76.12613575842146 82
      vertex 71.68107429634465 -75.67725779891256 82
    endloop
  endfacet
  facet normal -0.8747630845319604 0.4845508703326517 0
    outer loop
      vertex 71.68107429634465 -75.67725779891256 2
      vertex 71.68107429634465 -75.67725779891256 82
      vertex 71.92293048693307 -75.24063312182338 82
    endloop
  endfacet
  facet normal -0.8477344278896692 0.5304209081197451 0
    outer loop
      vertex 71.92293048693307 -75.24063312182338 2
      vertex 71.92293048693307 -75.24063312182338 82
      vertex 72.18768200860143 -74.81749938723881 82
    endloop
  endfacet
  facet normal -0.8183027759081798 0.5747874102143915 0
    outer loop
      vertex 72.18768200860143 -74.81749938723881 2
      vertex 72.18768200860143 -74.81749938723881 82
      vertex 72.47457839439721 -74.40905601370154 82
    endloop
  endfacet
  facet normal -0.7865515558026326 0.6175246149462046 0
    outer loop
      vertex 72.47457839439721 -74.40905601370154 2
      vertex 72.47457839439721 -74.40905601370154 82
      vertex 72.78280640534463 -74.01646077832982 82
    endloop
  endfacet
  facet normal -0.7525707698561495 0.6585113790650259 0
    outer loop
      vertex 72.78280640534463 -74.01646077832982 2
      vertex 72.78280640534463 -74.01646077832982 82
      vertex 73.11149233565874 -73.64082653497235 82
    endloop
  endfacet
  facet normal -0.7164567402982963 0.697631521135004 0
    outer loop
      vertex 73.11149233565874 -73.64082653497235 2
      vertex 73.11149233565874 -73.64082653497235 82
      vertex 73.45970448935952 -73.2832180597033 82
    endloop
  endfacet
  facet normal -0.6783118362696178 0.7347741508630657 0
    outer loop
      vertex 73.45970448935952 -73.2832180597033 2
      vertex 73.45970448935952 -73.2832180597033 82
      vertex 73.82645582126527 -72.9446490325987 82
    endloop
  endfacet
  facet normal -0.6382441836448258 0.7698339834299014 0
    outer loop
      vertex 73.82645582126527 -72.9446490325987 2
      vertex 73.82645582126527 -72.9446490325987 82
      vertex 74.21070673487945 -72.62607916435023 82
    endloop
  endfacet
  facet normal -0.5963673585384979 0.8027116379309662 0
    outer loop
      vertex 74.21070673487945 -72.62607916435023 2
      vertex 74.21070673487945 -72.62607916435023 82
      vertex 74.61136802923994 -72.32841147586092 82
    endloop
  endfacet
  facet normal -0.5528000653611996 0.8333139190825108 0
    outer loop
      vertex 74.61136802923994 -72.32841147586092 2
      vertex 74.61136802923994 -72.32841147586092 82
      vertex 75.02730398637742 -72.05248973853433 82
    endloop
  endfacet
  facet normal -0.5076658003388472 0.8615540813938017 0
    outer loop
      vertex 75.02730398637742 -72.05248973853433 2
      vertex 75.02730398637742 -72.05248973853433 82
      vertex 75.4573355906314 -71.79909608251286 82
    endloop
  endfacet
  facet normal -0.46109250144932856 0.8873520750565701 0
    outer loop
      vertex 75.4573355906314 -71.79909608251286 2
      vertex 75.4573355906314 -71.79909608251286 82
      vertex 75.90024387069823 -71.56894877964481 82
    endloop
  endfacet
  facet normal -0.4132121857683607 0.9106347728549211 0
    outer loop
      vertex 75.90024387069823 -71.56894877964481 2
      vertex 75.90024387069823 -71.56894877964481 82
      vertex 76.35477335493762 -71.36270020746488 82
    endloop
  endfacet
  facet normal -0.3641605752528299 0.9313361774523353 0
    outer loop
      vertex 76.35477335493762 -71.36270020746488 2
      vertex 76.35477335493762 -71.36270020746488 82
      vertex 76.81963563014347 -71.18093499995906 82
    endloop
  endfacet
  facet normal -0.314076712021957 0.9493976084683785 0
    outer loop
      vertex 76.81963563014347 -71.18093499995906 2
      vertex 76.81963563014347 -71.18093499995906 82
      vertex 77.29351299369105 -71.0241683903562 82
    endloop
  endfacet
  facet normal -0.26310256422750294 0.964767868814521 0
    outer loop
      vertex 77.29351299369105 -71.0241683903562 2
      vertex 77.29351299369105 -71.0241683903562 82
      vertex 77.7750621887083 -70.89284475064335 82
    endloop
  endfacet
  facet normal -0.2113826236296429 0.9774033898178626 0
    outer loop
      vertex 77.7750621887083 -70.89284475064335 2
      vertex 77.7750621887083 -70.89284475064335 82
      vertex 78.2629182116833 -70.78733633194511 82
    endloop
  endfacet
  facet normal -0.15906349601906727 0.9872683547213452 0
    outer loop
      vertex 78.2629182116833 -70.78733633194511 2
      vertex 78.2629182116833 -70.78733633194511 82
      vertex 78.7556981817151 -70.70794220933743 82
    endloop
  endfacet
  facet normal -0.10629348564736353 0.9943348002101373 0
    outer loop
      vertex 78.7556981817151 -70.70794220933743 2
      vertex 78.7556981817151 -70.70794220933743 82
      vertex 79.25200526043984 -70.65488743408672 82
    endloop
  endfacet
  facet normal -0.05322217484217851 0.9985826956767619 0
    outer loop
      vertex 79.25200526043984 -70.65488743408672 2
      vertex 79.25200526043984 -70.65488743408672 82
      vertex 79.75043261152086 -70.62832239571763 82
    endloop
  endfacet
  facet normal 0 1 0
    outer loop
      vertex 79.75043261152086 -70.62832239571763 2
      vertex 79.75043261152086 -70.62832239571763 82
      vertex 80.24956738847914 -70.62832239571763 82
    endloop
  endfacet
  facet normal 0.05322217484217851 0.9985826956767619 0
    outer loop
      vertex 80.24956738847914 -70.62832239571763 2
      vertex 80.24956738847914 -70.62832239571763 82
      vertex 80.74799473956016 -70.65488743408672 82
    endloop
  endfacet
  facet normal 0.10629348564736353 0.9943348002101373 0
    outer loop
      vertex 80.74799473956016 -70.65488743408672 2
      vertex 80.74799473956016 -70.65488743408672 82
      vertex 81.2443018182849 -70.70794220933743 82
    endloop
  endfacet
  facet normal 0.15906349601906727 0.9872683547213452 0
    outer loop
      vertex 81.2443018182849 -70.70794220933743 2
      vertex 81.2443018182849 -70.70794220933743 82
      vertex 81.7370817883167 -70.78733633194511 82
    endloop
  endfacet
  facet normal 0.2113826236296429 0.9774033898178626 0
    outer loop
      vertex 81.7370817883167 -70.78733633194511 2
      vertex 81.7370817883167 -70.78733633194511 82
      vertex 82.2249378112917 -70.89284475064335 82
    endloop
  endfacet
  facet normal 0.314076712021957 0.9493976084683785 0
    outer loop
      vertex 82.70648700630895 -71.0241683903562 2
      vertex 82.70648700630895 -71.0241683903562 82
      vertex 83.18036436985653 -71.18093499995906 82
    endloop
  endfacet
  facet normal 0.26310256422750294 0.964767868814521 0
    outer loop
      vertex 82.2249378112917 -70.89284475064335 2
      vertex 82.2249378112917 -70.89284475064335 82
      vertex 82.70648700630895 -71.0241683903562 82
    endloop
  endfacet
  facet normal 0.3641605752528299 0.9313361774523353 0
    outer loop
      vertex 83.18036436985653 -71.18093499995906 2
      vertex 83.18036436985653 -71.18093499995906 82
      vertex 83.64522664506238 -71.36270020746488 82
    endloop
  endfacet
  facet normal 0.4132121857683607 0.9106347728549211 0
    outer loop
      vertex 83.64522664506238 -71.36270020746488 2
      vertex 83.64522664506238 -71.36270020746488 82
      vertex 84.09975612930177 -71.56894877964481 82
    endloop
  endfacet
  facet normal 0.46109250144932856 0.8873520750565701 0
    outer loop
      vertex 84.09975612930177 -71.56894877964481 2
      vertex 84.09975612930177 -71.56894877964481 82
      vertex 84.5426644093686 -71.79909608251286 82
    endloop
  endfacet
  facet normal 0.7164567402982963 0.697631521135004 0
    outer loop
      vertex 86.54029551064048 -73.2832180597033 2
      vertex 86.54029551064048 -73.2832180597033 82
      vertex 86.88850766434126 -73.64082653497235 82
    endloop
  endfacet
  facet normal 0.7525707698561495 0.6585113790650259 0
    outer loop
      vertex 86.88850766434126 -73.64082653497235 2
      vertex 86.88850766434126 -73.64082653497235 82
      vertex 87.21719359465537 -74.01646077832982 82
    endloop
  endfacet
  facet normal 0.8183027759081798 0.5747874102143915 0
    outer loop
      vertex 87.52542160560279 -74.40905601370154 2
      vertex 87.52542160560279 -74.40905601370154 82
      vertex 87.81231799139857 -74.81749938723881 82
    endloop
  endfacet
  facet normal 0.8477344278896735 0.5304209081197384 0
    outer loop
      vertex 88 -75.11745834012194 2
      vertex 87.81231799139857 -74.81749938723881 82
      vertex 88 -75.11745834012194 82
    endloop
  endfacet
  facet normal 0.7865515558026326 0.6175246149462046 0
    outer loop
      vertex 87.21719359465537 -74.01646077832982 2
      vertex 87.21719359465537 -74.01646077832982 82
      vertex 87.52542160560279 -74.40905601370154 82
    endloop
  endfacet
  facet normal 0.5076658003388472 0.8615540813938017 0
    outer loop
      vertex 84.5426644093686 -71.79909608251286 2
      vertex 84.5426644093686 -71.79909608251286 82
      vertex 84.97269601362258 -72.05248973853433 82
    endloop
  endfacet
  facet normal 0.5963673585384979 0.8027116379309662 0
    outer loop
      vertex 85.38863197076006 -72.32841147586092 2
      vertex 85.38863197076006 -72.32841147586092 82
      vertex 85.78929326512055 -72.62607916435023 82
    endloop
  endfacet
  facet normal 0.5528000653611996 0.8333139190825108 0
    outer loop
      vertex 84.97269601362258 -72.05248973853433 2
      vertex 84.97269601362258 -72.05248973853433 82
      vertex 85.38863197076006 -72.32841147586092 82
    endloop
  endfacet
  facet normal 0.6382441836448118 0.769833983429913 0
    outer loop
      vertex 85.78929326512055 -72.62607916435023 2
      vertex 85.78929326512055 -72.62607916435023 82
      vertex 86.17354417873474 -72.9446490325987 82
    endloop
  endfacet
  facet normal 0.678311836269632 0.7347741508630526 0
    outer loop
      vertex 86.17354417873474 -72.9446490325987 2
      vertex 86.17354417873474 -72.9446490325987 82
      vertex 86.54029551064048 -73.2832180597033 82
    endloop
  endfacet
  facet normal 0 0 1
    outer loop
      vertex 71.92293048693307 -84.75936687817662 82
      vertex 71.68107429634465 -75.67725779891256 82
      vertex 71.68107429634465 -84.32274220108744 82
    endloop
  endfacet
  facet normal 0 0 1
    outer loop
      vertex 72.18768200860143 -85.18250061276119 82
      vertex 71.92293048693307 -75.24063312182338 82
      vertex 71.92293048693307 -84.75936687817662 82
    endloop
  endfacet
  facet normal 0 0 1
    outer loop
      vertex 72.18768200860143 -85.18250061276119 82
      vertex 72.47457839439721 -85.59094398629846 82
      vertex 72.18768200860143 -74.81749938723881 82
    endloop
  endfacet
  facet normal 0 0 1
    outer loop
      vertex 72.78280640534463 -85.98353922167018 82
      vertex 72.47457839439721 -74.40905601370154 82
      vertex 72.47457839439721 -85.59094398629846 82
    endloop
  endfacet
  facet normal 0 0 1
    outer loop
      vertex 73.11149233565874 -86.35917346502765 82
      vertex 72.78280640534463 -74.01646077832982 82
      vertex 72.78280640534463 -85.98353922167018 82
    endloop
  endfacet
  facet normal 0 0 1
    outer loop
      vertex 70.9553012298639 -82.46658653963301 82
      vertex 71.09939742060892 -82.94446917520577 82
      vertex 70.9553012298639 -77.53341346036699 82
    endloop
  endfacet
  facet normal 0 0 1
    outer loop
      vertex 70.67811124802996 -80.99650142794405 82
      vertex 70.63828722803035 -79.50104211085457 82
      vertex 70.63828722803035 -80.49895788914543 82
    endloop
  endfacet
  facet normal 0 0 1
    outer loop
      vertex 70.8368432204575 -81.98171209652773 82
      vertex 70.7443591744874 -78.5087797248212 82
      vertex 70.7443591744874 -81.4912202751788 82
    endloop
  endfacet
  facet normal 0 0 1
    outer loop
      vertex 70.9553012298639 -82.46658653963301 82
      vertex 70.8368432204575 -78.01828790347227 82
      vertex 70.8368432204575 -81.98171209652773 82
    endloop
  endfacet
  facet normal 0 0 1
    outer loop
      vertex 70.7443591744874 -81.4912202751788 82
      vertex 70.67811124802996 -79.00349857205595 82
      vertex 70.67811124802996 -80.99650142794405 82
    endloop
  endfacet
  facet normal 0 0 1
    outer loop
      vertex 71.46279900448519 -83.87386424157854 82
      vertex 71.26872333638433 -76.58599460700479 82
      vertex 71.26872333638433 -83.41400539299521 82
    endloop
  endfacet
  facet normal 0 0 1
    outer loop
      vertex 71.26872333638433 -83.41400539299521 82
      vertex 71.09939742060892 -77.05553082479423 82
      vertex 71.09939742060892 -82.94446917520577 82
    endloop
  endfacet
  facet normal 0 0 1
    outer loop
      vertex 71.68107429634465 -84.32274220108744 82
      vertex 71.46279900448519 -76.12613575842146 82
      vertex 71.46279900448519 -83.87386424157854 82
    endloop
  endfacet
  facet normal 0 0 1
    outer loop
      vertex 70.63828722803035 -80.49895788914543 82
      vertex 70.63828722803035 -79.50104211085457 82
      vertex 70.625 -80 82
    endloop
  endfacet
  facet normal 0 0 1
    outer loop
      vertex 70.67811124802996 -80.99650142794405 82
      vertex 70.67811124802996 -79.00349857205595 82
      vertex 70.63828722803035 -79.50104211085457 82
    endloop
  endfacet
  facet normal 0 0 1
    outer loop
      vertex 70.7443591744874 -81.4912202751788 82
      vertex 70.7443591744874 -78.5087797248212 82
      vertex 70.67811124802996 -79.00349857205595 82
    endloop
  endfacet
  facet normal 0 0 1
    outer loop
      vertex 70.8368432204575 -81.98171209652773 82
      vertex 70.8368432204575 -78.01828790347227 82
      vertex 70.7443591744874 -78.5087797248212 82
    endloop
  endfacet
  facet normal 0 0 1
    outer loop
      vertex 70.9553012298639 -82.46658653963301 82
      vertex 70.9553012298639 -77.53341346036699 82
      vertex 70.8368432204575 -78.01828790347227 82
    endloop
  endfacet
  facet normal 0 0 1
    outer loop
      vertex 71.09939742060892 -82.94446917520577 82
      vertex 71.09939742060892 -77.05553082479423 82
      vertex 70.9553012298639 -77.53341346036699 82
    endloop
  endfacet
  facet normal 0 0 1
    outer loop
      vertex 71.26872333638433 -83.41400539299521 82
      vertex 71.26872333638433 -76.58599460700479 82
      vertex 71.09939742060892 -77.05553082479423 82
    endloop
  endfacet
  facet normal 0 0 1
    outer loop
      vertex 71.46279900448519 -83.87386424157854 82
      vertex 71.46279900448519 -76.12613575842146 82
      vertex 71.26872333638433 -76.58599460700479 82
    endloop
  endfacet
  facet normal 0 0 1
    outer loop
      vertex 78.23707096611591 -88.24205587393341 82
      vertex 79.34516177236719 -89.35007759503601 82
      vertex 78.5029785036578 -81.32624531648159 82
    endloop
  endfacet
  facet normal 0 0 1
    outer loop
      vertex 77.7750621887083 -88.00277986791995 82
      vertex 78.23707096611591 -88.24205587393341 82
      vertex 78 -80 82
    endloop
  endfacet
  facet normal 0 0 1
    outer loop
      vertex 73.45970448935952 -86.7167819402967 82
      vertex 73.82645582126527 -87.0553509674013 82
      vertex 73.45970448935952 -73.2832180597033 82
    endloop
  endfacet
  facet normal 0 0 1
    outer loop
      vertex 73.11149233565874 -86.35917346502765 82
      vertex 73.45970448935952 -86.7167819402967 82
      vertex 73.11149233565874 -73.64082653497235 82
    endloop
  endfacet
  facet normal 0 0 1
    outer loop
      vertex 74.21070673487945 -87.37392083564977 82
      vertex 73.82645582126527 -72.9446490325987 82
      vertex 73.82645582126527 -87.0553509674013 82
    endloop
  endfacet
  facet normal 0 0 1
    outer loop
      vertex 74.21070673487945 -87.37392083564977 82
      vertex 74.61136802923994 -87.67158852413908 82
      vertex 74.21070673487945 -72.62607916435023 82
    endloop
  endfacet
  facet normal 0 0 1
    outer loop
      vertex 75.02730398637742 -87.94751026146567 82
      vertex 74.61136802923994 -72.32841147586092 82
      vertex 74.61136802923994 -87.67158852413908 82
    endloop
  endfacet
  facet normal 0 0 1
    outer loop
      vertex 75.02730398637742 -87.94751026146567 82
      vertex 75.11638374797523 -88 82
      vertex 75.02730398637742 -72.05248973853433 82
    endloop
  endfacet
  facet normal 0 0 1
    outer loop
      vertex 75.11638374797523 -88 82
      vertex 75.45284118011212 -88.0321311997665 82
      vertex 75.02730398637742 -72.05248973853433 82
    endloop
  endfacet
  facet normal 0 0 1
    outer loop
      vertex 75.45284118011212 -88.0321311997665 82
      vertex 77.7750621887083 -88.00277986791995 82
      vertex 75.02730398637742 -72.05248973853433 82
    endloop
  endfacet
  facet normal 0 0 1
    outer loop
      vertex 78.23707096611591 -88.24205587393341 82
      vertex 78.5029785036578 -81.32624531648159 82
      vertex 78.22908794869358 -80.92944634408754 82
    endloop
  endfacet
  facet normal 0 0 1
    outer loop
      vertex 78.23707096611591 -88.24205587393341 82
      vertex 78.22908794869358 -80.92944634408754 82
      vertex 78.0581163651479 -80.47863132857512 82
    endloop
  endfacet
  facet normal 0 0 1
    outer loop
      vertex 78.23707096611591 -88.24205587393341 82
      vertex 78.0581163651479 -80.47863132857512 82
      vertex 78 -80 82
    endloop
  endfacet
  facet normal 0 0 1
    outer loop
      vertex 77.7750621887083 -88.00277986791995 82
      vertex 78 -80 82
      vertex 77.7750621887083 -70.89284475064335 82
    endloop
  endfacet
  facet normal 0 0 1
    outer loop
      vertex 71.68107429634465 -84.32274220108744 82
      vertex 71.68107429634465 -75.67725779891256 82
      vertex 71.46279900448519 -76.12613575842146 82
    endloop
  endfacet
  facet normal 0 0 1
    outer loop
      vertex 71.92293048693307 -84.75936687817662 82
      vertex 71.92293048693307 -75.24063312182338 82
      vertex 71.68107429634465 -75.67725779891256 82
    endloop
  endfacet
  facet normal 0 0 1
    outer loop
      vertex 72.18768200860143 -85.18250061276119 82
      vertex 72.18768200860143 -74.81749938723881 82
      vertex 71.92293048693307 -75.24063312182338 82
    endloop
  endfacet
  facet normal 0 0 1
    outer loop
      vertex 72.47457839439721 -85.59094398629846 82
      vertex 72.47457839439721 -74.40905601370154 82
      vertex 72.18768200860143 -74.81749938723881 82
    endloop
  endfacet
  facet normal 0 0 1
    outer loop
      vertex 72.78280640534463 -85.98353922167018 82
      vertex 72.78280640534463 -74.01646077832982 82
      vertex 72.47457839439721 -74.40905601370154 82
    endloop
  endfacet
  facet normal 0 0 1
    outer loop
      vertex 73.11149233565874 -86.35917346502765 82
      vertex 73.11149233565874 -73.64082653497235 82
      vertex 72.78280640534463 -74.01646077832982 82
    endloop
  endfacet
  facet normal 0 0 1
    outer loop
      vertex 73.45970448935952 -86.7167819402967 82
      vertex 73.45970448935952 -73.2832180597033 82
      vertex 73.11149233565874 -73.64082653497235 82
    endloop
  endfacet
  facet normal 0 0 1
    outer loop
      vertex 73.82645582126527 -87.0553509674013 82
      vertex 73.82645582126527 -72.9446490325987 82
      vertex 73.45970448935952 -73.2832180597033 82
    endloop
  endfacet
  facet normal 0 0 1
    outer loop
      vertex 74.21070673487945 -87.37392083564977 82
      vertex 74.21070673487945 -72.62607916435023 82
      vertex 73.82645582126527 -72.9446490325987 82
    endloop
  endfacet
  facet normal 0 0 1
    outer loop
      vertex 74.61136802923994 -87.67158852413908 82
      vertex 74.61136802923994 -72.32841147586092 82
      vertex 74.21070673487945 -72.62607916435023 82
    endloop
  endfacet
  facet normal 0 0 1
    outer loop
      vertex 75.02730398637742 -87.94751026146567 82
      vertex 75.02730398637742 -72.05248973853433 82
      vertex 74.61136802923994 -72.32841147586092 82
    endloop
  endfacet
  facet normal 0 0 1
    outer loop
      vertex 77.7750621887083 -88.00277986791995 82
      vertex 75.4573355906314 -71.79909608251286 82
      vertex 75.02730398637742 -72.05248973853433 82
    endloop
  endfacet
  facet normal 0 0 1
    outer loop
      vertex 77.7750621887083 -88.00277986791995 82
      vertex 75.90024387069823 -71.56894877964481 82
      vertex 75.4573355906314 -71.79909608251286 82
    endloop
  endfacet
  facet normal 0 0 1
    outer loop
      vertex 77.7750621887083 -88.00277986791995 82
      vertex 76.35477335493762 -71.36270020746488 82
      vertex 75.90024387069823 -71.56894877964481 82
    endloop
  endfacet
  facet normal 0 0 1
    outer loop
      vertex 77.7750621887083 -88.00277986791995 82
      vertex 76.81963563014347 -71.18093499995906 82
      vertex 76.35477335493762 -71.36270020746488 82
    endloop
  endfacet
  facet normal 0 0 1
    outer loop
      vertex 77.7750621887083 -88.00277986791995 82
      vertex 77.29351299369105 -71.0241683903562 82
      vertex 76.81963563014347 -71.18093499995906 82
    endloop
  endfacet
  facet normal 0 0 1
    outer loop
      vertex 77.7750621887083 -70.89284475064335 82
      vertex 78 -80 82
      vertex 78.0581163651479 -79.52136867142488 82
    endloop
  endfacet
  facet normal 0 0 1
    outer loop
      vertex 77.7750621887083 -88.00277986791995 82
      vertex 77.7750621887083 -70.89284475064335 82
      vertex 77.29351299369105 -71.0241683903562 82
    endloop
  endfacet
  facet normal 0 0 1
    outer loop
      vertex 77.7750621887083 -70.89284475064335 82
      vertex 78.0581163651479 -79.52136867142488 82
      vertex 78.22908794869358 -79.07055365591246 82
    endloop
  endfacet
  facet normal 0 0 1
    outer loop
      vertex 77.7750621887083 -70.89284475064335 82
      vertex 78.22908794869358 -79.07055365591246 82
      vertex 78.5029785036578 -78.67375468351841 82
    endloop
  endfacet
  facet normal 0 0 1
    outer loop
      vertex 77.7750621887083 -70.89284475064335 82
      vertex 78.5029785036578 -78.67375468351841 82
      vertex 78.8638705065377 -78.35403226821269 82
    endloop
  endfacet
  facet normal 0 0 1
    outer loop
      vertex 77.7750621887083 -70.89284475064335 82
      vertex 78.8638705065377 -78.35403226821269 82
      vertex 78.2629182116833 -70.78733633194511 82
    endloop
  endfacet
  facet normal 0 0 1
    outer loop
      vertex 80.40007212871001 -89.36365604569356 82
      vertex 80.55267418405714 -89.35552270500368 82
      vertex 80.74277379541402 -89.14905728150406 82
    endloop
  endfacet
  facet normal 0 0 1
    outer loop
      vertex 80.92039919984613 -89.32668268593616 82
      vertex 81.06482899103823 -89.31124327263807 82
      vertex 81.2382919114145 -89.06637562135246 82
    endloop
  endfacet
  facet normal 0 0 1
    outer loop
      vertex 79.34516177236719 -89.35007759503601 82
      vertex 79.51547746343034 -89.35915503201481 82
      vertex 79.29079022591493 -81.87003248537083 82
    endloop
  endfacet
  facet normal 0 0 1
    outer loop
      vertex 79.51547746343034 -89.35915503201481 82
      vertex 79.74707721204487 -89.2456766779827 82
      vertex 79.29079022591493 -81.87003248537083 82
    endloop
  endfacet
  facet normal 0 0 1
    outer loop
      vertex 79.87307813834454 -89.37167760428237 82
      vertex 79.29079022591493 -81.87003248537083 82
      vertex 79.74707721204487 -89.2456766779827 82
    endloop
  endfacet
  facet normal 0 0 1
    outer loop
      vertex 79.87307813834454 -89.37167760428237 82
      vertex 80.0348143299016 -89.37167760428237 82
      vertex 79.75892663948936 -81.98541774819611 82
    endloop
  endfacet
  facet normal 0 0 1
    outer loop
      vertex 80.0348143299016 -89.37167760428237 82
      vertex 80.245230344367 -89.20881426135055 82
      vertex 79.75892663948936 -81.98541774819611 82
    endloop
  endfacet
  facet normal 0 0 1
    outer loop
      vertex 79.87307813834454 -89.37167760428237 82
      vertex 79.75892663948936 -81.98541774819611 82
      vertex 79.29079022591493 -81.87003248537083 82
    endloop
  endfacet
  facet normal 0 0 1
    outer loop
      vertex 80.245230344367 -89.20881426135055 82
      vertex 80.24107336051064 -81.98541774819611 82
      vertex 79.75892663948936 -81.98541774819611 82
    endloop
  endfacet
  facet normal 0 0 1
    outer loop
      vertex 80.40007212871001 -89.36365604569356 82
      vertex 80.24107336051064 -81.98541774819611 82
      vertex 80.245230344367 -89.20881426135055 82
    endloop
  endfacet
  facet normal 0 0 1
    outer loop
      vertex 80.40007212871001 -89.36365604569356 82
      vertex 80.74277379541402 -89.14905728150406 82
      vertex 80.24107336051064 -81.98541774819611 82
    endloop
  endfacet
  facet normal 0 0 1
    outer loop
      vertex 80.74277379541402 -89.14905728150406 82
      vertex 80.92039919984613 -89.32668268593616 82
      vertex 80.70920977408507 -81.87003248537083 82
    endloop
  endfacet
  facet normal 0 0 1
    outer loop
      vertex 80.92039919984613 -89.32668268593616 82
      vertex 81.2382919114145 -89.06637562135246 82
      vertex 80.70920977408507 -81.87003248537083 82
    endloop
  endfacet
  facet normal 0 0 1
    outer loop
      vertex 81.2382919114145 -89.06637562135246 82
      vertex 81.43349264725532 -89.26157635719328 82
      vertex 81.1361294934623 -81.64596773178731 82
    endloop
  endfacet
  facet normal 0 0 1
    outer loop
      vertex 81.43349264725532 -89.26157635719328 82
      vertex 81.73037458039364 -88.96079666466687 82
      vertex 81.1361294934623 -81.64596773178731 82
    endloop
  endfacet
  facet normal 0 0 1
    outer loop
      vertex 81.43349264725532 -89.26157635719328 82
      vertex 81.57052960418072 -89.23949768187858 82
      vertex 81.73037458039364 -88.96079666466687 82
    endloop
  endfacet
  facet normal 0 0 1
    outer loop
      vertex 81.93864877549852 -89.16907085977175 82
      vertex 82.0689302960702 -89.14089492963299 82
      vertex 82.21762124299265 -88.83240573305876 82
    endloop
  endfacet
  facet normal 0 0 1
    outer loop
      vertex 82.43506642775525 -89.04985091782136 82
      vertex 82.55911741134258 -89.016020881673 82
      vertex 82.6986448766714 -88.68134637604838 82
    endloop
  endfacet
  facet normal 0 0 1
    outer loop
      vertex 82.9218758535282 -88.90457735290519 82
      vertex 83.04013063437922 -88.86545668057647 82
      vertex 83.1720759419657 -88.50782051207878 82
    endloop
  endfacet
  facet normal 0 0 1
    outer loop
      vertex 83.39816031441114 -88.73390488452422 82
      vertex 83.51097917009051 -88.68979172712928 82
      vertex 83.63656627957654 -88.31208841871299 82
    endloop
  endfacet
  facet normal 0 0 1
    outer loop
      vertex 83.8629726267226 -88.53849476585904 82
      vertex 83.97065433628092 -88.48963281164838 82
      vertex 84.09079294720752 -88.09446857064411 82
    endloop
  endfacet
  facet normal 0 0 1
    outer loop
      vertex 81.73037458039364 -88.96079666466687 82
      vertex 81.93864877549852 -89.16907085977175 82
      vertex 81.77091205130642 -80.92944634408754 82
    endloop
  endfacet
  facet normal 0 0 1
    outer loop
      vertex 81.93864877549852 -89.16907085977175 82
      vertex 82.21762124299265 -88.83240573305876 82
      vertex 81.77091205130642 -80.92944634408754 82
    endloop
  endfacet
  facet normal 0 0 1
    outer loop
      vertex 79.34516177236719 -89.35007759503601 82
      vertex 78.8638705065377 -81.64596773178731 82
      vertex 78.5029785036578 -81.32624531648159 82
    endloop
  endfacet
  facet normal 0 0 1
    outer loop
      vertex 79.34516177236719 -89.35007759503601 82
      vertex 79.29079022591493 -81.87003248537083 82
      vertex 78.8638705065377 -81.64596773178731 82
    endloop
  endfacet
  facet normal 0 0 1
    outer loop
      vertex 80.74277379541402 -89.14905728150406 82
      vertex 80.70920977408507 -81.87003248537083 82
      vertex 80.24107336051064 -81.98541774819611 82
    endloop
  endfacet
  facet normal 0 0 1
    outer loop
      vertex 81.2382919114145 -89.06637562135246 82
      vertex 81.1361294934623 -81.64596773178731 82
      vertex 80.70920977408507 -81.87003248537083 82
    endloop
  endfacet
  facet normal 0 0 1
    outer loop
      vertex 81.73037458039364 -88.96079666466687 82
      vertex 81.4970214963422 -81.32624531648159 82
      vertex 81.1361294934623 -81.64596773178731 82
    endloop
  endfacet
  facet normal 0 0 1
    outer loop
      vertex 81.73037458039364 -88.96079666466687 82
      vertex 81.77091205130642 -80.92944634408754 82
      vertex 81.4970214963422 -81.32624531648159 82
    endloop
  endfacet
  facet normal 0 0 1
    outer loop
      vertex 82.21762124299265 -88.83240573305876 82
      vertex 81.9418836348521 -80.47863132857512 82
      vertex 81.77091205130642 -80.92944634408754 82
    endloop
  endfacet
  facet normal 0 0 1
    outer loop
      vertex 82.21762124299265 -88.83240573305876 82
      vertex 82 -80 82
      vertex 81.9418836348521 -80.47863132857512 82
    endloop
  endfacet
  facet normal 0 0 1
    outer loop
      vertex 82.21762124299265 -88.83240573305876 82
      vertex 82.43506642775525 -89.04985091782136 82
      vertex 82.2249378112917 -70.89284475064335 82
    endloop
  endfacet
  facet normal 0 0 1
    outer loop
      vertex 82.43506642775525 -89.04985091782136 82
      vertex 82.6986448766714 -88.68134637604838 82
      vertex 82.2249378112917 -70.89284475064335 82
    endloop
  endfacet
  facet normal 0 0 1
    outer loop
      vertex 82.6986448766714 -88.68134637604838 82
      vertex 82.9218758535282 -88.90457735290519 82
      vertex 82.70648700630895 -71.0241683903562 82
    endloop
  endfacet
  facet normal 0 0 1
    outer loop
      vertex 82.9218758535282 -88.90457735290519 82
      vertex 83.1720759419657 -88.50782051207878 82
      vertex 82.70648700630895 -71.0241683903562 82
    endloop
  endfacet
  facet normal 0 0 1
    outer loop
      vertex 83.39816031441114 -88.73390488452422 82
      vertex 83.18036436985653 -71.18093499995906 82
      vertex 83.1720759419657 -88.50782051207878 82
    endloop
  endfacet
  facet normal 0 0 1
    outer loop
      vertex 83.39816031441114 -88.73390488452422 82
      vertex 83.63656627957654 -88.31208841871299 82
      vertex 83.18036436985653 -71.18093499995906 82
    endloop
  endfacet
  facet normal 0 0 1
    outer loop
      vertex 83.63656627957654 -88.31208841871299 82
      vertex 83.8629726267226 -88.53849476585904 82
      vertex 83.64522664506238 -71.36270020746488 82
    endloop
  endfacet
  facet normal 0 0 1
    outer loop
      vertex 83.8629726267226 -88.53849476585904 82
      vertex 84.09079294720752 -88.09446857064411 82
      vertex 83.64522664506238 -71.36270020746488 82
    endloop
  endfacet
  facet normal 0 0 1
    outer loop
      vertex 84.31534809317174 -88.31902371660833 82
      vertex 84.09975612930177 -71.56894877964481 82
      vertex 84.09079294720752 -88.09446857064411 82
    endloop
  endfacet
  facet normal 0 0 1
    outer loop
      vertex 84.31534809317174 -88.31902371660833 82
      vertex 84.53346198523626 -87.85533732454537 82
      vertex 84.09975612930177 -71.56894877964481 82
    endloop
  endfacet
  facet normal 0 0 1
    outer loop
      vertex 82.21762124299265 -88.83240573305876 82
      vertex 82.2249378112917 -70.89284475064335 82
      vertex 82 -80 82
    endloop
  endfacet
  facet normal 0 0 1
    outer loop
      vertex 84.31534809317174 -88.31902371660833 82
      vertex 84.41813956337602 -88.26561044643468 82
      vertex 84.53346198523626 -87.85533732454537 82
    endloop
  endfacet
  facet normal 0 0 1
    outer loop
      vertex 84.75431479973956 -88.07619013904868 82
      vertex 84.85241847331513 -88.01838311214522 82
      vertex 84.9633121005069 -87.59512845019314 82
    endloop
  endfacet
  facet normal 0 0 1
    outer loop
      vertex 85.17890194326324 -87.81071829294949 82
      vertex 85.27248149555263 -87.74863990755662 82
      vertex 85.37911825776175 -87.31433250770517 82
    endloop
  endfacet
  facet normal 0 0 1
    outer loop
      vertex 85.58814664768185 -87.52336089762528 82
      vertex 85.6773313334244 -87.45710194117679 82
      vertex 85.77969516849181 -87.01349607115053 82
    endloop
  endfacet
  facet normal 0 0 1
    outer loop
      vertex 84.75431479973956 -88.07619013904868 82
      vertex 84.5426644093686 -71.79909608251286 82
      vertex 84.53346198523626 -87.85533732454537 82
    endloop
  endfacet
  facet normal 0 0 1
    outer loop
      vertex 84.75431479973956 -88.07619013904868 82
      vertex 84.9633121005069 -87.59512845019314 82
      vertex 84.5426644093686 -71.79909608251286 82
    endloop
  endfacet
  facet normal 0 0 1
    outer loop
      vertex 84.9633121005069 -87.59512845019314 82
      vertex 85.17890194326324 -87.81071829294949 82
      vertex 84.97269601362258 -72.05248973853433 82
    endloop
  endfacet
  facet normal 0 0 1
    outer loop
      vertex 85.17890194326324 -87.81071829294949 82
      vertex 85.37911825776175 -87.31433250770517 82
      vertex 84.97269601362258 -72.05248973853433 82
    endloop
  endfacet
  facet normal 0 0 1
    outer loop
      vertex 85.58814664768185 -87.52336089762528 82
      vertex 85.77969516849181 -87.01349607115053 82
      vertex 85.38863197076006 -72.32841147586092 82
    endloop
  endfacet
  facet normal 0 0 1
    outer loop
      vertex 85.37911825776175 -87.31433250770517 82
      vertex 85.58814664768185 -87.52336089762528 82
      vertex 85.38863197076006 -72.32841147586092 82
    endloop
  endfacet
  facet normal 0 0 1
    outer loop
      vertex 85.98109958492257 -87.21490048758129 82
      vertex 85.78929326512055 -72.62607916435023 82
      vertex 85.77969516849181 -87.01349607115053 82
    endloop
  endfacet
  facet normal 0 0 1
    outer loop
      vertex 85.98109958492257 -87.21490048758129 82
      vertex 86.16901098614014 -86.88512191714901 82
      vertex 85.78929326512055 -72.62607916435023 82
    endloop
  endfacet
  facet normal 0 0 1
    outer loop
      vertex 86.2762478104932 -86.9605393998362 82
      vertex 86.35682961660109 -86.88614974853074 82
      vertex 86.17354417873474 -72.9446490325987 82
    endloop
  endfacet
  facet normal 0 0 1
    outer loop
      vertex 86.16901098614014 -86.88512191714901 82
      vertex 86.2762478104932 -86.9605393998362 82
      vertex 86.17354417873474 -72.9446490325987 82
    endloop
  endfacet
  facet normal 0 0 1
    outer loop
      vertex 86.35682961660109 -86.88614974853074 82
      vertex 86.53571851852716 -86.54490814402526 82
      vertex 86.17354417873474 -72.9446490325987 82
    endloop
  endfacet
  facet normal 0 0 1
    outer loop
      vertex 86.63792784025816 -86.61651505368611 82
      vertex 86.71442760013191 -86.53795098808372 82
      vertex 86.54029551064048 -73.2832180597033 82
    endloop
  endfacet
  facet normal 0 0 1
    outer loop
      vertex 86.53571851852716 -86.54490814402526 82
      vertex 86.63792784025816 -86.61651505368611 82
      vertex 86.54029551064048 -73.2832180597033 82
    endloop
  endfacet
  facet normal 0 0 1
    outer loop
      vertex 86.71442760013191 -86.53795098808372 82
      vertex 86.88390701762741 -86.1864113984931 82
      vertex 86.54029551064048 -73.2832180597033 82
    endloop
  endfacet
  facet normal 0 0 1
    outer loop
      vertex 86.9805868082172 -86.2539420682782 82
      vertex 87.05300944760221 -86.17117484023976 82
      vertex 86.88850766434126 -73.64082653497235 82
    endloop
  endfacet
  facet normal 0 0 1
    outer loop
      vertex 86.88390701762741 -86.1864113984931 82
      vertex 86.9805868082172 -86.2539420682782 82
      vertex 86.88850766434126 -73.64082653497235 82
    endloop
  endfacet
  facet normal 0 0 1
    outer loop
      vertex 87.05300944760221 -86.17117484023976 82
      vertex 87.2125841796153 -85.8104478896533 82
      vertex 86.88850766434126 -73.64082653497235 82
    endloop
  endfacet
  facet normal 0 0 1
    outer loop
      vertex 87.30339412997792 -85.87374414058685 82
      vertex 87.3717184809835 -85.78671825808445 82
      vertex 87.21719359465537 -74.01646077832982 82
    endloop
  endfacet
  facet normal 0 0 1
    outer loop
      vertex 87.2125841796153 -85.8104478896533 82
      vertex 87.30339412997792 -85.87374414058685 82
      vertex 87.21719359465537 -74.01646077832982 82
    endloop
  endfacet
  facet normal 0 0 1
    outer loop
      vertex 87.3717184809835 -85.78671825808445 82
      vertex 87.52081289564549 -85.41787913133216 82
      vertex 87.21719359465537 -74.01646077832982 82
    endloop
  endfacet
  facet normal 0 0 1
    outer loop
      vertex 87.60554893367011 -85.47686978457033 82
      vertex 87.66972708780088 -85.38550180965541 82
      vertex 87.52542160560279 -74.40905601370154 82
    endloop
  endfacet
  facet normal 0 0 1
    outer loop
      vertex 87.52081289564549 -85.41787913133216 82
      vertex 87.60554893367011 -85.47686978457033 82
      vertex 87.52542160560279 -74.40905601370154 82
    endloop
  endfacet
  facet normal 0 0 1
    outer loop
      vertex 87.66972708780088 -85.38550180965541 82
      vertex 87.80771389475075 -85.00960899536976 82
      vertex 87.52542160560279 -74.40905601370154 82
    endloop
  endfacet
  facet normal 0 0 1
    outer loop
      vertex 87.88628168343378 -85.06428964635275 82
      vertex 87.94623764295964 -84.96846625351667 82
      vertex 87.81231799139857 -74.81749938723881 82
    endloop
  endfacet
  facet normal 0 0 1
    outer loop
      vertex 87.80771389475075 -85.00960899536976 82
      vertex 87.88628168343378 -85.06428964635275 82
      vertex 87.81231799139857 -74.81749938723881 82
    endloop
  endfacet
  facet normal 0 0 1
    outer loop
      vertex 88.14485507115101 -84.6369931347642 82
      vertex 88.2004826209177 -84.53656832903546 82
      vertex 88.07706951306693 -78.07218959260014 82
    endloop
  endfacet
  facet normal 0 0 1
    outer loop
      vertex 88.0724682236694 -84.58658067778242 82
      vertex 88.14485507115101 -84.6369931347642 82
      vertex 88.07706951306693 -78.07218959260014 82
    endloop
  endfacet
  facet normal 0 0 1
    outer loop
      vertex 88.2004826209177 -84.53656832903546 82
      vertex 88.31431955685639 -84.149773597052 82
      vertex 88.07706951306693 -78.07218959260014 82
    endloop
  endfacet
  facet normal 0 0 1
    outer loop
      vertex 88.38056409861512 -84.19598430411594 82
      vertex 88.4317237731685 -84.09077564707087 82
      vertex 88.07706951306693 -78.07218959260014 82
    endloop
  endfacet
  facet normal 0 0 1
    outer loop
      vertex 88.31431955685639 -84.149773597052 82
      vertex 88.38056409861512 -84.19598430411594 82
      vertex 88.07706951306693 -78.07218959260014 82
    endloop
  endfacet
  facet normal 0 0 1
    outer loop
      vertex 88.4317237731685 -84.09077564707087 82
      vertex 88.53257633044187 -83.70020024503053 82
      vertex 88.07706951306693 -78.07218959260014 82
    endloop
  endfacet
  facet normal 0 0 1
    outer loop
      vertex 88.53257633044187 -83.70020024503053 82
      vertex 88.59273522216924 -83.74227687786534 82
      vertex 88.07706951306693 -78.07218959260014 82
    endloop
  endfacet
  facet normal 0 0 1
    outer loop
      vertex 88.59273522216924 -83.74227687786534 82
      vertex 88.63925018318768 -83.63206050388526 82
      vertex 88.07706951306693 -78.07218959260014 82
    endloop
  endfacet
  facet normal 0 0 1
    outer loop
      vertex 88.63925018318768 -83.63206050388526 82
      vertex 88.72661369442845 -83.23890301216085 82
      vertex 88.07706951306693 -78.07218959260014 82
    endloop
  endfacet
  facet normal 0 0 1
    outer loop
      vertex 87.94623764295964 -84.96846625351667 82
      vertex 88.0724682236694 -84.58658067778242 82
      vertex 87.81231799139857 -74.81749938723881 82
    endloop
  endfacet
  facet normal 0 0 1
    outer loop
      vertex 88.78072436691649 -83.27688823948732 82
      vertex 88.82237492641077 -83.16139235638991 82
      vertex 88.07706951306693 -78.07218959260014 82
    endloop
  endfacet
  facet normal 0 0 1
    outer loop
      vertex 88.72661369442845 -83.23890301216085 82
      vertex 88.78072436691649 -83.27688823948732 82
      vertex 88.07706951306693 -78.07218959260014 82
    endloop
  endfacet
  facet normal 0 0 1
    outer loop
      vertex 88.0724682236694 -84.58658067778242 82
      vertex 88.07706951306693 -78.07218959260014 82
      vertex 87.81231799139857 -74.81749938723881 82
    endloop
  endfacet
  facet normal 0 0 1
    outer loop
      vertex 88.82237492641077 -83.16139235638991 82
      vertex 88.89587527796236 -82.76695100987932 82
      vertex 88.07706951306693 -78.07218959260014 82
    endloop
  endfacet
  facet normal 0 0 1
    outer loop
      vertex 88.94391352907049 -82.80083213195748 82
      vertex 88.07706951306693 -78.07218959260014 82
      vertex 88.89587527796236 -82.76695100987932 82
    endloop
  endfacet
  facet normal 0 0 1
    outer loop
      vertex 88.94391352907049 -82.80083213195748 82
      vertex 88.98042994435234 -82.67972857823871 82
      vertex 88.07706951306693 -78.07218959260014 82
    endloop
  endfacet
  facet normal 0 0 1
    outer loop
      vertex 88.98042994435234 -82.67972857823871 82
      vertex 89.03987476307299 -82.28543691414845 82
      vertex 88.07706951306693 -78.07218959260014 82
    endloop
  endfacet
  facet normal 0 0 1
    outer loop
      vertex 89.03987476307299 -82.28543691414845 82
      vertex 89.08170555959131 -82.31510968704933 82
      vertex 88.07706951306693 -78.07218959260014 82
    endloop
  endfacet
  facet normal 0 0 1
    outer loop
      vertex 89.08170555959131 -82.31510968704933 82
      vertex 89.1127585710248 -82.18800294516666 82
      vertex 88.07706951306693 -78.07218959260014 82
    endloop
  endfacet
  facet normal 0 0 1
    outer loop
      vertex 89.1127585710248 -82.18800294516666 82
      vertex 89.15819726284438 -81.7954738550209 82
      vertex 88.07706951306693 -78.07218959260014 82
    endloop
  endfacet
  facet normal 0 0 1
    outer loop
      vertex 89.19351653919138 -81.82069823030149 82
      vertex 89.21870489681397 -81.68711104477663 82
      vertex 88.07706951306693 -78.07218959260014 82
    endloop
  endfacet
  facet normal 0 0 1
    outer loop
      vertex 89.15819726284438 -81.7954738550209 82
      vertex 89.19351653919138 -81.82069823030149 82
      vertex 88.07706951306693 -78.07218959260014 82
    endloop
  endfacet
  facet normal 0 0 1
    outer loop
      vertex 89.21870489681397 -81.68711104477663 82
      vertex 89.25050050056136 -81.29819237791281 82
      vertex 88.07706951306693 -78.07218959260014 82
    endloop
  endfacet
  facet normal 0 0 1
    outer loop
      vertex 89.27876488070514 -81.3185370450766 82
      vertex 89.29759877173477 -81.17789142252853 82
      vertex 88.07706951306693 -78.07218959260014 82
    endloop
  endfacet
  facet normal 0 0 1
    outer loop
      vertex 89.25050050056136 -81.29819237791281 82
      vertex 89.27876488070514 -81.3185370450766 82
      vertex 88.07706951306693 -78.07218959260014 82
    endloop
  endfacet
  facet normal 0 0 1
    outer loop
      vertex 89.33685587447579 -80.80950887678485 82
      vertex 89.34873465589357 -80.66110068134716 82
      vertex 89.35604879326846 -80.28626590775907 82
    endloop
  endfacet
  facet normal 0 0 1
    outer loop
      vertex 89.29759877173477 -81.17789142252853 82
      vertex 89.31651578695629 -80.79473750279838 82
      vertex 88.07706951306693 -78.07218959260014 82
    endloop
  endfacet
  facet normal 0 0 1
    outer loop
      vertex 89.31651578695629 -80.79473750279838 82
      vertex 89.33685587447579 -80.80950887678485 82
      vertex 88.07706951306693 -78.07218959260014 82
    endloop
  endfacet
  facet normal 0 0 1
    outer loop
      vertex 89.33685587447579 -80.80950887678485 82
      vertex 89.35604879326846 -80.28626590775907 82
      vertex 88.07706951306693 -78.07218959260014 82
    endloop
  endfacet
  facet normal 0 0 1
    outer loop
      vertex 89.35604879326846 -80.28626590775907 82
      vertex 89.35624179614497 -79.43269017972067 82
      vertex 88.07706951306693 -78.07218959260014 82
    endloop
  endfacet
  facet normal 0 0 1
    outer loop
      vertex 89.35624179614497 -79.43269017972067 82
      vertex 89.34933827231657 -79.34644063294468 82
      vertex 88.07706951306693 -78.07218959260014 82
    endloop
  endfacet
  facet normal 0 0 1
    outer loop
      vertex 89.3671597319902 -80.29441532632464 82
      vertex 89.37134158136304 -80.13737980837954 82
      vertex 89.36898011841134 -79.7739432631454 82
    endloop
  endfacet
  facet normal 0 0 1
    outer loop
      vertex 89.35604879326846 -80.28626590775907 82
      vertex 89.3671597319902 -80.29441532632464 82
      vertex 89.36171277196965 -79.60438028443959 82
    endloop
  endfacet
  facet normal 0 0 1
    outer loop
      vertex 89.3671597319902 -80.29441532632464 82
      vertex 89.36898011841134 -79.7739432631454 82
      vertex 89.36171277196965 -79.60438028443959 82
    endloop
  endfacet
  facet normal 0 0 1
    outer loop
      vertex 89.36898011841134 -79.7739432631454 82
      vertex 89.36453995093392 -79.60720746340385 82
      vertex 89.36171277196965 -79.60438028443959 82
    endloop
  endfacet
  facet normal 0 0 1
    outer loop
      vertex 89.35604879326846 -80.28626590775907 82
      vertex 89.36171277196965 -79.60438028443959 82
      vertex 89.35624179614497 -79.43269017972067 82
    endloop
  endfacet
  facet normal 0 0 1
    outer loop
      vertex 78.2629182116833 -70.78733633194511 82
      vertex 78.8638705065377 -78.35403226821269 82
      vertex 79.29079022591493 -78.12996751462917 82
    endloop
  endfacet
  facet normal 0 0 1
    outer loop
      vertex 79.25200526043984 -70.65488743408672 82
      vertex 79.29079022591493 -78.12996751462917 82
      vertex 79.75892663948936 -78.01458225180389 82
    endloop
  endfacet
  facet normal 0 0 1
    outer loop
      vertex 79.75043261152086 -70.62832239571763 82
      vertex 79.75892663948936 -78.01458225180389 82
      vertex 80.24107336051064 -78.01458225180389 82
    endloop
  endfacet
  facet normal 0 0 1
    outer loop
      vertex 78.2629182116833 -70.78733633194511 82
      vertex 79.29079022591493 -78.12996751462917 82
      vertex 78.7556981817151 -70.70794220933743 82
    endloop
  endfacet
  facet normal 0 0 1
    outer loop
      vertex 78.7556981817151 -70.70794220933743 82
      vertex 79.29079022591493 -78.12996751462917 82
      vertex 79.25200526043984 -70.65488743408672 82
    endloop
  endfacet
  facet normal 0 0 1
    outer loop
      vertex 80.24956738847914 -70.62832239571763 82
      vertex 80.24107336051064 -78.01458225180389 82
      vertex 80.70920977408507 -78.12996751462917 82
    endloop
  endfacet
  facet normal 0 0 1
    outer loop
      vertex 80.74799473956016 -70.65488743408672 82
      vertex 80.70920977408507 -78.12996751462917 82
      vertex 81.1361294934623 -78.35403226821269 82
    endloop
  endfacet
  facet normal 0 0 1
    outer loop
      vertex 81.2443018182849 -70.70794220933743 82
      vertex 81.1361294934623 -78.35403226821269 82
      vertex 81.4970214963422 -78.67375468351841 82
    endloop
  endfacet
  facet normal 0 0 1
    outer loop
      vertex 80.24956738847914 -70.62832239571763 82
      vertex 80.70920977408507 -78.12996751462917 82
      vertex 80.74799473956016 -70.65488743408672 82
    endloop
  endfacet
  facet normal 0 0 1
    outer loop
      vertex 80.74799473956016 -70.65488743408672 82
      vertex 81.1361294934623 -78.35403226821269 82
      vertex 81.2443018182849 -70.70794220933743 82
    endloop
  endfacet
  facet normal 0 0 1
    outer loop
      vertex 81.2443018182849 -70.70794220933743 82
      vertex 81.4970214963422 -78.67375468351841 82
      vertex 81.7370817883167 -70.78733633194511 82
    endloop
  endfacet
  facet normal 0 0 1
    outer loop
      vertex 81.7370817883167 -70.78733633194511 82
      vertex 81.9418836348521 -79.52136867142488 82
      vertex 82 -80 82
    endloop
  endfacet
  facet normal 0 0 1
    outer loop
      vertex 81.7370817883167 -70.78733633194511 82
      vertex 81.77091205130642 -79.07055365591246 82
      vertex 81.9418836348521 -79.52136867142488 82
    endloop
  endfacet
  facet normal 0 0 1
    outer loop
      vertex 81.7370817883167 -70.78733633194511 82
      vertex 81.4970214963422 -78.67375468351841 82
      vertex 81.77091205130642 -79.07055365591246 82
    endloop
  endfacet
  facet normal 0 0 1
    outer loop
      vertex 82.6986448766714 -88.68134637604838 82
      vertex 82.70648700630895 -71.0241683903562 82
      vertex 82.2249378112917 -70.89284475064335 82
    endloop
  endfacet
  facet normal 0 0 1
    outer loop
      vertex 83.1720759419657 -88.50782051207878 82
      vertex 83.18036436985653 -71.18093499995906 82
      vertex 82.70648700630895 -71.0241683903562 82
    endloop
  endfacet
  facet normal 0 0 1
    outer loop
      vertex 83.63656627957654 -88.31208841871299 82
      vertex 83.64522664506238 -71.36270020746488 82
      vertex 83.18036436985653 -71.18093499995906 82
    endloop
  endfacet
  facet normal 0 0 1
    outer loop
      vertex 84.09079294720752 -88.09446857064411 82
      vertex 84.09975612930177 -71.56894877964481 82
      vertex 83.64522664506238 -71.36270020746488 82
    endloop
  endfacet
  facet normal 0 0 1
    outer loop
      vertex 81.7370817883167 -70.78733633194511 82
      vertex 82 -80 82
      vertex 82.2249378112917 -70.89284475064335 82
    endloop
  endfacet
  facet normal 0 0 1
    outer loop
      vertex 79.25200526043984 -70.65488743408672 82
      vertex 79.75892663948936 -78.01458225180389 82
      vertex 79.75043261152086 -70.62832239571763 82
    endloop
  endfacet
  facet normal 0 0 1
    outer loop
      vertex 79.75043261152086 -70.62832239571763 82
      vertex 80.24107336051064 -78.01458225180389 82
      vertex 80.24956738847914 -70.62832239571763 82
    endloop
  endfacet
  facet normal 0 0 1
    outer loop
      vertex 84.53346198523626 -87.85533732454537 82
      vertex 84.5426644093686 -71.79909608251286 82
      vertex 84.09975612930177 -71.56894877964481 82
    endloop
  endfacet
  facet normal 0 0 1
    outer loop
      vertex 84.9633121005069 -87.59512845019314 82
      vertex 84.97269601362258 -72.05248973853433 82
      vertex 84.5426644093686 -71.79909608251286 82
    endloop
  endfacet
  facet normal 0 0 1
    outer loop
      vertex 85.37911825776175 -87.31433250770517 82
      vertex 85.38863197076006 -72.32841147586092 82
      vertex 84.97269601362258 -72.05248973853433 82
    endloop
  endfacet
  facet normal 0 0 1
    outer loop
      vertex 85.77969516849181 -87.01349607115053 82
      vertex 85.78929326512055 -72.62607916435023 82
      vertex 85.38863197076006 -72.32841147586092 82
    endloop
  endfacet
  facet normal 0 0 1
    outer loop
      vertex 86.16901098614014 -86.88512191714901 82
      vertex 86.17354417873474 -72.9446490325987 82
      vertex 85.78929326512055 -72.62607916435023 82
    endloop
  endfacet
  facet normal 0 0 1
    outer loop
      vertex 86.53571851852716 -86.54490814402526 82
      vertex 86.54029551064048 -73.2832180597033 82
      vertex 86.17354417873474 -72.9446490325987 82
    endloop
  endfacet
  facet normal 0 0 1
    outer loop
      vertex 86.88390701762741 -86.1864113984931 82
      vertex 86.88850766434126 -73.64082653497235 82
      vertex 86.54029551064048 -73.2832180597033 82
    endloop
  endfacet
  facet normal 0 0 1
    outer loop
      vertex 87.2125841796153 -85.8104478896533 82
      vertex 87.21719359465537 -74.01646077832982 82
      vertex 86.88850766434126 -73.64082653497235 82
    endloop
  endfacet
  facet normal 0 0 1
    outer loop
      vertex 87.80771389475075 -85.00960899536976 82
      vertex 87.81231799139857 -74.81749938723881 82
      vertex 87.52542160560279 -74.40905601370154 82
    endloop
  endfacet
  facet normal 0 0 1
    outer loop
      vertex 87.52081289564549 -85.41787913133216 82
      vertex 87.52542160560279 -74.40905601370154 82
      vertex 87.21719359465537 -74.01646077832982 82
    endloop
  endfacet
  facet normal 0 0 1
    outer loop
      vertex 88.07706951306693 -78.07218959260014 82
      vertex 88 -75.11745834012194 82
      vertex 87.81231799139857 -74.81749938723881 82
    endloop
  endfacet
  facet normal -0.6382441836448258 -0.7698339834299014 0
    outer loop
      vertex -86.17354417873473 72.9446490325987 2
      vertex -85.78929326512055 72.62607916435023 2
      vertex -86.17354417873473 72.9446490325987 82
    endloop
  endfacet
  facet normal -0.5528000653611996 -0.8333139190825108 0
    outer loop
      vertex -85.38863197076006 72.32841147586092 2
      vertex -84.97269601362258 72.05248973853433 2
      vertex -85.38863197076006 72.32841147586092 82
    endloop
  endfacet
  facet normal -0.5963673585384979 -0.8027116379309662 0
    outer loop
      vertex -85.78929326512055 72.62607916435023 2
      vertex -85.38863197076006 72.32841147586092 2
      vertex -85.78929326512055 72.62607916435023 82
    endloop
  endfacet
  facet normal -0.5076658003388472 -0.8615540813938017 0
    outer loop
      vertex -84.97269601362258 72.05248973853433 2
      vertex -84.5426644093686 71.79909608251286 2
      vertex -84.97269601362258 72.05248973853433 82
    endloop
  endfacet
  facet normal -0.46109250144932856 -0.8873520750565701 0
    outer loop
      vertex -84.5426644093686 71.79909608251286 2
      vertex -84.09975612930177 71.56894877964481 2
      vertex -84.5426644093686 71.79909608251286 82
    endloop
  endfacet
  facet normal -0.7865515558026326 -0.6175246149462046 0
    outer loop
      vertex -87.21719359465537 74.01646077832982 2
      vertex -87.52542160560279 74.40905601370154 82
      vertex -87.52542160560279 74.40905601370154 2
    endloop
  endfacet
  facet normal -0.8183027759081798 -0.5747874102143915 0
    outer loop
      vertex -87.52542160560279 74.40905601370154 2
      vertex -87.81231799139857 74.81749938723881 82
      vertex -87.81231799139857 74.81749938723881 2
    endloop
  endfacet
  facet normal -0.8477344278896735 -0.5304209081197384 0
    outer loop
      vertex -88 75.11745834012194 2
      vertex -87.81231799139857 74.81749938723881 2
      vertex -87.81231799139857 74.81749938723881 82
    endloop
  endfacet
  facet normal -0.7164567402982963 -0.697631521135004 0
    outer loop
      vertex -86.88850766434126 73.64082653497235 2
      vertex -86.54029551064048 73.2832180597033 2
      vertex -86.88850766434126 73.64082653497235 82
    endloop
  endfacet
  facet normal -0.7525707698561495 -0.6585113790650259 0
    outer loop
      vertex -87.21719359465537 74.01646077832982 2
      vertex -86.88850766434126 73.64082653497235 2
      vertex -87.21719359465537 74.01646077832982 82
    endloop
  endfacet
  facet normal -0.6783118362696178 -0.7347741508630657 0
    outer loop
      vertex -86.17354417873473 72.9446490325987 2
      vertex -86.54029551064048 73.2832180597033 82
      vertex -86.54029551064048 73.2832180597033 2
    endloop
  endfacet
  facet normal -0.4132121857683607 -0.9106347728549211 0
    outer loop
      vertex -84.09975612930177 71.56894877964481 2
      vertex -83.64522664506238 71.36270020746488 2
      vertex -84.09975612930177 71.56894877964481 82
    endloop
  endfacet
  facet normal -0.3641605752528299 -0.9313361774523353 0
    outer loop
      vertex -83.64522664506238 71.36270020746488 2
      vertex -83.18036436985653 71.18093499995906 2
      vertex -83.64522664506238 71.36270020746488 82
    endloop
  endfacet
  facet normal -0.314076712021957 -0.9493976084683785 0
    outer loop
      vertex -83.18036436985653 71.18093499995906 2
      vertex -82.70648700630895 71.0241683903562 2
      vertex -83.18036436985653 71.18093499995906 82
    endloop
  endfacet
  facet normal -0.26310256422750294 -0.964767868814521 0
    outer loop
      vertex -82.70648700630895 71.0241683903562 2
      vertex -82.2249378112917 70.89284475064335 2
      vertex -82.70648700630895 71.0241683903562 82
    endloop
  endfacet
  facet normal -0.21138262362963703 -0.9774033898178639 0
    outer loop
      vertex -82.2249378112917 70.89284475064335 2
      vertex -81.73708178831669 70.78733633194511 2
      vertex -82.2249378112917 70.89284475064335 82
    endloop
  endfacet
  facet normal -0.15906349601907174 -0.9872683547213446 0
    outer loop
      vertex -81.73708178831669 70.78733633194511 2
      vertex -81.2443018182849 70.70794220933743 2
      vertex -81.73708178831669 70.78733633194511 82
    endloop
  endfacet
  facet normal -0.10629348564736353 -0.9943348002101373 0
    outer loop
      vertex -81.2443018182849 70.70794220933743 2
      vertex -80.74799473956016 70.65488743408672 2
      vertex -81.2443018182849 70.70794220933743 82
    endloop
  endfacet
  facet normal -0.05322217484217851 -0.9985826956767619 0
    outer loop
      vertex -80.74799473956016 70.65488743408672 2
      vertex -80.24956738847914 70.62832239571763 2
      vertex -80.74799473956016 70.65488743408672 82
    endloop
  endfacet
  facet normal 0 -1 0
    outer loop
      vertex -80.24956738847914 70.62832239571763 2
      vertex -79.75043261152086 70.62832239571763 2
      vertex -80.24956738847914 70.62832239571763 82
    endloop
  endfacet
  facet normal 0.05322217484217851 -0.9985826956767619 0
    outer loop
      vertex -79.75043261152086 70.62832239571763 2
      vertex -79.25200526043984 70.65488743408672 2
      vertex -79.75043261152086 70.62832239571763 82
    endloop
  endfacet
  facet normal 0.10629348564736353 -0.9943348002101373 0
    outer loop
      vertex -79.25200526043984 70.65488743408672 2
      vertex -78.7556981817151 70.70794220933743 2
      vertex -79.25200526043984 70.65488743408672 82
    endloop
  endfacet
  facet normal 0.15906349601907174 -0.9872683547213446 0
    outer loop
      vertex -78.7556981817151 70.70794220933743 2
      vertex -78.26291821168331 70.78733633194511 2
      vertex -78.7556981817151 70.70794220933743 82
    endloop
  endfacet
  facet normal 0.21138262362963703 -0.9774033898178639 0
    outer loop
      vertex -78.26291821168331 70.78733633194511 2
      vertex -77.7750621887083 70.89284475064335 2
      vertex -78.26291821168331 70.78733633194511 82
    endloop
  endfacet
  facet normal 0.26310256422750294 -0.964767868814521 0
    outer loop
      vertex -77.7750621887083 70.89284475064335 2
      vertex -77.29351299369105 71.0241683903562 2
      vertex -77.7750621887083 70.89284475064335 82
    endloop
  endfacet
  facet normal 0.314076712021957 -0.9493976084683785 0
    outer loop
      vertex -77.29351299369105 71.0241683903562 2
      vertex -76.81963563014347 71.18093499995906 2
      vertex -77.29351299369105 71.0241683903562 82
    endloop
  endfacet
  facet normal 0.3641605752528299 -0.9313361774523353 0
    outer loop
      vertex -76.81963563014347 71.18093499995906 2
      vertex -76.35477335493762 71.36270020746488 2
      vertex -76.81963563014347 71.18093499995906 82
    endloop
  endfacet
  facet normal 0.4132121857683843 -0.9106347728549105 0
    outer loop
      vertex -76.35477335493762 71.36270020746488 2
      vertex -75.90024387069823 71.56894877964483 2
      vertex -76.35477335493762 71.36270020746488 82
    endloop
  endfacet
  facet normal 0.4610925014493062 -0.8873520750565818 0
    outer loop
      vertex -75.90024387069823 71.56894877964483 2
      vertex -75.4573355906314 71.79909608251286 2
      vertex -75.90024387069823 71.56894877964483 82
    endloop
  endfacet
  facet normal 0.5076658003388472 -0.8615540813938017 0
    outer loop
      vertex -75.4573355906314 71.79909608251286 2
      vertex -75.02730398637742 72.05248973853433 2
      vertex -75.4573355906314 71.79909608251286 82
    endloop
  endfacet
  facet normal 0.5528000653611996 -0.8333139190825108 0
    outer loop
      vertex -75.02730398637742 72.05248973853433 2
      vertex -74.61136802923994 72.32841147586092 2
      vertex -75.02730398637742 72.05248973853433 82
    endloop
  endfacet
  facet normal 0.5963673585384979 -0.8027116379309662 0
    outer loop
      vertex -74.61136802923994 72.32841147586092 2
      vertex -74.21070673487945 72.62607916435023 2
      vertex -74.61136802923994 72.32841147586092 82
    endloop
  endfacet
  facet normal 0.6382441836448118 -0.769833983429913 0
    outer loop
      vertex -74.21070673487945 72.62607916435023 2
      vertex -73.82645582126526 72.9446490325987 2
      vertex -74.21070673487945 72.62607916435023 82
    endloop
  endfacet
  facet normal 0.6783118362696178 -0.7347741508630657 0
    outer loop
      vertex -73.82645582126526 72.9446490325987 2
      vertex -73.45970448935951 73.2832180597033 2
      vertex -73.82645582126526 72.9446490325987 82
    endloop
  endfacet
  facet normal 0.7164567402983248 -0.6976315211349747 0
    outer loop
      vertex -73.45970448935951 73.2832180597033 2
      vertex -73.11149233565875 73.64082653497235 2
      vertex -73.45970448935951 73.2832180597033 82
    endloop
  endfacet
  facet normal 0.7525707698561354 -0.6585113790650421 0
    outer loop
      vertex -73.11149233565875 73.64082653497235 2
      vertex -72.78280640534463 74.01646077832982 2
      vertex -73.11149233565875 73.64082653497235 82
    endloop
  endfacet
  facet normal 0.7865515558026326 -0.6175246149462046 0
    outer loop
      vertex -72.78280640534463 74.01646077832982 2
      vertex -72.47457839439721 74.40905601370154 2
      vertex -72.78280640534463 74.01646077832982 82
    endloop
  endfacet
  facet normal 0.8183027759081798 -0.5747874102143915 0
    outer loop
      vertex -72.47457839439721 74.40905601370154 2
      vertex -72.18768200860143 74.81749938723881 2
      vertex -72.47457839439721 74.40905601370154 82
    endloop
  endfacet
  facet normal 0.8477344278896692 -0.5304209081197451 0
    outer loop
      vertex -72.18768200860143 74.81749938723881 2
      vertex -71.92293048693307 75.24063312182338 2
      vertex -72.18768200860143 74.81749938723881 82
    endloop
  endfacet
  facet normal 0.8747630845319551 -0.4845508703326615 0
    outer loop
      vertex -71.92293048693307 75.24063312182338 2
      vertex -71.68107429634463 75.67725779891258 2
      vertex -71.92293048693307 75.24063312182338 82
    endloop
  endfacet
  facet normal 0.8993121301712249 -0.4373073204588436 0
    outer loop
      vertex -71.68107429634463 75.67725779891258 2
      vertex -71.46279900448519 76.12613575842146 2
      vertex -71.68107429634463 75.67725779891258 82
    endloop
  endfacet
  facet normal 0.9213119778704107 -0.38882417547332626 0
    outer loop
      vertex -71.46279900448519 76.12613575842146 2
      vertex -71.26872333638433 76.58599460700479 2
      vertex -71.46279900448519 76.12613575842146 82
    endloop
  endfacet
  facet normal 0.940700266671033 -0.3392388661180309 0
    outer loop
      vertex -71.26872333638433 76.58599460700479 2
      vertex -71.09939742060892 77.05553082479423 2
      vertex -71.26872333638433 76.58599460700479 82
    endloop
  endfacet
  facet normal 0.9574220383620021 -0.2886919473396323 0
    outer loop
      vertex -71.09939742060892 77.05553082479423 2
      vertex -70.9553012298639 77.53341346036699 2
      vertex -71.09939742060892 77.05553082479423 82
    endloop
  endfacet
  facet normal 0.9714298932647112 -0.23732669987111008 0
    outer loop
      vertex -70.9553012298639 77.53341346036699 2
      vertex -70.8368432204575 78.01828790347227 2
      vertex -70.9553012298639 77.53341346036699 82
    endloop
  endfacet
  facet normal 0.9826841245925252 -0.18528872408709146 0
    outer loop
      vertex -70.8368432204575 78.01828790347227 2
      vertex -70.7443591744874 78.50877972482121 2
      vertex -70.8368432204575 78.01828790347227 82
    endloop
  endfacet
  facet normal 0.9911528310040052 -0.13272552728373646 0
    outer loop
      vertex -70.7443591744874 78.50877972482121 2
      vertex -70.67811124802996 79.00349857205595 2
      vertex -70.7443591744874 78.50877972482121 82
    endloop
  endfacet
  facet normal 0.6382441836448118 0.769833983429913 0
    outer loop
      vertex -73.82645582126526 87.0553509674013 2
      vertex -74.21070673487945 87.37392083564977 2
      vertex -73.82645582126526 87.0553509674013 82
    endloop
  endfacet
  facet normal 0.7164567402982963 0.697631521135004 0
    outer loop
      vertex -73.45970448935952 86.7167819402967 2
      vertex -73.11149233565874 86.35917346502765 82
      vertex -73.11149233565874 86.35917346502765 2
    endloop
  endfacet
  facet normal 0.678311836269632 0.7347741508630526 0
    outer loop
      vertex -73.82645582126526 87.0553509674013 2
      vertex -73.45970448935952 86.7167819402967 82
      vertex -73.45970448935952 86.7167819402967 2
    endloop
  endfacet
  facet normal 0.5528000653611996 0.8333139190825108 0
    outer loop
      vertex -74.61136802923994 87.67158852413908 2
      vertex -75.02730398637742 87.94751026146567 2
      vertex -74.61136802923994 87.67158852413908 82
    endloop
  endfacet
  facet normal 0.5076658003388458 0.8615540813938027 0
    outer loop
      vertex -75.11638374797523 88 2
      vertex -75.11638374797523 88 82
      vertex -75.02730398637742 87.94751026146567 2
    endloop
  endfacet
  facet normal 0.5963673585384979 0.8027116379309662 0
    outer loop
      vertex -74.61136802923994 87.67158852413908 2
      vertex -74.21070673487945 87.37392083564977 82
      vertex -74.21070673487945 87.37392083564977 2
    endloop
  endfacet
  facet normal 0.996812007030749 -0.07978610555309566 0
    outer loop
      vertex -70.67811124802996 79.00349857205595 2
      vertex -70.63828722803035 79.50104211085457 2
      vertex -70.67811124802996 79.00349857205595 82
    endloop
  endfacet
  facet normal 0.9996456111234531 -0.026620521437761422 0
    outer loop
      vertex -70.63828722803035 79.50104211085457 2
      vertex -70.625 80 2
      vertex -70.63828722803035 79.50104211085457 82
    endloop
  endfacet
  facet normal 0.9996456111234531 0.026620521437761422 0
    outer loop
      vertex -70.625 80 2
      vertex -70.63828722803035 80.49895788914543 2
      vertex -70.625 80 82
    endloop
  endfacet
  facet normal 0.996812007030749 0.07978610555309566 0
    outer loop
      vertex -70.63828722803035 80.49895788914543 2
      vertex -70.67811124802996 80.99650142794405 2
      vertex -70.63828722803035 80.49895788914543 82
    endloop
  endfacet
  facet normal 0.9911528310040058 0.13272552728373274 0
    outer loop
      vertex -70.67811124802996 80.99650142794405 2
      vertex -70.7443591744874 81.4912202751788 2
      vertex -70.67811124802996 80.99650142794405 82
    endloop
  endfacet
  facet normal 0.9826841245925242 0.18528872408709662 0
    outer loop
      vertex -70.7443591744874 81.4912202751788 2
      vertex -70.8368432204575 81.98171209652773 2
      vertex -70.7443591744874 81.4912202751788 82
    endloop
  endfacet
  facet normal 0.9714298932647046 0.23732669987113694 0
    outer loop
      vertex -70.8368432204575 81.98171209652773 2
      vertex -70.95530122986392 82.46658653963301 2
      vertex -70.8368432204575 81.98171209652773 82
    endloop
  endfacet
  facet normal 0.9574220383620099 0.28869194733960624 0
    outer loop
      vertex -71.09939742060892 82.94446917520577 2
      vertex -70.95530122986392 82.46658653963301 82
      vertex -70.95530122986392 82.46658653963301 2
    endloop
  endfacet
  facet normal 0.940700266671033 0.3392388661180309 0
    outer loop
      vertex -71.09939742060892 82.94446917520577 2
      vertex -71.26872333638433 83.41400539299521 2
      vertex -71.09939742060892 82.94446917520577 82
    endloop
  endfacet
  facet normal 0.9213119778704107 0.38882417547332626 0
    outer loop
      vertex -71.26872333638433 83.41400539299521 2
      vertex -71.46279900448519 83.87386424157854 2
      vertex -71.26872333638433 83.41400539299521 82
    endloop
  endfacet
  facet normal 0.8993121301712191 0.4373073204588554 0
    outer loop
      vertex -71.46279900448519 83.87386424157854 2
      vertex -71.68107429634465 84.32274220108744 2
      vertex -71.46279900448519 83.87386424157854 82
    endloop
  endfacet
  facet normal 0.7865515558026326 0.6175246149462046 0
    outer loop
      vertex -72.47457839439721 85.59094398629846 2
      vertex -72.78280640534463 85.98353922167018 2
      vertex -72.47457839439721 85.59094398629846 82
    endloop
  endfacet
  facet normal 0.8747630845319604 0.4845508703326517 0
    outer loop
      vertex -71.68107429634465 84.32274220108744 2
      vertex -71.92293048693307 84.75936687817662 2
      vertex -71.68107429634465 84.32274220108744 82
    endloop
  endfacet
  facet normal 0.8477344278896692 0.5304209081197451 0
    outer loop
      vertex -71.92293048693307 84.75936687817662 2
      vertex -72.18768200860143 85.18250061276119 2
      vertex -71.92293048693307 84.75936687817662 82
    endloop
  endfacet
  facet normal 0.8183027759081798 0.5747874102143915 0
    outer loop
      vertex -72.47457839439721 85.59094398629846 2
      vertex -72.18768200860143 85.18250061276119 82
      vertex -72.18768200860143 85.18250061276119 2
    endloop
  endfacet
  facet normal 0.7525707698561495 0.6585113790650259 0
    outer loop
      vertex -72.78280640534463 85.98353922167018 2
      vertex -73.11149233565874 86.35917346502765 2
      vertex -72.78280640534463 85.98353922167018 82
    endloop
  endfacet
  facet normal -0.6783118362696178 -0.7347741508630657 0
    outer loop
      vertex -86.17354417873473 72.9446490325987 2
      vertex -86.17354417873473 72.9446490325987 82
      vertex -86.54029551064048 73.2832180597033 82
    endloop
  endfacet
  facet normal -0.6382441836448258 -0.7698339834299014 0
    outer loop
      vertex -85.78929326512055 72.62607916435023 2
      vertex -85.78929326512055 72.62607916435023 82
      vertex -86.17354417873473 72.9446490325987 82
    endloop
  endfacet
  facet normal -0.5528000653611996 -0.8333139190825108 0
    outer loop
      vertex -84.97269601362258 72.05248973853433 2
      vertex -84.97269601362258 72.05248973853433 82
      vertex -85.38863197076006 72.32841147586092 82
    endloop
  endfacet
  facet normal -0.5963673585384979 -0.8027116379309662 0
    outer loop
      vertex -85.38863197076006 72.32841147586092 2
      vertex -85.38863197076006 72.32841147586092 82
      vertex -85.78929326512055 72.62607916435023 82
    endloop
  endfacet
  facet normal -0.5076658003388472 -0.8615540813938017 0
    outer loop
      vertex -84.5426644093686 71.79909608251286 2
      vertex -84.5426644093686 71.79909608251286 82
      vertex -84.97269601362258 72.05248973853433 82
    endloop
  endfacet
  facet normal -0.7865515558026326 -0.6175246149462046 0
    outer loop
      vertex -87.21719359465537 74.01646077832982 2
      vertex -87.21719359465537 74.01646077832982 82
      vertex -87.52542160560279 74.40905601370154 82
    endloop
  endfacet
  facet normal -0.8477344278896735 -0.5304209081197384 0
    outer loop
      vertex -88 75.11745834012194 2
      vertex -87.81231799139857 74.81749938723881 82
      vertex -88 75.11745834012194 82
    endloop
  endfacet
  facet normal -0.8183027759081798 -0.5747874102143915 0
    outer loop
      vertex -87.52542160560279 74.40905601370154 2
      vertex -87.52542160560279 74.40905601370154 82
      vertex -87.81231799139857 74.81749938723881 82
    endloop
  endfacet
  facet normal -0.7525707698561495 -0.6585113790650259 0
    outer loop
      vertex -86.88850766434126 73.64082653497235 2
      vertex -86.88850766434126 73.64082653497235 82
      vertex -87.21719359465537 74.01646077832982 82
    endloop
  endfacet
  facet normal -0.7164567402982963 -0.697631521135004 0
    outer loop
      vertex -86.54029551064048 73.2832180597033 2
      vertex -86.54029551064048 73.2832180597033 82
      vertex -86.88850766434126 73.64082653497235 82
    endloop
  endfacet
  facet normal -0.46109250144932856 -0.8873520750565701 0
    outer loop
      vertex -84.09975612930177 71.56894877964481 2
      vertex -84.09975612930177 71.56894877964481 82
      vertex -84.5426644093686 71.79909608251286 82
    endloop
  endfacet
  facet normal -0.4132121857683607 -0.9106347728549211 0
    outer loop
      vertex -83.64522664506238 71.36270020746488 2
      vertex -83.64522664506238 71.36270020746488 82
      vertex -84.09975612930177 71.56894877964481 82
    endloop
  endfacet
  facet normal -0.3641605752528299 -0.9313361774523353 0
    outer loop
      vertex -83.18036436985653 71.18093499995906 2
      vertex -83.18036436985653 71.18093499995906 82
      vertex -83.64522664506238 71.36270020746488 82
    endloop
  endfacet
  facet normal -0.26310256422750294 -0.964767868814521 0
    outer loop
      vertex -82.2249378112917 70.89284475064335 2
      vertex -82.2249378112917 70.89284475064335 82
      vertex -82.70648700630895 71.0241683903562 82
    endloop
  endfacet
  facet normal -0.314076712021957 -0.9493976084683785 0
    outer loop
      vertex -82.70648700630895 71.0241683903562 2
      vertex -82.70648700630895 71.0241683903562 82
      vertex -83.18036436985653 71.18093499995906 82
    endloop
  endfacet
  facet normal -0.21138262362963703 -0.9774033898178639 0
    outer loop
      vertex -81.73708178831669 70.78733633194511 2
      vertex -81.73708178831669 70.78733633194511 82
      vertex -82.2249378112917 70.89284475064335 82
    endloop
  endfacet
  facet normal -0.15906349601907174 -0.9872683547213446 0
    outer loop
      vertex -81.2443018182849 70.70794220933743 2
      vertex -81.2443018182849 70.70794220933743 82
      vertex -81.73708178831669 70.78733633194511 82
    endloop
  endfacet
  facet normal -0.10629348564736353 -0.9943348002101373 0
    outer loop
      vertex -80.74799473956016 70.65488743408672 2
      vertex -80.74799473956016 70.65488743408672 82
      vertex -81.2443018182849 70.70794220933743 82
    endloop
  endfacet
  facet normal -0.05322217484217851 -0.9985826956767619 0
    outer loop
      vertex -80.24956738847914 70.62832239571763 2
      vertex -80.24956738847914 70.62832239571763 82
      vertex -80.74799473956016 70.65488743408672 82
    endloop
  endfacet
  facet normal 0 -1 0
    outer loop
      vertex -79.75043261152086 70.62832239571763 2
      vertex -79.75043261152086 70.62832239571763 82
      vertex -80.24956738847914 70.62832239571763 82
    endloop
  endfacet
  facet normal 0.05322217484217851 -0.9985826956767619 0
    outer loop
      vertex -79.25200526043984 70.65488743408672 2
      vertex -79.25200526043984 70.65488743408672 82
      vertex -79.75043261152086 70.62832239571763 82
    endloop
  endfacet
  facet normal 0.10629348564736353 -0.9943348002101373 0
    outer loop
      vertex -78.7556981817151 70.70794220933743 2
      vertex -78.7556981817151 70.70794220933743 82
      vertex -79.25200526043984 70.65488743408672 82
    endloop
  endfacet
  facet normal 0.15906349601907174 -0.9872683547213446 0
    outer loop
      vertex -78.26291821168331 70.78733633194511 2
      vertex -78.26291821168331 70.78733633194511 82
      vertex -78.7556981817151 70.70794220933743 82
    endloop
  endfacet
  facet normal 0.21138262362963703 -0.9774033898178639 0
    outer loop
      vertex -77.7750621887083 70.89284475064335 2
      vertex -77.7750621887083 70.89284475064335 82
      vertex -78.26291821168331 70.78733633194511 82
    endloop
  endfacet
  facet normal 0.26310256422750294 -0.964767868814521 0
    outer loop
      vertex -77.29351299369105 71.0241683903562 2
      vertex -77.29351299369105 71.0241683903562 82
      vertex -77.7750621887083 70.89284475064335 82
    endloop
  endfacet
  facet normal 0.314076712021957 -0.9493976084683785 0
    outer loop
      vertex -76.81963563014347 71.18093499995906 2
      vertex -76.81963563014347 71.18093499995906 82
      vertex -77.29351299369105 71.0241683903562 82
    endloop
  endfacet
  facet normal 0.3641605752528299 -0.9313361774523353 0
    outer loop
      vertex -76.35477335493762 71.36270020746488 2
      vertex -76.35477335493762 71.36270020746488 82
      vertex -76.81963563014347 71.18093499995906 82
    endloop
  endfacet
  facet normal 0.4132121857683843 -0.9106347728549105 0
    outer loop
      vertex -75.90024387069823 71.56894877964483 2
      vertex -75.90024387069823 71.56894877964483 82
      vertex -76.35477335493762 71.36270020746488 82
    endloop
  endfacet
  facet normal 0.4610925014493062 -0.8873520750565818 0
    outer loop
      vertex -75.4573355906314 71.79909608251286 2
      vertex -75.4573355906314 71.79909608251286 82
      vertex -75.90024387069823 71.56894877964483 82
    endloop
  endfacet
  facet normal 0.5076658003388472 -0.8615540813938017 0
    outer loop
      vertex -75.02730398637742 72.05248973853433 2
      vertex -75.02730398637742 72.05248973853433 82
      vertex -75.4573355906314 71.79909608251286 82
    endloop
  endfacet
  facet normal 0.5528000653611996 -0.8333139190825108 0
    outer loop
      vertex -74.61136802923994 72.32841147586092 2
      vertex -74.61136802923994 72.32841147586092 82
      vertex -75.02730398637742 72.05248973853433 82
    endloop
  endfacet
  facet normal 0.5963673585384979 -0.8027116379309662 0
    outer loop
      vertex -74.21070673487945 72.62607916435023 2
      vertex -74.21070673487945 72.62607916435023 82
      vertex -74.61136802923994 72.32841147586092 82
    endloop
  endfacet
  facet normal 0.6382441836448118 -0.769833983429913 0
    outer loop
      vertex -73.82645582126526 72.9446490325987 2
      vertex -73.82645582126526 72.9446490325987 82
      vertex -74.21070673487945 72.62607916435023 82
    endloop
  endfacet
  facet normal 0.6783118362696178 -0.7347741508630657 0
    outer loop
      vertex -73.45970448935951 73.2832180597033 2
      vertex -73.45970448935951 73.2832180597033 82
      vertex -73.82645582126526 72.9446490325987 82
    endloop
  endfacet
  facet normal 0.7164567402983248 -0.6976315211349747 0
    outer loop
      vertex -73.11149233565875 73.64082653497235 2
      vertex -73.11149233565875 73.64082653497235 82
      vertex -73.45970448935951 73.2832180597033 82
    endloop
  endfacet
  facet normal 0.7525707698561354 -0.6585113790650421 0
    outer loop
      vertex -72.78280640534463 74.01646077832982 2
      vertex -72.78280640534463 74.01646077832982 82
      vertex -73.11149233565875 73.64082653497235 82
    endloop
  endfacet
  facet normal 0.7865515558026326 -0.6175246149462046 0
    outer loop
      vertex -72.47457839439721 74.40905601370154 2
      vertex -72.47457839439721 74.40905601370154 82
      vertex -72.78280640534463 74.01646077832982 82
    endloop
  endfacet
  facet normal 0.8183027759081798 -0.5747874102143915 0
    outer loop
      vertex -72.18768200860143 74.81749938723881 2
      vertex -72.18768200860143 74.81749938723881 82
      vertex -72.47457839439721 74.40905601370154 82
    endloop
  endfacet
  facet normal 0.8477344278896692 -0.5304209081197451 0
    outer loop
      vertex -71.92293048693307 75.24063312182338 2
      vertex -71.92293048693307 75.24063312182338 82
      vertex -72.18768200860143 74.81749938723881 82
    endloop
  endfacet
  facet normal 0.8747630845319551 -0.4845508703326615 0
    outer loop
      vertex -71.68107429634463 75.67725779891258 2
      vertex -71.68107429634463 75.67725779891258 82
      vertex -71.92293048693307 75.24063312182338 82
    endloop
  endfacet
  facet normal 0.8993121301712249 -0.4373073204588436 0
    outer loop
      vertex -71.46279900448519 76.12613575842146 2
      vertex -71.46279900448519 76.12613575842146 82
      vertex -71.68107429634463 75.67725779891258 82
    endloop
  endfacet
  facet normal 0.9213119778704107 -0.38882417547332626 0
    outer loop
      vertex -71.26872333638433 76.58599460700479 2
      vertex -71.26872333638433 76.58599460700479 82
      vertex -71.46279900448519 76.12613575842146 82
    endloop
  endfacet
  facet normal 0.940700266671033 -0.3392388661180309 0
    outer loop
      vertex -71.09939742060892 77.05553082479423 2
      vertex -71.09939742060892 77.05553082479423 82
      vertex -71.26872333638433 76.58599460700479 82
    endloop
  endfacet
  facet normal 0.9574220383620021 -0.2886919473396323 0
    outer loop
      vertex -70.9553012298639 77.53341346036699 2
      vertex -70.9553012298639 77.53341346036699 82
      vertex -71.09939742060892 77.05553082479423 82
    endloop
  endfacet
  facet normal 0.9714298932647112 -0.23732669987111008 0
    outer loop
      vertex -70.8368432204575 78.01828790347227 2
      vertex -70.8368432204575 78.01828790347227 82
      vertex -70.9553012298639 77.53341346036699 82
    endloop
  endfacet
  facet normal 0.9826841245925252 -0.18528872408709146 0
    outer loop
      vertex -70.7443591744874 78.50877972482121 2
      vertex -70.7443591744874 78.50877972482121 82
      vertex -70.8368432204575 78.01828790347227 82
    endloop
  endfacet
  facet normal 0.678311836269632 0.7347741508630526 0
    outer loop
      vertex -73.82645582126526 87.0553509674013 2
      vertex -73.82645582126526 87.0553509674013 82
      vertex -73.45970448935952 86.7167819402967 82
    endloop
  endfacet
  facet normal 0.7164567402982963 0.697631521135004 0
    outer loop
      vertex -73.45970448935952 86.7167819402967 2
      vertex -73.45970448935952 86.7167819402967 82
      vertex -73.11149233565874 86.35917346502765 82
    endloop
  endfacet
  facet normal 0.5528000653611996 0.8333139190825108 0
    outer loop
      vertex -75.02730398637742 87.94751026146567 2
      vertex -75.02730398637742 87.94751026146567 82
      vertex -74.61136802923994 87.67158852413908 82
    endloop
  endfacet
  facet normal 0.5076658003388458 0.8615540813938027 0
    outer loop
      vertex -75.02730398637742 87.94751026146567 2
      vertex -75.11638374797523 88 82
      vertex -75.02730398637742 87.94751026146567 82
    endloop
  endfacet
  facet normal 0.5963673585384979 0.8027116379309662 0
    outer loop
      vertex -74.61136802923994 87.67158852413908 2
      vertex -74.61136802923994 87.67158852413908 82
      vertex -74.21070673487945 87.37392083564977 82
    endloop
  endfacet
  facet normal 0.6382441836448118 0.769833983429913 0
    outer loop
      vertex -74.21070673487945 87.37392083564977 2
      vertex -74.21070673487945 87.37392083564977 82
      vertex -73.82645582126526 87.0553509674013 82
    endloop
  endfacet
  facet normal 0.9911528310040052 -0.13272552728373646 0
    outer loop
      vertex -70.67811124802996 79.00349857205595 2
      vertex -70.67811124802996 79.00349857205595 82
      vertex -70.7443591744874 78.50877972482121 82
    endloop
  endfacet
  facet normal 0.996812007030749 -0.07978610555309566 0
    outer loop
      vertex -70.63828722803035 79.50104211085457 2
      vertex -70.63828722803035 79.50104211085457 82
      vertex -70.67811124802996 79.00349857205595 82
    endloop
  endfacet
  facet normal 0.9996456111234531 -0.026620521437761422 0
    outer loop
      vertex -70.625 80 2
      vertex -70.625 80 82
      vertex -70.63828722803035 79.50104211085457 82
    endloop
  endfacet
  facet normal 0.996812007030749 0.07978610555309566 0
    outer loop
      vertex -70.67811124802996 80.99650142794405 2
      vertex -70.67811124802996 80.99650142794405 82
      vertex -70.63828722803035 80.49895788914543 82
    endloop
  endfacet
  facet normal 0.9996456111234531 0.026620521437761422 0
    outer loop
      vertex -70.63828722803035 80.49895788914543 2
      vertex -70.63828722803035 80.49895788914543 82
      vertex -70.625 80 82
    endloop
  endfacet
  facet normal 0.9911528310040058 0.13272552728373274 0
    outer loop
      vertex -70.7443591744874 81.4912202751788 2
      vertex -70.7443591744874 81.4912202751788 82
      vertex -70.67811124802996 80.99650142794405 82
    endloop
  endfacet
  facet normal 0.9574220383620099 0.28869194733960624 0
    outer loop
      vertex -71.09939742060892 82.94446917520577 2
      vertex -71.09939742060892 82.94446917520577 82
      vertex -70.95530122986392 82.46658653963301 82
    endloop
  endfacet
  facet normal 0.9826841245925242 0.18528872408709662 0
    outer loop
      vertex -70.8368432204575 81.98171209652773 2
      vertex -70.8368432204575 81.98171209652773 82
      vertex -70.7443591744874 81.4912202751788 82
    endloop
  endfacet
  facet normal 0.9714298932647046 0.23732669987113694 0
    outer loop
      vertex -70.95530122986392 82.46658653963301 2
      vertex -70.95530122986392 82.46658653963301 82
      vertex -70.8368432204575 81.98171209652773 82
    endloop
  endfacet
  facet normal 0.940700266671033 0.3392388661180309 0
    outer loop
      vertex -71.26872333638433 83.41400539299521 2
      vertex -71.26872333638433 83.41400539299521 82
      vertex -71.09939742060892 82.94446917520577 82
    endloop
  endfacet
  facet normal 0.9213119778704107 0.38882417547332626 0
    outer loop
      vertex -71.46279900448519 83.87386424157854 2
      vertex -71.46279900448519 83.87386424157854 82
      vertex -71.26872333638433 83.41400539299521 82
    endloop
  endfacet
  facet normal 0.8993121301712191 0.4373073204588554 0
    outer loop
      vertex -71.68107429634465 84.32274220108744 2
      vertex -71.68107429634465 84.32274220108744 82
      vertex -71.46279900448519 83.87386424157854 82
    endloop
  endfacet
  facet normal 0.8477344278896692 0.5304209081197451 0
    outer loop
      vertex -72.18768200860143 85.18250061276119 2
      vertex -72.18768200860143 85.18250061276119 82
      vertex -71.92293048693307 84.75936687817662 82
    endloop
  endfacet
  facet normal 0.8747630845319604 0.4845508703326517 0
    outer loop
      vertex -71.92293048693307 84.75936687817662 2
      vertex -71.92293048693307 84.75936687817662 82
      vertex -71.68107429634465 84.32274220108744 82
    endloop
  endfacet
  facet normal 0.8183027759081798 0.5747874102143915 0
    outer loop
      vertex -72.47457839439721 85.59094398629846 2
      vertex -72.47457839439721 85.59094398629846 82
      vertex -72.18768200860143 85.18250061276119 82
    endloop
  endfacet
  facet normal 0.7525707698561495 0.6585113790650259 0
    outer loop
      vertex -73.11149233565874 86.35917346502765 2
      vertex -73.11149233565874 86.35917346502765 82
      vertex -72.78280640534463 85.98353922167018 82
    endloop
  endfacet
  facet normal 0.7865515558026326 0.6175246149462046 0
    outer loop
      vertex -72.78280640534463 85.98353922167018 2
      vertex -72.78280640534463 85.98353922167018 82
      vertex -72.47457839439721 85.59094398629846 82
    endloop
  endfacet
  facet normal 0 0 1
    outer loop
      vertex -88 75.11745834012194 82
      vertex -87.81231799139857 74.81749938723881 82
      vertex -88.07706951306693 78.07218959260014 82
    endloop
  endfacet
  facet normal 0 0 1
    outer loop
      vertex -87.21719359465537 74.01646077832982 82
      vertex -87.52081289564549 85.41787913133216 82
      vertex -87.52542160560279 74.40905601370154 82
    endloop
  endfacet
  facet normal 0 0 1
    outer loop
      vertex -87.52542160560279 74.40905601370154 82
      vertex -87.80771389475075 85.00960899536976 82
      vertex -87.81231799139857 74.81749938723881 82
    endloop
  endfacet
  facet normal 0 0 1
    outer loop
      vertex -87.21719359465537 74.01646077832982 82
      vertex -86.88850766434126 73.64082653497235 82
      vertex -87.2125841796153 85.8104478896533 82
    endloop
  endfacet
  facet normal 0 0 1
    outer loop
      vertex -86.88850766434126 73.64082653497235 82
      vertex -86.54029551064048 73.2832180597033 82
      vertex -86.88390701762742 86.18641139849312 82
    endloop
  endfacet
  facet normal 0 0 1
    outer loop
      vertex -86.17354417873473 72.9446490325987 82
      vertex -86.53571851852715 86.54490814402524 82
      vertex -86.54029551064048 73.2832180597033 82
    endloop
  endfacet
  facet normal 0 0 1
    outer loop
      vertex -86.17354417873473 72.9446490325987 82
      vertex -85.78929326512055 72.62607916435023 82
      vertex -86.16901098614012 86.88512191714901 82
    endloop
  endfacet
  facet normal 0 0 1
    outer loop
      vertex -85.78929326512055 72.62607916435023 82
      vertex -85.38863197076006 72.32841147586092 82
      vertex -85.77969516849181 87.01349607115053 82
    endloop
  endfacet
  facet normal 0 0 1
    outer loop
      vertex -85.38863197076006 72.32841147586092 82
      vertex -84.97269601362258 72.05248973853433 82
      vertex -85.37911825776175 87.31433250770517 82
    endloop
  endfacet
  facet normal 0 0 1
    outer loop
      vertex -84.97269601362258 72.05248973853433 82
      vertex -84.5426644093686 71.79909608251286 82
      vertex -84.9633121005069 87.59512845019314 82
    endloop
  endfacet
  facet normal 0 0 1
    outer loop
      vertex -84.5426644093686 71.79909608251286 82
      vertex -84.09975612930177 71.56894877964481 82
      vertex -84.53346198523626 87.85533732454537 82
    endloop
  endfacet
  facet normal 0 0 1
    outer loop
      vertex -80.24956738847914 70.62832239571763 82
      vertex -79.75043261152086 70.62832239571763 82
      vertex -80.24107336051064 78.01458225180389 82
    endloop
  endfacet
  facet normal 0 0 1
    outer loop
      vertex -79.75043261152086 70.62832239571763 82
      vertex -79.25200526043984 70.65488743408672 82
      vertex -79.75892663948936 78.01458225180389 82
    endloop
  endfacet
  facet normal 0 0 1
    outer loop
      vertex -82.2249378112917 70.89284475064335 82
      vertex -81.73708178831669 70.78733633194511 82
      vertex -82 80 82
    endloop
  endfacet
  facet normal 0 0 1
    outer loop
      vertex -84.09975612930177 71.56894877964481 82
      vertex -83.64522664506238 71.36270020746488 82
      vertex -84.09079294720752 88.09446857064411 82
    endloop
  endfacet
  facet normal 0 0 1
    outer loop
      vertex -83.64522664506238 71.36270020746488 82
      vertex -83.18036436985653 71.18093499995906 82
      vertex -83.63656627957654 88.31208841871299 82
    endloop
  endfacet
  facet normal 0 0 1
    outer loop
      vertex -83.18036436985653 71.18093499995906 82
      vertex -82.70648700630895 71.0241683903562 82
      vertex -83.1720759419657 88.50782051207878 82
    endloop
  endfacet
  facet normal 0 0 1
    outer loop
      vertex -82.70648700630895 71.0241683903562 82
      vertex -82.2249378112917 70.89284475064335 82
      vertex -82.6986448766714 88.68134637604838 82
    endloop
  endfacet
  facet normal 0 0 1
    outer loop
      vertex -81.73708178831669 70.78733633194511 82
      vertex -81.4970214963422 78.67375468351841 82
      vertex -81.77091205130642 79.07055365591246 82
    endloop
  endfacet
  facet normal 0 0 1
    outer loop
      vertex -81.73708178831669 70.78733633194511 82
      vertex -81.77091205130642 79.07055365591246 82
      vertex -81.9418836348521 79.52136867142488 82
    endloop
  endfacet
  facet normal 0 0 1
    outer loop
      vertex -81.73708178831669 70.78733633194511 82
      vertex -81.9418836348521 79.52136867142488 82
      vertex -82 80 82
    endloop
  endfacet
  facet normal 0 0 1
    outer loop
      vertex -81.73708178831669 70.78733633194511 82
      vertex -81.2443018182849 70.70794220933743 82
      vertex -81.4970214963422 78.67375468351841 82
    endloop
  endfacet
  facet normal 0 0 1
    outer loop
      vertex -81.2443018182849 70.70794220933743 82
      vertex -80.74799473956016 70.65488743408672 82
      vertex -81.1361294934623 78.35403226821269 82
    endloop
  endfacet
  facet normal 0 0 1
    outer loop
      vertex -80.74799473956016 70.65488743408672 82
      vertex -80.24956738847914 70.62832239571763 82
      vertex -80.70920977408507 78.12996751462917 82
    endloop
  endfacet
  facet normal 0 0 1
    outer loop
      vertex -81.2443018182849 70.70794220933743 82
      vertex -81.1361294934623 78.35403226821269 82
      vertex -81.4970214963422 78.67375468351841 82
    endloop
  endfacet
  facet normal 0 0 1
    outer loop
      vertex -80.74799473956016 70.65488743408672 82
      vertex -80.70920977408507 78.12996751462917 82
      vertex -81.1361294934623 78.35403226821269 82
    endloop
  endfacet
  facet normal 0 0 1
    outer loop
      vertex -80.24956738847914 70.62832239571763 82
      vertex -80.24107336051064 78.01458225180389 82
      vertex -80.70920977408507 78.12996751462917 82
    endloop
  endfacet
  facet normal 0 0 1
    outer loop
      vertex -79.25200526043984 70.65488743408672 82
      vertex -78.7556981817151 70.70794220933743 82
      vertex -79.29079022591493 78.12996751462917 82
    endloop
  endfacet
  facet normal 0 0 1
    outer loop
      vertex -78.7556981817151 70.70794220933743 82
      vertex -78.26291821168331 70.78733633194511 82
      vertex -79.29079022591493 78.12996751462917 82
    endloop
  endfacet
  facet normal 0 0 1
    outer loop
      vertex -79.75043261152086 70.62832239571763 82
      vertex -79.75892663948936 78.01458225180389 82
      vertex -80.24107336051064 78.01458225180389 82
    endloop
  endfacet
  facet normal 0 0 1
    outer loop
      vertex -79.25200526043984 70.65488743408672 82
      vertex -79.29079022591493 78.12996751462917 82
      vertex -79.75892663948936 78.01458225180389 82
    endloop
  endfacet
  facet normal 0 0 1
    outer loop
      vertex -78.26291821168331 70.78733633194511 82
      vertex -78.8638705065377 78.35403226821269 82
      vertex -79.29079022591493 78.12996751462917 82
    endloop
  endfacet
  facet normal 0 0 1
    outer loop
      vertex -89.33276947178486 79.41208800687103 82
      vertex -89.35604879326846 80.28626590775907 82
      vertex -89.36171277196965 79.60438028443959 82
    endloop
  endfacet
  facet normal 0 0 1
    outer loop
      vertex -89.36171277196965 79.60438028443959 82
      vertex -89.36898011841134 79.7739432631454 82
      vertex -89.36453995093392 79.60720746340385 82
    endloop
  endfacet
  facet normal 0 0 1
    outer loop
      vertex -89.36171277196965 79.60438028443959 82
      vertex -89.3671597319902 80.29441532632464 82
      vertex -89.36898011841134 79.7739432631454 82
    endloop
  endfacet
  facet normal 0 0 1
    outer loop
      vertex -89.36171277196965 79.60438028443959 82
      vertex -89.35604879326846 80.28626590775907 82
      vertex -89.3671597319902 80.29441532632464 82
    endloop
  endfacet
  facet normal 0 0 1
    outer loop
      vertex -89.36898011841134 79.7739432631454 82
      vertex -89.3671597319902 80.29441532632464 82
      vertex -89.37134158136304 80.13737980837954 82
    endloop
  endfacet
  facet normal 0 0 1
    outer loop
      vertex -88.07706951306693 78.07218959260014 82
      vertex -89.33276947178486 79.41208800687103 82
      vertex -89.33051935716588 79.32759239664665 82
    endloop
  endfacet
  facet normal 0 0 1
    outer loop
      vertex -88.07706951306693 78.07218959260014 82
      vertex -89.35604879326846 80.28626590775907 82
      vertex -89.33276947178486 79.41208800687103 82
    endloop
  endfacet
  facet normal 0 0 1
    outer loop
      vertex -88.07706951306693 78.07218959260014 82
      vertex -89.33685587447579 80.80950887678485 82
      vertex -89.35604879326846 80.28626590775907 82
    endloop
  endfacet
  facet normal 0 0 1
    outer loop
      vertex -88.07706951306693 78.07218959260014 82
      vertex -89.31651578695629 80.79473750279838 82
      vertex -89.33685587447579 80.80950887678485 82
    endloop
  endfacet
  facet normal 0 0 1
    outer loop
      vertex -88.07706951306693 78.07218959260014 82
      vertex -89.29759877173477 81.17789142252853 82
      vertex -89.31651578695629 80.79473750279838 82
    endloop
  endfacet
  facet normal 0 0 1
    outer loop
      vertex -89.35604879326846 80.28626590775907 82
      vertex -89.33685587447579 80.80950887678485 82
      vertex -89.34873465589357 80.66110068134716 82
    endloop
  endfacet
  facet normal 0 0 1
    outer loop
      vertex -88.07706951306693 78.07218959260014 82
      vertex -89.25050050056136 81.29819237791281 82
      vertex -89.27876488070514 81.3185370450766 82
    endloop
  endfacet
  facet normal 0 0 1
    outer loop
      vertex -88.07706951306693 78.07218959260014 82
      vertex -89.27876488070514 81.3185370450766 82
      vertex -89.29759877173477 81.17789142252853 82
    endloop
  endfacet
  facet normal 0 0 1
    outer loop
      vertex -88.07706951306693 78.07218959260014 82
      vertex -89.21870489681397 81.68711104477663 82
      vertex -89.25050050056136 81.29819237791281 82
    endloop
  endfacet
  facet normal 0 0 1
    outer loop
      vertex -88.07706951306693 78.07218959260014 82
      vertex -89.15819726284438 81.7954738550209 82
      vertex -89.19351653919138 81.82069823030149 82
    endloop
  endfacet
  facet normal 0 0 1
    outer loop
      vertex -88.07706951306693 78.07218959260014 82
      vertex -89.19351653919138 81.82069823030149 82
      vertex -89.21870489681397 81.68711104477663 82
    endloop
  endfacet
  facet normal 0 0 1
    outer loop
      vertex -88.07706951306693 78.07218959260014 82
      vertex -89.1127585710248 82.18800294516666 82
      vertex -89.15819726284438 81.7954738550209 82
    endloop
  endfacet
  facet normal 0 0 1
    outer loop
      vertex -88.07706951306693 78.07218959260014 82
      vertex -89.08170555959131 82.31510968704933 82
      vertex -89.1127585710248 82.18800294516666 82
    endloop
  endfacet
  facet normal 0 0 1
    outer loop
      vertex -88.07706951306693 78.07218959260014 82
      vertex -89.03987476307299 82.28543691414845 82
      vertex -89.08170555959131 82.31510968704933 82
    endloop
  endfacet
  facet normal 0 0 1
    outer loop
      vertex -88.07706951306693 78.07218959260014 82
      vertex -88.98042994435234 82.67972857823871 82
      vertex -89.03987476307299 82.28543691414845 82
    endloop
  endfacet
  facet normal 0 0 1
    outer loop
      vertex -88.07706951306693 78.07218959260014 82
      vertex -88.94391352907049 82.80083213195748 82
      vertex -88.98042994435234 82.67972857823871 82
    endloop
  endfacet
  facet normal 0 0 1
    outer loop
      vertex -88.07706951306693 78.07218959260014 82
      vertex -88.89587527796236 82.76695100987932 82
      vertex -88.94391352907049 82.80083213195748 82
    endloop
  endfacet
  facet normal 0 0 1
    outer loop
      vertex -88.07706951306693 78.07218959260014 82
      vertex -88.82237492641077 83.16139235638991 82
      vertex -88.89587527796236 82.76695100987932 82
    endloop
  endfacet
  facet normal 0 0 1
    outer loop
      vertex -87.81231799139857 74.81749938723881 82
      vertex -88.0724682236694 84.58658067778242 82
      vertex -88.07706951306693 78.07218959260014 82
    endloop
  endfacet
  facet normal 0 0 1
    outer loop
      vertex -88.07706951306693 78.07218959260014 82
      vertex -88.72661369442845 83.23890301216085 82
      vertex -88.78072436691649 83.27688823948732 82
    endloop
  endfacet
  facet normal 0 0 1
    outer loop
      vertex -88.07706951306693 78.07218959260014 82
      vertex -88.78072436691649 83.27688823948732 82
      vertex -88.82237492641077 83.16139235638991 82
    endloop
  endfacet
  facet normal 0 0 1
    outer loop
      vertex -87.81231799139857 74.81749938723881 82
      vertex -87.94623764295964 84.96846625351667 82
      vertex -88.0724682236694 84.58658067778242 82
    endloop
  endfacet
  facet normal 0 0 1
    outer loop
      vertex -88.07706951306693 78.07218959260014 82
      vertex -88.63925018318768 83.63206050388526 82
      vertex -88.72661369442845 83.23890301216085 82
    endloop
  endfacet
  facet normal 0 0 1
    outer loop
      vertex -88.07706951306693 78.07218959260014 82
      vertex -88.59273522216924 83.74227687786534 82
      vertex -88.63925018318768 83.63206050388526 82
    endloop
  endfacet
  facet normal 0 0 1
    outer loop
      vertex -88.07706951306693 78.07218959260014 82
      vertex -88.53257633044187 83.70020024503053 82
      vertex -88.59273522216924 83.74227687786534 82
    endloop
  endfacet
  facet normal 0 0 1
    outer loop
      vertex -88.07706951306693 78.07218959260014 82
      vertex -88.43172377316849 84.09077564707086 82
      vertex -88.53257633044187 83.70020024503053 82
    endloop
  endfacet
  facet normal 0 0 1
    outer loop
      vertex -88.07706951306693 78.07218959260014 82
      vertex -88.31431955685638 84.14977359705199 82
      vertex -88.38056409861512 84.19598430411592 82
    endloop
  endfacet
  facet normal 0 0 1
    outer loop
      vertex -88.07706951306693 78.07218959260014 82
      vertex -88.38056409861512 84.19598430411592 82
      vertex -88.43172377316849 84.09077564707086 82
    endloop
  endfacet
  facet normal 0 0 1
    outer loop
      vertex -88.07706951306693 78.07218959260014 82
      vertex -88.20048262091768 84.53656832903545 82
      vertex -88.31431955685638 84.14977359705199 82
    endloop
  endfacet
  facet normal 0 0 1
    outer loop
      vertex -88.07706951306693 78.07218959260014 82
      vertex -88.0724682236694 84.58658067778242 82
      vertex -88.14485507115101 84.6369931347642 82
    endloop
  endfacet
  facet normal 0 0 1
    outer loop
      vertex -88.07706951306693 78.07218959260014 82
      vertex -88.14485507115101 84.6369931347642 82
      vertex -88.20048262091768 84.53656832903545 82
    endloop
  endfacet
  facet normal 0 0 1
    outer loop
      vertex -87.81231799139857 74.81749938723881 82
      vertex -87.80771389475075 85.00960899536976 82
      vertex -87.88628168343378 85.06428964635275 82
    endloop
  endfacet
  facet normal 0 0 1
    outer loop
      vertex -87.81231799139857 74.81749938723881 82
      vertex -87.88628168343378 85.06428964635275 82
      vertex -87.94623764295964 84.96846625351667 82
    endloop
  endfacet
  facet normal 0 0 1
    outer loop
      vertex -87.52542160560279 74.40905601370154 82
      vertex -87.66972708780088 85.38550180965541 82
      vertex -87.80771389475075 85.00960899536976 82
    endloop
  endfacet
  facet normal 0 0 1
    outer loop
      vertex -87.52542160560279 74.40905601370154 82
      vertex -87.52081289564549 85.41787913133216 82
      vertex -87.60554893367011 85.47686978457033 82
    endloop
  endfacet
  facet normal 0 0 1
    outer loop
      vertex -87.52542160560279 74.40905601370154 82
      vertex -87.60554893367011 85.47686978457033 82
      vertex -87.66972708780088 85.38550180965541 82
    endloop
  endfacet
  facet normal 0 0 1
    outer loop
      vertex -87.21719359465537 74.01646077832982 82
      vertex -87.3717184809835 85.78671825808445 82
      vertex -87.52081289564549 85.41787913133216 82
    endloop
  endfacet
  facet normal 0 0 1
    outer loop
      vertex -87.21719359465537 74.01646077832982 82
      vertex -87.2125841796153 85.8104478896533 82
      vertex -87.30339412997792 85.87374414058685 82
    endloop
  endfacet
  facet normal 0 0 1
    outer loop
      vertex -87.21719359465537 74.01646077832982 82
      vertex -87.30339412997792 85.87374414058685 82
      vertex -87.3717184809835 85.78671825808445 82
    endloop
  endfacet
  facet normal 0 0 1
    outer loop
      vertex -86.88850766434126 73.64082653497235 82
      vertex -87.05300944760221 86.17117484023976 82
      vertex -87.2125841796153 85.8104478896533 82
    endloop
  endfacet
  facet normal 0 0 1
    outer loop
      vertex -86.88850766434126 73.64082653497235 82
      vertex -86.88390701762742 86.18641139849312 82
      vertex -86.98058680821721 86.2539420682782 82
    endloop
  endfacet
  facet normal 0 0 1
    outer loop
      vertex -86.88850766434126 73.64082653497235 82
      vertex -86.98058680821721 86.2539420682782 82
      vertex -87.05300944760221 86.17117484023976 82
    endloop
  endfacet
  facet normal 0 0 1
    outer loop
      vertex -86.54029551064048 73.2832180597033 82
      vertex -86.71442760013191 86.53795098808372 82
      vertex -86.88390701762742 86.18641139849312 82
    endloop
  endfacet
  facet normal 0 0 1
    outer loop
      vertex -86.54029551064048 73.2832180597033 82
      vertex -86.53571851852715 86.54490814402524 82
      vertex -86.63792784025816 86.61651505368611 82
    endloop
  endfacet
  facet normal 0 0 1
    outer loop
      vertex -86.54029551064048 73.2832180597033 82
      vertex -86.63792784025816 86.61651505368611 82
      vertex -86.71442760013191 86.53795098808372 82
    endloop
  endfacet
  facet normal 0 0 1
    outer loop
      vertex -86.17354417873473 72.9446490325987 82
      vertex -86.35682961660109 86.88614974853074 82
      vertex -86.53571851852715 86.54490814402524 82
    endloop
  endfacet
  facet normal 0 0 1
    outer loop
      vertex -86.17354417873473 72.9446490325987 82
      vertex -86.16901098614012 86.88512191714901 82
      vertex -86.27624781049319 86.9605393998362 82
    endloop
  endfacet
  facet normal 0 0 1
    outer loop
      vertex -86.17354417873473 72.9446490325987 82
      vertex -86.27624781049319 86.9605393998362 82
      vertex -86.35682961660109 86.88614974853074 82
    endloop
  endfacet
  facet normal 0 0 1
    outer loop
      vertex -85.78929326512055 72.62607916435023 82
      vertex -85.98109958492257 87.21490048758129 82
      vertex -86.16901098614012 86.88512191714901 82
    endloop
  endfacet
  facet normal 0 0 1
    outer loop
      vertex -85.78929326512055 72.62607916435023 82
      vertex -85.77969516849181 87.01349607115053 82
      vertex -85.98109958492257 87.21490048758129 82
    endloop
  endfacet
  facet normal 0 0 1
    outer loop
      vertex -85.38863197076006 72.32841147586092 82
      vertex -85.37911825776175 87.31433250770517 82
      vertex -85.58814664768185 87.52336089762528 82
    endloop
  endfacet
  facet normal 0 0 1
    outer loop
      vertex -85.38863197076006 72.32841147586092 82
      vertex -85.58814664768185 87.52336089762528 82
      vertex -85.77969516849181 87.01349607115053 82
    endloop
  endfacet
  facet normal 0 0 1
    outer loop
      vertex -84.97269601362258 72.05248973853433 82
      vertex -85.17890194326324 87.81071829294949 82
      vertex -85.37911825776175 87.31433250770517 82
    endloop
  endfacet
  facet normal 0 0 1
    outer loop
      vertex -84.97269601362258 72.05248973853433 82
      vertex -84.9633121005069 87.59512845019314 82
      vertex -85.17890194326324 87.81071829294949 82
    endloop
  endfacet
  facet normal 0 0 1
    outer loop
      vertex -84.5426644093686 71.79909608251286 82
      vertex -84.75431479973956 88.07619013904868 82
      vertex -84.9633121005069 87.59512845019314 82
    endloop
  endfacet
  facet normal 0 0 1
    outer loop
      vertex -84.5426644093686 71.79909608251286 82
      vertex -84.53346198523626 87.85533732454537 82
      vertex -84.75431479973956 88.07619013904868 82
    endloop
  endfacet
  facet normal 0 0 1
    outer loop
      vertex -85.77969516849181 87.01349607115053 82
      vertex -85.58814664768185 87.52336089762528 82
      vertex -85.6773313334244 87.45710194117679 82
    endloop
  endfacet
  facet normal 0 0 1
    outer loop
      vertex -85.37911825776175 87.31433250770517 82
      vertex -85.17890194326324 87.81071829294949 82
      vertex -85.27248149555263 87.74863990755662 82
    endloop
  endfacet
  facet normal 0 0 1
    outer loop
      vertex -84.9633121005069 87.59512845019314 82
      vertex -84.75431479973956 88.07619013904868 82
      vertex -84.85241847331513 88.01838311214522 82
    endloop
  endfacet
  facet normal 0 0 1
    outer loop
      vertex -84.53346198523626 87.85533732454537 82
      vertex -84.31534809317174 88.31902371660833 82
      vertex -84.41813956337602 88.26561044643468 82
    endloop
  endfacet
  facet normal 0 0 1
    outer loop
      vertex -82.2249378112917 70.89284475064335 82
      vertex -82 80 82
      vertex -82.21762124299265 88.83240573305876 82
    endloop
  endfacet
  facet normal 0 0 1
    outer loop
      vertex -84.09975612930177 71.56894877964481 82
      vertex -84.31534809317174 88.31902371660833 82
      vertex -84.53346198523626 87.85533732454537 82
    endloop
  endfacet
  facet normal 0 0 1
    outer loop
      vertex -84.09975612930177 71.56894877964481 82
      vertex -84.09079294720752 88.09446857064411 82
      vertex -84.31534809317174 88.31902371660833 82
    endloop
  endfacet
  facet normal 0 0 1
    outer loop
      vertex -83.64522664506238 71.36270020746488 82
      vertex -83.8629726267226 88.53849476585904 82
      vertex -84.09079294720752 88.09446857064411 82
    endloop
  endfacet
  facet normal 0 0 1
    outer loop
      vertex -83.64522664506238 71.36270020746488 82
      vertex -83.63656627957654 88.31208841871299 82
      vertex -83.8629726267226 88.53849476585904 82
    endloop
  endfacet
  facet normal 0 0 1
    outer loop
      vertex -83.18036436985653 71.18093499995906 82
      vertex -83.39816031441114 88.73390488452422 82
      vertex -83.63656627957654 88.31208841871299 82
    endloop
  endfacet
  facet normal 0 0 1
    outer loop
      vertex -83.18036436985653 71.18093499995906 82
      vertex -83.1720759419657 88.50782051207878 82
      vertex -83.39816031441114 88.73390488452422 82
    endloop
  endfacet
  facet normal 0 0 1
    outer loop
      vertex -82.70648700630895 71.0241683903562 82
      vertex -82.9218758535282 88.90457735290519 82
      vertex -83.1720759419657 88.50782051207878 82
    endloop
  endfacet
  facet normal 0 0 1
    outer loop
      vertex -82.70648700630895 71.0241683903562 82
      vertex -82.6986448766714 88.68134637604838 82
      vertex -82.9218758535282 88.90457735290519 82
    endloop
  endfacet
  facet normal 0 0 1
    outer loop
      vertex -82.2249378112917 70.89284475064335 82
      vertex -82.43506642775525 89.04985091782136 82
      vertex -82.6986448766714 88.68134637604838 82
    endloop
  endfacet
  facet normal 0 0 1
    outer loop
      vertex -82.2249378112917 70.89284475064335 82
      vertex -82.21762124299265 88.83240573305876 82
      vertex -82.43506642775525 89.04985091782136 82
    endloop
  endfacet
  facet normal 0 0 1
    outer loop
      vertex -82.21762124299265 88.83240573305876 82
      vertex -82 80 82
      vertex -81.9418836348521 80.47863132857512 82
    endloop
  endfacet
  facet normal 0 0 1
    outer loop
      vertex -82.21762124299265 88.83240573305876 82
      vertex -81.9418836348521 80.47863132857512 82
      vertex -81.77091205130642 80.92944634408754 82
    endloop
  endfacet
  facet normal 0 0 1
    outer loop
      vertex -81.73037458039366 88.96079666466689 82
      vertex -81.77091205130642 80.92944634408754 82
      vertex -81.4970214963422 81.32624531648159 82
    endloop
  endfacet
  facet normal 0 0 1
    outer loop
      vertex -81.73037458039366 88.96079666466689 82
      vertex -81.4970214963422 81.32624531648159 82
      vertex -81.1361294934623 81.64596773178731 82
    endloop
  endfacet
  facet normal 0 0 1
    outer loop
      vertex -81.2382919114145 89.06637562135246 82
      vertex -81.1361294934623 81.64596773178731 82
      vertex -80.70920977408507 81.87003248537083 82
    endloop
  endfacet
  facet normal 0 0 1
    outer loop
      vertex -80.74277379541402 89.14905728150406 82
      vertex -80.70920977408507 81.87003248537083 82
      vertex -80.24107336051064 81.98541774819611 82
    endloop
  endfacet
  facet normal 0 0 1
    outer loop
      vertex -79.34516177236719 89.35007759503601 82
      vertex -79.29079022591493 81.87003248537083 82
      vertex -78.8638705065377 81.64596773178731 82
    endloop
  endfacet
  facet normal 0 0 1
    outer loop
      vertex -79.34516177236719 89.35007759503601 82
      vertex -78.8638705065377 81.64596773178731 82
      vertex -78.5029785036578 81.32624531648159 82
    endloop
  endfacet
  facet normal 0 0 1
    outer loop
      vertex -82.21762124299265 88.83240573305876 82
      vertex -81.77091205130642 80.92944634408754 82
      vertex -81.93864877549852 89.16907085977175 82
    endloop
  endfacet
  facet normal 0 0 1
    outer loop
      vertex -81.93864877549852 89.16907085977175 82
      vertex -81.77091205130642 80.92944634408754 82
      vertex -81.73037458039366 88.96079666466689 82
    endloop
  endfacet
  facet normal 0 0 1
    outer loop
      vertex -84.09079294720752 88.09446857064411 82
      vertex -83.8629726267226 88.53849476585904 82
      vertex -83.97065433628092 88.48963281164839 82
    endloop
  endfacet
  facet normal 0 0 1
    outer loop
      vertex -83.63656627957654 88.31208841871299 82
      vertex -83.39816031441114 88.73390488452422 82
      vertex -83.51097917009051 88.68979172712928 82
    endloop
  endfacet
  facet normal 0 0 1
    outer loop
      vertex -83.1720759419657 88.50782051207878 82
      vertex -82.9218758535282 88.90457735290519 82
      vertex -83.04013063437922 88.86545668057647 82
    endloop
  endfacet
  facet normal 0 0 1
    outer loop
      vertex -82.6986448766714 88.68134637604838 82
      vertex -82.43506642775525 89.04985091782136 82
      vertex -82.55911741134258 89.016020881673 82
    endloop
  endfacet
  facet normal 0 0 1
    outer loop
      vertex -82.21762124299265 88.83240573305876 82
      vertex -81.93864877549852 89.16907085977175 82
      vertex -82.0689302960702 89.14089492963299 82
    endloop
  endfacet
  facet normal 0 0 1
    outer loop
      vertex -81.73037458039366 88.96079666466689 82
      vertex -81.43349264725532 89.26157635719328 82
      vertex -81.57052960418072 89.23949768187858 82
    endloop
  endfacet
  facet normal 0 0 1
    outer loop
      vertex -81.73037458039366 88.96079666466689 82
      vertex -81.1361294934623 81.64596773178731 82
      vertex -81.43349264725532 89.26157635719328 82
    endloop
  endfacet
  facet normal 0 0 1
    outer loop
      vertex -81.43349264725532 89.26157635719328 82
      vertex -81.1361294934623 81.64596773178731 82
      vertex -81.2382919114145 89.06637562135246 82
    endloop
  endfacet
  facet normal 0 0 1
    outer loop
      vertex -81.2382919114145 89.06637562135246 82
      vertex -80.70920977408507 81.87003248537083 82
      vertex -80.92039919984613 89.32668268593616 82
    endloop
  endfacet
  facet normal 0 0 1
    outer loop
      vertex -80.92039919984613 89.32668268593616 82
      vertex -80.70920977408507 81.87003248537083 82
      vertex -80.74277379541402 89.14905728150406 82
    endloop
  endfacet
  facet normal 0 0 1
    outer loop
      vertex -80.74277379541402 89.14905728150406 82
      vertex -80.24107336051064 81.98541774819611 82
      vertex -80.40007212871001 89.36365604569356 82
    endloop
  endfacet
  facet normal 0 0 1
    outer loop
      vertex -80.245230344367 89.20881426135055 82
      vertex -80.40007212871001 89.36365604569356 82
      vertex -80.24107336051064 81.98541774819611 82
    endloop
  endfacet
  facet normal 0 0 1
    outer loop
      vertex -80.245230344367 89.20881426135055 82
      vertex -80.24107336051064 81.98541774819611 82
      vertex -79.75892663948936 81.98541774819611 82
    endloop
  endfacet
  facet normal 0 0 1
    outer loop
      vertex -79.87307813834454 89.37167760428237 82
      vertex -79.75892663948936 81.98541774819611 82
      vertex -79.29079022591493 81.87003248537083 82
    endloop
  endfacet
  facet normal 0 0 1
    outer loop
      vertex -80.245230344367 89.20881426135055 82
      vertex -79.75892663948936 81.98541774819611 82
      vertex -80.0348143299016 89.37167760428237 82
    endloop
  endfacet
  facet normal 0 0 1
    outer loop
      vertex -80.0348143299016 89.37167760428237 82
      vertex -79.75892663948936 81.98541774819611 82
      vertex -79.87307813834454 89.37167760428237 82
    endloop
  endfacet
  facet normal 0 0 1
    outer loop
      vertex -79.74707721204487 89.2456766779827 82
      vertex -79.87307813834454 89.37167760428237 82
      vertex -79.29079022591493 81.87003248537083 82
    endloop
  endfacet
  facet normal 0 0 1
    outer loop
      vertex -79.74707721204487 89.2456766779827 82
      vertex -79.29079022591493 81.87003248537083 82
      vertex -79.51547746343034 89.35915503201481 82
    endloop
  endfacet
  facet normal 0 0 1
    outer loop
      vertex -79.51547746343034 89.35915503201481 82
      vertex -79.29079022591493 81.87003248537083 82
      vertex -79.34516177236719 89.35007759503601 82
    endloop
  endfacet
  facet normal 0 0 1
    outer loop
      vertex -81.2382919114145 89.06637562135246 82
      vertex -80.92039919984613 89.32668268593616 82
      vertex -81.06482899103823 89.31124327263807 82
    endloop
  endfacet
  facet normal 0 0 1
    outer loop
      vertex -80.74277379541402 89.14905728150406 82
      vertex -80.40007212871001 89.36365604569356 82
      vertex -80.55267418405714 89.35552270500368 82
    endloop
  endfacet
  facet normal 0 0 1
    outer loop
      vertex -78.26291821168331 70.78733633194511 82
      vertex -77.7750621887083 70.89284475064335 82
      vertex -78.8638705065377 78.35403226821269 82
    endloop
  endfacet
  facet normal 0 0 1
    outer loop
      vertex -77.7750621887083 70.89284475064335 82
      vertex -78.5029785036578 78.67375468351841 82
      vertex -78.8638705065377 78.35403226821269 82
    endloop
  endfacet
  facet normal 0 0 1
    outer loop
      vertex -77.7750621887083 70.89284475064335 82
      vertex -78.22908794869358 79.07055365591246 82
      vertex -78.5029785036578 78.67375468351841 82
    endloop
  endfacet
  facet normal 0 0 1
    outer loop
      vertex -77.7750621887083 70.89284475064335 82
      vertex -78.0581163651479 79.52136867142488 82
      vertex -78.22908794869358 79.07055365591246 82
    endloop
  endfacet
  facet normal 0 0 1
    outer loop
      vertex -77.7750621887083 70.89284475064335 82
      vertex -77.29351299369105 71.0241683903562 82
      vertex -77.7750621887083 88.00277986791995 82
    endloop
  endfacet
  facet normal 0 0 1
    outer loop
      vertex -77.7750621887083 70.89284475064335 82
      vertex -78 80 82
      vertex -78.0581163651479 79.52136867142488 82
    endloop
  endfacet
  facet normal 0 0 1
    outer loop
      vertex -77.29351299369105 71.0241683903562 82
      vertex -76.81963563014347 71.18093499995906 82
      vertex -77.7750621887083 88.00277986791995 82
    endloop
  endfacet
  facet normal 0 0 1
    outer loop
      vertex -76.81963563014347 71.18093499995906 82
      vertex -76.35477335493762 71.36270020746488 82
      vertex -77.7750621887083 88.00277986791995 82
    endloop
  endfacet
  facet normal 0 0 1
    outer loop
      vertex -76.35477335493762 71.36270020746488 82
      vertex -75.90024387069823 71.56894877964483 82
      vertex -77.7750621887083 88.00277986791995 82
    endloop
  endfacet
  facet normal 0 0 1
    outer loop
      vertex -75.90024387069823 71.56894877964483 82
      vertex -75.4573355906314 71.79909608251286 82
      vertex -77.7750621887083 88.00277986791995 82
    endloop
  endfacet
  facet normal 0 0 1
    outer loop
      vertex -75.4573355906314 71.79909608251286 82
      vertex -75.02730398637742 72.05248973853433 82
      vertex -77.7750621887083 88.00277986791995 82
    endloop
  endfacet
  facet normal 0 0 1
    outer loop
      vertex -75.02730398637742 72.05248973853433 82
      vertex -74.61136802923994 72.32841147586092 82
      vertex -75.02730398637742 87.94751026146567 82
    endloop
  endfacet
  facet normal 0 0 1
    outer loop
      vertex -74.61136802923994 72.32841147586092 82
      vertex -74.21070673487945 72.62607916435023 82
      vertex -74.61136802923994 87.67158852413908 82
    endloop
  endfacet
  facet normal 0 0 1
    outer loop
      vertex -74.21070673487945 72.62607916435023 82
      vertex -73.82645582126526 72.9446490325987 82
      vertex -74.21070673487945 87.37392083564977 82
    endloop
  endfacet
  facet normal 0 0 1
    outer loop
      vertex -73.82645582126526 72.9446490325987 82
      vertex -73.45970448935951 73.2832180597033 82
      vertex -73.82645582126526 87.0553509674013 82
    endloop
  endfacet
  facet normal 0 0 1
    outer loop
      vertex -73.45970448935951 73.2832180597033 82
      vertex -73.11149233565875 73.64082653497235 82
      vertex -73.45970448935952 86.7167819402967 82
    endloop
  endfacet
  facet normal 0 0 1
    outer loop
      vertex -73.11149233565875 73.64082653497235 82
      vertex -72.78280640534463 74.01646077832982 82
      vertex -73.11149233565874 86.35917346502765 82
    endloop
  endfacet
  facet normal 0 0 1
    outer loop
      vertex -72.78280640534463 74.01646077832982 82
      vertex -72.47457839439721 74.40905601370154 82
      vertex -72.78280640534463 85.98353922167018 82
    endloop
  endfacet
  facet normal 0 0 1
    outer loop
      vertex -72.47457839439721 74.40905601370154 82
      vertex -72.18768200860143 74.81749938723881 82
      vertex -72.47457839439721 85.59094398629846 82
    endloop
  endfacet
  facet normal 0 0 1
    outer loop
      vertex -72.18768200860143 74.81749938723881 82
      vertex -71.92293048693307 75.24063312182338 82
      vertex -72.18768200860143 85.18250061276119 82
    endloop
  endfacet
  facet normal 0 0 1
    outer loop
      vertex -71.92293048693307 75.24063312182338 82
      vertex -71.68107429634463 75.67725779891258 82
      vertex -71.92293048693307 84.75936687817662 82
    endloop
  endfacet
  facet normal 0 0 1
    outer loop
      vertex -71.68107429634463 75.67725779891258 82
      vertex -71.46279900448519 76.12613575842146 82
      vertex -71.68107429634465 84.32274220108744 82
    endloop
  endfacet
  facet normal 0 0 1
    outer loop
      vertex -77.7750621887083 70.89284475064335 82
      vertex -77.7750621887083 88.00277986791995 82
      vertex -78 80 82
    endloop
  endfacet
  facet normal 0 0 1
    outer loop
      vertex -78.2370709661159 88.2420558739334 82
      vertex -78.0581163651479 80.47863132857512 82
      vertex -78 80 82
    endloop
  endfacet
  facet normal 0 0 1
    outer loop
      vertex -78.2370709661159 88.2420558739334 82
      vertex -78.22908794869358 80.92944634408754 82
      vertex -78.0581163651479 80.47863132857512 82
    endloop
  endfacet
  facet normal 0 0 1
    outer loop
      vertex -78.2370709661159 88.2420558739334 82
      vertex -78.5029785036578 81.32624531648159 82
      vertex -78.22908794869358 80.92944634408754 82
    endloop
  endfacet
  facet normal 0 0 1
    outer loop
      vertex -75.02730398637742 72.05248973853433 82
      vertex -75.1768336395297 88.03561975184047 82
      vertex -77.7750621887083 88.00277986791995 82
    endloop
  endfacet
  facet normal 0 0 1
    outer loop
      vertex -75.02730398637742 72.05248973853433 82
      vertex -75.11638374797523 88 82
      vertex -75.1768336395297 88.03561975184047 82
    endloop
  endfacet
  facet normal 0 0 1
    outer loop
      vertex -75.02730398637742 72.05248973853433 82
      vertex -75.02730398637742 87.94751026146567 82
      vertex -75.11638374797523 88 82
    endloop
  endfacet
  facet normal 0 0 1
    outer loop
      vertex -74.61136802923994 72.32841147586092 82
      vertex -74.61136802923994 87.67158852413908 82
      vertex -75.02730398637742 87.94751026146567 82
    endloop
  endfacet
  facet normal 0 0 1
    outer loop
      vertex -74.21070673487945 72.62607916435023 82
      vertex -74.21070673487945 87.37392083564977 82
      vertex -74.61136802923994 87.67158852413908 82
    endloop
  endfacet
  facet normal 0 0 1
    outer loop
      vertex -73.82645582126526 72.9446490325987 82
      vertex -73.82645582126526 87.0553509674013 82
      vertex -74.21070673487945 87.37392083564977 82
    endloop
  endfacet
  facet normal 0 0 1
    outer loop
      vertex -73.11149233565875 73.64082653497235 82
      vertex -73.11149233565874 86.35917346502765 82
      vertex -73.45970448935952 86.7167819402967 82
    endloop
  endfacet
  facet normal 0 0 1
    outer loop
      vertex -73.45970448935951 73.2832180597033 82
      vertex -73.45970448935952 86.7167819402967 82
      vertex -73.82645582126526 87.0553509674013 82
    endloop
  endfacet
  facet normal 0 0 1
    outer loop
      vertex -78.2370709661159 88.2420558739334 82
      vertex -78 80 82
      vertex -77.7750621887083 88.00277986791995 82
    endloop
  endfacet
  facet normal 0 0 1
    outer loop
      vertex -79.34516177236719 89.35007759503601 82
      vertex -78.5029785036578 81.32624531648159 82
      vertex -78.2370709661159 88.2420558739334 82
    endloop
  endfacet
  facet normal 0 0 1
    outer loop
      vertex -71.46279900448519 76.12613575842146 82
      vertex -71.26872333638433 76.58599460700479 82
      vertex -71.46279900448519 83.87386424157854 82
    endloop
  endfacet
  facet normal 0 0 1
    outer loop
      vertex -71.26872333638433 76.58599460700479 82
      vertex -71.09939742060892 77.05553082479423 82
      vertex -71.26872333638433 83.41400539299521 82
    endloop
  endfacet
  facet normal 0 0 1
    outer loop
      vertex -71.09939742060892 77.05553082479423 82
      vertex -70.9553012298639 77.53341346036699 82
      vertex -71.09939742060892 82.94446917520577 82
    endloop
  endfacet
  facet normal 0 0 1
    outer loop
      vertex -70.9553012298639 77.53341346036699 82
      vertex -70.8368432204575 78.01828790347227 82
      vertex -70.95530122986392 82.46658653963301 82
    endloop
  endfacet
  facet normal 0 0 1
    outer loop
      vertex -70.8368432204575 78.01828790347227 82
      vertex -70.7443591744874 78.50877972482121 82
      vertex -70.8368432204575 81.98171209652773 82
    endloop
  endfacet
  facet normal 0 0 1
    outer loop
      vertex -70.7443591744874 78.50877972482121 82
      vertex -70.67811124802996 79.00349857205595 82
      vertex -70.7443591744874 81.4912202751788 82
    endloop
  endfacet
  facet normal 0 0 1
    outer loop
      vertex -70.67811124802996 79.00349857205595 82
      vertex -70.63828722803035 79.50104211085457 82
      vertex -70.67811124802996 80.99650142794405 82
    endloop
  endfacet
  facet normal 0 0 1
    outer loop
      vertex -70.63828722803035 79.50104211085457 82
      vertex -70.625 80 82
      vertex -70.63828722803035 80.49895788914543 82
    endloop
  endfacet
  facet normal 0 0 1
    outer loop
      vertex -71.46279900448519 76.12613575842146 82
      vertex -71.46279900448519 83.87386424157854 82
      vertex -71.68107429634465 84.32274220108744 82
    endloop
  endfacet
  facet normal 0 0 1
    outer loop
      vertex -71.09939742060892 77.05553082479423 82
      vertex -71.09939742060892 82.94446917520577 82
      vertex -71.26872333638433 83.41400539299521 82
    endloop
  endfacet
  facet normal 0 0 1
    outer loop
      vertex -71.26872333638433 76.58599460700479 82
      vertex -71.26872333638433 83.41400539299521 82
      vertex -71.46279900448519 83.87386424157854 82
    endloop
  endfacet
  facet normal 0 0 1
    outer loop
      vertex -70.67811124802996 79.00349857205595 82
      vertex -70.67811124802996 80.99650142794405 82
      vertex -70.7443591744874 81.4912202751788 82
    endloop
  endfacet
  facet normal 0 0 1
    outer loop
      vertex -70.8368432204575 78.01828790347227 82
      vertex -70.8368432204575 81.98171209652773 82
      vertex -70.95530122986392 82.46658653963301 82
    endloop
  endfacet
  facet normal 0 0 1
    outer loop
      vertex -70.7443591744874 78.50877972482121 82
      vertex -70.7443591744874 81.4912202751788 82
      vertex -70.8368432204575 81.98171209652773 82
    endloop
  endfacet
  facet normal 0 0 1
    outer loop
      vertex -70.63828722803035 79.50104211085457 82
      vertex -70.63828722803035 80.49895788914543 82
      vertex -70.67811124802996 80.99650142794405 82
    endloop
  endfacet
  facet normal 0 0 1
    outer loop
      vertex -70.9553012298639 77.53341346036699 82
      vertex -70.95530122986392 82.46658653963301 82
      vertex -71.09939742060892 82.94446917520577 82
    endloop
  endfacet
  facet normal 0 0 1
    outer loop
      vertex -72.78280640534463 74.01646077832982 82
      vertex -72.78280640534463 85.98353922167018 82
      vertex -73.11149233565874 86.35917346502765 82
    endloop
  endfacet
  facet normal 0 0 1
    outer loop
      vertex -72.47457839439721 74.40905601370154 82
      vertex -72.47457839439721 85.59094398629846 82
      vertex -72.78280640534463 85.98353922167018 82
    endloop
  endfacet
  facet normal 0 0 1
    outer loop
      vertex -72.18768200860143 74.81749938723881 82
      vertex -72.18768200860143 85.18250061276119 82
      vertex -72.47457839439721 85.59094398629846 82
    endloop
  endfacet
  facet normal 0 0 1
    outer loop
      vertex -71.92293048693307 75.24063312182338 82
      vertex -71.92293048693307 84.75936687817662 82
      vertex -72.18768200860143 85.18250061276119 82
    endloop
  endfacet
  facet normal 0 0 1
    outer loop
      vertex -71.68107429634463 75.67725779891258 82
      vertex -71.68107429634465 84.32274220108744 82
      vertex -71.92293048693307 84.75936687817662 82
    endloop
  endfacet
  facet normal -0.8477344278896735 0.5304209081197384 0
    outer loop
      vertex -88 -75.11745834012194 2
      vertex -88 -75.11745834012194 82
      vertex -87.81231799139857 -74.81749938723881 2
    endloop
  endfacet
  facet normal -0.8183027759081798 0.5747874102143915 0
    outer loop
      vertex -87.81231799139857 -74.81749938723881 2
      vertex -87.52542160560279 -74.40905601370154 82
      vertex -87.52542160560279 -74.40905601370154 2
    endloop
  endfacet
  facet normal -0.7865515558026326 0.6175246149462046 0
    outer loop
      vertex -87.52542160560279 -74.40905601370154 2
      vertex -87.21719359465537 -74.01646077832982 82
      vertex -87.21719359465537 -74.01646077832982 2
    endloop
  endfacet
  facet normal -0.7525707698561495 0.6585113790650259 0
    outer loop
      vertex -87.21719359465537 -74.01646077832982 2
      vertex -86.88850766434126 -73.64082653497235 82
      vertex -86.88850766434126 -73.64082653497235 2
    endloop
  endfacet
  facet normal -0.7164567402982963 0.697631521135004 0
    outer loop
      vertex -86.88850766434126 -73.64082653497235 2
      vertex -86.54029551064048 -73.2832180597033 82
      vertex -86.54029551064048 -73.2832180597033 2
    endloop
  endfacet
  facet normal -0.6783118362696178 0.7347741508630657 0
    outer loop
      vertex -86.54029551064048 -73.2832180597033 2
      vertex -86.17354417873473 -72.9446490325987 82
      vertex -86.17354417873473 -72.9446490325987 2
    endloop
  endfacet
  facet normal -0.6382441836448258 0.7698339834299014 0
    outer loop
      vertex -86.17354417873473 -72.9446490325987 2
      vertex -85.78929326512055 -72.62607916435023 82
      vertex -85.78929326512055 -72.62607916435023 2
    endloop
  endfacet
  facet normal -0.5963673585384979 0.8027116379309662 0
    outer loop
      vertex -85.78929326512055 -72.62607916435023 2
      vertex -85.38863197076006 -72.32841147586092 82
      vertex -85.38863197076006 -72.32841147586092 2
    endloop
  endfacet
  facet normal -0.5528000653611996 0.8333139190825108 0
    outer loop
      vertex -85.38863197076006 -72.32841147586092 2
      vertex -84.97269601362258 -72.05248973853433 82
      vertex -84.97269601362258 -72.05248973853433 2
    endloop
  endfacet
  facet normal -0.5076658003388472 0.8615540813938017 0
    outer loop
      vertex -84.97269601362258 -72.05248973853433 2
      vertex -84.5426644093686 -71.79909608251286 82
      vertex -84.5426644093686 -71.79909608251286 2
    endloop
  endfacet
  facet normal -0.46109250144932856 0.8873520750565701 0
    outer loop
      vertex -84.5426644093686 -71.79909608251286 2
      vertex -84.09975612930177 -71.56894877964481 82
      vertex -84.09975612930177 -71.56894877964481 2
    endloop
  endfacet
  facet normal -0.4132121857683607 0.9106347728549211 0
    outer loop
      vertex -84.09975612930177 -71.56894877964481 2
      vertex -83.64522664506238 -71.36270020746488 82
      vertex -83.64522664506238 -71.36270020746488 2
    endloop
  endfacet
  facet normal -0.3641605752528299 0.9313361774523353 0
    outer loop
      vertex -83.64522664506238 -71.36270020746488 2
      vertex -83.18036436985653 -71.18093499995906 82
      vertex -83.18036436985653 -71.18093499995906 2
    endloop
  endfacet
  facet normal -0.314076712021957 0.9493976084683785 0
    outer loop
      vertex -83.18036436985653 -71.18093499995906 2
      vertex -82.70648700630895 -71.0241683903562 82
      vertex -82.70648700630895 -71.0241683903562 2
    endloop
  endfacet
  facet normal -0.26310256422750294 0.964767868814521 0
    outer loop
      vertex -82.70648700630895 -71.0241683903562 2
      vertex -82.2249378112917 -70.89284475064335 82
      vertex -82.2249378112917 -70.89284475064335 2
    endloop
  endfacet
  facet normal -0.2113826236296429 0.9774033898178626 0
    outer loop
      vertex -82.2249378112917 -70.89284475064335 2
      vertex -81.7370817883167 -70.78733633194511 82
      vertex -81.7370817883167 -70.78733633194511 2
    endloop
  endfacet
  facet normal -0.15906349601906727 0.9872683547213452 0
    outer loop
      vertex -81.7370817883167 -70.78733633194511 2
      vertex -81.2443018182849 -70.70794220933743 82
      vertex -81.2443018182849 -70.70794220933743 2
    endloop
  endfacet
  facet normal -0.10629348564736353 0.9943348002101373 0
    outer loop
      vertex -81.2443018182849 -70.70794220933743 2
      vertex -80.74799473956016 -70.65488743408672 82
      vertex -80.74799473956016 -70.65488743408672 2
    endloop
  endfacet
  facet normal -0.05322217484217851 0.9985826956767619 0
    outer loop
      vertex -80.74799473956016 -70.65488743408672 2
      vertex -80.24956738847914 -70.62832239571763 82
      vertex -80.24956738847914 -70.62832239571763 2
    endloop
  endfacet
  facet normal 0 1 0
    outer loop
      vertex -80.24956738847914 -70.62832239571763 2
      vertex -79.75043261152086 -70.62832239571763 82
      vertex -79.75043261152086 -70.62832239571763 2
    endloop
  endfacet
  facet normal 0.05322217484217851 0.9985826956767619 0
    outer loop
      vertex -79.75043261152086 -70.62832239571763 2
      vertex -79.25200526043984 -70.65488743408672 82
      vertex -79.25200526043984 -70.65488743408672 2
    endloop
  endfacet
  facet normal 0.10629348564736353 0.9943348002101373 0
    outer loop
      vertex -79.25200526043984 -70.65488743408672 2
      vertex -78.7556981817151 -70.70794220933743 82
      vertex -78.7556981817151 -70.70794220933743 2
    endloop
  endfacet
  facet normal 0.5076658003388458 -0.8615540813938027 0
    outer loop
      vertex -75.11638374797523 -88 2
      vertex -75.02730398637742 -87.94751026146567 2
      vertex -75.02730398637742 -87.94751026146567 82
    endloop
  endfacet
  facet normal 0.5528000653611996 -0.8333139190825108 0
    outer loop
      vertex -75.02730398637742 -87.94751026146567 2
      vertex -74.61136802923994 -87.67158852413908 2
      vertex -75.02730398637742 -87.94751026146567 82
    endloop
  endfacet
  facet normal 0.5963673585384979 -0.8027116379309662 0
    outer loop
      vertex -74.61136802923994 -87.67158852413908 2
      vertex -74.21070673487945 -87.37392083564977 2
      vertex -74.61136802923994 -87.67158852413908 82
    endloop
  endfacet
  facet normal 0.6382441836448118 -0.769833983429913 0
    outer loop
      vertex -74.21070673487945 -87.37392083564977 2
      vertex -73.82645582126526 -87.0553509674013 2
      vertex -74.21070673487945 -87.37392083564977 82
    endloop
  endfacet
  facet normal 0.6783118362696178 -0.7347741508630657 0
    outer loop
      vertex -73.82645582126526 -87.0553509674013 2
      vertex -73.45970448935951 -86.7167819402967 2
      vertex -73.82645582126526 -87.0553509674013 82
    endloop
  endfacet
  facet normal 0.7164567402983248 -0.6976315211349747 0
    outer loop
      vertex -73.45970448935951 -86.7167819402967 2
      vertex -73.11149233565875 -86.35917346502765 2
      vertex -73.45970448935951 -86.7167819402967 82
    endloop
  endfacet
  facet normal 0.7525707698561354 -0.6585113790650421 0
    outer loop
      vertex -73.11149233565875 -86.35917346502765 2
      vertex -72.78280640534463 -85.98353922167018 2
      vertex -73.11149233565875 -86.35917346502765 82
    endloop
  endfacet
  facet normal 0.7865515558026326 -0.6175246149462046 0
    outer loop
      vertex -72.78280640534463 -85.98353922167018 2
      vertex -72.47457839439721 -85.59094398629846 2
      vertex -72.78280640534463 -85.98353922167018 82
    endloop
  endfacet
  facet normal 0.8183027759081798 -0.5747874102143915 0
    outer loop
      vertex -72.47457839439721 -85.59094398629846 2
      vertex -72.18768200860143 -85.18250061276119 2
      vertex -72.47457839439721 -85.59094398629846 82
    endloop
  endfacet
  facet normal 0.8477344278896692 -0.5304209081197451 0
    outer loop
      vertex -72.18768200860143 -85.18250061276119 2
      vertex -71.92293048693307 -84.75936687817662 2
      vertex -72.18768200860143 -85.18250061276119 82
    endloop
  endfacet
  facet normal 0.8747630845319551 -0.4845508703326615 0
    outer loop
      vertex -71.92293048693307 -84.75936687817662 2
      vertex -71.68107429634463 -84.32274220108742 2
      vertex -71.92293048693307 -84.75936687817662 82
    endloop
  endfacet
  facet normal 0.8993121301712249 -0.4373073204588436 0
    outer loop
      vertex -71.68107429634463 -84.32274220108742 2
      vertex -71.46279900448519 -83.87386424157854 2
      vertex -71.68107429634463 -84.32274220108742 82
    endloop
  endfacet
  facet normal 0.9213119778704107 -0.38882417547332626 0
    outer loop
      vertex -71.46279900448519 -83.87386424157854 2
      vertex -71.26872333638433 -83.41400539299521 2
      vertex -71.46279900448519 -83.87386424157854 82
    endloop
  endfacet
  facet normal 0.940700266671033 -0.3392388661180309 0
    outer loop
      vertex -71.26872333638433 -83.41400539299521 2
      vertex -71.09939742060892 -82.94446917520577 2
      vertex -71.26872333638433 -83.41400539299521 82
    endloop
  endfacet
  facet normal 0.9574220383620021 -0.2886919473396323 0
    outer loop
      vertex -71.09939742060892 -82.94446917520577 2
      vertex -70.9553012298639 -82.46658653963301 2
      vertex -71.09939742060892 -82.94446917520577 82
    endloop
  endfacet
  facet normal 0.9714298932647112 -0.23732669987111008 0
    outer loop
      vertex -70.9553012298639 -82.46658653963301 2
      vertex -70.8368432204575 -81.98171209652773 2
      vertex -70.9553012298639 -82.46658653963301 82
    endloop
  endfacet
  facet normal 0.9826841245925252 -0.18528872408709146 0
    outer loop
      vertex -70.8368432204575 -81.98171209652773 2
      vertex -70.7443591744874 -81.49122027517879 2
      vertex -70.8368432204575 -81.98171209652773 82
    endloop
  endfacet
  facet normal 0.9911528310040052 -0.13272552728373646 0
    outer loop
      vertex -70.7443591744874 -81.49122027517879 2
      vertex -70.67811124802996 -80.99650142794405 2
      vertex -70.7443591744874 -81.49122027517879 82
    endloop
  endfacet
  facet normal 0.996812007030749 -0.07978610555309566 0
    outer loop
      vertex -70.67811124802996 -80.99650142794405 2
      vertex -70.63828722803035 -80.49895788914543 2
      vertex -70.67811124802996 -80.99650142794405 82
    endloop
  endfacet
  facet normal 0.9996456111234531 -0.026620521437761422 0
    outer loop
      vertex -70.63828722803035 -80.49895788914543 2
      vertex -70.625 -80 2
      vertex -70.63828722803035 -80.49895788914543 82
    endloop
  endfacet
  facet normal 0.9996456111234531 0.026620521437761422 0
    outer loop
      vertex -70.625 -80 2
      vertex -70.63828722803035 -79.50104211085457 2
      vertex -70.625 -80 82
    endloop
  endfacet
  facet normal 0.9911528310040058 0.13272552728373274 0
    outer loop
      vertex -70.67811124802996 -79.00349857205595 2
      vertex -70.7443591744874 -78.5087797248212 2
      vertex -70.67811124802996 -79.00349857205595 82
    endloop
  endfacet
  facet normal 0.996812007030749 0.07978610555309566 0
    outer loop
      vertex -70.63828722803035 -79.50104211085457 2
      vertex -70.67811124802996 -79.00349857205595 2
      vertex -70.63828722803035 -79.50104211085457 82
    endloop
  endfacet
  facet normal 0.678311836269632 0.7347741508630526 0
    outer loop
      vertex -73.45970448935952 -73.2832180597033 2
      vertex -73.82645582126526 -72.9446490325987 2
      vertex -73.45970448935952 -73.2832180597033 82
    endloop
  endfacet
  facet normal 0.7164567402982963 0.697631521135004 0
    outer loop
      vertex -73.45970448935952 -73.2832180597033 2
      vertex -73.11149233565874 -73.64082653497235 82
      vertex -73.11149233565874 -73.64082653497235 2
    endloop
  endfacet
  facet normal 0.15906349601906727 0.9872683547213452 0
    outer loop
      vertex -78.7556981817151 -70.70794220933743 2
      vertex -78.2629182116833 -70.78733633194511 82
      vertex -78.2629182116833 -70.78733633194511 2
    endloop
  endfacet
  facet normal 0.2113826236296429 0.9774033898178626 0
    outer loop
      vertex -78.2629182116833 -70.78733633194511 2
      vertex -77.7750621887083 -70.89284475064335 82
      vertex -77.7750621887083 -70.89284475064335 2
    endloop
  endfacet
  facet normal 0.26310256422750294 0.964767868814521 0
    outer loop
      vertex -77.7750621887083 -70.89284475064335 2
      vertex -77.29351299369105 -71.0241683903562 82
      vertex -77.29351299369105 -71.0241683903562 2
    endloop
  endfacet
  facet normal 0.314076712021957 0.9493976084683785 0
    outer loop
      vertex -77.29351299369105 -71.0241683903562 2
      vertex -76.81963563014347 -71.18093499995906 82
      vertex -76.81963563014347 -71.18093499995906 2
    endloop
  endfacet
  facet normal 0.3641605752528299 0.9313361774523353 0
    outer loop
      vertex -76.81963563014347 -71.18093499995906 2
      vertex -76.35477335493762 -71.36270020746488 82
      vertex -76.35477335493762 -71.36270020746488 2
    endloop
  endfacet
  facet normal 0.4132121857683607 0.9106347728549211 0
    outer loop
      vertex -76.35477335493762 -71.36270020746488 2
      vertex -75.90024387069823 -71.56894877964481 82
      vertex -75.90024387069823 -71.56894877964481 2
    endloop
  endfacet
  facet normal 0.46109250144932856 0.8873520750565701 0
    outer loop
      vertex -75.4573355906314 -71.79909608251286 2
      vertex -75.90024387069823 -71.56894877964481 2
      vertex -75.4573355906314 -71.79909608251286 82
    endloop
  endfacet
  facet normal 0.5076658003388472 0.8615540813938017 0
    outer loop
      vertex -75.4573355906314 -71.79909608251286 2
      vertex -75.02730398637742 -72.05248973853433 82
      vertex -75.02730398637742 -72.05248973853433 2
    endloop
  endfacet
  facet normal 0.5528000653611996 0.8333139190825108 0
    outer loop
      vertex -75.02730398637742 -72.05248973853433 2
      vertex -74.61136802923994 -72.32841147586092 82
      vertex -74.61136802923994 -72.32841147586092 2
    endloop
  endfacet
  facet normal 0.5963673585384979 0.8027116379309662 0
    outer loop
      vertex -74.61136802923994 -72.32841147586092 2
      vertex -74.21070673487945 -72.62607916435023 82
      vertex -74.21070673487945 -72.62607916435023 2
    endloop
  endfacet
  facet normal 0.6382441836448118 0.769833983429913 0
    outer loop
      vertex -74.21070673487945 -72.62607916435023 2
      vertex -73.82645582126526 -72.9446490325987 82
      vertex -73.82645582126526 -72.9446490325987 2
    endloop
  endfacet
  facet normal 0.9826841245925242 0.18528872408709662 0
    outer loop
      vertex -70.7443591744874 -78.5087797248212 2
      vertex -70.8368432204575 -78.01828790347227 2
      vertex -70.7443591744874 -78.5087797248212 82
    endloop
  endfacet
  facet normal 0.9714298932647046 0.23732669987113694 0
    outer loop
      vertex -70.8368432204575 -78.01828790347227 2
      vertex -70.95530122986392 -77.53341346036699 2
      vertex -70.8368432204575 -78.01828790347227 82
    endloop
  endfacet
  facet normal 0.9574220383620099 0.28869194733960624 0
    outer loop
      vertex -70.95530122986392 -77.53341346036699 2
      vertex -71.09939742060892 -77.05553082479423 2
      vertex -70.95530122986392 -77.53341346036699 82
    endloop
  endfacet
  facet normal 0.940700266671033 0.3392388661180309 0
    outer loop
      vertex -71.09939742060892 -77.05553082479423 2
      vertex -71.26872333638433 -76.58599460700479 2
      vertex -71.09939742060892 -77.05553082479423 82
    endloop
  endfacet
  facet normal 0.8993121301712191 0.4373073204588554 0
    outer loop
      vertex -71.46279900448519 -76.12613575842146 2
      vertex -71.68107429634465 -75.67725779891256 2
      vertex -71.46279900448519 -76.12613575842146 82
    endloop
  endfacet
  facet normal 0.9213119778704107 0.38882417547332626 0
    outer loop
      vertex -71.46279900448519 -76.12613575842146 2
      vertex -71.26872333638433 -76.58599460700479 82
      vertex -71.26872333638433 -76.58599460700479 2
    endloop
  endfacet
  facet normal 0.8747630845319604 0.4845508703326517 0
    outer loop
      vertex -71.92293048693307 -75.24063312182338 2
      vertex -71.68107429634465 -75.67725779891256 82
      vertex -71.68107429634465 -75.67725779891256 2
    endloop
  endfacet
  facet normal 0.8183027759081798 0.5747874102143915 0
    outer loop
      vertex -72.18768200860143 -74.81749938723881 2
      vertex -72.47457839439721 -74.40905601370154 2
      vertex -72.18768200860143 -74.81749938723881 82
    endloop
  endfacet
  facet normal 0.8477344278896692 0.5304209081197451 0
    outer loop
      vertex -71.92293048693307 -75.24063312182338 2
      vertex -72.18768200860143 -74.81749938723881 2
      vertex -71.92293048693307 -75.24063312182338 82
    endloop
  endfacet
  facet normal 0.7525707698561495 0.6585113790650259 0
    outer loop
      vertex -72.78280640534463 -74.01646077832982 2
      vertex -73.11149233565874 -73.64082653497235 2
      vertex -72.78280640534463 -74.01646077832982 82
    endloop
  endfacet
  facet normal 0.7865515558026326 0.6175246149462046 0
    outer loop
      vertex -72.78280640534463 -74.01646077832982 2
      vertex -72.47457839439721 -74.40905601370154 82
      vertex -72.47457839439721 -74.40905601370154 2
    endloop
  endfacet
  facet normal -0.8477344278896735 0.5304209081197384 0
    outer loop
      vertex -87.81231799139857 -74.81749938723881 2
      vertex -88 -75.11745834012194 82
      vertex -87.81231799139857 -74.81749938723881 82
    endloop
  endfacet
  facet normal -0.8183027759081798 0.5747874102143915 0
    outer loop
      vertex -87.81231799139857 -74.81749938723881 2
      vertex -87.81231799139857 -74.81749938723881 82
      vertex -87.52542160560279 -74.40905601370154 82
    endloop
  endfacet
  facet normal -0.7865515558026326 0.6175246149462046 0
    outer loop
      vertex -87.52542160560279 -74.40905601370154 2
      vertex -87.52542160560279 -74.40905601370154 82
      vertex -87.21719359465537 -74.01646077832982 82
    endloop
  endfacet
  facet normal -0.7525707698561495 0.6585113790650259 0
    outer loop
      vertex -87.21719359465537 -74.01646077832982 2
      vertex -87.21719359465537 -74.01646077832982 82
      vertex -86.88850766434126 -73.64082653497235 82
    endloop
  endfacet
  facet normal -0.7164567402982963 0.697631521135004 0
    outer loop
      vertex -86.88850766434126 -73.64082653497235 2
      vertex -86.88850766434126 -73.64082653497235 82
      vertex -86.54029551064048 -73.2832180597033 82
    endloop
  endfacet
  facet normal -0.6783118362696178 0.7347741508630657 0
    outer loop
      vertex -86.54029551064048 -73.2832180597033 2
      vertex -86.54029551064048 -73.2832180597033 82
      vertex -86.17354417873473 -72.9446490325987 82
    endloop
  endfacet
  facet normal -0.6382441836448258 0.7698339834299014 0
    outer loop
      vertex -86.17354417873473 -72.9446490325987 2
      vertex -86.17354417873473 -72.9446490325987 82
      vertex -85.78929326512055 -72.62607916435023 82
    endloop
  endfacet
  facet normal -0.5963673585384979 0.8027116379309662 0
    outer loop
      vertex -85.78929326512055 -72.62607916435023 2
      vertex -85.78929326512055 -72.62607916435023 82
      vertex -85.38863197076006 -72.32841147586092 82
    endloop
  endfacet
  facet normal -0.5528000653611996 0.8333139190825108 0
    outer loop
      vertex -85.38863197076006 -72.32841147586092 2
      vertex -85.38863197076006 -72.32841147586092 82
      vertex -84.97269601362258 -72.05248973853433 82
    endloop
  endfacet
  facet normal -0.5076658003388472 0.8615540813938017 0
    outer loop
      vertex -84.97269601362258 -72.05248973853433 2
      vertex -84.97269601362258 -72.05248973853433 82
      vertex -84.5426644093686 -71.79909608251286 82
    endloop
  endfacet
  facet normal -0.46109250144932856 0.8873520750565701 0
    outer loop
      vertex -84.5426644093686 -71.79909608251286 2
      vertex -84.5426644093686 -71.79909608251286 82
      vertex -84.09975612930177 -71.56894877964481 82
    endloop
  endfacet
  facet normal -0.4132121857683607 0.9106347728549211 0
    outer loop
      vertex -84.09975612930177 -71.56894877964481 2
      vertex -84.09975612930177 -71.56894877964481 82
      vertex -83.64522664506238 -71.36270020746488 82
    endloop
  endfacet
  facet normal -0.3641605752528299 0.9313361774523353 0
    outer loop
      vertex -83.64522664506238 -71.36270020746488 2
      vertex -83.64522664506238 -71.36270020746488 82
      vertex -83.18036436985653 -71.18093499995906 82
    endloop
  endfacet
  facet normal -0.314076712021957 0.9493976084683785 0
    outer loop
      vertex -83.18036436985653 -71.18093499995906 2
      vertex -83.18036436985653 -71.18093499995906 82
      vertex -82.70648700630895 -71.0241683903562 82
    endloop
  endfacet
  facet normal -0.26310256422750294 0.964767868814521 0
    outer loop
      vertex -82.70648700630895 -71.0241683903562 2
      vertex -82.70648700630895 -71.0241683903562 82
      vertex -82.2249378112917 -70.89284475064335 82
    endloop
  endfacet
  facet normal -0.2113826236296429 0.9774033898178626 0
    outer loop
      vertex -82.2249378112917 -70.89284475064335 2
      vertex -82.2249378112917 -70.89284475064335 82
      vertex -81.7370817883167 -70.78733633194511 82
    endloop
  endfacet
  facet normal -0.15906349601906727 0.9872683547213452 0
    outer loop
      vertex -81.7370817883167 -70.78733633194511 2
      vertex -81.7370817883167 -70.78733633194511 82
      vertex -81.2443018182849 -70.70794220933743 82
    endloop
  endfacet
  facet normal -0.10629348564736353 0.9943348002101373 0
    outer loop
      vertex -81.2443018182849 -70.70794220933743 2
      vertex -81.2443018182849 -70.70794220933743 82
      vertex -80.74799473956016 -70.65488743408672 82
    endloop
  endfacet
  facet normal -0.05322217484217851 0.9985826956767619 0
    outer loop
      vertex -80.74799473956016 -70.65488743408672 2
      vertex -80.74799473956016 -70.65488743408672 82
      vertex -80.24956738847914 -70.62832239571763 82
    endloop
  endfacet
  facet normal 0 1 0
    outer loop
      vertex -80.24956738847914 -70.62832239571763 2
      vertex -80.24956738847914 -70.62832239571763 82
      vertex -79.75043261152086 -70.62832239571763 82
    endloop
  endfacet
  facet normal 0.05322217484217851 0.9985826956767619 0
    outer loop
      vertex -79.75043261152086 -70.62832239571763 2
      vertex -79.75043261152086 -70.62832239571763 82
      vertex -79.25200526043984 -70.65488743408672 82
    endloop
  endfacet
  facet normal 0.10629348564736353 0.9943348002101373 0
    outer loop
      vertex -79.25200526043984 -70.65488743408672 2
      vertex -79.25200526043984 -70.65488743408672 82
      vertex -78.7556981817151 -70.70794220933743 82
    endloop
  endfacet
  facet normal 0.5076658003388458 -0.8615540813938027 0
    outer loop
      vertex -75.11638374797523 -88 2
      vertex -75.02730398637742 -87.94751026146567 82
      vertex -75.11638374797523 -88 82
    endloop
  endfacet
  facet normal 0.5528000653611996 -0.8333139190825108 0
    outer loop
      vertex -74.61136802923994 -87.67158852413908 2
      vertex -74.61136802923994 -87.67158852413908 82
      vertex -75.02730398637742 -87.94751026146567 82
    endloop
  endfacet
  facet normal 0.5963673585384979 -0.8027116379309662 0
    outer loop
      vertex -74.21070673487945 -87.37392083564977 2
      vertex -74.21070673487945 -87.37392083564977 82
      vertex -74.61136802923994 -87.67158852413908 82
    endloop
  endfacet
  facet normal 0.6382441836448118 -0.769833983429913 0
    outer loop
      vertex -73.82645582126526 -87.0553509674013 2
      vertex -73.82645582126526 -87.0553509674013 82
      vertex -74.21070673487945 -87.37392083564977 82
    endloop
  endfacet
  facet normal 0.6783118362696178 -0.7347741508630657 0
    outer loop
      vertex -73.45970448935951 -86.7167819402967 2
      vertex -73.45970448935951 -86.7167819402967 82
      vertex -73.82645582126526 -87.0553509674013 82
    endloop
  endfacet
  facet normal 0.7164567402983248 -0.6976315211349747 0
    outer loop
      vertex -73.11149233565875 -86.35917346502765 2
      vertex -73.11149233565875 -86.35917346502765 82
      vertex -73.45970448935951 -86.7167819402967 82
    endloop
  endfacet
  facet normal 0.7525707698561354 -0.6585113790650421 0
    outer loop
      vertex -72.78280640534463 -85.98353922167018 2
      vertex -72.78280640534463 -85.98353922167018 82
      vertex -73.11149233565875 -86.35917346502765 82
    endloop
  endfacet
  facet normal 0.7865515558026326 -0.6175246149462046 0
    outer loop
      vertex -72.47457839439721 -85.59094398629846 2
      vertex -72.47457839439721 -85.59094398629846 82
      vertex -72.78280640534463 -85.98353922167018 82
    endloop
  endfacet
  facet normal 0.8183027759081798 -0.5747874102143915 0
    outer loop
      vertex -72.18768200860143 -85.18250061276119 2
      vertex -72.18768200860143 -85.18250061276119 82
      vertex -72.47457839439721 -85.59094398629846 82
    endloop
  endfacet
  facet normal 0.8477344278896692 -0.5304209081197451 0
    outer loop
      vertex -71.92293048693307 -84.75936687817662 2
      vertex -71.92293048693307 -84.75936687817662 82
      vertex -72.18768200860143 -85.18250061276119 82
    endloop
  endfacet
  facet normal 0.8747630845319551 -0.4845508703326615 0
    outer loop
      vertex -71.68107429634463 -84.32274220108742 2
      vertex -71.68107429634463 -84.32274220108742 82
      vertex -71.92293048693307 -84.75936687817662 82
    endloop
  endfacet
  facet normal 0.8993121301712249 -0.4373073204588436 0
    outer loop
      vertex -71.46279900448519 -83.87386424157854 2
      vertex -71.46279900448519 -83.87386424157854 82
      vertex -71.68107429634463 -84.32274220108742 82
    endloop
  endfacet
  facet normal 0.9213119778704107 -0.38882417547332626 0
    outer loop
      vertex -71.26872333638433 -83.41400539299521 2
      vertex -71.26872333638433 -83.41400539299521 82
      vertex -71.46279900448519 -83.87386424157854 82
    endloop
  endfacet
  facet normal 0.940700266671033 -0.3392388661180309 0
    outer loop
      vertex -71.09939742060892 -82.94446917520577 2
      vertex -71.09939742060892 -82.94446917520577 82
      vertex -71.26872333638433 -83.41400539299521 82
    endloop
  endfacet
  facet normal 0.9574220383620021 -0.2886919473396323 0
    outer loop
      vertex -70.9553012298639 -82.46658653963301 2
      vertex -70.9553012298639 -82.46658653963301 82
      vertex -71.09939742060892 -82.94446917520577 82
    endloop
  endfacet
  facet normal 0.9714298932647112 -0.23732669987111008 0
    outer loop
      vertex -70.8368432204575 -81.98171209652773 2
      vertex -70.8368432204575 -81.98171209652773 82
      vertex -70.9553012298639 -82.46658653963301 82
    endloop
  endfacet
  facet normal 0.9826841245925252 -0.18528872408709146 0
    outer loop
      vertex -70.7443591744874 -81.49122027517879 2
      vertex -70.7443591744874 -81.49122027517879 82
      vertex -70.8368432204575 -81.98171209652773 82
    endloop
  endfacet
  facet normal 0.9911528310040052 -0.13272552728373646 0
    outer loop
      vertex -70.67811124802996 -80.99650142794405 2
      vertex -70.67811124802996 -80.99650142794405 82
      vertex -70.7443591744874 -81.49122027517879 82
    endloop
  endfacet
  facet normal 0.996812007030749 -0.07978610555309566 0
    outer loop
      vertex -70.63828722803035 -80.49895788914543 2
      vertex -70.63828722803035 -80.49895788914543 82
      vertex -70.67811124802996 -80.99650142794405 82
    endloop
  endfacet
  facet normal 0.9996456111234531 -0.026620521437761422 0
    outer loop
      vertex -70.625 -80 2
      vertex -70.625 -80 82
      vertex -70.63828722803035 -80.49895788914543 82
    endloop
  endfacet
  facet normal 0.9996456111234531 0.026620521437761422 0
    outer loop
      vertex -70.63828722803035 -79.50104211085457 2
      vertex -70.63828722803035 -79.50104211085457 82
      vertex -70.625 -80 82
    endloop
  endfacet
  facet normal 0.996812007030749 0.07978610555309566 0
    outer loop
      vertex -70.67811124802996 -79.00349857205595 2
      vertex -70.67811124802996 -79.00349857205595 82
      vertex -70.63828722803035 -79.50104211085457 82
    endloop
  endfacet
  facet normal 0.7164567402982963 0.697631521135004 0
    outer loop
      vertex -73.45970448935952 -73.2832180597033 2
      vertex -73.45970448935952 -73.2832180597033 82
      vertex -73.11149233565874 -73.64082653497235 82
    endloop
  endfacet
  facet normal 0.15906349601906727 0.9872683547213452 0
    outer loop
      vertex -78.7556981817151 -70.70794220933743 2
      vertex -78.7556981817151 -70.70794220933743 82
      vertex -78.2629182116833 -70.78733633194511 82
    endloop
  endfacet
  facet normal 0.2113826236296429 0.9774033898178626 0
    outer loop
      vertex -78.2629182116833 -70.78733633194511 2
      vertex -78.2629182116833 -70.78733633194511 82
      vertex -77.7750621887083 -70.89284475064335 82
    endloop
  endfacet
  facet normal 0.26310256422750294 0.964767868814521 0
    outer loop
      vertex -77.7750621887083 -70.89284475064335 2
      vertex -77.7750621887083 -70.89284475064335 82
      vertex -77.29351299369105 -71.0241683903562 82
    endloop
  endfacet
  facet normal 0.314076712021957 0.9493976084683785 0
    outer loop
      vertex -77.29351299369105 -71.0241683903562 2
      vertex -77.29351299369105 -71.0241683903562 82
      vertex -76.81963563014347 -71.18093499995906 82
    endloop
  endfacet
  facet normal 0.3641605752528299 0.9313361774523353 0
    outer loop
      vertex -76.81963563014347 -71.18093499995906 2
      vertex -76.81963563014347 -71.18093499995906 82
      vertex -76.35477335493762 -71.36270020746488 82
    endloop
  endfacet
  facet normal 0.4132121857683607 0.9106347728549211 0
    outer loop
      vertex -76.35477335493762 -71.36270020746488 2
      vertex -76.35477335493762 -71.36270020746488 82
      vertex -75.90024387069823 -71.56894877964481 82
    endloop
  endfacet
  facet normal 0.5076658003388472 0.8615540813938017 0
    outer loop
      vertex -75.4573355906314 -71.79909608251286 2
      vertex -75.4573355906314 -71.79909608251286 82
      vertex -75.02730398637742 -72.05248973853433 82
    endloop
  endfacet
  facet normal 0.5528000653611996 0.8333139190825108 0
    outer loop
      vertex -75.02730398637742 -72.05248973853433 2
      vertex -75.02730398637742 -72.05248973853433 82
      vertex -74.61136802923994 -72.32841147586092 82
    endloop
  endfacet
  facet normal 0.46109250144932856 0.8873520750565701 0
    outer loop
      vertex -75.90024387069823 -71.56894877964481 2
      vertex -75.90024387069823 -71.56894877964481 82
      vertex -75.4573355906314 -71.79909608251286 82
    endloop
  endfacet
  facet normal 0.5963673585384979 0.8027116379309662 0
    outer loop
      vertex -74.61136802923994 -72.32841147586092 2
      vertex -74.61136802923994 -72.32841147586092 82
      vertex -74.21070673487945 -72.62607916435023 82
    endloop
  endfacet
  facet normal 0.6382441836448118 0.769833983429913 0
    outer loop
      vertex -74.21070673487945 -72.62607916435023 2
      vertex -74.21070673487945 -72.62607916435023 82
      vertex -73.82645582126526 -72.9446490325987 82
    endloop
  endfacet
  facet normal 0.678311836269632 0.7347741508630526 0
    outer loop
      vertex -73.82645582126526 -72.9446490325987 2
      vertex -73.82645582126526 -72.9446490325987 82
      vertex -73.45970448935952 -73.2832180597033 82
    endloop
  endfacet
  facet normal 0.9911528310040058 0.13272552728373274 0
    outer loop
      vertex -70.7443591744874 -78.5087797248212 2
      vertex -70.7443591744874 -78.5087797248212 82
      vertex -70.67811124802996 -79.00349857205595 82
    endloop
  endfacet
  facet normal 0.9826841245925242 0.18528872408709662 0
    outer loop
      vertex -70.8368432204575 -78.01828790347227 2
      vertex -70.8368432204575 -78.01828790347227 82
      vertex -70.7443591744874 -78.5087797248212 82
    endloop
  endfacet
  facet normal 0.9714298932647046 0.23732669987113694 0
    outer loop
      vertex -70.95530122986392 -77.53341346036699 2
      vertex -70.95530122986392 -77.53341346036699 82
      vertex -70.8368432204575 -78.01828790347227 82
    endloop
  endfacet
  facet normal 0.9574220383620099 0.28869194733960624 0
    outer loop
      vertex -71.09939742060892 -77.05553082479423 2
      vertex -71.09939742060892 -77.05553082479423 82
      vertex -70.95530122986392 -77.53341346036699 82
    endloop
  endfacet
  facet normal 0.940700266671033 0.3392388661180309 0
    outer loop
      vertex -71.26872333638433 -76.58599460700479 2
      vertex -71.26872333638433 -76.58599460700479 82
      vertex -71.09939742060892 -77.05553082479423 82
    endloop
  endfacet
  facet normal 0.9213119778704107 0.38882417547332626 0
    outer loop
      vertex -71.46279900448519 -76.12613575842146 2
      vertex -71.46279900448519 -76.12613575842146 82
      vertex -71.26872333638433 -76.58599460700479 82
    endloop
  endfacet
  facet normal 0.8747630845319604 0.4845508703326517 0
    outer loop
      vertex -71.92293048693307 -75.24063312182338 2
      vertex -71.92293048693307 -75.24063312182338 82
      vertex -71.68107429634465 -75.67725779891256 82
    endloop
  endfacet
  facet normal 0.8477344278896692 0.5304209081197451 0
    outer loop
      vertex -72.18768200860143 -74.81749938723881 2
      vertex -72.18768200860143 -74.81749938723881 82
      vertex -71.92293048693307 -75.24063312182338 82
    endloop
  endfacet
  facet normal 0.8183027759081798 0.5747874102143915 0
    outer loop
      vertex -72.47457839439721 -74.40905601370154 2
      vertex -72.47457839439721 -74.40905601370154 82
      vertex -72.18768200860143 -74.81749938723881 82
    endloop
  endfacet
  facet normal 0.7865515558026326 0.6175246149462046 0
    outer loop
      vertex -72.78280640534463 -74.01646077832982 2
      vertex -72.78280640534463 -74.01646077832982 82
      vertex -72.47457839439721 -74.40905601370154 82
    endloop
  endfacet
  facet normal 0.7525707698561495 0.6585113790650259 0
    outer loop
      vertex -73.11149233565874 -73.64082653497235 2
      vertex -73.11149233565874 -73.64082653497235 82
      vertex -72.78280640534463 -74.01646077832982 82
    endloop
  endfacet
  facet normal 0.8993121301712191 0.4373073204588554 0
    outer loop
      vertex -71.68107429634465 -75.67725779891256 2
      vertex -71.68107429634465 -75.67725779891256 82
      vertex -71.46279900448519 -76.12613575842146 82
    endloop
  endfacet
  facet normal 0 0 1
    outer loop
      vertex -87.36689359908262 -85.79286379183948 82
      vertex -87.3402049056608 -85.82685763244953 82
      vertex -87.2663056342712 -84.13929905642584 82
    endloop
  endfacet
  facet normal 0 0 1
    outer loop
      vertex -87.68157555123246 -85.36863360700515 82
      vertex -87.6636942387666 -85.3940905452882 82
      vertex -87.5941137726279 -83.01143691519448 82
    endloop
  endfacet
  facet normal 0 0 1
    outer loop
      vertex -85.78929326512055 -87.1902247755262 82
      vertex -85.46779507275829 -87.61277501278387 82
      vertex -85.39546607306522 -87.4149564220486 82
    endloop
  endfacet
  facet normal 0 0 1
    outer loop
      vertex -85.06141288909129 -87.8886576569013 82
      vertex -84.98907435920354 -87.3324756793768 82
      vertex -85.38863197076006 -87.1505114553356 82
    endloop
  endfacet
  facet normal 0 0 1
    outer loop
      vertex -87.02152569319763 -86.20715562059296 82
      vertex -86.98486867032736 -86.24904860042466 82
      vertex -86.90877806883286 -85.59798548705767 82
    endloop
  endfacet
  facet normal 0 0 1
    outer loop
      vertex -85.79242612453393 -87.25627666514869 82
      vertex -86.17354417873473 -86.98430286700986 82
      vertex -85.85999601467034 -87.31530349783519 82
    endloop
  endfacet
  facet normal 0 0 1
    outer loop
      vertex -86.17491059310962 -87.00403979620499 82
      vertex -86.17354417873473 -86.98430286700986 82
      vertex -86.25915895559471 -83.84037127079954 82
    endloop
  endfacet
  facet normal 0 0 1
    outer loop
      vertex -86.64493430524102 -86.6093195229359 82
      vertex -86.57420210741826 -85.44353187506891 82
      vertex -86.88850766434126 -85.15052947058906 82
    endloop
  endfacet
  facet normal 0 0 1
    outer loop
      vertex -87.02152569319763 -86.20715562059296 82
      vertex -86.90877806883286 -85.59798548705767 82
      vertex -87.21719359465537 -82.01722290762014 82
    endloop
  endfacet
  facet normal 0 0 1
    outer loop
      vertex -86.28759310273648 -86.95006591488097 82
      vertex -86.25915895559471 -83.84037127079954 82
      vertex -86.54029551064048 -83.67212191520267 82
    endloop
  endfacet
  facet normal 0 0 1
    outer loop
      vertex -84.48616754264506 -88.23026124062174 82
      vertex -84.16812023543494 -85.86386339068996 82
      vertex -84.5426644093686 -85.5547271788277 82
    endloop
  endfacet
  facet normal 0 0 1
    outer loop
      vertex -84.64198192349036 -88.14238164200476 82
      vertex -84.61139262992684 -85.62004297522628 82
      vertex -84.97269601362258 -85.2147364107023 82
    endloop
  endfacet
  facet normal 0 0 1
    outer loop
      vertex -87.36689359908262 -85.79286379183948 82
      vertex -87.2663056342712 -84.13929905642584 82
      vertex -87.52542160560279 -81.70965922914645 82
    endloop
  endfacet
  facet normal 0 0 1
    outer loop
      vertex -87.68157555123246 -85.36863360700515 82
      vertex -87.5941137726279 -83.01143691519448 82
      vertex -87.81231799139857 -80.36327892047355 82
    endloop
  endfacet
  facet normal 0 0 1
    outer loop
      vertex -87.87772862477631 -82.7262206811416 82
      vertex -87.81231799139857 -80.36327892047355 82
      vertex -87.99937700366986 -78.15811827392648 82
    endloop
  endfacet
  facet normal 0 0 1
    outer loop
      vertex -87.2663056342712 -84.13929905642584 82
      vertex -87.21719359465537 -82.01722290762014 82
      vertex -87.52542160560279 -74.40905601370154 82
    endloop
  endfacet
  facet normal 0 0 1
    outer loop
      vertex -87.9830280644791 -84.90966671062311 82
      vertex -87.99937700366986 -78.15811827392648 82
      vertex -88.07706951306693 -77.2090972810681 82
    endloop
  endfacet
  facet normal 0 0 1
    outer loop
      vertex -87.5941137726279 -83.01143691519448 82
      vertex -87.52542160560279 -81.70965922914645 82
      vertex -87.81231799139857 -74.81749938723881 82
    endloop
  endfacet
  facet normal 0 0 1
    outer loop
      vertex -87.2663056342712 -84.13929905642584 82
      vertex -87.52542160560279 -74.40905601370154 82
      vertex -87.52542160560279 -81.70965922914645 82
    endloop
  endfacet
  facet normal 0 0 1
    outer loop
      vertex -87.5941137726279 -83.01143691519448 82
      vertex -87.81231799139857 -74.81749938723881 82
      vertex -87.81231799139857 -80.36327892047355 82
    endloop
  endfacet
  facet normal 0 0 1
    outer loop
      vertex -86.90877806883286 -85.59798548705767 82
      vertex -86.88850766434126 -85.15052947058906 82
      vertex -87.21719359465537 -74.01646077832982 82
    endloop
  endfacet
  facet normal 0 0 1
    outer loop
      vertex -85.79242612453393 -87.25627666514869 82
      vertex -86.17354417873473 -72.9446490325987 82
      vertex -86.17354417873473 -86.98430286700986 82
    endloop
  endfacet
  facet normal 0 0 1
    outer loop
      vertex -85.79242612453393 -87.25627666514869 82
      vertex -85.78929326512055 -87.1902247755262 82
      vertex -86.17354417873473 -72.9446490325987 82
    endloop
  endfacet
  facet normal 0 0 1
    outer loop
      vertex -85.78929326512055 -87.1902247755262 82
      vertex -85.39546607306522 -87.4149564220486 82
      vertex -85.78929326512055 -72.62607916435023 82
    endloop
  endfacet
  facet normal 0 0 1
    outer loop
      vertex -85.39546607306522 -87.4149564220486 82
      vertex -85.38863197076006 -87.1505114553356 82
      vertex -85.78929326512055 -72.62607916435023 82
    endloop
  endfacet
  facet normal 0 0 1
    outer loop
      vertex -84.98907435920354 -87.3324756793768 82
      vertex -85.38863197076006 -72.32841147586092 82
      vertex -85.38863197076006 -87.1505114553356 82
    endloop
  endfacet
  facet normal 0 0 1
    outer loop
      vertex -84.98907435920354 -87.3324756793768 82
      vertex -84.97269601362258 -85.2147364107023 82
      vertex -85.38863197076006 -72.32841147586092 82
    endloop
  endfacet
  facet normal 0 0 1
    outer loop
      vertex -86.88850766434126 -85.15052947058906 82
      vertex -86.57420210741826 -85.44353187506891 82
      vertex -86.88850766434126 -73.64082653497235 82
    endloop
  endfacet
  facet normal 0 0 1
    outer loop
      vertex -86.57420210741826 -85.44353187506891 82
      vertex -86.54029551064048 -83.67212191520267 82
      vertex -86.88850766434126 -73.64082653497235 82
    endloop
  endfacet
  facet normal 0 0 1
    outer loop
      vertex -86.90877806883286 -85.59798548705767 82
      vertex -87.21719359465537 -74.01646077832982 82
      vertex -87.21719359465537 -82.01722290762014 82
    endloop
  endfacet
  facet normal 0 0 1
    outer loop
      vertex -86.17354417873473 -86.98430286700986 82
      vertex -86.54029551064048 -73.2832180597033 82
      vertex -86.25915895559471 -83.84037127079954 82
    endloop
  endfacet
  facet normal 0 0 1
    outer loop
      vertex -86.54029551064048 -83.67212191520267 82
      vertex -86.25915895559471 -83.84037127079954 82
      vertex -86.54029551064048 -73.2832180597033 82
    endloop
  endfacet
  facet normal 0 0 1
    outer loop
      vertex -84.97269601362258 -85.2147364107023 82
      vertex -84.61139262992684 -85.62004297522628 82
      vertex -84.97269601362258 -72.05248973853433 82
    endloop
  endfacet
  facet normal 0 0 1
    outer loop
      vertex -84.61139262992684 -85.62004297522628 82
      vertex -84.5426644093686 -85.5547271788277 82
      vertex -84.97269601362258 -72.05248973853433 82
    endloop
  endfacet
  facet normal 0 0 1
    outer loop
      vertex -84.5426644093686 -85.5547271788277 82
      vertex -84.16812023543494 -85.86386339068996 82
      vertex -84.5426644093686 -71.79909608251286 82
    endloop
  endfacet
  facet normal 0 0 1
    outer loop
      vertex -84.48616754264506 -88.23026124062174 82
      vertex -84.1333560904111 -88.41359175803802 82
      vertex -84.16812023543494 -85.86386339068996 82
    endloop
  endfacet
  facet normal 0 0 1
    outer loop
      vertex -83.6873254638633 -88.61819691457181 82
      vertex -83.71009233570746 -86.20148338234895 82
      vertex -84.0467844313149 -88.45508780643941 82
    endloop
  endfacet
  facet normal 0 0 1
    outer loop
      vertex -83.5964039298455 -88.65638990037074 82
      vertex -83.23164238530562 -88.79901484838159 82
      vertex -83.2419070695162 -86.50803252251096 82
    endloop
  endfacet
  facet normal 0 0 1
    outer loop
      vertex -83.136176320875 -88.83368315055131 82
      vertex -82.76484878856269 -86.78424796153008 82
      vertex -83.18036436985653 -86.54564048341192 82
    endloop
  endfacet
  facet normal 0 0 1
    outer loop
      vertex -83.136176320875 -88.83368315055131 82
      vertex -82.76750080169921 -88.95564721895941 82
      vertex -82.76484878856269 -86.78424796153008 82
    endloop
  endfacet
  facet normal 0 0 1
    outer loop
      vertex -82.66726387904802 -88.98652817789919 82
      vertex -82.29610765318512 -89.0877464687545 82
      vertex -82.28023262672988 -87.03074139323165 82
    endloop
  endfacet
  facet normal 0 0 1
    outer loop
      vertex -82.66726387904802 -88.98652817789919 82
      vertex -82.28023262672988 -87.03074139323165 82
      vertex -82.70648700630895 -86.81603009420438 82
    endloop
  endfacet
  facet normal 0 0 1
    outer loop
      vertex -82.19083697943132 -89.11453022204623 82
      vertex -81.8186798437546 -89.19501649062413 82
      vertex -81.78939945853944 -87.24804665089279 82
    endloop
  endfacet
  facet normal 0 0 1
    outer loop
      vertex -81.70806962780712 -89.21733795509716 82
      vertex -81.2937110904814 -87.43665603921727 82
      vertex -81.73708178831669 -87.27010039825247 82
    endloop
  endfacet
  facet normal 0 0 1
    outer loop
      vertex -82.19083697943132 -89.11453022204623 82
      vertex -81.78939945853944 -87.24804665089279 82
      vertex -82.2249378112917 -87.05736997289833 82
    endloop
  endfacet
  facet normal 0 0 1
    outer loop
      vertex -84.0467844313149 -88.45508780643941 82
      vertex -83.71009233570746 -86.20148338234895 82
      vertex -84.09975612930177 -85.91564718876259 82
    endloop
  endfacet
  facet normal 0 0 1
    outer loop
      vertex -83.5964039298455 -88.65638990037074 82
      vertex -83.2419070695162 -86.50803252251096 82
      vertex -83.64522664506238 -86.24570806140831 82
    endloop
  endfacet
  facet normal 0 0 1
    outer loop
      vertex -81.78939945853944 -87.24804665089279 82
      vertex -82 -80 82
      vertex -82.2249378112917 -87.05736997289833 82
    endloop
  endfacet
  facet normal 0 0 1
    outer loop
      vertex -81.78939945853944 -87.24804665089279 82
      vertex -81.73708178831669 -87.27010039825247 82
      vertex -81.9418836348521 -80.47863132857512 82
    endloop
  endfacet
  facet normal 0 0 1
    outer loop
      vertex -81.70806962780712 -89.21733795509716 82
      vertex -81.33644091264573 -89.27721282333532 82
      vertex -81.2937110904814 -87.43665603921727 82
    endloop
  endfacet
  facet normal 0 0 1
    outer loop
      vertex -81.22013426766514 -89.29464127983984 82
      vertex -80.85061736180934 -89.33414230094536 82
      vertex -80.79454561108795 -87.59704859483324 82
    endloop
  endfacet
  facet normal 0 0 1
    outer loop
      vertex -80.72819564357107 -89.34616781246723 82
      vertex -80.36243456395964 -89.36566204185236 82
      vertex -80.29329285145843 -87.7297125036449 82
    endloop
  endfacet
  facet normal 0 0 1
    outer loop
      vertex -81.22013426766514 -89.29464127983984 82
      vertex -80.79454561108795 -87.59704859483324 82
      vertex -81.2443018182849 -87.45463954359356 82
    endloop
  endfacet
  facet normal 0 0 1
    outer loop
      vertex -80.72819564357107 -89.34616781246723 82
      vertex -80.29329285145843 -87.7297125036449 82
      vertex -80.74799473956016 -87.61140763704653 82
    endloop
  endfacet
  facet normal 0 0 1
    outer loop
      vertex -80.23340338770602 -89.37167760428237 82
      vertex -80.05686707866244 -89.37167760428237 82
      vertex -79.77991969608681 -88.2643876986328 82
    endloop
  endfacet
  facet normal 0 0 1
    outer loop
      vertex -80.23340338770602 -89.37167760428237 82
      vertex -79.77991969608681 -88.2643876986328 82
      vertex -80.24956738847914 -87.74084637460741 82
    endloop
  endfacet
  facet normal 0 0 1
    outer loop
      vertex -81.73708178831669 -87.27010039825247 82
      vertex -81.2937110904814 -87.43665603921727 82
      vertex -81.4970214963422 -81.32624531648159 82
    endloop
  endfacet
  facet normal 0 0 1
    outer loop
      vertex -81.2937110904814 -87.43665603921727 82
      vertex -81.2443018182849 -87.45463954359356 82
      vertex -81.4970214963422 -81.32624531648159 82
    endloop
  endfacet
  facet normal 0 0 1
    outer loop
      vertex -81.2443018182849 -87.45463954359356 82
      vertex -80.79454561108795 -87.59704859483324 82
      vertex -81.1361294934623 -81.64596773178731 82
    endloop
  endfacet
  facet normal 0 0 1
    outer loop
      vertex -80.79454561108795 -87.59704859483324 82
      vertex -80.74799473956016 -87.61140763704653 82
      vertex -81.1361294934623 -81.64596773178731 82
    endloop
  endfacet
  facet normal 0 0 1
    outer loop
      vertex -80.74799473956016 -87.61140763704653 82
      vertex -80.29329285145843 -87.7297125036449 82
      vertex -80.70920977408507 -81.87003248537083 82
    endloop
  endfacet
  facet normal 0 0 1
    outer loop
      vertex -80.29329285145843 -87.7297125036449 82
      vertex -80.24956738847914 -87.74084637460741 82
      vertex -80.70920977408507 -81.87003248537083 82
    endloop
  endfacet
  facet normal 0 0 1
    outer loop
      vertex -79.75147790469111 -89.3324250775269 82
      vertex -79.75043261152086 -89.3295729367471 82
      vertex -79.75892663948936 -81.98541774819611 82
    endloop
  endfacet
  facet normal 0 0 1
    outer loop
      vertex -79.75147790469111 -89.3324250775269 82
      vertex -79.75892663948936 -81.98541774819611 82
      vertex -79.77991969608681 -88.2643876986328 82
    endloop
  endfacet
  facet normal 0 0 1
    outer loop
      vertex -79.75043261152086 -89.3295729367471 82
      vertex -79.26592533114002 -88.82239036400257 82
      vertex -79.75892663948936 -81.98541774819611 82
    endloop
  endfacet
  facet normal 0 0 1
    outer loop
      vertex -80.24956738847914 -87.74084637460741 82
      vertex -79.77991969608681 -88.2643876986328 82
      vertex -80.24107336051064 -81.98541774819611 82
    endloop
  endfacet
  facet normal 0 0 1
    outer loop
      vertex -79.25434151052177 -89.25738242334879 82
      vertex -79.29079022591493 -81.87003248537083 82
      vertex -79.26592533114002 -88.82239036400257 82
    endloop
  endfacet
  facet normal 0 0 1
    outer loop
      vertex -79.25434151052177 -89.25738242334879 82
      vertex -78.26291821168331 -88.2675014263018 82
      vertex -79.29079022591493 -81.87003248537083 82
    endloop
  endfacet
  facet normal 0 0 1
    outer loop
      vertex -81.73708178831669 -87.27010039825247 82
      vertex -81.4970214963422 -81.32624531648159 82
      vertex -81.77091205130642 -80.92944634408754 82
    endloop
  endfacet
  facet normal 0 0 1
    outer loop
      vertex -82.76484878856269 -86.78424796153008 82
      vertex -82.70648700630895 -86.81603009420438 82
      vertex -83.18036436985653 -71.18093499995906 82
    endloop
  endfacet
  facet normal 0 0 1
    outer loop
      vertex -82.70648700630895 -86.81603009420438 82
      vertex -82.28023262672988 -87.03074139323165 82
      vertex -82.70648700630895 -71.0241683903562 82
    endloop
  endfacet
  facet normal 0 0 1
    outer loop
      vertex -82.28023262672988 -87.03074139323165 82
      vertex -82.2249378112917 -87.05736997289833 82
      vertex -82.70648700630895 -71.0241683903562 82
    endloop
  endfacet
  facet normal 0 0 1
    outer loop
      vertex -81.73708178831669 -87.27010039825247 82
      vertex -81.77091205130642 -80.92944634408754 82
      vertex -81.9418836348521 -80.47863132857512 82
    endloop
  endfacet
  facet normal 0 0 1
    outer loop
      vertex -81.78939945853944 -87.24804665089279 82
      vertex -81.9418836348521 -80.47863132857512 82
      vertex -82 -80 82
    endloop
  endfacet
  facet normal 0 0 1
    outer loop
      vertex -84.16812023543494 -85.86386339068996 82
      vertex -84.09975612930177 -85.91564718876259 82
      vertex -84.5426644093686 -71.79909608251286 82
    endloop
  endfacet
  facet normal 0 0 1
    outer loop
      vertex -84.09975612930177 -85.91564718876259 82
      vertex -83.71009233570746 -86.20148338234895 82
      vertex -84.09975612930177 -71.56894877964481 82
    endloop
  endfacet
  facet normal 0 0 1
    outer loop
      vertex -83.71009233570746 -86.20148338234895 82
      vertex -83.64522664506238 -86.24570806140831 82
      vertex -84.09975612930177 -71.56894877964481 82
    endloop
  endfacet
  facet normal 0 0 1
    outer loop
      vertex -83.2419070695162 -86.50803252251096 82
      vertex -83.64522664506238 -71.36270020746488 82
      vertex -83.64522664506238 -86.24570806140831 82
    endloop
  endfacet
  facet normal 0 0 1
    outer loop
      vertex -83.2419070695162 -86.50803252251096 82
      vertex -83.18036436985653 -86.54564048341192 82
      vertex -83.64522664506238 -71.36270020746488 82
    endloop
  endfacet
  facet normal 0 0 1
    outer loop
      vertex -83.18036436985653 -86.54564048341192 82
      vertex -82.76484878856269 -86.78424796153008 82
      vertex -83.18036436985653 -71.18093499995906 82
    endloop
  endfacet
  facet normal 0 0 1
    outer loop
      vertex -82.2249378112917 -87.05736997289833 82
      vertex -82 -80 82
      vertex -82.2249378112917 -70.89284475064335 82
    endloop
  endfacet
  facet normal 0 0 1
    outer loop
      vertex -80.74799473956016 -87.61140763704653 82
      vertex -80.70920977408507 -81.87003248537083 82
      vertex -81.1361294934623 -81.64596773178731 82
    endloop
  endfacet
  facet normal 0 0 1
    outer loop
      vertex -81.2443018182849 -87.45463954359356 82
      vertex -81.1361294934623 -81.64596773178731 82
      vertex -81.4970214963422 -81.32624531648159 82
    endloop
  endfacet
  facet normal 0 0 1
    outer loop
      vertex -80.24956738847914 -87.74084637460741 82
      vertex -80.24107336051064 -81.98541774819611 82
      vertex -80.70920977408507 -81.87003248537083 82
    endloop
  endfacet
  facet normal 0 0 1
    outer loop
      vertex -79.77991969608681 -88.2643876986328 82
      vertex -79.75892663948936 -81.98541774819611 82
      vertex -80.24107336051064 -81.98541774819611 82
    endloop
  endfacet
  facet normal 0 0 1
    outer loop
      vertex -79.26592533114002 -88.82239036400257 82
      vertex -79.29079022591493 -81.87003248537083 82
      vertex -79.75892663948936 -81.98541774819611 82
    endloop
  endfacet
  facet normal 0 0 1
    outer loop
      vertex -78.26291821168331 -88.2675014263018 82
      vertex -78.8638705065377 -81.64596773178731 82
      vertex -79.29079022591493 -81.87003248537083 82
    endloop
  endfacet
  facet normal 0 0 1
    outer loop
      vertex -87.81231799139857 -80.36327892047355 82
      vertex -87.81231799139857 -74.81749938723881 82
      vertex -87.99937700366986 -78.15811827392648 82
    endloop
  endfacet
  facet normal 0 0 1
    outer loop
      vertex -87.99937700366986 -78.15811827392648 82
      vertex -88 -75.11745834012194 82
      vertex -88.0356500648657 -75.17443533118794 82
    endloop
  endfacet
  facet normal 0 0 1
    outer loop
      vertex -87.99937700366986 -78.15811827392648 82
      vertex -87.81231799139857 -74.81749938723881 82
      vertex -88 -75.11745834012194 82
    endloop
  endfacet
  facet normal 0 0 1
    outer loop
      vertex -87.52542160560279 -81.70965922914645 82
      vertex -87.52542160560279 -74.40905601370154 82
      vertex -87.81231799139857 -74.81749938723881 82
    endloop
  endfacet
  facet normal 0 0 1
    outer loop
      vertex -87.21719359465537 -82.01722290762014 82
      vertex -87.21719359465537 -74.01646077832982 82
      vertex -87.52542160560279 -74.40905601370154 82
    endloop
  endfacet
  facet normal 0 0 1
    outer loop
      vertex -86.88850766434126 -85.15052947058906 82
      vertex -86.88850766434126 -73.64082653497235 82
      vertex -87.21719359465537 -74.01646077832982 82
    endloop
  endfacet
  facet normal 0 0 1
    outer loop
      vertex -86.17354417873473 -86.98430286700986 82
      vertex -86.17354417873473 -72.9446490325987 82
      vertex -86.54029551064048 -73.2832180597033 82
    endloop
  endfacet
  facet normal 0 0 1
    outer loop
      vertex -85.78929326512055 -87.1902247755262 82
      vertex -85.78929326512055 -72.62607916435023 82
      vertex -86.17354417873473 -72.9446490325987 82
    endloop
  endfacet
  facet normal 0 0 1
    outer loop
      vertex -86.54029551064048 -83.67212191520267 82
      vertex -86.54029551064048 -73.2832180597033 82
      vertex -86.88850766434126 -73.64082653497235 82
    endloop
  endfacet
  facet normal 0 0 1
    outer loop
      vertex -85.38863197076006 -87.1505114553356 82
      vertex -85.38863197076006 -72.32841147586092 82
      vertex -85.78929326512055 -72.62607916435023 82
    endloop
  endfacet
  facet normal 0 0 1
    outer loop
      vertex -84.97269601362258 -85.2147364107023 82
      vertex -84.97269601362258 -72.05248973853433 82
      vertex -85.38863197076006 -72.32841147586092 82
    endloop
  endfacet
  facet normal 0 0 1
    outer loop
      vertex -84.5426644093686 -85.5547271788277 82
      vertex -84.5426644093686 -71.79909608251286 82
      vertex -84.97269601362258 -72.05248973853433 82
    endloop
  endfacet
  facet normal 0 0 1
    outer loop
      vertex -84.09975612930177 -85.91564718876259 82
      vertex -84.09975612930177 -71.56894877964481 82
      vertex -84.5426644093686 -71.79909608251286 82
    endloop
  endfacet
  facet normal 0 0 1
    outer loop
      vertex -83.64522664506238 -86.24570806140831 82
      vertex -83.64522664506238 -71.36270020746488 82
      vertex -84.09975612930177 -71.56894877964481 82
    endloop
  endfacet
  facet normal 0 0 1
    outer loop
      vertex -83.18036436985653 -86.54564048341192 82
      vertex -83.18036436985653 -71.18093499995906 82
      vertex -83.64522664506238 -71.36270020746488 82
    endloop
  endfacet
  facet normal 0 0 1
    outer loop
      vertex -82.70648700630895 -86.81603009420438 82
      vertex -82.70648700630895 -71.0241683903562 82
      vertex -83.18036436985653 -71.18093499995906 82
    endloop
  endfacet
  facet normal 0 0 1
    outer loop
      vertex -82.2249378112917 -87.05736997289833 82
      vertex -82.2249378112917 -70.89284475064335 82
      vertex -82.70648700630895 -71.0241683903562 82
    endloop
  endfacet
  facet normal 0 0 1
    outer loop
      vertex -82.2249378112917 -70.89284475064335 82
      vertex -82 -80 82
      vertex -81.9418836348521 -79.52136867142488 82
    endloop
  endfacet
  facet normal 0 0 1
    outer loop
      vertex -82.2249378112917 -70.89284475064335 82
      vertex -81.9418836348521 -79.52136867142488 82
      vertex -81.77091205130642 -79.07055365591246 82
    endloop
  endfacet
  facet normal 0 0 1
    outer loop
      vertex -82.2249378112917 -70.89284475064335 82
      vertex -81.77091205130642 -79.07055365591246 82
      vertex -81.4970214963422 -78.67375468351841 82
    endloop
  endfacet
  facet normal 0 0 1
    outer loop
      vertex -82.2249378112917 -70.89284475064335 82
      vertex -81.4970214963422 -78.67375468351841 82
      vertex -81.7370817883167 -70.78733633194511 82
    endloop
  endfacet
  facet normal 0 0 1
    outer loop
      vertex -81.7370817883167 -70.78733633194511 82
      vertex -81.4970214963422 -78.67375468351841 82
      vertex -81.1361294934623 -78.35403226821269 82
    endloop
  endfacet
  facet normal 0 0 1
    outer loop
      vertex -81.2443018182849 -70.70794220933743 82
      vertex -81.1361294934623 -78.35403226821269 82
      vertex -80.70920977408507 -78.12996751462917 82
    endloop
  endfacet
  facet normal 0 0 1
    outer loop
      vertex -80.74799473956016 -70.65488743408672 82
      vertex -80.70920977408507 -78.12996751462917 82
      vertex -80.24107336051064 -78.01458225180389 82
    endloop
  endfacet
  facet normal 0 0 1
    outer loop
      vertex -81.7370817883167 -70.78733633194511 82
      vertex -81.1361294934623 -78.35403226821269 82
      vertex -81.2443018182849 -70.70794220933743 82
    endloop
  endfacet
  facet normal 0 0 1
    outer loop
      vertex -81.2443018182849 -70.70794220933743 82
      vertex -80.70920977408507 -78.12996751462917 82
      vertex -80.74799473956016 -70.65488743408672 82
    endloop
  endfacet
  facet normal 0 0 1
    outer loop
      vertex -80.24956738847914 -70.62832239571763 82
      vertex -80.24107336051064 -78.01458225180389 82
      vertex -79.75892663948936 -78.01458225180389 82
    endloop
  endfacet
  facet normal 0 0 1
    outer loop
      vertex -79.75043261152086 -70.62832239571763 82
      vertex -79.75892663948936 -78.01458225180389 82
      vertex -79.29079022591493 -78.12996751462917 82
    endloop
  endfacet
  facet normal 0 0 1
    outer loop
      vertex -79.25200526043984 -70.65488743408672 82
      vertex -79.29079022591493 -78.12996751462917 82
      vertex -78.8638705065377 -78.35403226821269 82
    endloop
  endfacet
  facet normal 0 0 1
    outer loop
      vertex -79.25200526043984 -70.65488743408672 82
      vertex -78.8638705065377 -78.35403226821269 82
      vertex -78.5029785036578 -78.67375468351841 82
    endloop
  endfacet
  facet normal 0 0 1
    outer loop
      vertex -79.75043261152086 -70.62832239571763 82
      vertex -79.29079022591493 -78.12996751462917 82
      vertex -79.25200526043984 -70.65488743408672 82
    endloop
  endfacet
  facet normal 0 0 1
    outer loop
      vertex -79.25200526043984 -70.65488743408672 82
      vertex -78.5029785036578 -78.67375468351841 82
      vertex -78.7556981817151 -70.70794220933743 82
    endloop
  endfacet
  facet normal 0 0 1
    outer loop
      vertex -80.74799473956016 -70.65488743408672 82
      vertex -80.24107336051064 -78.01458225180389 82
      vertex -80.24956738847914 -70.62832239571763 82
    endloop
  endfacet
  facet normal 0 0 1
    outer loop
      vertex -80.24956738847914 -70.62832239571763 82
      vertex -79.75892663948936 -78.01458225180389 82
      vertex -79.75043261152086 -70.62832239571763 82
    endloop
  endfacet
  facet normal 0 0 1
    outer loop
      vertex -78.26291821168331 -88.2675014263018 82
      vertex -77.80454568738271 -88 82
      vertex -78.5029785036578 -81.32624531648159 82
    endloop
  endfacet
  facet normal 0 0 1
    outer loop
      vertex -78.26291821168331 -88.2675014263018 82
      vertex -78.5029785036578 -81.32624531648159 82
      vertex -78.8638705065377 -81.64596773178731 82
    endloop
  endfacet
  facet normal 0 0 1
    outer loop
      vertex -77.80454568738271 -88 82
      vertex -78.22908794869358 -80.92944634408754 82
      vertex -78.5029785036578 -81.32624531648159 82
    endloop
  endfacet
  facet normal 0 0 1
    outer loop
      vertex -77.80454568738271 -88 82
      vertex -78.0581163651479 -80.47863132857512 82
      vertex -78.22908794869358 -80.92944634408754 82
    endloop
  endfacet
  facet normal 0 0 1
    outer loop
      vertex -77.80454568738271 -88 82
      vertex -78 -80 82
      vertex -78.0581163651479 -80.47863132857512 82
    endloop
  endfacet
  facet normal 0 0 1
    outer loop
      vertex -77.80454568738271 -88 82
      vertex -75.11638374797523 -88 82
      vertex -77.7750621887083 -70.89284475064335 82
    endloop
  endfacet
  facet normal 0 0 1
    outer loop
      vertex -77.80454568738271 -88 82
      vertex -77.7750621887083 -70.89284475064335 82
      vertex -78 -80 82
    endloop
  endfacet
  facet normal 0 0 1
    outer loop
      vertex -75.11638374797523 -88 82
      vertex -75.02730398637742 -87.94751026146567 82
      vertex -75.4573355906314 -71.79909608251286 82
    endloop
  endfacet
  facet normal 0 0 1
    outer loop
      vertex -75.02730398637742 -87.94751026146567 82
      vertex -74.61136802923994 -87.67158852413908 82
      vertex -75.02730398637742 -72.05248973853433 82
    endloop
  endfacet
  facet normal 0 0 1
    outer loop
      vertex -74.61136802923994 -87.67158852413908 82
      vertex -74.21070673487945 -87.37392083564977 82
      vertex -74.61136802923994 -72.32841147586092 82
    endloop
  endfacet
  facet normal 0 0 1
    outer loop
      vertex -74.21070673487945 -87.37392083564977 82
      vertex -73.82645582126526 -87.0553509674013 82
      vertex -74.21070673487945 -72.62607916435023 82
    endloop
  endfacet
  facet normal 0 0 1
    outer loop
      vertex -73.82645582126526 -87.0553509674013 82
      vertex -73.45970448935951 -86.7167819402967 82
      vertex -73.82645582126526 -72.9446490325987 82
    endloop
  endfacet
  facet normal 0 0 1
    outer loop
      vertex -73.45970448935951 -86.7167819402967 82
      vertex -73.11149233565875 -86.35917346502765 82
      vertex -73.45970448935952 -73.2832180597033 82
    endloop
  endfacet
  facet normal 0 0 1
    outer loop
      vertex -73.11149233565875 -86.35917346502765 82
      vertex -72.78280640534463 -85.98353922167018 82
      vertex -73.11149233565874 -73.64082653497235 82
    endloop
  endfacet
  facet normal 0 0 1
    outer loop
      vertex -72.78280640534463 -85.98353922167018 82
      vertex -72.47457839439721 -85.59094398629846 82
      vertex -72.78280640534463 -74.01646077832982 82
    endloop
  endfacet
  facet normal 0 0 1
    outer loop
      vertex -72.47457839439721 -85.59094398629846 82
      vertex -72.18768200860143 -85.18250061276119 82
      vertex -72.47457839439721 -74.40905601370154 82
    endloop
  endfacet
  facet normal 0 0 1
    outer loop
      vertex -72.18768200860143 -85.18250061276119 82
      vertex -71.92293048693307 -84.75936687817662 82
      vertex -72.18768200860143 -74.81749938723881 82
    endloop
  endfacet
  facet normal 0 0 1
    outer loop
      vertex -71.92293048693307 -84.75936687817662 82
      vertex -71.68107429634463 -84.32274220108742 82
      vertex -71.92293048693307 -75.24063312182338 82
    endloop
  endfacet
  facet normal 0 0 1
    outer loop
      vertex -71.68107429634463 -84.32274220108742 82
      vertex -71.46279900448519 -83.87386424157854 82
      vertex -71.68107429634465 -75.67725779891256 82
    endloop
  endfacet
  facet normal 0 0 1
    outer loop
      vertex -71.46279900448519 -83.87386424157854 82
      vertex -71.26872333638433 -83.41400539299521 82
      vertex -71.46279900448519 -76.12613575842146 82
    endloop
  endfacet
  facet normal 0 0 1
    outer loop
      vertex -71.26872333638433 -83.41400539299521 82
      vertex -71.09939742060892 -82.94446917520577 82
      vertex -71.26872333638433 -76.58599460700479 82
    endloop
  endfacet
  facet normal 0 0 1
    outer loop
      vertex -71.09939742060892 -82.94446917520577 82
      vertex -70.9553012298639 -82.46658653963301 82
      vertex -71.09939742060892 -77.05553082479423 82
    endloop
  endfacet
  facet normal 0 0 1
    outer loop
      vertex -70.9553012298639 -82.46658653963301 82
      vertex -70.8368432204575 -81.98171209652773 82
      vertex -70.95530122986392 -77.53341346036699 82
    endloop
  endfacet
  facet normal 0 0 1
    outer loop
      vertex -70.8368432204575 -81.98171209652773 82
      vertex -70.7443591744874 -81.49122027517879 82
      vertex -70.8368432204575 -78.01828790347227 82
    endloop
  endfacet
  facet normal 0 0 1
    outer loop
      vertex -70.7443591744874 -81.49122027517879 82
      vertex -70.67811124802996 -80.99650142794405 82
      vertex -70.7443591744874 -78.5087797248212 82
    endloop
  endfacet
  facet normal 0 0 1
    outer loop
      vertex -70.67811124802996 -80.99650142794405 82
      vertex -70.63828722803035 -80.49895788914543 82
      vertex -70.67811124802996 -79.00349857205595 82
    endloop
  endfacet
  facet normal 0 0 1
    outer loop
      vertex -71.09939742060892 -82.94446917520577 82
      vertex -71.09939742060892 -77.05553082479423 82
      vertex -71.26872333638433 -76.58599460700479 82
    endloop
  endfacet
  facet normal 0 0 1
    outer loop
      vertex -70.67811124802996 -80.99650142794405 82
      vertex -70.67811124802996 -79.00349857205595 82
      vertex -70.7443591744874 -78.5087797248212 82
    endloop
  endfacet
  facet normal 0 0 1
    outer loop
      vertex -70.63828722803035 -80.49895788914543 82
      vertex -70.625 -80 82
      vertex -70.63828722803035 -79.50104211085457 82
    endloop
  endfacet
  facet normal 0 0 1
    outer loop
      vertex -70.63828722803035 -80.49895788914543 82
      vertex -70.63828722803035 -79.50104211085457 82
      vertex -70.67811124802996 -79.00349857205595 82
    endloop
  endfacet
  facet normal 0 0 1
    outer loop
      vertex -70.8368432204575 -81.98171209652773 82
      vertex -70.8368432204575 -78.01828790347227 82
      vertex -70.95530122986392 -77.53341346036699 82
    endloop
  endfacet
  facet normal 0 0 1
    outer loop
      vertex -70.7443591744874 -81.49122027517879 82
      vertex -70.7443591744874 -78.5087797248212 82
      vertex -70.8368432204575 -78.01828790347227 82
    endloop
  endfacet
  facet normal 0 0 1
    outer loop
      vertex -70.9553012298639 -82.46658653963301 82
      vertex -70.95530122986392 -77.53341346036699 82
      vertex -71.09939742060892 -77.05553082479423 82
    endloop
  endfacet
  facet normal 0 0 1
    outer loop
      vertex -78.2629182116833 -70.78733633194511 82
      vertex -78.0581163651479 -79.52136867142488 82
      vertex -78 -80 82
    endloop
  endfacet
  facet normal 0 0 1
    outer loop
      vertex -78.2629182116833 -70.78733633194511 82
      vertex -78.22908794869358 -79.07055365591246 82
      vertex -78.0581163651479 -79.52136867142488 82
    endloop
  endfacet
  facet normal 0 0 1
    outer loop
      vertex -78.2629182116833 -70.78733633194511 82
      vertex -78.5029785036578 -78.67375468351841 82
      vertex -78.22908794869358 -79.07055365591246 82
    endloop
  endfacet
  facet normal 0 0 1
    outer loop
      vertex -75.11638374797523 -88 82
      vertex -77.29351299369105 -71.0241683903562 82
      vertex -77.7750621887083 -70.89284475064335 82
    endloop
  endfacet
  facet normal 0 0 1
    outer loop
      vertex -75.11638374797523 -88 82
      vertex -76.81963563014347 -71.18093499995906 82
      vertex -77.29351299369105 -71.0241683903562 82
    endloop
  endfacet
  facet normal 0 0 1
    outer loop
      vertex -75.11638374797523 -88 82
      vertex -76.35477335493762 -71.36270020746488 82
      vertex -76.81963563014347 -71.18093499995906 82
    endloop
  endfacet
  facet normal 0 0 1
    outer loop
      vertex -78.7556981817151 -70.70794220933743 82
      vertex -78.5029785036578 -78.67375468351841 82
      vertex -78.2629182116833 -70.78733633194511 82
    endloop
  endfacet
  facet normal 0 0 1
    outer loop
      vertex -78.2629182116833 -70.78733633194511 82
      vertex -78 -80 82
      vertex -77.7750621887083 -70.89284475064335 82
    endloop
  endfacet
  facet normal 0 0 1
    outer loop
      vertex -74.61136802923994 -87.67158852413908 82
      vertex -74.61136802923994 -72.32841147586092 82
      vertex -75.02730398637742 -72.05248973853433 82
    endloop
  endfacet
  facet normal 0 0 1
    outer loop
      vertex -75.11638374797523 -88 82
      vertex -75.90024387069823 -71.56894877964481 82
      vertex -76.35477335493762 -71.36270020746488 82
    endloop
  endfacet
  facet normal 0 0 1
    outer loop
      vertex -75.11638374797523 -88 82
      vertex -75.4573355906314 -71.79909608251286 82
      vertex -75.90024387069823 -71.56894877964481 82
    endloop
  endfacet
  facet normal 0 0 1
    outer loop
      vertex -75.02730398637742 -87.94751026146567 82
      vertex -75.02730398637742 -72.05248973853433 82
      vertex -75.4573355906314 -71.79909608251286 82
    endloop
  endfacet
  facet normal 0 0 1
    outer loop
      vertex -74.21070673487945 -87.37392083564977 82
      vertex -74.21070673487945 -72.62607916435023 82
      vertex -74.61136802923994 -72.32841147586092 82
    endloop
  endfacet
  facet normal 0 0 1
    outer loop
      vertex -73.82645582126526 -87.0553509674013 82
      vertex -73.82645582126526 -72.9446490325987 82
      vertex -74.21070673487945 -72.62607916435023 82
    endloop
  endfacet
  facet normal 0 0 1
    outer loop
      vertex -73.45970448935951 -86.7167819402967 82
      vertex -73.45970448935952 -73.2832180597033 82
      vertex -73.82645582126526 -72.9446490325987 82
    endloop
  endfacet
  facet normal 0 0 1
    outer loop
      vertex -73.11149233565875 -86.35917346502765 82
      vertex -73.11149233565874 -73.64082653497235 82
      vertex -73.45970448935952 -73.2832180597033 82
    endloop
  endfacet
  facet normal 0 0 1
    outer loop
      vertex -72.78280640534463 -85.98353922167018 82
      vertex -72.78280640534463 -74.01646077832982 82
      vertex -73.11149233565874 -73.64082653497235 82
    endloop
  endfacet
  facet normal 0 0 1
    outer loop
      vertex -72.47457839439721 -85.59094398629846 82
      vertex -72.47457839439721 -74.40905601370154 82
      vertex -72.78280640534463 -74.01646077832982 82
    endloop
  endfacet
  facet normal 0 0 1
    outer loop
      vertex -72.18768200860143 -85.18250061276119 82
      vertex -72.18768200860143 -74.81749938723881 82
      vertex -72.47457839439721 -74.40905601370154 82
    endloop
  endfacet
  facet normal 0 0 1
    outer loop
      vertex -71.68107429634463 -84.32274220108742 82
      vertex -71.68107429634465 -75.67725779891256 82
      vertex -71.92293048693307 -75.24063312182338 82
    endloop
  endfacet
  facet normal 0 0 1
    outer loop
      vertex -71.92293048693307 -84.75936687817662 82
      vertex -71.92293048693307 -75.24063312182338 82
      vertex -72.18768200860143 -74.81749938723881 82
    endloop
  endfacet
  facet normal 0 0 1
    outer loop
      vertex -71.46279900448519 -83.87386424157854 82
      vertex -71.46279900448519 -76.12613575842146 82
      vertex -71.68107429634465 -75.67725779891256 82
    endloop
  endfacet
  facet normal 0 0 1
    outer loop
      vertex -71.26872333638433 -83.41400539299521 82
      vertex -71.26872333638433 -76.58599460700479 82
      vertex -71.46279900448519 -76.12613575842146 82
    endloop
  endfacet
  facet normal 0.8968727415326844 0.44228869021900924 0
    outer loop
      vertex 76.53545175308267 78.56493712863092 78
      vertex 76.75240473580835 78.125 0
      vertex 76.53545175308267 78.56493712863092 0
    endloop
  endfacet
  facet normal 0.8314696123025384 0.5555702330196126 0
    outer loop
      vertex 76.75240473580835 78.125 78
      vertex 77.02492497390787 77.7171446412173 0
      vertex 76.75240473580835 78.125 0
    endloop
  endfacet
  facet normal 0.7518398074789725 0.6593458151000744 0
    outer loop
      vertex 77.02492497390787 77.7171446412173 78
      vertex 77.34834957055045 77.34834957055045 0
      vertex 77.02492497390787 77.7171446412173 0
    endloop
  endfacet
  facet normal 0.6593458151000744 0.7518398074789725 0
    outer loop
      vertex 77.34834957055045 77.34834957055045 78
      vertex 77.7171446412173 77.02492497390787 0
      vertex 77.34834957055045 77.34834957055045 0
    endloop
  endfacet
  facet normal 0.5555702330196126 0.8314696123025384 0
    outer loop
      vertex 77.7171446412173 77.02492497390787 78
      vertex 78.125 76.75240473580835 0
      vertex 77.7171446412173 77.02492497390787 0
    endloop
  endfacet
  facet normal 0.32143946530315237 0.9469301294951089 0
    outer loop
      vertex 78.56493712863092 76.53545175308267 78
      vertex 79.02942858086554 76.377778151416 0
      vertex 78.56493712863092 76.53545175308267 0
    endloop
  endfacet
  facet normal 0.44228869021900924 0.8968727415326844 0
    outer loop
      vertex 78.125 76.75240473580835 78
      vertex 78.56493712863092 76.53545175308267 0
      vertex 78.125 76.75240473580835 0
    endloop
  endfacet
  facet normal 0.9469301294951089 0.32143946530315237 0
    outer loop
      vertex 76.377778151416 79.02942858086554 78
      vertex 76.53545175308267 78.56493712863092 0
      vertex 76.377778151416 79.02942858086554 0
    endloop
  endfacet
  facet normal 0.980785280403228 0.19509032201614018 0
    outer loop
      vertex 76.2820817698482 79.51052677917481 78
      vertex 76.377778151416 79.02942858086554 0
      vertex 76.2820817698482 79.51052677917481 0
    endloop
  endfacet
  facet normal 0.9978589232386044 0.06540312923013057 0
    outer loop
      vertex 76.25 80 78
      vertex 76.2820817698482 79.51052677917481 0
      vertex 76.25 80 0
    endloop
  endfacet
  facet normal 0.9978589232386044 -0.06540312923013057 0
    outer loop
      vertex 76.2820817698482 80.48947322082519 78
      vertex 76.25 80 0
      vertex 76.2820817698482 80.48947322082519 0
    endloop
  endfacet
  facet normal 0.980785280403228 -0.19509032201614018 0
    outer loop
      vertex 76.377778151416 80.97057141913446 78
      vertex 76.2820817698482 80.48947322082519 0
      vertex 76.377778151416 80.97057141913446 0
    endloop
  endfacet
  facet normal 0.9469301294951089 -0.32143946530315237 0
    outer loop
      vertex 76.53545175308267 81.43506287136908 78
      vertex 76.377778151416 80.97057141913446 0
      vertex 76.53545175308267 81.43506287136908 0
    endloop
  endfacet
  facet normal 0.8968727415326844 -0.44228869021900924 0
    outer loop
      vertex 76.75240473580835 81.875 78
      vertex 76.53545175308267 81.43506287136908 0
      vertex 76.75240473580835 81.875 0
    endloop
  endfacet
  facet normal 0.8314696123025384 -0.5555702330196126 0
    outer loop
      vertex 77.02492497390787 82.2828553587827 78
      vertex 76.75240473580835 81.875 0
      vertex 77.02492497390787 82.2828553587827 0
    endloop
  endfacet
  facet normal 0.7518398074789725 -0.6593458151000744 0
    outer loop
      vertex 77.34834957055045 82.65165042944955 78
      vertex 77.02492497390787 82.2828553587827 0
      vertex 77.34834957055045 82.65165042944955 0
    endloop
  endfacet
  facet normal 0.6593458151000744 -0.7518398074789725 0
    outer loop
      vertex 77.7171446412173 82.97507502609213 78
      vertex 77.34834957055045 82.65165042944955 0
      vertex 77.7171446412173 82.97507502609213 0
    endloop
  endfacet
  facet normal 0.5555702330196126 -0.8314696123025384 0
    outer loop
      vertex 78.125 83.24759526419165 78
      vertex 77.7171446412173 82.97507502609213 0
      vertex 78.125 83.24759526419165 0
    endloop
  endfacet
  facet normal 0.44228869021900924 -0.8968727415326844 0
    outer loop
      vertex 78.56493712863092 83.46454824691733 78
      vertex 78.125 83.24759526419165 0
      vertex 78.56493712863092 83.46454824691733 0
    endloop
  endfacet
  facet normal 0.19509032201614018 0.980785280403228 0
    outer loop
      vertex 79.02942858086554 76.377778151416 78
      vertex 79.51052677917481 76.2820817698482 0
      vertex 79.02942858086554 76.377778151416 0
    endloop
  endfacet
  facet normal 0.06540312923013057 0.9978589232386044 0
    outer loop
      vertex 79.51052677917481 76.2820817698482 78
      vertex 80 76.25 0
      vertex 79.51052677917481 76.2820817698482 0
    endloop
  endfacet
  facet normal -0.06540312923013057 0.9978589232386044 0
    outer loop
      vertex 80 76.25 78
      vertex 80.48947322082519 76.2820817698482 0
      vertex 80 76.25 0
    endloop
  endfacet
  facet normal -0.19509032201614018 0.980785280403228 0
    outer loop
      vertex 80.48947322082519 76.2820817698482 78
      vertex 80.97057141913446 76.377778151416 0
      vertex 80.48947322082519 76.2820817698482 0
    endloop
  endfacet
  facet normal -0.32143946530315237 0.9469301294951089 0
    outer loop
      vertex 80.97057141913446 76.377778151416 78
      vertex 81.43506287136908 76.53545175308267 0
      vertex 80.97057141913446 76.377778151416 0
    endloop
  endfacet
  facet normal -0.44228869021900924 0.8968727415326844 0
    outer loop
      vertex 81.43506287136908 76.53545175308267 78
      vertex 81.875 76.75240473580835 0
      vertex 81.43506287136908 76.53545175308267 0
    endloop
  endfacet
  facet normal -0.5555702330196126 0.8314696123025384 0
    outer loop
      vertex 81.875 76.75240473580835 78
      vertex 82.2828553587827 77.02492497390787 0
      vertex 81.875 76.75240473580835 0
    endloop
  endfacet
  facet normal -0.6593458151000744 0.7518398074789725 0
    outer loop
      vertex 82.2828553587827 77.02492497390787 78
      vertex 82.65165042944955 77.34834957055045 0
      vertex 82.2828553587827 77.02492497390787 0
    endloop
  endfacet
  facet normal -0.7518398074789725 0.6593458151000744 0
    outer loop
      vertex 82.65165042944955 77.34834957055045 78
      vertex 82.97507502609213 77.7171446412173 0
      vertex 82.65165042944955 77.34834957055045 0
    endloop
  endfacet
  facet normal -0.8314696123025384 0.5555702330196126 0
    outer loop
      vertex 82.97507502609213 77.7171446412173 78
      vertex 83.24759526419165 78.125 0
      vertex 82.97507502609213 77.7171446412173 0
    endloop
  endfacet
  facet normal -0.8968727415326844 0.44228869021900924 0
    outer loop
      vertex 83.24759526419165 78.125 78
      vertex 83.46454824691733 78.56493712863092 0
      vertex 83.24759526419165 78.125 0
    endloop
  endfacet
  facet normal -0.9469301294951089 0.32143946530315237 0
    outer loop
      vertex 83.46454824691733 78.56493712863092 78
      vertex 83.622221848584 79.02942858086554 0
      vertex 83.46454824691733 78.56493712863092 0
    endloop
  endfacet
  facet normal 0.32143946530315237 -0.9469301294951089 0
    outer loop
      vertex 79.02942858086554 83.622221848584 78
      vertex 78.56493712863092 83.46454824691733 0
      vertex 79.02942858086554 83.622221848584 0
    endloop
  endfacet
  facet normal 0.19509032201614018 -0.980785280403228 0
    outer loop
      vertex 79.51052677917481 83.7179182301518 78
      vertex 79.02942858086554 83.622221848584 0
      vertex 79.51052677917481 83.7179182301518 0
    endloop
  endfacet
  facet normal 0.06540312923013057 -0.9978589232386044 0
    outer loop
      vertex 80 83.75 78
      vertex 79.51052677917481 83.7179182301518 0
      vertex 80 83.75 0
    endloop
  endfacet
  facet normal -0.19509032201614018 -0.980785280403228 0
    outer loop
      vertex 80.97057141913446 83.622221848584 78
      vertex 80.48947322082519 83.7179182301518 0
      vertex 80.97057141913446 83.622221848584 0
    endloop
  endfacet
  facet normal -0.06540312923013057 -0.9978589232386044 0
    outer loop
      vertex 80.48947322082519 83.7179182301518 78
      vertex 80 83.75 0
      vertex 80.48947322082519 83.7179182301518 0
    endloop
  endfacet
  facet normal -0.32143946530315237 -0.9469301294951089 0
    outer loop
      vertex 81.43506287136908 83.46454824691733 78
      vertex 80.97057141913446 83.622221848584 0
      vertex 81.43506287136908 83.46454824691733 0
    endloop
  endfacet
  facet normal -0.980785280403228 0.19509032201614018 0
    outer loop
      vertex 83.622221848584 79.02942858086554 78
      vertex 83.7179182301518 79.51052677917481 0
      vertex 83.622221848584 79.02942858086554 0
    endloop
  endfacet
  facet normal -0.9978589232386044 0.06540312923013057 0
    outer loop
      vertex 83.7179182301518 79.51052677917481 78
      vertex 83.75 80 0
      vertex 83.7179182301518 79.51052677917481 0
    endloop
  endfacet
  facet normal -0.9469301294951089 -0.32143946530315237 0
    outer loop
      vertex 83.622221848584 80.97057141913446 78
      vertex 83.46454824691733 81.43506287136908 0
      vertex 83.622221848584 80.97057141913446 0
    endloop
  endfacet
  facet normal -0.9978589232386044 -0.06540312923013057 0
    outer loop
      vertex 83.75 80 78
      vertex 83.7179182301518 80.48947322082519 0
      vertex 83.75 80 0
    endloop
  endfacet
  facet normal -0.980785280403228 -0.19509032201614018 0
    outer loop
      vertex 83.7179182301518 80.48947322082519 78
      vertex 83.622221848584 80.97057141913446 0
      vertex 83.7179182301518 80.48947322082519 0
    endloop
  endfacet
  facet normal -0.6593458151000744 -0.7518398074789725 0
    outer loop
      vertex 82.65165042944955 82.65165042944955 78
      vertex 82.2828553587827 82.97507502609213 0
      vertex 82.65165042944955 82.65165042944955 0
    endloop
  endfacet
  facet normal -0.7518398074789725 -0.6593458151000744 0
    outer loop
      vertex 82.97507502609213 82.2828553587827 78
      vertex 82.65165042944955 82.65165042944955 0
      vertex 82.97507502609213 82.2828553587827 0
    endloop
  endfacet
  facet normal -0.44228869021900924 -0.8968727415326844 0
    outer loop
      vertex 81.875 83.24759526419165 78
      vertex 81.43506287136908 83.46454824691733 0
      vertex 81.875 83.24759526419165 0
    endloop
  endfacet
  facet normal -0.5555702330196126 -0.8314696123025384 0
    outer loop
      vertex 82.2828553587827 82.97507502609213 78
      vertex 81.875 83.24759526419165 0
      vertex 82.2828553587827 82.97507502609213 0
    endloop
  endfacet
  facet normal -0.8314696123025384 -0.5555702330196126 0
    outer loop
      vertex 83.24759526419165 81.875 78
      vertex 82.97507502609213 82.2828553587827 0
      vertex 83.24759526419165 81.875 0
    endloop
  endfacet
  facet normal -0.8968727415326844 -0.44228869021900924 0
    outer loop
      vertex 83.46454824691733 81.43506287136908 78
      vertex 83.24759526419165 81.875 0
      vertex 83.46454824691733 81.43506287136908 0
    endloop
  endfacet
  facet normal 0.9469301294951089 0.32143946530315237 0
    outer loop
      vertex 76.53545175308267 78.56493712863092 78
      vertex 76.53545175308267 78.56493712863092 0
      vertex 76.377778151416 79.02942858086554 78
    endloop
  endfacet
  facet normal 0.8314696123025384 0.5555702330196126 0
    outer loop
      vertex 77.02492497390787 77.7171446412173 78
      vertex 77.02492497390787 77.7171446412173 0
      vertex 76.75240473580835 78.125 78
    endloop
  endfacet
  facet normal 0.7518398074789725 0.6593458151000744 0
    outer loop
      vertex 77.02492497390787 77.7171446412173 78
      vertex 77.34834957055045 77.34834957055045 78
      vertex 77.34834957055045 77.34834957055045 0
    endloop
  endfacet
  facet normal 0.8968727415326844 0.44228869021900924 0
    outer loop
      vertex 76.75240473580835 78.125 78
      vertex 76.75240473580835 78.125 0
      vertex 76.53545175308267 78.56493712863092 78
    endloop
  endfacet
  facet normal 0.6593458151000744 0.7518398074789725 0
    outer loop
      vertex 77.7171446412173 77.02492497390787 78
      vertex 77.7171446412173 77.02492497390787 0
      vertex 77.34834957055045 77.34834957055045 78
    endloop
  endfacet
  facet normal 0.5555702330196126 0.8314696123025384 0
    outer loop
      vertex 77.7171446412173 77.02492497390787 78
      vertex 78.125 76.75240473580835 78
      vertex 78.125 76.75240473580835 0
    endloop
  endfacet
  facet normal 0.44228869021900924 0.8968727415326844 0
    outer loop
      vertex 78.125 76.75240473580835 78
      vertex 78.56493712863092 76.53545175308267 78
      vertex 78.56493712863092 76.53545175308267 0
    endloop
  endfacet
  facet normal 0.980785280403228 0.19509032201614018 0
    outer loop
      vertex 76.377778151416 79.02942858086554 78
      vertex 76.377778151416 79.02942858086554 0
      vertex 76.2820817698482 79.51052677917481 78
    endloop
  endfacet
  facet normal 0.9978589232386044 0.06540312923013057 0
    outer loop
      vertex 76.2820817698482 79.51052677917481 78
      vertex 76.2820817698482 79.51052677917481 0
      vertex 76.25 80 78
    endloop
  endfacet
  facet normal 0.9978589232386044 -0.06540312923013057 0
    outer loop
      vertex 76.25 80 78
      vertex 76.25 80 0
      vertex 76.2820817698482 80.48947322082519 78
    endloop
  endfacet
  facet normal 0.980785280403228 -0.19509032201614018 0
    outer loop
      vertex 76.2820817698482 80.48947322082519 78
      vertex 76.2820817698482 80.48947322082519 0
      vertex 76.377778151416 80.97057141913446 78
    endloop
  endfacet
  facet normal 0.9469301294951089 -0.32143946530315237 0
    outer loop
      vertex 76.377778151416 80.97057141913446 78
      vertex 76.377778151416 80.97057141913446 0
      vertex 76.53545175308267 81.43506287136908 78
    endloop
  endfacet
  facet normal 0.8968727415326844 -0.44228869021900924 0
    outer loop
      vertex 76.53545175308267 81.43506287136908 78
      vertex 76.53545175308267 81.43506287136908 0
      vertex 76.75240473580835 81.875 78
    endloop
  endfacet
  facet normal 0.8314696123025384 -0.5555702330196126 0
    outer loop
      vertex 76.75240473580835 81.875 78
      vertex 76.75240473580835 81.875 0
      vertex 77.02492497390787 82.2828553587827 78
    endloop
  endfacet
  facet normal 0.7518398074789725 -0.6593458151000744 0
    outer loop
      vertex 77.02492497390787 82.2828553587827 78
      vertex 77.02492497390787 82.2828553587827 0
      vertex 77.34834957055045 82.65165042944955 78
    endloop
  endfacet
  facet normal 0.6593458151000744 -0.7518398074789725 0
    outer loop
      vertex 77.34834957055045 82.65165042944955 78
      vertex 77.34834957055045 82.65165042944955 0
      vertex 77.7171446412173 82.97507502609213 78
    endloop
  endfacet
  facet normal 0.5555702330196126 -0.8314696123025384 0
    outer loop
      vertex 77.7171446412173 82.97507502609213 78
      vertex 77.7171446412173 82.97507502609213 0
      vertex 78.125 83.24759526419165 78
    endloop
  endfacet
  facet normal 0.44228869021900924 -0.8968727415326844 0
    outer loop
      vertex 78.125 83.24759526419165 78
      vertex 78.125 83.24759526419165 0
      vertex 78.56493712863092 83.46454824691733 78
    endloop
  endfacet
  facet normal 0.32143946530315237 -0.9469301294951089 0
    outer loop
      vertex 78.56493712863092 83.46454824691733 78
      vertex 78.56493712863092 83.46454824691733 0
      vertex 79.02942858086554 83.622221848584 78
    endloop
  endfacet
  facet normal 0.32143946530315237 0.9469301294951089 0
    outer loop
      vertex 78.56493712863092 76.53545175308267 78
      vertex 79.02942858086554 76.377778151416 78
      vertex 79.02942858086554 76.377778151416 0
    endloop
  endfacet
  facet normal 0.19509032201614018 0.980785280403228 0
    outer loop
      vertex 79.02942858086554 76.377778151416 78
      vertex 79.51052677917481 76.2820817698482 78
      vertex 79.51052677917481 76.2820817698482 0
    endloop
  endfacet
  facet normal 0.06540312923013057 0.9978589232386044 0
    outer loop
      vertex 79.51052677917481 76.2820817698482 78
      vertex 80 76.25 78
      vertex 80 76.25 0
    endloop
  endfacet
  facet normal -0.06540312923013057 0.9978589232386044 0
    outer loop
      vertex 80 76.25 78
      vertex 80.48947322082519 76.2820817698482 78
      vertex 80.48947322082519 76.2820817698482 0
    endloop
  endfacet
  facet normal -0.19509032201614018 0.980785280403228 0
    outer loop
      vertex 80.48947322082519 76.2820817698482 78
      vertex 80.97057141913446 76.377778151416 78
      vertex 80.97057141913446 76.377778151416 0
    endloop
  endfacet
  facet normal -0.32143946530315237 0.9469301294951089 0
    outer loop
      vertex 80.97057141913446 76.377778151416 78
      vertex 81.43506287136908 76.53545175308267 78
      vertex 81.43506287136908 76.53545175308267 0
    endloop
  endfacet
  facet normal -0.44228869021900924 0.8968727415326844 0
    outer loop
      vertex 81.43506287136908 76.53545175308267 78
      vertex 81.875 76.75240473580835 78
      vertex 81.875 76.75240473580835 0
    endloop
  endfacet
  facet normal -0.5555702330196126 0.8314696123025384 0
    outer loop
      vertex 81.875 76.75240473580835 78
      vertex 82.2828553587827 77.02492497390787 78
      vertex 82.2828553587827 77.02492497390787 0
    endloop
  endfacet
  facet normal -0.6593458151000744 0.7518398074789725 0
    outer loop
      vertex 82.2828553587827 77.02492497390787 78
      vertex 82.65165042944955 77.34834957055045 78
      vertex 82.65165042944955 77.34834957055045 0
    endloop
  endfacet
  facet normal -0.7518398074789725 0.6593458151000744 0
    outer loop
      vertex 82.65165042944955 77.34834957055045 78
      vertex 82.97507502609213 77.7171446412173 78
      vertex 82.97507502609213 77.7171446412173 0
    endloop
  endfacet
  facet normal -0.8314696123025384 0.5555702330196126 0
    outer loop
      vertex 82.97507502609213 77.7171446412173 78
      vertex 83.24759526419165 78.125 78
      vertex 83.24759526419165 78.125 0
    endloop
  endfacet
  facet normal -0.8968727415326844 0.44228869021900924 0
    outer loop
      vertex 83.24759526419165 78.125 78
      vertex 83.46454824691733 78.56493712863092 78
      vertex 83.46454824691733 78.56493712863092 0
    endloop
  endfacet
  facet normal 0.19509032201614018 -0.980785280403228 0
    outer loop
      vertex 79.02942858086554 83.622221848584 78
      vertex 79.02942858086554 83.622221848584 0
      vertex 79.51052677917481 83.7179182301518 78
    endloop
  endfacet
  facet normal 0.06540312923013057 -0.9978589232386044 0
    outer loop
      vertex 79.51052677917481 83.7179182301518 78
      vertex 79.51052677917481 83.7179182301518 0
      vertex 80 83.75 78
    endloop
  endfacet
  facet normal -0.06540312923013057 -0.9978589232386044 0
    outer loop
      vertex 80 83.75 78
      vertex 80 83.75 0
      vertex 80.48947322082519 83.7179182301518 78
    endloop
  endfacet
  facet normal -0.19509032201614018 -0.980785280403228 0
    outer loop
      vertex 80.48947322082519 83.7179182301518 78
      vertex 80.48947322082519 83.7179182301518 0
      vertex 80.97057141913446 83.622221848584 78
    endloop
  endfacet
  facet normal -0.32143946530315237 -0.9469301294951089 0
    outer loop
      vertex 80.97057141913446 83.622221848584 78
      vertex 80.97057141913446 83.622221848584 0
      vertex 81.43506287136908 83.46454824691733 78
    endloop
  endfacet
  facet normal -0.9469301294951089 0.32143946530315237 0
    outer loop
      vertex 83.46454824691733 78.56493712863092 78
      vertex 83.622221848584 79.02942858086554 78
      vertex 83.622221848584 79.02942858086554 0
    endloop
  endfacet
  facet normal -0.980785280403228 0.19509032201614018 0
    outer loop
      vertex 83.622221848584 79.02942858086554 78
      vertex 83.7179182301518 79.51052677917481 78
      vertex 83.7179182301518 79.51052677917481 0
    endloop
  endfacet
  facet normal -0.9978589232386044 0.06540312923013057 0
    outer loop
      vertex 83.7179182301518 79.51052677917481 78
      vertex 83.75 80 78
      vertex 83.75 80 0
    endloop
  endfacet
  facet normal -0.980785280403228 -0.19509032201614018 0
    outer loop
      vertex 83.7179182301518 80.48947322082519 78
      vertex 83.622221848584 80.97057141913446 78
      vertex 83.622221848584 80.97057141913446 0
    endloop
  endfacet
  facet normal -0.9469301294951089 -0.32143946530315237 0
    outer loop
      vertex 83.622221848584 80.97057141913446 78
      vertex 83.46454824691733 81.43506287136908 78
      vertex 83.46454824691733 81.43506287136908 0
    endloop
  endfacet
  facet normal -0.9978589232386044 -0.06540312923013057 0
    outer loop
      vertex 83.75 80 78
      vertex 83.7179182301518 80.48947322082519 78
      vertex 83.7179182301518 80.48947322082519 0
    endloop
  endfacet
  facet normal -0.6593458151000744 -0.7518398074789725 0
    outer loop
      vertex 82.2828553587827 82.97507502609213 78
      vertex 82.2828553587827 82.97507502609213 0
      vertex 82.65165042944955 82.65165042944955 78
    endloop
  endfacet
  facet normal -0.7518398074789725 -0.6593458151000744 0
    outer loop
      vertex 82.97507502609213 82.2828553587827 78
      vertex 82.65165042944955 82.65165042944955 78
      vertex 82.65165042944955 82.65165042944955 0
    endloop
  endfacet
  facet normal -0.44228869021900924 -0.8968727415326844 0
    outer loop
      vertex 81.43506287136908 83.46454824691733 78
      vertex 81.43506287136908 83.46454824691733 0
      vertex 81.875 83.24759526419165 78
    endloop
  endfacet
  facet normal -0.5555702330196126 -0.8314696123025384 0
    outer loop
      vertex 82.2828553587827 82.97507502609213 78
      vertex 81.875 83.24759526419165 78
      vertex 81.875 83.24759526419165 0
    endloop
  endfacet
  facet normal -0.8968727415326844 -0.44228869021900924 0
    outer loop
      vertex 83.46454824691733 81.43506287136908 78
      vertex 83.24759526419165 81.875 78
      vertex 83.24759526419165 81.875 0
    endloop
  endfacet
  facet normal -0.8314696123025384 -0.5555702330196126 0
    outer loop
      vertex 82.97507502609213 82.2828553587827 78
      vertex 82.97507502609213 82.2828553587827 0
      vertex 83.24759526419165 81.875 78
    endloop
  endfacet
  facet normal 0 0 -1
    outer loop
      vertex 78.125 76.75240473580835 78
      vertex 78.5029785036578 78.67375468351841 78
      vertex 78.56493712863092 76.53545175308267 78
    endloop
  endfacet
  facet normal 0 0 -1
    outer loop
      vertex 78.5029785036578 78.67375468351841 78
      vertex 78.8638705065377 78.35403226821269 78
      vertex 78.56493712863092 76.53545175308267 78
    endloop
  endfacet
  facet normal 0 0 -1
    outer loop
      vertex 78.125 76.75240473580835 78
      vertex 78.22908794869358 79.07055365591246 78
      vertex 78.5029785036578 78.67375468351841 78
    endloop
  endfacet
  facet normal 0 0 -1
    outer loop
      vertex 78.125 76.75240473580835 78
      vertex 78.0581163651479 79.52136867142488 78
      vertex 78.22908794869358 79.07055365591246 78
    endloop
  endfacet
  facet normal 0 0 -1
    outer loop
      vertex 76.75240473580835 78.125 78
      vertex 76.53545175308267 78.56493712863092 78
      vertex 76.53545175308267 81.43506287136908 78
    endloop
  endfacet
  facet normal 0 0 -1
    outer loop
      vertex 76.2820817698482 79.51052677917481 78
      vertex 76.25 80 78
      vertex 76.2820817698482 80.48947322082519 78
    endloop
  endfacet
  facet normal 0 0 -1
    outer loop
      vertex 76.53545175308267 78.56493712863092 78
      vertex 76.377778151416 79.02942858086554 78
      vertex 76.377778151416 80.97057141913446 78
    endloop
  endfacet
  facet normal 0 0 -1
    outer loop
      vertex 76.377778151416 79.02942858086554 78
      vertex 76.2820817698482 79.51052677917481 78
      vertex 76.2820817698482 80.48947322082519 78
    endloop
  endfacet
  facet normal 0 0 -1
    outer loop
      vertex 77.02492497390787 77.7171446412173 78
      vertex 76.75240473580835 78.125 78
      vertex 76.75240473580835 81.875 78
    endloop
  endfacet
  facet normal 0 0 -1
    outer loop
      vertex 77.02492497390787 77.7171446412173 78
      vertex 77.02492497390787 82.2828553587827 78
      vertex 77.34834957055045 77.34834957055045 78
    endloop
  endfacet
  facet normal 0 0 -1
    outer loop
      vertex 76.377778151416 79.02942858086554 78
      vertex 76.2820817698482 80.48947322082519 78
      vertex 76.377778151416 80.97057141913446 78
    endloop
  endfacet
  facet normal 0 0 -1
    outer loop
      vertex 76.53545175308267 78.56493712863092 78
      vertex 76.377778151416 80.97057141913446 78
      vertex 76.53545175308267 81.43506287136908 78
    endloop
  endfacet
  facet normal 0 0 -1
    outer loop
      vertex 76.75240473580835 78.125 78
      vertex 76.53545175308267 81.43506287136908 78
      vertex 76.75240473580835 81.875 78
    endloop
  endfacet
  facet normal 0 0 -1
    outer loop
      vertex 77.02492497390787 77.7171446412173 78
      vertex 76.75240473580835 81.875 78
      vertex 77.02492497390787 82.2828553587827 78
    endloop
  endfacet
  facet normal 0 0 -1
    outer loop
      vertex 77.34834957055045 77.34834957055045 78
      vertex 77.02492497390787 82.2828553587827 78
      vertex 77.34834957055045 82.65165042944955 78
    endloop
  endfacet
  facet normal 0 0 -1
    outer loop
      vertex 77.7171446412173 77.02492497390787 78
      vertex 77.34834957055045 77.34834957055045 78
      vertex 77.34834957055045 82.65165042944955 78
    endloop
  endfacet
  facet normal 0 0 -1
    outer loop
      vertex 77.7171446412173 77.02492497390787 78
      vertex 77.7171446412173 82.97507502609213 78
      vertex 78.125 76.75240473580835 78
    endloop
  endfacet
  facet normal 0 0 -1
    outer loop
      vertex 78.125 76.75240473580835 78
      vertex 77.7171446412173 82.97507502609213 78
      vertex 78 80 78
    endloop
  endfacet
  facet normal 0 0 -1
    outer loop
      vertex 78.125 76.75240473580835 78
      vertex 78 80 78
      vertex 78.0581163651479 79.52136867142488 78
    endloop
  endfacet
  facet normal 0 0 -1
    outer loop
      vertex 77.7171446412173 77.02492497390787 78
      vertex 77.34834957055045 82.65165042944955 78
      vertex 77.7171446412173 82.97507502609213 78
    endloop
  endfacet
  facet normal 0 0 -1
    outer loop
      vertex 78 80 78
      vertex 77.7171446412173 82.97507502609213 78
      vertex 78.0581163651479 80.47863132857512 78
    endloop
  endfacet
  facet normal 0 0 -1
    outer loop
      vertex 78.0581163651479 80.47863132857512 78
      vertex 78.125 83.24759526419165 78
      vertex 78.22908794869358 80.92944634408754 78
    endloop
  endfacet
  facet normal 0 0 -1
    outer loop
      vertex 78.0581163651479 80.47863132857512 78
      vertex 77.7171446412173 82.97507502609213 78
      vertex 78.125 83.24759526419165 78
    endloop
  endfacet
  facet normal 0 0 -1
    outer loop
      vertex 78.22908794869358 80.92944634408754 78
      vertex 78.125 83.24759526419165 78
      vertex 78.5029785036578 81.32624531648159 78
    endloop
  endfacet
  facet normal 0 0 -1
    outer loop
      vertex 78.5029785036578 81.32624531648159 78
      vertex 78.56493712863092 83.46454824691733 78
      vertex 78.8638705065377 81.64596773178731 78
    endloop
  endfacet
  facet normal 0 0 -1
    outer loop
      vertex 78.5029785036578 81.32624531648159 78
      vertex 78.125 83.24759526419165 78
      vertex 78.56493712863092 83.46454824691733 78
    endloop
  endfacet
  facet normal 0 0 -1
    outer loop
      vertex 78.56493712863092 76.53545175308267 78
      vertex 79.29079022591493 78.12996751462917 78
      vertex 79.02942858086554 76.377778151416 78
    endloop
  endfacet
  facet normal 0 0 -1
    outer loop
      vertex 79.02942858086554 76.377778151416 78
      vertex 79.75892663948936 78.01458225180389 78
      vertex 79.51052677917481 76.2820817698482 78
    endloop
  endfacet
  facet normal 0 0 -1
    outer loop
      vertex 79.51052677917481 76.2820817698482 78
      vertex 79.75892663948936 78.01458225180389 78
      vertex 80 76.25 78
    endloop
  endfacet
  facet normal 0 0 -1
    outer loop
      vertex 78.56493712863092 76.53545175308267 78
      vertex 78.8638705065377 78.35403226821269 78
      vertex 79.29079022591493 78.12996751462917 78
    endloop
  endfacet
  facet normal 0 0 -1
    outer loop
      vertex 79.02942858086554 76.377778151416 78
      vertex 79.29079022591493 78.12996751462917 78
      vertex 79.75892663948936 78.01458225180389 78
    endloop
  endfacet
  facet normal 0 0 -1
    outer loop
      vertex 79.75892663948936 78.01458225180389 78
      vertex 80.24107336051064 78.01458225180389 78
      vertex 80 76.25 78
    endloop
  endfacet
  facet normal 0 0 -1
    outer loop
      vertex 80 76.25 78
      vertex 80.24107336051064 78.01458225180389 78
      vertex 80.48947322082519 76.2820817698482 78
    endloop
  endfacet
  facet normal 0 0 -1
    outer loop
      vertex 80.48947322082519 76.2820817698482 78
      vertex 80.70920977408507 78.12996751462917 78
      vertex 80.97057141913446 76.377778151416 78
    endloop
  endfacet
  facet normal 0 0 -1
    outer loop
      vertex 80.97057141913446 76.377778151416 78
      vertex 81.1361294934623 78.35403226821269 78
      vertex 81.43506287136908 76.53545175308267 78
    endloop
  endfacet
  facet normal 0 0 -1
    outer loop
      vertex 80.48947322082519 76.2820817698482 78
      vertex 80.24107336051064 78.01458225180389 78
      vertex 80.70920977408507 78.12996751462917 78
    endloop
  endfacet
  facet normal 0 0 -1
    outer loop
      vertex 80.97057141913446 76.377778151416 78
      vertex 80.70920977408507 78.12996751462917 78
      vertex 81.1361294934623 78.35403226821269 78
    endloop
  endfacet
  facet normal 0 0 -1
    outer loop
      vertex 81.43506287136908 76.53545175308267 78
      vertex 81.1361294934623 78.35403226821269 78
      vertex 81.4970214963422 78.67375468351841 78
    endloop
  endfacet
  facet normal 0 0 -1
    outer loop
      vertex 81.43506287136908 76.53545175308267 78
      vertex 81.4970214963422 78.67375468351841 78
      vertex 81.875 76.75240473580835 78
    endloop
  endfacet
  facet normal 0 0 -1
    outer loop
      vertex 81.875 76.75240473580835 78
      vertex 81.9418836348521 79.52136867142488 78
      vertex 82.2828553587827 77.02492497390787 78
    endloop
  endfacet
  facet normal 0 0 -1
    outer loop
      vertex 81.875 76.75240473580835 78
      vertex 81.4970214963422 78.67375468351841 78
      vertex 81.77091205130642 79.07055365591246 78
    endloop
  endfacet
  facet normal 0 0 -1
    outer loop
      vertex 81.875 76.75240473580835 78
      vertex 81.77091205130642 79.07055365591246 78
      vertex 81.9418836348521 79.52136867142488 78
    endloop
  endfacet
  facet normal 0 0 -1
    outer loop
      vertex 78.8638705065377 81.64596773178731 78
      vertex 79.02942858086554 83.622221848584 78
      vertex 79.29079022591493 81.87003248537083 78
    endloop
  endfacet
  facet normal 0 0 -1
    outer loop
      vertex 78.8638705065377 81.64596773178731 78
      vertex 78.56493712863092 83.46454824691733 78
      vertex 79.02942858086554 83.622221848584 78
    endloop
  endfacet
  facet normal 0 0 -1
    outer loop
      vertex 79.29079022591493 81.87003248537083 78
      vertex 79.51052677917481 83.7179182301518 78
      vertex 79.75892663948936 81.98541774819611 78
    endloop
  endfacet
  facet normal 0 0 -1
    outer loop
      vertex 79.75892663948936 81.98541774819611 78
      vertex 80 83.75 78
      vertex 80.24107336051064 81.98541774819611 78
    endloop
  endfacet
  facet normal 0 0 -1
    outer loop
      vertex 79.29079022591493 81.87003248537083 78
      vertex 79.02942858086554 83.622221848584 78
      vertex 79.51052677917481 83.7179182301518 78
    endloop
  endfacet
  facet normal 0 0 -1
    outer loop
      vertex 79.75892663948936 81.98541774819611 78
      vertex 79.51052677917481 83.7179182301518 78
      vertex 80 83.75 78
    endloop
  endfacet
  facet normal 0 0 -1
    outer loop
      vertex 80.24107336051064 81.98541774819611 78
      vertex 80.97057141913446 83.622221848584 78
      vertex 80.70920977408507 81.87003248537083 78
    endloop
  endfacet
  facet normal 0 0 -1
    outer loop
      vertex 81.1361294934623 81.64596773178731 78
      vertex 81.43506287136908 83.46454824691733 78
      vertex 81.4970214963422 81.32624531648159 78
    endloop
  endfacet
  facet normal 0 0 -1
    outer loop
      vertex 80.70920977408507 81.87003248537083 78
      vertex 81.43506287136908 83.46454824691733 78
      vertex 81.1361294934623 81.64596773178731 78
    endloop
  endfacet
  facet normal 0 0 -1
    outer loop
      vertex 80.24107336051064 81.98541774819611 78
      vertex 80 83.75 78
      vertex 80.48947322082519 83.7179182301518 78
    endloop
  endfacet
  facet normal 0 0 -1
    outer loop
      vertex 80.24107336051064 81.98541774819611 78
      vertex 80.48947322082519 83.7179182301518 78
      vertex 80.97057141913446 83.622221848584 78
    endloop
  endfacet
  facet normal 0 0 -1
    outer loop
      vertex 80.70920977408507 81.87003248537083 78
      vertex 80.97057141913446 83.622221848584 78
      vertex 81.43506287136908 83.46454824691733 78
    endloop
  endfacet
  facet normal 0 0 -1
    outer loop
      vertex 82.2828553587827 77.02492497390787 78
      vertex 81.9418836348521 79.52136867142488 78
      vertex 82 80 78
    endloop
  endfacet
  facet normal 0 0 -1
    outer loop
      vertex 82.2828553587827 77.02492497390787 78
      vertex 82 80 78
      vertex 81.875 83.24759526419165 78
    endloop
  endfacet
  facet normal 0 0 -1
    outer loop
      vertex 82.2828553587827 77.02492497390787 78
      vertex 82.2828553587827 82.97507502609213 78
      vertex 82.65165042944955 77.34834957055045 78
    endloop
  endfacet
  facet normal 0 0 -1
    outer loop
      vertex 82.65165042944955 77.34834957055045 78
      vertex 82.65165042944955 82.65165042944955 78
      vertex 82.97507502609213 77.7171446412173 78
    endloop
  endfacet
  facet normal 0 0 -1
    outer loop
      vertex 81.77091205130642 80.92944634408754 78
      vertex 81.875 83.24759526419165 78
      vertex 81.9418836348521 80.47863132857512 78
    endloop
  endfacet
  facet normal 0 0 -1
    outer loop
      vertex 82.2828553587827 77.02492497390787 78
      vertex 81.875 83.24759526419165 78
      vertex 82.2828553587827 82.97507502609213 78
    endloop
  endfacet
  facet normal 0 0 -1
    outer loop
      vertex 82 80 78
      vertex 81.9418836348521 80.47863132857512 78
      vertex 81.875 83.24759526419165 78
    endloop
  endfacet
  facet normal 0 0 -1
    outer loop
      vertex 82.65165042944955 77.34834957055045 78
      vertex 82.2828553587827 82.97507502609213 78
      vertex 82.65165042944955 82.65165042944955 78
    endloop
  endfacet
  facet normal 0 0 -1
    outer loop
      vertex 82.97507502609213 77.7171446412173 78
      vertex 82.65165042944955 82.65165042944955 78
      vertex 82.97507502609213 82.2828553587827 78
    endloop
  endfacet
  facet normal 0 0 -1
    outer loop
      vertex 82.97507502609213 77.7171446412173 78
      vertex 82.97507502609213 82.2828553587827 78
      vertex 83.24759526419165 78.125 78
    endloop
  endfacet
  facet normal 0 0 -1
    outer loop
      vertex 83.24759526419165 78.125 78
      vertex 83.24759526419165 81.875 78
      vertex 83.46454824691733 78.56493712863092 78
    endloop
  endfacet
  facet normal 0 0 -1
    outer loop
      vertex 83.46454824691733 78.56493712863092 78
      vertex 83.46454824691733 81.43506287136908 78
      vertex 83.622221848584 79.02942858086554 78
    endloop
  endfacet
  facet normal 0 0 -1
    outer loop
      vertex 83.622221848584 79.02942858086554 78
      vertex 83.622221848584 80.97057141913446 78
      vertex 83.7179182301518 79.51052677917481 78
    endloop
  endfacet
  facet normal 0 0 -1
    outer loop
      vertex 83.7179182301518 79.51052677917481 78
      vertex 83.7179182301518 80.48947322082519 78
      vertex 83.75 80 78
    endloop
  endfacet
  facet normal 0 0 -1
    outer loop
      vertex 83.24759526419165 78.125 78
      vertex 82.97507502609213 82.2828553587827 78
      vertex 83.24759526419165 81.875 78
    endloop
  endfacet
  facet normal 0 0 -1
    outer loop
      vertex 83.622221848584 79.02942858086554 78
      vertex 83.46454824691733 81.43506287136908 78
      vertex 83.622221848584 80.97057141913446 78
    endloop
  endfacet
  facet normal 0 0 -1
    outer loop
      vertex 83.46454824691733 78.56493712863092 78
      vertex 83.24759526419165 81.875 78
      vertex 83.46454824691733 81.43506287136908 78
    endloop
  endfacet
  facet normal 0 0 -1
    outer loop
      vertex 83.7179182301518 79.51052677917481 78
      vertex 83.622221848584 80.97057141913446 78
      vertex 83.7179182301518 80.48947322082519 78
    endloop
  endfacet
  facet normal 0 0 -1
    outer loop
      vertex 81.77091205130642 80.92944634408754 78
      vertex 81.4970214963422 81.32624531648159 78
      vertex 81.875 83.24759526419165 78
    endloop
  endfacet
  facet normal 0 0 -1
    outer loop
      vertex 81.4970214963422 81.32624531648159 78
      vertex 81.43506287136908 83.46454824691733 78
      vertex 81.875 83.24759526419165 78
    endloop
  endfacet
  facet normal 0.6631226582407885 0.748510748171107 0
    outer loop
      vertex 78.5029785036578 78.67375468351841 78
      vertex 78.5029785036578 78.67375468351841 82
      vertex 78.8638705065377 78.35403226821269 78
    endloop
  endfacet
  facet normal 0.6631226582407885 0.748510748171107 0
    outer loop
      vertex 78.8638705065377 78.35403226821269 78
      vertex 78.5029785036578 78.67375468351841 82
      vertex 78.8638705065377 78.35403226821269 82
    endloop
  endfacet
  facet normal 0.9927088740980541 0.12053668025532221 0
    outer loop
      vertex 78.0581163651479 79.52136867142488 78
      vertex 78 80 78
      vertex 78 80 82
    endloop
  endfacet
  facet normal 0.8229838658936479 0.5680647467311681 0
    outer loop
      vertex 78.5029785036578 78.67375468351841 78
      vertex 78.22908794869358 79.07055365591246 78
      vertex 78.22908794869358 79.07055365591246 82
    endloop
  endfacet
  facet normal 0.9350162426854175 0.3546048870425284 0
    outer loop
      vertex 78.22908794869358 79.07055365591246 78
      vertex 78.0581163651479 79.52136867142488 78
      vertex 78.0581163651479 79.52136867142488 82
    endloop
  endfacet
  facet normal 0.9927088740980541 -0.12053668025532221 0
    outer loop
      vertex 78 80 78
      vertex 78.0581163651479 80.47863132857512 78
      vertex 78.0581163651479 80.47863132857512 82
    endloop
  endfacet
  facet normal 0.9350162426854175 -0.3546048870425284 0
    outer loop
      vertex 78.0581163651479 80.47863132857512 78
      vertex 78.22908794869358 80.92944634408754 78
      vertex 78.22908794869358 80.92944634408754 82
    endloop
  endfacet
  facet normal 0.8229838658936479 -0.5680647467311681 0
    outer loop
      vertex 78.22908794869358 80.92944634408754 78
      vertex 78.5029785036578 81.32624531648159 78
      vertex 78.5029785036578 81.32624531648159 82
    endloop
  endfacet
  facet normal 0.6631226582407885 -0.748510748171107 0
    outer loop
      vertex 78.5029785036578 81.32624531648159 78
      vertex 78.8638705065377 81.64596773178731 78
      vertex 78.8638705065377 81.64596773178731 82
    endloop
  endfacet
  facet normal 0.9927088740980541 0.12053668025532221 0
    outer loop
      vertex 78.0581163651479 79.52136867142488 78
      vertex 78 80 82
      vertex 78.0581163651479 79.52136867142488 82
    endloop
  endfacet
  facet normal 0.9350162426854175 0.3546048870425284 0
    outer loop
      vertex 78.22908794869358 79.07055365591246 78
      vertex 78.0581163651479 79.52136867142488 82
      vertex 78.22908794869358 79.07055365591246 82
    endloop
  endfacet
  facet normal 0.8229838658936479 0.5680647467311681 0
    outer loop
      vertex 78.5029785036578 78.67375468351841 78
      vertex 78.22908794869358 79.07055365591246 82
      vertex 78.5029785036578 78.67375468351841 82
    endloop
  endfacet
  facet normal 0.9927088740980541 -0.12053668025532221 0
    outer loop
      vertex 78 80 78
      vertex 78.0581163651479 80.47863132857512 82
      vertex 78 80 82
    endloop
  endfacet
  facet normal 0.9350162426854175 -0.3546048870425284 0
    outer loop
      vertex 78.0581163651479 80.47863132857512 78
      vertex 78.22908794869358 80.92944634408754 82
      vertex 78.0581163651479 80.47863132857512 82
    endloop
  endfacet
  facet normal 0.8229838658936479 -0.5680647467311681 0
    outer loop
      vertex 78.22908794869358 80.92944634408754 78
      vertex 78.5029785036578 81.32624531648159 82
      vertex 78.22908794869358 80.92944634408754 82
    endloop
  endfacet
  facet normal 0.6631226582407885 -0.748510748171107 0
    outer loop
      vertex 78.5029785036578 81.32624531648159 78
      vertex 78.8638705065377 81.64596773178731 82
      vertex 78.5029785036578 81.32624531648159 82
    endloop
  endfacet
  facet normal 0.4647231720437743 0.8854560256532069 0
    outer loop
      vertex 78.8638705065377 78.35403226821269 78
      vertex 78.8638705065377 78.35403226821269 82
      vertex 79.29079022591493 78.12996751462917 78
    endloop
  endfacet
  facet normal 0.23931566428756954 0.9709418174260491 0
    outer loop
      vertex 79.29079022591493 78.12996751462917 78
      vertex 79.29079022591493 78.12996751462917 82
      vertex 79.75892663948936 78.01458225180389 78
    endloop
  endfacet
  facet normal 0 1 0
    outer loop
      vertex 79.75892663948936 78.01458225180389 78
      vertex 79.75892663948936 78.01458225180389 82
      vertex 80.24107336051064 78.01458225180389 78
    endloop
  endfacet
  facet normal -0.23931566428756954 0.9709418174260491 0
    outer loop
      vertex 80.24107336051064 78.01458225180389 78
      vertex 80.24107336051064 78.01458225180389 82
      vertex 80.70920977408507 78.12996751462917 78
    endloop
  endfacet
  facet normal -0.4647231720437743 0.8854560256532069 0
    outer loop
      vertex 80.70920977408507 78.12996751462917 78
      vertex 80.70920977408507 78.12996751462917 82
      vertex 81.1361294934623 78.35403226821269 78
    endloop
  endfacet
  facet normal -0.6631226582407885 0.748510748171107 0
    outer loop
      vertex 81.1361294934623 78.35403226821269 78
      vertex 81.1361294934623 78.35403226821269 82
      vertex 81.4970214963422 78.67375468351841 78
    endloop
  endfacet
  facet normal 0.4647231720437743 0.8854560256532069 0
    outer loop
      vertex 79.29079022591493 78.12996751462917 78
      vertex 78.8638705065377 78.35403226821269 82
      vertex 79.29079022591493 78.12996751462917 82
    endloop
  endfacet
  facet normal 0 1 0
    outer loop
      vertex 80.24107336051064 78.01458225180389 78
      vertex 79.75892663948936 78.01458225180389 82
      vertex 80.24107336051064 78.01458225180389 82
    endloop
  endfacet
  facet normal 0.23931566428756954 0.9709418174260491 0
    outer loop
      vertex 79.75892663948936 78.01458225180389 78
      vertex 79.29079022591493 78.12996751462917 82
      vertex 79.75892663948936 78.01458225180389 82
    endloop
  endfacet
  facet normal -0.23931566428756954 0.9709418174260491 0
    outer loop
      vertex 80.70920977408507 78.12996751462917 78
      vertex 80.24107336051064 78.01458225180389 82
      vertex 80.70920977408507 78.12996751462917 82
    endloop
  endfacet
  facet normal -0.4647231720437743 0.8854560256532069 0
    outer loop
      vertex 81.1361294934623 78.35403226821269 78
      vertex 80.70920977408507 78.12996751462917 82
      vertex 81.1361294934623 78.35403226821269 82
    endloop
  endfacet
  facet normal -0.6631226582407885 0.748510748171107 0
    outer loop
      vertex 81.4970214963422 78.67375468351841 78
      vertex 81.1361294934623 78.35403226821269 82
      vertex 81.4970214963422 78.67375468351841 82
    endloop
  endfacet
  facet normal -0.6631226582407885 -0.748510748171107 0
    outer loop
      vertex 81.1361294934623 81.64596773178731 78
      vertex 81.4970214963422 81.32624531648159 78
      vertex 81.4970214963422 81.32624531648159 82
    endloop
  endfacet
  facet normal 0.4647231720437743 -0.8854560256532069 0
    outer loop
      vertex 78.8638705065377 81.64596773178731 78
      vertex 79.29079022591493 81.87003248537083 78
      vertex 79.29079022591493 81.87003248537083 82
    endloop
  endfacet
  facet normal 0.23931566428756954 -0.9709418174260491 0
    outer loop
      vertex 79.29079022591493 81.87003248537083 78
      vertex 79.75892663948936 81.98541774819611 78
      vertex 79.75892663948936 81.98541774819611 82
    endloop
  endfacet
  facet normal 0 -1 0
    outer loop
      vertex 79.75892663948936 81.98541774819611 78
      vertex 80.24107336051064 81.98541774819611 78
      vertex 80.24107336051064 81.98541774819611 82
    endloop
  endfacet
  facet normal -0.23931566428756954 -0.9709418174260491 0
    outer loop
      vertex 80.24107336051064 81.98541774819611 78
      vertex 80.70920977408507 81.87003248537083 78
      vertex 80.70920977408507 81.87003248537083 82
    endloop
  endfacet
  facet normal -0.4647231720437743 -0.8854560256532069 0
    outer loop
      vertex 80.70920977408507 81.87003248537083 78
      vertex 81.1361294934623 81.64596773178731 78
      vertex 81.1361294934623 81.64596773178731 82
    endloop
  endfacet
  facet normal -0.8229838658936479 0.5680647467311681 0
    outer loop
      vertex 81.4970214963422 78.67375468351841 78
      vertex 81.4970214963422 78.67375468351841 82
      vertex 81.77091205130642 79.07055365591246 78
    endloop
  endfacet
  facet normal -0.9350162426854175 0.3546048870425284 0
    outer loop
      vertex 81.77091205130642 79.07055365591246 78
      vertex 81.77091205130642 79.07055365591246 82
      vertex 81.9418836348521 79.52136867142488 78
    endloop
  endfacet
  facet normal -0.9927088740980541 0.12053668025532221 0
    outer loop
      vertex 81.9418836348521 79.52136867142488 78
      vertex 81.9418836348521 79.52136867142488 82
      vertex 82 80 78
    endloop
  endfacet
  facet normal -0.9350162426854175 -0.3546048870425284 0
    outer loop
      vertex 81.77091205130642 80.92944634408754 78
      vertex 81.9418836348521 80.47863132857512 78
      vertex 81.9418836348521 80.47863132857512 82
    endloop
  endfacet
  facet normal -0.9927088740980541 -0.12053668025532221 0
    outer loop
      vertex 82 80 78
      vertex 82 80 82
      vertex 81.9418836348521 80.47863132857512 78
    endloop
  endfacet
  facet normal -0.8229838658936479 -0.5680647467311681 0
    outer loop
      vertex 81.77091205130642 80.92944634408754 78
      vertex 81.77091205130642 80.92944634408754 82
      vertex 81.4970214963422 81.32624531648159 78
    endloop
  endfacet
  facet normal -0.6631226582407885 -0.748510748171107 0
    outer loop
      vertex 81.1361294934623 81.64596773178731 78
      vertex 81.4970214963422 81.32624531648159 82
      vertex 81.1361294934623 81.64596773178731 82
    endloop
  endfacet
  facet normal 0.4647231720437743 -0.8854560256532069 0
    outer loop
      vertex 78.8638705065377 81.64596773178731 78
      vertex 79.29079022591493 81.87003248537083 82
      vertex 78.8638705065377 81.64596773178731 82
    endloop
  endfacet
  facet normal 0.23931566428756954 -0.9709418174260491 0
    outer loop
      vertex 79.29079022591493 81.87003248537083 78
      vertex 79.75892663948936 81.98541774819611 82
      vertex 79.29079022591493 81.87003248537083 82
    endloop
  endfacet
  facet normal 0 -1 0
    outer loop
      vertex 79.75892663948936 81.98541774819611 78
      vertex 80.24107336051064 81.98541774819611 82
      vertex 79.75892663948936 81.98541774819611 82
    endloop
  endfacet
  facet normal -0.23931566428756954 -0.9709418174260491 0
    outer loop
      vertex 80.24107336051064 81.98541774819611 78
      vertex 80.70920977408507 81.87003248537083 82
      vertex 80.24107336051064 81.98541774819611 82
    endloop
  endfacet
  facet normal -0.4647231720437743 -0.8854560256532069 0
    outer loop
      vertex 80.70920977408507 81.87003248537083 78
      vertex 81.1361294934623 81.64596773178731 82
      vertex 80.70920977408507 81.87003248537083 82
    endloop
  endfacet
  facet normal -0.8229838658936479 0.5680647467311681 0
    outer loop
      vertex 81.77091205130642 79.07055365591246 78
      vertex 81.4970214963422 78.67375468351841 82
      vertex 81.77091205130642 79.07055365591246 82
    endloop
  endfacet
  facet normal -0.9350162426854175 0.3546048870425284 0
    outer loop
      vertex 81.9418836348521 79.52136867142488 78
      vertex 81.77091205130642 79.07055365591246 82
      vertex 81.9418836348521 79.52136867142488 82
    endloop
  endfacet
  facet normal -0.9927088740980541 0.12053668025532221 0
    outer loop
      vertex 82 80 78
      vertex 81.9418836348521 79.52136867142488 82
      vertex 82 80 82
    endloop
  endfacet
  facet normal -0.9350162426854175 -0.3546048870425284 0
    outer loop
      vertex 81.77091205130642 80.92944634408754 78
      vertex 81.9418836348521 80.47863132857512 82
      vertex 81.77091205130642 80.92944634408754 82
    endloop
  endfacet
  facet normal -0.9927088740980541 -0.12053668025532221 0
    outer loop
      vertex 81.9418836348521 80.47863132857512 78
      vertex 82 80 82
      vertex 81.9418836348521 80.47863132857512 82
    endloop
  endfacet
  facet normal -0.8229838658936479 -0.5680647467311681 0
    outer loop
      vertex 81.4970214963422 81.32624531648159 78
      vertex 81.77091205130642 80.92944634408754 82
      vertex 81.4970214963422 81.32624531648159 82
    endloop
  endfacet
  facet normal 0.8968727415326844 0.44228869021900924 0
    outer loop
      vertex 76.53545175308267 -81.43506287136908 78
      vertex 76.75240473580835 -81.875 0
      vertex 76.53545175308267 -81.43506287136908 0
    endloop
  endfacet
  facet normal 0.7518398074789725 0.6593458151000744 0
    outer loop
      vertex 77.02492497390787 -82.2828553587827 78
      vertex 77.34834957055045 -82.65165042944955 0
      vertex 77.02492497390787 -82.2828553587827 0
    endloop
  endfacet
  facet normal 0.8314696123025384 0.5555702330196126 0
    outer loop
      vertex 76.75240473580835 -81.875 78
      vertex 77.02492497390787 -82.2828553587827 0
      vertex 76.75240473580835 -81.875 0
    endloop
  endfacet
  facet normal 0.5555702330196126 0.8314696123025384 0
    outer loop
      vertex 77.7171446412173 -82.97507502609213 78
      vertex 78.125 -83.24759526419165 0
      vertex 77.7171446412173 -82.97507502609213 0
    endloop
  endfacet
  facet normal 0.44228869021900924 0.8968727415326844 0
    outer loop
      vertex 78.125 -83.24759526419165 78
      vertex 78.56493712863092 -83.46454824691733 0
      vertex 78.125 -83.24759526419165 0
    endloop
  endfacet
  facet normal 0.32143946530315237 0.9469301294951089 0
    outer loop
      vertex 78.56493712863092 -83.46454824691733 78
      vertex 79.02942858086554 -83.622221848584 0
      vertex 78.56493712863092 -83.46454824691733 0
    endloop
  endfacet
  facet normal 0.6593458151000744 0.7518398074789725 0
    outer loop
      vertex 77.34834957055045 -82.65165042944955 78
      vertex 77.7171446412173 -82.97507502609213 0
      vertex 77.34834957055045 -82.65165042944955 0
    endloop
  endfacet
  facet normal 0.9469301294951089 0.32143946530315237 0
    outer loop
      vertex 76.377778151416 -80.97057141913446 78
      vertex 76.53545175308267 -81.43506287136908 0
      vertex 76.377778151416 -80.97057141913446 0
    endloop
  endfacet
  facet normal 0.9978589232386044 0.06540312923013057 0
    outer loop
      vertex 76.25 -80 78
      vertex 76.2820817698482 -80.48947322082519 0
      vertex 76.25 -80 0
    endloop
  endfacet
  facet normal 0.980785280403228 0.19509032201614018 0
    outer loop
      vertex 76.2820817698482 -80.48947322082519 78
      vertex 76.377778151416 -80.97057141913446 0
      vertex 76.2820817698482 -80.48947322082519 0
    endloop
  endfacet
  facet normal 0.9978589232386044 -0.06540312923013057 0
    outer loop
      vertex 76.2820817698482 -79.51052677917481 78
      vertex 76.25 -80 0
      vertex 76.2820817698482 -79.51052677917481 0
    endloop
  endfacet
  facet normal 0.980785280403228 -0.19509032201614018 0
    outer loop
      vertex 76.377778151416 -79.02942858086554 78
      vertex 76.2820817698482 -79.51052677917481 0
      vertex 76.377778151416 -79.02942858086554 0
    endloop
  endfacet
  facet normal 0.9469301294951089 -0.32143946530315237 0
    outer loop
      vertex 76.53545175308267 -78.56493712863092 78
      vertex 76.377778151416 -79.02942858086554 0
      vertex 76.53545175308267 -78.56493712863092 0
    endloop
  endfacet
  facet normal 0.8968727415326844 -0.44228869021900924 0
    outer loop
      vertex 76.75240473580835 -78.125 78
      vertex 76.53545175308267 -78.56493712863092 0
      vertex 76.75240473580835 -78.125 0
    endloop
  endfacet
  facet normal 0.8314696123025384 -0.5555702330196126 0
    outer loop
      vertex 77.02492497390787 -77.7171446412173 78
      vertex 76.75240473580835 -78.125 0
      vertex 77.02492497390787 -77.7171446412173 0
    endloop
  endfacet
  facet normal 0.7518398074789725 -0.6593458151000744 0
    outer loop
      vertex 77.34834957055045 -77.34834957055045 78
      vertex 77.02492497390787 -77.7171446412173 0
      vertex 77.34834957055045 -77.34834957055045 0
    endloop
  endfacet
  facet normal 0.6593458151000744 -0.7518398074789725 0
    outer loop
      vertex 77.7171446412173 -77.02492497390787 78
      vertex 77.34834957055045 -77.34834957055045 0
      vertex 77.7171446412173 -77.02492497390787 0
    endloop
  endfacet
  facet normal 0.5555702330196126 -0.8314696123025384 0
    outer loop
      vertex 78.125 -76.75240473580835 78
      vertex 77.7171446412173 -77.02492497390787 0
      vertex 78.125 -76.75240473580835 0
    endloop
  endfacet
  facet normal 0.44228869021900924 -0.8968727415326844 0
    outer loop
      vertex 78.56493712863092 -76.53545175308267 78
      vertex 78.125 -76.75240473580835 0
      vertex 78.56493712863092 -76.53545175308267 0
    endloop
  endfacet
  facet normal 0.19509032201614018 0.980785280403228 0
    outer loop
      vertex 79.02942858086554 -83.622221848584 78
      vertex 79.51052677917481 -83.7179182301518 0
      vertex 79.02942858086554 -83.622221848584 0
    endloop
  endfacet
  facet normal 0.06540312923013057 0.9978589232386044 0
    outer loop
      vertex 79.51052677917481 -83.7179182301518 78
      vertex 80 -83.75 0
      vertex 79.51052677917481 -83.7179182301518 0
    endloop
  endfacet
  facet normal -0.06540312923013057 0.9978589232386044 0
    outer loop
      vertex 80 -83.75 78
      vertex 80.48947322082519 -83.7179182301518 0
      vertex 80 -83.75 0
    endloop
  endfacet
  facet normal -0.19509032201614018 0.980785280403228 0
    outer loop
      vertex 80.48947322082519 -83.7179182301518 78
      vertex 80.97057141913446 -83.622221848584 0
      vertex 80.48947322082519 -83.7179182301518 0
    endloop
  endfacet
  facet normal -0.32143946530315237 0.9469301294951089 0
    outer loop
      vertex 80.97057141913446 -83.622221848584 78
      vertex 81.43506287136908 -83.46454824691733 0
      vertex 80.97057141913446 -83.622221848584 0
    endloop
  endfacet
  facet normal -0.44228869021900924 0.8968727415326844 0
    outer loop
      vertex 81.43506287136908 -83.46454824691733 78
      vertex 81.875 -83.24759526419165 0
      vertex 81.43506287136908 -83.46454824691733 0
    endloop
  endfacet
  facet normal -0.5555702330196126 0.8314696123025384 0
    outer loop
      vertex 81.875 -83.24759526419165 78
      vertex 82.2828553587827 -82.97507502609213 0
      vertex 81.875 -83.24759526419165 0
    endloop
  endfacet
  facet normal -0.6593458151000744 0.7518398074789725 0
    outer loop
      vertex 82.2828553587827 -82.97507502609213 78
      vertex 82.65165042944955 -82.65165042944955 0
      vertex 82.2828553587827 -82.97507502609213 0
    endloop
  endfacet
  facet normal -0.7518398074789725 0.6593458151000744 0
    outer loop
      vertex 82.65165042944955 -82.65165042944955 78
      vertex 82.97507502609213 -82.2828553587827 0
      vertex 82.65165042944955 -82.65165042944955 0
    endloop
  endfacet
  facet normal -0.8314696123025384 0.5555702330196126 0
    outer loop
      vertex 82.97507502609213 -82.2828553587827 78
      vertex 83.24759526419165 -81.875 0
      vertex 82.97507502609213 -82.2828553587827 0
    endloop
  endfacet
  facet normal -0.8968727415326844 0.44228869021900924 0
    outer loop
      vertex 83.24759526419165 -81.875 78
      vertex 83.46454824691733 -81.43506287136908 0
      vertex 83.24759526419165 -81.875 0
    endloop
  endfacet
  facet normal -0.9469301294951089 0.32143946530315237 0
    outer loop
      vertex 83.46454824691733 -81.43506287136908 78
      vertex 83.622221848584 -80.97057141913446 0
      vertex 83.46454824691733 -81.43506287136908 0
    endloop
  endfacet
  facet normal -0.980785280403228 0.19509032201614018 0
    outer loop
      vertex 83.622221848584 -80.97057141913446 78
      vertex 83.7179182301518 -80.48947322082519 0
      vertex 83.622221848584 -80.97057141913446 0
    endloop
  endfacet
  facet normal -0.9978589232386044 0.06540312923013057 0
    outer loop
      vertex 83.7179182301518 -80.48947322082519 78
      vertex 83.75 -80 0
      vertex 83.7179182301518 -80.48947322082519 0
    endloop
  endfacet
  facet normal -0.9469301294951089 -0.32143946530315237 0
    outer loop
      vertex 83.622221848584 -79.02942858086554 78
      vertex 83.46454824691733 -78.56493712863092 0
      vertex 83.622221848584 -79.02942858086554 0
    endloop
  endfacet
  facet normal -0.9978589232386044 -0.06540312923013057 0
    outer loop
      vertex 83.75 -80 78
      vertex 83.7179182301518 -79.51052677917481 0
      vertex 83.75 -80 0
    endloop
  endfacet
  facet normal -0.980785280403228 -0.19509032201614018 0
    outer loop
      vertex 83.7179182301518 -79.51052677917481 78
      vertex 83.622221848584 -79.02942858086554 0
      vertex 83.7179182301518 -79.51052677917481 0
    endloop
  endfacet
  facet normal 0.32143946530315237 -0.9469301294951089 0
    outer loop
      vertex 79.02942858086554 -76.377778151416 78
      vertex 78.56493712863092 -76.53545175308267 0
      vertex 79.02942858086554 -76.377778151416 0
    endloop
  endfacet
  facet normal 0.19509032201614018 -0.980785280403228 0
    outer loop
      vertex 79.51052677917481 -76.2820817698482 78
      vertex 79.02942858086554 -76.377778151416 0
      vertex 79.51052677917481 -76.2820817698482 0
    endloop
  endfacet
  facet normal 0.06540312923013057 -0.9978589232386044 0
    outer loop
      vertex 80 -76.25 78
      vertex 79.51052677917481 -76.2820817698482 0
      vertex 80 -76.25 0
    endloop
  endfacet
  facet normal -0.06540312923013057 -0.9978589232386044 0
    outer loop
      vertex 80.48947322082519 -76.2820817698482 78
      vertex 80 -76.25 0
      vertex 80.48947322082519 -76.2820817698482 0
    endloop
  endfacet
  facet normal -0.19509032201614018 -0.980785280403228 0
    outer loop
      vertex 80.97057141913446 -76.377778151416 78
      vertex 80.48947322082519 -76.2820817698482 0
      vertex 80.97057141913446 -76.377778151416 0
    endloop
  endfacet
  facet normal -0.32143946530315237 -0.9469301294951089 0
    outer loop
      vertex 81.43506287136908 -76.53545175308267 78
      vertex 80.97057141913446 -76.377778151416 0
      vertex 81.43506287136908 -76.53545175308267 0
    endloop
  endfacet
  facet normal -0.7518398074789725 -0.6593458151000744 0
    outer loop
      vertex 82.97507502609213 -77.7171446412173 78
      vertex 82.65165042944955 -77.34834957055045 0
      vertex 82.97507502609213 -77.7171446412173 0
    endloop
  endfacet
  facet normal -0.44228869021900924 -0.8968727415326844 0
    outer loop
      vertex 81.875 -76.75240473580835 78
      vertex 81.43506287136908 -76.53545175308267 0
      vertex 81.875 -76.75240473580835 0
    endloop
  endfacet
  facet normal -0.5555702330196126 -0.8314696123025384 0
    outer loop
      vertex 82.2828553587827 -77.02492497390787 78
      vertex 81.875 -76.75240473580835 0
      vertex 82.2828553587827 -77.02492497390787 0
    endloop
  endfacet
  facet normal -0.6593458151000744 -0.7518398074789725 0
    outer loop
      vertex 82.65165042944955 -77.34834957055045 78
      vertex 82.2828553587827 -77.02492497390787 0
      vertex 82.65165042944955 -77.34834957055045 0
    endloop
  endfacet
  facet normal -0.8968727415326844 -0.44228869021900924 0
    outer loop
      vertex 83.46454824691733 -78.56493712863092 78
      vertex 83.24759526419165 -78.125 0
      vertex 83.46454824691733 -78.56493712863092 0
    endloop
  endfacet
  facet normal -0.8314696123025384 -0.5555702330196126 0
    outer loop
      vertex 83.24759526419165 -78.125 78
      vertex 82.97507502609213 -77.7171446412173 0
      vertex 83.24759526419165 -78.125 0
    endloop
  endfacet
  facet normal 0.7518398074789725 0.6593458151000744 0
    outer loop
      vertex 77.02492497390787 -82.2828553587827 78
      vertex 77.34834957055045 -82.65165042944955 78
      vertex 77.34834957055045 -82.65165042944955 0
    endloop
  endfacet
  facet normal 0.8314696123025384 0.5555702330196126 0
    outer loop
      vertex 76.75240473580835 -81.875 78
      vertex 77.02492497390787 -82.2828553587827 78
      vertex 77.02492497390787 -82.2828553587827 0
    endloop
  endfacet
  facet normal 0.8968727415326844 0.44228869021900924 0
    outer loop
      vertex 76.53545175308267 -81.43506287136908 78
      vertex 76.75240473580835 -81.875 78
      vertex 76.75240473580835 -81.875 0
    endloop
  endfacet
  facet normal 0.5555702330196126 0.8314696123025384 0
    outer loop
      vertex 77.7171446412173 -82.97507502609213 78
      vertex 78.125 -83.24759526419165 78
      vertex 78.125 -83.24759526419165 0
    endloop
  endfacet
  facet normal 0.44228869021900924 0.8968727415326844 0
    outer loop
      vertex 78.125 -83.24759526419165 78
      vertex 78.56493712863092 -83.46454824691733 78
      vertex 78.56493712863092 -83.46454824691733 0
    endloop
  endfacet
  facet normal 0.6593458151000744 0.7518398074789725 0
    outer loop
      vertex 77.34834957055045 -82.65165042944955 78
      vertex 77.7171446412173 -82.97507502609213 78
      vertex 77.7171446412173 -82.97507502609213 0
    endloop
  endfacet
  facet normal 0.9469301294951089 0.32143946530315237 0
    outer loop
      vertex 76.53545175308267 -81.43506287136908 78
      vertex 76.53545175308267 -81.43506287136908 0
      vertex 76.377778151416 -80.97057141913446 78
    endloop
  endfacet
  facet normal 0.9978589232386044 0.06540312923013057 0
    outer loop
      vertex 76.2820817698482 -80.48947322082519 78
      vertex 76.2820817698482 -80.48947322082519 0
      vertex 76.25 -80 78
    endloop
  endfacet
  facet normal 0.980785280403228 0.19509032201614018 0
    outer loop
      vertex 76.377778151416 -80.97057141913446 78
      vertex 76.377778151416 -80.97057141913446 0
      vertex 76.2820817698482 -80.48947322082519 78
    endloop
  endfacet
  facet normal 0.9978589232386044 -0.06540312923013057 0
    outer loop
      vertex 76.25 -80 78
      vertex 76.25 -80 0
      vertex 76.2820817698482 -79.51052677917481 78
    endloop
  endfacet
  facet normal 0.980785280403228 -0.19509032201614018 0
    outer loop
      vertex 76.2820817698482 -79.51052677917481 78
      vertex 76.2820817698482 -79.51052677917481 0
      vertex 76.377778151416 -79.02942858086554 78
    endloop
  endfacet
  facet normal 0.9469301294951089 -0.32143946530315237 0
    outer loop
      vertex 76.377778151416 -79.02942858086554 78
      vertex 76.377778151416 -79.02942858086554 0
      vertex 76.53545175308267 -78.56493712863092 78
    endloop
  endfacet
  facet normal 0.8968727415326844 -0.44228869021900924 0
    outer loop
      vertex 76.53545175308267 -78.56493712863092 78
      vertex 76.53545175308267 -78.56493712863092 0
      vertex 76.75240473580835 -78.125 78
    endloop
  endfacet
  facet normal 0.8314696123025384 -0.5555702330196126 0
    outer loop
      vertex 76.75240473580835 -78.125 78
      vertex 76.75240473580835 -78.125 0
      vertex 77.02492497390787 -77.7171446412173 78
    endloop
  endfacet
  facet normal 0.7518398074789725 -0.6593458151000744 0
    outer loop
      vertex 77.02492497390787 -77.7171446412173 78
      vertex 77.02492497390787 -77.7171446412173 0
      vertex 77.34834957055045 -77.34834957055045 78
    endloop
  endfacet
  facet normal 0.6593458151000744 -0.7518398074789725 0
    outer loop
      vertex 77.34834957055045 -77.34834957055045 78
      vertex 77.34834957055045 -77.34834957055045 0
      vertex 77.7171446412173 -77.02492497390787 78
    endloop
  endfacet
  facet normal 0.5555702330196126 -0.8314696123025384 0
    outer loop
      vertex 77.7171446412173 -77.02492497390787 78
      vertex 77.7171446412173 -77.02492497390787 0
      vertex 78.125 -76.75240473580835 78
    endloop
  endfacet
  facet normal 0.44228869021900924 -0.8968727415326844 0
    outer loop
      vertex 78.125 -76.75240473580835 78
      vertex 78.125 -76.75240473580835 0
      vertex 78.56493712863092 -76.53545175308267 78
    endloop
  endfacet
  facet normal 0.32143946530315237 -0.9469301294951089 0
    outer loop
      vertex 78.56493712863092 -76.53545175308267 78
      vertex 78.56493712863092 -76.53545175308267 0
      vertex 79.02942858086554 -76.377778151416 78
    endloop
  endfacet
  facet normal 0.19509032201614018 0.980785280403228 0
    outer loop
      vertex 79.02942858086554 -83.622221848584 78
      vertex 79.51052677917481 -83.7179182301518 78
      vertex 79.51052677917481 -83.7179182301518 0
    endloop
  endfacet
  facet normal 0.32143946530315237 0.9469301294951089 0
    outer loop
      vertex 78.56493712863092 -83.46454824691733 78
      vertex 79.02942858086554 -83.622221848584 78
      vertex 79.02942858086554 -83.622221848584 0
    endloop
  endfacet
  facet normal 0.06540312923013057 0.9978589232386044 0
    outer loop
      vertex 79.51052677917481 -83.7179182301518 78
      vertex 80 -83.75 78
      vertex 80 -83.75 0
    endloop
  endfacet
  facet normal -0.06540312923013057 0.9978589232386044 0
    outer loop
      vertex 80 -83.75 78
      vertex 80.48947322082519 -83.7179182301518 78
      vertex 80.48947322082519 -83.7179182301518 0
    endloop
  endfacet
  facet normal -0.19509032201614018 0.980785280403228 0
    outer loop
      vertex 80.48947322082519 -83.7179182301518 78
      vertex 80.97057141913446 -83.622221848584 78
      vertex 80.97057141913446 -83.622221848584 0
    endloop
  endfacet
  facet normal -0.32143946530315237 0.9469301294951089 0
    outer loop
      vertex 80.97057141913446 -83.622221848584 78
      vertex 81.43506287136908 -83.46454824691733 78
      vertex 81.43506287136908 -83.46454824691733 0
    endloop
  endfacet
  facet normal -0.44228869021900924 0.8968727415326844 0
    outer loop
      vertex 81.43506287136908 -83.46454824691733 78
      vertex 81.875 -83.24759526419165 78
      vertex 81.875 -83.24759526419165 0
    endloop
  endfacet
  facet normal -0.5555702330196126 0.8314696123025384 0
    outer loop
      vertex 81.875 -83.24759526419165 78
      vertex 82.2828553587827 -82.97507502609213 78
      vertex 82.2828553587827 -82.97507502609213 0
    endloop
  endfacet
  facet normal -0.6593458151000744 0.7518398074789725 0
    outer loop
      vertex 82.2828553587827 -82.97507502609213 78
      vertex 82.65165042944955 -82.65165042944955 78
      vertex 82.65165042944955 -82.65165042944955 0
    endloop
  endfacet
  facet normal -0.7518398074789725 0.6593458151000744 0
    outer loop
      vertex 82.65165042944955 -82.65165042944955 78
      vertex 82.97507502609213 -82.2828553587827 78
      vertex 82.97507502609213 -82.2828553587827 0
    endloop
  endfacet
  facet normal -0.8314696123025384 0.5555702330196126 0
    outer loop
      vertex 82.97507502609213 -82.2828553587827 78
      vertex 83.24759526419165 -81.875 78
      vertex 83.24759526419165 -81.875 0
    endloop
  endfacet
  facet normal -0.8968727415326844 0.44228869021900924 0
    outer loop
      vertex 83.24759526419165 -81.875 78
      vertex 83.46454824691733 -81.43506287136908 78
      vertex 83.46454824691733 -81.43506287136908 0
    endloop
  endfacet
  facet normal -0.9469301294951089 0.32143946530315237 0
    outer loop
      vertex 83.46454824691733 -81.43506287136908 78
      vertex 83.622221848584 -80.97057141913446 78
      vertex 83.622221848584 -80.97057141913446 0
    endloop
  endfacet
  facet normal -0.980785280403228 0.19509032201614018 0
    outer loop
      vertex 83.622221848584 -80.97057141913446 78
      vertex 83.7179182301518 -80.48947322082519 78
      vertex 83.7179182301518 -80.48947322082519 0
    endloop
  endfacet
  facet normal -0.9978589232386044 0.06540312923013057 0
    outer loop
      vertex 83.7179182301518 -80.48947322082519 78
      vertex 83.75 -80 78
      vertex 83.75 -80 0
    endloop
  endfacet
  facet normal -0.980785280403228 -0.19509032201614018 0
    outer loop
      vertex 83.7179182301518 -79.51052677917481 78
      vertex 83.622221848584 -79.02942858086554 78
      vertex 83.622221848584 -79.02942858086554 0
    endloop
  endfacet
  facet normal -0.9978589232386044 -0.06540312923013057 0
    outer loop
      vertex 83.75 -80 78
      vertex 83.7179182301518 -79.51052677917481 78
      vertex 83.7179182301518 -79.51052677917481 0
    endloop
  endfacet
  facet normal 0.19509032201614018 -0.980785280403228 0
    outer loop
      vertex 79.02942858086554 -76.377778151416 78
      vertex 79.02942858086554 -76.377778151416 0
      vertex 79.51052677917481 -76.2820817698482 78
    endloop
  endfacet
  facet normal 0.06540312923013057 -0.9978589232386044 0
    outer loop
      vertex 79.51052677917481 -76.2820817698482 78
      vertex 79.51052677917481 -76.2820817698482 0
      vertex 80 -76.25 78
    endloop
  endfacet
  facet normal -0.06540312923013057 -0.9978589232386044 0
    outer loop
      vertex 80 -76.25 78
      vertex 80 -76.25 0
      vertex 80.48947322082519 -76.2820817698482 78
    endloop
  endfacet
  facet normal -0.19509032201614018 -0.980785280403228 0
    outer loop
      vertex 80.48947322082519 -76.2820817698482 78
      vertex 80.48947322082519 -76.2820817698482 0
      vertex 80.97057141913446 -76.377778151416 78
    endloop
  endfacet
  facet normal -0.32143946530315237 -0.9469301294951089 0
    outer loop
      vertex 80.97057141913446 -76.377778151416 78
      vertex 80.97057141913446 -76.377778151416 0
      vertex 81.43506287136908 -76.53545175308267 78
    endloop
  endfacet
  facet normal -0.7518398074789725 -0.6593458151000744 0
    outer loop
      vertex 82.65165042944955 -77.34834957055045 78
      vertex 82.65165042944955 -77.34834957055045 0
      vertex 82.97507502609213 -77.7171446412173 78
    endloop
  endfacet
  facet normal -0.5555702330196126 -0.8314696123025384 0
    outer loop
      vertex 81.875 -76.75240473580835 78
      vertex 81.875 -76.75240473580835 0
      vertex 82.2828553587827 -77.02492497390787 78
    endloop
  endfacet
  facet normal -0.44228869021900924 -0.8968727415326844 0
    outer loop
      vertex 81.43506287136908 -76.53545175308267 78
      vertex 81.43506287136908 -76.53545175308267 0
      vertex 81.875 -76.75240473580835 78
    endloop
  endfacet
  facet normal -0.6593458151000744 -0.7518398074789725 0
    outer loop
      vertex 82.2828553587827 -77.02492497390787 78
      vertex 82.2828553587827 -77.02492497390787 0
      vertex 82.65165042944955 -77.34834957055045 78
    endloop
  endfacet
  facet normal -0.8968727415326844 -0.44228869021900924 0
    outer loop
      vertex 83.46454824691733 -78.56493712863092 78
      vertex 83.24759526419165 -78.125 78
      vertex 83.24759526419165 -78.125 0
    endloop
  endfacet
  facet normal -0.9469301294951089 -0.32143946530315237 0
    outer loop
      vertex 83.622221848584 -79.02942858086554 78
      vertex 83.46454824691733 -78.56493712863092 78
      vertex 83.46454824691733 -78.56493712863092 0
    endloop
  endfacet
  facet normal -0.8314696123025384 -0.5555702330196126 0
    outer loop
      vertex 82.97507502609213 -77.7171446412173 78
      vertex 82.97507502609213 -77.7171446412173 0
      vertex 83.24759526419165 -78.125 78
    endloop
  endfacet
  facet normal 0 0 -1
    outer loop
      vertex 78.125 -83.24759526419165 78
      vertex 78.5029785036578 -81.32624531648159 78
      vertex 78.56493712863092 -83.46454824691733 78
    endloop
  endfacet
  facet normal 0 0 -1
    outer loop
      vertex 78.125 -83.24759526419165 78
      vertex 78.22908794869358 -80.92944634408754 78
      vertex 78.5029785036578 -81.32624531648159 78
    endloop
  endfacet
  facet normal 0 0 -1
    outer loop
      vertex 78.5029785036578 -81.32624531648159 78
      vertex 78.8638705065377 -81.64596773178731 78
      vertex 78.56493712863092 -83.46454824691733 78
    endloop
  endfacet
  facet normal 0 0 -1
    outer loop
      vertex 76.53545175308267 -81.43506287136908 78
      vertex 76.53545175308267 -78.56493712863092 78
      vertex 76.75240473580835 -81.875 78
    endloop
  endfacet
  facet normal 0 0 -1
    outer loop
      vertex 76.53545175308267 -81.43506287136908 78
      vertex 76.377778151416 -80.97057141913446 78
      vertex 76.377778151416 -79.02942858086554 78
    endloop
  endfacet
  facet normal 0 0 -1
    outer loop
      vertex 76.377778151416 -80.97057141913446 78
      vertex 76.2820817698482 -80.48947322082519 78
      vertex 76.2820817698482 -79.51052677917481 78
    endloop
  endfacet
  facet normal 0 0 -1
    outer loop
      vertex 77.02492497390787 -82.2828553587827 78
      vertex 77.02492497390787 -77.7171446412173 78
      vertex 77.34834957055045 -82.65165042944955 78
    endloop
  endfacet
  facet normal 0 0 -1
    outer loop
      vertex 76.75240473580835 -81.875 78
      vertex 76.75240473580835 -78.125 78
      vertex 77.02492497390787 -82.2828553587827 78
    endloop
  endfacet
  facet normal 0 0 -1
    outer loop
      vertex 76.2820817698482 -80.48947322082519 78
      vertex 76.25 -80 78
      vertex 76.2820817698482 -79.51052677917481 78
    endloop
  endfacet
  facet normal 0 0 -1
    outer loop
      vertex 76.377778151416 -80.97057141913446 78
      vertex 76.2820817698482 -79.51052677917481 78
      vertex 76.377778151416 -79.02942858086554 78
    endloop
  endfacet
  facet normal 0 0 -1
    outer loop
      vertex 76.53545175308267 -81.43506287136908 78
      vertex 76.377778151416 -79.02942858086554 78
      vertex 76.53545175308267 -78.56493712863092 78
    endloop
  endfacet
  facet normal 0 0 -1
    outer loop
      vertex 76.75240473580835 -81.875 78
      vertex 76.53545175308267 -78.56493712863092 78
      vertex 76.75240473580835 -78.125 78
    endloop
  endfacet
  facet normal 0 0 -1
    outer loop
      vertex 77.02492497390787 -82.2828553587827 78
      vertex 76.75240473580835 -78.125 78
      vertex 77.02492497390787 -77.7171446412173 78
    endloop
  endfacet
  facet normal 0 0 -1
    outer loop
      vertex 77.34834957055045 -82.65165042944955 78
      vertex 77.02492497390787 -77.7171446412173 78
      vertex 77.34834957055045 -77.34834957055045 78
    endloop
  endfacet
  facet normal 0 0 -1
    outer loop
      vertex 77.34834957055045 -82.65165042944955 78
      vertex 77.34834957055045 -77.34834957055045 78
      vertex 77.7171446412173 -82.97507502609213 78
    endloop
  endfacet
  facet normal 0 0 -1
    outer loop
      vertex 77.7171446412173 -82.97507502609213 78
      vertex 77.7171446412173 -77.02492497390787 78
      vertex 78.125 -83.24759526419165 78
    endloop
  endfacet
  facet normal 0 0 -1
    outer loop
      vertex 78.125 -83.24759526419165 78
      vertex 78.0581163651479 -80.47863132857512 78
      vertex 78.22908794869358 -80.92944634408754 78
    endloop
  endfacet
  facet normal 0 0 -1
    outer loop
      vertex 78.125 -83.24759526419165 78
      vertex 78 -80 78
      vertex 78.0581163651479 -80.47863132857512 78
    endloop
  endfacet
  facet normal 0 0 -1
    outer loop
      vertex 78.125 -83.24759526419165 78
      vertex 77.7171446412173 -77.02492497390787 78
      vertex 78 -80 78
    endloop
  endfacet
  facet normal 0 0 -1
    outer loop
      vertex 77.7171446412173 -82.97507502609213 78
      vertex 77.34834957055045 -77.34834957055045 78
      vertex 77.7171446412173 -77.02492497390787 78
    endloop
  endfacet
  facet normal 0 0 -1
    outer loop
      vertex 78 -80 78
      vertex 77.7171446412173 -77.02492497390787 78
      vertex 78.0581163651479 -79.52136867142488 78
    endloop
  endfacet
  facet normal 0 0 -1
    outer loop
      vertex 78.0581163651479 -79.52136867142488 78
      vertex 77.7171446412173 -77.02492497390787 78
      vertex 78.125 -76.75240473580835 78
    endloop
  endfacet
  facet normal 0 0 -1
    outer loop
      vertex 78.0581163651479 -79.52136867142488 78
      vertex 78.125 -76.75240473580835 78
      vertex 78.22908794869358 -79.07055365591246 78
    endloop
  endfacet
  facet normal 0 0 -1
    outer loop
      vertex 78.22908794869358 -79.07055365591246 78
      vertex 78.125 -76.75240473580835 78
      vertex 78.5029785036578 -78.67375468351841 78
    endloop
  endfacet
  facet normal 0 0 -1
    outer loop
      vertex 78.5029785036578 -78.67375468351841 78
      vertex 78.56493712863092 -76.53545175308267 78
      vertex 78.8638705065377 -78.35403226821269 78
    endloop
  endfacet
  facet normal 0 0 -1
    outer loop
      vertex 78.5029785036578 -78.67375468351841 78
      vertex 78.125 -76.75240473580835 78
      vertex 78.56493712863092 -76.53545175308267 78
    endloop
  endfacet
  facet normal 0 0 -1
    outer loop
      vertex 78.56493712863092 -83.46454824691733 78
      vertex 79.29079022591493 -81.87003248537083 78
      vertex 79.02942858086554 -83.622221848584 78
    endloop
  endfacet
  facet normal 0 0 -1
    outer loop
      vertex 79.02942858086554 -83.622221848584 78
      vertex 79.75892663948936 -81.98541774819611 78
      vertex 79.51052677917481 -83.7179182301518 78
    endloop
  endfacet
  facet normal 0 0 -1
    outer loop
      vertex 79.51052677917481 -83.7179182301518 78
      vertex 79.75892663948936 -81.98541774819611 78
      vertex 80 -83.75 78
    endloop
  endfacet
  facet normal 0 0 -1
    outer loop
      vertex 78.56493712863092 -83.46454824691733 78
      vertex 78.8638705065377 -81.64596773178731 78
      vertex 79.29079022591493 -81.87003248537083 78
    endloop
  endfacet
  facet normal 0 0 -1
    outer loop
      vertex 79.02942858086554 -83.622221848584 78
      vertex 79.29079022591493 -81.87003248537083 78
      vertex 79.75892663948936 -81.98541774819611 78
    endloop
  endfacet
  facet normal 0 0 -1
    outer loop
      vertex 79.75892663948936 -81.98541774819611 78
      vertex 80.24107336051064 -81.98541774819611 78
      vertex 80 -83.75 78
    endloop
  endfacet
  facet normal 0 0 -1
    outer loop
      vertex 80 -83.75 78
      vertex 80.24107336051064 -81.98541774819611 78
      vertex 80.48947322082519 -83.7179182301518 78
    endloop
  endfacet
  facet normal 0 0 -1
    outer loop
      vertex 80.48947322082519 -83.7179182301518 78
      vertex 80.70920977408507 -81.87003248537083 78
      vertex 80.97057141913446 -83.622221848584 78
    endloop
  endfacet
  facet normal 0 0 -1
    outer loop
      vertex 80.48947322082519 -83.7179182301518 78
      vertex 80.24107336051064 -81.98541774819611 78
      vertex 80.70920977408507 -81.87003248537083 78
    endloop
  endfacet
  facet normal 0 0 -1
    outer loop
      vertex 80.97057141913446 -83.622221848584 78
      vertex 81.1361294934623 -81.64596773178731 78
      vertex 81.43506287136908 -83.46454824691733 78
    endloop
  endfacet
  facet normal 0 0 -1
    outer loop
      vertex 80.97057141913446 -83.622221848584 78
      vertex 80.70920977408507 -81.87003248537083 78
      vertex 81.1361294934623 -81.64596773178731 78
    endloop
  endfacet
  facet normal 0 0 -1
    outer loop
      vertex 81.43506287136908 -83.46454824691733 78
      vertex 81.1361294934623 -81.64596773178731 78
      vertex 81.4970214963422 -81.32624531648159 78
    endloop
  endfacet
  facet normal 0 0 -1
    outer loop
      vertex 81.43506287136908 -83.46454824691733 78
      vertex 81.4970214963422 -81.32624531648159 78
      vertex 81.875 -83.24759526419165 78
    endloop
  endfacet
  facet normal 0 0 -1
    outer loop
      vertex 81.875 -83.24759526419165 78
      vertex 81.4970214963422 -81.32624531648159 78
      vertex 81.77091205130642 -80.92944634408754 78
    endloop
  endfacet
  facet normal 0 0 -1
    outer loop
      vertex 81.875 -83.24759526419165 78
      vertex 81.9418836348521 -80.47863132857512 78
      vertex 82.2828553587827 -82.97507502609213 78
    endloop
  endfacet
  facet normal 0 0 -1
    outer loop
      vertex 81.875 -83.24759526419165 78
      vertex 81.77091205130642 -80.92944634408754 78
      vertex 81.9418836348521 -80.47863132857512 78
    endloop
  endfacet
  facet normal 0 0 -1
    outer loop
      vertex 82.2828553587827 -82.97507502609213 78
      vertex 81.9418836348521 -80.47863132857512 78
      vertex 82 -80 78
    endloop
  endfacet
  facet normal 0 0 -1
    outer loop
      vertex 82.2828553587827 -82.97507502609213 78
      vertex 82.2828553587827 -77.02492497390787 78
      vertex 82.65165042944955 -82.65165042944955 78
    endloop
  endfacet
  facet normal 0 0 -1
    outer loop
      vertex 82.65165042944955 -82.65165042944955 78
      vertex 82.65165042944955 -77.34834957055045 78
      vertex 82.97507502609213 -82.2828553587827 78
    endloop
  endfacet
  facet normal 0 0 -1
    outer loop
      vertex 82.2828553587827 -82.97507502609213 78
      vertex 82 -80 78
      vertex 81.875 -76.75240473580835 78
    endloop
  endfacet
  facet normal 0 0 -1
    outer loop
      vertex 82 -80 78
      vertex 81.9418836348521 -79.52136867142488 78
      vertex 81.875 -76.75240473580835 78
    endloop
  endfacet
  facet normal 0 0 -1
    outer loop
      vertex 82.2828553587827 -82.97507502609213 78
      vertex 81.875 -76.75240473580835 78
      vertex 82.2828553587827 -77.02492497390787 78
    endloop
  endfacet
  facet normal 0 0 -1
    outer loop
      vertex 82.65165042944955 -82.65165042944955 78
      vertex 82.2828553587827 -77.02492497390787 78
      vertex 82.65165042944955 -77.34834957055045 78
    endloop
  endfacet
  facet normal 0 0 -1
    outer loop
      vertex 82.97507502609213 -82.2828553587827 78
      vertex 82.65165042944955 -77.34834957055045 78
      vertex 82.97507502609213 -77.7171446412173 78
    endloop
  endfacet
  facet normal 0 0 -1
    outer loop
      vertex 82.97507502609213 -82.2828553587827 78
      vertex 82.97507502609213 -77.7171446412173 78
      vertex 83.24759526419165 -81.875 78
    endloop
  endfacet
  facet normal 0 0 -1
    outer loop
      vertex 83.24759526419165 -81.875 78
      vertex 83.24759526419165 -78.125 78
      vertex 83.46454824691733 -81.43506287136908 78
    endloop
  endfacet
  facet normal 0 0 -1
    outer loop
      vertex 83.46454824691733 -81.43506287136908 78
      vertex 83.46454824691733 -78.56493712863092 78
      vertex 83.622221848584 -80.97057141913446 78
    endloop
  endfacet
  facet normal 0 0 -1
    outer loop
      vertex 83.622221848584 -80.97057141913446 78
      vertex 83.622221848584 -79.02942858086554 78
      vertex 83.7179182301518 -80.48947322082519 78
    endloop
  endfacet
  facet normal 0 0 -1
    outer loop
      vertex 83.622221848584 -80.97057141913446 78
      vertex 83.46454824691733 -78.56493712863092 78
      vertex 83.622221848584 -79.02942858086554 78
    endloop
  endfacet
  facet normal 0 0 -1
    outer loop
      vertex 83.24759526419165 -81.875 78
      vertex 82.97507502609213 -77.7171446412173 78
      vertex 83.24759526419165 -78.125 78
    endloop
  endfacet
  facet normal 0 0 -1
    outer loop
      vertex 83.46454824691733 -81.43506287136908 78
      vertex 83.24759526419165 -78.125 78
      vertex 83.46454824691733 -78.56493712863092 78
    endloop
  endfacet
  facet normal 0 0 -1
    outer loop
      vertex 83.7179182301518 -80.48947322082519 78
      vertex 83.7179182301518 -79.51052677917481 78
      vertex 83.75 -80 78
    endloop
  endfacet
  facet normal 0 0 -1
    outer loop
      vertex 83.7179182301518 -80.48947322082519 78
      vertex 83.622221848584 -79.02942858086554 78
      vertex 83.7179182301518 -79.51052677917481 78
    endloop
  endfacet
  facet normal 0 0 -1
    outer loop
      vertex 78.8638705065377 -78.35403226821269 78
      vertex 79.02942858086554 -76.377778151416 78
      vertex 79.29079022591493 -78.12996751462917 78
    endloop
  endfacet
  facet normal 0 0 -1
    outer loop
      vertex 79.29079022591493 -78.12996751462917 78
      vertex 79.51052677917481 -76.2820817698482 78
      vertex 79.75892663948936 -78.01458225180389 78
    endloop
  endfacet
  facet normal 0 0 -1
    outer loop
      vertex 79.75892663948936 -78.01458225180389 78
      vertex 80 -76.25 78
      vertex 80.24107336051064 -78.01458225180389 78
    endloop
  endfacet
  facet normal 0 0 -1
    outer loop
      vertex 78.8638705065377 -78.35403226821269 78
      vertex 78.56493712863092 -76.53545175308267 78
      vertex 79.02942858086554 -76.377778151416 78
    endloop
  endfacet
  facet normal 0 0 -1
    outer loop
      vertex 79.29079022591493 -78.12996751462917 78
      vertex 79.02942858086554 -76.377778151416 78
      vertex 79.51052677917481 -76.2820817698482 78
    endloop
  endfacet
  facet normal 0 0 -1
    outer loop
      vertex 79.75892663948936 -78.01458225180389 78
      vertex 79.51052677917481 -76.2820817698482 78
      vertex 80 -76.25 78
    endloop
  endfacet
  facet normal 0 0 -1
    outer loop
      vertex 80.24107336051064 -78.01458225180389 78
      vertex 80.97057141913446 -76.377778151416 78
      vertex 80.70920977408507 -78.12996751462917 78
    endloop
  endfacet
  facet normal 0 0 -1
    outer loop
      vertex 80.70920977408507 -78.12996751462917 78
      vertex 81.43506287136908 -76.53545175308267 78
      vertex 81.1361294934623 -78.35403226821269 78
    endloop
  endfacet
  facet normal 0 0 -1
    outer loop
      vertex 81.4970214963422 -78.67375468351841 78
      vertex 81.1361294934623 -78.35403226821269 78
      vertex 81.43506287136908 -76.53545175308267 78
    endloop
  endfacet
  facet normal 0 0 -1
    outer loop
      vertex 80.24107336051064 -78.01458225180389 78
      vertex 80 -76.25 78
      vertex 80.48947322082519 -76.2820817698482 78
    endloop
  endfacet
  facet normal 0 0 -1
    outer loop
      vertex 80.24107336051064 -78.01458225180389 78
      vertex 80.48947322082519 -76.2820817698482 78
      vertex 80.97057141913446 -76.377778151416 78
    endloop
  endfacet
  facet normal 0 0 -1
    outer loop
      vertex 80.70920977408507 -78.12996751462917 78
      vertex 80.97057141913446 -76.377778151416 78
      vertex 81.43506287136908 -76.53545175308267 78
    endloop
  endfacet
  facet normal 0 0 -1
    outer loop
      vertex 81.77091205130642 -79.07055365591246 78
      vertex 81.875 -76.75240473580835 78
      vertex 81.9418836348521 -79.52136867142488 78
    endloop
  endfacet
  facet normal 0 0 -1
    outer loop
      vertex 81.77091205130642 -79.07055365591246 78
      vertex 81.4970214963422 -78.67375468351841 78
      vertex 81.875 -76.75240473580835 78
    endloop
  endfacet
  facet normal 0 0 -1
    outer loop
      vertex 81.4970214963422 -78.67375468351841 78
      vertex 81.43506287136908 -76.53545175308267 78
      vertex 81.875 -76.75240473580835 78
    endloop
  endfacet
  facet normal 0.9927088740980541 0.12053668025532221 0
    outer loop
      vertex 78.0581163651479 -80.47863132857512 78
      vertex 78 -80 78
      vertex 78 -80 82
    endloop
  endfacet
  facet normal 0.8229838658936479 0.5680647467311681 0
    outer loop
      vertex 78.5029785036578 -81.32624531648159 78
      vertex 78.22908794869358 -80.92944634408754 78
      vertex 78.22908794869358 -80.92944634408754 82
    endloop
  endfacet
  facet normal 0.6631226582407885 0.748510748171107 0
    outer loop
      vertex 78.5029785036578 -81.32624531648159 78
      vertex 78.5029785036578 -81.32624531648159 82
      vertex 78.8638705065377 -81.64596773178731 78
    endloop
  endfacet
  facet normal 0.9350162426854175 0.3546048870425284 0
    outer loop
      vertex 78.0581163651479 -80.47863132857512 78
      vertex 78.0581163651479 -80.47863132857512 82
      vertex 78.22908794869358 -80.92944634408754 78
    endloop
  endfacet
  facet normal 0.9927088740980541 -0.12053668025532221 0
    outer loop
      vertex 78 -80 78
      vertex 78.0581163651479 -79.52136867142488 78
      vertex 78.0581163651479 -79.52136867142488 82
    endloop
  endfacet
  facet normal 0.9350162426854175 -0.3546048870425284 0
    outer loop
      vertex 78.0581163651479 -79.52136867142488 78
      vertex 78.22908794869358 -79.07055365591246 78
      vertex 78.22908794869358 -79.07055365591246 82
    endloop
  endfacet
  facet normal 0.8229838658936479 -0.5680647467311681 0
    outer loop
      vertex 78.22908794869358 -79.07055365591246 78
      vertex 78.5029785036578 -78.67375468351841 78
      vertex 78.5029785036578 -78.67375468351841 82
    endloop
  endfacet
  facet normal 0.9927088740980541 0.12053668025532221 0
    outer loop
      vertex 78.0581163651479 -80.47863132857512 78
      vertex 78 -80 82
      vertex 78.0581163651479 -80.47863132857512 82
    endloop
  endfacet
  facet normal 0.6631226582407885 0.748510748171107 0
    outer loop
      vertex 78.8638705065377 -81.64596773178731 78
      vertex 78.5029785036578 -81.32624531648159 82
      vertex 78.8638705065377 -81.64596773178731 82
    endloop
  endfacet
  facet normal 0.8229838658936479 0.5680647467311681 0
    outer loop
      vertex 78.5029785036578 -81.32624531648159 78
      vertex 78.22908794869358 -80.92944634408754 82
      vertex 78.5029785036578 -81.32624531648159 82
    endloop
  endfacet
  facet normal 0.9350162426854175 0.3546048870425284 0
    outer loop
      vertex 78.22908794869358 -80.92944634408754 78
      vertex 78.0581163651479 -80.47863132857512 82
      vertex 78.22908794869358 -80.92944634408754 82
    endloop
  endfacet
  facet normal 0.9927088740980541 -0.12053668025532221 0
    outer loop
      vertex 78 -80 78
      vertex 78.0581163651479 -79.52136867142488 82
      vertex 78 -80 82
    endloop
  endfacet
  facet normal 0.9350162426854175 -0.3546048870425284 0
    outer loop
      vertex 78.0581163651479 -79.52136867142488 78
      vertex 78.22908794869358 -79.07055365591246 82
      vertex 78.0581163651479 -79.52136867142488 82
    endloop
  endfacet
  facet normal 0.8229838658936479 -0.5680647467311681 0
    outer loop
      vertex 78.22908794869358 -79.07055365591246 78
      vertex 78.5029785036578 -78.67375468351841 82
      vertex 78.22908794869358 -79.07055365591246 82
    endloop
  endfacet
  facet normal 0.6631226582407885 -0.748510748171107 0
    outer loop
      vertex 78.5029785036578 -78.67375468351841 78
      vertex 78.8638705065377 -78.35403226821269 78
      vertex 78.8638705065377 -78.35403226821269 82
    endloop
  endfacet
  facet normal 0.6631226582407885 -0.748510748171107 0
    outer loop
      vertex 78.5029785036578 -78.67375468351841 78
      vertex 78.8638705065377 -78.35403226821269 82
      vertex 78.5029785036578 -78.67375468351841 82
    endloop
  endfacet
  facet normal 0.4647231720437743 0.8854560256532069 0
    outer loop
      vertex 78.8638705065377 -81.64596773178731 78
      vertex 78.8638705065377 -81.64596773178731 82
      vertex 79.29079022591493 -81.87003248537083 78
    endloop
  endfacet
  facet normal 0.23931566428756954 0.9709418174260491 0
    outer loop
      vertex 79.29079022591493 -81.87003248537083 78
      vertex 79.29079022591493 -81.87003248537083 82
      vertex 79.75892663948936 -81.98541774819611 78
    endloop
  endfacet
  facet normal 0 1 0
    outer loop
      vertex 79.75892663948936 -81.98541774819611 78
      vertex 79.75892663948936 -81.98541774819611 82
      vertex 80.24107336051064 -81.98541774819611 78
    endloop
  endfacet
  facet normal -0.23931566428756954 0.9709418174260491 0
    outer loop
      vertex 80.24107336051064 -81.98541774819611 78
      vertex 80.24107336051064 -81.98541774819611 82
      vertex 80.70920977408507 -81.87003248537083 78
    endloop
  endfacet
  facet normal -0.4647231720437743 0.8854560256532069 0
    outer loop
      vertex 80.70920977408507 -81.87003248537083 78
      vertex 80.70920977408507 -81.87003248537083 82
      vertex 81.1361294934623 -81.64596773178731 78
    endloop
  endfacet
  facet normal -0.6631226582407885 0.748510748171107 0
    outer loop
      vertex 81.1361294934623 -81.64596773178731 78
      vertex 81.1361294934623 -81.64596773178731 82
      vertex 81.4970214963422 -81.32624531648159 78
    endloop
  endfacet
  facet normal -0.8229838658936479 0.5680647467311681 0
    outer loop
      vertex 81.4970214963422 -81.32624531648159 78
      vertex 81.4970214963422 -81.32624531648159 82
      vertex 81.77091205130642 -80.92944634408754 78
    endloop
  endfacet
  facet normal -0.9350162426854175 0.3546048870425284 0
    outer loop
      vertex 81.77091205130642 -80.92944634408754 78
      vertex 81.77091205130642 -80.92944634408754 82
      vertex 81.9418836348521 -80.47863132857512 78
    endloop
  endfacet
  facet normal -0.9927088740980541 0.12053668025532221 0
    outer loop
      vertex 81.9418836348521 -80.47863132857512 78
      vertex 81.9418836348521 -80.47863132857512 82
      vertex 82 -80 78
    endloop
  endfacet
  facet normal -0.9927088740980541 -0.12053668025532221 0
    outer loop
      vertex 82 -80 78
      vertex 82 -80 82
      vertex 81.9418836348521 -79.52136867142488 78
    endloop
  endfacet
  facet normal -0.9350162426854175 -0.3546048870425284 0
    outer loop
      vertex 81.77091205130642 -79.07055365591246 78
      vertex 81.9418836348521 -79.52136867142488 78
      vertex 81.9418836348521 -79.52136867142488 82
    endloop
  endfacet
  facet normal -0.8229838658936479 -0.5680647467311681 0
    outer loop
      vertex 81.77091205130642 -79.07055365591246 78
      vertex 81.77091205130642 -79.07055365591246 82
      vertex 81.4970214963422 -78.67375468351841 78
    endloop
  endfacet
  facet normal 0.4647231720437743 0.8854560256532069 0
    outer loop
      vertex 79.29079022591493 -81.87003248537083 78
      vertex 78.8638705065377 -81.64596773178731 82
      vertex 79.29079022591493 -81.87003248537083 82
    endloop
  endfacet
  facet normal 0.23931566428756954 0.9709418174260491 0
    outer loop
      vertex 79.75892663948936 -81.98541774819611 78
      vertex 79.29079022591493 -81.87003248537083 82
      vertex 79.75892663948936 -81.98541774819611 82
    endloop
  endfacet
  facet normal 0 1 0
    outer loop
      vertex 80.24107336051064 -81.98541774819611 78
      vertex 79.75892663948936 -81.98541774819611 82
      vertex 80.24107336051064 -81.98541774819611 82
    endloop
  endfacet
  facet normal -0.23931566428756954 0.9709418174260491 0
    outer loop
      vertex 80.70920977408507 -81.87003248537083 78
      vertex 80.24107336051064 -81.98541774819611 82
      vertex 80.70920977408507 -81.87003248537083 82
    endloop
  endfacet
  facet normal -0.4647231720437743 0.8854560256532069 0
    outer loop
      vertex 81.1361294934623 -81.64596773178731 78
      vertex 80.70920977408507 -81.87003248537083 82
      vertex 81.1361294934623 -81.64596773178731 82
    endloop
  endfacet
  facet normal -0.6631226582407885 0.748510748171107 0
    outer loop
      vertex 81.4970214963422 -81.32624531648159 78
      vertex 81.1361294934623 -81.64596773178731 82
      vertex 81.4970214963422 -81.32624531648159 82
    endloop
  endfacet
  facet normal -0.8229838658936479 0.5680647467311681 0
    outer loop
      vertex 81.77091205130642 -80.92944634408754 78
      vertex 81.4970214963422 -81.32624531648159 82
      vertex 81.77091205130642 -80.92944634408754 82
    endloop
  endfacet
  facet normal -0.9350162426854175 0.3546048870425284 0
    outer loop
      vertex 81.9418836348521 -80.47863132857512 78
      vertex 81.77091205130642 -80.92944634408754 82
      vertex 81.9418836348521 -80.47863132857512 82
    endloop
  endfacet
  facet normal -0.9927088740980541 0.12053668025532221 0
    outer loop
      vertex 82 -80 78
      vertex 81.9418836348521 -80.47863132857512 82
      vertex 82 -80 82
    endloop
  endfacet
  facet normal -0.9927088740980541 -0.12053668025532221 0
    outer loop
      vertex 81.9418836348521 -79.52136867142488 78
      vertex 82 -80 82
      vertex 81.9418836348521 -79.52136867142488 82
    endloop
  endfacet
  facet normal -0.9350162426854175 -0.3546048870425284 0
    outer loop
      vertex 81.77091205130642 -79.07055365591246 78
      vertex 81.9418836348521 -79.52136867142488 82
      vertex 81.77091205130642 -79.07055365591246 82
    endloop
  endfacet
  facet normal -0.8229838658936479 -0.5680647467311681 0
    outer loop
      vertex 81.4970214963422 -78.67375468351841 78
      vertex 81.77091205130642 -79.07055365591246 82
      vertex 81.4970214963422 -78.67375468351841 82
    endloop
  endfacet
  facet normal 0.4647231720437743 -0.8854560256532069 0
    outer loop
      vertex 78.8638705065377 -78.35403226821269 78
      vertex 79.29079022591493 -78.12996751462917 78
      vertex 79.29079022591493 -78.12996751462917 82
    endloop
  endfacet
  facet normal 0.23931566428756954 -0.9709418174260491 0
    outer loop
      vertex 79.29079022591493 -78.12996751462917 78
      vertex 79.75892663948936 -78.01458225180389 78
      vertex 79.75892663948936 -78.01458225180389 82
    endloop
  endfacet
  facet normal 0 -1 0
    outer loop
      vertex 79.75892663948936 -78.01458225180389 78
      vertex 80.24107336051064 -78.01458225180389 78
      vertex 80.24107336051064 -78.01458225180389 82
    endloop
  endfacet
  facet normal -0.23931566428756954 -0.9709418174260491 0
    outer loop
      vertex 80.24107336051064 -78.01458225180389 78
      vertex 80.70920977408507 -78.12996751462917 78
      vertex 80.70920977408507 -78.12996751462917 82
    endloop
  endfacet
  facet normal -0.4647231720437743 -0.8854560256532069 0
    outer loop
      vertex 80.70920977408507 -78.12996751462917 78
      vertex 81.1361294934623 -78.35403226821269 78
      vertex 81.1361294934623 -78.35403226821269 82
    endloop
  endfacet
  facet normal -0.6631226582407885 -0.748510748171107 0
    outer loop
      vertex 81.4970214963422 -78.67375468351841 78
      vertex 81.4970214963422 -78.67375468351841 82
      vertex 81.1361294934623 -78.35403226821269 78
    endloop
  endfacet
  facet normal 0.4647231720437743 -0.8854560256532069 0
    outer loop
      vertex 78.8638705065377 -78.35403226821269 78
      vertex 79.29079022591493 -78.12996751462917 82
      vertex 78.8638705065377 -78.35403226821269 82
    endloop
  endfacet
  facet normal 0.23931566428756954 -0.9709418174260491 0
    outer loop
      vertex 79.29079022591493 -78.12996751462917 78
      vertex 79.75892663948936 -78.01458225180389 82
      vertex 79.29079022591493 -78.12996751462917 82
    endloop
  endfacet
  facet normal 0 -1 0
    outer loop
      vertex 79.75892663948936 -78.01458225180389 78
      vertex 80.24107336051064 -78.01458225180389 82
      vertex 79.75892663948936 -78.01458225180389 82
    endloop
  endfacet
  facet normal -0.23931566428756954 -0.9709418174260491 0
    outer loop
      vertex 80.24107336051064 -78.01458225180389 78
      vertex 80.70920977408507 -78.12996751462917 82
      vertex 80.24107336051064 -78.01458225180389 82
    endloop
  endfacet
  facet normal -0.4647231720437743 -0.8854560256532069 0
    outer loop
      vertex 80.70920977408507 -78.12996751462917 78
      vertex 81.1361294934623 -78.35403226821269 82
      vertex 80.70920977408507 -78.12996751462917 82
    endloop
  endfacet
  facet normal -0.6631226582407885 -0.748510748171107 0
    outer loop
      vertex 81.1361294934623 -78.35403226821269 78
      vertex 81.4970214963422 -78.67375468351841 82
      vertex 81.1361294934623 -78.35403226821269 82
    endloop
  endfacet
  facet normal 0.8314696123025384 0.5555702330196126 0
    outer loop
      vertex -83.24759526419165 78.125 78
      vertex -82.97507502609213 77.7171446412173 0
      vertex -83.24759526419165 78.125 0
    endloop
  endfacet
  facet normal 0.8968727415326844 0.44228869021900924 0
    outer loop
      vertex -83.46454824691733 78.56493712863092 78
      vertex -83.24759526419165 78.125 0
      vertex -83.46454824691733 78.56493712863092 0
    endloop
  endfacet
  facet normal 0.6593458151000744 0.7518398074789725 0
    outer loop
      vertex -82.65165042944955 77.34834957055045 78
      vertex -82.2828553587827 77.02492497390787 0
      vertex -82.65165042944955 77.34834957055045 0
    endloop
  endfacet
  facet normal 0.5555702330196126 0.8314696123025384 0
    outer loop
      vertex -82.2828553587827 77.02492497390787 78
      vertex -81.875 76.75240473580835 0
      vertex -82.2828553587827 77.02492497390787 0
    endloop
  endfacet
  facet normal 0.44228869021900924 0.8968727415326844 0
    outer loop
      vertex -81.875 76.75240473580835 78
      vertex -81.43506287136908 76.53545175308267 0
      vertex -81.875 76.75240473580835 0
    endloop
  endfacet
  facet normal 0.7518398074789725 0.6593458151000744 0
    outer loop
      vertex -82.97507502609213 77.7171446412173 78
      vertex -82.65165042944955 77.34834957055045 0
      vertex -82.97507502609213 77.7171446412173 0
    endloop
  endfacet
  facet normal 0.32143946530315237 0.9469301294951089 0
    outer loop
      vertex -81.43506287136908 76.53545175308267 78
      vertex -80.97057141913446 76.377778151416 0
      vertex -81.43506287136908 76.53545175308267 0
    endloop
  endfacet
  facet normal 0.19509032201614018 0.980785280403228 0
    outer loop
      vertex -80.97057141913446 76.377778151416 78
      vertex -80.48947322082519 76.2820817698482 0
      vertex -80.97057141913446 76.377778151416 0
    endloop
  endfacet
  facet normal 0.06540312923013057 0.9978589232386044 0
    outer loop
      vertex -80.48947322082519 76.2820817698482 78
      vertex -80 76.25 0
      vertex -80.48947322082519 76.2820817698482 0
    endloop
  endfacet
  facet normal -0.06540312923013057 0.9978589232386044 0
    outer loop
      vertex -80 76.25 78
      vertex -79.51052677917481 76.2820817698482 0
      vertex -80 76.25 0
    endloop
  endfacet
  facet normal -0.19509032201614018 0.980785280403228 0
    outer loop
      vertex -79.51052677917481 76.2820817698482 78
      vertex -79.02942858086554 76.377778151416 0
      vertex -79.51052677917481 76.2820817698482 0
    endloop
  endfacet
  facet normal -0.32143946530315237 0.9469301294951089 0
    outer loop
      vertex -79.02942858086554 76.377778151416 78
      vertex -78.56493712863092 76.53545175308267 0
      vertex -79.02942858086554 76.377778151416 0
    endloop
  endfacet
  facet normal 0.980785280403228 0.19509032201614018 0
    outer loop
      vertex -83.7179182301518 79.51052677917481 78
      vertex -83.622221848584 79.02942858086554 0
      vertex -83.7179182301518 79.51052677917481 0
    endloop
  endfacet
  facet normal 0.9978589232386044 0.06540312923013057 0
    outer loop
      vertex -83.75 80 78
      vertex -83.7179182301518 79.51052677917481 0
      vertex -83.75 80 0
    endloop
  endfacet
  facet normal 0.9469301294951089 0.32143946530315237 0
    outer loop
      vertex -83.622221848584 79.02942858086554 78
      vertex -83.46454824691733 78.56493712863092 0
      vertex -83.622221848584 79.02942858086554 0
    endloop
  endfacet
  facet normal 0.9978589232386044 -0.06540312923013057 0
    outer loop
      vertex -83.7179182301518 80.48947322082519 78
      vertex -83.75 80 0
      vertex -83.7179182301518 80.48947322082519 0
    endloop
  endfacet
  facet normal 0.980785280403228 -0.19509032201614018 0
    outer loop
      vertex -83.622221848584 80.97057141913446 78
      vertex -83.7179182301518 80.48947322082519 0
      vertex -83.622221848584 80.97057141913446 0
    endloop
  endfacet
  facet normal 0.9469301294951089 -0.32143946530315237 0
    outer loop
      vertex -83.46454824691733 81.43506287136908 78
      vertex -83.622221848584 80.97057141913446 0
      vertex -83.46454824691733 81.43506287136908 0
    endloop
  endfacet
  facet normal 0.8968727415326844 -0.44228869021900924 0
    outer loop
      vertex -83.24759526419165 81.875 78
      vertex -83.46454824691733 81.43506287136908 0
      vertex -83.24759526419165 81.875 0
    endloop
  endfacet
  facet normal 0.8314696123025384 -0.5555702330196126 0
    outer loop
      vertex -82.97507502609213 82.2828553587827 78
      vertex -83.24759526419165 81.875 0
      vertex -82.97507502609213 82.2828553587827 0
    endloop
  endfacet
  facet normal 0.7518398074789725 -0.6593458151000744 0
    outer loop
      vertex -82.65165042944955 82.65165042944955 78
      vertex -82.97507502609213 82.2828553587827 0
      vertex -82.65165042944955 82.65165042944955 0
    endloop
  endfacet
  facet normal 0.6593458151000744 -0.7518398074789725 0
    outer loop
      vertex -82.2828553587827 82.97507502609213 78
      vertex -82.65165042944955 82.65165042944955 0
      vertex -82.2828553587827 82.97507502609213 0
    endloop
  endfacet
  facet normal 0.5555702330196126 -0.8314696123025384 0
    outer loop
      vertex -81.875 83.24759526419165 78
      vertex -82.2828553587827 82.97507502609213 0
      vertex -81.875 83.24759526419165 0
    endloop
  endfacet
  facet normal 0.44228869021900924 -0.8968727415326844 0
    outer loop
      vertex -81.43506287136908 83.46454824691733 78
      vertex -81.875 83.24759526419165 0
      vertex -81.43506287136908 83.46454824691733 0
    endloop
  endfacet
  facet normal 0.32143946530315237 -0.9469301294951089 0
    outer loop
      vertex -80.97057141913446 83.622221848584 78
      vertex -81.43506287136908 83.46454824691733 0
      vertex -80.97057141913446 83.622221848584 0
    endloop
  endfacet
  facet normal 0.19509032201614018 -0.980785280403228 0
    outer loop
      vertex -80.48947322082519 83.7179182301518 78
      vertex -80.97057141913446 83.622221848584 0
      vertex -80.48947322082519 83.7179182301518 0
    endloop
  endfacet
  facet normal 0.06540312923013057 -0.9978589232386044 0
    outer loop
      vertex -80 83.75 78
      vertex -80.48947322082519 83.7179182301518 0
      vertex -80 83.75 0
    endloop
  endfacet
  facet normal -0.06540312923013057 -0.9978589232386044 0
    outer loop
      vertex -79.51052677917481 83.7179182301518 78
      vertex -80 83.75 0
      vertex -79.51052677917481 83.7179182301518 0
    endloop
  endfacet
  facet normal -0.19509032201614018 -0.980785280403228 0
    outer loop
      vertex -79.02942858086554 83.622221848584 78
      vertex -79.51052677917481 83.7179182301518 0
      vertex -79.02942858086554 83.622221848584 0
    endloop
  endfacet
  facet normal -0.44228869021900924 0.8968727415326844 0
    outer loop
      vertex -78.56493712863092 76.53545175308267 78
      vertex -78.125 76.75240473580835 0
      vertex -78.56493712863092 76.53545175308267 0
    endloop
  endfacet
  facet normal -0.5555702330196126 0.8314696123025384 0
    outer loop
      vertex -78.125 76.75240473580835 78
      vertex -77.7171446412173 77.02492497390787 0
      vertex -78.125 76.75240473580835 0
    endloop
  endfacet
  facet normal -0.6593458151000744 0.7518398074789725 0
    outer loop
      vertex -77.7171446412173 77.02492497390787 78
      vertex -77.34834957055045 77.34834957055045 0
      vertex -77.7171446412173 77.02492497390787 0
    endloop
  endfacet
  facet normal -0.7518398074789725 0.6593458151000744 0
    outer loop
      vertex -77.34834957055045 77.34834957055045 78
      vertex -77.02492497390787 77.7171446412173 0
      vertex -77.34834957055045 77.34834957055045 0
    endloop
  endfacet
  facet normal -0.8314696123025384 0.5555702330196126 0
    outer loop
      vertex -77.02492497390787 77.7171446412173 78
      vertex -76.75240473580835 78.125 0
      vertex -77.02492497390787 77.7171446412173 0
    endloop
  endfacet
  facet normal -0.8968727415326844 0.44228869021900924 0
    outer loop
      vertex -76.75240473580835 78.125 78
      vertex -76.53545175308267 78.56493712863092 0
      vertex -76.75240473580835 78.125 0
    endloop
  endfacet
  facet normal -0.9469301294951089 0.32143946530315237 0
    outer loop
      vertex -76.53545175308267 78.56493712863092 78
      vertex -76.377778151416 79.02942858086554 0
      vertex -76.53545175308267 78.56493712863092 0
    endloop
  endfacet
  facet normal -0.980785280403228 0.19509032201614018 0
    outer loop
      vertex -76.377778151416 79.02942858086554 78
      vertex -76.2820817698482 79.51052677917481 0
      vertex -76.377778151416 79.02942858086554 0
    endloop
  endfacet
  facet normal -0.9978589232386044 0.06540312923013057 0
    outer loop
      vertex -76.2820817698482 79.51052677917481 78
      vertex -76.25 80 0
      vertex -76.2820817698482 79.51052677917481 0
    endloop
  endfacet
  facet normal -0.980785280403228 -0.19509032201614018 0
    outer loop
      vertex -76.2820817698482 80.48947322082519 78
      vertex -76.377778151416 80.97057141913446 0
      vertex -76.2820817698482 80.48947322082519 0
    endloop
  endfacet
  facet normal -0.9978589232386044 -0.06540312923013057 0
    outer loop
      vertex -76.25 80 78
      vertex -76.2820817698482 80.48947322082519 0
      vertex -76.25 80 0
    endloop
  endfacet
  facet normal -0.9469301294951089 -0.32143946530315237 0
    outer loop
      vertex -76.377778151416 80.97057141913446 78
      vertex -76.53545175308267 81.43506287136908 0
      vertex -76.377778151416 80.97057141913446 0
    endloop
  endfacet
  facet normal -0.6593458151000744 -0.7518398074789725 0
    outer loop
      vertex -77.34834957055045 82.65165042944955 78
      vertex -77.7171446412173 82.97507502609213 0
      vertex -77.34834957055045 82.65165042944955 0
    endloop
  endfacet
  facet normal -0.32143946530315237 -0.9469301294951089 0
    outer loop
      vertex -78.56493712863092 83.46454824691733 78
      vertex -79.02942858086554 83.622221848584 0
      vertex -78.56493712863092 83.46454824691733 0
    endloop
  endfacet
  facet normal -0.44228869021900924 -0.8968727415326844 0
    outer loop
      vertex -78.125 83.24759526419165 78
      vertex -78.56493712863092 83.46454824691733 0
      vertex -78.125 83.24759526419165 0
    endloop
  endfacet
  facet normal -0.5555702330196126 -0.8314696123025384 0
    outer loop
      vertex -77.7171446412173 82.97507502609213 78
      vertex -78.125 83.24759526419165 0
      vertex -77.7171446412173 82.97507502609213 0
    endloop
  endfacet
  facet normal -0.8314696123025384 -0.5555702330196126 0
    outer loop
      vertex -76.75240473580835 81.875 78
      vertex -77.02492497390787 82.2828553587827 0
      vertex -76.75240473580835 81.875 0
    endloop
  endfacet
  facet normal -0.7518398074789725 -0.6593458151000744 0
    outer loop
      vertex -77.02492497390787 82.2828553587827 78
      vertex -77.34834957055045 82.65165042944955 0
      vertex -77.02492497390787 82.2828553587827 0
    endloop
  endfacet
  facet normal -0.8968727415326844 -0.44228869021900924 0
    outer loop
      vertex -76.53545175308267 81.43506287136908 78
      vertex -76.75240473580835 81.875 0
      vertex -76.53545175308267 81.43506287136908 0
    endloop
  endfacet
  facet normal 0.8314696123025384 0.5555702330196126 0
    outer loop
      vertex -83.24759526419165 78.125 78
      vertex -82.97507502609213 77.7171446412173 78
      vertex -82.97507502609213 77.7171446412173 0
    endloop
  endfacet
  facet normal 0.9469301294951089 0.32143946530315237 0
    outer loop
      vertex -83.46454824691733 78.56493712863092 78
      vertex -83.46454824691733 78.56493712863092 0
      vertex -83.622221848584 79.02942858086554 78
    endloop
  endfacet
  facet normal 0.8968727415326844 0.44228869021900924 0
    outer loop
      vertex -83.24759526419165 78.125 78
      vertex -83.24759526419165 78.125 0
      vertex -83.46454824691733 78.56493712863092 78
    endloop
  endfacet
  facet normal 0.6593458151000744 0.7518398074789725 0
    outer loop
      vertex -82.65165042944955 77.34834957055045 78
      vertex -82.2828553587827 77.02492497390787 78
      vertex -82.2828553587827 77.02492497390787 0
    endloop
  endfacet
  facet normal 0.44228869021900924 0.8968727415326844 0
    outer loop
      vertex -81.875 76.75240473580835 78
      vertex -81.43506287136908 76.53545175308267 78
      vertex -81.43506287136908 76.53545175308267 0
    endloop
  endfacet
  facet normal 0.5555702330196126 0.8314696123025384 0
    outer loop
      vertex -82.2828553587827 77.02492497390787 78
      vertex -81.875 76.75240473580835 78
      vertex -81.875 76.75240473580835 0
    endloop
  endfacet
  facet normal 0.7518398074789725 0.6593458151000744 0
    outer loop
      vertex -82.97507502609213 77.7171446412173 78
      vertex -82.65165042944955 77.34834957055045 78
      vertex -82.65165042944955 77.34834957055045 0
    endloop
  endfacet
  facet normal 0.32143946530315237 0.9469301294951089 0
    outer loop
      vertex -81.43506287136908 76.53545175308267 78
      vertex -80.97057141913446 76.377778151416 78
      vertex -80.97057141913446 76.377778151416 0
    endloop
  endfacet
  facet normal 0.19509032201614018 0.980785280403228 0
    outer loop
      vertex -80.97057141913446 76.377778151416 78
      vertex -80.48947322082519 76.2820817698482 78
      vertex -80.48947322082519 76.2820817698482 0
    endloop
  endfacet
  facet normal 0.06540312923013057 0.9978589232386044 0
    outer loop
      vertex -80.48947322082519 76.2820817698482 78
      vertex -80 76.25 78
      vertex -80 76.25 0
    endloop
  endfacet
  facet normal -0.06540312923013057 0.9978589232386044 0
    outer loop
      vertex -80 76.25 78
      vertex -79.51052677917481 76.2820817698482 78
      vertex -79.51052677917481 76.2820817698482 0
    endloop
  endfacet
  facet normal -0.19509032201614018 0.980785280403228 0
    outer loop
      vertex -79.51052677917481 76.2820817698482 78
      vertex -79.02942858086554 76.377778151416 78
      vertex -79.02942858086554 76.377778151416 0
    endloop
  endfacet
  facet normal 0.9978589232386044 0.06540312923013057 0
    outer loop
      vertex -83.7179182301518 79.51052677917481 78
      vertex -83.7179182301518 79.51052677917481 0
      vertex -83.75 80 78
    endloop
  endfacet
  facet normal 0.980785280403228 0.19509032201614018 0
    outer loop
      vertex -83.622221848584 79.02942858086554 78
      vertex -83.622221848584 79.02942858086554 0
      vertex -83.7179182301518 79.51052677917481 78
    endloop
  endfacet
  facet normal 0.9978589232386044 -0.06540312923013057 0
    outer loop
      vertex -83.75 80 78
      vertex -83.75 80 0
      vertex -83.7179182301518 80.48947322082519 78
    endloop
  endfacet
  facet normal 0.980785280403228 -0.19509032201614018 0
    outer loop
      vertex -83.7179182301518 80.48947322082519 78
      vertex -83.7179182301518 80.48947322082519 0
      vertex -83.622221848584 80.97057141913446 78
    endloop
  endfacet
  facet normal 0.9469301294951089 -0.32143946530315237 0
    outer loop
      vertex -83.622221848584 80.97057141913446 78
      vertex -83.622221848584 80.97057141913446 0
      vertex -83.46454824691733 81.43506287136908 78
    endloop
  endfacet
  facet normal 0.8968727415326844 -0.44228869021900924 0
    outer loop
      vertex -83.46454824691733 81.43506287136908 78
      vertex -83.46454824691733 81.43506287136908 0
      vertex -83.24759526419165 81.875 78
    endloop
  endfacet
  facet normal 0.8314696123025384 -0.5555702330196126 0
    outer loop
      vertex -83.24759526419165 81.875 78
      vertex -83.24759526419165 81.875 0
      vertex -82.97507502609213 82.2828553587827 78
    endloop
  endfacet
  facet normal 0.7518398074789725 -0.6593458151000744 0
    outer loop
      vertex -82.97507502609213 82.2828553587827 78
      vertex -82.97507502609213 82.2828553587827 0
      vertex -82.65165042944955 82.65165042944955 78
    endloop
  endfacet
  facet normal 0.6593458151000744 -0.7518398074789725 0
    outer loop
      vertex -82.65165042944955 82.65165042944955 78
      vertex -82.65165042944955 82.65165042944955 0
      vertex -82.2828553587827 82.97507502609213 78
    endloop
  endfacet
  facet normal 0.5555702330196126 -0.8314696123025384 0
    outer loop
      vertex -82.2828553587827 82.97507502609213 78
      vertex -82.2828553587827 82.97507502609213 0
      vertex -81.875 83.24759526419165 78
    endloop
  endfacet
  facet normal 0.44228869021900924 -0.8968727415326844 0
    outer loop
      vertex -81.875 83.24759526419165 78
      vertex -81.875 83.24759526419165 0
      vertex -81.43506287136908 83.46454824691733 78
    endloop
  endfacet
  facet normal 0.32143946530315237 -0.9469301294951089 0
    outer loop
      vertex -81.43506287136908 83.46454824691733 78
      vertex -81.43506287136908 83.46454824691733 0
      vertex -80.97057141913446 83.622221848584 78
    endloop
  endfacet
  facet normal 0.19509032201614018 -0.980785280403228 0
    outer loop
      vertex -80.97057141913446 83.622221848584 78
      vertex -80.97057141913446 83.622221848584 0
      vertex -80.48947322082519 83.7179182301518 78
    endloop
  endfacet
  facet normal 0.06540312923013057 -0.9978589232386044 0
    outer loop
      vertex -80.48947322082519 83.7179182301518 78
      vertex -80.48947322082519 83.7179182301518 0
      vertex -80 83.75 78
    endloop
  endfacet
  facet normal -0.06540312923013057 -0.9978589232386044 0
    outer loop
      vertex -80 83.75 78
      vertex -80 83.75 0
      vertex -79.51052677917481 83.7179182301518 78
    endloop
  endfacet
  facet normal -0.32143946530315237 -0.9469301294951089 0
    outer loop
      vertex -79.02942858086554 83.622221848584 78
      vertex -79.02942858086554 83.622221848584 0
      vertex -78.56493712863092 83.46454824691733 78
    endloop
  endfacet
  facet normal -0.19509032201614018 -0.980785280403228 0
    outer loop
      vertex -79.51052677917481 83.7179182301518 78
      vertex -79.51052677917481 83.7179182301518 0
      vertex -79.02942858086554 83.622221848584 78
    endloop
  endfacet
  facet normal -0.32143946530315237 0.9469301294951089 0
    outer loop
      vertex -79.02942858086554 76.377778151416 78
      vertex -78.56493712863092 76.53545175308267 78
      vertex -78.56493712863092 76.53545175308267 0
    endloop
  endfacet
  facet normal -0.44228869021900924 0.8968727415326844 0
    outer loop
      vertex -78.56493712863092 76.53545175308267 78
      vertex -78.125 76.75240473580835 78
      vertex -78.125 76.75240473580835 0
    endloop
  endfacet
  facet normal -0.5555702330196126 0.8314696123025384 0
    outer loop
      vertex -78.125 76.75240473580835 78
      vertex -77.7171446412173 77.02492497390787 78
      vertex -77.7171446412173 77.02492497390787 0
    endloop
  endfacet
  facet normal -0.6593458151000744 0.7518398074789725 0
    outer loop
      vertex -77.7171446412173 77.02492497390787 78
      vertex -77.34834957055045 77.34834957055045 78
      vertex -77.34834957055045 77.34834957055045 0
    endloop
  endfacet
  facet normal -0.7518398074789725 0.6593458151000744 0
    outer loop
      vertex -77.34834957055045 77.34834957055045 78
      vertex -77.02492497390787 77.7171446412173 78
      vertex -77.02492497390787 77.7171446412173 0
    endloop
  endfacet
  facet normal -0.8314696123025384 0.5555702330196126 0
    outer loop
      vertex -77.02492497390787 77.7171446412173 78
      vertex -76.75240473580835 78.125 78
      vertex -76.75240473580835 78.125 0
    endloop
  endfacet
  facet normal -0.8968727415326844 0.44228869021900924 0
    outer loop
      vertex -76.75240473580835 78.125 78
      vertex -76.53545175308267 78.56493712863092 78
      vertex -76.53545175308267 78.56493712863092 0
    endloop
  endfacet
  facet normal -0.9469301294951089 0.32143946530315237 0
    outer loop
      vertex -76.53545175308267 78.56493712863092 78
      vertex -76.377778151416 79.02942858086554 78
      vertex -76.377778151416 79.02942858086554 0
    endloop
  endfacet
  facet normal -0.980785280403228 0.19509032201614018 0
    outer loop
      vertex -76.377778151416 79.02942858086554 78
      vertex -76.2820817698482 79.51052677917481 78
      vertex -76.2820817698482 79.51052677917481 0
    endloop
  endfacet
  facet normal -0.9978589232386044 0.06540312923013057 0
    outer loop
      vertex -76.2820817698482 79.51052677917481 78
      vertex -76.25 80 78
      vertex -76.25 80 0
    endloop
  endfacet
  facet normal -0.980785280403228 -0.19509032201614018 0
    outer loop
      vertex -76.2820817698482 80.48947322082519 78
      vertex -76.377778151416 80.97057141913446 78
      vertex -76.377778151416 80.97057141913446 0
    endloop
  endfacet
  facet normal -0.9978589232386044 -0.06540312923013057 0
    outer loop
      vertex -76.25 80 78
      vertex -76.2820817698482 80.48947322082519 78
      vertex -76.2820817698482 80.48947322082519 0
    endloop
  endfacet
  facet normal -0.9469301294951089 -0.32143946530315237 0
    outer loop
      vertex -76.377778151416 80.97057141913446 78
      vertex -76.53545175308267 81.43506287136908 78
      vertex -76.53545175308267 81.43506287136908 0
    endloop
  endfacet
  facet normal -0.6593458151000744 -0.7518398074789725 0
    outer loop
      vertex -77.7171446412173 82.97507502609213 78
      vertex -77.7171446412173 82.97507502609213 0
      vertex -77.34834957055045 82.65165042944955 78
    endloop
  endfacet
  facet normal -0.44228869021900924 -0.8968727415326844 0
    outer loop
      vertex -78.56493712863092 83.46454824691733 78
      vertex -78.56493712863092 83.46454824691733 0
      vertex -78.125 83.24759526419165 78
    endloop
  endfacet
  facet normal -0.5555702330196126 -0.8314696123025384 0
    outer loop
      vertex -78.125 83.24759526419165 78
      vertex -78.125 83.24759526419165 0
      vertex -77.7171446412173 82.97507502609213 78
    endloop
  endfacet
  facet normal -0.8968727415326844 -0.44228869021900924 0
    outer loop
      vertex -76.75240473580835 81.875 78
      vertex -76.75240473580835 81.875 0
      vertex -76.53545175308267 81.43506287136908 78
    endloop
  endfacet
  facet normal -0.8314696123025384 -0.5555702330196126 0
    outer loop
      vertex -77.02492497390787 82.2828553587827 78
      vertex -77.02492497390787 82.2828553587827 0
      vertex -76.75240473580835 81.875 78
    endloop
  endfacet
  facet normal -0.7518398074789725 -0.6593458151000744 0
    outer loop
      vertex -77.34834957055045 82.65165042944955 78
      vertex -77.34834957055045 82.65165042944955 0
      vertex -77.02492497390787 82.2828553587827 78
    endloop
  endfacet
  facet normal 0 0 -1
    outer loop
      vertex -81.875 76.75240473580835 78
      vertex -81.4970214963422 78.67375468351841 78
      vertex -81.43506287136908 76.53545175308267 78
    endloop
  endfacet
  facet normal 0 0 -1
    outer loop
      vertex -81.875 76.75240473580835 78
      vertex -81.77091205130642 79.07055365591246 78
      vertex -81.4970214963422 78.67375468351841 78
    endloop
  endfacet
  facet normal 0 0 -1
    outer loop
      vertex -81.875 76.75240473580835 78
      vertex -81.9418836348521 79.52136867142488 78
      vertex -81.77091205130642 79.07055365591246 78
    endloop
  endfacet
  facet normal 0 0 -1
    outer loop
      vertex -81.43506287136908 76.53545175308267 78
      vertex -80.70920977408507 78.12996751462917 78
      vertex -80.97057141913446 76.377778151416 78
    endloop
  endfacet
  facet normal 0 0 -1
    outer loop
      vertex -80.97057141913446 76.377778151416 78
      vertex -80.24107336051064 78.01458225180389 78
      vertex -80.48947322082519 76.2820817698482 78
    endloop
  endfacet
  facet normal 0 0 -1
    outer loop
      vertex -80.48947322082519 76.2820817698482 78
      vertex -80.24107336051064 78.01458225180389 78
      vertex -80 76.25 78
    endloop
  endfacet
  facet normal 0 0 -1
    outer loop
      vertex -81.43506287136908 76.53545175308267 78
      vertex -81.4970214963422 78.67375468351841 78
      vertex -81.1361294934623 78.35403226821269 78
    endloop
  endfacet
  facet normal 0 0 -1
    outer loop
      vertex -81.43506287136908 76.53545175308267 78
      vertex -81.1361294934623 78.35403226821269 78
      vertex -80.70920977408507 78.12996751462917 78
    endloop
  endfacet
  facet normal 0 0 -1
    outer loop
      vertex -80.97057141913446 76.377778151416 78
      vertex -80.70920977408507 78.12996751462917 78
      vertex -80.24107336051064 78.01458225180389 78
    endloop
  endfacet
  facet normal 0 0 -1
    outer loop
      vertex -80 76.25 78
      vertex -79.75892663948936 78.01458225180389 78
      vertex -79.51052677917481 76.2820817698482 78
    endloop
  endfacet
  facet normal 0 0 -1
    outer loop
      vertex -79.51052677917481 76.2820817698482 78
      vertex -79.29079022591493 78.12996751462917 78
      vertex -79.02942858086554 76.377778151416 78
    endloop
  endfacet
  facet normal 0 0 -1
    outer loop
      vertex -79.02942858086554 76.377778151416 78
      vertex -78.8638705065377 78.35403226821269 78
      vertex -78.56493712863092 76.53545175308267 78
    endloop
  endfacet
  facet normal 0 0 -1
    outer loop
      vertex -80 76.25 78
      vertex -80.24107336051064 78.01458225180389 78
      vertex -79.75892663948936 78.01458225180389 78
    endloop
  endfacet
  facet normal 0 0 -1
    outer loop
      vertex -79.51052677917481 76.2820817698482 78
      vertex -79.75892663948936 78.01458225180389 78
      vertex -79.29079022591493 78.12996751462917 78
    endloop
  endfacet
  facet normal 0 0 -1
    outer loop
      vertex -79.02942858086554 76.377778151416 78
      vertex -79.29079022591493 78.12996751462917 78
      vertex -78.8638705065377 78.35403226821269 78
    endloop
  endfacet
  facet normal 0 0 -1
    outer loop
      vertex -83.622221848584 79.02942858086554 78
      vertex -83.7179182301518 79.51052677917481 78
      vertex -83.7179182301518 80.48947322082519 78
    endloop
  endfacet
  facet normal 0 0 -1
    outer loop
      vertex -83.7179182301518 79.51052677917481 78
      vertex -83.75 80 78
      vertex -83.7179182301518 80.48947322082519 78
    endloop
  endfacet
  facet normal 0 0 -1
    outer loop
      vertex -83.24759526419165 78.125 78
      vertex -83.46454824691733 78.56493712863092 78
      vertex -83.46454824691733 81.43506287136908 78
    endloop
  endfacet
  facet normal 0 0 -1
    outer loop
      vertex -83.24759526419165 78.125 78
      vertex -83.24759526419165 81.875 78
      vertex -82.97507502609213 77.7171446412173 78
    endloop
  endfacet
  facet normal 0 0 -1
    outer loop
      vertex -83.46454824691733 78.56493712863092 78
      vertex -83.622221848584 79.02942858086554 78
      vertex -83.622221848584 80.97057141913446 78
    endloop
  endfacet
  facet normal 0 0 -1
    outer loop
      vertex -83.622221848584 79.02942858086554 78
      vertex -83.7179182301518 80.48947322082519 78
      vertex -83.622221848584 80.97057141913446 78
    endloop
  endfacet
  facet normal 0 0 -1
    outer loop
      vertex -83.46454824691733 78.56493712863092 78
      vertex -83.622221848584 80.97057141913446 78
      vertex -83.46454824691733 81.43506287136908 78
    endloop
  endfacet
  facet normal 0 0 -1
    outer loop
      vertex -83.24759526419165 78.125 78
      vertex -83.46454824691733 81.43506287136908 78
      vertex -83.24759526419165 81.875 78
    endloop
  endfacet
  facet normal 0 0 -1
    outer loop
      vertex -82.97507502609213 77.7171446412173 78
      vertex -83.24759526419165 81.875 78
      vertex -82.97507502609213 82.2828553587827 78
    endloop
  endfacet
  facet normal 0 0 -1
    outer loop
      vertex -82.97507502609213 77.7171446412173 78
      vertex -82.97507502609213 82.2828553587827 78
      vertex -82.65165042944955 77.34834957055045 78
    endloop
  endfacet
  facet normal 0 0 -1
    outer loop
      vertex -82.65165042944955 77.34834957055045 78
      vertex -82.65165042944955 82.65165042944955 78
      vertex -82.2828553587827 77.02492497390787 78
    endloop
  endfacet
  facet normal 0 0 -1
    outer loop
      vertex -82.2828553587827 77.02492497390787 78
      vertex -82.2828553587827 82.97507502609213 78
      vertex -81.875 76.75240473580835 78
    endloop
  endfacet
  facet normal 0 0 -1
    outer loop
      vertex -81.875 76.75240473580835 78
      vertex -82 80 78
      vertex -81.9418836348521 79.52136867142488 78
    endloop
  endfacet
  facet normal 0 0 -1
    outer loop
      vertex -81.875 76.75240473580835 78
      vertex -82.2828553587827 82.97507502609213 78
      vertex -82 80 78
    endloop
  endfacet
  facet normal 0 0 -1
    outer loop
      vertex -82.65165042944955 77.34834957055045 78
      vertex -82.97507502609213 82.2828553587827 78
      vertex -82.65165042944955 82.65165042944955 78
    endloop
  endfacet
  facet normal 0 0 -1
    outer loop
      vertex -82.2828553587827 77.02492497390787 78
      vertex -82.65165042944955 82.65165042944955 78
      vertex -82.2828553587827 82.97507502609213 78
    endloop
  endfacet
  facet normal 0 0 -1
    outer loop
      vertex -82 80 78
      vertex -82.2828553587827 82.97507502609213 78
      vertex -81.9418836348521 80.47863132857512 78
    endloop
  endfacet
  facet normal 0 0 -1
    outer loop
      vertex -81.9418836348521 80.47863132857512 78
      vertex -81.875 83.24759526419165 78
      vertex -81.77091205130642 80.92944634408754 78
    endloop
  endfacet
  facet normal 0 0 -1
    outer loop
      vertex -81.9418836348521 80.47863132857512 78
      vertex -82.2828553587827 82.97507502609213 78
      vertex -81.875 83.24759526419165 78
    endloop
  endfacet
  facet normal 0 0 -1
    outer loop
      vertex -81.77091205130642 80.92944634408754 78
      vertex -81.875 83.24759526419165 78
      vertex -81.4970214963422 81.32624531648159 78
    endloop
  endfacet
  facet normal 0 0 -1
    outer loop
      vertex -81.4970214963422 81.32624531648159 78
      vertex -81.875 83.24759526419165 78
      vertex -81.43506287136908 83.46454824691733 78
    endloop
  endfacet
  facet normal 0 0 -1
    outer loop
      vertex -81.4970214963422 81.32624531648159 78
      vertex -81.43506287136908 83.46454824691733 78
      vertex -81.1361294934623 81.64596773178731 78
    endloop
  endfacet
  facet normal 0 0 -1
    outer loop
      vertex -81.1361294934623 81.64596773178731 78
      vertex -80.97057141913446 83.622221848584 78
      vertex -80.70920977408507 81.87003248537083 78
    endloop
  endfacet
  facet normal 0 0 -1
    outer loop
      vertex -81.1361294934623 81.64596773178731 78
      vertex -81.43506287136908 83.46454824691733 78
      vertex -80.97057141913446 83.622221848584 78
    endloop
  endfacet
  facet normal 0 0 -1
    outer loop
      vertex -80.70920977408507 81.87003248537083 78
      vertex -80.48947322082519 83.7179182301518 78
      vertex -80.24107336051064 81.98541774819611 78
    endloop
  endfacet
  facet normal 0 0 -1
    outer loop
      vertex -80.70920977408507 81.87003248537083 78
      vertex -80.97057141913446 83.622221848584 78
      vertex -80.48947322082519 83.7179182301518 78
    endloop
  endfacet
  facet normal 0 0 -1
    outer loop
      vertex -80.24107336051064 81.98541774819611 78
      vertex -80.48947322082519 83.7179182301518 78
      vertex -80 83.75 78
    endloop
  endfacet
  facet normal 0 0 -1
    outer loop
      vertex -80.24107336051064 81.98541774819611 78
      vertex -80 83.75 78
      vertex -79.75892663948936 81.98541774819611 78
    endloop
  endfacet
  facet normal 0 0 -1
    outer loop
      vertex -79.75892663948936 81.98541774819611 78
      vertex -79.02942858086554 83.622221848584 78
      vertex -79.29079022591493 81.87003248537083 78
    endloop
  endfacet
  facet normal 0 0 -1
    outer loop
      vertex -79.29079022591493 81.87003248537083 78
      vertex -78.56493712863092 83.46454824691733 78
      vertex -78.8638705065377 81.64596773178731 78
    endloop
  endfacet
  facet normal 0 0 -1
    outer loop
      vertex -80 83.75 78
      vertex -79.51052677917481 83.7179182301518 78
      vertex -79.75892663948936 81.98541774819611 78
    endloop
  endfacet
  facet normal 0 0 -1
    outer loop
      vertex -79.75892663948936 81.98541774819611 78
      vertex -79.51052677917481 83.7179182301518 78
      vertex -79.02942858086554 83.622221848584 78
    endloop
  endfacet
  facet normal 0 0 -1
    outer loop
      vertex -79.29079022591493 81.87003248537083 78
      vertex -79.02942858086554 83.622221848584 78
      vertex -78.56493712863092 83.46454824691733 78
    endloop
  endfacet
  facet normal 0 0 -1
    outer loop
      vertex -78.56493712863092 76.53545175308267 78
      vertex -78.5029785036578 78.67375468351841 78
      vertex -78.125 76.75240473580835 78
    endloop
  endfacet
  facet normal 0 0 -1
    outer loop
      vertex -78.56493712863092 76.53545175308267 78
      vertex -78.8638705065377 78.35403226821269 78
      vertex -78.5029785036578 78.67375468351841 78
    endloop
  endfacet
  facet normal 0 0 -1
    outer loop
      vertex -78.125 76.75240473580835 78
      vertex -78.5029785036578 78.67375468351841 78
      vertex -78.22908794869358 79.07055365591246 78
    endloop
  endfacet
  facet normal 0 0 -1
    outer loop
      vertex -78.125 76.75240473580835 78
      vertex -78.22908794869358 79.07055365591246 78
      vertex -78.0581163651479 79.52136867142488 78
    endloop
  endfacet
  facet normal 0 0 -1
    outer loop
      vertex -78.125 76.75240473580835 78
      vertex -78.0581163651479 79.52136867142488 78
      vertex -77.7171446412173 77.02492497390787 78
    endloop
  endfacet
  facet normal 0 0 -1
    outer loop
      vertex -77.7171446412173 77.02492497390787 78
      vertex -78.0581163651479 79.52136867142488 78
      vertex -78 80 78
    endloop
  endfacet
  facet normal 0 0 -1
    outer loop
      vertex -77.7171446412173 77.02492497390787 78
      vertex -77.7171446412173 82.97507502609213 78
      vertex -77.34834957055045 77.34834957055045 78
    endloop
  endfacet
  facet normal 0 0 -1
    outer loop
      vertex -77.7171446412173 77.02492497390787 78
      vertex -78 80 78
      vertex -78.125 83.24759526419165 78
    endloop
  endfacet
  facet normal 0 0 -1
    outer loop
      vertex -78 80 78
      vertex -78.0581163651479 80.47863132857512 78
      vertex -78.125 83.24759526419165 78
    endloop
  endfacet
  facet normal 0 0 -1
    outer loop
      vertex -78.22908794869358 80.92944634408754 78
      vertex -78.125 83.24759526419165 78
      vertex -78.0581163651479 80.47863132857512 78
    endloop
  endfacet
  facet normal 0 0 -1
    outer loop
      vertex -77.7171446412173 77.02492497390787 78
      vertex -78.125 83.24759526419165 78
      vertex -77.7171446412173 82.97507502609213 78
    endloop
  endfacet
  facet normal 0 0 -1
    outer loop
      vertex -77.34834957055045 77.34834957055045 78
      vertex -77.7171446412173 82.97507502609213 78
      vertex -77.34834957055045 82.65165042944955 78
    endloop
  endfacet
  facet normal 0 0 -1
    outer loop
      vertex -77.34834957055045 77.34834957055045 78
      vertex -77.34834957055045 82.65165042944955 78
      vertex -77.02492497390787 77.7171446412173 78
    endloop
  endfacet
  facet normal 0 0 -1
    outer loop
      vertex -77.02492497390787 77.7171446412173 78
      vertex -77.02492497390787 82.2828553587827 78
      vertex -76.75240473580835 78.125 78
    endloop
  endfacet
  facet normal 0 0 -1
    outer loop
      vertex -76.75240473580835 78.125 78
      vertex -76.75240473580835 81.875 78
      vertex -76.53545175308267 78.56493712863092 78
    endloop
  endfacet
  facet normal 0 0 -1
    outer loop
      vertex -76.53545175308267 78.56493712863092 78
      vertex -76.53545175308267 81.43506287136908 78
      vertex -76.377778151416 79.02942858086554 78
    endloop
  endfacet
  facet normal 0 0 -1
    outer loop
      vertex -76.377778151416 79.02942858086554 78
      vertex -76.377778151416 80.97057141913446 78
      vertex -76.2820817698482 79.51052677917481 78
    endloop
  endfacet
  facet normal 0 0 -1
    outer loop
      vertex -76.2820817698482 79.51052677917481 78
      vertex -76.2820817698482 80.48947322082519 78
      vertex -76.25 80 78
    endloop
  endfacet
  facet normal 0 0 -1
    outer loop
      vertex -76.75240473580835 78.125 78
      vertex -77.02492497390787 82.2828553587827 78
      vertex -76.75240473580835 81.875 78
    endloop
  endfacet
  facet normal 0 0 -1
    outer loop
      vertex -77.02492497390787 77.7171446412173 78
      vertex -77.34834957055045 82.65165042944955 78
      vertex -77.02492497390787 82.2828553587827 78
    endloop
  endfacet
  facet normal 0 0 -1
    outer loop
      vertex -76.2820817698482 79.51052677917481 78
      vertex -76.377778151416 80.97057141913446 78
      vertex -76.2820817698482 80.48947322082519 78
    endloop
  endfacet
  facet normal 0 0 -1
    outer loop
      vertex -76.377778151416 79.02942858086554 78
      vertex -76.53545175308267 81.43506287136908 78
      vertex -76.377778151416 80.97057141913446 78
    endloop
  endfacet
  facet normal 0 0 -1
    outer loop
      vertex -76.53545175308267 78.56493712863092 78
      vertex -76.75240473580835 81.875 78
      vertex -76.53545175308267 81.43506287136908 78
    endloop
  endfacet
  facet normal 0 0 -1
    outer loop
      vertex -78.8638705065377 81.64596773178731 78
      vertex -78.56493712863092 83.46454824691733 78
      vertex -78.5029785036578 81.32624531648159 78
    endloop
  endfacet
  facet normal 0 0 -1
    outer loop
      vertex -78.22908794869358 80.92944634408754 78
      vertex -78.5029785036578 81.32624531648159 78
      vertex -78.125 83.24759526419165 78
    endloop
  endfacet
  facet normal 0 0 -1
    outer loop
      vertex -78.56493712863092 83.46454824691733 78
      vertex -78.125 83.24759526419165 78
      vertex -78.5029785036578 81.32624531648159 78
    endloop
  endfacet
  facet normal 0.6631226582407885 0.748510748171107 0
    outer loop
      vertex -81.1361294934623 78.35403226821269 78
      vertex -81.4970214963422 78.67375468351841 78
      vertex -81.4970214963422 78.67375468351841 82
    endloop
  endfacet
  facet normal 0.4647231720437743 0.8854560256532069 0
    outer loop
      vertex -81.1361294934623 78.35403226821269 78
      vertex -81.1361294934623 78.35403226821269 82
      vertex -80.70920977408507 78.12996751462917 78
    endloop
  endfacet
  facet normal 0.23931566428756954 0.9709418174260491 0
    outer loop
      vertex -80.70920977408507 78.12996751462917 78
      vertex -80.70920977408507 78.12996751462917 82
      vertex -80.24107336051064 78.01458225180389 78
    endloop
  endfacet
  facet normal 0 1 0
    outer loop
      vertex -80.24107336051064 78.01458225180389 78
      vertex -80.24107336051064 78.01458225180389 82
      vertex -79.75892663948936 78.01458225180389 78
    endloop
  endfacet
  facet normal -0.23931566428756954 0.9709418174260491 0
    outer loop
      vertex -79.75892663948936 78.01458225180389 78
      vertex -79.75892663948936 78.01458225180389 82
      vertex -79.29079022591493 78.12996751462917 78
    endloop
  endfacet
  facet normal -0.4647231720437743 0.8854560256532069 0
    outer loop
      vertex -79.29079022591493 78.12996751462917 78
      vertex -79.29079022591493 78.12996751462917 82
      vertex -78.8638705065377 78.35403226821269 78
    endloop
  endfacet
  facet normal 0.6631226582407885 0.748510748171107 0
    outer loop
      vertex -81.1361294934623 78.35403226821269 78
      vertex -81.4970214963422 78.67375468351841 82
      vertex -81.1361294934623 78.35403226821269 82
    endloop
  endfacet
  facet normal 0.4647231720437743 0.8854560256532069 0
    outer loop
      vertex -80.70920977408507 78.12996751462917 78
      vertex -81.1361294934623 78.35403226821269 82
      vertex -80.70920977408507 78.12996751462917 82
    endloop
  endfacet
  facet normal 0.23931566428756954 0.9709418174260491 0
    outer loop
      vertex -80.24107336051064 78.01458225180389 78
      vertex -80.70920977408507 78.12996751462917 82
      vertex -80.24107336051064 78.01458225180389 82
    endloop
  endfacet
  facet normal 0 1 0
    outer loop
      vertex -79.75892663948936 78.01458225180389 78
      vertex -80.24107336051064 78.01458225180389 82
      vertex -79.75892663948936 78.01458225180389 82
    endloop
  endfacet
  facet normal -0.23931566428756954 0.9709418174260491 0
    outer loop
      vertex -79.29079022591493 78.12996751462917 78
      vertex -79.75892663948936 78.01458225180389 82
      vertex -79.29079022591493 78.12996751462917 82
    endloop
  endfacet
  facet normal -0.4647231720437743 0.8854560256532069 0
    outer loop
      vertex -78.8638705065377 78.35403226821269 78
      vertex -79.29079022591493 78.12996751462917 82
      vertex -78.8638705065377 78.35403226821269 82
    endloop
  endfacet
  facet normal 0.8229838658936479 0.5680647467311681 0
    outer loop
      vertex -81.4970214963422 78.67375468351841 78
      vertex -81.77091205130642 79.07055365591246 78
      vertex -81.77091205130642 79.07055365591246 82
    endloop
  endfacet
  facet normal 0.9350162426854175 0.3546048870425284 0
    outer loop
      vertex -81.9418836348521 79.52136867142488 78
      vertex -81.9418836348521 79.52136867142488 82
      vertex -81.77091205130642 79.07055365591246 78
    endloop
  endfacet
  facet normal 0.9927088740980541 0.12053668025532221 0
    outer loop
      vertex -81.9418836348521 79.52136867142488 78
      vertex -82 80 78
      vertex -82 80 82
    endloop
  endfacet
  facet normal 0.9927088740980541 -0.12053668025532221 0
    outer loop
      vertex -82 80 78
      vertex -81.9418836348521 80.47863132857512 78
      vertex -81.9418836348521 80.47863132857512 82
    endloop
  endfacet
  facet normal 0.9350162426854175 -0.3546048870425284 0
    outer loop
      vertex -81.9418836348521 80.47863132857512 78
      vertex -81.77091205130642 80.92944634408754 78
      vertex -81.77091205130642 80.92944634408754 82
    endloop
  endfacet
  facet normal 0.8229838658936479 -0.5680647467311681 0
    outer loop
      vertex -81.77091205130642 80.92944634408754 78
      vertex -81.4970214963422 81.32624531648159 78
      vertex -81.4970214963422 81.32624531648159 82
    endloop
  endfacet
  facet normal 0.6631226582407885 -0.748510748171107 0
    outer loop
      vertex -81.4970214963422 81.32624531648159 78
      vertex -81.1361294934623 81.64596773178731 78
      vertex -81.1361294934623 81.64596773178731 82
    endloop
  endfacet
  facet normal 0.4647231720437743 -0.8854560256532069 0
    outer loop
      vertex -81.1361294934623 81.64596773178731 78
      vertex -80.70920977408507 81.87003248537083 78
      vertex -80.70920977408507 81.87003248537083 82
    endloop
  endfacet
  facet normal 0.23931566428756954 -0.9709418174260491 0
    outer loop
      vertex -80.70920977408507 81.87003248537083 78
      vertex -80.24107336051064 81.98541774819611 78
      vertex -80.24107336051064 81.98541774819611 82
    endloop
  endfacet
  facet normal 0 -1 0
    outer loop
      vertex -80.24107336051064 81.98541774819611 78
      vertex -79.75892663948936 81.98541774819611 78
      vertex -79.75892663948936 81.98541774819611 82
    endloop
  endfacet
  facet normal -0.23931566428756954 -0.9709418174260491 0
    outer loop
      vertex -79.75892663948936 81.98541774819611 78
      vertex -79.29079022591493 81.87003248537083 78
      vertex -79.29079022591493 81.87003248537083 82
    endloop
  endfacet
  facet normal -0.4647231720437743 -0.8854560256532069 0
    outer loop
      vertex -79.29079022591493 81.87003248537083 78
      vertex -78.8638705065377 81.64596773178731 78
      vertex -78.8638705065377 81.64596773178731 82
    endloop
  endfacet
  facet normal 0.8229838658936479 0.5680647467311681 0
    outer loop
      vertex -81.4970214963422 78.67375468351841 78
      vertex -81.77091205130642 79.07055365591246 82
      vertex -81.4970214963422 78.67375468351841 82
    endloop
  endfacet
  facet normal 0.9350162426854175 0.3546048870425284 0
    outer loop
      vertex -81.77091205130642 79.07055365591246 78
      vertex -81.9418836348521 79.52136867142488 82
      vertex -81.77091205130642 79.07055365591246 82
    endloop
  endfacet
  facet normal 0.9927088740980541 0.12053668025532221 0
    outer loop
      vertex -81.9418836348521 79.52136867142488 78
      vertex -82 80 82
      vertex -81.9418836348521 79.52136867142488 82
    endloop
  endfacet
  facet normal 0.9927088740980541 -0.12053668025532221 0
    outer loop
      vertex -82 80 78
      vertex -81.9418836348521 80.47863132857512 82
      vertex -82 80 82
    endloop
  endfacet
  facet normal 0.9350162426854175 -0.3546048870425284 0
    outer loop
      vertex -81.9418836348521 80.47863132857512 78
      vertex -81.77091205130642 80.92944634408754 82
      vertex -81.9418836348521 80.47863132857512 82
    endloop
  endfacet
  facet normal 0.8229838658936479 -0.5680647467311681 0
    outer loop
      vertex -81.77091205130642 80.92944634408754 78
      vertex -81.4970214963422 81.32624531648159 82
      vertex -81.77091205130642 80.92944634408754 82
    endloop
  endfacet
  facet normal 0.6631226582407885 -0.748510748171107 0
    outer loop
      vertex -81.4970214963422 81.32624531648159 78
      vertex -81.1361294934623 81.64596773178731 82
      vertex -81.4970214963422 81.32624531648159 82
    endloop
  endfacet
  facet normal 0.4647231720437743 -0.8854560256532069 0
    outer loop
      vertex -81.1361294934623 81.64596773178731 78
      vertex -80.70920977408507 81.87003248537083 82
      vertex -81.1361294934623 81.64596773178731 82
    endloop
  endfacet
  facet normal 0.23931566428756954 -0.9709418174260491 0
    outer loop
      vertex -80.70920977408507 81.87003248537083 78
      vertex -80.24107336051064 81.98541774819611 82
      vertex -80.70920977408507 81.87003248537083 82
    endloop
  endfacet
  facet normal 0 -1 0
    outer loop
      vertex -80.24107336051064 81.98541774819611 78
      vertex -79.75892663948936 81.98541774819611 82
      vertex -80.24107336051064 81.98541774819611 82
    endloop
  endfacet
  facet normal -0.23931566428756954 -0.9709418174260491 0
    outer loop
      vertex -79.75892663948936 81.98541774819611 78
      vertex -79.29079022591493 81.87003248537083 82
      vertex -79.75892663948936 81.98541774819611 82
    endloop
  endfacet
  facet normal -0.4647231720437743 -0.8854560256532069 0
    outer loop
      vertex -79.29079022591493 81.87003248537083 78
      vertex -78.8638705065377 81.64596773178731 82
      vertex -79.29079022591493 81.87003248537083 82
    endloop
  endfacet
  facet normal -0.6631226582407885 0.748510748171107 0
    outer loop
      vertex -78.8638705065377 78.35403226821269 78
      vertex -78.8638705065377 78.35403226821269 82
      vertex -78.5029785036578 78.67375468351841 78
    endloop
  endfacet
  facet normal -0.6631226582407885 0.748510748171107 0
    outer loop
      vertex -78.5029785036578 78.67375468351841 78
      vertex -78.8638705065377 78.35403226821269 82
      vertex -78.5029785036578 78.67375468351841 82
    endloop
  endfacet
  facet normal -0.8229838658936479 0.5680647467311681 0
    outer loop
      vertex -78.5029785036578 78.67375468351841 78
      vertex -78.5029785036578 78.67375468351841 82
      vertex -78.22908794869358 79.07055365591246 78
    endloop
  endfacet
  facet normal -0.9350162426854175 0.3546048870425284 0
    outer loop
      vertex -78.22908794869358 79.07055365591246 78
      vertex -78.22908794869358 79.07055365591246 82
      vertex -78.0581163651479 79.52136867142488 78
    endloop
  endfacet
  facet normal -0.9927088740980541 0.12053668025532221 0
    outer loop
      vertex -78.0581163651479 79.52136867142488 78
      vertex -78.0581163651479 79.52136867142488 82
      vertex -78 80 78
    endloop
  endfacet
  facet normal -0.9350162426854175 -0.3546048870425284 0
    outer loop
      vertex -78.22908794869358 80.92944634408754 78
      vertex -78.0581163651479 80.47863132857512 78
      vertex -78.0581163651479 80.47863132857512 82
    endloop
  endfacet
  facet normal -0.6631226582407885 -0.748510748171107 0
    outer loop
      vertex -78.8638705065377 81.64596773178731 78
      vertex -78.5029785036578 81.32624531648159 78
      vertex -78.5029785036578 81.32624531648159 82
    endloop
  endfacet
  facet normal -0.8229838658936479 -0.5680647467311681 0
    outer loop
      vertex -78.22908794869358 80.92944634408754 78
      vertex -78.22908794869358 80.92944634408754 82
      vertex -78.5029785036578 81.32624531648159 78
    endloop
  endfacet
  facet normal -0.9927088740980541 -0.12053668025532221 0
    outer loop
      vertex -78 80 78
      vertex -78 80 82
      vertex -78.0581163651479 80.47863132857512 78
    endloop
  endfacet
  facet normal -0.8229838658936479 0.5680647467311681 0
    outer loop
      vertex -78.22908794869358 79.07055365591246 78
      vertex -78.5029785036578 78.67375468351841 82
      vertex -78.22908794869358 79.07055365591246 82
    endloop
  endfacet
  facet normal -0.9350162426854175 0.3546048870425284 0
    outer loop
      vertex -78.0581163651479 79.52136867142488 78
      vertex -78.22908794869358 79.07055365591246 82
      vertex -78.0581163651479 79.52136867142488 82
    endloop
  endfacet
  facet normal -0.9927088740980541 0.12053668025532221 0
    outer loop
      vertex -78 80 78
      vertex -78.0581163651479 79.52136867142488 82
      vertex -78 80 82
    endloop
  endfacet
  facet normal -0.9350162426854175 -0.3546048870425284 0
    outer loop
      vertex -78.22908794869358 80.92944634408754 78
      vertex -78.0581163651479 80.47863132857512 82
      vertex -78.22908794869358 80.92944634408754 82
    endloop
  endfacet
  facet normal -0.8229838658936479 -0.5680647467311681 0
    outer loop
      vertex -78.5029785036578 81.32624531648159 78
      vertex -78.22908794869358 80.92944634408754 82
      vertex -78.5029785036578 81.32624531648159 82
    endloop
  endfacet
  facet normal -0.6631226582407885 -0.748510748171107 0
    outer loop
      vertex -78.8638705065377 81.64596773178731 78
      vertex -78.5029785036578 81.32624531648159 82
      vertex -78.8638705065377 81.64596773178731 82
    endloop
  endfacet
  facet normal -0.9927088740980541 -0.12053668025532221 0
    outer loop
      vertex -78.0581163651479 80.47863132857512 78
      vertex -78 80 82
      vertex -78.0581163651479 80.47863132857512 82
    endloop
  endfacet
  facet normal 0.8968727415326844 0.44228869021900924 0
    outer loop
      vertex -83.46454824691733 -81.43506287136908 78
      vertex -83.24759526419165 -81.875 0
      vertex -83.46454824691733 -81.43506287136908 0
    endloop
  endfacet
  facet normal 0.8314696123025384 0.5555702330196126 0
    outer loop
      vertex -83.24759526419165 -81.875 78
      vertex -82.97507502609213 -82.2828553587827 0
      vertex -83.24759526419165 -81.875 0
    endloop
  endfacet
  facet normal 0.5555702330196126 0.8314696123025384 0
    outer loop
      vertex -82.2828553587827 -82.97507502609213 78
      vertex -81.875 -83.24759526419165 0
      vertex -82.2828553587827 -82.97507502609213 0
    endloop
  endfacet
  facet normal 0.44228869021900924 0.8968727415326844 0
    outer loop
      vertex -81.875 -83.24759526419165 78
      vertex -81.43506287136908 -83.46454824691733 0
      vertex -81.875 -83.24759526419165 0
    endloop
  endfacet
  facet normal 0.7518398074789725 0.6593458151000744 0
    outer loop
      vertex -82.97507502609213 -82.2828553587827 78
      vertex -82.65165042944955 -82.65165042944955 0
      vertex -82.97507502609213 -82.2828553587827 0
    endloop
  endfacet
  facet normal 0.6593458151000744 0.7518398074789725 0
    outer loop
      vertex -82.65165042944955 -82.65165042944955 78
      vertex -82.2828553587827 -82.97507502609213 0
      vertex -82.65165042944955 -82.65165042944955 0
    endloop
  endfacet
  facet normal 0.980785280403228 0.19509032201614018 0
    outer loop
      vertex -83.7179182301518 -80.48947322082519 78
      vertex -83.622221848584 -80.97057141913446 0
      vertex -83.7179182301518 -80.48947322082519 0
    endloop
  endfacet
  facet normal 0.9978589232386044 0.06540312923013057 0
    outer loop
      vertex -83.75 -80 78
      vertex -83.7179182301518 -80.48947322082519 0
      vertex -83.75 -80 0
    endloop
  endfacet
  facet normal 0.9469301294951089 0.32143946530315237 0
    outer loop
      vertex -83.622221848584 -80.97057141913446 78
      vertex -83.46454824691733 -81.43506287136908 0
      vertex -83.622221848584 -80.97057141913446 0
    endloop
  endfacet
  facet normal 0.9978589232386044 -0.06540312923013057 0
    outer loop
      vertex -83.7179182301518 -79.51052677917481 78
      vertex -83.75 -80 0
      vertex -83.7179182301518 -79.51052677917481 0
    endloop
  endfacet
  facet normal 0.980785280403228 -0.19509032201614018 0
    outer loop
      vertex -83.622221848584 -79.02942858086554 78
      vertex -83.7179182301518 -79.51052677917481 0
      vertex -83.622221848584 -79.02942858086554 0
    endloop
  endfacet
  facet normal 0.32143946530315237 0.9469301294951089 0
    outer loop
      vertex -81.43506287136908 -83.46454824691733 78
      vertex -80.97057141913446 -83.622221848584 0
      vertex -81.43506287136908 -83.46454824691733 0
    endloop
  endfacet
  facet normal 0.06540312923013057 0.9978589232386044 0
    outer loop
      vertex -80.48947322082519 -83.7179182301518 78
      vertex -80 -83.75 0
      vertex -80.48947322082519 -83.7179182301518 0
    endloop
  endfacet
  facet normal 0.19509032201614018 0.980785280403228 0
    outer loop
      vertex -80.97057141913446 -83.622221848584 78
      vertex -80.48947322082519 -83.7179182301518 0
      vertex -80.97057141913446 -83.622221848584 0
    endloop
  endfacet
  facet normal -0.06540312923013057 0.9978589232386044 0
    outer loop
      vertex -80 -83.75 78
      vertex -79.51052677917481 -83.7179182301518 0
      vertex -80 -83.75 0
    endloop
  endfacet
  facet normal -0.19509032201614018 0.980785280403228 0
    outer loop
      vertex -79.51052677917481 -83.7179182301518 78
      vertex -79.02942858086554 -83.622221848584 0
      vertex -79.51052677917481 -83.7179182301518 0
    endloop
  endfacet
  facet normal -0.32143946530315237 0.9469301294951089 0
    outer loop
      vertex -79.02942858086554 -83.622221848584 78
      vertex -78.56493712863092 -83.46454824691733 0
      vertex -79.02942858086554 -83.622221848584 0
    endloop
  endfacet
  facet normal 0.9469301294951089 -0.32143946530315237 0
    outer loop
      vertex -83.46454824691733 -78.56493712863092 78
      vertex -83.622221848584 -79.02942858086554 0
      vertex -83.46454824691733 -78.56493712863092 0
    endloop
  endfacet
  facet normal 0.8968727415326844 -0.44228869021900924 0
    outer loop
      vertex -83.24759526419165 -78.125 78
      vertex -83.46454824691733 -78.56493712863092 0
      vertex -83.24759526419165 -78.125 0
    endloop
  endfacet
  facet normal 0.8314696123025384 -0.5555702330196126 0
    outer loop
      vertex -82.97507502609213 -77.7171446412173 78
      vertex -83.24759526419165 -78.125 0
      vertex -82.97507502609213 -77.7171446412173 0
    endloop
  endfacet
  facet normal 0.7518398074789725 -0.6593458151000744 0
    outer loop
      vertex -82.65165042944955 -77.34834957055045 78
      vertex -82.97507502609213 -77.7171446412173 0
      vertex -82.65165042944955 -77.34834957055045 0
    endloop
  endfacet
  facet normal 0.6593458151000744 -0.7518398074789725 0
    outer loop
      vertex -82.2828553587827 -77.02492497390787 78
      vertex -82.65165042944955 -77.34834957055045 0
      vertex -82.2828553587827 -77.02492497390787 0
    endloop
  endfacet
  facet normal 0.5555702330196126 -0.8314696123025384 0
    outer loop
      vertex -81.875 -76.75240473580835 78
      vertex -82.2828553587827 -77.02492497390787 0
      vertex -81.875 -76.75240473580835 0
    endloop
  endfacet
  facet normal 0.44228869021900924 -0.8968727415326844 0
    outer loop
      vertex -81.43506287136908 -76.53545175308267 78
      vertex -81.875 -76.75240473580835 0
      vertex -81.43506287136908 -76.53545175308267 0
    endloop
  endfacet
  facet normal 0.32143946530315237 -0.9469301294951089 0
    outer loop
      vertex -80.97057141913446 -76.377778151416 78
      vertex -81.43506287136908 -76.53545175308267 0
      vertex -80.97057141913446 -76.377778151416 0
    endloop
  endfacet
  facet normal 0.19509032201614018 -0.980785280403228 0
    outer loop
      vertex -80.48947322082519 -76.2820817698482 78
      vertex -80.97057141913446 -76.377778151416 0
      vertex -80.48947322082519 -76.2820817698482 0
    endloop
  endfacet
  facet normal 0.06540312923013057 -0.9978589232386044 0
    outer loop
      vertex -80 -76.25 78
      vertex -80.48947322082519 -76.2820817698482 0
      vertex -80 -76.25 0
    endloop
  endfacet
  facet normal -0.06540312923013057 -0.9978589232386044 0
    outer loop
      vertex -79.51052677917481 -76.2820817698482 78
      vertex -80 -76.25 0
      vertex -79.51052677917481 -76.2820817698482 0
    endloop
  endfacet
  facet normal -0.19509032201614018 -0.980785280403228 0
    outer loop
      vertex -79.02942858086554 -76.377778151416 78
      vertex -79.51052677917481 -76.2820817698482 0
      vertex -79.02942858086554 -76.377778151416 0
    endloop
  endfacet
  facet normal -0.44228869021900924 0.8968727415326844 0
    outer loop
      vertex -78.56493712863092 -83.46454824691733 78
      vertex -78.125 -83.24759526419165 0
      vertex -78.56493712863092 -83.46454824691733 0
    endloop
  endfacet
  facet normal -0.5555702330196126 0.8314696123025384 0
    outer loop
      vertex -78.125 -83.24759526419165 78
      vertex -77.7171446412173 -82.97507502609213 0
      vertex -78.125 -83.24759526419165 0
    endloop
  endfacet
  facet normal -0.6593458151000744 0.7518398074789725 0
    outer loop
      vertex -77.7171446412173 -82.97507502609213 78
      vertex -77.34834957055045 -82.65165042944955 0
      vertex -77.7171446412173 -82.97507502609213 0
    endloop
  endfacet
  facet normal -0.7518398074789725 0.6593458151000744 0
    outer loop
      vertex -77.34834957055045 -82.65165042944955 78
      vertex -77.02492497390787 -82.2828553587827 0
      vertex -77.34834957055045 -82.65165042944955 0
    endloop
  endfacet
  facet normal -0.8314696123025384 0.5555702330196126 0
    outer loop
      vertex -77.02492497390787 -82.2828553587827 78
      vertex -76.75240473580835 -81.875 0
      vertex -77.02492497390787 -82.2828553587827 0
    endloop
  endfacet
  facet normal -0.8968727415326844 0.44228869021900924 0
    outer loop
      vertex -76.75240473580835 -81.875 78
      vertex -76.53545175308267 -81.43506287136908 0
      vertex -76.75240473580835 -81.875 0
    endloop
  endfacet
  facet normal -0.9469301294951089 0.32143946530315237 0
    outer loop
      vertex -76.53545175308267 -81.43506287136908 78
      vertex -76.377778151416 -80.97057141913446 0
      vertex -76.53545175308267 -81.43506287136908 0
    endloop
  endfacet
  facet normal -0.980785280403228 0.19509032201614018 0
    outer loop
      vertex -76.377778151416 -80.97057141913446 78
      vertex -76.2820817698482 -80.48947322082519 0
      vertex -76.377778151416 -80.97057141913446 0
    endloop
  endfacet
  facet normal -0.9978589232386044 0.06540312923013057 0
    outer loop
      vertex -76.2820817698482 -80.48947322082519 78
      vertex -76.25 -80 0
      vertex -76.2820817698482 -80.48947322082519 0
    endloop
  endfacet
  facet normal -0.9978589232386044 -0.06540312923013057 0
    outer loop
      vertex -76.25 -80 78
      vertex -76.2820817698482 -79.51052677917481 0
      vertex -76.25 -80 0
    endloop
  endfacet
  facet normal -0.980785280403228 -0.19509032201614018 0
    outer loop
      vertex -76.2820817698482 -79.51052677917481 78
      vertex -76.377778151416 -79.02942858086554 0
      vertex -76.2820817698482 -79.51052677917481 0
    endloop
  endfacet
  facet normal -0.9469301294951089 -0.32143946530315237 0
    outer loop
      vertex -76.377778151416 -79.02942858086554 78
      vertex -76.53545175308267 -78.56493712863092 0
      vertex -76.377778151416 -79.02942858086554 0
    endloop
  endfacet
  facet normal -0.44228869021900924 -0.8968727415326844 0
    outer loop
      vertex -78.125 -76.75240473580835 78
      vertex -78.56493712863092 -76.53545175308267 0
      vertex -78.125 -76.75240473580835 0
    endloop
  endfacet
  facet normal -0.32143946530315237 -0.9469301294951089 0
    outer loop
      vertex -78.56493712863092 -76.53545175308267 78
      vertex -79.02942858086554 -76.377778151416 0
      vertex -78.56493712863092 -76.53545175308267 0
    endloop
  endfacet
  facet normal -0.5555702330196126 -0.8314696123025384 0
    outer loop
      vertex -77.7171446412173 -77.02492497390787 78
      vertex -78.125 -76.75240473580835 0
      vertex -77.7171446412173 -77.02492497390787 0
    endloop
  endfacet
  facet normal -0.6593458151000744 -0.7518398074789725 0
    outer loop
      vertex -77.34834957055045 -77.34834957055045 78
      vertex -77.7171446412173 -77.02492497390787 0
      vertex -77.34834957055045 -77.34834957055045 0
    endloop
  endfacet
  facet normal -0.7518398074789725 -0.6593458151000744 0
    outer loop
      vertex -77.02492497390787 -77.7171446412173 78
      vertex -77.34834957055045 -77.34834957055045 0
      vertex -77.02492497390787 -77.7171446412173 0
    endloop
  endfacet
  facet normal -0.8314696123025384 -0.5555702330196126 0
    outer loop
      vertex -76.75240473580835 -78.125 78
      vertex -77.02492497390787 -77.7171446412173 0
      vertex -76.75240473580835 -78.125 0
    endloop
  endfacet
  facet normal -0.8968727415326844 -0.44228869021900924 0
    outer loop
      vertex -76.53545175308267 -78.56493712863092 78
      vertex -76.75240473580835 -78.125 0
      vertex -76.53545175308267 -78.56493712863092 0
    endloop
  endfacet
  facet normal 0.8314696123025384 0.5555702330196126 0
    outer loop
      vertex -83.24759526419165 -81.875 78
      vertex -82.97507502609213 -82.2828553587827 78
      vertex -82.97507502609213 -82.2828553587827 0
    endloop
  endfacet
  facet normal 0.8968727415326844 0.44228869021900924 0
    outer loop
      vertex -83.24759526419165 -81.875 78
      vertex -83.24759526419165 -81.875 0
      vertex -83.46454824691733 -81.43506287136908 78
    endloop
  endfacet
  facet normal 0.5555702330196126 0.8314696123025384 0
    outer loop
      vertex -81.875 -83.24759526419165 78
      vertex -81.875 -83.24759526419165 0
      vertex -82.2828553587827 -82.97507502609213 78
    endloop
  endfacet
  facet normal 0.44228869021900924 0.8968727415326844 0
    outer loop
      vertex -81.875 -83.24759526419165 78
      vertex -81.43506287136908 -83.46454824691733 78
      vertex -81.43506287136908 -83.46454824691733 0
    endloop
  endfacet
  facet normal 0.7518398074789725 0.6593458151000744 0
    outer loop
      vertex -82.65165042944955 -82.65165042944955 78
      vertex -82.65165042944955 -82.65165042944955 0
      vertex -82.97507502609213 -82.2828553587827 78
    endloop
  endfacet
  facet normal 0.6593458151000744 0.7518398074789725 0
    outer loop
      vertex -82.65165042944955 -82.65165042944955 78
      vertex -82.2828553587827 -82.97507502609213 78
      vertex -82.2828553587827 -82.97507502609213 0
    endloop
  endfacet
  facet normal 0.9978589232386044 0.06540312923013057 0
    outer loop
      vertex -83.7179182301518 -80.48947322082519 78
      vertex -83.7179182301518 -80.48947322082519 0
      vertex -83.75 -80 78
    endloop
  endfacet
  facet normal 0.9469301294951089 0.32143946530315237 0
    outer loop
      vertex -83.46454824691733 -81.43506287136908 78
      vertex -83.46454824691733 -81.43506287136908 0
      vertex -83.622221848584 -80.97057141913446 78
    endloop
  endfacet
  facet normal 0.980785280403228 0.19509032201614018 0
    outer loop
      vertex -83.622221848584 -80.97057141913446 78
      vertex -83.622221848584 -80.97057141913446 0
      vertex -83.7179182301518 -80.48947322082519 78
    endloop
  endfacet
  facet normal 0.9978589232386044 -0.06540312923013057 0
    outer loop
      vertex -83.75 -80 78
      vertex -83.75 -80 0
      vertex -83.7179182301518 -79.51052677917481 78
    endloop
  endfacet
  facet normal 0.980785280403228 -0.19509032201614018 0
    outer loop
      vertex -83.7179182301518 -79.51052677917481 78
      vertex -83.7179182301518 -79.51052677917481 0
      vertex -83.622221848584 -79.02942858086554 78
    endloop
  endfacet
  facet normal 0.9469301294951089 -0.32143946530315237 0
    outer loop
      vertex -83.622221848584 -79.02942858086554 78
      vertex -83.622221848584 -79.02942858086554 0
      vertex -83.46454824691733 -78.56493712863092 78
    endloop
  endfacet
  facet normal 0.32143946530315237 0.9469301294951089 0
    outer loop
      vertex -81.43506287136908 -83.46454824691733 78
      vertex -80.97057141913446 -83.622221848584 78
      vertex -80.97057141913446 -83.622221848584 0
    endloop
  endfacet
  facet normal 0.19509032201614018 0.980785280403228 0
    outer loop
      vertex -80.97057141913446 -83.622221848584 78
      vertex -80.48947322082519 -83.7179182301518 78
      vertex -80.48947322082519 -83.7179182301518 0
    endloop
  endfacet
  facet normal 0.06540312923013057 0.9978589232386044 0
    outer loop
      vertex -80.48947322082519 -83.7179182301518 78
      vertex -80 -83.75 78
      vertex -80 -83.75 0
    endloop
  endfacet
  facet normal -0.06540312923013057 0.9978589232386044 0
    outer loop
      vertex -80 -83.75 78
      vertex -79.51052677917481 -83.7179182301518 78
      vertex -79.51052677917481 -83.7179182301518 0
    endloop
  endfacet
  facet normal -0.19509032201614018 0.980785280403228 0
    outer loop
      vertex -79.51052677917481 -83.7179182301518 78
      vertex -79.02942858086554 -83.622221848584 78
      vertex -79.02942858086554 -83.622221848584 0
    endloop
  endfacet
  facet normal 0.8968727415326844 -0.44228869021900924 0
    outer loop
      vertex -83.46454824691733 -78.56493712863092 78
      vertex -83.46454824691733 -78.56493712863092 0
      vertex -83.24759526419165 -78.125 78
    endloop
  endfacet
  facet normal 0.8314696123025384 -0.5555702330196126 0
    outer loop
      vertex -83.24759526419165 -78.125 78
      vertex -83.24759526419165 -78.125 0
      vertex -82.97507502609213 -77.7171446412173 78
    endloop
  endfacet
  facet normal 0.7518398074789725 -0.6593458151000744 0
    outer loop
      vertex -82.97507502609213 -77.7171446412173 78
      vertex -82.97507502609213 -77.7171446412173 0
      vertex -82.65165042944955 -77.34834957055045 78
    endloop
  endfacet
  facet normal 0.6593458151000744 -0.7518398074789725 0
    outer loop
      vertex -82.65165042944955 -77.34834957055045 78
      vertex -82.65165042944955 -77.34834957055045 0
      vertex -82.2828553587827 -77.02492497390787 78
    endloop
  endfacet
  facet normal 0.5555702330196126 -0.8314696123025384 0
    outer loop
      vertex -82.2828553587827 -77.02492497390787 78
      vertex -82.2828553587827 -77.02492497390787 0
      vertex -81.875 -76.75240473580835 78
    endloop
  endfacet
  facet normal 0.44228869021900924 -0.8968727415326844 0
    outer loop
      vertex -81.875 -76.75240473580835 78
      vertex -81.875 -76.75240473580835 0
      vertex -81.43506287136908 -76.53545175308267 78
    endloop
  endfacet
  facet normal 0.32143946530315237 -0.9469301294951089 0
    outer loop
      vertex -81.43506287136908 -76.53545175308267 78
      vertex -81.43506287136908 -76.53545175308267 0
      vertex -80.97057141913446 -76.377778151416 78
    endloop
  endfacet
  facet normal 0.19509032201614018 -0.980785280403228 0
    outer loop
      vertex -80.97057141913446 -76.377778151416 78
      vertex -80.97057141913446 -76.377778151416 0
      vertex -80.48947322082519 -76.2820817698482 78
    endloop
  endfacet
  facet normal 0.06540312923013057 -0.9978589232386044 0
    outer loop
      vertex -80.48947322082519 -76.2820817698482 78
      vertex -80.48947322082519 -76.2820817698482 0
      vertex -80 -76.25 78
    endloop
  endfacet
  facet normal -0.06540312923013057 -0.9978589232386044 0
    outer loop
      vertex -80 -76.25 78
      vertex -80 -76.25 0
      vertex -79.51052677917481 -76.2820817698482 78
    endloop
  endfacet
  facet normal -0.19509032201614018 -0.980785280403228 0
    outer loop
      vertex -79.51052677917481 -76.2820817698482 78
      vertex -79.51052677917481 -76.2820817698482 0
      vertex -79.02942858086554 -76.377778151416 78
    endloop
  endfacet
  facet normal -0.32143946530315237 -0.9469301294951089 0
    outer loop
      vertex -79.02942858086554 -76.377778151416 78
      vertex -79.02942858086554 -76.377778151416 0
      vertex -78.56493712863092 -76.53545175308267 78
    endloop
  endfacet
  facet normal -0.32143946530315237 0.9469301294951089 0
    outer loop
      vertex -79.02942858086554 -83.622221848584 78
      vertex -78.56493712863092 -83.46454824691733 78
      vertex -78.56493712863092 -83.46454824691733 0
    endloop
  endfacet
  facet normal -0.44228869021900924 0.8968727415326844 0
    outer loop
      vertex -78.56493712863092 -83.46454824691733 78
      vertex -78.125 -83.24759526419165 78
      vertex -78.125 -83.24759526419165 0
    endloop
  endfacet
  facet normal -0.5555702330196126 0.8314696123025384 0
    outer loop
      vertex -78.125 -83.24759526419165 78
      vertex -77.7171446412173 -82.97507502609213 78
      vertex -77.7171446412173 -82.97507502609213 0
    endloop
  endfacet
  facet normal -0.6593458151000744 0.7518398074789725 0
    outer loop
      vertex -77.7171446412173 -82.97507502609213 78
      vertex -77.34834957055045 -82.65165042944955 78
      vertex -77.34834957055045 -82.65165042944955 0
    endloop
  endfacet
  facet normal -0.7518398074789725 0.6593458151000744 0
    outer loop
      vertex -77.34834957055045 -82.65165042944955 78
      vertex -77.02492497390787 -82.2828553587827 78
      vertex -77.02492497390787 -82.2828553587827 0
    endloop
  endfacet
  facet normal -0.8314696123025384 0.5555702330196126 0
    outer loop
      vertex -77.02492497390787 -82.2828553587827 78
      vertex -76.75240473580835 -81.875 78
      vertex -76.75240473580835 -81.875 0
    endloop
  endfacet
  facet normal -0.8968727415326844 0.44228869021900924 0
    outer loop
      vertex -76.75240473580835 -81.875 78
      vertex -76.53545175308267 -81.43506287136908 78
      vertex -76.53545175308267 -81.43506287136908 0
    endloop
  endfacet
  facet normal -0.9469301294951089 0.32143946530315237 0
    outer loop
      vertex -76.53545175308267 -81.43506287136908 78
      vertex -76.377778151416 -80.97057141913446 78
      vertex -76.377778151416 -80.97057141913446 0
    endloop
  endfacet
  facet normal -0.980785280403228 0.19509032201614018 0
    outer loop
      vertex -76.377778151416 -80.97057141913446 78
      vertex -76.2820817698482 -80.48947322082519 78
      vertex -76.2820817698482 -80.48947322082519 0
    endloop
  endfacet
  facet normal -0.9978589232386044 0.06540312923013057 0
    outer loop
      vertex -76.2820817698482 -80.48947322082519 78
      vertex -76.25 -80 78
      vertex -76.25 -80 0
    endloop
  endfacet
  facet normal -0.9978589232386044 -0.06540312923013057 0
    outer loop
      vertex -76.25 -80 78
      vertex -76.2820817698482 -79.51052677917481 78
      vertex -76.2820817698482 -79.51052677917481 0
    endloop
  endfacet
  facet normal -0.980785280403228 -0.19509032201614018 0
    outer loop
      vertex -76.2820817698482 -79.51052677917481 78
      vertex -76.377778151416 -79.02942858086554 78
      vertex -76.377778151416 -79.02942858086554 0
    endloop
  endfacet
  facet normal -0.44228869021900924 -0.8968727415326844 0
    outer loop
      vertex -78.56493712863092 -76.53545175308267 78
      vertex -78.56493712863092 -76.53545175308267 0
      vertex -78.125 -76.75240473580835 78
    endloop
  endfacet
  facet normal -0.5555702330196126 -0.8314696123025384 0
    outer loop
      vertex -78.125 -76.75240473580835 78
      vertex -78.125 -76.75240473580835 0
      vertex -77.7171446412173 -77.02492497390787 78
    endloop
  endfacet
  facet normal -0.6593458151000744 -0.7518398074789725 0
    outer loop
      vertex -77.34834957055045 -77.34834957055045 78
      vertex -77.7171446412173 -77.02492497390787 78
      vertex -77.7171446412173 -77.02492497390787 0
    endloop
  endfacet
  facet normal -0.8968727415326844 -0.44228869021900924 0
    outer loop
      vertex -76.53545175308267 -78.56493712863092 78
      vertex -76.75240473580835 -78.125 78
      vertex -76.75240473580835 -78.125 0
    endloop
  endfacet
  facet normal -0.7518398074789725 -0.6593458151000744 0
    outer loop
      vertex -77.34834957055045 -77.34834957055045 78
      vertex -77.34834957055045 -77.34834957055045 0
      vertex -77.02492497390787 -77.7171446412173 78
    endloop
  endfacet
  facet normal -0.8314696123025384 -0.5555702330196126 0
    outer loop
      vertex -76.75240473580835 -78.125 78
      vertex -77.02492497390787 -77.7171446412173 78
      vertex -77.02492497390787 -77.7171446412173 0
    endloop
  endfacet
  facet normal -0.9469301294951089 -0.32143946530315237 0
    outer loop
      vertex -76.377778151416 -79.02942858086554 78
      vertex -76.53545175308267 -78.56493712863092 78
      vertex -76.53545175308267 -78.56493712863092 0
    endloop
  endfacet
  facet normal 0 0 -1
    outer loop
      vertex -81.875 -83.24759526419165 78
      vertex -81.4970214963422 -81.32624531648159 78
      vertex -81.43506287136908 -83.46454824691733 78
    endloop
  endfacet
  facet normal 0 0 -1
    outer loop
      vertex -81.875 -83.24759526419165 78
      vertex -81.77091205130642 -80.92944634408754 78
      vertex -81.4970214963422 -81.32624531648159 78
    endloop
  endfacet
  facet normal 0 0 -1
    outer loop
      vertex -83.622221848584 -80.97057141913446 78
      vertex -83.7179182301518 -80.48947322082519 78
      vertex -83.7179182301518 -79.51052677917481 78
    endloop
  endfacet
  facet normal 0 0 -1
    outer loop
      vertex -83.24759526419165 -81.875 78
      vertex -83.46454824691733 -81.43506287136908 78
      vertex -83.46454824691733 -78.56493712863092 78
    endloop
  endfacet
  facet normal 0 0 -1
    outer loop
      vertex -83.46454824691733 -81.43506287136908 78
      vertex -83.622221848584 -80.97057141913446 78
      vertex -83.622221848584 -79.02942858086554 78
    endloop
  endfacet
  facet normal 0 0 -1
    outer loop
      vertex -83.24759526419165 -81.875 78
      vertex -83.24759526419165 -78.125 78
      vertex -82.97507502609213 -82.2828553587827 78
    endloop
  endfacet
  facet normal 0 0 -1
    outer loop
      vertex -83.7179182301518 -80.48947322082519 78
      vertex -83.75 -80 78
      vertex -83.7179182301518 -79.51052677917481 78
    endloop
  endfacet
  facet normal 0 0 -1
    outer loop
      vertex -83.622221848584 -80.97057141913446 78
      vertex -83.7179182301518 -79.51052677917481 78
      vertex -83.622221848584 -79.02942858086554 78
    endloop
  endfacet
  facet normal 0 0 -1
    outer loop
      vertex -83.46454824691733 -81.43506287136908 78
      vertex -83.622221848584 -79.02942858086554 78
      vertex -83.46454824691733 -78.56493712863092 78
    endloop
  endfacet
  facet normal 0 0 -1
    outer loop
      vertex -83.24759526419165 -81.875 78
      vertex -83.46454824691733 -78.56493712863092 78
      vertex -83.24759526419165 -78.125 78
    endloop
  endfacet
  facet normal 0 0 -1
    outer loop
      vertex -82.97507502609213 -82.2828553587827 78
      vertex -83.24759526419165 -78.125 78
      vertex -82.97507502609213 -77.7171446412173 78
    endloop
  endfacet
  facet normal 0 0 -1
    outer loop
      vertex -82.65165042944955 -82.65165042944955 78
      vertex -82.97507502609213 -82.2828553587827 78
      vertex -82.97507502609213 -77.7171446412173 78
    endloop
  endfacet
  facet normal 0 0 -1
    outer loop
      vertex -82.65165042944955 -82.65165042944955 78
      vertex -82.65165042944955 -77.34834957055045 78
      vertex -82.2828553587827 -82.97507502609213 78
    endloop
  endfacet
  facet normal 0 0 -1
    outer loop
      vertex -81.875 -83.24759526419165 78
      vertex -82 -80 78
      vertex -81.9418836348521 -80.47863132857512 78
    endloop
  endfacet
  facet normal 0 0 -1
    outer loop
      vertex -81.875 -83.24759526419165 78
      vertex -82.2828553587827 -82.97507502609213 78
      vertex -82.2828553587827 -77.02492497390787 78
    endloop
  endfacet
  facet normal 0 0 -1
    outer loop
      vertex -81.875 -83.24759526419165 78
      vertex -81.9418836348521 -80.47863132857512 78
      vertex -81.77091205130642 -80.92944634408754 78
    endloop
  endfacet
  facet normal 0 0 -1
    outer loop
      vertex -82.65165042944955 -82.65165042944955 78
      vertex -82.97507502609213 -77.7171446412173 78
      vertex -82.65165042944955 -77.34834957055045 78
    endloop
  endfacet
  facet normal 0 0 -1
    outer loop
      vertex -82.2828553587827 -82.97507502609213 78
      vertex -82.65165042944955 -77.34834957055045 78
      vertex -82.2828553587827 -77.02492497390787 78
    endloop
  endfacet
  facet normal 0 0 -1
    outer loop
      vertex -81.875 -83.24759526419165 78
      vertex -82.2828553587827 -77.02492497390787 78
      vertex -82 -80 78
    endloop
  endfacet
  facet normal 0 0 -1
    outer loop
      vertex -82 -80 78
      vertex -82.2828553587827 -77.02492497390787 78
      vertex -81.9418836348521 -79.52136867142488 78
    endloop
  endfacet
  facet normal 0 0 -1
    outer loop
      vertex -81.43506287136908 -83.46454824691733 78
      vertex -80.70920977408507 -81.87003248537083 78
      vertex -80.97057141913446 -83.622221848584 78
    endloop
  endfacet
  facet normal 0 0 -1
    outer loop
      vertex -80.97057141913446 -83.622221848584 78
      vertex -80.24107336051064 -81.98541774819611 78
      vertex -80.48947322082519 -83.7179182301518 78
    endloop
  endfacet
  facet normal 0 0 -1
    outer loop
      vertex -80.48947322082519 -83.7179182301518 78
      vertex -80.24107336051064 -81.98541774819611 78
      vertex -80 -83.75 78
    endloop
  endfacet
  facet normal 0 0 -1
    outer loop
      vertex -81.43506287136908 -83.46454824691733 78
      vertex -81.1361294934623 -81.64596773178731 78
      vertex -80.70920977408507 -81.87003248537083 78
    endloop
  endfacet
  facet normal 0 0 -1
    outer loop
      vertex -81.43506287136908 -83.46454824691733 78
      vertex -81.4970214963422 -81.32624531648159 78
      vertex -81.1361294934623 -81.64596773178731 78
    endloop
  endfacet
  facet normal 0 0 -1
    outer loop
      vertex -80.97057141913446 -83.622221848584 78
      vertex -80.70920977408507 -81.87003248537083 78
      vertex -80.24107336051064 -81.98541774819611 78
    endloop
  endfacet
  facet normal 0 0 -1
    outer loop
      vertex -80 -83.75 78
      vertex -79.75892663948936 -81.98541774819611 78
      vertex -79.51052677917481 -83.7179182301518 78
    endloop
  endfacet
  facet normal 0 0 -1
    outer loop
      vertex -79.51052677917481 -83.7179182301518 78
      vertex -79.29079022591493 -81.87003248537083 78
      vertex -79.02942858086554 -83.622221848584 78
    endloop
  endfacet
  facet normal 0 0 -1
    outer loop
      vertex -80 -83.75 78
      vertex -80.24107336051064 -81.98541774819611 78
      vertex -79.75892663948936 -81.98541774819611 78
    endloop
  endfacet
  facet normal 0 0 -1
    outer loop
      vertex -79.51052677917481 -83.7179182301518 78
      vertex -79.75892663948936 -81.98541774819611 78
      vertex -79.29079022591493 -81.87003248537083 78
    endloop
  endfacet
  facet normal 0 0 -1
    outer loop
      vertex -79.02942858086554 -83.622221848584 78
      vertex -78.8638705065377 -81.64596773178731 78
      vertex -78.56493712863092 -83.46454824691733 78
    endloop
  endfacet
  facet normal 0 0 -1
    outer loop
      vertex -79.02942858086554 -83.622221848584 78
      vertex -79.29079022591493 -81.87003248537083 78
      vertex -78.8638705065377 -81.64596773178731 78
    endloop
  endfacet
  facet normal 0 0 -1
    outer loop
      vertex -81.9418836348521 -79.52136867142488 78
      vertex -81.875 -76.75240473580835 78
      vertex -81.77091205130642 -79.07055365591246 78
    endloop
  endfacet
  facet normal 0 0 -1
    outer loop
      vertex -81.77091205130642 -79.07055365591246 78
      vertex -81.875 -76.75240473580835 78
      vertex -81.4970214963422 -78.67375468351841 78
    endloop
  endfacet
  facet normal 0 0 -1
    outer loop
      vertex -81.9418836348521 -79.52136867142488 78
      vertex -82.2828553587827 -77.02492497390787 78
      vertex -81.875 -76.75240473580835 78
    endloop
  endfacet
  facet normal 0 0 -1
    outer loop
      vertex -81.4970214963422 -78.67375468351841 78
      vertex -81.875 -76.75240473580835 78
      vertex -81.43506287136908 -76.53545175308267 78
    endloop
  endfacet
  facet normal 0 0 -1
    outer loop
      vertex -81.4970214963422 -78.67375468351841 78
      vertex -81.43506287136908 -76.53545175308267 78
      vertex -81.1361294934623 -78.35403226821269 78
    endloop
  endfacet
  facet normal 0 0 -1
    outer loop
      vertex -81.1361294934623 -78.35403226821269 78
      vertex -80.97057141913446 -76.377778151416 78
      vertex -80.70920977408507 -78.12996751462917 78
    endloop
  endfacet
  facet normal 0 0 -1
    outer loop
      vertex -80.70920977408507 -78.12996751462917 78
      vertex -80.48947322082519 -76.2820817698482 78
      vertex -80.24107336051064 -78.01458225180389 78
    endloop
  endfacet
  facet normal 0 0 -1
    outer loop
      vertex -81.1361294934623 -78.35403226821269 78
      vertex -81.43506287136908 -76.53545175308267 78
      vertex -80.97057141913446 -76.377778151416 78
    endloop
  endfacet
  facet normal 0 0 -1
    outer loop
      vertex -80.70920977408507 -78.12996751462917 78
      vertex -80.97057141913446 -76.377778151416 78
      vertex -80.48947322082519 -76.2820817698482 78
    endloop
  endfacet
  facet normal 0 0 -1
    outer loop
      vertex -80.24107336051064 -78.01458225180389 78
      vertex -80.48947322082519 -76.2820817698482 78
      vertex -80 -76.25 78
    endloop
  endfacet
  facet normal 0 0 -1
    outer loop
      vertex -80.24107336051064 -78.01458225180389 78
      vertex -80 -76.25 78
      vertex -79.75892663948936 -78.01458225180389 78
    endloop
  endfacet
  facet normal 0 0 -1
    outer loop
      vertex -79.75892663948936 -78.01458225180389 78
      vertex -79.02942858086554 -76.377778151416 78
      vertex -79.29079022591493 -78.12996751462917 78
    endloop
  endfacet
  facet normal 0 0 -1
    outer loop
      vertex -79.29079022591493 -78.12996751462917 78
      vertex -78.56493712863092 -76.53545175308267 78
      vertex -78.8638705065377 -78.35403226821269 78
    endloop
  endfacet
  facet normal 0 0 -1
    outer loop
      vertex -80 -76.25 78
      vertex -79.51052677917481 -76.2820817698482 78
      vertex -79.75892663948936 -78.01458225180389 78
    endloop
  endfacet
  facet normal 0 0 -1
    outer loop
      vertex -79.75892663948936 -78.01458225180389 78
      vertex -79.51052677917481 -76.2820817698482 78
      vertex -79.02942858086554 -76.377778151416 78
    endloop
  endfacet
  facet normal 0 0 -1
    outer loop
      vertex -79.29079022591493 -78.12996751462917 78
      vertex -79.02942858086554 -76.377778151416 78
      vertex -78.56493712863092 -76.53545175308267 78
    endloop
  endfacet
  facet normal 0 0 -1
    outer loop
      vertex -78.56493712863092 -83.46454824691733 78
      vertex -78.5029785036578 -81.32624531648159 78
      vertex -78.125 -83.24759526419165 78
    endloop
  endfacet
  facet normal 0 0 -1
    outer loop
      vertex -78.56493712863092 -83.46454824691733 78
      vertex -78.8638705065377 -81.64596773178731 78
      vertex -78.5029785036578 -81.32624531648159 78
    endloop
  endfacet
  facet normal 0 0 -1
    outer loop
      vertex -78.125 -83.24759526419165 78
      vertex -78.5029785036578 -81.32624531648159 78
      vertex -78.22908794869358 -80.92944634408754 78
    endloop
  endfacet
  facet normal 0 0 -1
    outer loop
      vertex -78.125 -83.24759526419165 78
      vertex -78.0581163651479 -80.47863132857512 78
      vertex -77.7171446412173 -82.97507502609213 78
    endloop
  endfacet
  facet normal 0 0 -1
    outer loop
      vertex -78.125 -83.24759526419165 78
      vertex -78.22908794869358 -80.92944634408754 78
      vertex -78.0581163651479 -80.47863132857512 78
    endloop
  endfacet
  facet normal 0 0 -1
    outer loop
      vertex -77.7171446412173 -82.97507502609213 78
      vertex -78.0581163651479 -80.47863132857512 78
      vertex -78 -80 78
    endloop
  endfacet
  facet normal 0 0 -1
    outer loop
      vertex -77.7171446412173 -82.97507502609213 78
      vertex -77.7171446412173 -77.02492497390787 78
      vertex -77.34834957055045 -82.65165042944955 78
    endloop
  endfacet
  facet normal 0 0 -1
    outer loop
      vertex -78 -80 78
      vertex -78.0581163651479 -79.52136867142488 78
      vertex -78.125 -76.75240473580835 78
    endloop
  endfacet
  facet normal 0 0 -1
    outer loop
      vertex -77.7171446412173 -82.97507502609213 78
      vertex -78 -80 78
      vertex -78.125 -76.75240473580835 78
    endloop
  endfacet
  facet normal 0 0 -1
    outer loop
      vertex -77.7171446412173 -82.97507502609213 78
      vertex -78.125 -76.75240473580835 78
      vertex -77.7171446412173 -77.02492497390787 78
    endloop
  endfacet
  facet normal 0 0 -1
    outer loop
      vertex -77.34834957055045 -82.65165042944955 78
      vertex -77.7171446412173 -77.02492497390787 78
      vertex -77.34834957055045 -77.34834957055045 78
    endloop
  endfacet
  facet normal 0 0 -1
    outer loop
      vertex -77.34834957055045 -82.65165042944955 78
      vertex -77.34834957055045 -77.34834957055045 78
      vertex -77.02492497390787 -82.2828553587827 78
    endloop
  endfacet
  facet normal 0 0 -1
    outer loop
      vertex -77.02492497390787 -82.2828553587827 78
      vertex -77.02492497390787 -77.7171446412173 78
      vertex -76.75240473580835 -81.875 78
    endloop
  endfacet
  facet normal 0 0 -1
    outer loop
      vertex -76.75240473580835 -81.875 78
      vertex -76.75240473580835 -78.125 78
      vertex -76.53545175308267 -81.43506287136908 78
    endloop
  endfacet
  facet normal 0 0 -1
    outer loop
      vertex -76.53545175308267 -81.43506287136908 78
      vertex -76.53545175308267 -78.56493712863092 78
      vertex -76.377778151416 -80.97057141913446 78
    endloop
  endfacet
  facet normal 0 0 -1
    outer loop
      vertex -76.377778151416 -80.97057141913446 78
      vertex -76.377778151416 -79.02942858086554 78
      vertex -76.2820817698482 -80.48947322082519 78
    endloop
  endfacet
  facet normal 0 0 -1
    outer loop
      vertex -77.02492497390787 -82.2828553587827 78
      vertex -77.34834957055045 -77.34834957055045 78
      vertex -77.02492497390787 -77.7171446412173 78
    endloop
  endfacet
  facet normal 0 0 -1
    outer loop
      vertex -76.75240473580835 -81.875 78
      vertex -77.02492497390787 -77.7171446412173 78
      vertex -76.75240473580835 -78.125 78
    endloop
  endfacet
  facet normal 0 0 -1
    outer loop
      vertex -76.2820817698482 -80.48947322082519 78
      vertex -76.377778151416 -79.02942858086554 78
      vertex -76.2820817698482 -79.51052677917481 78
    endloop
  endfacet
  facet normal 0 0 -1
    outer loop
      vertex -76.377778151416 -80.97057141913446 78
      vertex -76.53545175308267 -78.56493712863092 78
      vertex -76.377778151416 -79.02942858086554 78
    endloop
  endfacet
  facet normal 0 0 -1
    outer loop
      vertex -76.2820817698482 -80.48947322082519 78
      vertex -76.2820817698482 -79.51052677917481 78
      vertex -76.25 -80 78
    endloop
  endfacet
  facet normal 0 0 -1
    outer loop
      vertex -76.53545175308267 -81.43506287136908 78
      vertex -76.75240473580835 -78.125 78
      vertex -76.53545175308267 -78.56493712863092 78
    endloop
  endfacet
  facet normal 0 0 -1
    outer loop
      vertex -78.0581163651479 -79.52136867142488 78
      vertex -78.22908794869358 -79.07055365591246 78
      vertex -78.125 -76.75240473580835 78
    endloop
  endfacet
  facet normal 0 0 -1
    outer loop
      vertex -78.22908794869358 -79.07055365591246 78
      vertex -78.5029785036578 -78.67375468351841 78
      vertex -78.125 -76.75240473580835 78
    endloop
  endfacet
  facet normal 0 0 -1
    outer loop
      vertex -78.8638705065377 -78.35403226821269 78
      vertex -78.56493712863092 -76.53545175308267 78
      vertex -78.5029785036578 -78.67375468351841 78
    endloop
  endfacet
  facet normal 0 0 -1
    outer loop
      vertex -78.56493712863092 -76.53545175308267 78
      vertex -78.125 -76.75240473580835 78
      vertex -78.5029785036578 -78.67375468351841 78
    endloop
  endfacet
  facet normal 0.8229838658936479 0.5680647467311681 0
    outer loop
      vertex -81.4970214963422 -81.32624531648159 78
      vertex -81.77091205130642 -80.92944634408754 78
      vertex -81.77091205130642 -80.92944634408754 82
    endloop
  endfacet
  facet normal 0.9927088740980541 0.12053668025532221 0
    outer loop
      vertex -81.9418836348521 -80.47863132857512 78
      vertex -82 -80 78
      vertex -82 -80 82
    endloop
  endfacet
  facet normal 0.9350162426854175 0.3546048870425284 0
    outer loop
      vertex -81.9418836348521 -80.47863132857512 78
      vertex -81.9418836348521 -80.47863132857512 82
      vertex -81.77091205130642 -80.92944634408754 78
    endloop
  endfacet
  facet normal 0.9927088740980541 -0.12053668025532221 0
    outer loop
      vertex -82 -80 78
      vertex -81.9418836348521 -79.52136867142488 78
      vertex -81.9418836348521 -79.52136867142488 82
    endloop
  endfacet
  facet normal 0.9350162426854175 -0.3546048870425284 0
    outer loop
      vertex -81.9418836348521 -79.52136867142488 78
      vertex -81.77091205130642 -79.07055365591246 78
      vertex -81.77091205130642 -79.07055365591246 82
    endloop
  endfacet
  facet normal 0.8229838658936479 -0.5680647467311681 0
    outer loop
      vertex -81.77091205130642 -79.07055365591246 78
      vertex -81.4970214963422 -78.67375468351841 78
      vertex -81.4970214963422 -78.67375468351841 82
    endloop
  endfacet
  facet normal 0.4647231720437743 0.8854560256532069 0
    outer loop
      vertex -81.1361294934623 -81.64596773178731 78
      vertex -81.1361294934623 -81.64596773178731 82
      vertex -80.70920977408507 -81.87003248537083 78
    endloop
  endfacet
  facet normal 0.23931566428756954 0.9709418174260491 0
    outer loop
      vertex -80.70920977408507 -81.87003248537083 78
      vertex -80.70920977408507 -81.87003248537083 82
      vertex -80.24107336051064 -81.98541774819611 78
    endloop
  endfacet
  facet normal 0 1 0
    outer loop
      vertex -80.24107336051064 -81.98541774819611 78
      vertex -80.24107336051064 -81.98541774819611 82
      vertex -79.75892663948936 -81.98541774819611 78
    endloop
  endfacet
  facet normal -0.23931566428756954 0.9709418174260491 0
    outer loop
      vertex -79.75892663948936 -81.98541774819611 78
      vertex -79.75892663948936 -81.98541774819611 82
      vertex -79.29079022591493 -81.87003248537083 78
    endloop
  endfacet
  facet normal -0.4647231720437743 0.8854560256532069 0
    outer loop
      vertex -79.29079022591493 -81.87003248537083 78
      vertex -79.29079022591493 -81.87003248537083 82
      vertex -78.8638705065377 -81.64596773178731 78
    endloop
  endfacet
  facet normal 0.6631226582407885 0.748510748171107 0
    outer loop
      vertex -81.4970214963422 -81.32624531648159 78
      vertex -81.4970214963422 -81.32624531648159 82
      vertex -81.1361294934623 -81.64596773178731 78
    endloop
  endfacet
  facet normal 0.8229838658936479 0.5680647467311681 0
    outer loop
      vertex -81.4970214963422 -81.32624531648159 78
      vertex -81.77091205130642 -80.92944634408754 82
      vertex -81.4970214963422 -81.32624531648159 82
    endloop
  endfacet
  facet normal 0.9927088740980541 0.12053668025532221 0
    outer loop
      vertex -81.9418836348521 -80.47863132857512 78
      vertex -82 -80 82
      vertex -81.9418836348521 -80.47863132857512 82
    endloop
  endfacet
  facet normal 0.9350162426854175 0.3546048870425284 0
    outer loop
      vertex -81.77091205130642 -80.92944634408754 78
      vertex -81.9418836348521 -80.47863132857512 82
      vertex -81.77091205130642 -80.92944634408754 82
    endloop
  endfacet
  facet normal 0.9927088740980541 -0.12053668025532221 0
    outer loop
      vertex -82 -80 78
      vertex -81.9418836348521 -79.52136867142488 82
      vertex -82 -80 82
    endloop
  endfacet
  facet normal 0.9350162426854175 -0.3546048870425284 0
    outer loop
      vertex -81.9418836348521 -79.52136867142488 78
      vertex -81.77091205130642 -79.07055365591246 82
      vertex -81.9418836348521 -79.52136867142488 82
    endloop
  endfacet
  facet normal 0.8229838658936479 -0.5680647467311681 0
    outer loop
      vertex -81.77091205130642 -79.07055365591246 78
      vertex -81.4970214963422 -78.67375468351841 82
      vertex -81.77091205130642 -79.07055365591246 82
    endloop
  endfacet
  facet normal 0.4647231720437743 0.8854560256532069 0
    outer loop
      vertex -80.70920977408507 -81.87003248537083 78
      vertex -81.1361294934623 -81.64596773178731 82
      vertex -80.70920977408507 -81.87003248537083 82
    endloop
  endfacet
  facet normal 0.23931566428756954 0.9709418174260491 0
    outer loop
      vertex -80.24107336051064 -81.98541774819611 78
      vertex -80.70920977408507 -81.87003248537083 82
      vertex -80.24107336051064 -81.98541774819611 82
    endloop
  endfacet
  facet normal 0 1 0
    outer loop
      vertex -79.75892663948936 -81.98541774819611 78
      vertex -80.24107336051064 -81.98541774819611 82
      vertex -79.75892663948936 -81.98541774819611 82
    endloop
  endfacet
  facet normal -0.23931566428756954 0.9709418174260491 0
    outer loop
      vertex -79.29079022591493 -81.87003248537083 78
      vertex -79.75892663948936 -81.98541774819611 82
      vertex -79.29079022591493 -81.87003248537083 82
    endloop
  endfacet
  facet normal -0.4647231720437743 0.8854560256532069 0
    outer loop
      vertex -78.8638705065377 -81.64596773178731 78
      vertex -79.29079022591493 -81.87003248537083 82
      vertex -78.8638705065377 -81.64596773178731 82
    endloop
  endfacet
  facet normal 0.6631226582407885 0.748510748171107 0
    outer loop
      vertex -81.1361294934623 -81.64596773178731 78
      vertex -81.4970214963422 -81.32624531648159 82
      vertex -81.1361294934623 -81.64596773178731 82
    endloop
  endfacet
  facet normal 0.6631226582407885 -0.748510748171107 0
    outer loop
      vertex -81.4970214963422 -78.67375468351841 78
      vertex -81.1361294934623 -78.35403226821269 78
      vertex -81.1361294934623 -78.35403226821269 82
    endloop
  endfacet
  facet normal 0.4647231720437743 -0.8854560256532069 0
    outer loop
      vertex -81.1361294934623 -78.35403226821269 78
      vertex -80.70920977408507 -78.12996751462917 78
      vertex -80.70920977408507 -78.12996751462917 82
    endloop
  endfacet
  facet normal 0.23931566428756954 -0.9709418174260491 0
    outer loop
      vertex -80.70920977408507 -78.12996751462917 78
      vertex -80.24107336051064 -78.01458225180389 78
      vertex -80.24107336051064 -78.01458225180389 82
    endloop
  endfacet
  facet normal 0 -1 0
    outer loop
      vertex -80.24107336051064 -78.01458225180389 78
      vertex -79.75892663948936 -78.01458225180389 78
      vertex -79.75892663948936 -78.01458225180389 82
    endloop
  endfacet
  facet normal -0.23931566428756954 -0.9709418174260491 0
    outer loop
      vertex -79.75892663948936 -78.01458225180389 78
      vertex -79.29079022591493 -78.12996751462917 78
      vertex -79.29079022591493 -78.12996751462917 82
    endloop
  endfacet
  facet normal -0.4647231720437743 -0.8854560256532069 0
    outer loop
      vertex -79.29079022591493 -78.12996751462917 78
      vertex -78.8638705065377 -78.35403226821269 78
      vertex -78.8638705065377 -78.35403226821269 82
    endloop
  endfacet
  facet normal 0.6631226582407885 -0.748510748171107 0
    outer loop
      vertex -81.4970214963422 -78.67375468351841 78
      vertex -81.1361294934623 -78.35403226821269 82
      vertex -81.4970214963422 -78.67375468351841 82
    endloop
  endfacet
  facet normal 0.4647231720437743 -0.8854560256532069 0
    outer loop
      vertex -81.1361294934623 -78.35403226821269 78
      vertex -80.70920977408507 -78.12996751462917 82
      vertex -81.1361294934623 -78.35403226821269 82
    endloop
  endfacet
  facet normal 0.23931566428756954 -0.9709418174260491 0
    outer loop
      vertex -80.70920977408507 -78.12996751462917 78
      vertex -80.24107336051064 -78.01458225180389 82
      vertex -80.70920977408507 -78.12996751462917 82
    endloop
  endfacet
  facet normal -0.23931566428756954 -0.9709418174260491 0
    outer loop
      vertex -79.75892663948936 -78.01458225180389 78
      vertex -79.29079022591493 -78.12996751462917 82
      vertex -79.75892663948936 -78.01458225180389 82
    endloop
  endfacet
  facet normal 0 -1 0
    outer loop
      vertex -80.24107336051064 -78.01458225180389 78
      vertex -79.75892663948936 -78.01458225180389 82
      vertex -80.24107336051064 -78.01458225180389 82
    endloop
  endfacet
  facet normal -0.4647231720437743 -0.8854560256532069 0
    outer loop
      vertex -79.29079022591493 -78.12996751462917 78
      vertex -78.8638705065377 -78.35403226821269 82
      vertex -79.29079022591493 -78.12996751462917 82
    endloop
  endfacet
  facet normal -0.6631226582407885 0.748510748171107 0
    outer loop
      vertex -78.8638705065377 -81.64596773178731 78
      vertex -78.8638705065377 -81.64596773178731 82
      vertex -78.5029785036578 -81.32624531648159 78
    endloop
  endfacet
  facet normal -0.8229838658936479 0.5680647467311681 0
    outer loop
      vertex -78.5029785036578 -81.32624531648159 78
      vertex -78.5029785036578 -81.32624531648159 82
      vertex -78.22908794869358 -80.92944634408754 78
    endloop
  endfacet
  facet normal -0.9350162426854175 0.3546048870425284 0
    outer loop
      vertex -78.22908794869358 -80.92944634408754 78
      vertex -78.22908794869358 -80.92944634408754 82
      vertex -78.0581163651479 -80.47863132857512 78
    endloop
  endfacet
  facet normal -0.9927088740980541 0.12053668025532221 0
    outer loop
      vertex -78.0581163651479 -80.47863132857512 78
      vertex -78.0581163651479 -80.47863132857512 82
      vertex -78 -80 78
    endloop
  endfacet
  facet normal -0.9350162426854175 -0.3546048870425284 0
    outer loop
      vertex -78.0581163651479 -79.52136867142488 78
      vertex -78.0581163651479 -79.52136867142488 82
      vertex -78.22908794869358 -79.07055365591246 78
    endloop
  endfacet
  facet normal -0.8229838658936479 -0.5680647467311681 0
    outer loop
      vertex -78.22908794869358 -79.07055365591246 78
      vertex -78.22908794869358 -79.07055365591246 82
      vertex -78.5029785036578 -78.67375468351841 78
    endloop
  endfacet
  facet normal -0.9927088740980541 -0.12053668025532221 0
    outer loop
      vertex -78 -80 78
      vertex -78 -80 82
      vertex -78.0581163651479 -79.52136867142488 78
    endloop
  endfacet
  facet normal -0.6631226582407885 0.748510748171107 0
    outer loop
      vertex -78.5029785036578 -81.32624531648159 78
      vertex -78.8638705065377 -81.64596773178731 82
      vertex -78.5029785036578 -81.32624531648159 82
    endloop
  endfacet
  facet normal -0.8229838658936479 0.5680647467311681 0
    outer loop
      vertex -78.22908794869358 -80.92944634408754 78
      vertex -78.5029785036578 -81.32624531648159 82
      vertex -78.22908794869358 -80.92944634408754 82
    endloop
  endfacet
  facet normal -0.9350162426854175 0.3546048870425284 0
    outer loop
      vertex -78.0581163651479 -80.47863132857512 78
      vertex -78.22908794869358 -80.92944634408754 82
      vertex -78.0581163651479 -80.47863132857512 82
    endloop
  endfacet
  facet normal -0.9927088740980541 0.12053668025532221 0
    outer loop
      vertex -78 -80 78
      vertex -78.0581163651479 -80.47863132857512 82
      vertex -78 -80 82
    endloop
  endfacet
  facet normal -0.8229838658936479 -0.5680647467311681 0
    outer loop
      vertex -78.5029785036578 -78.67375468351841 78
      vertex -78.22908794869358 -79.07055365591246 82
      vertex -78.5029785036578 -78.67375468351841 82
    endloop
  endfacet
  facet normal -0.9350162426854175 -0.3546048870425284 0
    outer loop
      vertex -78.22908794869358 -79.07055365591246 78
      vertex -78.0581163651479 -79.52136867142488 82
      vertex -78.22908794869358 -79.07055365591246 82
    endloop
  endfacet
  facet normal -0.9927088740980541 -0.12053668025532221 0
    outer loop
      vertex -78.0581163651479 -79.52136867142488 78
      vertex -78 -80 82
      vertex -78.0581163651479 -79.52136867142488 82
    endloop
  endfacet
  facet normal -0.6631226582407885 -0.748510748171107 0
    outer loop
      vertex -78.8638705065377 -78.35403226821269 78
      vertex -78.5029785036578 -78.67375468351841 78
      vertex -78.5029785036578 -78.67375468351841 82
    endloop
  endfacet
  facet normal -0.6631226582407885 -0.748510748171107 0
    outer loop
      vertex -78.8638705065377 -78.35403226821269 78
      vertex -78.5029785036578 -78.67375468351841 82
      vertex -78.8638705065377 -78.35403226821269 82
    endloop
  endfacet
endsolid OpenSCAD_Model
