solid OpenSCAD_Model
  facet normal 0 1 0
    outer loop
      vertex -90 79.99499999999999 0
      vertex -89.99688871182816 79.99499999999999 10
      vertex -89.99688871182816 79.99499999999999 0
    endloop
  endfacet
  facet normal -1 0 0
    outer loop
      vertex -79.99499999999999 90 0
      vertex -79.99499999999999 89.99987530778472 0
      vertex -79.99499999999999 90 10
    endloop
  endfacet
  facet normal 0 1 0
    outer loop
      vertex -90 79.99499999999999 0
      vertex -90 79.99499999999999 10
      vertex -89.99688871182816 79.99499999999999 10
    endloop
  endfacet
  facet normal -1 0 0
    outer loop
      vertex -79.99499999999999 89.99987530778472 0
      vertex -79.99499999999999 89.99987530778472 10
      vertex -79.99499999999999 90 10
    endloop
  endfacet
  facet normal 0 -1 0
    outer loop
      vertex -90 -79.99499999999999 0
      vertex -89.99987530778472 -79.99499999999999 0
      vertex -90 -79.99499999999999 10
    endloop
  endfacet
  facet normal -1 0 0
    outer loop
      vertex -79.99499999999999 -90 0
      vertex -79.99499999999999 -89.99688871182816 10
      vertex -79.99499999999999 -89.99688871182816 0
    endloop
  endfacet
  facet normal 0 -1 0
    outer loop
      vertex -89.99987530778472 -79.99499999999999 0
      vertex -89.99987530778472 -79.99499999999999 10
      vertex -90 -79.99499999999999 10
    endloop
  endfacet
  facet normal -1 0 0
    outer loop
      vertex -79.99499999999999 -90 0
      vertex -79.99499999999999 -90 10
      vertex -79.99499999999999 -89.99688871182816 10
    endloop
  endfacet
  facet normal 1 0 0
    outer loop
      vertex 79.99499999999999 -90 0
      vertex 79.99499999999999 -89.99987530778472 0
      vertex 79.99499999999999 -90 10
    endloop
  endfacet
  facet normal 0 -1 0
    outer loop
      vertex 90 -79.99499999999999 0
      vertex 89.99688871182816 -79.99499999999999 10
      vertex 89.99688871182816 -79.99499999999999 0
    endloop
  endfacet
  facet normal 1 0 0
    outer loop
      vertex 79.99499999999999 -89.99987530778472 0
      vertex 79.99499999999999 -89.99987530778472 10
      vertex 79.99499999999999 -90 10
    endloop
  endfacet
  facet normal 0 -1 0
    outer loop
      vertex 90 -79.99499999999999 0
      vertex 90 -79.99499999999999 10
      vertex 89.99688871182816 -79.99499999999999 10
    endloop
  endfacet
  facet normal 1 0 0
    outer loop
      vertex 79.99499999999999 90 0
      vertex 79.99499999999999 89.99688871182816 10
      vertex 79.99499999999999 89.99688871182816 0
    endloop
  endfacet
  facet normal 0 1 0
    outer loop
      vertex 90 79.99499999999999 0
      vertex 89.99987530778472 79.99499999999999 0
      vertex 90 79.99499999999999 10
    endloop
  endfacet
  facet normal 1 0 0
    outer loop
      vertex 79.99499999999999 90 0
      vertex 79.99499999999999 90 10
      vertex 79.99499999999999 89.99688871182816 10
    endloop
  endfacet
  facet normal 0 1 0
    outer loop
      vertex 89.99987530778472 79.99499999999999 0
      vertex 89.99987530778472 79.99499999999999 10
      vertex 90 79.99499999999999 10
    endloop
  endfacet
  facet normal -1 0 0
    outer loop
      vertex -89.99688871182816 79.99499999999999 0
      vertex -89.99688871182816 79.99499999999999 10
      vertex -89.99688871182816 80.2395562242981 0
    endloop
  endfacet
  facet normal -0.9987569212189221 0.049845885660702506 0
    outer loop
      vertex -89.99688871182816 80.2395562242981 0
      vertex -89.99688871182816 80.2395562242981 10
      vertex -89.9720100097836 80.7380482368001 0
    endloop
  endfacet
  facet normal -0.9950307753654025 0.09956784659580581 0
    outer loop
      vertex -89.9720100097836 80.7380482368001 0
      vertex -89.9720100097836 80.7380482368001 10
      vertex -89.92231445806772 81.23468048352132 0
    endloop
  endfacet
  facet normal -0.9888308262251294 0.14904226617616775 0
    outer loop
      vertex -89.92231445806772 81.23468048352132 0
      vertex -89.92231445806772 81.23468048352132 10
      vertex -89.8479256076522 81.72821825844596 0
    endloop
  endfacet
  facet normal -0.9801724878485427 0.19814614319940355 0
    outer loop
      vertex -89.8479256076522 81.72821825844596 0
      vertex -89.8479256076522 81.72821825844596 10
      vertex -89.74902840094005 82.2174345489027 0
    endloop
  endfacet
  facet normal -0.9690772862290787 0.24675739769029076 0
    outer loop
      vertex -89.74902840094005 82.2174345489027 0
      vertex -89.74902840094005 82.2174345489027 10
      vertex -89.62586871196962 82.70111308611148 0
    endloop
  endfacet
  facet normal -0.9555728057861416 0.29475517441090116 0
    outer loop
      vertex -89.62586871196962 82.70111308611148 0
      vertex -89.62586871196962 82.70111308611148 10
      vertex -89.47875273513299 83.17805136901936 0
    endloop
  endfacet
  facet normal -0.9396926207859013 0.3420201433256877 0
    outer loop
      vertex -89.47875273513299 83.17805136901936 0
      vertex -89.47875273513299 83.17805136901936 10
      vertex -89.30804622392847 83.64706365390761 0
    endloop
  endfacet
  facet normal -0.9214762118704168 0.3884347962746729 0
    outer loop
      vertex -89.30804622392847 83.64706365390761 0
      vertex -89.30804622392847 83.64706365390761 10
      vertex -89.11417358163985 84.10698390233742 0
    endloop
  endfacet
  facet normal -0.900968867902414 0.4338837391175688 0
    outer loop
      vertex -89.11417358163985 84.10698390233742 0
      vertex -89.11417358163985 84.10698390233742 10
      vertex -88.89761680620279 84.55666868010516 0
    endloop
  endfacet
  facet normal -0.8782215733702282 0.47825397862131874 0
    outer loop
      vertex -88.89761680620279 84.55666868010516 0
      vertex -88.89761680620279 84.55666868010516 10
      vertex -88.65891429188223 84.99499999999999 0
    endloop
  endfacet
  facet normal -0.8532908816321583 0.5214352033794938 0
    outer loop
      vertex -88.65891429188223 84.99499999999999 0
      vertex -88.65891429188223 84.99499999999999 10
      vertex -88.39865949073922 85.42088810129624 0
    endloop
  endfacet
  facet normal -0.8262387743159904 0.5633200580636287 0
    outer loop
      vertex -88.39865949073922 85.42088810129624 0
      vertex -88.39865949073922 85.42088810129624 10
      vertex -88.11749943721571 85.83327415907024 0
    endloop
  endfacet
  facet normal -0.7971325072229222 0.6038044103254778 0
    outer loop
      vertex -88.11749943721571 85.83327415907024 0
      vertex -88.11749943721571 85.83327415907024 10
      vertex -87.81613313950497 86.23113291660592 0
    endloop
  endfacet
  facet normal -0.7660444431189856 0.6427876096865303 0
    outer loop
      vertex -87.81613313950497 86.23113291660592 0
      vertex -87.81613313950497 86.23113291660592 10
      vertex -87.49530984170701 86.61347523434456 0
    endloop
  endfacet
  facet normal -0.7330518718298217 0.6801727377709244 0
    outer loop
      vertex -87.49530984170701 86.61347523434456 0
      vertex -87.49530984170701 86.61347523434456 10
      vertex -87.15582716108977 86.97935054904158 0
    endloop
  endfacet
  facet normal -0.6982368180860703 0.715866849259721 0
    outer loop
      vertex -87.15582716108977 86.97935054904158 0
      vertex -87.15582716108977 86.97935054904158 10
      vertex -86.7985291050869 87.32784923701655 0
    endloop
  endfacet
  facet normal -0.6616858375968591 0.7497812029677344 0
    outer loop
      vertex -86.7985291050869 87.32784923701655 0
      vertex -86.7985291050869 87.32784923701655 10
      vertex -86.42430397296225 87.65810487562096 0
    endloop
  endfacet
  facet normal -0.6234898018587356 0.781831482468028 0
    outer loop
      vertex -86.42430397296225 87.65810487562096 0
      vertex -86.42430397296225 87.65810487562096 10
      vertex -86.03408214735802 87.96929639730145 0
    endloop
  endfacet
  facet normal -0.5837436722347938 0.8119380057158535 0
    outer loop
      vertex -86.03408214735802 87.96929639730145 0
      vertex -86.03408214735802 87.96929639730145 10
      vertex -85.62883378121685 88.2606501309031 0
    endloop
  endfacet
  facet normal -0.5425462638657654 0.8400259231507675 0
    outer loop
      vertex -85.62883378121685 88.2606501309031 0
      vertex -85.62883378121685 88.2606501309031 10
      vertex -85.20956638582877 88.53144172513788 0
    endloop
  endfacet
  facet normal -0.49999999999999833 0.8660254037844396 0
    outer loop
      vertex -85.20956638582877 88.53144172513788 0
      vertex -85.20956638582877 88.53144172513788 10
      vertex -84.77732232599939 88.78099794943599 0
    endloop
  endfacet
  facet normal -0.45621065735315036 0.889871808811475 0
    outer loop
      vertex -84.77732232599939 88.78099794943599 0
      vertex -84.77732232599939 88.78099794943599 10
      vertex -84.33317622856676 89.0086983677032 0
    endloop
  endfacet
  facet normal -0.4112871031306115 0.911505852311673 0
    outer loop
      vertex -84.33317622856676 89.0086983677032 0
      vertex -84.33317622856676 89.0086983677032 10
      vertex -83.87823231070969 89.21397688082277 0
    endloop
  endfacet
  facet normal -0.3653410243663983 0.9308737486442029 0
    outer loop
      vertex -83.87823231070969 89.21397688082277 0
      vertex -83.87823231070969 89.21397688082277 10
      vertex -83.41362163468995 89.39632313406693 0
    endloop
  endfacet
  facet normal -0.31848665025167805 0.9479273461671339 0
    outer loop
      vertex -83.41362163468995 89.39632313406693 0
      vertex -83.41362163468995 89.39632313406693 10
      vertex -82.94049929585314 89.55528378591926 0
    endloop
  endfacet
  facet normal -0.2708404681430189 0.9626242469500081 0
    outer loop
      vertex -82.94049929585314 89.55528378591926 0
      vertex -82.94049929585314 89.55528378591926 10
      vertex -82.46004155087984 89.69046363515307 0
    endloop
  endfacet
  facet normal -0.22252093395632622 0.974927912181821 0
    outer loop
      vertex -82.46004155087984 89.69046363515307 0
      vertex -82.46004155087984 89.69046363515307 10
      vertex -81.97344289342597 89.80152660336393 0
    endloop
  endfacet
  facet normal -0.1736481776669095 0.9848077530122118 0
    outer loop
      vertex -81.97344289342597 89.80152660336393 0
      vertex -81.97344289342597 89.80152660336393 10
      vertex -81.4819130844235 89.88819657051353 0
    endloop
  endfacet
  facet normal -0.12434370464749754 0.9922392066001705 0
    outer loop
      vertex -81.4819130844235 89.88819657051353 0
      vertex -81.4819130844235 89.88819657051353 10
      vertex -80.98667414442411 89.95025806140767 0
    endloop
  endfacet
  facet normal -0.07473009358642176 0.9972037971811804 0
    outer loop
      vertex -80.98667414442411 89.95025806140767 0
      vertex -80.98667414442411 89.95025806140767 10
      vertex -80.48895731546358 89.98755678140141 0
    endloop
  endfacet
  facet normal -0.024930691738070145 0.9996891820008164 0
    outer loop
      vertex -80.48895731546358 89.98755678140141 0
      vertex -80.48895731546358 89.98755678140141 10
      vertex -79.99499999999999 89.99987530778472 0
    endloop
  endfacet
  facet normal -1 0 0
    outer loop
      vertex -89.99688871182816 80.2395562242981 0
      vertex -89.99688871182816 79.99499999999999 10
      vertex -89.99688871182816 80.2395562242981 10
    endloop
  endfacet
  facet normal -0.9987569212189221 0.049845885660702506 0
    outer loop
      vertex -89.9720100097836 80.7380482368001 0
      vertex -89.99688871182816 80.2395562242981 10
      vertex -89.9720100097836 80.7380482368001 10
    endloop
  endfacet
  facet normal -0.9950307753654025 0.09956784659580581 0
    outer loop
      vertex -89.92231445806772 81.23468048352132 0
      vertex -89.9720100097836 80.7380482368001 10
      vertex -89.92231445806772 81.23468048352132 10
    endloop
  endfacet
  facet normal -0.9888308262251294 0.14904226617616775 0
    outer loop
      vertex -89.8479256076522 81.72821825844596 0
      vertex -89.92231445806772 81.23468048352132 10
      vertex -89.8479256076522 81.72821825844596 10
    endloop
  endfacet
  facet normal -0.9801724878485427 0.19814614319940355 0
    outer loop
      vertex -89.74902840094005 82.2174345489027 0
      vertex -89.8479256076522 81.72821825844596 10
      vertex -89.74902840094005 82.2174345489027 10
    endloop
  endfacet
  facet normal -0.9690772862290787 0.24675739769029076 0
    outer loop
      vertex -89.62586871196962 82.70111308611148 0
      vertex -89.74902840094005 82.2174345489027 10
      vertex -89.62586871196962 82.70111308611148 10
    endloop
  endfacet
  facet normal -0.9555728057861416 0.29475517441090116 0
    outer loop
      vertex -89.47875273513299 83.17805136901936 0
      vertex -89.62586871196962 82.70111308611148 10
      vertex -89.47875273513299 83.17805136901936 10
    endloop
  endfacet
  facet normal -0.9396926207859013 0.3420201433256877 0
    outer loop
      vertex -89.30804622392847 83.64706365390761 0
      vertex -89.47875273513299 83.17805136901936 10
      vertex -89.30804622392847 83.64706365390761 10
    endloop
  endfacet
  facet normal -0.9214762118704168 0.3884347962746729 0
    outer loop
      vertex -89.11417358163985 84.10698390233742 0
      vertex -89.30804622392847 83.64706365390761 10
      vertex -89.11417358163985 84.10698390233742 10
    endloop
  endfacet
  facet normal -0.900968867902414 0.4338837391175688 0
    outer loop
      vertex -88.89761680620279 84.55666868010516 0
      vertex -89.11417358163985 84.10698390233742 10
      vertex -88.89761680620279 84.55666868010516 10
    endloop
  endfacet
  facet normal -0.8782215733702282 0.47825397862131874 0
    outer loop
      vertex -88.65891429188223 84.99499999999999 0
      vertex -88.89761680620279 84.55666868010516 10
      vertex -88.65891429188223 84.99499999999999 10
    endloop
  endfacet
  facet normal -0.8532908816321583 0.5214352033794938 0
    outer loop
      vertex -88.39865949073922 85.42088810129624 0
      vertex -88.65891429188223 84.99499999999999 10
      vertex -88.39865949073922 85.42088810129624 10
    endloop
  endfacet
  facet normal -0.8262387743159904 0.5633200580636287 0
    outer loop
      vertex -88.11749943721571 85.83327415907024 0
      vertex -88.39865949073922 85.42088810129624 10
      vertex -88.11749943721571 85.83327415907024 10
    endloop
  endfacet
  facet normal -0.7971325072229222 0.6038044103254778 0
    outer loop
      vertex -87.81613313950497 86.23113291660592 0
      vertex -88.11749943721571 85.83327415907024 10
      vertex -87.81613313950497 86.23113291660592 10
    endloop
  endfacet
  facet normal -0.7660444431189856 0.6427876096865303 0
    outer loop
      vertex -87.49530984170701 86.61347523434456 0
      vertex -87.81613313950497 86.23113291660592 10
      vertex -87.49530984170701 86.61347523434456 10
    endloop
  endfacet
  facet normal -0.7330518718298217 0.6801727377709244 0
    outer loop
      vertex -87.15582716108977 86.97935054904158 0
      vertex -87.49530984170701 86.61347523434456 10
      vertex -87.15582716108977 86.97935054904158 10
    endloop
  endfacet
  facet normal -0.6982368180860703 0.715866849259721 0
    outer loop
      vertex -86.7985291050869 87.32784923701655 0
      vertex -87.15582716108977 86.97935054904158 10
      vertex -86.7985291050869 87.32784923701655 10
    endloop
  endfacet
  facet normal -0.6616858375968591 0.7497812029677344 0
    outer loop
      vertex -86.42430397296225 87.65810487562096 0
      vertex -86.7985291050869 87.32784923701655 10
      vertex -86.42430397296225 87.65810487562096 10
    endloop
  endfacet
  facet normal -0.6234898018587356 0.781831482468028 0
    outer loop
      vertex -86.03408214735802 87.96929639730145 0
      vertex -86.42430397296225 87.65810487562096 10
      vertex -86.03408214735802 87.96929639730145 10
    endloop
  endfacet
  facet normal -0.5837436722347938 0.8119380057158535 0
    outer loop
      vertex -85.62883378121685 88.2606501309031 0
      vertex -86.03408214735802 87.96929639730145 10
      vertex -85.62883378121685 88.2606501309031 10
    endloop
  endfacet
  facet normal -0.5425462638657654 0.8400259231507675 0
    outer loop
      vertex -85.20956638582877 88.53144172513788 0
      vertex -85.62883378121685 88.2606501309031 10
      vertex -85.20956638582877 88.53144172513788 10
    endloop
  endfacet
  facet normal -0.49999999999999833 0.8660254037844396 0
    outer loop
      vertex -84.77732232599939 88.78099794943599 0
      vertex -85.20956638582877 88.53144172513788 10
      vertex -84.77732232599939 88.78099794943599 10
    endloop
  endfacet
  facet normal -0.45621065735315036 0.889871808811475 0
    outer loop
      vertex -84.33317622856676 89.0086983677032 0
      vertex -84.77732232599939 88.78099794943599 10
      vertex -84.33317622856676 89.0086983677032 10
    endloop
  endfacet
  facet normal -0.4112871031306115 0.911505852311673 0
    outer loop
      vertex -83.87823231070969 89.21397688082277 0
      vertex -84.33317622856676 89.0086983677032 10
      vertex -83.87823231070969 89.21397688082277 10
    endloop
  endfacet
  facet normal -0.3653410243663983 0.9308737486442029 0
    outer loop
      vertex -83.41362163468995 89.39632313406693 0
      vertex -83.87823231070969 89.21397688082277 10
      vertex -83.41362163468995 89.39632313406693 10
    endloop
  endfacet
  facet normal -0.31848665025167805 0.9479273461671339 0
    outer loop
      vertex -82.94049929585314 89.55528378591926 0
      vertex -83.41362163468995 89.39632313406693 10
      vertex -82.94049929585314 89.55528378591926 10
    endloop
  endfacet
  facet normal -0.2708404681430189 0.9626242469500081 0
    outer loop
      vertex -82.46004155087984 89.69046363515307 0
      vertex -82.94049929585314 89.55528378591926 10
      vertex -82.46004155087984 89.69046363515307 10
    endloop
  endfacet
  facet normal -0.22252093395632622 0.974927912181821 0
    outer loop
      vertex -81.97344289342597 89.80152660336393 0
      vertex -82.46004155087984 89.69046363515307 10
      vertex -81.97344289342597 89.80152660336393 10
    endloop
  endfacet
  facet normal -0.1736481776669095 0.9848077530122118 0
    outer loop
      vertex -81.4819130844235 89.88819657051353 0
      vertex -81.97344289342597 89.80152660336393 10
      vertex -81.4819130844235 89.88819657051353 10
    endloop
  endfacet
  facet normal -0.12434370464749754 0.9922392066001705 0
    outer loop
      vertex -80.98667414442411 89.95025806140767 0
      vertex -81.4819130844235 89.88819657051353 10
      vertex -80.98667414442411 89.95025806140767 10
    endloop
  endfacet
  facet normal -0.07473009358642176 0.9972037971811804 0
    outer loop
      vertex -80.48895731546358 89.98755678140141 0
      vertex -80.98667414442411 89.95025806140767 10
      vertex -80.48895731546358 89.98755678140141 10
    endloop
  endfacet
  facet normal -0.024930691738070145 0.9996891820008164 0
    outer loop
      vertex -79.99499999999999 89.99987530778472 0
      vertex -80.48895731546358 89.98755678140141 10
      vertex -79.99499999999999 89.99987530778472 10
    endloop
  endfacet
  facet normal -0.8660254037844396 -0.49999999999999833 0
    outer loop
      vertex -88.78099794943599 -84.77732232599939 0
      vertex -88.53144172513788 -85.20956638582877 0
      vertex -88.53144172513788 -85.20956638582877 10
    endloop
  endfacet
  facet normal -0.889871808811475 -0.45621065735315036 0
    outer loop
      vertex -88.78099794943599 -84.77732232599939 0
      vertex -88.78099794943599 -84.77732232599939 10
      vertex -89.0086983677032 -84.33317622856676 0
    endloop
  endfacet
  facet normal -0.8119380057158535 -0.5837436722347938 0
    outer loop
      vertex -87.96929639730145 -86.03408214735802 0
      vertex -87.96929639730145 -86.03408214735802 10
      vertex -88.2606501309031 -85.62883378121685 0
    endloop
  endfacet
  facet normal -0.7497812029677344 -0.6616858375968591 0
    outer loop
      vertex -87.32784923701655 -86.7985291050869 0
      vertex -87.32784923701655 -86.7985291050869 10
      vertex -87.65810487562096 -86.42430397296225 0
    endloop
  endfacet
  facet normal -0.781831482468028 -0.6234898018587356 0
    outer loop
      vertex -87.96929639730145 -86.03408214735802 0
      vertex -87.65810487562096 -86.42430397296225 0
      vertex -87.65810487562096 -86.42430397296225 10
    endloop
  endfacet
  facet normal -0.8400259231507675 -0.5425462638657654 0
    outer loop
      vertex -88.2606501309031 -85.62883378121685 0
      vertex -88.2606501309031 -85.62883378121685 10
      vertex -88.53144172513788 -85.20956638582877 0
    endloop
  endfacet
  facet normal -0.6801727377709244 -0.7330518718298217 0
    outer loop
      vertex -86.61347523434456 -87.49530984170701 0
      vertex -86.61347523434456 -87.49530984170701 10
      vertex -86.97935054904158 -87.15582716108977 0
    endloop
  endfacet
  facet normal -0.6038044103254778 -0.7971325072229222 0
    outer loop
      vertex -85.83327415907024 -88.11749943721571 0
      vertex -85.83327415907024 -88.11749943721571 10
      vertex -86.23113291660592 -87.81613313950497 0
    endloop
  endfacet
  facet normal -0.6427876096865303 -0.7660444431189856 0
    outer loop
      vertex -86.61347523434456 -87.49530984170701 0
      vertex -86.23113291660592 -87.81613313950497 0
      vertex -86.23113291660592 -87.81613313950497 10
    endloop
  endfacet
  facet normal -0.47825397862131874 -0.8782215733702282 0
    outer loop
      vertex -84.99499999999999 -88.65891429188223 0
      vertex -84.55666868010516 -88.89761680620279 0
      vertex -84.55666868010516 -88.89761680620279 10
    endloop
  endfacet
  facet normal -0.5633200580636287 -0.8262387743159904 0
    outer loop
      vertex -85.83327415907024 -88.11749943721571 0
      vertex -85.42088810129624 -88.39865949073922 0
      vertex -85.42088810129624 -88.39865949073922 10
    endloop
  endfacet
  facet normal -0.5214352033794938 -0.8532908816321583 0
    outer loop
      vertex -84.99499999999999 -88.65891429188223 0
      vertex -84.99499999999999 -88.65891429188223 10
      vertex -85.42088810129624 -88.39865949073922 0
    endloop
  endfacet
  facet normal -0.715866849259721 -0.6982368180860703 0
    outer loop
      vertex -87.32784923701655 -86.7985291050869 0
      vertex -86.97935054904158 -87.15582716108977 0
      vertex -86.97935054904158 -87.15582716108977 10
    endloop
  endfacet
  facet normal -0.9479273461671339 -0.31848665025167805 0
    outer loop
      vertex -89.39632313406693 -83.41362163468995 0
      vertex -89.39632313406693 -83.41362163468995 10
      vertex -89.55528378591926 -82.94049929585314 0
    endloop
  endfacet
  facet normal -0.911505852311673 -0.4112871031306115 0
    outer loop
      vertex -89.0086983677032 -84.33317622856676 0
      vertex -89.0086983677032 -84.33317622856676 10
      vertex -89.21397688082277 -83.87823231070969 0
    endloop
  endfacet
  facet normal -0.9308737486442029 -0.3653410243663983 0
    outer loop
      vertex -89.39632313406693 -83.41362163468995 0
      vertex -89.21397688082277 -83.87823231070969 0
      vertex -89.21397688082277 -83.87823231070969 10
    endloop
  endfacet
  facet normal -0.974927912181821 -0.22252093395632622 0
    outer loop
      vertex -89.69046363515307 -82.46004155087984 0
      vertex -89.69046363515307 -82.46004155087984 10
      vertex -89.80152660336393 -81.97344289342597 0
    endloop
  endfacet
  facet normal -0.9626242469500081 -0.2708404681430189 0
    outer loop
      vertex -89.69046363515307 -82.46004155087984 0
      vertex -89.55528378591926 -82.94049929585314 0
      vertex -89.55528378591926 -82.94049929585314 10
    endloop
  endfacet
  facet normal -0.9848077530122118 -0.1736481776669095 0
    outer loop
      vertex -89.80152660336393 -81.97344289342597 0
      vertex -89.80152660336393 -81.97344289342597 10
      vertex -89.88819657051353 -81.4819130844235 0
    endloop
  endfacet
  facet normal -0.9922392066001705 -0.12434370464749754 0
    outer loop
      vertex -89.88819657051353 -81.4819130844235 0
      vertex -89.88819657051353 -81.4819130844235 10
      vertex -89.95025806140767 -80.98667414442411 0
    endloop
  endfacet
  facet normal -0.9972037971811804 -0.07473009358642176 0
    outer loop
      vertex -89.95025806140767 -80.98667414442411 0
      vertex -89.95025806140767 -80.98667414442411 10
      vertex -89.98755678140141 -80.48895731546358 0
    endloop
  endfacet
  facet normal -0.9996891820008164 -0.024930691738070145 0
    outer loop
      vertex -89.98755678140141 -80.48895731546358 0
      vertex -89.98755678140141 -80.48895731546358 10
      vertex -89.99987530778472 -79.99499999999999 0
    endloop
  endfacet
  facet normal -0.4338837391175688 -0.900968867902414 0
    outer loop
      vertex -84.55666868010516 -88.89761680620279 0
      vertex -84.10698390233742 -89.11417358163985 0
      vertex -84.10698390233742 -89.11417358163985 10
    endloop
  endfacet
  facet normal -0.3884347962746729 -0.9214762118704168 0
    outer loop
      vertex -84.10698390233742 -89.11417358163985 0
      vertex -83.64706365390761 -89.30804622392847 0
      vertex -83.64706365390761 -89.30804622392847 10
    endloop
  endfacet
  facet normal -0.3420201433256877 -0.9396926207859013 0
    outer loop
      vertex -83.64706365390761 -89.30804622392847 0
      vertex -83.17805136901936 -89.47875273513299 0
      vertex -83.17805136901936 -89.47875273513299 10
    endloop
  endfacet
  facet normal -0.29475517441090116 -0.9555728057861416 0
    outer loop
      vertex -83.17805136901936 -89.47875273513299 0
      vertex -82.70111308611148 -89.62586871196962 0
      vertex -82.70111308611148 -89.62586871196962 10
    endloop
  endfacet
  facet normal -0.24675739769029076 -0.9690772862290787 0
    outer loop
      vertex -82.70111308611148 -89.62586871196962 0
      vertex -82.2174345489027 -89.74902840094005 0
      vertex -82.2174345489027 -89.74902840094005 10
    endloop
  endfacet
  facet normal -0.19814614319940355 -0.9801724878485427 0
    outer loop
      vertex -82.2174345489027 -89.74902840094005 0
      vertex -81.72821825844596 -89.8479256076522 0
      vertex -81.72821825844596 -89.8479256076522 10
    endloop
  endfacet
  facet normal -0.14904226617616775 -0.9888308262251294 0
    outer loop
      vertex -81.72821825844596 -89.8479256076522 0
      vertex -81.23468048352132 -89.92231445806772 0
      vertex -81.23468048352132 -89.92231445806772 10
    endloop
  endfacet
  facet normal -0.09956784659580581 -0.9950307753654025 0
    outer loop
      vertex -81.23468048352132 -89.92231445806772 0
      vertex -80.7380482368001 -89.9720100097836 0
      vertex -80.7380482368001 -89.9720100097836 10
    endloop
  endfacet
  facet normal -0.049845885660702506 -0.9987569212189221 0
    outer loop
      vertex -80.7380482368001 -89.9720100097836 0
      vertex -80.2395562242981 -89.99688871182816 0
      vertex -80.2395562242981 -89.99688871182816 10
    endloop
  endfacet
  facet normal 0 -1 0
    outer loop
      vertex -80.2395562242981 -89.99688871182816 0
      vertex -79.99499999999999 -89.99688871182816 0
      vertex -79.99499999999999 -89.99688871182816 10
    endloop
  endfacet
  facet normal -0.8660254037844396 -0.49999999999999833 0
    outer loop
      vertex -88.78099794943599 -84.77732232599939 0
      vertex -88.53144172513788 -85.20956638582877 10
      vertex -88.78099794943599 -84.77732232599939 10
    endloop
  endfacet
  facet normal -0.889871808811475 -0.45621065735315036 0
    outer loop
      vertex -89.0086983677032 -84.33317622856676 0
      vertex -88.78099794943599 -84.77732232599939 10
      vertex -89.0086983677032 -84.33317622856676 10
    endloop
  endfacet
  facet normal -0.7497812029677344 -0.6616858375968591 0
    outer loop
      vertex -87.65810487562096 -86.42430397296225 0
      vertex -87.32784923701655 -86.7985291050869 10
      vertex -87.65810487562096 -86.42430397296225 10
    endloop
  endfacet
  facet normal -0.715866849259721 -0.6982368180860703 0
    outer loop
      vertex -87.32784923701655 -86.7985291050869 0
      vertex -86.97935054904158 -87.15582716108977 10
      vertex -87.32784923701655 -86.7985291050869 10
    endloop
  endfacet
  facet normal -0.781831482468028 -0.6234898018587356 0
    outer loop
      vertex -87.96929639730145 -86.03408214735802 0
      vertex -87.65810487562096 -86.42430397296225 10
      vertex -87.96929639730145 -86.03408214735802 10
    endloop
  endfacet
  facet normal -0.8400259231507675 -0.5425462638657654 0
    outer loop
      vertex -88.53144172513788 -85.20956638582877 0
      vertex -88.2606501309031 -85.62883378121685 10
      vertex -88.53144172513788 -85.20956638582877 10
    endloop
  endfacet
  facet normal -0.8119380057158535 -0.5837436722347938 0
    outer loop
      vertex -88.2606501309031 -85.62883378121685 0
      vertex -87.96929639730145 -86.03408214735802 10
      vertex -88.2606501309031 -85.62883378121685 10
    endloop
  endfacet
  facet normal -0.6801727377709244 -0.7330518718298217 0
    outer loop
      vertex -86.97935054904158 -87.15582716108977 0
      vertex -86.61347523434456 -87.49530984170701 10
      vertex -86.97935054904158 -87.15582716108977 10
    endloop
  endfacet
  facet normal -0.6427876096865303 -0.7660444431189856 0
    outer loop
      vertex -86.61347523434456 -87.49530984170701 0
      vertex -86.23113291660592 -87.81613313950497 10
      vertex -86.61347523434456 -87.49530984170701 10
    endloop
  endfacet
  facet normal -0.6038044103254778 -0.7971325072229222 0
    outer loop
      vertex -86.23113291660592 -87.81613313950497 0
      vertex -85.83327415907024 -88.11749943721571 10
      vertex -86.23113291660592 -87.81613313950497 10
    endloop
  endfacet
  facet normal -0.47825397862131874 -0.8782215733702282 0
    outer loop
      vertex -84.99499999999999 -88.65891429188223 0
      vertex -84.55666868010516 -88.89761680620279 10
      vertex -84.99499999999999 -88.65891429188223 10
    endloop
  endfacet
  facet normal -0.4338837391175688 -0.900968867902414 0
    outer loop
      vertex -84.55666868010516 -88.89761680620279 0
      vertex -84.10698390233742 -89.11417358163985 10
      vertex -84.55666868010516 -88.89761680620279 10
    endloop
  endfacet
  facet normal -0.5633200580636287 -0.8262387743159904 0
    outer loop
      vertex -85.83327415907024 -88.11749943721571 0
      vertex -85.42088810129624 -88.39865949073922 10
      vertex -85.83327415907024 -88.11749943721571 10
    endloop
  endfacet
  facet normal -0.5214352033794938 -0.8532908816321583 0
    outer loop
      vertex -85.42088810129624 -88.39865949073922 0
      vertex -84.99499999999999 -88.65891429188223 10
      vertex -85.42088810129624 -88.39865949073922 10
    endloop
  endfacet
  facet normal -0.9308737486442029 -0.3653410243663983 0
    outer loop
      vertex -89.39632313406693 -83.41362163468995 0
      vertex -89.21397688082277 -83.87823231070969 10
      vertex -89.39632313406693 -83.41362163468995 10
    endloop
  endfacet
  facet normal -0.9479273461671339 -0.31848665025167805 0
    outer loop
      vertex -89.55528378591926 -82.94049929585314 0
      vertex -89.39632313406693 -83.41362163468995 10
      vertex -89.55528378591926 -82.94049929585314 10
    endloop
  endfacet
  facet normal -0.911505852311673 -0.4112871031306115 0
    outer loop
      vertex -89.21397688082277 -83.87823231070969 0
      vertex -89.0086983677032 -84.33317622856676 10
      vertex -89.21397688082277 -83.87823231070969 10
    endloop
  endfacet
  facet normal -0.9626242469500081 -0.2708404681430189 0
    outer loop
      vertex -89.69046363515307 -82.46004155087984 0
      vertex -89.55528378591926 -82.94049929585314 10
      vertex -89.69046363515307 -82.46004155087984 10
    endloop
  endfacet
  facet normal -0.974927912181821 -0.22252093395632622 0
    outer loop
      vertex -89.80152660336393 -81.97344289342597 0
      vertex -89.69046363515307 -82.46004155087984 10
      vertex -89.80152660336393 -81.97344289342597 10
    endloop
  endfacet
  facet normal -0.9848077530122118 -0.1736481776669095 0
    outer loop
      vertex -89.88819657051353 -81.4819130844235 0
      vertex -89.80152660336393 -81.97344289342597 10
      vertex -89.88819657051353 -81.4819130844235 10
    endloop
  endfacet
  facet normal -0.9922392066001705 -0.12434370464749754 0
    outer loop
      vertex -89.95025806140767 -80.98667414442411 0
      vertex -89.88819657051353 -81.4819130844235 10
      vertex -89.95025806140767 -80.98667414442411 10
    endloop
  endfacet
  facet normal -0.9972037971811804 -0.07473009358642176 0
    outer loop
      vertex -89.98755678140141 -80.48895731546358 0
      vertex -89.95025806140767 -80.98667414442411 10
      vertex -89.98755678140141 -80.48895731546358 10
    endloop
  endfacet
  facet normal -0.9996891820008164 -0.024930691738070145 0
    outer loop
      vertex -89.99987530778472 -79.99499999999999 0
      vertex -89.98755678140141 -80.48895731546358 10
      vertex -89.99987530778472 -79.99499999999999 10
    endloop
  endfacet
  facet normal -0.3884347962746729 -0.9214762118704168 0
    outer loop
      vertex -84.10698390233742 -89.11417358163985 0
      vertex -83.64706365390761 -89.30804622392847 10
      vertex -84.10698390233742 -89.11417358163985 10
    endloop
  endfacet
  facet normal -0.3420201433256877 -0.9396926207859013 0
    outer loop
      vertex -83.64706365390761 -89.30804622392847 0
      vertex -83.17805136901936 -89.47875273513299 10
      vertex -83.64706365390761 -89.30804622392847 10
    endloop
  endfacet
  facet normal -0.29475517441090116 -0.9555728057861416 0
    outer loop
      vertex -83.17805136901936 -89.47875273513299 0
      vertex -82.70111308611148 -89.62586871196962 10
      vertex -83.17805136901936 -89.47875273513299 10
    endloop
  endfacet
  facet normal -0.24675739769029076 -0.9690772862290787 0
    outer loop
      vertex -82.70111308611148 -89.62586871196962 0
      vertex -82.2174345489027 -89.74902840094005 10
      vertex -82.70111308611148 -89.62586871196962 10
    endloop
  endfacet
  facet normal -0.19814614319940355 -0.9801724878485427 0
    outer loop
      vertex -82.2174345489027 -89.74902840094005 0
      vertex -81.72821825844596 -89.8479256076522 10
      vertex -82.2174345489027 -89.74902840094005 10
    endloop
  endfacet
  facet normal -0.14904226617616775 -0.9888308262251294 0
    outer loop
      vertex -81.72821825844596 -89.8479256076522 0
      vertex -81.23468048352132 -89.92231445806772 10
      vertex -81.72821825844596 -89.8479256076522 10
    endloop
  endfacet
  facet normal -0.09956784659580581 -0.9950307753654025 0
    outer loop
      vertex -81.23468048352132 -89.92231445806772 0
      vertex -80.7380482368001 -89.9720100097836 10
      vertex -81.23468048352132 -89.92231445806772 10
    endloop
  endfacet
  facet normal -0.049845885660702506 -0.9987569212189221 0
    outer loop
      vertex -80.7380482368001 -89.9720100097836 0
      vertex -80.2395562242981 -89.99688871182816 10
      vertex -80.7380482368001 -89.9720100097836 10
    endloop
  endfacet
  facet normal 0 -1 0
    outer loop
      vertex -80.2395562242981 -89.99688871182816 0
      vertex -79.99499999999999 -89.99688871182816 10
      vertex -80.2395562242981 -89.99688871182816 10
    endloop
  endfacet
  facet normal 0.024930691738070145 -0.9996891820008164 0
    outer loop
      vertex 79.99499999999999 -89.99987530778472 0
      vertex 80.48895731546358 -89.98755678140141 0
      vertex 80.48895731546358 -89.98755678140141 10
    endloop
  endfacet
  facet normal 0.07473009358642176 -0.9972037971811804 0
    outer loop
      vertex 80.48895731546358 -89.98755678140141 0
      vertex 80.98667414442411 -89.95025806140767 0
      vertex 80.98667414442411 -89.95025806140767 10
    endloop
  endfacet
  facet normal 0.12434370464749754 -0.9922392066001705 0
    outer loop
      vertex 80.98667414442411 -89.95025806140767 0
      vertex 81.4819130844235 -89.88819657051353 0
      vertex 81.4819130844235 -89.88819657051353 10
    endloop
  endfacet
  facet normal 0.1736481776669095 -0.9848077530122118 0
    outer loop
      vertex 81.4819130844235 -89.88819657051353 0
      vertex 81.97344289342597 -89.80152660336393 0
      vertex 81.97344289342597 -89.80152660336393 10
    endloop
  endfacet
  facet normal 0.22252093395632622 -0.974927912181821 0
    outer loop
      vertex 81.97344289342597 -89.80152660336393 0
      vertex 82.46004155087984 -89.69046363515307 0
      vertex 82.46004155087984 -89.69046363515307 10
    endloop
  endfacet
  facet normal 0.2708404681430189 -0.9626242469500081 0
    outer loop
      vertex 82.46004155087984 -89.69046363515307 0
      vertex 82.94049929585314 -89.55528378591926 0
      vertex 82.94049929585314 -89.55528378591926 10
    endloop
  endfacet
  facet normal 0.31848665025167805 -0.9479273461671339 0
    outer loop
      vertex 82.94049929585314 -89.55528378591926 0
      vertex 83.41362163468995 -89.39632313406693 0
      vertex 83.41362163468995 -89.39632313406693 10
    endloop
  endfacet
  facet normal 0.3653410243663983 -0.9308737486442029 0
    outer loop
      vertex 83.41362163468995 -89.39632313406693 0
      vertex 83.87823231070969 -89.21397688082277 0
      vertex 83.87823231070969 -89.21397688082277 10
    endloop
  endfacet
  facet normal 0.4112871031306115 -0.911505852311673 0
    outer loop
      vertex 83.87823231070969 -89.21397688082277 0
      vertex 84.33317622856676 -89.0086983677032 0
      vertex 84.33317622856676 -89.0086983677032 10
    endloop
  endfacet
  facet normal 0.45621065735315036 -0.889871808811475 0
    outer loop
      vertex 84.33317622856676 -89.0086983677032 0
      vertex 84.77732232599939 -88.78099794943599 0
      vertex 84.77732232599939 -88.78099794943599 10
    endloop
  endfacet
  facet normal 0.49999999999999833 -0.8660254037844396 0
    outer loop
      vertex 84.77732232599939 -88.78099794943599 0
      vertex 85.20956638582877 -88.53144172513788 0
      vertex 85.20956638582877 -88.53144172513788 10
    endloop
  endfacet
  facet normal 0.5425462638657654 -0.8400259231507675 0
    outer loop
      vertex 85.20956638582877 -88.53144172513788 0
      vertex 85.62883378121685 -88.2606501309031 0
      vertex 85.62883378121685 -88.2606501309031 10
    endloop
  endfacet
  facet normal 0.5837436722347938 -0.8119380057158535 0
    outer loop
      vertex 85.62883378121685 -88.2606501309031 0
      vertex 86.03408214735802 -87.96929639730145 0
      vertex 86.03408214735802 -87.96929639730145 10
    endloop
  endfacet
  facet normal 0.6234898018587356 -0.781831482468028 0
    outer loop
      vertex 86.03408214735802 -87.96929639730145 0
      vertex 86.42430397296225 -87.65810487562096 0
      vertex 86.42430397296225 -87.65810487562096 10
    endloop
  endfacet
  facet normal 0.6616858375968591 -0.7497812029677344 0
    outer loop
      vertex 86.42430397296225 -87.65810487562096 0
      vertex 86.7985291050869 -87.32784923701655 0
      vertex 86.7985291050869 -87.32784923701655 10
    endloop
  endfacet
  facet normal 0.6982368180860703 -0.715866849259721 0
    outer loop
      vertex 86.7985291050869 -87.32784923701655 0
      vertex 87.15582716108977 -86.97935054904158 0
      vertex 87.15582716108977 -86.97935054904158 10
    endloop
  endfacet
  facet normal 0.7330518718298217 -0.6801727377709244 0
    outer loop
      vertex 87.15582716108977 -86.97935054904158 0
      vertex 87.49530984170701 -86.61347523434456 0
      vertex 87.49530984170701 -86.61347523434456 10
    endloop
  endfacet
  facet normal 0.7660444431189856 -0.6427876096865303 0
    outer loop
      vertex 87.49530984170701 -86.61347523434456 0
      vertex 87.81613313950497 -86.23113291660592 0
      vertex 87.81613313950497 -86.23113291660592 10
    endloop
  endfacet
  facet normal 0.7971325072229222 -0.6038044103254778 0
    outer loop
      vertex 87.81613313950497 -86.23113291660592 0
      vertex 88.11749943721571 -85.83327415907024 0
      vertex 88.11749943721571 -85.83327415907024 10
    endloop
  endfacet
  facet normal 0.8262387743159904 -0.5633200580636287 0
    outer loop
      vertex 88.11749943721571 -85.83327415907024 0
      vertex 88.39865949073922 -85.42088810129624 0
      vertex 88.39865949073922 -85.42088810129624 10
    endloop
  endfacet
  facet normal 0.8532908816321583 -0.5214352033794938 0
    outer loop
      vertex 88.39865949073922 -85.42088810129624 0
      vertex 88.65891429188223 -84.99499999999999 0
      vertex 88.65891429188223 -84.99499999999999 10
    endloop
  endfacet
  facet normal 0.8782215733702282 -0.47825397862131874 0
    outer loop
      vertex 88.65891429188223 -84.99499999999999 0
      vertex 88.89761680620279 -84.55666868010516 0
      vertex 88.89761680620279 -84.55666868010516 10
    endloop
  endfacet
  facet normal 0.900968867902414 -0.4338837391175688 0
    outer loop
      vertex 88.89761680620279 -84.55666868010516 0
      vertex 89.11417358163985 -84.10698390233742 0
      vertex 89.11417358163985 -84.10698390233742 10
    endloop
  endfacet
  facet normal 0.9214762118704168 -0.3884347962746729 0
    outer loop
      vertex 89.11417358163985 -84.10698390233742 0
      vertex 89.30804622392847 -83.64706365390761 0
      vertex 89.30804622392847 -83.64706365390761 10
    endloop
  endfacet
  facet normal 0.9396926207859013 -0.3420201433256877 0
    outer loop
      vertex 89.30804622392847 -83.64706365390761 0
      vertex 89.47875273513299 -83.17805136901936 0
      vertex 89.47875273513299 -83.17805136901936 10
    endloop
  endfacet
  facet normal 0.9555728057861416 -0.29475517441090116 0
    outer loop
      vertex 89.47875273513299 -83.17805136901936 0
      vertex 89.62586871196962 -82.70111308611148 0
      vertex 89.62586871196962 -82.70111308611148 10
    endloop
  endfacet
  facet normal 0.9690772862290787 -0.24675739769029076 0
    outer loop
      vertex 89.62586871196962 -82.70111308611148 0
      vertex 89.74902840094005 -82.2174345489027 0
      vertex 89.74902840094005 -82.2174345489027 10
    endloop
  endfacet
  facet normal 0.9801724878485427 -0.19814614319940355 0
    outer loop
      vertex 89.74902840094005 -82.2174345489027 0
      vertex 89.8479256076522 -81.72821825844596 0
      vertex 89.8479256076522 -81.72821825844596 10
    endloop
  endfacet
  facet normal 0.9888308262251294 -0.14904226617616775 0
    outer loop
      vertex 89.8479256076522 -81.72821825844596 0
      vertex 89.92231445806772 -81.23468048352132 0
      vertex 89.92231445806772 -81.23468048352132 10
    endloop
  endfacet
  facet normal 0.9950307753654025 -0.09956784659580581 0
    outer loop
      vertex 89.92231445806772 -81.23468048352132 0
      vertex 89.9720100097836 -80.7380482368001 0
      vertex 89.9720100097836 -80.7380482368001 10
    endloop
  endfacet
  facet normal 0.9987569212189221 -0.049845885660702506 0
    outer loop
      vertex 89.9720100097836 -80.7380482368001 0
      vertex 89.99688871182816 -80.2395562242981 0
      vertex 89.99688871182816 -80.2395562242981 10
    endloop
  endfacet
  facet normal 1 0 0
    outer loop
      vertex 89.99688871182816 -80.2395562242981 0
      vertex 89.99688871182816 -79.99499999999999 0
      vertex 89.99688871182816 -79.99499999999999 10
    endloop
  endfacet
  facet normal 0.024930691738070145 -0.9996891820008164 0
    outer loop
      vertex 79.99499999999999 -89.99987530778472 0
      vertex 80.48895731546358 -89.98755678140141 10
      vertex 79.99499999999999 -89.99987530778472 10
    endloop
  endfacet
  facet normal 0.07473009358642176 -0.9972037971811804 0
    outer loop
      vertex 80.48895731546358 -89.98755678140141 0
      vertex 80.98667414442411 -89.95025806140767 10
      vertex 80.48895731546358 -89.98755678140141 10
    endloop
  endfacet
  facet normal 0.12434370464749754 -0.9922392066001705 0
    outer loop
      vertex 80.98667414442411 -89.95025806140767 0
      vertex 81.4819130844235 -89.88819657051353 10
      vertex 80.98667414442411 -89.95025806140767 10
    endloop
  endfacet
  facet normal 0.1736481776669095 -0.9848077530122118 0
    outer loop
      vertex 81.4819130844235 -89.88819657051353 0
      vertex 81.97344289342597 -89.80152660336393 10
      vertex 81.4819130844235 -89.88819657051353 10
    endloop
  endfacet
  facet normal 0.22252093395632622 -0.974927912181821 0
    outer loop
      vertex 81.97344289342597 -89.80152660336393 0
      vertex 82.46004155087984 -89.69046363515307 10
      vertex 81.97344289342597 -89.80152660336393 10
    endloop
  endfacet
  facet normal 0.2708404681430189 -0.9626242469500081 0
    outer loop
      vertex 82.46004155087984 -89.69046363515307 0
      vertex 82.94049929585314 -89.55528378591926 10
      vertex 82.46004155087984 -89.69046363515307 10
    endloop
  endfacet
  facet normal 0.31848665025167805 -0.9479273461671339 0
    outer loop
      vertex 82.94049929585314 -89.55528378591926 0
      vertex 83.41362163468995 -89.39632313406693 10
      vertex 82.94049929585314 -89.55528378591926 10
    endloop
  endfacet
  facet normal 0.3653410243663983 -0.9308737486442029 0
    outer loop
      vertex 83.41362163468995 -89.39632313406693 0
      vertex 83.87823231070969 -89.21397688082277 10
      vertex 83.41362163468995 -89.39632313406693 10
    endloop
  endfacet
  facet normal 0.4112871031306115 -0.911505852311673 0
    outer loop
      vertex 83.87823231070969 -89.21397688082277 0
      vertex 84.33317622856676 -89.0086983677032 10
      vertex 83.87823231070969 -89.21397688082277 10
    endloop
  endfacet
  facet normal 0.45621065735315036 -0.889871808811475 0
    outer loop
      vertex 84.33317622856676 -89.0086983677032 0
      vertex 84.77732232599939 -88.78099794943599 10
      vertex 84.33317622856676 -89.0086983677032 10
    endloop
  endfacet
  facet normal 0.49999999999999833 -0.8660254037844396 0
    outer loop
      vertex 84.77732232599939 -88.78099794943599 0
      vertex 85.20956638582877 -88.53144172513788 10
      vertex 84.77732232599939 -88.78099794943599 10
    endloop
  endfacet
  facet normal 0.5425462638657654 -0.8400259231507675 0
    outer loop
      vertex 85.20956638582877 -88.53144172513788 0
      vertex 85.62883378121685 -88.2606501309031 10
      vertex 85.20956638582877 -88.53144172513788 10
    endloop
  endfacet
  facet normal 0.5837436722347938 -0.8119380057158535 0
    outer loop
      vertex 85.62883378121685 -88.2606501309031 0
      vertex 86.03408214735802 -87.96929639730145 10
      vertex 85.62883378121685 -88.2606501309031 10
    endloop
  endfacet
  facet normal 0.6234898018587356 -0.781831482468028 0
    outer loop
      vertex 86.03408214735802 -87.96929639730145 0
      vertex 86.42430397296225 -87.65810487562096 10
      vertex 86.03408214735802 -87.96929639730145 10
    endloop
  endfacet
  facet normal 0.6616858375968591 -0.7497812029677344 0
    outer loop
      vertex 86.42430397296225 -87.65810487562096 0
      vertex 86.7985291050869 -87.32784923701655 10
      vertex 86.42430397296225 -87.65810487562096 10
    endloop
  endfacet
  facet normal 0.6982368180860703 -0.715866849259721 0
    outer loop
      vertex 86.7985291050869 -87.32784923701655 0
      vertex 87.15582716108977 -86.97935054904158 10
      vertex 86.7985291050869 -87.32784923701655 10
    endloop
  endfacet
  facet normal 0.7330518718298217 -0.6801727377709244 0
    outer loop
      vertex 87.15582716108977 -86.97935054904158 0
      vertex 87.49530984170701 -86.61347523434456 10
      vertex 87.15582716108977 -86.97935054904158 10
    endloop
  endfacet
  facet normal 0.7660444431189856 -0.6427876096865303 0
    outer loop
      vertex 87.49530984170701 -86.61347523434456 0
      vertex 87.81613313950497 -86.23113291660592 10
      vertex 87.49530984170701 -86.61347523434456 10
    endloop
  endfacet
  facet normal 0.7971325072229222 -0.6038044103254778 0
    outer loop
      vertex 87.81613313950497 -86.23113291660592 0
      vertex 88.11749943721571 -85.83327415907024 10
      vertex 87.81613313950497 -86.23113291660592 10
    endloop
  endfacet
  facet normal 0.8262387743159904 -0.5633200580636287 0
    outer loop
      vertex 88.11749943721571 -85.83327415907024 0
      vertex 88.39865949073922 -85.42088810129624 10
      vertex 88.11749943721571 -85.83327415907024 10
    endloop
  endfacet
  facet normal 0.8532908816321583 -0.5214352033794938 0
    outer loop
      vertex 88.39865949073922 -85.42088810129624 0
      vertex 88.65891429188223 -84.99499999999999 10
      vertex 88.39865949073922 -85.42088810129624 10
    endloop
  endfacet
  facet normal 0.8782215733702282 -0.47825397862131874 0
    outer loop
      vertex 88.65891429188223 -84.99499999999999 0
      vertex 88.89761680620279 -84.55666868010516 10
      vertex 88.65891429188223 -84.99499999999999 10
    endloop
  endfacet
  facet normal 0.900968867902414 -0.4338837391175688 0
    outer loop
      vertex 88.89761680620279 -84.55666868010516 0
      vertex 89.11417358163985 -84.10698390233742 10
      vertex 88.89761680620279 -84.55666868010516 10
    endloop
  endfacet
  facet normal 0.9214762118704168 -0.3884347962746729 0
    outer loop
      vertex 89.11417358163985 -84.10698390233742 0
      vertex 89.30804622392847 -83.64706365390761 10
      vertex 89.11417358163985 -84.10698390233742 10
    endloop
  endfacet
  facet normal 0.9396926207859013 -0.3420201433256877 0
    outer loop
      vertex 89.30804622392847 -83.64706365390761 0
      vertex 89.47875273513299 -83.17805136901936 10
      vertex 89.30804622392847 -83.64706365390761 10
    endloop
  endfacet
  facet normal 0.9555728057861416 -0.29475517441090116 0
    outer loop
      vertex 89.47875273513299 -83.17805136901936 0
      vertex 89.62586871196962 -82.70111308611148 10
      vertex 89.47875273513299 -83.17805136901936 10
    endloop
  endfacet
  facet normal 0.9690772862290787 -0.24675739769029076 0
    outer loop
      vertex 89.62586871196962 -82.70111308611148 0
      vertex 89.74902840094005 -82.2174345489027 10
      vertex 89.62586871196962 -82.70111308611148 10
    endloop
  endfacet
  facet normal 0.9801724878485427 -0.19814614319940355 0
    outer loop
      vertex 89.74902840094005 -82.2174345489027 0
      vertex 89.8479256076522 -81.72821825844596 10
      vertex 89.74902840094005 -82.2174345489027 10
    endloop
  endfacet
  facet normal 0.9888308262251294 -0.14904226617616775 0
    outer loop
      vertex 89.8479256076522 -81.72821825844596 0
      vertex 89.92231445806772 -81.23468048352132 10
      vertex 89.8479256076522 -81.72821825844596 10
    endloop
  endfacet
  facet normal 0.9950307753654025 -0.09956784659580581 0
    outer loop
      vertex 89.92231445806772 -81.23468048352132 0
      vertex 89.9720100097836 -80.7380482368001 10
      vertex 89.92231445806772 -81.23468048352132 10
    endloop
  endfacet
  facet normal 0.9987569212189221 -0.049845885660702506 0
    outer loop
      vertex 89.9720100097836 -80.7380482368001 0
      vertex 89.99688871182816 -80.2395562242981 10
      vertex 89.9720100097836 -80.7380482368001 10
    endloop
  endfacet
  facet normal 1 0 0
    outer loop
      vertex 89.99688871182816 -80.2395562242981 0
      vertex 89.99688871182816 -79.99499999999999 10
      vertex 89.99688871182816 -80.2395562242981 10
    endloop
  endfacet
  facet normal 0 1 0
    outer loop
      vertex 79.99499999999999 89.99688871182816 0
      vertex 79.99499999999999 89.99688871182816 10
      vertex 80.2395562242981 89.99688871182816 0
    endloop
  endfacet
  facet normal 0.049845885660702506 0.9987569212189221 0
    outer loop
      vertex 80.2395562242981 89.99688871182816 0
      vertex 80.2395562242981 89.99688871182816 10
      vertex 80.7380482368001 89.9720100097836 0
    endloop
  endfacet
  facet normal 0.09956784659580581 0.9950307753654025 0
    outer loop
      vertex 80.7380482368001 89.9720100097836 0
      vertex 80.7380482368001 89.9720100097836 10
      vertex 81.23468048352132 89.92231445806772 0
    endloop
  endfacet
  facet normal 0.14904226617616775 0.9888308262251294 0
    outer loop
      vertex 81.23468048352132 89.92231445806772 0
      vertex 81.23468048352132 89.92231445806772 10
      vertex 81.72821825844596 89.8479256076522 0
    endloop
  endfacet
  facet normal 0.19814614319940355 0.9801724878485427 0
    outer loop
      vertex 81.72821825844596 89.8479256076522 0
      vertex 81.72821825844596 89.8479256076522 10
      vertex 82.2174345489027 89.74902840094005 0
    endloop
  endfacet
  facet normal 0.24675739769029076 0.9690772862290787 0
    outer loop
      vertex 82.2174345489027 89.74902840094005 0
      vertex 82.2174345489027 89.74902840094005 10
      vertex 82.70111308611148 89.62586871196962 0
    endloop
  endfacet
  facet normal 0.29475517441090116 0.9555728057861416 0
    outer loop
      vertex 82.70111308611148 89.62586871196962 0
      vertex 82.70111308611148 89.62586871196962 10
      vertex 83.17805136901936 89.47875273513299 0
    endloop
  endfacet
  facet normal 0.3420201433256877 0.9396926207859013 0
    outer loop
      vertex 83.17805136901936 89.47875273513299 0
      vertex 83.17805136901936 89.47875273513299 10
      vertex 83.64706365390761 89.30804622392847 0
    endloop
  endfacet
  facet normal 0.3884347962746729 0.9214762118704168 0
    outer loop
      vertex 83.64706365390761 89.30804622392847 0
      vertex 83.64706365390761 89.30804622392847 10
      vertex 84.10698390233742 89.11417358163985 0
    endloop
  endfacet
  facet normal 0.4338837391175688 0.900968867902414 0
    outer loop
      vertex 84.10698390233742 89.11417358163985 0
      vertex 84.10698390233742 89.11417358163985 10
      vertex 84.55666868010516 88.89761680620279 0
    endloop
  endfacet
  facet normal 0.9996891820008164 0.024930691738070145 0
    outer loop
      vertex 89.99987530778472 79.99499999999999 0
      vertex 89.98755678140141 80.48895731546358 0
      vertex 89.98755678140141 80.48895731546358 10
    endloop
  endfacet
  facet normal 0.9972037971811804 0.07473009358642176 0
    outer loop
      vertex 89.98755678140141 80.48895731546358 0
      vertex 89.95025806140767 80.98667414442411 0
      vertex 89.95025806140767 80.98667414442411 10
    endloop
  endfacet
  facet normal 0.9922392066001705 0.12434370464749754 0
    outer loop
      vertex 89.95025806140767 80.98667414442411 0
      vertex 89.88819657051353 81.4819130844235 0
      vertex 89.88819657051353 81.4819130844235 10
    endloop
  endfacet
  facet normal 0.9848077530122118 0.1736481776669095 0
    outer loop
      vertex 89.88819657051353 81.4819130844235 0
      vertex 89.80152660336393 81.97344289342597 0
      vertex 89.80152660336393 81.97344289342597 10
    endloop
  endfacet
  facet normal 0.9626242469500081 0.2708404681430189 0
    outer loop
      vertex 89.55528378591926 82.94049929585314 0
      vertex 89.55528378591926 82.94049929585314 10
      vertex 89.69046363515307 82.46004155087984 0
    endloop
  endfacet
  facet normal 0.974927912181821 0.22252093395632622 0
    outer loop
      vertex 89.80152660336393 81.97344289342597 0
      vertex 89.69046363515307 82.46004155087984 0
      vertex 89.69046363515307 82.46004155087984 10
    endloop
  endfacet
  facet normal 0.9308737486442029 0.3653410243663983 0
    outer loop
      vertex 89.21397688082277 83.87823231070969 0
      vertex 89.21397688082277 83.87823231070969 10
      vertex 89.39632313406693 83.41362163468995 0
    endloop
  endfacet
  facet normal 0.911505852311673 0.4112871031306115 0
    outer loop
      vertex 89.21397688082277 83.87823231070969 0
      vertex 89.0086983677032 84.33317622856676 0
      vertex 89.0086983677032 84.33317622856676 10
    endloop
  endfacet
  facet normal 0.9479273461671339 0.31848665025167805 0
    outer loop
      vertex 89.55528378591926 82.94049929585314 0
      vertex 89.39632313406693 83.41362163468995 0
      vertex 89.39632313406693 83.41362163468995 10
    endloop
  endfacet
  facet normal 0.715866849259721 0.6982368180860703 0
    outer loop
      vertex 86.97935054904158 87.15582716108977 0
      vertex 86.97935054904158 87.15582716108977 10
      vertex 87.32784923701655 86.7985291050869 0
    endloop
  endfacet
  facet normal 0.5214352033794938 0.8532908816321583 0
    outer loop
      vertex 85.42088810129624 88.39865949073922 0
      vertex 84.99499999999999 88.65891429188223 0
      vertex 84.99499999999999 88.65891429188223 10
    endloop
  endfacet
  facet normal 0.5633200580636287 0.8262387743159904 0
    outer loop
      vertex 85.42088810129624 88.39865949073922 0
      vertex 85.42088810129624 88.39865949073922 10
      vertex 85.83327415907024 88.11749943721571 0
    endloop
  endfacet
  facet normal 0.47825397862131874 0.8782215733702282 0
    outer loop
      vertex 84.55666868010516 88.89761680620279 0
      vertex 84.55666868010516 88.89761680620279 10
      vertex 84.99499999999999 88.65891429188223 0
    endloop
  endfacet
  facet normal 0.6427876096865303 0.7660444431189856 0
    outer loop
      vertex 86.23113291660592 87.81613313950497 0
      vertex 86.23113291660592 87.81613313950497 10
      vertex 86.61347523434456 87.49530984170701 0
    endloop
  endfacet
  facet normal 0.6038044103254778 0.7971325072229222 0
    outer loop
      vertex 86.23113291660592 87.81613313950497 0
      vertex 85.83327415907024 88.11749943721571 0
      vertex 85.83327415907024 88.11749943721571 10
    endloop
  endfacet
  facet normal 0.6801727377709244 0.7330518718298217 0
    outer loop
      vertex 86.97935054904158 87.15582716108977 0
      vertex 86.61347523434456 87.49530984170701 0
      vertex 86.61347523434456 87.49530984170701 10
    endloop
  endfacet
  facet normal 0.8400259231507675 0.5425462638657654 0
    outer loop
      vertex 88.53144172513788 85.20956638582877 0
      vertex 88.2606501309031 85.62883378121685 0
      vertex 88.2606501309031 85.62883378121685 10
    endloop
  endfacet
  facet normal 0.781831482468028 0.6234898018587356 0
    outer loop
      vertex 87.65810487562096 86.42430397296225 0
      vertex 87.65810487562096 86.42430397296225 10
      vertex 87.96929639730145 86.03408214735802 0
    endloop
  endfacet
  facet normal 0.7497812029677344 0.6616858375968591 0
    outer loop
      vertex 87.65810487562096 86.42430397296225 0
      vertex 87.32784923701655 86.7985291050869 0
      vertex 87.32784923701655 86.7985291050869 10
    endloop
  endfacet
  facet normal 0.8119380057158535 0.5837436722347938 0
    outer loop
      vertex 88.2606501309031 85.62883378121685 0
      vertex 87.96929639730145 86.03408214735802 0
      vertex 87.96929639730145 86.03408214735802 10
    endloop
  endfacet
  facet normal 0.889871808811475 0.45621065735315036 0
    outer loop
      vertex 89.0086983677032 84.33317622856676 0
      vertex 88.78099794943599 84.77732232599939 0
      vertex 88.78099794943599 84.77732232599939 10
    endloop
  endfacet
  facet normal 0.8660254037844396 0.49999999999999833 0
    outer loop
      vertex 88.53144172513788 85.20956638582877 0
      vertex 88.53144172513788 85.20956638582877 10
      vertex 88.78099794943599 84.77732232599939 0
    endloop
  endfacet
  facet normal 0 1 0
    outer loop
      vertex 80.2395562242981 89.99688871182816 0
      vertex 79.99499999999999 89.99688871182816 10
      vertex 80.2395562242981 89.99688871182816 10
    endloop
  endfacet
  facet normal 0.049845885660702506 0.9987569212189221 0
    outer loop
      vertex 80.7380482368001 89.9720100097836 0
      vertex 80.2395562242981 89.99688871182816 10
      vertex 80.7380482368001 89.9720100097836 10
    endloop
  endfacet
  facet normal 0.09956784659580581 0.9950307753654025 0
    outer loop
      vertex 81.23468048352132 89.92231445806772 0
      vertex 80.7380482368001 89.9720100097836 10
      vertex 81.23468048352132 89.92231445806772 10
    endloop
  endfacet
  facet normal 0.14904226617616775 0.9888308262251294 0
    outer loop
      vertex 81.72821825844596 89.8479256076522 0
      vertex 81.23468048352132 89.92231445806772 10
      vertex 81.72821825844596 89.8479256076522 10
    endloop
  endfacet
  facet normal 0.19814614319940355 0.9801724878485427 0
    outer loop
      vertex 82.2174345489027 89.74902840094005 0
      vertex 81.72821825844596 89.8479256076522 10
      vertex 82.2174345489027 89.74902840094005 10
    endloop
  endfacet
  facet normal 0.24675739769029076 0.9690772862290787 0
    outer loop
      vertex 82.70111308611148 89.62586871196962 0
      vertex 82.2174345489027 89.74902840094005 10
      vertex 82.70111308611148 89.62586871196962 10
    endloop
  endfacet
  facet normal 0.29475517441090116 0.9555728057861416 0
    outer loop
      vertex 83.17805136901936 89.47875273513299 0
      vertex 82.70111308611148 89.62586871196962 10
      vertex 83.17805136901936 89.47875273513299 10
    endloop
  endfacet
  facet normal 0.3420201433256877 0.9396926207859013 0
    outer loop
      vertex 83.64706365390761 89.30804622392847 0
      vertex 83.17805136901936 89.47875273513299 10
      vertex 83.64706365390761 89.30804622392847 10
    endloop
  endfacet
  facet normal 0.3884347962746729 0.9214762118704168 0
    outer loop
      vertex 84.10698390233742 89.11417358163985 0
      vertex 83.64706365390761 89.30804622392847 10
      vertex 84.10698390233742 89.11417358163985 10
    endloop
  endfacet
  facet normal 0.9996891820008164 0.024930691738070145 0
    outer loop
      vertex 89.99987530778472 79.99499999999999 0
      vertex 89.98755678140141 80.48895731546358 10
      vertex 89.99987530778472 79.99499999999999 10
    endloop
  endfacet
  facet normal 0.9972037971811804 0.07473009358642176 0
    outer loop
      vertex 89.98755678140141 80.48895731546358 0
      vertex 89.95025806140767 80.98667414442411 10
      vertex 89.98755678140141 80.48895731546358 10
    endloop
  endfacet
  facet normal 0.9922392066001705 0.12434370464749754 0
    outer loop
      vertex 89.95025806140767 80.98667414442411 0
      vertex 89.88819657051353 81.4819130844235 10
      vertex 89.95025806140767 80.98667414442411 10
    endloop
  endfacet
  facet normal 0.9848077530122118 0.1736481776669095 0
    outer loop
      vertex 89.88819657051353 81.4819130844235 0
      vertex 89.80152660336393 81.97344289342597 10
      vertex 89.88819657051353 81.4819130844235 10
    endloop
  endfacet
  facet normal 0.974927912181821 0.22252093395632622 0
    outer loop
      vertex 89.80152660336393 81.97344289342597 0
      vertex 89.69046363515307 82.46004155087984 10
      vertex 89.80152660336393 81.97344289342597 10
    endloop
  endfacet
  facet normal 0.9626242469500081 0.2708404681430189 0
    outer loop
      vertex 89.69046363515307 82.46004155087984 0
      vertex 89.55528378591926 82.94049929585314 10
      vertex 89.69046363515307 82.46004155087984 10
    endloop
  endfacet
  facet normal 0.911505852311673 0.4112871031306115 0
    outer loop
      vertex 89.21397688082277 83.87823231070969 0
      vertex 89.0086983677032 84.33317622856676 10
      vertex 89.21397688082277 83.87823231070969 10
    endloop
  endfacet
  facet normal 0.9479273461671339 0.31848665025167805 0
    outer loop
      vertex 89.55528378591926 82.94049929585314 0
      vertex 89.39632313406693 83.41362163468995 10
      vertex 89.55528378591926 82.94049929585314 10
    endloop
  endfacet
  facet normal 0.9308737486442029 0.3653410243663983 0
    outer loop
      vertex 89.39632313406693 83.41362163468995 0
      vertex 89.21397688082277 83.87823231070969 10
      vertex 89.39632313406693 83.41362163468995 10
    endloop
  endfacet
  facet normal 0.5214352033794938 0.8532908816321583 0
    outer loop
      vertex 85.42088810129624 88.39865949073922 0
      vertex 84.99499999999999 88.65891429188223 10
      vertex 85.42088810129624 88.39865949073922 10
    endloop
  endfacet
  facet normal 0.5633200580636287 0.8262387743159904 0
    outer loop
      vertex 85.83327415907024 88.11749943721571 0
      vertex 85.42088810129624 88.39865949073922 10
      vertex 85.83327415907024 88.11749943721571 10
    endloop
  endfacet
  facet normal 0.4338837391175688 0.900968867902414 0
    outer loop
      vertex 84.55666868010516 88.89761680620279 0
      vertex 84.10698390233742 89.11417358163985 10
      vertex 84.55666868010516 88.89761680620279 10
    endloop
  endfacet
  facet normal 0.47825397862131874 0.8782215733702282 0
    outer loop
      vertex 84.99499999999999 88.65891429188223 0
      vertex 84.55666868010516 88.89761680620279 10
      vertex 84.99499999999999 88.65891429188223 10
    endloop
  endfacet
  facet normal 0.6038044103254778 0.7971325072229222 0
    outer loop
      vertex 86.23113291660592 87.81613313950497 0
      vertex 85.83327415907024 88.11749943721571 10
      vertex 86.23113291660592 87.81613313950497 10
    endloop
  endfacet
  facet normal 0.6427876096865303 0.7660444431189856 0
    outer loop
      vertex 86.61347523434456 87.49530984170701 0
      vertex 86.23113291660592 87.81613313950497 10
      vertex 86.61347523434456 87.49530984170701 10
    endloop
  endfacet
  facet normal 0.6801727377709244 0.7330518718298217 0
    outer loop
      vertex 86.97935054904158 87.15582716108977 0
      vertex 86.61347523434456 87.49530984170701 10
      vertex 86.97935054904158 87.15582716108977 10
    endloop
  endfacet
  facet normal 0.8119380057158535 0.5837436722347938 0
    outer loop
      vertex 88.2606501309031 85.62883378121685 0
      vertex 87.96929639730145 86.03408214735802 10
      vertex 88.2606501309031 85.62883378121685 10
    endloop
  endfacet
  facet normal 0.8400259231507675 0.5425462638657654 0
    outer loop
      vertex 88.53144172513788 85.20956638582877 0
      vertex 88.2606501309031 85.62883378121685 10
      vertex 88.53144172513788 85.20956638582877 10
    endloop
  endfacet
  facet normal 0.781831482468028 0.6234898018587356 0
    outer loop
      vertex 87.96929639730145 86.03408214735802 0
      vertex 87.65810487562096 86.42430397296225 10
      vertex 87.96929639730145 86.03408214735802 10
    endloop
  endfacet
  facet normal 0.715866849259721 0.6982368180860703 0
    outer loop
      vertex 87.32784923701655 86.7985291050869 0
      vertex 86.97935054904158 87.15582716108977 10
      vertex 87.32784923701655 86.7985291050869 10
    endloop
  endfacet
  facet normal 0.7497812029677344 0.6616858375968591 0
    outer loop
      vertex 87.65810487562096 86.42430397296225 0
      vertex 87.32784923701655 86.7985291050869 10
      vertex 87.65810487562096 86.42430397296225 10
    endloop
  endfacet
  facet normal 0.889871808811475 0.45621065735315036 0
    outer loop
      vertex 89.0086983677032 84.33317622856676 0
      vertex 88.78099794943599 84.77732232599939 10
      vertex 89.0086983677032 84.33317622856676 10
    endloop
  endfacet
  facet normal 0.8660254037844396 0.49999999999999833 0
    outer loop
      vertex 88.78099794943599 84.77732232599939 0
      vertex 88.53144172513788 85.20956638582877 10
      vertex 88.78099794943599 84.77732232599939 10
    endloop
  endfacet
  facet normal 0 0 -1
    outer loop
      vertex -87.96929639730145 -86.03408214735802 0
      vertex -79.52164570954363 -81.1548494156391 0
      vertex -87.65810487562096 -86.42430397296225 0
    endloop
  endfacet
  facet normal 0 0 -1
    outer loop
      vertex -88.78099794943599 -84.77732232599939 0
      vertex -89.0086983677032 -84.33317622856676 0
      vertex -81.1548494156391 -80.47835429045637 0
    endloop
  endfacet
  facet normal 0 0 -1
    outer loop
      vertex -88.78099794943599 -84.77732232599939 0
      vertex -80.88388347648319 -80.88388347648319 0
      vertex -88.53144172513788 -85.20956638582877 0
    endloop
  endfacet
  facet normal 0 0 -1
    outer loop
      vertex -89.39632313406693 -83.41362163468995 0
      vertex -81.25 -80 0
      vertex -89.21397688082277 -83.87823231070969 0
    endloop
  endfacet
  facet normal 0 0 -1
    outer loop
      vertex -89.0086983677032 -84.33317622856676 0
      vertex -89.21397688082277 -83.87823231070969 0
      vertex -81.1548494156391 -80.47835429045637 0
    endloop
  endfacet
  facet normal 0 0 -1
    outer loop
      vertex -88.2606501309031 -85.62883378121685 0
      vertex -88.53144172513788 -85.20956638582877 0
      vertex -80.47835429045637 -81.1548494156391 0
    endloop
  endfacet
  facet normal 0 0 -1
    outer loop
      vertex -87.96929639730145 -86.03408214735802 0
      vertex -88.2606501309031 -85.62883378121685 0
      vertex -80 -81.25 0
    endloop
  endfacet
  facet normal 0 0 -1
    outer loop
      vertex -89.39632313406693 -83.41362163468995 0
      vertex -89.55528378591926 -82.94049929585314 0
      vertex -74.31806770157024 -75.67105795193574 0
    endloop
  endfacet
  facet normal 0 0 -1
    outer loop
      vertex -89.69046363515307 -82.46004155087984 0
      vertex -74.75028470320652 -75.44003315141387 0
      vertex -89.55528378591926 -82.94049929585314 0
    endloop
  endfacet
  facet normal 0 0 -1
    outer loop
      vertex -89.88819657051353 -81.4819130844235 0
      vertex -89.95025806140767 -80.98667414442411 0
      vertex -75.44003315141387 -74.75028470320652 0
    endloop
  endfacet
  facet normal 0 0 -1
    outer loop
      vertex -89.69046363515307 -82.46004155087984 0
      vertex -89.80152660336393 -81.97344289342597 0
      vertex -75.12912607362388 -75.12912607362388 0
    endloop
  endfacet
  facet normal 0 0 -1
    outer loop
      vertex -89.80152660336393 -81.97344289342597 0
      vertex -89.88819657051353 -81.4819130844235 0
      vertex -75.12912607362388 -75.12912607362388 0
    endloop
  endfacet
  facet normal 0 0 -1
    outer loop
      vertex -88.53144172513788 -85.20956638582877 0
      vertex -80.88388347648319 -80.88388347648319 0
      vertex -80.47835429045637 -81.1548494156391 0
    endloop
  endfacet
  facet normal 0 0 -1
    outer loop
      vertex -88.78099794943599 -84.77732232599939 0
      vertex -81.1548494156391 -80.47835429045637 0
      vertex -80.88388347648319 -80.88388347648319 0
    endloop
  endfacet
  facet normal 0 0 -1
    outer loop
      vertex -88.2606501309031 -85.62883378121685 0
      vertex -80.47835429045637 -81.1548494156391 0
      vertex -80 -81.25 0
    endloop
  endfacet
  facet normal 0 0 -1
    outer loop
      vertex -87.96929639730145 -86.03408214735802 0
      vertex -80 -81.25 0
      vertex -79.52164570954363 -81.1548494156391 0
    endloop
  endfacet
  facet normal 0 0 -1
    outer loop
      vertex -89.21397688082277 -83.87823231070969 0
      vertex -81.25 -80 0
      vertex -81.1548494156391 -80.47835429045637 0
    endloop
  endfacet
  facet normal 0 0 -1
    outer loop
      vertex -89.39632313406693 -83.41362163468995 0
      vertex -81.1548494156391 -79.52164570954363 0
      vertex -81.25 -80 0
    endloop
  endfacet
  facet normal 0 0 -1
    outer loop
      vertex -89.39632313406693 -83.41362163468995 0
      vertex -80.88388347648319 -79.11611652351681 0
      vertex -81.1548494156391 -79.52164570954363 0
    endloop
  endfacet
  facet normal 0 0 -1
    outer loop
      vertex -89.39632313406693 -83.41362163468995 0
      vertex -80.47835429045637 -78.8451505843609 0
      vertex -80.88388347648319 -79.11611652351681 0
    endloop
  endfacet
  facet normal 0 0 -1
    outer loop
      vertex -89.39632313406693 -83.41362163468995 0
      vertex -74.31806770157024 -75.67105795193574 0
      vertex -80.47835429045637 -78.8451505843609 0
    endloop
  endfacet
  facet normal 0 0 -1
    outer loop
      vertex -89.95025806140767 -80.98667414442411 0
      vertex -89.98755678140141 -80.48895731546358 0
      vertex -75.44003315141387 -74.75028470320652 0
    endloop
  endfacet
  facet normal 0 0 -1
    outer loop
      vertex -89.98755678140141 -80.48895731546358 0
      vertex -89.99987530778472 -79.99499999999999 0
      vertex -75.67105795193574 -74.31806770157024 0
    endloop
  endfacet
  facet normal 0 0 -1
    outer loop
      vertex -89.98755678140141 -80.48895731546358 0
      vertex -75.67105795193574 -74.31806770157024 0
      vertex -75.44003315141387 -74.75028470320652 0
    endloop
  endfacet
  facet normal 0 0 -1
    outer loop
      vertex -89.99987530778472 -79.99499999999999 0
      vertex -75.8133223216656 -73.84908492569784 0
      vertex -75.67105795193574 -74.31806770157024 0
    endloop
  endfacet
  facet normal 0 0 -1
    outer loop
      vertex -89.69046363515307 -82.46004155087984 0
      vertex -75.12912607362388 -75.12912607362388 0
      vertex -74.75028470320652 -75.44003315141387 0
    endloop
  endfacet
  facet normal 0 0 -1
    outer loop
      vertex -89.55528378591926 -82.94049929585314 0
      vertex -74.75028470320652 -75.44003315141387 0
      vertex -74.31806770157024 -75.67105795193574 0
    endloop
  endfacet
  facet normal 0 0 -1
    outer loop
      vertex -89.88819657051353 -81.4819130844235 0
      vertex -75.44003315141387 -74.75028470320652 0
      vertex -75.12912607362388 -75.12912607362388 0
    endloop
  endfacet
  facet normal 0 0 -1
    outer loop
      vertex -89.99987530778472 -79.99499999999999 0
      vertex -75.86135912065751 -73.36135912065751 0
      vertex -75.8133223216656 -73.84908492569784 0
    endloop
  endfacet
  facet normal 0 0 -1
    outer loop
      vertex -89.99987530778472 -79.99499999999999 0
      vertex -75.8133223216656 -72.8736333156172 0
      vertex -75.86135912065751 -73.36135912065751 0
    endloop
  endfacet
  facet normal 0 0 -1
    outer loop
      vertex -89.99987530778472 -79.99499999999999 0
      vertex -75.67105795193574 -72.4046505397448 0
      vertex -75.8133223216656 -72.8736333156172 0
    endloop
  endfacet
  facet normal 0 0 -1
    outer loop
      vertex -89.99987530778472 -79.99499999999999 0
      vertex -75.44003315141387 -71.9724335381085 0
      vertex -75.67105795193574 -72.4046505397448 0
    endloop
  endfacet
  facet normal 0 0 -1
    outer loop
      vertex -89.99987530778472 -79.99499999999999 0
      vertex -75.12912607362388 -71.59359216769114 0
      vertex -75.44003315141387 -71.9724335381085 0
    endloop
  endfacet
  facet normal 0 0 -1
    outer loop
      vertex -74.31806770157024 -75.67105795193574 0
      vertex -80 -78.75 0
      vertex -80.47835429045637 -78.8451505843609 0
    endloop
  endfacet
  facet normal 0 0 -1
    outer loop
      vertex -73.84908492569784 -75.8133223216656 0
      vertex -79.52164570954363 -78.8451505843609 0
      vertex -80 -78.75 0
    endloop
  endfacet
  facet normal 0 0 -1
    outer loop
      vertex -78.8451505843609 -79.52164570954363 0
      vertex -79.11611652351681 -79.11611652351681 0
      vertex -72.8736333156172 -75.8133223216656 0
    endloop
  endfacet
  facet normal 0 0 -1
    outer loop
      vertex -72.8736333156172 -75.8133223216656 0
      vertex -79.11611652351681 -79.11611652351681 0
      vertex -79.52164570954363 -78.8451505843609 0
    endloop
  endfacet
  facet normal 0 0 -1
    outer loop
      vertex -73.84908492569784 -75.8133223216656 0
      vertex -80 -78.75 0
      vertex -74.31806770157024 -75.67105795193574 0
    endloop
  endfacet
  facet normal 0 0 -1
    outer loop
      vertex -79.52164570954363 -78.8451505843609 0
      vertex -73.84908492569784 -75.8133223216656 0
      vertex -73.36135912065751 -75.86135912065751 0
    endloop
  endfacet
  facet normal 0 0 -1
    outer loop
      vertex -72.8736333156172 -75.8133223216656 0
      vertex -79.52164570954363 -78.8451505843609 0
      vertex -73.36135912065751 -75.86135912065751 0
    endloop
  endfacet
  facet normal 0 0 -1
    outer loop
      vertex -78.8451505843609 -79.52164570954363 0
      vertex -72.8736333156172 -75.8133223216656 0
      vertex -72.4046505397448 -75.67105795193574 0
    endloop
  endfacet
  facet normal 0 0 -1
    outer loop
      vertex -78.8451505843609 -79.52164570954363 0
      vertex -72.4046505397448 -75.67105795193574 0
      vertex -71.9724335381085 -75.44003315141387 0
    endloop
  endfacet
  facet normal 0 0 -1
    outer loop
      vertex -89.99987530778472 -79.99499999999999 0
      vertex -67.0875 -56.25 0
      vertex -75.12912607362388 -71.59359216769114 0
    endloop
  endfacet
  facet normal 0 0 -1
    outer loop
      vertex -87.32784923701655 -86.7985291050869 0
      vertex -36.825 -56.25 0
      vertex -86.97935054904158 -87.15582716108977 0
    endloop
  endfacet
  facet normal 0 0 -1
    outer loop
      vertex -87.32784923701655 -86.7985291050869 0
      vertex -87.65810487562096 -86.42430397296225 0
      vertex -36.825 -56.25 0
    endloop
  endfacet
  facet normal 0 0 -1
    outer loop
      vertex -85.83327415907024 -88.11749943721571 0
      vertex -86.23113291660592 -87.81613313950497 0
      vertex -36.825 -56.25 0
    endloop
  endfacet
  facet normal 0 0 -1
    outer loop
      vertex -85.83327415907024 -88.11749943721571 0
      vertex -36.825 -56.25 0
      vertex -85.42088810129624 -88.39865949073922 0
    endloop
  endfacet
  facet normal 0 0 -1
    outer loop
      vertex -84.99499999999999 -88.65891429188223 0
      vertex -85.42088810129624 -88.39865949073922 0
      vertex -36.825 -56.25 0
    endloop
  endfacet
  facet normal 0 0 -1
    outer loop
      vertex -86.61347523434456 -87.49530984170701 0
      vertex -86.97935054904158 -87.15582716108977 0
      vertex -36.825 -56.25 0
    endloop
  endfacet
  facet normal 0 0 -1
    outer loop
      vertex -86.61347523434456 -87.49530984170701 0
      vertex -36.825 -56.25 0
      vertex -86.23113291660592 -87.81613313950497 0
    endloop
  endfacet
  facet normal 0 0 -1
    outer loop
      vertex -84.55666868010516 -88.89761680620279 0
      vertex -36.825 -56.25 0
      vertex -84.10698390233742 -89.11417358163985 0
    endloop
  endfacet
  facet normal 0 0 -1
    outer loop
      vertex -84.99499999999999 -88.65891429188223 0
      vertex -36.825 -56.25 0
      vertex -84.55666868010516 -88.89761680620279 0
    endloop
  endfacet
  facet normal 0 0 -1
    outer loop
      vertex -84.10698390233742 -89.11417358163985 0
      vertex -36.825 -56.25 0
      vertex -83.64706365390761 -89.30804622392847 0
    endloop
  endfacet
  facet normal 0 0 -1
    outer loop
      vertex -83.64706365390761 -89.30804622392847 0
      vertex -36.825 -56.25 0
      vertex -83.17805136901936 -89.47875273513299 0
    endloop
  endfacet
  facet normal 0 0 -1
    outer loop
      vertex -83.17805136901936 -89.47875273513299 0
      vertex -36.825 -56.25 0
      vertex -82.70111308611148 -89.62586871196962 0
    endloop
  endfacet
  facet normal 0 0 -1
    outer loop
      vertex -87.65810487562096 -86.42430397296225 0
      vertex -79.52164570954363 -81.1548494156391 0
      vertex -36.825 -56.25 0
    endloop
  endfacet
  facet normal 0 0 -1
    outer loop
      vertex -89.99987530778472 -79.99499999999999 0
      vertex -73.65 -28.125 0
      vertex -73.65 -56.25 0
    endloop
  endfacet
  facet normal 0 0 -1
    outer loop
      vertex -89.99987530778472 -79.99499999999999 0
      vertex -73.65 -56.25 0
      vertex -67.0875 -56.25 0
    endloop
  endfacet
  facet normal 0 0 -1
    outer loop
      vertex -67.0875 -56.25 0
      vertex -65.40640783230886 -61.87087392637612 0
      vertex -75.12912607362388 -71.59359216769114 0
    endloop
  endfacet
  facet normal 0 0 -1
    outer loop
      vertex -82.70111308611148 -89.62586871196962 0
      vertex -36.825 -56.25 0
      vertex -82.2174345489027 -89.74902840094005 0
    endloop
  endfacet
  facet normal 0 0 -1
    outer loop
      vertex -82.2174345489027 -89.74902840094005 0
      vertex -36.825 -56.25 0
      vertex -81.72821825844596 -89.8479256076522 0
    endloop
  endfacet
  facet normal 0 0 -1
    outer loop
      vertex -81.72821825844596 -89.8479256076522 0
      vertex -36.825 -56.25 0
      vertex -81.23468048352132 -89.92231445806772 0
    endloop
  endfacet
  facet normal 0 0 -1
    outer loop
      vertex -81.23468048352132 -89.92231445806772 0
      vertex -36.825 -56.25 0
      vertex -80.7380482368001 -89.9720100097836 0
    endloop
  endfacet
  facet normal 0 0 -1
    outer loop
      vertex -80.7380482368001 -89.9720100097836 0
      vertex -36.825 -56.25 0
      vertex -80.2395562242981 -89.99688871182816 0
    endloop
  endfacet
  facet normal 0 0 -1
    outer loop
      vertex -80.2395562242981 -89.99688871182816 0
      vertex -36.825 -56.25 0
      vertex -79.99499999999999 -89.99688871182816 0
    endloop
  endfacet
  facet normal 0 0 -1
    outer loop
      vertex -36.825 -56.25 0
      vertex -79.52164570954363 -81.1548494156391 0
      vertex -79.11611652351681 -80.88388347648319 0
    endloop
  endfacet
  facet normal 0 0 -1
    outer loop
      vertex -36.825 -56.25 0
      vertex -79.11611652351681 -80.88388347648319 0
      vertex -78.8451505843609 -80.47835429045637 0
    endloop
  endfacet
  facet normal 0 0 -1
    outer loop
      vertex -36.825 -56.25 0
      vertex -78.8451505843609 -80.47835429045637 0
      vertex -78.75 -80 0
    endloop
  endfacet
  facet normal 0 0 -1
    outer loop
      vertex -36.825 -56.25 0
      vertex -78.75 -80 0
      vertex -78.8451505843609 -79.52164570954363 0
    endloop
  endfacet
  facet normal 0 0 -1
    outer loop
      vertex -36.825 -56.25 0
      vertex -78.8451505843609 -79.52164570954363 0
      vertex -71.9724335381085 -75.44003315141387 0
    endloop
  endfacet
  facet normal 0 0 -1
    outer loop
      vertex -36.825 -56.25 0
      vertex -71.9724335381085 -75.44003315141387 0
      vertex -71.59359216769114 -75.12912607362388 0
    endloop
  endfacet
  facet normal 0 0 -1
    outer loop
      vertex -67.0875 -56.25 0
      vertex -65.0275664618915 -61.55996684858612 0
      vertex -65.40640783230886 -61.87087392637612 0
    endloop
  endfacet
  facet normal 0 0 -1
    outer loop
      vertex -67.0875 -56.25 0
      vertex -64.5953494602552 -61.32894204806427 0
      vertex -65.0275664618915 -61.55996684858612 0
    endloop
  endfacet
  facet normal 0 0 -1
    outer loop
      vertex -67.0875 -56.25 0
      vertex -64.1263666843828 -61.18667767833441 0
      vertex -64.5953494602552 -61.32894204806427 0
    endloop
  endfacet
  facet normal 0 0 -1
    outer loop
      vertex -67.0875 -56.25 0
      vertex -63.63864087934249 -61.13864087934249 0
      vertex -64.1263666843828 -61.18667767833441 0
    endloop
  endfacet
  facet normal 0 0 -1
    outer loop
      vertex -67.0875 -56.25 0
      vertex -63.15091507430216 -61.186677678334405 0
      vertex -63.63864087934249 -61.13864087934249 0
    endloop
  endfacet
  facet normal 0 0 -1
    outer loop
      vertex -67.0875 -56.25 0
      vertex -62.68193229842976 -61.32894204806427 0
      vertex -63.15091507430216 -61.186677678334405 0
    endloop
  endfacet
  facet normal 0 0 -1
    outer loop
      vertex -67.0875 -56.25 0
      vertex -62.24971529679348 -61.55996684858612 0
      vertex -62.68193229842976 -61.32894204806427 0
    endloop
  endfacet
  facet normal 0 0 -1
    outer loop
      vertex -36.825 -56.25 0
      vertex -71.59359216769114 -75.12912607362388 0
      vertex -61.87087392637612 -65.40640783230886 0
    endloop
  endfacet
  facet normal 0 0 -1
    outer loop
      vertex -36.825 -56.25 0
      vertex -61.87087392637612 -65.40640783230886 0
      vertex -61.55996684858612 -65.0275664618915 0
    endloop
  endfacet
  facet normal 0 0 -1
    outer loop
      vertex -36.825 -56.25 0
      vertex -61.55996684858612 -65.0275664618915 0
      vertex -61.32894204806427 -64.5953494602552 0
    endloop
  endfacet
  facet normal 0 0 -1
    outer loop
      vertex -36.825 -56.25 0
      vertex -61.87087392637612 -61.87087392637612 0
      vertex -62.24971529679348 -61.55996684858612 0
    endloop
  endfacet
  facet normal 0 0 -1
    outer loop
      vertex -67.0875 -56.25 0
      vertex -36.825 -56.25 0
      vertex -62.24971529679348 -61.55996684858612 0
    endloop
  endfacet
  facet normal 0 0 -1
    outer loop
      vertex -36.825 -56.25 0
      vertex -61.32894204806427 -64.5953494602552 0
      vertex -61.18667767833441 -64.1263666843828 0
    endloop
  endfacet
  facet normal 0 0 -1
    outer loop
      vertex -36.825 -56.25 0
      vertex -61.18667767833441 -64.1263666843828 0
      vertex -61.13864087934249 -63.63864087934249 0
    endloop
  endfacet
  facet normal 0 0 -1
    outer loop
      vertex -36.825 -56.25 0
      vertex -61.186677678334405 -63.15091507430216 0
      vertex -61.32894204806427 -62.68193229842976 0
    endloop
  endfacet
  facet normal 0 0 -1
    outer loop
      vertex -36.825 -56.25 0
      vertex -61.13864087934249 -63.63864087934249 0
      vertex -61.186677678334405 -63.15091507430216 0
    endloop
  endfacet
  facet normal 0 0 -1
    outer loop
      vertex -36.825 -56.25 0
      vertex -61.55996684858612 -62.24971529679348 0
      vertex -61.87087392637612 -61.87087392637612 0
    endloop
  endfacet
  facet normal 0 0 -1
    outer loop
      vertex -36.825 -56.25 0
      vertex -61.32894204806427 -62.68193229842976 0
      vertex -61.55996684858612 -62.24971529679348 0
    endloop
  endfacet
  facet normal 0 0 -1
    outer loop
      vertex -79.99499999999999 -89.99688871182816 0
      vertex -36.825 -56.25 0
      vertex -30.262500000000003 -56.25 0
    endloop
  endfacet
  facet normal 0 0 -1
    outer loop
      vertex -89.99987530778472 -79.99499999999999 0
      vertex -73.65 0 0
      vertex -73.65 -28.125 0
    endloop
  endfacet
  facet normal 0 0 -1
    outer loop
      vertex -90 -79.99499999999999 0
      vertex -89.99688871182816 79.99499999999999 0
      vertex -89.99987530778472 -79.99499999999999 0
    endloop
  endfacet
  facet normal -1 0 0
    outer loop
      vertex -90 -79.99499999999999 0
      vertex -90 -79.99499999999999 10
      vertex -90 79.99499999999999 0
    endloop
  endfacet
  facet normal 0 0 -1
    outer loop
      vertex -79.99499999999999 -90 0
      vertex -79.99499999999999 -89.99688871182816 0
      vertex 79.99499999999999 -90 0
    endloop
  endfacet
  facet normal 0 0 -1
    outer loop
      vertex -79.99499999999999 -89.99688871182816 0
      vertex -30.262500000000003 -56.25 0
      vertex 0 -56.25 0
    endloop
  endfacet
  facet normal 0 0 -1
    outer loop
      vertex -79.99499999999999 -89.99688871182816 0
      vertex 0 -56.25 0
      vertex 6.5625 -56.25 0
    endloop
  endfacet
  facet normal 0 0 -1
    outer loop
      vertex -79.99499999999999 -89.99688871182816 0
      vertex 6.5625 -56.25 0
      vertex 36.825 -56.25 0
    endloop
  endfacet
  facet normal 0 0 1
    outer loop
      vertex -89.95025806140767 -80.98667414442411 10
      vertex -89.99987530778472 -79.99499999999999 10
      vertex -89.98755678140141 -80.48895731546358 10
    endloop
  endfacet
  facet normal 0 0 1
    outer loop
      vertex -80.7380482368001 -89.9720100097836 10
      vertex -80.2395562242981 -89.99688871182816 10
      vertex -80.88388347648319 -80.88388347648319 10
    endloop
  endfacet
  facet normal 0 0 1
    outer loop
      vertex -80.2395562242981 -89.99688871182816 10
      vertex -79.99499999999999 -89.99688871182816 10
      vertex -80.88388347648319 -80.88388347648319 10
    endloop
  endfacet
  facet normal 0 0 1
    outer loop
      vertex -80.7380482368001 -89.9720100097836 10
      vertex -80.88388347648319 -80.88388347648319 10
      vertex -81.1548494156391 -80.47835429045637 10
    endloop
  endfacet
  facet normal 0 0 1
    outer loop
      vertex -80.7380482368001 -89.9720100097836 10
      vertex -81.1548494156391 -80.47835429045637 10
      vertex -81.25 -80 10
    endloop
  endfacet
  facet normal 0 0 1
    outer loop
      vertex -79.99499999999999 -89.99688871182816 10
      vertex -80 -81.25 10
      vertex -80.47835429045637 -81.1548494156391 10
    endloop
  endfacet
  facet normal 0 0 1
    outer loop
      vertex -79.99499999999999 -89.99688871182816 10
      vertex -80.47835429045637 -81.1548494156391 10
      vertex -80.88388347648319 -80.88388347648319 10
    endloop
  endfacet
  facet normal 0 0 1
    outer loop
      vertex -79.99499999999999 -89.99688871182816 10
      vertex -79.52164570954363 -81.1548494156391 10
      vertex -80 -81.25 10
    endloop
  endfacet
  facet normal 0 0 1
    outer loop
      vertex -79.99499999999999 -89.99688871182816 10
      vertex -79.11611652351681 -80.88388347648319 10
      vertex -79.52164570954363 -81.1548494156391 10
    endloop
  endfacet
  facet normal 0 0 1
    outer loop
      vertex -79.99499999999999 -89.99688871182816 10
      vertex -78.8451505843609 -80.47835429045637 10
      vertex -79.11611652351681 -80.88388347648319 10
    endloop
  endfacet
  facet normal 0 0 1
    outer loop
      vertex -79.99499999999999 -89.99688871182816 10
      vertex -77.12808058000726 -74.15779458425395 10
      vertex -78.8451505843609 -80.47835429045637 10
    endloop
  endfacet
  facet normal 0 0 1
    outer loop
      vertex -79.99499999999999 -89.99688871182816 10
      vertex -76.55392041058012 -75.51311477827474 10
      vertex -76.80286993265608 -75.08719321781082 10
    endloop
  endfacet
  facet normal 0 0 1
    outer loop
      vertex -79.99499999999999 -89.99688871182816 10
      vertex -75.90370457032908 -76.25254912038675 10
      vertex -76.25254912038675 -75.90370457032908 10
    endloop
  endfacet
  facet normal 0 0 1
    outer loop
      vertex -79.99499999999999 -89.99688871182816 10
      vertex -76.25254912038675 -75.90370457032908 10
      vertex -76.55392041058012 -75.51311477827474 10
    endloop
  endfacet
  facet normal 0 0 1
    outer loop
      vertex -79.99499999999999 -89.99688871182816 10
      vertex -76.80286993265608 -75.08719321781082 10
      vertex -76.99530994234473 -74.63293350918491 10
    endloop
  endfacet
  facet normal 0 0 1
    outer loop
      vertex -79.99499999999999 -89.99688871182816 10
      vertex -76.99530994234473 -74.63293350918491 10
      vertex -77.12808058000726 -74.15779458425395 10
    endloop
  endfacet
  facet normal 0 0 1
    outer loop
      vertex -79.99499999999999 -89.99688871182816 10
      vertex -75.51311477827474 -76.55392041058012 10
      vertex -75.90370457032908 -76.25254912038675 10
    endloop
  endfacet
  facet normal 0 0 1
    outer loop
      vertex -79.99499999999999 -89.99688871182816 10
      vertex -75.08719321781082 -76.80286993265608 10
      vertex -75.51311477827474 -76.55392041058012 10
    endloop
  endfacet
  facet normal 0 0 1
    outer loop
      vertex -79.99499999999999 -89.99688871182816 10
      vertex -74.63293350918491 -76.99530994234473 10
      vertex -75.08719321781082 -76.80286993265608 10
    endloop
  endfacet
  facet normal 0 0 1
    outer loop
      vertex -79.99499999999999 -89.99688871182816 10
      vertex -74.15779458425395 -77.12808058000726 10
      vertex -74.63293350918491 -76.99530994234473 10
    endloop
  endfacet
  facet normal 0 0 1
    outer loop
      vertex -79.99499999999999 -89.99688871182816 10
      vertex -73.66957821102937 -77.19900175544392 10
      vertex -74.15779458425395 -77.12808058000726 10
    endloop
  endfacet
  facet normal 0 0 1
    outer loop
      vertex -79.99499999999999 -89.99688871182816 10
      vertex -73.17630088886207 -77.20690894491474 10
      vertex -73.66957821102937 -77.19900175544392 10
    endloop
  endfacet
  facet normal 0 0 1
    outer loop
      vertex -79.99499999999999 -89.99688871182816 10
      vertex -72.68606221774465 -77.15167231258721 10
      vertex -73.17630088886207 -77.20690894491474 10
    endloop
  endfacet
  facet normal 0 0 1
    outer loop
      vertex -79.99499999999999 -89.99688871182816 10
      vertex -72.20691190310346 -77.03419884243706 10
      vertex -72.68606221774465 -77.15167231258721 10
    endloop
  endfacet
  facet normal 0 0 1
    outer loop
      vertex -79.99499999999999 -89.99688871182816 10
      vertex -71.74671757985809 -76.85641744559643 10
      vertex -72.20691190310346 -77.03419884243706 10
    endloop
  endfacet
  facet normal 0 0 1
    outer loop
      vertex -79.99499999999999 -89.99688871182816 10
      vertex -71.31303562607347 -76.6212472876864 10
      vertex -71.74671757985809 -76.85641744559643 10
    endloop
  endfacet
  facet normal 0 0 1
    outer loop
      vertex -77.12808058000726 -74.15779458425395 10
      vertex -78.75 -80 10
      vertex -78.8451505843609 -80.47835429045637 10
    endloop
  endfacet
  facet normal 0 0 1
    outer loop
      vertex -77.12808058000726 -74.15779458425395 10
      vertex -78.8451505843609 -79.52164570954363 10
      vertex -78.75 -80 10
    endloop
  endfacet
  facet normal 0 0 1
    outer loop
      vertex -77.19900175544392 -73.66957821102937 10
      vertex -78.8451505843609 -79.52164570954363 10
      vertex -77.12808058000726 -74.15779458425395 10
    endloop
  endfacet
  facet normal 0 0 1
    outer loop
      vertex -76.08372022822573 -70.6389980130893 10
      vertex -76.33254985619824 -70.91298708744097 10
      vertex -76.07952339412549 -70.64319484718955 10
    endloop
  endfacet
  facet normal 0 0 1
    outer loop
      vertex -70.64319484718955 -76.07952339412549 10
      vertex -70.91298708744097 -76.33254985619824 10
      vertex -70.6389980130893 -76.08372022822573 10
    endloop
  endfacet
  facet normal 0 0 1
    outer loop
      vertex -73.65 -56.25 10
      vertex -77.15167231258721 -72.68606221774465 10
      vertex -77.03419884243706 -72.20691190310346 10
    endloop
  endfacet
  facet normal 0 0 1
    outer loop
      vertex -73.65 -56.25 10
      vertex -77.03419884243706 -72.20691190310346 10
      vertex -76.85641744559643 -71.74671757985809 10
    endloop
  endfacet
  facet normal 0 0 1
    outer loop
      vertex -73.65 -56.25 10
      vertex -76.85641744559643 -71.74671757985809 10
      vertex -76.6212472876864 -71.31303562607347 10
    endloop
  endfacet
  facet normal 0 0 1
    outer loop
      vertex -73.65 -56.25 10
      vertex -76.6212472876864 -71.31303562607347 10
      vertex -76.33254985619824 -70.91298708744097 10
    endloop
  endfacet
  facet normal 0 0 1
    outer loop
      vertex -73.65 -56.25 10
      vertex -76.33254985619824 -70.91298708744097 10
      vertex -76.08372022822573 -70.6389980130893 10
    endloop
  endfacet
  facet normal 0 0 1
    outer loop
      vertex -73.65 -56.25 10
      vertex -76.08372022822573 -70.6389980130893 10
      vertex -66.3610019869107 -60.91627977177428 10
    endloop
  endfacet
  facet normal 0 0 1
    outer loop
      vertex -73.65 -56.25 10
      vertex -66.3610019869107 -60.91627977177428 10
      vertex -67.0875 -56.25 10
    endloop
  endfacet
  facet normal 0 0 1
    outer loop
      vertex -79.99499999999999 -89.99688871182816 10
      vertex -36.825 -56.25 10
      vertex -71.31303562607347 -76.6212472876864 10
    endloop
  endfacet
  facet normal 0 0 1
    outer loop
      vertex -36.825 -56.25 10
      vertex -70.91298708744097 -76.33254985619824 10
      vertex -71.31303562607347 -76.6212472876864 10
    endloop
  endfacet
  facet normal 0 0 1
    outer loop
      vertex -36.825 -56.25 10
      vertex -70.6389980130893 -76.08372022822573 10
      vertex -70.91298708744097 -76.33254985619824 10
    endloop
  endfacet
  facet normal 0 0 1
    outer loop
      vertex -66.35680515281045 -60.92047660587451 10
      vertex -66.27234731366048 -60.83042250858995 10
      vertex -66.3610019869107 -60.91627977177428 10
    endloop
  endfacet
  facet normal 0 0 1
    outer loop
      vertex -67.0875 -56.25 10
      vertex -66.3610019869107 -60.91627977177428 10
      vertex -66.27234731366048 -60.83042250858995 10
    endloop
  endfacet
  facet normal 0 0 1
    outer loop
      vertex -67.0875 -56.25 10
      vertex -66.27234731366048 -60.83042250858995 10
      vertex -65.89161762559897 -60.51668703906432 10
    endloop
  endfacet
  facet normal 0 0 1
    outer loop
      vertex -67.0875 -56.25 10
      vertex -65.89161762559897 -60.51668703906432 10
      vertex -65.47389412165084 -60.254213965285004 10
    endloop
  endfacet
  facet normal 0 0 1
    outer loop
      vertex -67.0875 -56.25 10
      vertex -65.47389412165084 -60.254213965285004 10
      vertex -65.02603581020232 -60.04731308786697 10
    endloop
  endfacet
  facet normal 0 0 1
    outer loop
      vertex -67.0875 -56.25 10
      vertex -65.02603581020232 -60.04731308786697 10
      vertex -64.5553965123457 -59.89938171349735 10
    endloop
  endfacet
  facet normal 0 0 1
    outer loop
      vertex -67.0875 -56.25 10
      vertex -64.5553965123457 -59.89938171349735 10
      vertex -64.06970411234022 -59.8128488712535 10
    endloop
  endfacet
  facet normal 0 0 1
    outer loop
      vertex -36.825 -56.25 10
      vertex -60.91627977177428 -66.3610019869107 10
      vertex -70.6389980130893 -76.08372022822573 10
    endloop
  endfacet
  facet normal 0 0 1
    outer loop
      vertex -36.825 -56.25 10
      vertex -60.92047660587451 -66.35680515281045 10
      vertex -60.91627977177428 -66.3610019869107 10
    endloop
  endfacet
  facet normal 0 0 1
    outer loop
      vertex -36.825 -56.25 10
      vertex -60.83042250858995 -66.27234731366048 10
      vertex -60.92047660587451 -66.35680515281045 10
    endloop
  endfacet
  facet normal 0 0 1
    outer loop
      vertex -36.825 -56.25 10
      vertex -60.51668703906432 -65.89161762559897 10
      vertex -60.83042250858995 -66.27234731366048 10
    endloop
  endfacet
  facet normal 0 0 1
    outer loop
      vertex -36.825 -56.25 10
      vertex -60.254213965285004 -65.47389412165084 10
      vertex -60.51668703906432 -65.89161762559897 10
    endloop
  endfacet
  facet normal 0 0 1
    outer loop
      vertex -36.825 -56.25 10
      vertex -60.04731308786697 -65.02603581020232 10
      vertex -60.254213965285004 -65.47389412165084 10
    endloop
  endfacet
  facet normal 0 0 1
    outer loop
      vertex -36.825 -56.25 10
      vertex -59.89938171349735 -64.5553965123457 10
      vertex -60.04731308786697 -65.02603581020232 10
    endloop
  endfacet
  facet normal 0 0 1
    outer loop
      vertex -67.0875 -56.25 10
      vertex -64.06970411234022 -59.8128488712535 10
      vertex -36.825 -56.25 10
    endloop
  endfacet
  facet normal 0 0 1
    outer loop
      vertex -36.825 -56.25 10
      vertex -64.06970411234022 -59.8128488712535 10
      vertex -63.576933665966315 -59.78913542801275 10
    endloop
  endfacet
  facet normal 0 0 1
    outer loop
      vertex -36.825 -56.25 10
      vertex -63.576933665966315 -59.78913542801275 10
      vertex -63.08517645033006 -59.82863075785751 10
    endloop
  endfacet
  facet normal 0 0 1
    outer loop
      vertex -36.825 -56.25 10
      vertex -63.08517645033006 -59.82863075785751 10
      vertex -62.60250710531684 -59.93068634856364 10
    endloop
  endfacet
  facet normal 0 0 1
    outer loop
      vertex -36.825 -56.25 10
      vertex -62.60250710531684 -59.93068634856364 10
      vertex -62.136851048227655 -60.093626450153224 10
    endloop
  endfacet
  facet normal 0 0 1
    outer loop
      vertex -36.825 -56.25 10
      vertex -62.136851048227655 -60.093626450153224 10
      vertex -61.69585433864616 -60.314775590662876 10
    endloop
  endfacet
  facet normal 0 0 1
    outer loop
      vertex -36.825 -56.25 10
      vertex -59.8128488712535 -64.06970411234022 10
      vertex -59.89938171349735 -64.5553965123457 10
    endloop
  endfacet
  facet normal 0 0 1
    outer loop
      vertex -36.825 -56.25 10
      vertex -59.78913542801275 -63.576933665966315 10
      vertex -59.8128488712535 -64.06970411234022 10
    endloop
  endfacet
  facet normal 0 0 1
    outer loop
      vertex -36.825 -56.25 10
      vertex -59.82863075785751 -63.08517645033006 10
      vertex -59.78913542801275 -63.576933665966315 10
    endloop
  endfacet
  facet normal 0 0 1
    outer loop
      vertex -36.825 -56.25 10
      vertex -59.93068634856364 -62.60250710531684 10
      vertex -59.82863075785751 -63.08517645033006 10
    endloop
  endfacet
  facet normal 0 0 1
    outer loop
      vertex -36.825 -56.25 10
      vertex -60.91627977177428 -60.91627977177428 10
      vertex -60.590502507319435 -61.28675813035165 10
    endloop
  endfacet
  facet normal 0 0 1
    outer loop
      vertex -36.825 -56.25 10
      vertex -61.28675813035166 -60.590502507319435 10
      vertex -60.91627977177428 -60.91627977177428 10
    endloop
  endfacet
  facet normal 0 0 1
    outer loop
      vertex -36.825 -56.25 10
      vertex -60.314775590662876 -61.69585433864616 10
      vertex -60.093626450153224 -62.136851048227655 10
    endloop
  endfacet
  facet normal 0 0 1
    outer loop
      vertex -36.825 -56.25 10
      vertex -60.093626450153224 -62.136851048227655 10
      vertex -59.93068634856364 -62.60250710531684 10
    endloop
  endfacet
  facet normal 0 0 1
    outer loop
      vertex -36.825 -56.25 10
      vertex -60.590502507319435 -61.28675813035165 10
      vertex -60.314775590662876 -61.69585433864616 10
    endloop
  endfacet
  facet normal 0 0 1
    outer loop
      vertex -36.825 -56.25 10
      vertex -61.69585433864616 -60.314775590662876 10
      vertex -61.28675813035166 -60.590502507319435 10
    endloop
  endfacet
  facet normal 0 0 1
    outer loop
      vertex -79.99499999999999 -89.99688871182816 10
      vertex -30.262500000000003 -56.25 10
      vertex -36.825 -56.25 10
    endloop
  endfacet
  facet normal 0 0 1
    outer loop
      vertex -87.32784923701655 -86.7985291050869 10
      vertex -89.99688871182816 79.99499999999999 10
      vertex -87.65810487562096 -86.42430397296225 10
    endloop
  endfacet
  facet normal 0 0 1
    outer loop
      vertex -87.32784923701655 -86.7985291050869 10
      vertex -86.97935054904158 -87.15582716108977 10
      vertex -89.99688871182816 79.99499999999999 10
    endloop
  endfacet
  facet normal 0 0 1
    outer loop
      vertex -86.61347523434456 -87.49530984170701 10
      vertex -86.23113291660592 -87.81613313950497 10
      vertex -89.99688871182816 79.99499999999999 10
    endloop
  endfacet
  facet normal 0 0 1
    outer loop
      vertex -85.83327415907024 -88.11749943721571 10
      vertex -89.99688871182816 79.99499999999999 10
      vertex -86.23113291660592 -87.81613313950497 10
    endloop
  endfacet
  facet normal 0 0 1
    outer loop
      vertex -86.61347523434456 -87.49530984170701 10
      vertex -89.99688871182816 79.99499999999999 10
      vertex -86.97935054904158 -87.15582716108977 10
    endloop
  endfacet
  facet normal 0 0 1
    outer loop
      vertex -88.2606501309031 -85.62883378121685 10
      vertex -89.99688871182816 79.99499999999999 10
      vertex -88.53144172513788 -85.20956638582877 10
    endloop
  endfacet
  facet normal 0 0 1
    outer loop
      vertex -87.96929639730145 -86.03408214735802 10
      vertex -89.99688871182816 79.99499999999999 10
      vertex -88.2606501309031 -85.62883378121685 10
    endloop
  endfacet
  facet normal 0 0 1
    outer loop
      vertex -88.78099794943599 -84.77732232599939 10
      vertex -88.53144172513788 -85.20956638582877 10
      vertex -89.99688871182816 79.99499999999999 10
    endloop
  endfacet
  facet normal 0 0 1
    outer loop
      vertex -88.78099794943599 -84.77732232599939 10
      vertex -89.99688871182816 79.99499999999999 10
      vertex -89.0086983677032 -84.33317622856676 10
    endloop
  endfacet
  facet normal 0 0 1
    outer loop
      vertex -89.0086983677032 -84.33317622856676 10
      vertex -89.99688871182816 79.99499999999999 10
      vertex -89.21397688082277 -83.87823231070969 10
    endloop
  endfacet
  facet normal 0 0 1
    outer loop
      vertex -89.39632313406693 -83.41362163468995 10
      vertex -89.21397688082277 -83.87823231070969 10
      vertex -89.99688871182816 79.99499999999999 10
    endloop
  endfacet
  facet normal 0 0 1
    outer loop
      vertex -89.39632313406693 -83.41362163468995 10
      vertex -89.99688871182816 79.99499999999999 10
      vertex -89.55528378591926 -82.94049929585314 10
    endloop
  endfacet
  facet normal 0 0 1
    outer loop
      vertex -89.69046363515307 -82.46004155087984 10
      vertex -89.99688871182816 79.99499999999999 10
      vertex -89.80152660336393 -81.97344289342597 10
    endloop
  endfacet
  facet normal 0 0 1
    outer loop
      vertex -89.69046363515307 -82.46004155087984 10
      vertex -89.55528378591926 -82.94049929585314 10
      vertex -89.99688871182816 79.99499999999999 10
    endloop
  endfacet
  facet normal 0 0 1
    outer loop
      vertex -87.96929639730145 -86.03408214735802 10
      vertex -87.65810487562096 -86.42430397296225 10
      vertex -89.99688871182816 79.99499999999999 10
    endloop
  endfacet
  facet normal 0 0 1
    outer loop
      vertex -84.99499999999999 -88.65891429188223 10
      vertex -89.99688871182816 79.99499999999999 10
      vertex -85.42088810129624 -88.39865949073922 10
    endloop
  endfacet
  facet normal 0 0 1
    outer loop
      vertex -84.99499999999999 -88.65891429188223 10
      vertex -84.55666868010516 -88.89761680620279 10
      vertex -89.99688871182816 79.99499999999999 10
    endloop
  endfacet
  facet normal 0 0 1
    outer loop
      vertex -84.55666868010516 -88.89761680620279 10
      vertex -84.10698390233742 -89.11417358163985 10
      vertex -89.99688871182816 79.99499999999999 10
    endloop
  endfacet
  facet normal 0 0 1
    outer loop
      vertex -84.10698390233742 -89.11417358163985 10
      vertex -83.64706365390761 -89.30804622392847 10
      vertex -89.99688871182816 79.99499999999999 10
    endloop
  endfacet
  facet normal 0 0 1
    outer loop
      vertex -85.83327415907024 -88.11749943721571 10
      vertex -85.42088810129624 -88.39865949073922 10
      vertex -89.99688871182816 79.99499999999999 10
    endloop
  endfacet
  facet normal 0 0 1
    outer loop
      vertex -83.64706365390761 -89.30804622392847 10
      vertex -83.17805136901936 -89.47875273513299 10
      vertex -89.99688871182816 79.99499999999999 10
    endloop
  endfacet
  facet normal 0 0 1
    outer loop
      vertex -83.17805136901936 -89.47875273513299 10
      vertex -82.70111308611148 -89.62586871196962 10
      vertex -89.99688871182816 79.99499999999999 10
    endloop
  endfacet
  facet normal 0 0 1
    outer loop
      vertex -82.70111308611148 -89.62586871196962 10
      vertex -82.2174345489027 -89.74902840094005 10
      vertex -89.99688871182816 79.99499999999999 10
    endloop
  endfacet
  facet normal 0 0 1
    outer loop
      vertex -82.2174345489027 -89.74902840094005 10
      vertex -81.72821825844596 -89.8479256076522 10
      vertex -89.99688871182816 79.99499999999999 10
    endloop
  endfacet
  facet normal 0 0 1
    outer loop
      vertex -89.80152660336393 -81.97344289342597 10
      vertex -89.99688871182816 79.99499999999999 10
      vertex -89.88819657051353 -81.4819130844235 10
    endloop
  endfacet
  facet normal 0 0 1
    outer loop
      vertex -89.88819657051353 -81.4819130844235 10
      vertex -89.99688871182816 79.99499999999999 10
      vertex -89.95025806140767 -80.98667414442411 10
    endloop
  endfacet
  facet normal 0 0 1
    outer loop
      vertex -89.95025806140767 -80.98667414442411 10
      vertex -89.99688871182816 79.99499999999999 10
      vertex -89.99987530778472 -79.99499999999999 10
    endloop
  endfacet
  facet normal 0 0 1
    outer loop
      vertex -90 -79.99499999999999 10
      vertex -89.99987530778472 -79.99499999999999 10
      vertex -90 79.99499999999999 10
    endloop
  endfacet
  facet normal 0 0 1
    outer loop
      vertex -81.72821825844596 -89.8479256076522 10
      vertex -81.23468048352132 -89.92231445806772 10
      vertex -89.99688871182816 79.99499999999999 10
    endloop
  endfacet
  facet normal 0 0 1
    outer loop
      vertex -81.23468048352132 -89.92231445806772 10
      vertex -80.7380482368001 -89.9720100097836 10
      vertex -89.99688871182816 79.99499999999999 10
    endloop
  endfacet
  facet normal 0 0 1
    outer loop
      vertex -80.7380482368001 -89.9720100097836 10
      vertex -81.25 -80 10
      vertex -89.99688871182816 79.99499999999999 10
    endloop
  endfacet
  facet normal 0 0 1
    outer loop
      vertex -89.99688871182816 79.99499999999999 10
      vertex -81.25 -80 10
      vertex -81.1548494156391 -79.52164570954363 10
    endloop
  endfacet
  facet normal 0 0 1
    outer loop
      vertex -89.99688871182816 79.99499999999999 10
      vertex -81.1548494156391 -79.52164570954363 10
      vertex -80.88388347648319 -79.11611652351681 10
    endloop
  endfacet
  facet normal 0 0 1
    outer loop
      vertex -89.99688871182816 79.99499999999999 10
      vertex -80.88388347648319 -79.11611652351681 10
      vertex -80.47835429045637 -78.8451505843609 10
    endloop
  endfacet
  facet normal 0 0 1
    outer loop
      vertex -89.99688871182816 79.99499999999999 10
      vertex -80.47835429045637 -78.8451505843609 10
      vertex -80 -78.75 10
    endloop
  endfacet
  facet normal 0 0 1
    outer loop
      vertex -89.99688871182816 79.99499999999999 10
      vertex -80 -78.75 10
      vertex -79.52164570954363 -78.8451505843609 10
    endloop
  endfacet
  facet normal 0 0 1
    outer loop
      vertex -89.99688871182816 79.99499999999999 10
      vertex -79.11611652351681 -79.11611652351681 10
      vertex -78.8451505843609 -79.52164570954363 10
    endloop
  endfacet
  facet normal 0 0 1
    outer loop
      vertex -89.99688871182816 79.99499999999999 10
      vertex -79.52164570954363 -78.8451505843609 10
      vertex -79.11611652351681 -79.11611652351681 10
    endloop
  endfacet
  facet normal 0 0 1
    outer loop
      vertex -89.99688871182816 79.99499999999999 10
      vertex -78.8451505843609 -79.52164570954363 10
      vertex -77.19900175544392 -73.66957821102937 10
    endloop
  endfacet
  facet normal 0 0 1
    outer loop
      vertex -89.99688871182816 79.99499999999999 10
      vertex -77.19900175544392 -73.66957821102937 10
      vertex -77.20690894491474 -73.17630088886207 10
    endloop
  endfacet
  facet normal 0 0 1
    outer loop
      vertex -89.99688871182816 79.99499999999999 10
      vertex -77.20690894491474 -73.17630088886207 10
      vertex -77.15167231258721 -72.68606221774465 10
    endloop
  endfacet
  facet normal 0 0 1
    outer loop
      vertex -73.65 -56.25 10
      vertex -89.99688871182816 79.99499999999999 10
      vertex -77.15167231258721 -72.68606221774465 10
    endloop
  endfacet
  facet normal 0 0 1
    outer loop
      vertex -73.65 -56.25 10
      vertex -73.65 -28.125 10
      vertex -89.99688871182816 79.99499999999999 10
    endloop
  endfacet
  facet normal 0 -1 0
    outer loop
      vertex -79.99499999999999 -90 0
      vertex 79.99499999999999 -90 10
      vertex -79.99499999999999 -90 10
    endloop
  endfacet
  facet normal 0 0 1
    outer loop
      vertex -79.99499999999999 -90 10
      vertex 79.99499999999999 -89.99987530778472 10
      vertex -79.99499999999999 -89.99688871182816 10
    endloop
  endfacet
  facet normal 0 0 1
    outer loop
      vertex -79.99499999999999 -89.99688871182816 10
      vertex 0 -56.25 10
      vertex -30.262500000000003 -56.25 10
    endloop
  endfacet
  facet normal 0 0 -1
    outer loop
      vertex -89.99987530778472 -79.99499999999999 0
      vertex -89.99688871182816 79.99499999999999 0
      vertex -73.65 0 0
    endloop
  endfacet
  facet normal 0 0 -1
    outer loop
      vertex -90 -79.99499999999999 0
      vertex -90 79.99499999999999 0
      vertex -89.99688871182816 79.99499999999999 0
    endloop
  endfacet
  facet normal 0 0 -1
    outer loop
      vertex -73.65 0 0
      vertex -89.99688871182816 79.99499999999999 0
      vertex -73.65 28.125 0
    endloop
  endfacet
  facet normal 0 0 -1
    outer loop
      vertex -73.65 28.125 0
      vertex -89.99688871182816 79.99499999999999 0
      vertex -73.65 56.25 0
    endloop
  endfacet
  facet normal 0 0 -1
    outer loop
      vertex -73.65 56.260000000000005 0
      vertex -73.65 56.25 0
      vertex -89.99688871182816 79.99499999999999 0
    endloop
  endfacet
  facet normal 0 0 -1
    outer loop
      vertex -73.65 56.260000000000005 0
      vertex -75.44003315141387 71.9724335381085 0
      vertex -75.12912607362388 71.59359216769114 0
    endloop
  endfacet
  facet normal 0 0 -1
    outer loop
      vertex -73.65 56.260000000000005 0
      vertex -75.67105795193574 72.4046505397448 0
      vertex -75.44003315141387 71.9724335381085 0
    endloop
  endfacet
  facet normal 0 0 -1
    outer loop
      vertex -73.65 56.260000000000005 0
      vertex -75.8133223216656 72.8736333156172 0
      vertex -75.67105795193574 72.4046505397448 0
    endloop
  endfacet
  facet normal 0 0 -1
    outer loop
      vertex -73.65 56.260000000000005 0
      vertex -65.0275664618915 61.55996684858612 0
      vertex -64.5953494602552 61.32894204806427 0
    endloop
  endfacet
  facet normal 0 0 -1
    outer loop
      vertex -73.65 56.260000000000005 0
      vertex -65.40640783230886 61.87087392637612 0
      vertex -65.0275664618915 61.55996684858612 0
    endloop
  endfacet
  facet normal 0 0 -1
    outer loop
      vertex -73.65 56.260000000000005 0
      vertex -75.12912607362388 71.59359216769114 0
      vertex -65.40640783230886 61.87087392637612 0
    endloop
  endfacet
  facet normal 0 0 -1
    outer loop
      vertex -73.65 56.260000000000005 0
      vertex -89.99688871182816 79.99499999999999 0
      vertex -75.8133223216656 72.8736333156172 0
    endloop
  endfacet
  facet normal 0 0 -1
    outer loop
      vertex -89.99688871182816 79.99499999999999 0
      vertex -80.88388347648319 79.11611652351681 0
      vertex -75.86135912065751 73.36135912065751 0
    endloop
  endfacet
  facet normal 0 0 -1
    outer loop
      vertex -89.99688871182816 79.99499999999999 0
      vertex -75.86135912065751 73.36135912065751 0
      vertex -75.8133223216656 72.8736333156172 0
    endloop
  endfacet
  facet normal 0 0 -1
    outer loop
      vertex -75.86135912065751 73.36135912065751 0
      vertex -80.47835429045637 78.8451505843609 0
      vertex -80 78.75 0
    endloop
  endfacet
  facet normal 0 0 -1
    outer loop
      vertex -75.86135912065751 73.36135912065751 0
      vertex -80.88388347648319 79.11611652351681 0
      vertex -80.47835429045637 78.8451505843609 0
    endloop
  endfacet
  facet normal 0 0 -1
    outer loop
      vertex -89.99688871182816 79.99499999999999 0
      vertex -89.99688871182816 80.2395562242981 0
      vertex -81.1548494156391 80.47835429045637 0
    endloop
  endfacet
  facet normal 0 0 -1
    outer loop
      vertex -89.99688871182816 80.2395562242981 0
      vertex -89.9720100097836 80.7380482368001 0
      vertex -81.1548494156391 80.47835429045637 0
    endloop
  endfacet
  facet normal 0 0 -1
    outer loop
      vertex -89.99688871182816 79.99499999999999 0
      vertex -81.25 80 0
      vertex -81.1548494156391 79.52164570954363 0
    endloop
  endfacet
  facet normal 0 0 -1
    outer loop
      vertex -89.99688871182816 79.99499999999999 0
      vertex -81.1548494156391 79.52164570954363 0
      vertex -80.88388347648319 79.11611652351681 0
    endloop
  endfacet
  facet normal 0 0 -1
    outer loop
      vertex -89.99688871182816 79.99499999999999 0
      vertex -81.1548494156391 80.47835429045637 0
      vertex -81.25 80 0
    endloop
  endfacet
  facet normal 0 0 -1
    outer loop
      vertex -89.9720100097836 80.7380482368001 0
      vertex -80.88388347648319 80.88388347648319 0
      vertex -81.1548494156391 80.47835429045637 0
    endloop
  endfacet
  facet normal 0 0 -1
    outer loop
      vertex -89.9720100097836 80.7380482368001 0
      vertex -80.47835429045637 81.1548494156391 0
      vertex -80.88388347648319 80.88388347648319 0
    endloop
  endfacet
  facet normal 0 0 -1
    outer loop
      vertex -89.9720100097836 80.7380482368001 0
      vertex -80 81.25 0
      vertex -80.47835429045637 81.1548494156391 0
    endloop
  endfacet
  facet normal 0 0 -1
    outer loop
      vertex -75.86135912065751 73.36135912065751 0
      vertex -80 78.75 0
      vertex -75.8133223216656 73.84908492569784 0
    endloop
  endfacet
  facet normal 0 0 -1
    outer loop
      vertex -80 78.75 0
      vertex -75.67105795193574 74.31806770157024 0
      vertex -75.8133223216656 73.84908492569784 0
    endloop
  endfacet
  facet normal 0 0 -1
    outer loop
      vertex -80 78.75 0
      vertex -79.52164570954363 78.8451505843609 0
      vertex -75.67105795193574 74.31806770157024 0
    endloop
  endfacet
  facet normal 0 0 -1
    outer loop
      vertex -79.52164570954363 78.8451505843609 0
      vertex -79.11611652351681 79.11611652351681 0
      vertex -75.44003315141387 74.75028470320652 0
    endloop
  endfacet
  facet normal 0 0 -1
    outer loop
      vertex -79.11611652351681 79.11611652351681 0
      vertex -78.8451505843609 79.52164570954363 0
      vertex -74.75028470320652 75.44003315141387 0
    endloop
  endfacet
  facet normal 0 0 -1
    outer loop
      vertex -79.52164570954363 78.8451505843609 0
      vertex -75.44003315141387 74.75028470320652 0
      vertex -75.67105795193574 74.31806770157024 0
    endloop
  endfacet
  facet normal 0 0 -1
    outer loop
      vertex -79.11611652351681 79.11611652351681 0
      vertex -75.12912607362388 75.12912607362388 0
      vertex -75.44003315141387 74.75028470320652 0
    endloop
  endfacet
  facet normal 0 0 -1
    outer loop
      vertex -79.11611652351681 79.11611652351681 0
      vertex -74.75028470320652 75.44003315141387 0
      vertex -75.12912607362388 75.12912607362388 0
    endloop
  endfacet
  facet normal 0 0 -1
    outer loop
      vertex -74.75028470320652 75.44003315141387 0
      vertex -78.8451505843609 79.52164570954363 0
      vertex -74.31806770157024 75.67105795193574 0
    endloop
  endfacet
  facet normal 0 0 -1
    outer loop
      vertex -78.75 80 0
      vertex -74.31806770157024 75.67105795193574 0
      vertex -78.8451505843609 79.52164570954363 0
    endloop
  endfacet
  facet normal 0 0 -1
    outer loop
      vertex -78.75 80 0
      vertex -73.84908492569784 75.8133223216656 0
      vertex -74.31806770157024 75.67105795193574 0
    endloop
  endfacet
  facet normal 0 0 -1
    outer loop
      vertex -73.84908492569784 75.8133223216656 0
      vertex -78.75 80 0
      vertex -73.36135912065751 75.86135912065751 0
    endloop
  endfacet
  facet normal 0 0 -1
    outer loop
      vertex -73.65 56.260000000000005 0
      vertex -64.5953494602552 61.32894204806427 0
      vertex -64.1263666843828 61.18667767833441 0
    endloop
  endfacet
  facet normal 0 0 -1
    outer loop
      vertex -73.65 56.260000000000005 0
      vertex -64.1263666843828 61.18667767833441 0
      vertex -36.825 56.260000000000005 0
    endloop
  endfacet
  facet normal 0 0 -1
    outer loop
      vertex -36.825 56.260000000000005 0
      vertex -61.87087392637612 65.40640783230886 0
      vertex -71.59359216769114 75.12912607362388 0
    endloop
  endfacet
  facet normal 0 0 -1
    outer loop
      vertex -36.825 56.260000000000005 0
      vertex -64.1263666843828 61.18667767833441 0
      vertex -63.63864087934249 61.13864087934249 0
    endloop
  endfacet
  facet normal 0 0 -1
    outer loop
      vertex -36.825 56.260000000000005 0
      vertex -63.63864087934249 61.13864087934249 0
      vertex -63.15091507430216 61.186677678334405 0
    endloop
  endfacet
  facet normal 0 0 -1
    outer loop
      vertex -36.825 56.260000000000005 0
      vertex -63.15091507430216 61.186677678334405 0
      vertex -62.68193229842976 61.32894204806427 0
    endloop
  endfacet
  facet normal 0 0 -1
    outer loop
      vertex -36.825 56.260000000000005 0
      vertex -62.68193229842976 61.32894204806427 0
      vertex -62.24971529679348 61.55996684858612 0
    endloop
  endfacet
  facet normal 0 0 -1
    outer loop
      vertex -36.825 56.260000000000005 0
      vertex -62.24971529679348 61.55996684858612 0
      vertex -61.87087392637612 61.87087392637612 0
    endloop
  endfacet
  facet normal 0 0 -1
    outer loop
      vertex -36.825 56.260000000000005 0
      vertex -61.87087392637612 61.87087392637612 0
      vertex -61.55996684858612 62.24971529679348 0
    endloop
  endfacet
  facet normal 0 0 -1
    outer loop
      vertex -36.825 56.260000000000005 0
      vertex -61.55996684858612 62.24971529679348 0
      vertex -61.32894204806427 62.68193229842976 0
    endloop
  endfacet
  facet normal 0 0 -1
    outer loop
      vertex -36.825 56.260000000000005 0
      vertex -61.32894204806427 62.68193229842976 0
      vertex -61.186677678334405 63.15091507430216 0
    endloop
  endfacet
  facet normal 0 0 -1
    outer loop
      vertex -36.825 56.260000000000005 0
      vertex -61.186677678334405 63.15091507430216 0
      vertex -61.13864087934249 63.63864087934249 0
    endloop
  endfacet
  facet normal 0 0 -1
    outer loop
      vertex -36.825 56.260000000000005 0
      vertex -61.18667767833441 64.1263666843828 0
      vertex -61.32894204806427 64.5953494602552 0
    endloop
  endfacet
  facet normal 0 0 -1
    outer loop
      vertex -36.825 56.260000000000005 0
      vertex -61.13864087934249 63.63864087934249 0
      vertex -61.18667767833441 64.1263666843828 0
    endloop
  endfacet
  facet normal 0 0 -1
    outer loop
      vertex -36.825 56.260000000000005 0
      vertex -61.32894204806427 64.5953494602552 0
      vertex -61.55996684858612 65.0275664618915 0
    endloop
  endfacet
  facet normal 0 0 -1
    outer loop
      vertex -36.825 56.260000000000005 0
      vertex -61.55996684858612 65.0275664618915 0
      vertex -61.87087392637612 65.40640783230886 0
    endloop
  endfacet
  facet normal 0 0 -1
    outer loop
      vertex -89.9720100097836 80.7380482368001 0
      vertex -89.92231445806772 81.23468048352132 0
      vertex 79.99499999999999 89.99688871182816 0
    endloop
  endfacet
  facet normal 0 0 -1
    outer loop
      vertex -89.92231445806772 81.23468048352132 0
      vertex -89.8479256076522 81.72821825844596 0
      vertex 79.99499999999999 89.99688871182816 0
    endloop
  endfacet
  facet normal 0 0 -1
    outer loop
      vertex -89.9720100097836 80.7380482368001 0
      vertex 79.99499999999999 89.99688871182816 0
      vertex -80 81.25 0
    endloop
  endfacet
  facet normal 0 0 -1
    outer loop
      vertex -89.8479256076522 81.72821825844596 0
      vertex -89.74902840094005 82.2174345489027 0
      vertex 79.99499999999999 89.99688871182816 0
    endloop
  endfacet
  facet normal 0 0 -1
    outer loop
      vertex -89.74902840094005 82.2174345489027 0
      vertex -89.62586871196962 82.70111308611148 0
      vertex 79.99499999999999 89.99688871182816 0
    endloop
  endfacet
  facet normal 0 0 -1
    outer loop
      vertex -89.62586871196962 82.70111308611148 0
      vertex -89.47875273513299 83.17805136901936 0
      vertex 79.99499999999999 89.99688871182816 0
    endloop
  endfacet
  facet normal 0 0 -1
    outer loop
      vertex -89.47875273513299 83.17805136901936 0
      vertex -89.30804622392847 83.64706365390761 0
      vertex 79.99499999999999 89.99688871182816 0
    endloop
  endfacet
  facet normal 0 0 -1
    outer loop
      vertex -89.30804622392847 83.64706365390761 0
      vertex -89.11417358163985 84.10698390233742 0
      vertex 79.99499999999999 89.99688871182816 0
    endloop
  endfacet
  facet normal 0 0 -1
    outer loop
      vertex -89.11417358163985 84.10698390233742 0
      vertex -88.89761680620279 84.55666868010516 0
      vertex 79.99499999999999 89.99688871182816 0
    endloop
  endfacet
  facet normal 0 0 -1
    outer loop
      vertex -88.89761680620279 84.55666868010516 0
      vertex -88.65891429188223 84.99499999999999 0
      vertex 79.99499999999999 89.99688871182816 0
    endloop
  endfacet
  facet normal 0 0 -1
    outer loop
      vertex -88.65891429188223 84.99499999999999 0
      vertex -88.39865949073922 85.42088810129624 0
      vertex 79.99499999999999 89.99688871182816 0
    endloop
  endfacet
  facet normal 0 0 -1
    outer loop
      vertex -88.39865949073922 85.42088810129624 0
      vertex -88.11749943721571 85.83327415907024 0
      vertex 79.99499999999999 89.99688871182816 0
    endloop
  endfacet
  facet normal 0 0 -1
    outer loop
      vertex -88.11749943721571 85.83327415907024 0
      vertex -87.81613313950497 86.23113291660592 0
      vertex 79.99499999999999 89.99688871182816 0
    endloop
  endfacet
  facet normal 0 0 -1
    outer loop
      vertex -87.81613313950497 86.23113291660592 0
      vertex -87.49530984170701 86.61347523434456 0
      vertex 79.99499999999999 89.99688871182816 0
    endloop
  endfacet
  facet normal 0 0 -1
    outer loop
      vertex -87.49530984170701 86.61347523434456 0
      vertex -87.15582716108977 86.97935054904158 0
      vertex 79.99499999999999 89.99688871182816 0
    endloop
  endfacet
  facet normal 0 0 -1
    outer loop
      vertex -87.15582716108977 86.97935054904158 0
      vertex -86.7985291050869 87.32784923701655 0
      vertex 79.99499999999999 89.99688871182816 0
    endloop
  endfacet
  facet normal 0 0 -1
    outer loop
      vertex -86.7985291050869 87.32784923701655 0
      vertex -86.42430397296225 87.65810487562096 0
      vertex 79.99499999999999 89.99688871182816 0
    endloop
  endfacet
  facet normal 0 0 -1
    outer loop
      vertex -86.42430397296225 87.65810487562096 0
      vertex -86.03408214735802 87.96929639730145 0
      vertex 79.99499999999999 89.99688871182816 0
    endloop
  endfacet
  facet normal 0 0 -1
    outer loop
      vertex -86.03408214735802 87.96929639730145 0
      vertex -85.62883378121685 88.2606501309031 0
      vertex 79.99499999999999 89.99688871182816 0
    endloop
  endfacet
  facet normal 0 0 -1
    outer loop
      vertex -85.62883378121685 88.2606501309031 0
      vertex -85.20956638582877 88.53144172513788 0
      vertex 79.99499999999999 89.99688871182816 0
    endloop
  endfacet
  facet normal 0 0 -1
    outer loop
      vertex -85.20956638582877 88.53144172513788 0
      vertex -84.77732232599939 88.78099794943599 0
      vertex 79.99499999999999 89.99688871182816 0
    endloop
  endfacet
  facet normal 0 0 -1
    outer loop
      vertex -84.77732232599939 88.78099794943599 0
      vertex -84.33317622856676 89.0086983677032 0
      vertex 79.99499999999999 89.99688871182816 0
    endloop
  endfacet
  facet normal 0 0 -1
    outer loop
      vertex -84.33317622856676 89.0086983677032 0
      vertex -83.87823231070969 89.21397688082277 0
      vertex 79.99499999999999 89.99688871182816 0
    endloop
  endfacet
  facet normal 0 0 -1
    outer loop
      vertex -83.87823231070969 89.21397688082277 0
      vertex -83.41362163468995 89.39632313406693 0
      vertex 79.99499999999999 89.99688871182816 0
    endloop
  endfacet
  facet normal 0 0 -1
    outer loop
      vertex -83.41362163468995 89.39632313406693 0
      vertex -82.94049929585314 89.55528378591926 0
      vertex 79.99499999999999 89.99688871182816 0
    endloop
  endfacet
  facet normal 0 0 -1
    outer loop
      vertex -82.94049929585314 89.55528378591926 0
      vertex -82.46004155087984 89.69046363515307 0
      vertex 79.99499999999999 89.99688871182816 0
    endloop
  endfacet
  facet normal 0 0 -1
    outer loop
      vertex -82.46004155087984 89.69046363515307 0
      vertex -81.97344289342597 89.80152660336393 0
      vertex 79.99499999999999 89.99688871182816 0
    endloop
  endfacet
  facet normal 0 0 -1
    outer loop
      vertex 79.99499999999999 89.99688871182816 0
      vertex -79.52164570954363 81.1548494156391 0
      vertex -80 81.25 0
    endloop
  endfacet
  facet normal 0 0 -1
    outer loop
      vertex 79.99499999999999 89.99688871182816 0
      vertex -79.11611652351681 80.88388347648319 0
      vertex -79.52164570954363 81.1548494156391 0
    endloop
  endfacet
  facet normal 0 0 -1
    outer loop
      vertex 79.99499999999999 89.99688871182816 0
      vertex -78.75 80 0
      vertex -78.8451505843609 80.47835429045637 0
    endloop
  endfacet
  facet normal 0 0 -1
    outer loop
      vertex 79.99499999999999 89.99688871182816 0
      vertex -78.8451505843609 80.47835429045637 0
      vertex -79.11611652351681 80.88388347648319 0
    endloop
  endfacet
  facet normal 0 0 -1
    outer loop
      vertex 79.99499999999999 89.99688871182816 0
      vertex -73.36135912065751 75.86135912065751 0
      vertex -78.75 80 0
    endloop
  endfacet
  facet normal 0 0 -1
    outer loop
      vertex -81.97344289342597 89.80152660336393 0
      vertex -81.4819130844235 89.88819657051353 0
      vertex 79.99499999999999 89.99688871182816 0
    endloop
  endfacet
  facet normal 0 0 -1
    outer loop
      vertex -81.4819130844235 89.88819657051353 0
      vertex -80.98667414442411 89.95025806140767 0
      vertex 79.99499999999999 89.99688871182816 0
    endloop
  endfacet
  facet normal 0 0 -1
    outer loop
      vertex -80.98667414442411 89.95025806140767 0
      vertex -80.48895731546358 89.98755678140141 0
      vertex 79.99499999999999 89.99688871182816 0
    endloop
  endfacet
  facet normal 0 0 -1
    outer loop
      vertex -80.48895731546358 89.98755678140141 0
      vertex -79.99499999999999 89.99987530778472 0
      vertex 79.99499999999999 89.99688871182816 0
    endloop
  endfacet
  facet normal 0 0 -1
    outer loop
      vertex -79.99499999999999 90 0
      vertex 79.99499999999999 89.99688871182816 0
      vertex -79.99499999999999 89.99987530778472 0
    endloop
  endfacet
  facet normal 0 0 -1
    outer loop
      vertex 79.99499999999999 89.99688871182816 0
      vertex -72.8736333156172 75.8133223216656 0
      vertex -73.36135912065751 75.86135912065751 0
    endloop
  endfacet
  facet normal 0 0 -1
    outer loop
      vertex 79.99499999999999 89.99688871182816 0
      vertex -72.4046505397448 75.67105795193574 0
      vertex -72.8736333156172 75.8133223216656 0
    endloop
  endfacet
  facet normal 0 0 -1
    outer loop
      vertex 79.99499999999999 89.99688871182816 0
      vertex -71.9724335381085 75.44003315141387 0
      vertex -72.4046505397448 75.67105795193574 0
    endloop
  endfacet
  facet normal 0 0 -1
    outer loop
      vertex 79.99499999999999 89.99688871182816 0
      vertex -71.59359216769114 75.12912607362388 0
      vertex -71.9724335381085 75.44003315141387 0
    endloop
  endfacet
  facet normal 0 0 -1
    outer loop
      vertex -36.825 56.260000000000005 0
      vertex -71.59359216769114 75.12912607362388 0
      vertex 79.99499999999999 89.99688871182816 0
    endloop
  endfacet
  facet normal 0 1 0
    outer loop
      vertex -79.99499999999999 90 0
      vertex -79.99499999999999 90 10
      vertex 79.99499999999999 90 0
    endloop
  endfacet
  facet normal -1 0 0
    outer loop
      vertex -90 -79.99499999999999 10
      vertex -90 79.99499999999999 10
      vertex -90 79.99499999999999 0
    endloop
  endfacet
  facet normal 0 0 1
    outer loop
      vertex -73.65 -28.125 10
      vertex -73.65 0 10
      vertex -89.99688871182816 79.99499999999999 10
    endloop
  endfacet
  facet normal 0 0 1
    outer loop
      vertex -89.99987530778472 -79.99499999999999 10
      vertex -89.99688871182816 79.99499999999999 10
      vertex -90 79.99499999999999 10
    endloop
  endfacet
  facet normal 0 0 1
    outer loop
      vertex -73.65 0 10
      vertex -73.65 28.125 10
      vertex -89.99688871182816 79.99499999999999 10
    endloop
  endfacet
  facet normal 0 0 1
    outer loop
      vertex -73.65 28.125 10
      vertex -73.65 56.25 10
      vertex -89.99688871182816 79.99499999999999 10
    endloop
  endfacet
  facet normal 0 0 1
    outer loop
      vertex -73.65 56.260000000000005 10
      vertex -89.99688871182816 79.99499999999999 10
      vertex -73.65 56.25 10
    endloop
  endfacet
  facet normal 0 0 1
    outer loop
      vertex -73.65 56.260000000000005 10
      vertex -76.08372022822573 70.6389980130893 10
      vertex -76.33254985619824 70.91298708744097 10
    endloop
  endfacet
  facet normal 0 0 1
    outer loop
      vertex -73.65 56.260000000000005 10
      vertex -76.6212472876864 71.31303562607347 10
      vertex -76.85641744559643 71.74671757985809 10
    endloop
  endfacet
  facet normal 0 0 1
    outer loop
      vertex -73.65 56.260000000000005 10
      vertex -76.85641744559643 71.74671757985809 10
      vertex -77.03419884243706 72.20691190310346 10
    endloop
  endfacet
  facet normal 0 0 1
    outer loop
      vertex -73.65 56.260000000000005 10
      vertex -76.33254985619824 70.91298708744097 10
      vertex -76.6212472876864 71.31303562607347 10
    endloop
  endfacet
  facet normal 0 0 1
    outer loop
      vertex -73.65 56.260000000000005 10
      vertex -65.47389412165084 60.254213965285004 10
      vertex -65.89161762559897 60.51668703906432 10
    endloop
  endfacet
  facet normal 0 0 1
    outer loop
      vertex -73.65 56.260000000000005 10
      vertex -65.02603581020232 60.04731308786697 10
      vertex -65.47389412165084 60.254213965285004 10
    endloop
  endfacet
  facet normal 0 0 1
    outer loop
      vertex -73.65 56.260000000000005 10
      vertex -64.5553965123457 59.89938171349735 10
      vertex -65.02603581020232 60.04731308786697 10
    endloop
  endfacet
  facet normal 0 0 1
    outer loop
      vertex -73.65 56.260000000000005 10
      vertex -66.27234731366048 60.83042250858995 10
      vertex -66.3610019869107 60.91627977177428 10
    endloop
  endfacet
  facet normal 0 0 1
    outer loop
      vertex -73.65 56.260000000000005 10
      vertex -65.89161762559897 60.51668703906432 10
      vertex -66.27234731366048 60.83042250858995 10
    endloop
  endfacet
  facet normal 0 0 1
    outer loop
      vertex -73.65 56.260000000000005 10
      vertex -66.3610019869107 60.91627977177428 10
      vertex -76.08372022822573 70.6389980130893 10
    endloop
  endfacet
  facet normal 0 0 1
    outer loop
      vertex -89.99688871182816 79.99499999999999 10
      vertex -76.99530994234473 74.63293350918491 10
      vertex -89.99688871182816 80.2395562242981 10
    endloop
  endfacet
  facet normal 0 0 1
    outer loop
      vertex -89.99688871182816 80.2395562242981 10
      vertex -76.80286993265608 75.08719321781082 10
      vertex -89.9720100097836 80.7380482368001 10
    endloop
  endfacet
  facet normal 0 0 1
    outer loop
      vertex -73.65 56.260000000000005 10
      vertex -77.03419884243706 72.20691190310346 10
      vertex -89.99688871182816 79.99499999999999 10
    endloop
  endfacet
  facet normal 0 0 1
    outer loop
      vertex -89.99688871182816 79.99499999999999 10
      vertex -77.03419884243706 72.20691190310346 10
      vertex -77.15167231258721 72.68606221774465 10
    endloop
  endfacet
  facet normal 0 0 1
    outer loop
      vertex -89.99688871182816 79.99499999999999 10
      vertex -77.15167231258721 72.68606221774465 10
      vertex -77.20690894491474 73.17630088886207 10
    endloop
  endfacet
  facet normal 0 0 1
    outer loop
      vertex -89.99688871182816 79.99499999999999 10
      vertex -77.20690894491474 73.17630088886207 10
      vertex -77.19900175544392 73.66957821102937 10
    endloop
  endfacet
  facet normal 0 0 1
    outer loop
      vertex -89.99688871182816 79.99499999999999 10
      vertex -77.19900175544392 73.66957821102937 10
      vertex -77.12808058000726 74.15779458425395 10
    endloop
  endfacet
  facet normal 0 0 1
    outer loop
      vertex -89.99688871182816 79.99499999999999 10
      vertex -77.12808058000726 74.15779458425395 10
      vertex -76.99530994234473 74.63293350918491 10
    endloop
  endfacet
  facet normal 0 0 1
    outer loop
      vertex -89.99688871182816 80.2395562242981 10
      vertex -76.99530994234473 74.63293350918491 10
      vertex -76.80286993265608 75.08719321781082 10
    endloop
  endfacet
  facet normal 0 0 1
    outer loop
      vertex -89.92231445806772 81.23468048352132 10
      vertex -76.80286993265608 75.08719321781082 10
      vertex -76.55392041058012 75.51311477827474 10
    endloop
  endfacet
  facet normal 0 0 1
    outer loop
      vertex -89.8479256076522 81.72821825844596 10
      vertex -76.55392041058012 75.51311477827474 10
      vertex -76.25254912038675 75.90370457032908 10
    endloop
  endfacet
  facet normal 0 0 1
    outer loop
      vertex -89.74902840094005 82.2174345489027 10
      vertex -76.25254912038675 75.90370457032908 10
      vertex -75.90370457032908 76.25254912038675 10
    endloop
  endfacet
  facet normal 0 0 1
    outer loop
      vertex -75.90370457032908 76.25254912038675 10
      vertex -80 78.75 10
      vertex -80.47835429045637 78.8451505843609 10
    endloop
  endfacet
  facet normal 0 0 1
    outer loop
      vertex -89.9720100097836 80.7380482368001 10
      vertex -76.80286993265608 75.08719321781082 10
      vertex -89.92231445806772 81.23468048352132 10
    endloop
  endfacet
  facet normal 0 0 1
    outer loop
      vertex -89.92231445806772 81.23468048352132 10
      vertex -76.55392041058012 75.51311477827474 10
      vertex -89.8479256076522 81.72821825844596 10
    endloop
  endfacet
  facet normal 0 0 1
    outer loop
      vertex -89.8479256076522 81.72821825844596 10
      vertex -76.25254912038675 75.90370457032908 10
      vertex -89.74902840094005 82.2174345489027 10
    endloop
  endfacet
  facet normal 0 0 1
    outer loop
      vertex -89.74902840094005 82.2174345489027 10
      vertex -75.90370457032908 76.25254912038675 10
      vertex -89.62586871196962 82.70111308611148 10
    endloop
  endfacet
  facet normal 0 0 1
    outer loop
      vertex -89.62586871196962 82.70111308611148 10
      vertex -75.90370457032908 76.25254912038675 10
      vertex -89.47875273513299 83.17805136901936 10
    endloop
  endfacet
  facet normal 0 0 1
    outer loop
      vertex -89.47875273513299 83.17805136901936 10
      vertex -81.1548494156391 79.52164570954363 10
      vertex -89.30804622392847 83.64706365390761 10
    endloop
  endfacet
  facet normal 0 0 1
    outer loop
      vertex -89.30804622392847 83.64706365390761 10
      vertex -81.25 80 10
      vertex -89.11417358163985 84.10698390233742 10
    endloop
  endfacet
  facet normal 0 0 1
    outer loop
      vertex -89.11417358163985 84.10698390233742 10
      vertex -81.1548494156391 80.47835429045637 10
      vertex -88.89761680620279 84.55666868010516 10
    endloop
  endfacet
  facet normal 0 0 1
    outer loop
      vertex -88.89761680620279 84.55666868010516 10
      vertex -81.1548494156391 80.47835429045637 10
      vertex -88.65891429188223 84.99499999999999 10
    endloop
  endfacet
  facet normal 0 0 1
    outer loop
      vertex -88.65891429188223 84.99499999999999 10
      vertex -80.88388347648319 80.88388347648319 10
      vertex -88.39865949073922 85.42088810129624 10
    endloop
  endfacet
  facet normal 0 0 1
    outer loop
      vertex -88.39865949073922 85.42088810129624 10
      vertex -80.47835429045637 81.1548494156391 10
      vertex -88.11749943721571 85.83327415907024 10
    endloop
  endfacet
  facet normal 0 0 1
    outer loop
      vertex -88.11749943721571 85.83327415907024 10
      vertex -80 81.25 10
      vertex -87.81613313950497 86.23113291660592 10
    endloop
  endfacet
  facet normal 0 0 1
    outer loop
      vertex -89.47875273513299 83.17805136901936 10
      vertex -80.88388347648319 79.11611652351681 10
      vertex -81.1548494156391 79.52164570954363 10
    endloop
  endfacet
  facet normal 0 0 1
    outer loop
      vertex -89.30804622392847 83.64706365390761 10
      vertex -81.1548494156391 79.52164570954363 10
      vertex -81.25 80 10
    endloop
  endfacet
  facet normal 0 0 1
    outer loop
      vertex -89.11417358163985 84.10698390233742 10
      vertex -81.25 80 10
      vertex -81.1548494156391 80.47835429045637 10
    endloop
  endfacet
  facet normal 0 0 1
    outer loop
      vertex -89.47875273513299 83.17805136901936 10
      vertex -80.47835429045637 78.8451505843609 10
      vertex -80.88388347648319 79.11611652351681 10
    endloop
  endfacet
  facet normal 0 0 1
    outer loop
      vertex -89.47875273513299 83.17805136901936 10
      vertex -75.90370457032908 76.25254912038675 10
      vertex -80.47835429045637 78.8451505843609 10
    endloop
  endfacet
  facet normal 0 0 1
    outer loop
      vertex -88.65891429188223 84.99499999999999 10
      vertex -81.1548494156391 80.47835429045637 10
      vertex -80.88388347648319 80.88388347648319 10
    endloop
  endfacet
  facet normal 0 0 1
    outer loop
      vertex -88.39865949073922 85.42088810129624 10
      vertex -80.88388347648319 80.88388347648319 10
      vertex -80.47835429045637 81.1548494156391 10
    endloop
  endfacet
  facet normal 0 0 1
    outer loop
      vertex -88.11749943721571 85.83327415907024 10
      vertex -80.47835429045637 81.1548494156391 10
      vertex -80 81.25 10
    endloop
  endfacet
  facet normal 0 0 1
    outer loop
      vertex -87.81613313950497 86.23113291660592 10
      vertex -80 81.25 10
      vertex -79.52164570954363 81.1548494156391 10
    endloop
  endfacet
  facet normal 0 0 1
    outer loop
      vertex -87.81613313950497 86.23113291660592 10
      vertex -71.74671757985809 76.85641744559643 10
      vertex -87.49530984170701 86.61347523434456 10
    endloop
  endfacet
  facet normal 0 0 1
    outer loop
      vertex -87.81613313950497 86.23113291660592 10
      vertex -79.52164570954363 81.1548494156391 10
      vertex -71.74671757985809 76.85641744559643 10
    endloop
  endfacet
  facet normal 0 0 1
    outer loop
      vertex -76.07952339412549 70.64319484718955 10
      vertex -76.33254985619824 70.91298708744097 10
      vertex -76.08372022822573 70.6389980130893 10
    endloop
  endfacet
  facet normal 0 0 1
    outer loop
      vertex -75.51311477827474 76.55392041058012 10
      vertex -79.52164570954363 78.8451505843609 10
      vertex -80 78.75 10
    endloop
  endfacet
  facet normal 0 0 1
    outer loop
      vertex -75.08719321781082 76.80286993265608 10
      vertex -79.11611652351681 79.11611652351681 10
      vertex -79.52164570954363 78.8451505843609 10
    endloop
  endfacet
  facet normal 0 0 1
    outer loop
      vertex -74.63293350918491 76.99530994234473 10
      vertex -78.8451505843609 79.52164570954363 10
      vertex -79.11611652351681 79.11611652351681 10
    endloop
  endfacet
  facet normal 0 0 1
    outer loop
      vertex -80 78.75 10
      vertex -75.90370457032908 76.25254912038675 10
      vertex -75.51311477827474 76.55392041058012 10
    endloop
  endfacet
  facet normal 0 0 1
    outer loop
      vertex -79.52164570954363 78.8451505843609 10
      vertex -75.51311477827474 76.55392041058012 10
      vertex -75.08719321781082 76.80286993265608 10
    endloop
  endfacet
  facet normal 0 0 1
    outer loop
      vertex -79.11611652351681 79.11611652351681 10
      vertex -75.08719321781082 76.80286993265608 10
      vertex -74.63293350918491 76.99530994234473 10
    endloop
  endfacet
  facet normal 0 0 1
    outer loop
      vertex -78.8451505843609 79.52164570954363 10
      vertex -74.63293350918491 76.99530994234473 10
      vertex -74.15779458425395 77.12808058000726 10
    endloop
  endfacet
  facet normal 0 0 1
    outer loop
      vertex -78.8451505843609 79.52164570954363 10
      vertex -74.15779458425395 77.12808058000726 10
      vertex -73.66957821102937 77.19900175544392 10
    endloop
  endfacet
  facet normal 0 0 1
    outer loop
      vertex -78.75 80 10
      vertex -73.66957821102937 77.19900175544392 10
      vertex -73.17630088886207 77.20690894491474 10
    endloop
  endfacet
  facet normal 0 0 1
    outer loop
      vertex -78.8451505843609 80.47835429045637 10
      vertex -73.17630088886207 77.20690894491474 10
      vertex -72.68606221774465 77.15167231258721 10
    endloop
  endfacet
  facet normal 0 0 1
    outer loop
      vertex -72.68606221774465 77.15167231258721 10
      vertex -72.20691190310346 77.03419884243706 10
      vertex -79.11611652351681 80.88388347648319 10
    endloop
  endfacet
  facet normal 0 0 1
    outer loop
      vertex -71.74671757985809 76.85641744559643 10
      vertex -79.52164570954363 81.1548494156391 10
      vertex -72.20691190310346 77.03419884243706 10
    endloop
  endfacet
  facet normal 0 0 1
    outer loop
      vertex -70.6389980130893 76.08372022822573 10
      vertex -70.91298708744097 76.33254985619824 10
      vertex -70.64319484718955 76.07952339412549 10
    endloop
  endfacet
  facet normal 0 0 1
    outer loop
      vertex -87.49530984170701 86.61347523434456 10
      vertex -36.825 56.260000000000005 10
      vertex -87.15582716108977 86.97935054904158 10
    endloop
  endfacet
  facet normal 0 0 1
    outer loop
      vertex -87.15582716108977 86.97935054904158 10
      vertex -36.825 56.260000000000005 10
      vertex -86.7985291050869 87.32784923701655 10
    endloop
  endfacet
  facet normal 0 0 1
    outer loop
      vertex -86.7985291050869 87.32784923701655 10
      vertex -36.825 56.260000000000005 10
      vertex -86.42430397296225 87.65810487562096 10
    endloop
  endfacet
  facet normal 0 0 1
    outer loop
      vertex -86.42430397296225 87.65810487562096 10
      vertex -36.825 56.260000000000005 10
      vertex -86.03408214735802 87.96929639730145 10
    endloop
  endfacet
  facet normal 0 0 1
    outer loop
      vertex -86.03408214735802 87.96929639730145 10
      vertex -36.825 56.260000000000005 10
      vertex -85.62883378121685 88.2606501309031 10
    endloop
  endfacet
  facet normal 0 0 1
    outer loop
      vertex -85.62883378121685 88.2606501309031 10
      vertex -36.825 56.260000000000005 10
      vertex -85.20956638582877 88.53144172513788 10
    endloop
  endfacet
  facet normal 0 0 1
    outer loop
      vertex -85.20956638582877 88.53144172513788 10
      vertex -36.825 56.260000000000005 10
      vertex -84.77732232599939 88.78099794943599 10
    endloop
  endfacet
  facet normal 0 0 1
    outer loop
      vertex -84.77732232599939 88.78099794943599 10
      vertex -36.825 56.260000000000005 10
      vertex -84.33317622856676 89.0086983677032 10
    endloop
  endfacet
  facet normal 0 0 1
    outer loop
      vertex -84.33317622856676 89.0086983677032 10
      vertex -36.825 56.260000000000005 10
      vertex -83.87823231070969 89.21397688082277 10
    endloop
  endfacet
  facet normal 0 0 1
    outer loop
      vertex -83.87823231070969 89.21397688082277 10
      vertex -36.825 56.260000000000005 10
      vertex -83.41362163468995 89.39632313406693 10
    endloop
  endfacet
  facet normal 0 0 1
    outer loop
      vertex -83.41362163468995 89.39632313406693 10
      vertex -36.825 56.260000000000005 10
      vertex -82.94049929585314 89.55528378591926 10
    endloop
  endfacet
  facet normal 0 0 1
    outer loop
      vertex -73.66957821102937 77.19900175544392 10
      vertex -78.75 80 10
      vertex -78.8451505843609 79.52164570954363 10
    endloop
  endfacet
  facet normal 0 0 1
    outer loop
      vertex -78.75 80 10
      vertex -73.17630088886207 77.20690894491474 10
      vertex -78.8451505843609 80.47835429045637 10
    endloop
  endfacet
  facet normal 0 0 1
    outer loop
      vertex -72.68606221774465 77.15167231258721 10
      vertex -79.11611652351681 80.88388347648319 10
      vertex -78.8451505843609 80.47835429045637 10
    endloop
  endfacet
  facet normal 0 0 1
    outer loop
      vertex -79.52164570954363 81.1548494156391 10
      vertex -79.11611652351681 80.88388347648319 10
      vertex -72.20691190310346 77.03419884243706 10
    endloop
  endfacet
  facet normal 0 0 1
    outer loop
      vertex -87.49530984170701 86.61347523434456 10
      vertex -71.74671757985809 76.85641744559643 10
      vertex -71.31303562607347 76.6212472876864 10
    endloop
  endfacet
  facet normal 0 0 1
    outer loop
      vertex -73.65 56.260000000000005 10
      vertex -64.06970411234022 59.8128488712535 10
      vertex -64.5553965123457 59.89938171349735 10
    endloop
  endfacet
  facet normal 0 0 1
    outer loop
      vertex -66.3610019869107 60.91627977177428 10
      vertex -66.27234731366048 60.83042250858995 10
      vertex -66.35680515281045 60.92047660587451 10
    endloop
  endfacet
  facet normal 0 0 1
    outer loop
      vertex -73.65 56.260000000000005 10
      vertex -36.825 56.260000000000005 10
      vertex -64.06970411234022 59.8128488712535 10
    endloop
  endfacet
  facet normal 0 0 1
    outer loop
      vertex -60.92047660587451 66.35680515281045 10
      vertex -60.83042250858995 66.27234731366048 10
      vertex -60.91627977177428 66.3610019869107 10
    endloop
  endfacet
  facet normal 0 0 1
    outer loop
      vertex -36.825 56.260000000000005 10
      vertex -63.576933665966315 59.78913542801275 10
      vertex -64.06970411234022 59.8128488712535 10
    endloop
  endfacet
  facet normal 0 0 1
    outer loop
      vertex -36.825 56.260000000000005 10
      vertex -63.08517645033006 59.82863075785751 10
      vertex -63.576933665966315 59.78913542801275 10
    endloop
  endfacet
  facet normal 0 0 1
    outer loop
      vertex -36.825 56.260000000000005 10
      vertex -62.60250710531684 59.93068634856364 10
      vertex -63.08517645033006 59.82863075785751 10
    endloop
  endfacet
  facet normal 0 0 1
    outer loop
      vertex -36.825 56.260000000000005 10
      vertex -62.136851048227655 60.093626450153224 10
      vertex -62.60250710531684 59.93068634856364 10
    endloop
  endfacet
  facet normal 0 0 1
    outer loop
      vertex -36.825 56.260000000000005 10
      vertex -61.69585433864616 60.314775590662876 10
      vertex -62.136851048227655 60.093626450153224 10
    endloop
  endfacet
  facet normal 0 0 1
    outer loop
      vertex -36.825 56.260000000000005 10
      vertex -61.28675813035165 60.590502507319435 10
      vertex -61.69585433864616 60.314775590662876 10
    endloop
  endfacet
  facet normal 0 0 1
    outer loop
      vertex -36.825 56.260000000000005 10
      vertex -60.91627977177428 60.91627977177428 10
      vertex -61.28675813035165 60.590502507319435 10
    endloop
  endfacet
  facet normal 0 0 1
    outer loop
      vertex -36.825 56.260000000000005 10
      vertex -60.590502507319435 61.28675813035166 10
      vertex -60.91627977177428 60.91627977177428 10
    endloop
  endfacet
  facet normal 0 0 1
    outer loop
      vertex -36.825 56.260000000000005 10
      vertex -60.314775590662876 61.69585433864616 10
      vertex -60.590502507319435 61.28675813035166 10
    endloop
  endfacet
  facet normal 0 0 1
    outer loop
      vertex -36.825 56.260000000000005 10
      vertex -60.093626450153224 62.136851048227655 10
      vertex -60.314775590662876 61.69585433864616 10
    endloop
  endfacet
  facet normal 0 0 1
    outer loop
      vertex -36.825 56.260000000000005 10
      vertex -59.93068634856364 62.60250710531684 10
      vertex -60.093626450153224 62.136851048227655 10
    endloop
  endfacet
  facet normal 0 0 1
    outer loop
      vertex -36.825 56.260000000000005 10
      vertex -59.82863075785751 63.08517645033006 10
      vertex -59.93068634856364 62.60250710531684 10
    endloop
  endfacet
  facet normal 0 0 1
    outer loop
      vertex -36.825 56.260000000000005 10
      vertex -59.78913542801275 63.576933665966315 10
      vertex -59.82863075785751 63.08517645033006 10
    endloop
  endfacet
  facet normal 0 0 1
    outer loop
      vertex -36.825 56.260000000000005 10
      vertex -59.8128488712535 64.06970411234022 10
      vertex -59.78913542801275 63.576933665966315 10
    endloop
  endfacet
  facet normal 0 0 1
    outer loop
      vertex -36.825 56.260000000000005 10
      vertex -59.89938171349735 64.5553965123457 10
      vertex -59.8128488712535 64.06970411234022 10
    endloop
  endfacet
  facet normal 0 0 1
    outer loop
      vertex -36.825 56.260000000000005 10
      vertex -70.6389980130893 76.08372022822573 10
      vertex -60.91627977177428 66.3610019869107 10
    endloop
  endfacet
  facet normal 0 0 1
    outer loop
      vertex -36.825 56.260000000000005 10
      vertex -60.91627977177428 66.3610019869107 10
      vertex -60.83042250858995 66.27234731366048 10
    endloop
  endfacet
  facet normal 0 0 1
    outer loop
      vertex -36.825 56.260000000000005 10
      vertex -60.51668703906432 65.89161762559897 10
      vertex -60.254213965285004 65.47389412165084 10
    endloop
  endfacet
  facet normal 0 0 1
    outer loop
      vertex -36.825 56.260000000000005 10
      vertex -60.04731308786697 65.02603581020232 10
      vertex -59.89938171349735 64.5553965123457 10
    endloop
  endfacet
  facet normal 0 0 1
    outer loop
      vertex -36.825 56.260000000000005 10
      vertex -60.254213965285004 65.47389412165084 10
      vertex -60.04731308786697 65.02603581020232 10
    endloop
  endfacet
  facet normal 0 0 1
    outer loop
      vertex -36.825 56.260000000000005 10
      vertex -60.83042250858995 66.27234731366048 10
      vertex -60.51668703906432 65.89161762559897 10
    endloop
  endfacet
  facet normal 0 0 1
    outer loop
      vertex -87.49530984170701 86.61347523434456 10
      vertex -71.31303562607347 76.6212472876864 10
      vertex -36.825 56.260000000000005 10
    endloop
  endfacet
  facet normal 0 0 1
    outer loop
      vertex -82.94049929585314 89.55528378591926 10
      vertex -36.825 56.260000000000005 10
      vertex -82.46004155087984 89.69046363515307 10
    endloop
  endfacet
  facet normal 0 0 1
    outer loop
      vertex -82.46004155087984 89.69046363515307 10
      vertex -36.825 56.260000000000005 10
      vertex -81.97344289342597 89.80152660336393 10
    endloop
  endfacet
  facet normal 0 0 1
    outer loop
      vertex -81.97344289342597 89.80152660336393 10
      vertex -36.825 56.260000000000005 10
      vertex -81.4819130844235 89.88819657051353 10
    endloop
  endfacet
  facet normal 0 0 1
    outer loop
      vertex -81.4819130844235 89.88819657051353 10
      vertex -36.825 56.260000000000005 10
      vertex -80.98667414442411 89.95025806140767 10
    endloop
  endfacet
  facet normal 0 0 1
    outer loop
      vertex -80.98667414442411 89.95025806140767 10
      vertex -36.825 56.260000000000005 10
      vertex -80.48895731546358 89.98755678140141 10
    endloop
  endfacet
  facet normal 0 0 1
    outer loop
      vertex -80.48895731546358 89.98755678140141 10
      vertex -36.825 56.260000000000005 10
      vertex -79.99499999999999 89.99987530778472 10
    endloop
  endfacet
  facet normal 0 0 1
    outer loop
      vertex -36.825 56.260000000000005 10
      vertex -70.91298708744097 76.33254985619824 10
      vertex -70.6389980130893 76.08372022822573 10
    endloop
  endfacet
  facet normal 0 0 1
    outer loop
      vertex -36.825 56.260000000000005 10
      vertex -71.31303562607347 76.6212472876864 10
      vertex -70.91298708744097 76.33254985619824 10
    endloop
  endfacet
  facet normal 0 0 1
    outer loop
      vertex -79.99499999999999 89.99987530778472 10
      vertex -36.825 56.260000000000005 10
      vertex 0.009999999999990905 56.260000000000005 10
    endloop
  endfacet
  facet normal 0 0 1
    outer loop
      vertex -79.99499999999999 90 10
      vertex -79.99499999999999 89.99987530778472 10
      vertex 79.99499999999999 90 10
    endloop
  endfacet
  facet normal 0 0 -1
    outer loop
      vertex -79.99499999999999 -89.99688871182816 0
      vertex 71.59359216769114 -75.12912607362388 0
      vertex 71.9724335381085 -75.44003315141387 0
    endloop
  endfacet
  facet normal 0 0 -1
    outer loop
      vertex -79.99499999999999 -89.99688871182816 0
      vertex 71.9724335381085 -75.44003315141387 0
      vertex 72.4046505397448 -75.67105795193574 0
    endloop
  endfacet
  facet normal 0 0 -1
    outer loop
      vertex -79.99499999999999 -89.99688871182816 0
      vertex 72.4046505397448 -75.67105795193574 0
      vertex 72.8736333156172 -75.8133223216656 0
    endloop
  endfacet
  facet normal 0 0 -1
    outer loop
      vertex -79.99499999999999 -89.99688871182816 0
      vertex 72.8736333156172 -75.8133223216656 0
      vertex 73.36135912065751 -75.86135912065751 0
    endloop
  endfacet
  facet normal 0 0 -1
    outer loop
      vertex -79.99499999999999 -89.99688871182816 0
      vertex 43.3875 -56.25 0
      vertex 71.59359216769114 -75.12912607362388 0
    endloop
  endfacet
  facet normal 0 0 -1
    outer loop
      vertex -79.99499999999999 -89.99688871182816 0
      vertex 36.825 -56.25 0
      vertex 43.3875 -56.25 0
    endloop
  endfacet
  facet normal 0 0 -1
    outer loop
      vertex -79.99499999999999 -89.99688871182816 0
      vertex 79.99499999999999 -89.99987530778472 0
      vertex 79.99499999999999 -90 0
    endloop
  endfacet
  facet normal 0 0 -1
    outer loop
      vertex -79.99499999999999 -89.99688871182816 0
      vertex 80.48895731546358 -89.98755678140141 0
      vertex 79.99499999999999 -89.99987530778472 0
    endloop
  endfacet
  facet normal 0 0 -1
    outer loop
      vertex -79.99499999999999 -89.99688871182816 0
      vertex 80.98667414442411 -89.95025806140767 0
      vertex 80.48895731546358 -89.98755678140141 0
    endloop
  endfacet
  facet normal 0 0 -1
    outer loop
      vertex -79.99499999999999 -89.99688871182816 0
      vertex 81.4819130844235 -89.88819657051353 0
      vertex 80.98667414442411 -89.95025806140767 0
    endloop
  endfacet
  facet normal 0 0 -1
    outer loop
      vertex -79.99499999999999 -89.99688871182816 0
      vertex 81.97344289342597 -89.80152660336393 0
      vertex 81.4819130844235 -89.88819657051353 0
    endloop
  endfacet
  facet normal 0 0 -1
    outer loop
      vertex -79.99499999999999 -89.99688871182816 0
      vertex 73.36135912065751 -75.86135912065751 0
      vertex 79.11611652351681 -79.11611652351681 0
    endloop
  endfacet
  facet normal 0 0 -1
    outer loop
      vertex -79.99499999999999 -89.99688871182816 0
      vertex 78.8451505843609 -80.47835429045637 0
      vertex 79.11611652351681 -80.88388347648319 0
    endloop
  endfacet
  facet normal 0 0 -1
    outer loop
      vertex -79.99499999999999 -89.99688871182816 0
      vertex 78.75 -80 0
      vertex 78.8451505843609 -80.47835429045637 0
    endloop
  endfacet
  facet normal 0 0 -1
    outer loop
      vertex -79.99499999999999 -89.99688871182816 0
      vertex 78.8451505843609 -79.52164570954363 0
      vertex 78.75 -80 0
    endloop
  endfacet
  facet normal 0 0 -1
    outer loop
      vertex -79.99499999999999 -89.99688871182816 0
      vertex 79.11611652351681 -80.88388347648319 0
      vertex 79.52164570954363 -81.1548494156391 0
    endloop
  endfacet
  facet normal 0 0 -1
    outer loop
      vertex -79.99499999999999 -89.99688871182816 0
      vertex 79.52164570954363 -81.1548494156391 0
      vertex 80 -81.25 0
    endloop
  endfacet
  facet normal 0 0 -1
    outer loop
      vertex -79.99499999999999 -89.99688871182816 0
      vertex 79.11611652351681 -79.11611652351681 0
      vertex 78.8451505843609 -79.52164570954363 0
    endloop
  endfacet
  facet normal 0 0 -1
    outer loop
      vertex -79.99499999999999 -89.99688871182816 0
      vertex 82.46004155087984 -89.69046363515307 0
      vertex 81.97344289342597 -89.80152660336393 0
    endloop
  endfacet
  facet normal 0 0 -1
    outer loop
      vertex -79.99499999999999 -89.99688871182816 0
      vertex 82.94049929585314 -89.55528378591926 0
      vertex 82.46004155087984 -89.69046363515307 0
    endloop
  endfacet
  facet normal 0 0 -1
    outer loop
      vertex -79.99499999999999 -89.99688871182816 0
      vertex 83.41362163468995 -89.39632313406693 0
      vertex 82.94049929585314 -89.55528378591926 0
    endloop
  endfacet
  facet normal 0 0 -1
    outer loop
      vertex -79.99499999999999 -89.99688871182816 0
      vertex 83.87823231070969 -89.21397688082277 0
      vertex 83.41362163468995 -89.39632313406693 0
    endloop
  endfacet
  facet normal 0 0 -1
    outer loop
      vertex -79.99499999999999 -89.99688871182816 0
      vertex 84.33317622856676 -89.0086983677032 0
      vertex 83.87823231070969 -89.21397688082277 0
    endloop
  endfacet
  facet normal 0 0 -1
    outer loop
      vertex -79.99499999999999 -89.99688871182816 0
      vertex 84.77732232599939 -88.78099794943599 0
      vertex 84.33317622856676 -89.0086983677032 0
    endloop
  endfacet
  facet normal 0 0 -1
    outer loop
      vertex -79.99499999999999 -89.99688871182816 0
      vertex 85.20956638582877 -88.53144172513788 0
      vertex 84.77732232599939 -88.78099794943599 0
    endloop
  endfacet
  facet normal 0 0 -1
    outer loop
      vertex -79.99499999999999 -89.99688871182816 0
      vertex 85.62883378121685 -88.2606501309031 0
      vertex 85.20956638582877 -88.53144172513788 0
    endloop
  endfacet
  facet normal 0 0 -1
    outer loop
      vertex -79.99499999999999 -89.99688871182816 0
      vertex 86.03408214735802 -87.96929639730145 0
      vertex 85.62883378121685 -88.2606501309031 0
    endloop
  endfacet
  facet normal 0 0 -1
    outer loop
      vertex -79.99499999999999 -89.99688871182816 0
      vertex 86.42430397296225 -87.65810487562096 0
      vertex 86.03408214735802 -87.96929639730145 0
    endloop
  endfacet
  facet normal 0 0 -1
    outer loop
      vertex -79.99499999999999 -89.99688871182816 0
      vertex 86.7985291050869 -87.32784923701655 0
      vertex 86.42430397296225 -87.65810487562096 0
    endloop
  endfacet
  facet normal 0 0 -1
    outer loop
      vertex -79.99499999999999 -89.99688871182816 0
      vertex 87.15582716108977 -86.97935054904158 0
      vertex 86.7985291050869 -87.32784923701655 0
    endloop
  endfacet
  facet normal 0 0 -1
    outer loop
      vertex -79.99499999999999 -89.99688871182816 0
      vertex 87.49530984170701 -86.61347523434456 0
      vertex 87.15582716108977 -86.97935054904158 0
    endloop
  endfacet
  facet normal 0 0 -1
    outer loop
      vertex -79.99499999999999 -89.99688871182816 0
      vertex 87.81613313950497 -86.23113291660592 0
      vertex 87.49530984170701 -86.61347523434456 0
    endloop
  endfacet
  facet normal 0 0 -1
    outer loop
      vertex -79.99499999999999 -89.99688871182816 0
      vertex 88.11749943721571 -85.83327415907024 0
      vertex 87.81613313950497 -86.23113291660592 0
    endloop
  endfacet
  facet normal 0 0 -1
    outer loop
      vertex -79.99499999999999 -89.99688871182816 0
      vertex 88.39865949073922 -85.42088810129624 0
      vertex 88.11749943721571 -85.83327415907024 0
    endloop
  endfacet
  facet normal 0 0 -1
    outer loop
      vertex -79.99499999999999 -89.99688871182816 0
      vertex 88.65891429188223 -84.99499999999999 0
      vertex 88.39865949073922 -85.42088810129624 0
    endloop
  endfacet
  facet normal 0 0 -1
    outer loop
      vertex -79.99499999999999 -89.99688871182816 0
      vertex 88.89761680620279 -84.55666868010516 0
      vertex 88.65891429188223 -84.99499999999999 0
    endloop
  endfacet
  facet normal 0 0 -1
    outer loop
      vertex -79.99499999999999 -89.99688871182816 0
      vertex 89.11417358163985 -84.10698390233742 0
      vertex 88.89761680620279 -84.55666868010516 0
    endloop
  endfacet
  facet normal 0 0 -1
    outer loop
      vertex -79.99499999999999 -89.99688871182816 0
      vertex 89.30804622392847 -83.64706365390761 0
      vertex 89.11417358163985 -84.10698390233742 0
    endloop
  endfacet
  facet normal 0 0 -1
    outer loop
      vertex -79.99499999999999 -89.99688871182816 0
      vertex 89.47875273513299 -83.17805136901936 0
      vertex 89.30804622392847 -83.64706365390761 0
    endloop
  endfacet
  facet normal 0 0 -1
    outer loop
      vertex -79.99499999999999 -89.99688871182816 0
      vertex 89.62586871196962 -82.70111308611148 0
      vertex 89.47875273513299 -83.17805136901936 0
    endloop
  endfacet
  facet normal 0 0 -1
    outer loop
      vertex -79.99499999999999 -89.99688871182816 0
      vertex 89.74902840094005 -82.2174345489027 0
      vertex 89.62586871196962 -82.70111308611148 0
    endloop
  endfacet
  facet normal 0 0 -1
    outer loop
      vertex -79.99499999999999 -89.99688871182816 0
      vertex 89.8479256076522 -81.72821825844596 0
      vertex 89.74902840094005 -82.2174345489027 0
    endloop
  endfacet
  facet normal 0 0 -1
    outer loop
      vertex -79.99499999999999 -89.99688871182816 0
      vertex 80 -81.25 0
      vertex 89.9720100097836 -80.7380482368001 0
    endloop
  endfacet
  facet normal 0 0 -1
    outer loop
      vertex -79.99499999999999 -89.99688871182816 0
      vertex 89.92231445806772 -81.23468048352132 0
      vertex 89.8479256076522 -81.72821825844596 0
    endloop
  endfacet
  facet normal 0 0 -1
    outer loop
      vertex -79.99499999999999 -89.99688871182816 0
      vertex 89.9720100097836 -80.7380482368001 0
      vertex 89.92231445806772 -81.23468048352132 0
    endloop
  endfacet
  facet normal 0 -1 0
    outer loop
      vertex -79.99499999999999 -90 0
      vertex 79.99499999999999 -90 0
      vertex 79.99499999999999 -90 10
    endloop
  endfacet
  facet normal 0 0 -1
    outer loop
      vertex 43.3875 -56.25 0
      vertex 61.32894204806427 -64.5953494602552 0
      vertex 61.55996684858612 -65.0275664618915 0
    endloop
  endfacet
  facet normal 0 0 -1
    outer loop
      vertex 43.3875 -56.25 0
      vertex 61.55996684858612 -65.0275664618915 0
      vertex 61.87087392637612 -65.40640783230886 0
    endloop
  endfacet
  facet normal 0 0 -1
    outer loop
      vertex 43.3875 -56.25 0
      vertex 61.18667767833441 -64.1263666843828 0
      vertex 61.32894204806427 -64.5953494602552 0
    endloop
  endfacet
  facet normal 0 0 -1
    outer loop
      vertex 43.3875 -56.25 0
      vertex 61.13864087934249 -63.63864087934249 0
      vertex 61.18667767833441 -64.1263666843828 0
    endloop
  endfacet
  facet normal 0 0 -1
    outer loop
      vertex 43.3875 -56.25 0
      vertex 61.186677678334405 -63.15091507430216 0
      vertex 61.13864087934249 -63.63864087934249 0
    endloop
  endfacet
  facet normal 0 0 -1
    outer loop
      vertex 43.3875 -56.25 0
      vertex 61.32894204806427 -62.68193229842976 0
      vertex 61.186677678334405 -63.15091507430216 0
    endloop
  endfacet
  facet normal 0 0 -1
    outer loop
      vertex 43.3875 -56.25 0
      vertex 61.55996684858612 -62.24971529679348 0
      vertex 61.32894204806427 -62.68193229842976 0
    endloop
  endfacet
  facet normal 0 0 -1
    outer loop
      vertex 43.3875 -56.25 0
      vertex 61.87087392637612 -61.87087392637612 0
      vertex 61.55996684858612 -62.24971529679348 0
    endloop
  endfacet
  facet normal 0 0 -1
    outer loop
      vertex 43.3875 -56.25 0
      vertex 62.24971529679348 -61.55996684858612 0
      vertex 61.87087392637612 -61.87087392637612 0
    endloop
  endfacet
  facet normal 0 0 -1
    outer loop
      vertex 43.3875 -56.25 0
      vertex 62.68193229842976 -61.32894204806427 0
      vertex 62.24971529679348 -61.55996684858612 0
    endloop
  endfacet
  facet normal 0 0 -1
    outer loop
      vertex 43.3875 -56.25 0
      vertex 61.87087392637612 -65.40640783230886 0
      vertex 71.59359216769114 -75.12912607362388 0
    endloop
  endfacet
  facet normal 0 0 -1
    outer loop
      vertex 43.3875 -56.25 0
      vertex 63.15091507430216 -61.186677678334405 0
      vertex 62.68193229842976 -61.32894204806427 0
    endloop
  endfacet
  facet normal 0 0 -1
    outer loop
      vertex 43.3875 -56.25 0
      vertex 63.63864087934249 -61.13864087934249 0
      vertex 63.15091507430216 -61.186677678334405 0
    endloop
  endfacet
  facet normal 0 0 -1
    outer loop
      vertex 43.3875 -56.25 0
      vertex 64.1263666843828 -61.18667767833441 0
      vertex 63.63864087934249 -61.13864087934249 0
    endloop
  endfacet
  facet normal 0 0 -1
    outer loop
      vertex 43.3875 -56.25 0
      vertex 73.65 -56.25 0
      vertex 64.1263666843828 -61.18667767833441 0
    endloop
  endfacet
  facet normal 0 0 -1
    outer loop
      vertex 73.65 -56.25 0
      vertex 64.5953494602552 -61.32894204806427 0
      vertex 64.1263666843828 -61.18667767833441 0
    endloop
  endfacet
  facet normal 0 0 -1
    outer loop
      vertex 73.84908492569784 -75.8133223216656 0
      vertex 79.11611652351681 -79.11611652351681 0
      vertex 73.36135912065751 -75.86135912065751 0
    endloop
  endfacet
  facet normal 0 0 -1
    outer loop
      vertex 74.31806770157024 -75.67105795193574 0
      vertex 79.11611652351681 -79.11611652351681 0
      vertex 73.84908492569784 -75.8133223216656 0
    endloop
  endfacet
  facet normal 0 0 -1
    outer loop
      vertex 74.75028470320652 -75.44003315141387 0
      vertex 79.11611652351681 -79.11611652351681 0
      vertex 74.31806770157024 -75.67105795193574 0
    endloop
  endfacet
  facet normal 0 0 -1
    outer loop
      vertex 75.12912607362388 -75.12912607362388 0
      vertex 79.11611652351681 -79.11611652351681 0
      vertex 74.75028470320652 -75.44003315141387 0
    endloop
  endfacet
  facet normal 0 0 -1
    outer loop
      vertex 75.44003315141387 -74.75028470320652 0
      vertex 79.11611652351681 -79.11611652351681 0
      vertex 75.12912607362388 -75.12912607362388 0
    endloop
  endfacet
  facet normal 0 0 -1
    outer loop
      vertex 75.67105795193574 -74.31806770157024 0
      vertex 79.52164570954363 -78.8451505843609 0
      vertex 75.44003315141387 -74.75028470320652 0
    endloop
  endfacet
  facet normal 0 0 -1
    outer loop
      vertex 75.44003315141387 -74.75028470320652 0
      vertex 79.52164570954363 -78.8451505843609 0
      vertex 79.11611652351681 -79.11611652351681 0
    endloop
  endfacet
  facet normal 0 0 -1
    outer loop
      vertex 75.67105795193574 -74.31806770157024 0
      vertex 80 -78.75 0
      vertex 79.52164570954363 -78.8451505843609 0
    endloop
  endfacet
  facet normal 0 0 -1
    outer loop
      vertex 75.8133223216656 -73.84908492569784 0
      vertex 80 -78.75 0
      vertex 75.67105795193574 -74.31806770157024 0
    endloop
  endfacet
  facet normal 0 0 -1
    outer loop
      vertex 75.86135912065751 -73.36135912065751 0
      vertex 80 -78.75 0
      vertex 75.8133223216656 -73.84908492569784 0
    endloop
  endfacet
  facet normal 0 0 -1
    outer loop
      vertex 75.8133223216656 -72.8736333156172 0
      vertex 80.47835429045637 -78.8451505843609 0
      vertex 75.86135912065751 -73.36135912065751 0
    endloop
  endfacet
  facet normal 0 0 -1
    outer loop
      vertex 75.67105795193574 -72.4046505397448 0
      vertex 80.88388347648319 -79.11611652351681 0
      vertex 75.8133223216656 -72.8736333156172 0
    endloop
  endfacet
  facet normal 0 0 -1
    outer loop
      vertex 89.9720100097836 -80.7380482368001 0
      vertex 80 -81.25 0
      vertex 80.47835429045637 -81.1548494156391 0
    endloop
  endfacet
  facet normal 0 0 -1
    outer loop
      vertex 89.9720100097836 -80.7380482368001 0
      vertex 80.47835429045637 -81.1548494156391 0
      vertex 80.88388347648319 -80.88388347648319 0
    endloop
  endfacet
  facet normal 0 0 -1
    outer loop
      vertex 89.9720100097836 -80.7380482368001 0
      vertex 80.88388347648319 -80.88388347648319 0
      vertex 81.1548494156391 -80.47835429045637 0
    endloop
  endfacet
  facet normal 0 0 -1
    outer loop
      vertex 89.99688871182816 -79.99499999999999 0
      vertex 81.1548494156391 -80.47835429045637 0
      vertex 81.25 -80 0
    endloop
  endfacet
  facet normal 0 0 -1
    outer loop
      vertex 89.99688871182816 -79.99499999999999 0
      vertex 81.1548494156391 -79.52164570954363 0
      vertex 80.88388347648319 -79.11611652351681 0
    endloop
  endfacet
  facet normal 0 0 -1
    outer loop
      vertex 89.99688871182816 -79.99499999999999 0
      vertex 81.25 -80 0
      vertex 81.1548494156391 -79.52164570954363 0
    endloop
  endfacet
  facet normal 0 0 -1
    outer loop
      vertex 89.9720100097836 -80.7380482368001 0
      vertex 81.1548494156391 -80.47835429045637 0
      vertex 89.99688871182816 -80.2395562242981 0
    endloop
  endfacet
  facet normal 0 0 -1
    outer loop
      vertex 89.99688871182816 -80.2395562242981 0
      vertex 81.1548494156391 -80.47835429045637 0
      vertex 89.99688871182816 -79.99499999999999 0
    endloop
  endfacet
  facet normal 0 0 -1
    outer loop
      vertex 75.86135912065751 -73.36135912065751 0
      vertex 80.47835429045637 -78.8451505843609 0
      vertex 80 -78.75 0
    endloop
  endfacet
  facet normal 0 0 -1
    outer loop
      vertex 75.8133223216656 -72.8736333156172 0
      vertex 80.88388347648319 -79.11611652351681 0
      vertex 80.47835429045637 -78.8451505843609 0
    endloop
  endfacet
  facet normal 0 0 -1
    outer loop
      vertex 89.99688871182816 -79.99499999999999 0
      vertex 80.88388347648319 -79.11611652351681 0
      vertex 75.67105795193574 -72.4046505397448 0
    endloop
  endfacet
  facet normal 0 0 -1
    outer loop
      vertex 89.99688871182816 -79.99499999999999 0
      vertex 75.67105795193574 -72.4046505397448 0
      vertex 73.65 -56.25 0
    endloop
  endfacet
  facet normal 0 0 -1
    outer loop
      vertex 73.65 -56.25 0
      vertex 75.12912607362388 -71.59359216769114 0
      vertex 65.40640783230886 -61.87087392637612 0
    endloop
  endfacet
  facet normal 0 0 -1
    outer loop
      vertex 73.65 -56.25 0
      vertex 65.40640783230886 -61.87087392637612 0
      vertex 65.0275664618915 -61.55996684858612 0
    endloop
  endfacet
  facet normal 0 0 -1
    outer loop
      vertex 73.65 -56.25 0
      vertex 65.0275664618915 -61.55996684858612 0
      vertex 64.5953494602552 -61.32894204806427 0
    endloop
  endfacet
  facet normal 0 0 -1
    outer loop
      vertex 73.65 -56.25 0
      vertex 75.67105795193574 -72.4046505397448 0
      vertex 75.44003315141387 -71.9724335381085 0
    endloop
  endfacet
  facet normal 0 0 -1
    outer loop
      vertex 73.65 -56.25 0
      vertex 75.44003315141387 -71.9724335381085 0
      vertex 75.12912607362388 -71.59359216769114 0
    endloop
  endfacet
  facet normal 0 0 -1
    outer loop
      vertex 89.99688871182816 -79.99499999999999 0
      vertex 73.65 -56.25 0
      vertex 73.66 -56.25 0
    endloop
  endfacet
  facet normal 0 0 -1
    outer loop
      vertex 89.99688871182816 -79.99499999999999 0
      vertex 73.66 -56.25 0
      vertex 73.66 -28.115 0
    endloop
  endfacet
  facet normal 0 0 -1
    outer loop
      vertex 89.99688871182816 -79.99499999999999 0
      vertex 73.66 -28.115 0
      vertex 73.66 0 0
    endloop
  endfacet
  facet normal 0 0 -1
    outer loop
      vertex 90 -79.99499999999999 0
      vertex 89.99688871182816 -79.99499999999999 0
      vertex 90 79.99499999999999 0
    endloop
  endfacet
  facet normal 0 0 1
    outer loop
      vertex -79.99499999999999 -89.99688871182816 10
      vertex 79.99499999999999 -89.99987530778472 10
      vertex 0 -56.25 10
    endloop
  endfacet
  facet normal 0 0 1
    outer loop
      vertex -79.99499999999999 -90 10
      vertex 79.99499999999999 -90 10
      vertex 79.99499999999999 -89.99987530778472 10
    endloop
  endfacet
  facet normal 0 0 1
    outer loop
      vertex 0 -56.25 10
      vertex 79.99499999999999 -89.99987530778472 10
      vertex 6.5625 -56.25 10
    endloop
  endfacet
  facet normal 0 0 1
    outer loop
      vertex 6.5625 -56.25 10
      vertex 79.99499999999999 -89.99987530778472 10
      vertex 36.825 -56.25 10
    endloop
  endfacet
  facet normal 0 0 1
    outer loop
      vertex 36.825 -56.25 10
      vertex 71.10838237440103 -76.48331296093568 10
      vertex 70.72765268633952 -76.16957749141005 10
    endloop
  endfacet
  facet normal 0 0 1
    outer loop
      vertex 36.825 -56.25 10
      vertex 70.72765268633952 -76.16957749141005 10
      vertex 70.6389980130893 -76.08372022822573 10
    endloop
  endfacet
  facet normal 0 0 1
    outer loop
      vertex 36.825 -56.25 10
      vertex 71.52610587834916 -76.745786034715 10
      vertex 71.10838237440103 -76.48331296093568 10
    endloop
  endfacet
  facet normal 0 0 1
    outer loop
      vertex 36.825 -56.25 10
      vertex 79.99499999999999 -89.99987530778472 10
      vertex 80.48895731546358 -89.98755678140141 10
    endloop
  endfacet
  facet normal 0 0 1
    outer loop
      vertex 36.825 -56.25 10
      vertex 80.48895731546358 -89.98755678140141 10
      vertex 80.98667414442411 -89.95025806140767 10
    endloop
  endfacet
  facet normal 0 0 1
    outer loop
      vertex 36.825 -56.25 10
      vertex 80.98667414442411 -89.95025806140767 10
      vertex 81.4819130844235 -89.88819657051353 10
    endloop
  endfacet
  facet normal 0 0 1
    outer loop
      vertex 36.825 -56.25 10
      vertex 81.4819130844235 -89.88819657051353 10
      vertex 81.97344289342597 -89.80152660336393 10
    endloop
  endfacet
  facet normal 0 0 1
    outer loop
      vertex 36.825 -56.25 10
      vertex 81.97344289342597 -89.80152660336393 10
      vertex 82.46004155087984 -89.69046363515307 10
    endloop
  endfacet
  facet normal 0 0 1
    outer loop
      vertex 36.825 -56.25 10
      vertex 82.46004155087984 -89.69046363515307 10
      vertex 82.94049929585314 -89.55528378591926 10
    endloop
  endfacet
  facet normal 0 0 1
    outer loop
      vertex 36.825 -56.25 10
      vertex 87.49530984170701 -86.61347523434456 10
      vertex 71.52610587834916 -76.745786034715 10
    endloop
  endfacet
  facet normal 0 0 1
    outer loop
      vertex 36.825 -56.25 10
      vertex 60.91627977177428 -66.3610019869107 10
      vertex 43.3875 -56.25 10
    endloop
  endfacet
  facet normal 0 0 1
    outer loop
      vertex 36.825 -56.25 10
      vertex 70.6389980130893 -76.08372022822573 10
      vertex 60.91627977177428 -66.3610019869107 10
    endloop
  endfacet
  facet normal 0 0 1
    outer loop
      vertex 43.3875 -56.25 10
      vertex 60.66745014380176 -66.08701291255903 10
      vertex 60.37875271231359 -65.68696437392653 10
    endloop
  endfacet
  facet normal 0 0 1
    outer loop
      vertex 43.3875 -56.25 10
      vertex 60.37875271231359 -65.68696437392653 10
      vertex 60.143582554403565 -65.25328242014191 10
    endloop
  endfacet
  facet normal 0 0 1
    outer loop
      vertex 43.3875 -56.25 10
      vertex 60.143582554403565 -65.25328242014191 10
      vertex 59.965801157562936 -64.79308809689654 10
    endloop
  endfacet
  facet normal 0 0 1
    outer loop
      vertex 43.3875 -56.25 10
      vertex 60.91627977177428 -66.3610019869107 10
      vertex 60.66745014380176 -66.08701291255903 10
    endloop
  endfacet
  facet normal 0 0 1
    outer loop
      vertex 43.3875 -56.25 10
      vertex 59.965801157562936 -64.79308809689654 10
      vertex 59.84832768741279 -64.31393778225535 10
    endloop
  endfacet
  facet normal 0 0 1
    outer loop
      vertex 43.3875 -56.25 10
      vertex 59.84832768741279 -64.31393778225535 10
      vertex 59.79309105508526 -63.82369911113793 10
    endloop
  endfacet
  facet normal 0 0 1
    outer loop
      vertex 43.3875 -56.25 10
      vertex 59.79309105508526 -63.82369911113793 10
      vertex 59.800998244556084 -63.330421788970625 10
    endloop
  endfacet
  facet normal 0 0 1
    outer loop
      vertex 43.3875 -56.25 10
      vertex 59.800998244556084 -63.330421788970625 10
      vertex 59.871919419992736 -62.84220541574605 10
    endloop
  endfacet
  facet normal 0 0 1
    outer loop
      vertex 43.3875 -56.25 10
      vertex 59.871919419992736 -62.84220541574605 10
      vertex 60.00469005765527 -62.36706649081509 10
    endloop
  endfacet
  facet normal 0 0 1
    outer loop
      vertex 43.3875 -56.25 10
      vertex 60.00469005765527 -62.36706649081509 10
      vertex 60.19713006734392 -61.91280678218918 10
    endloop
  endfacet
  facet normal 0 0 1
    outer loop
      vertex 43.3875 -56.25 10
      vertex 60.19713006734392 -61.91280678218918 10
      vertex 60.44607958941988 -61.48688522172526 10
    endloop
  endfacet
  facet normal 0 0 1
    outer loop
      vertex 43.3875 -56.25 10
      vertex 60.44607958941988 -61.48688522172526 10
      vertex 60.747450879613254 -61.09629542967092 10
    endloop
  endfacet
  facet normal 0 0 1
    outer loop
      vertex 43.3875 -56.25 10
      vertex 60.747450879613254 -61.09629542967092 10
      vertex 61.09629542967092 -60.747450879613254 10
    endloop
  endfacet
  facet normal 0 0 1
    outer loop
      vertex 43.3875 -56.25 10
      vertex 61.09629542967092 -60.747450879613254 10
      vertex 61.48688522172526 -60.44607958941988 10
    endloop
  endfacet
  facet normal 0 0 1
    outer loop
      vertex 43.3875 -56.25 10
      vertex 61.48688522172526 -60.44607958941988 10
      vertex 61.91280678218918 -60.19713006734392 10
    endloop
  endfacet
  facet normal 0 0 1
    outer loop
      vertex 43.3875 -56.25 10
      vertex 61.91280678218918 -60.19713006734392 10
      vertex 62.36706649081509 -60.00469005765527 10
    endloop
  endfacet
  facet normal 0 0 1
    outer loop
      vertex 43.3875 -56.25 10
      vertex 62.36706649081509 -60.00469005765527 10
      vertex 62.84220541574605 -59.871919419992736 10
    endloop
  endfacet
  facet normal 0 0 1
    outer loop
      vertex 60.92047660587451 -66.35680515281045 10
      vertex 60.66745014380176 -66.08701291255903 10
      vertex 60.91627977177428 -66.3610019869107 10
    endloop
  endfacet
  facet normal 0 0 1
    outer loop
      vertex 43.3875 -56.25 10
      vertex 62.84220541574605 -59.871919419992736 10
      vertex 63.330421788970625 -59.800998244556084 10
    endloop
  endfacet
  facet normal 0 0 1
    outer loop
      vertex 43.3875 -56.25 10
      vertex 63.330421788970625 -59.800998244556084 10
      vertex 63.82369911113793 -59.79309105508526 10
    endloop
  endfacet
  facet normal 0 0 1
    outer loop
      vertex 43.3875 -56.25 10
      vertex 63.82369911113793 -59.79309105508526 10
      vertex 64.31393778225535 -59.84832768741279 10
    endloop
  endfacet
  facet normal 0 0 1
    outer loop
      vertex 43.3875 -56.25 10
      vertex 64.31393778225535 -59.84832768741279 10
      vertex 73.65 -56.25 10
    endloop
  endfacet
  facet normal 0 0 1
    outer loop
      vertex 66.3610019869107 -60.91627977177428 10
      vertex 66.08701291255903 -60.66745014380176 10
      vertex 66.35680515281045 -60.92047660587451 10
    endloop
  endfacet
  facet normal 0 0 1
    outer loop
      vertex 79.52164570954363 -81.1548494156391 10
      vertex 79.11611652351681 -80.88388347648319 10
      vertex 71.97396418979768 -76.95268691213303 10
    endloop
  endfacet
  facet normal 0 0 1
    outer loop
      vertex 72.93029588765978 -77.18715112874649 10
      vertex 79.11611652351681 -80.88388347648319 10
      vertex 78.8451505843609 -80.47835429045637 10
    endloop
  endfacet
  facet normal 0 0 1
    outer loop
      vertex 87.49530984170701 -86.61347523434456 10
      vertex 71.97396418979768 -76.95268691213303 10
      vertex 71.52610587834916 -76.745786034715 10
    endloop
  endfacet
  facet normal 0 0 1
    outer loop
      vertex 73.42306633403369 -77.21086457198726 10
      vertex 78.8451505843609 -80.47835429045637 10
      vertex 78.75 -80 10
    endloop
  endfacet
  facet normal 0 0 1
    outer loop
      vertex 73.42306633403369 -77.21086457198726 10
      vertex 78.75 -80 10
      vertex 78.8451505843609 -79.52164570954363 10
    endloop
  endfacet
  facet normal 0 0 1
    outer loop
      vertex 36.825 -56.25 10
      vertex 82.94049929585314 -89.55528378591926 10
      vertex 83.41362163468995 -89.39632313406693 10
    endloop
  endfacet
  facet normal 0 0 1
    outer loop
      vertex 36.825 -56.25 10
      vertex 83.41362163468995 -89.39632313406693 10
      vertex 83.87823231070969 -89.21397688082277 10
    endloop
  endfacet
  facet normal 0 0 1
    outer loop
      vertex 36.825 -56.25 10
      vertex 83.87823231070969 -89.21397688082277 10
      vertex 84.33317622856676 -89.0086983677032 10
    endloop
  endfacet
  facet normal 0 0 1
    outer loop
      vertex 36.825 -56.25 10
      vertex 84.33317622856676 -89.0086983677032 10
      vertex 84.77732232599939 -88.78099794943599 10
    endloop
  endfacet
  facet normal 0 0 1
    outer loop
      vertex 36.825 -56.25 10
      vertex 84.77732232599939 -88.78099794943599 10
      vertex 85.20956638582877 -88.53144172513788 10
    endloop
  endfacet
  facet normal 0 0 1
    outer loop
      vertex 36.825 -56.25 10
      vertex 85.20956638582877 -88.53144172513788 10
      vertex 85.62883378121685 -88.2606501309031 10
    endloop
  endfacet
  facet normal 0 0 1
    outer loop
      vertex 36.825 -56.25 10
      vertex 85.62883378121685 -88.2606501309031 10
      vertex 86.03408214735802 -87.96929639730145 10
    endloop
  endfacet
  facet normal 0 0 1
    outer loop
      vertex 36.825 -56.25 10
      vertex 86.03408214735802 -87.96929639730145 10
      vertex 86.42430397296225 -87.65810487562096 10
    endloop
  endfacet
  facet normal 0 0 1
    outer loop
      vertex 36.825 -56.25 10
      vertex 86.42430397296225 -87.65810487562096 10
      vertex 86.7985291050869 -87.32784923701655 10
    endloop
  endfacet
  facet normal 0 0 1
    outer loop
      vertex 36.825 -56.25 10
      vertex 86.7985291050869 -87.32784923701655 10
      vertex 87.15582716108977 -86.97935054904158 10
    endloop
  endfacet
  facet normal 0 0 1
    outer loop
      vertex 36.825 -56.25 10
      vertex 87.15582716108977 -86.97935054904158 10
      vertex 87.49530984170701 -86.61347523434456 10
    endloop
  endfacet
  facet normal 0 0 1
    outer loop
      vertex 70.6389980130893 -76.08372022822573 10
      vertex 70.72765268633952 -76.16957749141005 10
      vertex 70.64319484718955 -76.07952339412549 10
    endloop
  endfacet
  facet normal 0 0 1
    outer loop
      vertex 72.4446034876543 -77.10061828650265 10
      vertex 71.97396418979768 -76.95268691213303 10
      vertex 79.11611652351681 -80.88388347648319 10
    endloop
  endfacet
  facet normal 0 0 1
    outer loop
      vertex 72.93029588765978 -77.18715112874649 10
      vertex 72.4446034876543 -77.10061828650265 10
      vertex 79.11611652351681 -80.88388347648319 10
    endloop
  endfacet
  facet normal 0 0 1
    outer loop
      vertex 78.8451505843609 -80.47835429045637 10
      vertex 73.42306633403369 -77.21086457198726 10
      vertex 72.93029588765978 -77.18715112874649 10
    endloop
  endfacet
  facet normal 0 0 1
    outer loop
      vertex 73.42306633403369 -77.21086457198726 10
      vertex 78.8451505843609 -79.52164570954363 10
      vertex 73.91482354966993 -77.17136924214249 10
    endloop
  endfacet
  facet normal 0 0 1
    outer loop
      vertex 78.8451505843609 -79.52164570954363 10
      vertex 74.39749289468315 -77.06931365143636 10
      vertex 73.91482354966993 -77.17136924214249 10
    endloop
  endfacet
  facet normal 0 0 1
    outer loop
      vertex 79.11611652351681 -79.11611652351681 10
      vertex 74.86314895177235 -76.90637354984678 10
      vertex 74.39749289468315 -77.06931365143636 10
    endloop
  endfacet
  facet normal 0 0 1
    outer loop
      vertex 74.86314895177235 -76.90637354984678 10
      vertex 79.52164570954363 -78.8451505843609 10
      vertex 75.30414566135384 -76.68522440933712 10
    endloop
  endfacet
  facet normal 0 0 1
    outer loop
      vertex 75.30414566135384 -76.68522440933712 10
      vertex 80 -78.75 10
      vertex 75.71324186964834 -76.40949749268057 10
    endloop
  endfacet
  facet normal 0 0 1
    outer loop
      vertex 74.39749289468315 -77.06931365143636 10
      vertex 78.8451505843609 -79.52164570954363 10
      vertex 79.11611652351681 -79.11611652351681 10
    endloop
  endfacet
  facet normal 0 0 1
    outer loop
      vertex 74.86314895177235 -76.90637354984678 10
      vertex 79.11611652351681 -79.11611652351681 10
      vertex 79.52164570954363 -78.8451505843609 10
    endloop
  endfacet
  facet normal 0 0 1
    outer loop
      vertex 75.30414566135384 -76.68522440933712 10
      vertex 79.52164570954363 -78.8451505843609 10
      vertex 80 -78.75 10
    endloop
  endfacet
  facet normal 0 0 1
    outer loop
      vertex 75.71324186964834 -76.40949749268057 10
      vertex 80 -78.75 10
      vertex 80.47835429045637 -78.8451505843609 10
    endloop
  endfacet
  facet normal 0 0 1
    outer loop
      vertex 76.07952339412549 -70.64319484718955 10
      vertex 76.16957749141005 -70.72765268633952 10
      vertex 76.08372022822573 -70.6389980130893 10
    endloop
  endfacet
  facet normal 0 0 1
    outer loop
      vertex 87.81613313950497 -86.23113291660592 10
      vertex 79.52164570954363 -81.1548494156391 10
      vertex 71.97396418979768 -76.95268691213303 10
    endloop
  endfacet
  facet normal 0 0 1
    outer loop
      vertex 87.49530984170701 -86.61347523434456 10
      vertex 87.81613313950497 -86.23113291660592 10
      vertex 71.97396418979768 -76.95268691213303 10
    endloop
  endfacet
  facet normal 0 0 1
    outer loop
      vertex 87.81613313950497 -86.23113291660592 10
      vertex 80 -81.25 10
      vertex 79.52164570954363 -81.1548494156391 10
    endloop
  endfacet
  facet normal 0 0 1
    outer loop
      vertex 88.11749943721571 -85.83327415907024 10
      vertex 80.47835429045637 -81.1548494156391 10
      vertex 80 -81.25 10
    endloop
  endfacet
  facet normal 0 0 1
    outer loop
      vertex 88.39865949073922 -85.42088810129624 10
      vertex 80.88388347648319 -80.88388347648319 10
      vertex 80.47835429045637 -81.1548494156391 10
    endloop
  endfacet
  facet normal 0 0 1
    outer loop
      vertex 88.65891429188223 -84.99499999999999 10
      vertex 81.1548494156391 -80.47835429045637 10
      vertex 80.88388347648319 -80.88388347648319 10
    endloop
  endfacet
  facet normal 0 0 1
    outer loop
      vertex 89.47875273513299 -83.17805136901936 10
      vertex 75.71324186964834 -76.40949749268057 10
      vertex 80.47835429045637 -78.8451505843609 10
    endloop
  endfacet
  facet normal 0 0 1
    outer loop
      vertex 89.47875273513299 -83.17805136901936 10
      vertex 80.47835429045637 -78.8451505843609 10
      vertex 80.88388347648319 -79.11611652351681 10
    endloop
  endfacet
  facet normal 0 0 1
    outer loop
      vertex 89.11417358163985 -84.10698390233742 10
      vertex 81.25 -80 10
      vertex 81.1548494156391 -80.47835429045637 10
    endloop
  endfacet
  facet normal 0 0 1
    outer loop
      vertex 89.30804622392847 -83.64706365390761 10
      vertex 81.1548494156391 -79.52164570954363 10
      vertex 81.25 -80 10
    endloop
  endfacet
  facet normal 0 0 1
    outer loop
      vertex 89.47875273513299 -83.17805136901936 10
      vertex 80.88388347648319 -79.11611652351681 10
      vertex 81.1548494156391 -79.52164570954363 10
    endloop
  endfacet
  facet normal 0 0 1
    outer loop
      vertex 87.81613313950497 -86.23113291660592 10
      vertex 88.11749943721571 -85.83327415907024 10
      vertex 80 -81.25 10
    endloop
  endfacet
  facet normal 0 0 1
    outer loop
      vertex 88.11749943721571 -85.83327415907024 10
      vertex 88.39865949073922 -85.42088810129624 10
      vertex 80.47835429045637 -81.1548494156391 10
    endloop
  endfacet
  facet normal 0 0 1
    outer loop
      vertex 88.39865949073922 -85.42088810129624 10
      vertex 88.65891429188223 -84.99499999999999 10
      vertex 80.88388347648319 -80.88388347648319 10
    endloop
  endfacet
  facet normal 0 0 1
    outer loop
      vertex 88.65891429188223 -84.99499999999999 10
      vertex 88.89761680620279 -84.55666868010516 10
      vertex 81.1548494156391 -80.47835429045637 10
    endloop
  endfacet
  facet normal 0 0 1
    outer loop
      vertex 88.89761680620279 -84.55666868010516 10
      vertex 89.11417358163985 -84.10698390233742 10
      vertex 81.1548494156391 -80.47835429045637 10
    endloop
  endfacet
  facet normal 0 0 1
    outer loop
      vertex 89.11417358163985 -84.10698390233742 10
      vertex 89.30804622392847 -83.64706365390761 10
      vertex 81.25 -80 10
    endloop
  endfacet
  facet normal 0 0 1
    outer loop
      vertex 89.30804622392847 -83.64706365390761 10
      vertex 89.47875273513299 -83.17805136901936 10
      vertex 81.1548494156391 -79.52164570954363 10
    endloop
  endfacet
  facet normal 0 0 1
    outer loop
      vertex 89.47875273513299 -83.17805136901936 10
      vertex 89.62586871196962 -82.70111308611148 10
      vertex 76.08372022822573 -76.08372022822573 10
    endloop
  endfacet
  facet normal 0 0 1
    outer loop
      vertex 89.62586871196962 -82.70111308611148 10
      vertex 89.74902840094005 -82.2174345489027 10
      vertex 76.08372022822573 -76.08372022822573 10
    endloop
  endfacet
  facet normal 0 0 1
    outer loop
      vertex 89.74902840094005 -82.2174345489027 10
      vertex 89.8479256076522 -81.72821825844596 10
      vertex 76.40949749268057 -75.71324186964834 10
    endloop
  endfacet
  facet normal 0 0 1
    outer loop
      vertex 89.8479256076522 -81.72821825844596 10
      vertex 89.92231445806772 -81.23468048352132 10
      vertex 76.40949749268057 -75.71324186964834 10
    endloop
  endfacet
  facet normal 0 0 1
    outer loop
      vertex 89.92231445806772 -81.23468048352132 10
      vertex 89.9720100097836 -80.7380482368001 10
      vertex 76.68522440933712 -75.30414566135384 10
    endloop
  endfacet
  facet normal 0 0 1
    outer loop
      vertex 89.47875273513299 -83.17805136901936 10
      vertex 76.08372022822573 -76.08372022822573 10
      vertex 75.71324186964834 -76.40949749268057 10
    endloop
  endfacet
  facet normal 0 0 1
    outer loop
      vertex 89.74902840094005 -82.2174345489027 10
      vertex 76.40949749268057 -75.71324186964834 10
      vertex 76.08372022822573 -76.08372022822573 10
    endloop
  endfacet
  facet normal 0 0 1
    outer loop
      vertex 89.92231445806772 -81.23468048352132 10
      vertex 76.68522440933712 -75.30414566135384 10
      vertex 76.40949749268057 -75.71324186964834 10
    endloop
  endfacet
  facet normal 0 0 1
    outer loop
      vertex 89.9720100097836 -80.7380482368001 10
      vertex 76.90637354984678 -74.86314895177235 10
      vertex 76.68522440933712 -75.30414566135384 10
    endloop
  endfacet
  facet normal 0 0 1
    outer loop
      vertex 89.99688871182816 -79.99499999999999 10
      vertex 77.06931365143636 -74.39749289468315 10
      vertex 76.90637354984678 -74.86314895177235 10
    endloop
  endfacet
  facet normal 0 0 1
    outer loop
      vertex 89.99688871182816 -79.99499999999999 10
      vertex 77.17136924214249 -73.91482354966993 10
      vertex 77.06931365143636 -74.39749289468315 10
    endloop
  endfacet
  facet normal 0 0 1
    outer loop
      vertex 89.99688871182816 -79.99499999999999 10
      vertex 77.21086457198724 -73.42306633403368 10
      vertex 77.17136924214249 -73.91482354966993 10
    endloop
  endfacet
  facet normal 0 0 1
    outer loop
      vertex 89.99688871182816 -79.99499999999999 10
      vertex 77.1871511287465 -72.93029588765978 10
      vertex 77.21086457198724 -73.42306633403368 10
    endloop
  endfacet
  facet normal 0 0 1
    outer loop
      vertex 89.99688871182816 -79.99499999999999 10
      vertex 77.10061828650265 -72.4446034876543 10
      vertex 77.1871511287465 -72.93029588765978 10
    endloop
  endfacet
  facet normal 0 0 1
    outer loop
      vertex 89.99688871182816 -79.99499999999999 10
      vertex 73.65 -56.25 10
      vertex 77.10061828650265 -72.4446034876543 10
    endloop
  endfacet
  facet normal 0 0 1
    outer loop
      vertex 89.9720100097836 -80.7380482368001 10
      vertex 89.99688871182816 -80.2395562242981 10
      vertex 76.90637354984678 -74.86314895177235 10
    endloop
  endfacet
  facet normal 0 0 1
    outer loop
      vertex 89.99688871182816 -80.2395562242981 10
      vertex 89.99688871182816 -79.99499999999999 10
      vertex 76.90637354984678 -74.86314895177235 10
    endloop
  endfacet
  facet normal 0 0 1
    outer loop
      vertex 73.65 -56.25 10
      vertex 66.3610019869107 -60.91627977177428 10
      vertex 76.08372022822573 -70.6389980130893 10
    endloop
  endfacet
  facet normal 0 0 1
    outer loop
      vertex 73.65 -56.25 10
      vertex 65.68696437392653 -60.37875271231359 10
      vertex 66.08701291255903 -60.66745014380176 10
    endloop
  endfacet
  facet normal 0 0 1
    outer loop
      vertex 73.65 -56.25 10
      vertex 66.08701291255903 -60.66745014380176 10
      vertex 66.3610019869107 -60.91627977177428 10
    endloop
  endfacet
  facet normal 0 0 1
    outer loop
      vertex 73.65 -56.25 10
      vertex 64.31393778225535 -59.84832768741279 10
      vertex 64.79308809689654 -59.965801157562936 10
    endloop
  endfacet
  facet normal 0 0 1
    outer loop
      vertex 73.65 -56.25 10
      vertex 64.79308809689654 -59.965801157562936 10
      vertex 65.25328242014191 -60.143582554403565 10
    endloop
  endfacet
  facet normal 0 0 1
    outer loop
      vertex 73.65 -56.25 10
      vertex 65.25328242014191 -60.143582554403565 10
      vertex 65.68696437392653 -60.37875271231359 10
    endloop
  endfacet
  facet normal 0 0 1
    outer loop
      vertex 73.65 -56.25 10
      vertex 76.95268691213303 -71.97396418979768 10
      vertex 77.10061828650265 -72.4446034876543 10
    endloop
  endfacet
  facet normal 0 0 1
    outer loop
      vertex 73.65 -56.25 10
      vertex 76.745786034715 -71.52610587834916 10
      vertex 76.95268691213303 -71.97396418979768 10
    endloop
  endfacet
  facet normal 0 0 1
    outer loop
      vertex 73.65 -56.25 10
      vertex 76.48331296093568 -71.10838237440103 10
      vertex 76.745786034715 -71.52610587834916 10
    endloop
  endfacet
  facet normal 0 0 1
    outer loop
      vertex 73.65 -56.25 10
      vertex 76.08372022822573 -70.6389980130893 10
      vertex 76.16957749141005 -70.72765268633952 10
    endloop
  endfacet
  facet normal 0 0 1
    outer loop
      vertex 73.65 -56.25 10
      vertex 76.16957749141005 -70.72765268633952 10
      vertex 76.48331296093568 -71.10838237440103 10
    endloop
  endfacet
  facet normal 0 0 1
    outer loop
      vertex 89.99688871182816 -79.99499999999999 10
      vertex 73.66 -56.25 10
      vertex 73.65 -56.25 10
    endloop
  endfacet
  facet normal 0 0 1
    outer loop
      vertex 89.99688871182816 -79.99499999999999 10
      vertex 73.66 -28.125 10
      vertex 73.66 -56.25 10
    endloop
  endfacet
  facet normal 1 0 0
    outer loop
      vertex 90 -79.99499999999999 0
      vertex 90 79.99499999999999 10
      vertex 90 -79.99499999999999 10
    endloop
  endfacet
  facet normal 0 0 1
    outer loop
      vertex 89.99688871182816 -79.99499999999999 10
      vertex 73.66 0 10
      vertex 73.66 -28.125 10
    endloop
  endfacet
  facet normal 0 0 1
    outer loop
      vertex 90 -79.99499999999999 10
      vertex 89.99987530778472 79.99499999999999 10
      vertex 89.99688871182816 -79.99499999999999 10
    endloop
  endfacet
  facet normal 0 0 1
    outer loop
      vertex 89.99688871182816 -79.99499999999999 10
      vertex 80.47835429045637 78.8451505843609 10
      vertex 73.66 0 10
    endloop
  endfacet
  facet normal 0 0 -1
    outer loop
      vertex -36.825 56.260000000000005 0
      vertex 79.99499999999999 89.99688871182816 0
      vertex 0.009999999999990905 56.260000000000005 0
    endloop
  endfacet
  facet normal 0 0 -1
    outer loop
      vertex -79.99499999999999 90 0
      vertex 79.99499999999999 90 0
      vertex 79.99499999999999 89.99688871182816 0
    endloop
  endfacet
  facet normal 0 0 -1
    outer loop
      vertex 0.009999999999990905 56.260000000000005 0
      vertex 79.99499999999999 89.99688871182816 0
      vertex 36.825 56.260000000000005 0
    endloop
  endfacet
  facet normal 0 0 -1
    outer loop
      vertex 89.99688871182816 -79.99499999999999 0
      vertex 73.66 0 0
      vertex 89.99987530778472 79.99499999999999 0
    endloop
  endfacet
  facet normal 0 0 -1
    outer loop
      vertex 89.99688871182816 -79.99499999999999 0
      vertex 89.99987530778472 79.99499999999999 0
      vertex 90 79.99499999999999 0
    endloop
  endfacet
  facet normal 0 0 -1
    outer loop
      vertex 73.66 0 0
      vertex 73.66 28.135000000000005 0
      vertex 89.99987530778472 79.99499999999999 0
    endloop
  endfacet
  facet normal 1 0 0
    outer loop
      vertex 90 -79.99499999999999 0
      vertex 90 79.99499999999999 0
      vertex 90 79.99499999999999 10
    endloop
  endfacet
  facet normal 0 0 -1
    outer loop
      vertex 36.825 56.260000000000005 0
      vertex 61.32894204806427 62.68193229842976 0
      vertex 61.55996684858612 62.24971529679348 0
    endloop
  endfacet
  facet normal 0 0 -1
    outer loop
      vertex 36.825 56.260000000000005 0
      vertex 61.55996684858612 62.24971529679348 0
      vertex 61.87087392637612 61.87087392637612 0
    endloop
  endfacet
  facet normal 0 0 -1
    outer loop
      vertex 36.825 56.260000000000005 0
      vertex 61.13864087934249 63.63864087934249 0
      vertex 61.186677678334405 63.15091507430216 0
    endloop
  endfacet
  facet normal 0 0 -1
    outer loop
      vertex 36.825 56.260000000000005 0
      vertex 61.186677678334405 63.15091507430216 0
      vertex 61.32894204806427 62.68193229842976 0
    endloop
  endfacet
  facet normal 0 0 -1
    outer loop
      vertex 36.825 56.260000000000005 0
      vertex 61.18667767833441 64.1263666843828 0
      vertex 61.13864087934249 63.63864087934249 0
    endloop
  endfacet
  facet normal 0 0 -1
    outer loop
      vertex 36.825 56.260000000000005 0
      vertex 61.32894204806427 64.5953494602552 0
      vertex 61.18667767833441 64.1263666843828 0
    endloop
  endfacet
  facet normal 0 0 -1
    outer loop
      vertex 36.825 56.260000000000005 0
      vertex 62.24971529679348 61.55996684858612 0
      vertex 62.68193229842976 61.32894204806427 0
    endloop
  endfacet
  facet normal 0 0 -1
    outer loop
      vertex 36.825 56.260000000000005 0
      vertex 61.87087392637612 61.87087392637612 0
      vertex 62.24971529679348 61.55996684858612 0
    endloop
  endfacet
  facet normal 0 0 -1
    outer loop
      vertex 36.825 56.260000000000005 0
      vertex 62.68193229842976 61.32894204806427 0
      vertex 63.15091507430216 61.186677678334405 0
    endloop
  endfacet
  facet normal 0 0 -1
    outer loop
      vertex 36.825 56.260000000000005 0
      vertex 63.15091507430216 61.186677678334405 0
      vertex 63.63864087934249 61.13864087934249 0
    endloop
  endfacet
  facet normal 0 0 -1
    outer loop
      vertex 36.825 56.260000000000005 0
      vertex 63.63864087934249 61.13864087934249 0
      vertex 64.1263666843828 61.18667767833441 0
    endloop
  endfacet
  facet normal 0 0 -1
    outer loop
      vertex 36.825 56.260000000000005 0
      vertex 61.55996684858612 65.0275664618915 0
      vertex 61.32894204806427 64.5953494602552 0
    endloop
  endfacet
  facet normal 0 0 -1
    outer loop
      vertex 36.825 56.260000000000005 0
      vertex 61.87087392637612 65.40640783230886 0
      vertex 61.55996684858612 65.0275664618915 0
    endloop
  endfacet
  facet normal 0 0 -1
    outer loop
      vertex 36.825 56.260000000000005 0
      vertex 64.1263666843828 61.18667767833441 0
      vertex 73.66 56.260000000000005 0
    endloop
  endfacet
  facet normal 0 0 -1
    outer loop
      vertex 36.825 56.260000000000005 0
      vertex 71.59359216769114 75.12912607362388 0
      vertex 61.87087392637612 65.40640783230886 0
    endloop
  endfacet
  facet normal 0 0 -1
    outer loop
      vertex 73.66 56.260000000000005 0
      vertex 64.1263666843828 61.18667767833441 0
      vertex 64.5953494602552 61.32894204806427 0
    endloop
  endfacet
  facet normal 0 0 -1
    outer loop
      vertex 36.825 56.260000000000005 0
      vertex 71.9724335381085 75.44003315141387 0
      vertex 71.59359216769114 75.12912607362388 0
    endloop
  endfacet
  facet normal 0 0 -1
    outer loop
      vertex 36.825 56.260000000000005 0
      vertex 78.8451505843609 79.52164570954363 0
      vertex 71.9724335381085 75.44003315141387 0
    endloop
  endfacet
  facet normal 0 0 -1
    outer loop
      vertex 36.825 56.260000000000005 0
      vertex 78.75 80 0
      vertex 78.8451505843609 79.52164570954363 0
    endloop
  endfacet
  facet normal 0 0 -1
    outer loop
      vertex 36.825 56.260000000000005 0
      vertex 78.8451505843609 80.47835429045637 0
      vertex 78.75 80 0
    endloop
  endfacet
  facet normal 0 0 -1
    outer loop
      vertex 36.825 56.260000000000005 0
      vertex 79.11611652351681 80.88388347648319 0
      vertex 78.8451505843609 80.47835429045637 0
    endloop
  endfacet
  facet normal 0 0 -1
    outer loop
      vertex 36.825 56.260000000000005 0
      vertex 79.52164570954363 81.1548494156391 0
      vertex 79.11611652351681 80.88388347648319 0
    endloop
  endfacet
  facet normal 0 0 -1
    outer loop
      vertex 36.825 56.260000000000005 0
      vertex 80.2395562242981 89.99688871182816 0
      vertex 80.7380482368001 89.9720100097836 0
    endloop
  endfacet
  facet normal 0 0 -1
    outer loop
      vertex 36.825 56.260000000000005 0
      vertex 80.7380482368001 89.9720100097836 0
      vertex 81.23468048352132 89.92231445806772 0
    endloop
  endfacet
  facet normal 0 0 -1
    outer loop
      vertex 36.825 56.260000000000005 0
      vertex 81.23468048352132 89.92231445806772 0
      vertex 81.72821825844596 89.8479256076522 0
    endloop
  endfacet
  facet normal 0 0 -1
    outer loop
      vertex 36.825 56.260000000000005 0
      vertex 81.72821825844596 89.8479256076522 0
      vertex 82.2174345489027 89.74902840094005 0
    endloop
  endfacet
  facet normal 0 0 -1
    outer loop
      vertex 36.825 56.260000000000005 0
      vertex 82.2174345489027 89.74902840094005 0
      vertex 82.70111308611148 89.62586871196962 0
    endloop
  endfacet
  facet normal 0 0 -1
    outer loop
      vertex 36.825 56.260000000000005 0
      vertex 79.99499999999999 89.99688871182816 0
      vertex 80.2395562242981 89.99688871182816 0
    endloop
  endfacet
  facet normal 0 0 -1
    outer loop
      vertex 73.66 56.260000000000005 0
      vertex 64.5953494602552 61.32894204806427 0
      vertex 65.0275664618915 61.55996684858612 0
    endloop
  endfacet
  facet normal 0 0 -1
    outer loop
      vertex 73.66 56.260000000000005 0
      vertex 65.0275664618915 61.55996684858612 0
      vertex 65.40640783230886 61.87087392637612 0
    endloop
  endfacet
  facet normal 0 0 -1
    outer loop
      vertex 73.66 56.260000000000005 0
      vertex 65.40640783230886 61.87087392637612 0
      vertex 75.12912607362388 71.59359216769114 0
    endloop
  endfacet
  facet normal 0 0 -1
    outer loop
      vertex 73.66 56.260000000000005 0
      vertex 75.12912607362388 71.59359216769114 0
      vertex 75.44003315141387 71.9724335381085 0
    endloop
  endfacet
  facet normal 0 0 -1
    outer loop
      vertex 73.66 56.260000000000005 0
      vertex 75.44003315141387 71.9724335381085 0
      vertex 75.67105795193574 72.4046505397448 0
    endloop
  endfacet
  facet normal 0 0 -1
    outer loop
      vertex 73.66 56.260000000000005 0
      vertex 75.67105795193574 72.4046505397448 0
      vertex 75.8133223216656 72.8736333156172 0
    endloop
  endfacet
  facet normal 0 0 -1
    outer loop
      vertex 73.66 28.135000000000005 0
      vertex 73.66 56.260000000000005 0
      vertex 89.99987530778472 79.99499999999999 0
    endloop
  endfacet
  facet normal 0 0 -1
    outer loop
      vertex 36.825 56.260000000000005 0
      vertex 87.65810487562096 86.42430397296225 0
      vertex 79.52164570954363 81.1548494156391 0
    endloop
  endfacet
  facet normal 0 0 -1
    outer loop
      vertex 36.825 56.260000000000005 0
      vertex 82.70111308611148 89.62586871196962 0
      vertex 83.17805136901936 89.47875273513299 0
    endloop
  endfacet
  facet normal 0 0 -1
    outer loop
      vertex 36.825 56.260000000000005 0
      vertex 83.17805136901936 89.47875273513299 0
      vertex 83.64706365390761 89.30804622392847 0
    endloop
  endfacet
  facet normal 0 0 -1
    outer loop
      vertex 36.825 56.260000000000005 0
      vertex 83.64706365390761 89.30804622392847 0
      vertex 84.10698390233742 89.11417358163985 0
    endloop
  endfacet
  facet normal 0 0 -1
    outer loop
      vertex 36.825 56.260000000000005 0
      vertex 84.55666868010516 88.89761680620279 0
      vertex 84.99499999999999 88.65891429188223 0
    endloop
  endfacet
  facet normal 0 0 -1
    outer loop
      vertex 36.825 56.260000000000005 0
      vertex 84.10698390233742 89.11417358163985 0
      vertex 84.55666868010516 88.89761680620279 0
    endloop
  endfacet
  facet normal 0 0 -1
    outer loop
      vertex 36.825 56.260000000000005 0
      vertex 86.23113291660592 87.81613313950497 0
      vertex 86.61347523434456 87.49530984170701 0
    endloop
  endfacet
  facet normal 0 0 -1
    outer loop
      vertex 36.825 56.260000000000005 0
      vertex 86.61347523434456 87.49530984170701 0
      vertex 86.97935054904158 87.15582716108977 0
    endloop
  endfacet
  facet normal 0 0 -1
    outer loop
      vertex 36.825 56.260000000000005 0
      vertex 84.99499999999999 88.65891429188223 0
      vertex 85.42088810129624 88.39865949073922 0
    endloop
  endfacet
  facet normal 0 0 -1
    outer loop
      vertex 36.825 56.260000000000005 0
      vertex 85.42088810129624 88.39865949073922 0
      vertex 85.83327415907024 88.11749943721571 0
    endloop
  endfacet
  facet normal 0 0 -1
    outer loop
      vertex 36.825 56.260000000000005 0
      vertex 85.83327415907024 88.11749943721571 0
      vertex 86.23113291660592 87.81613313950497 0
    endloop
  endfacet
  facet normal 0 0 -1
    outer loop
      vertex 36.825 56.260000000000005 0
      vertex 87.32784923701655 86.7985291050869 0
      vertex 87.65810487562096 86.42430397296225 0
    endloop
  endfacet
  facet normal 0 0 -1
    outer loop
      vertex 36.825 56.260000000000005 0
      vertex 86.97935054904158 87.15582716108977 0
      vertex 87.32784923701655 86.7985291050869 0
    endloop
  endfacet
  facet normal 0 0 -1
    outer loop
      vertex 78.8451505843609 79.52164570954363 0
      vertex 72.4046505397448 75.67105795193574 0
      vertex 71.9724335381085 75.44003315141387 0
    endloop
  endfacet
  facet normal 0 0 -1
    outer loop
      vertex 78.8451505843609 79.52164570954363 0
      vertex 72.8736333156172 75.8133223216656 0
      vertex 72.4046505397448 75.67105795193574 0
    endloop
  endfacet
  facet normal 0 0 -1
    outer loop
      vertex 72.8736333156172 75.8133223216656 0
      vertex 79.52164570954363 78.8451505843609 0
      vertex 73.36135912065751 75.86135912065751 0
    endloop
  endfacet
  facet normal 0 0 -1
    outer loop
      vertex 79.52164570954363 78.8451505843609 0
      vertex 73.84908492569784 75.8133223216656 0
      vertex 73.36135912065751 75.86135912065751 0
    endloop
  endfacet
  facet normal 0 0 -1
    outer loop
      vertex 73.84908492569784 75.8133223216656 0
      vertex 80 78.75 0
      vertex 74.31806770157024 75.67105795193574 0
    endloop
  endfacet
  facet normal 0 0 -1
    outer loop
      vertex 72.8736333156172 75.8133223216656 0
      vertex 79.11611652351681 79.11611652351681 0
      vertex 79.52164570954363 78.8451505843609 0
    endloop
  endfacet
  facet normal 0 0 -1
    outer loop
      vertex 72.8736333156172 75.8133223216656 0
      vertex 78.8451505843609 79.52164570954363 0
      vertex 79.11611652351681 79.11611652351681 0
    endloop
  endfacet
  facet normal 0 0 -1
    outer loop
      vertex 73.84908492569784 75.8133223216656 0
      vertex 79.52164570954363 78.8451505843609 0
      vertex 80 78.75 0
    endloop
  endfacet
  facet normal 0 0 -1
    outer loop
      vertex 74.31806770157024 75.67105795193574 0
      vertex 80 78.75 0
      vertex 80.47835429045637 78.8451505843609 0
    endloop
  endfacet
  facet normal 0 0 -1
    outer loop
      vertex 73.66 56.260000000000005 0
      vertex 75.8133223216656 72.8736333156172 0
      vertex 89.99987530778472 79.99499999999999 0
    endloop
  endfacet
  facet normal 0 0 -1
    outer loop
      vertex 89.99987530778472 79.99499999999999 0
      vertex 75.8133223216656 72.8736333156172 0
      vertex 75.86135912065751 73.36135912065751 0
    endloop
  endfacet
  facet normal 0 0 -1
    outer loop
      vertex 89.99987530778472 79.99499999999999 0
      vertex 75.86135912065751 73.36135912065751 0
      vertex 75.8133223216656 73.84908492569784 0
    endloop
  endfacet
  facet normal 0 0 -1
    outer loop
      vertex 89.88819657051353 81.4819130844235 0
      vertex 75.44003315141387 74.75028470320652 0
      vertex 75.12912607362388 75.12912607362388 0
    endloop
  endfacet
  facet normal 0 0 -1
    outer loop
      vertex 89.55528378591926 82.94049929585314 0
      vertex 74.75028470320652 75.44003315141387 0
      vertex 74.31806770157024 75.67105795193574 0
    endloop
  endfacet
  facet normal 0 0 -1
    outer loop
      vertex 89.69046363515307 82.46004155087984 0
      vertex 75.12912607362388 75.12912607362388 0
      vertex 74.75028470320652 75.44003315141387 0
    endloop
  endfacet
  facet normal 0 0 -1
    outer loop
      vertex 89.99987530778472 79.99499999999999 0
      vertex 75.8133223216656 73.84908492569784 0
      vertex 75.67105795193574 74.31806770157024 0
    endloop
  endfacet
  facet normal 0 0 -1
    outer loop
      vertex 89.98755678140141 80.48895731546358 0
      vertex 75.67105795193574 74.31806770157024 0
      vertex 75.44003315141387 74.75028470320652 0
    endloop
  endfacet
  facet normal 0 0 -1
    outer loop
      vertex 89.99987530778472 79.99499999999999 0
      vertex 75.67105795193574 74.31806770157024 0
      vertex 89.98755678140141 80.48895731546358 0
    endloop
  endfacet
  facet normal 0 0 -1
    outer loop
      vertex 89.98755678140141 80.48895731546358 0
      vertex 75.44003315141387 74.75028470320652 0
      vertex 89.95025806140767 80.98667414442411 0
    endloop
  endfacet
  facet normal 0 0 -1
    outer loop
      vertex 89.39632313406693 83.41362163468995 0
      vertex 74.31806770157024 75.67105795193574 0
      vertex 80.47835429045637 78.8451505843609 0
    endloop
  endfacet
  facet normal 0 0 -1
    outer loop
      vertex 89.39632313406693 83.41362163468995 0
      vertex 80.47835429045637 78.8451505843609 0
      vertex 80.88388347648319 79.11611652351681 0
    endloop
  endfacet
  facet normal 0 0 -1
    outer loop
      vertex 89.39632313406693 83.41362163468995 0
      vertex 80.88388347648319 79.11611652351681 0
      vertex 81.1548494156391 79.52164570954363 0
    endloop
  endfacet
  facet normal 0 0 -1
    outer loop
      vertex 89.39632313406693 83.41362163468995 0
      vertex 81.1548494156391 79.52164570954363 0
      vertex 81.25 80 0
    endloop
  endfacet
  facet normal 0 0 -1
    outer loop
      vertex 89.21397688082277 83.87823231070969 0
      vertex 81.25 80 0
      vertex 81.1548494156391 80.47835429045637 0
    endloop
  endfacet
  facet normal 0 0 -1
    outer loop
      vertex 87.96929639730145 86.03408214735802 0
      vertex 80 81.25 0
      vertex 79.52164570954363 81.1548494156391 0
    endloop
  endfacet
  facet normal 0 0 -1
    outer loop
      vertex 88.2606501309031 85.62883378121685 0
      vertex 80.47835429045637 81.1548494156391 0
      vertex 80 81.25 0
    endloop
  endfacet
  facet normal 0 0 -1
    outer loop
      vertex 88.78099794943599 84.77732232599939 0
      vertex 81.1548494156391 80.47835429045637 0
      vertex 80.88388347648319 80.88388347648319 0
    endloop
  endfacet
  facet normal 0 0 -1
    outer loop
      vertex 88.53144172513788 85.20956638582877 0
      vertex 80.88388347648319 80.88388347648319 0
      vertex 80.47835429045637 81.1548494156391 0
    endloop
  endfacet
  facet normal 0 0 -1
    outer loop
      vertex 89.88819657051353 81.4819130844235 0
      vertex 75.12912607362388 75.12912607362388 0
      vertex 89.80152660336393 81.97344289342597 0
    endloop
  endfacet
  facet normal 0 0 -1
    outer loop
      vertex 89.80152660336393 81.97344289342597 0
      vertex 75.12912607362388 75.12912607362388 0
      vertex 89.69046363515307 82.46004155087984 0
    endloop
  endfacet
  facet normal 0 0 -1
    outer loop
      vertex 89.95025806140767 80.98667414442411 0
      vertex 75.44003315141387 74.75028470320652 0
      vertex 89.88819657051353 81.4819130844235 0
    endloop
  endfacet
  facet normal 0 0 -1
    outer loop
      vertex 89.55528378591926 82.94049929585314 0
      vertex 89.69046363515307 82.46004155087984 0
      vertex 74.75028470320652 75.44003315141387 0
    endloop
  endfacet
  facet normal 0 0 -1
    outer loop
      vertex 89.55528378591926 82.94049929585314 0
      vertex 74.31806770157024 75.67105795193574 0
      vertex 89.39632313406693 83.41362163468995 0
    endloop
  endfacet
  facet normal 0 0 -1
    outer loop
      vertex 88.2606501309031 85.62883378121685 0
      vertex 80 81.25 0
      vertex 87.96929639730145 86.03408214735802 0
    endloop
  endfacet
  facet normal 0 0 -1
    outer loop
      vertex 88.53144172513788 85.20956638582877 0
      vertex 80.47835429045637 81.1548494156391 0
      vertex 88.2606501309031 85.62883378121685 0
    endloop
  endfacet
  facet normal 0 0 -1
    outer loop
      vertex 89.21397688082277 83.87823231070969 0
      vertex 81.1548494156391 80.47835429045637 0
      vertex 89.0086983677032 84.33317622856676 0
    endloop
  endfacet
  facet normal 0 0 -1
    outer loop
      vertex 89.21397688082277 83.87823231070969 0
      vertex 89.39632313406693 83.41362163468995 0
      vertex 81.25 80 0
    endloop
  endfacet
  facet normal 0 0 -1
    outer loop
      vertex 88.53144172513788 85.20956638582877 0
      vertex 88.78099794943599 84.77732232599939 0
      vertex 80.88388347648319 80.88388347648319 0
    endloop
  endfacet
  facet normal 0 0 -1
    outer loop
      vertex 89.0086983677032 84.33317622856676 0
      vertex 81.1548494156391 80.47835429045637 0
      vertex 88.78099794943599 84.77732232599939 0
    endloop
  endfacet
  facet normal 0 0 -1
    outer loop
      vertex 87.65810487562096 86.42430397296225 0
      vertex 87.96929639730145 86.03408214735802 0
      vertex 79.52164570954363 81.1548494156391 0
    endloop
  endfacet
  facet normal 0 1 0
    outer loop
      vertex -79.99499999999999 90 10
      vertex 79.99499999999999 90 10
      vertex 79.99499999999999 90 0
    endloop
  endfacet
  facet normal 0 0 1
    outer loop
      vertex -79.99499999999999 89.99987530778472 10
      vertex 0.009999999999990905 56.260000000000005 10
      vertex 79.99499999999999 89.99688871182816 10
    endloop
  endfacet
  facet normal 0 0 1
    outer loop
      vertex -79.99499999999999 89.99987530778472 10
      vertex 79.99499999999999 89.99688871182816 10
      vertex 79.99499999999999 90 10
    endloop
  endfacet
  facet normal 0 0 1
    outer loop
      vertex 0.009999999999990905 56.260000000000005 10
      vertex 36.825 56.260000000000005 10
      vertex 79.99499999999999 89.99688871182816 10
    endloop
  endfacet
  facet normal 0 0 1
    outer loop
      vertex 73.66 0 10
      vertex 79.11611652351681 79.11611652351681 10
      vertex 73.66 28.125 10
    endloop
  endfacet
  facet normal 0 0 1
    outer loop
      vertex 89.99688871182816 -79.99499999999999 10
      vertex 80.88388347648319 79.11611652351681 10
      vertex 80.47835429045637 78.8451505843609 10
    endloop
  endfacet
  facet normal 0 0 1
    outer loop
      vertex 89.99688871182816 -79.99499999999999 10
      vertex 81.1548494156391 79.52164570954363 10
      vertex 80.88388347648319 79.11611652351681 10
    endloop
  endfacet
  facet normal 0 0 1
    outer loop
      vertex 89.99688871182816 -79.99499999999999 10
      vertex 81.25 80 10
      vertex 81.1548494156391 79.52164570954363 10
    endloop
  endfacet
  facet normal 0 0 1
    outer loop
      vertex 89.99688871182816 -79.99499999999999 10
      vertex 80.7380482368001 89.9720100097836 10
      vertex 81.25 80 10
    endloop
  endfacet
  facet normal 0 0 1
    outer loop
      vertex 89.99688871182816 -79.99499999999999 10
      vertex 81.23468048352132 89.92231445806772 10
      vertex 80.7380482368001 89.9720100097836 10
    endloop
  endfacet
  facet normal 0 0 1
    outer loop
      vertex 89.99688871182816 -79.99499999999999 10
      vertex 81.72821825844596 89.8479256076522 10
      vertex 81.23468048352132 89.92231445806772 10
    endloop
  endfacet
  facet normal 0 0 1
    outer loop
      vertex 90 -79.99499999999999 10
      vertex 90 79.99499999999999 10
      vertex 89.99987530778472 79.99499999999999 10
    endloop
  endfacet
  facet normal 0 0 1
    outer loop
      vertex 89.99688871182816 -79.99499999999999 10
      vertex 89.99987530778472 79.99499999999999 10
      vertex 89.95025806140767 80.98667414442411 10
    endloop
  endfacet
  facet normal 0 0 1
    outer loop
      vertex 89.99688871182816 -79.99499999999999 10
      vertex 89.95025806140767 80.98667414442411 10
      vertex 89.88819657051353 81.4819130844235 10
    endloop
  endfacet
  facet normal 0 0 1
    outer loop
      vertex 89.99688871182816 -79.99499999999999 10
      vertex 89.88819657051353 81.4819130844235 10
      vertex 89.80152660336393 81.97344289342597 10
    endloop
  endfacet
  facet normal 0 0 1
    outer loop
      vertex 89.99688871182816 -79.99499999999999 10
      vertex 82.2174345489027 89.74902840094005 10
      vertex 81.72821825844596 89.8479256076522 10
    endloop
  endfacet
  facet normal 0 0 1
    outer loop
      vertex 89.99688871182816 -79.99499999999999 10
      vertex 82.70111308611148 89.62586871196962 10
      vertex 82.2174345489027 89.74902840094005 10
    endloop
  endfacet
  facet normal 0 0 1
    outer loop
      vertex 89.99688871182816 -79.99499999999999 10
      vertex 83.17805136901936 89.47875273513299 10
      vertex 82.70111308611148 89.62586871196962 10
    endloop
  endfacet
  facet normal 0 0 1
    outer loop
      vertex 89.99688871182816 -79.99499999999999 10
      vertex 83.64706365390761 89.30804622392847 10
      vertex 83.17805136901936 89.47875273513299 10
    endloop
  endfacet
  facet normal 0 0 1
    outer loop
      vertex 89.99688871182816 -79.99499999999999 10
      vertex 85.83327415907024 88.11749943721571 10
      vertex 85.42088810129624 88.39865949073922 10
    endloop
  endfacet
  facet normal 0 0 1
    outer loop
      vertex 89.99688871182816 -79.99499999999999 10
      vertex 84.10698390233742 89.11417358163985 10
      vertex 83.64706365390761 89.30804622392847 10
    endloop
  endfacet
  facet normal 0 0 1
    outer loop
      vertex 89.99688871182816 -79.99499999999999 10
      vertex 84.55666868010516 88.89761680620279 10
      vertex 84.10698390233742 89.11417358163985 10
    endloop
  endfacet
  facet normal 0 0 1
    outer loop
      vertex 89.99688871182816 -79.99499999999999 10
      vertex 84.99499999999999 88.65891429188223 10
      vertex 84.55666868010516 88.89761680620279 10
    endloop
  endfacet
  facet normal 0 0 1
    outer loop
      vertex 89.99688871182816 -79.99499999999999 10
      vertex 85.42088810129624 88.39865949073922 10
      vertex 84.99499999999999 88.65891429188223 10
    endloop
  endfacet
  facet normal 0 0 1
    outer loop
      vertex 89.99688871182816 -79.99499999999999 10
      vertex 87.96929639730145 86.03408214735802 10
      vertex 87.65810487562096 86.42430397296225 10
    endloop
  endfacet
  facet normal 0 0 1
    outer loop
      vertex 89.99688871182816 -79.99499999999999 10
      vertex 89.69046363515307 82.46004155087984 10
      vertex 89.55528378591926 82.94049929585314 10
    endloop
  endfacet
  facet normal 0 0 1
    outer loop
      vertex 89.99688871182816 -79.99499999999999 10
      vertex 89.80152660336393 81.97344289342597 10
      vertex 89.69046363515307 82.46004155087984 10
    endloop
  endfacet
  facet normal 0 0 1
    outer loop
      vertex 89.99688871182816 -79.99499999999999 10
      vertex 89.55528378591926 82.94049929585314 10
      vertex 89.39632313406693 83.41362163468995 10
    endloop
  endfacet
  facet normal 0 0 1
    outer loop
      vertex 89.99688871182816 -79.99499999999999 10
      vertex 89.39632313406693 83.41362163468995 10
      vertex 89.21397688082277 83.87823231070969 10
    endloop
  endfacet
  facet normal 0 0 1
    outer loop
      vertex 89.99688871182816 -79.99499999999999 10
      vertex 89.21397688082277 83.87823231070969 10
      vertex 89.0086983677032 84.33317622856676 10
    endloop
  endfacet
  facet normal 0 0 1
    outer loop
      vertex 89.99688871182816 -79.99499999999999 10
      vertex 89.0086983677032 84.33317622856676 10
      vertex 88.78099794943599 84.77732232599939 10
    endloop
  endfacet
  facet normal 0 0 1
    outer loop
      vertex 89.99688871182816 -79.99499999999999 10
      vertex 88.78099794943599 84.77732232599939 10
      vertex 88.53144172513788 85.20956638582877 10
    endloop
  endfacet
  facet normal 0 0 1
    outer loop
      vertex 89.99688871182816 -79.99499999999999 10
      vertex 88.2606501309031 85.62883378121685 10
      vertex 87.96929639730145 86.03408214735802 10
    endloop
  endfacet
  facet normal 0 0 1
    outer loop
      vertex 89.99688871182816 -79.99499999999999 10
      vertex 88.53144172513788 85.20956638582877 10
      vertex 88.2606501309031 85.62883378121685 10
    endloop
  endfacet
  facet normal 0 0 1
    outer loop
      vertex 89.99688871182816 -79.99499999999999 10
      vertex 86.97935054904158 87.15582716108977 10
      vertex 86.61347523434456 87.49530984170701 10
    endloop
  endfacet
  facet normal 0 0 1
    outer loop
      vertex 89.99688871182816 -79.99499999999999 10
      vertex 86.23113291660592 87.81613313950497 10
      vertex 85.83327415907024 88.11749943721571 10
    endloop
  endfacet
  facet normal 0 0 1
    outer loop
      vertex 89.99688871182816 -79.99499999999999 10
      vertex 86.61347523434456 87.49530984170701 10
      vertex 86.23113291660592 87.81613313950497 10
    endloop
  endfacet
  facet normal 0 0 1
    outer loop
      vertex 89.99688871182816 -79.99499999999999 10
      vertex 87.32784923701655 86.7985291050869 10
      vertex 86.97935054904158 87.15582716108977 10
    endloop
  endfacet
  facet normal 0 0 1
    outer loop
      vertex 89.99688871182816 -79.99499999999999 10
      vertex 87.65810487562096 86.42430397296225 10
      vertex 87.32784923701655 86.7985291050869 10
    endloop
  endfacet
  facet normal 0 0 1
    outer loop
      vertex 36.825 56.260000000000005 10
      vertex 61.91280678218918 60.19713006734392 10
      vertex 61.48688522172526 60.44607958941988 10
    endloop
  endfacet
  facet normal 0 0 1
    outer loop
      vertex 36.825 56.260000000000005 10
      vertex 60.747450879613254 61.09629542967092 10
      vertex 60.44607958941988 61.48688522172526 10
    endloop
  endfacet
  facet normal 0 0 1
    outer loop
      vertex 36.825 56.260000000000005 10
      vertex 60.19713006734392 61.91280678218918 10
      vertex 60.00469005765527 62.36706649081509 10
    endloop
  endfacet
  facet normal 0 0 1
    outer loop
      vertex 36.825 56.260000000000005 10
      vertex 60.44607958941988 61.48688522172526 10
      vertex 60.19713006734392 61.91280678218918 10
    endloop
  endfacet
  facet normal 0 0 1
    outer loop
      vertex 36.825 56.260000000000005 10
      vertex 61.09629542967092 60.747450879613254 10
      vertex 60.747450879613254 61.09629542967092 10
    endloop
  endfacet
  facet normal 0 0 1
    outer loop
      vertex 36.825 56.260000000000005 10
      vertex 61.48688522172526 60.44607958941988 10
      vertex 61.09629542967092 60.747450879613254 10
    endloop
  endfacet
  facet normal 0 0 1
    outer loop
      vertex 36.825 56.260000000000005 10
      vertex 59.871919419992736 62.84220541574605 10
      vertex 59.800998244556084 63.330421788970625 10
    endloop
  endfacet
  facet normal 0 0 1
    outer loop
      vertex 36.825 56.260000000000005 10
      vertex 60.00469005765527 62.36706649081509 10
      vertex 59.871919419992736 62.84220541574605 10
    endloop
  endfacet
  facet normal 0 0 1
    outer loop
      vertex 36.825 56.260000000000005 10
      vertex 59.800998244556084 63.330421788970625 10
      vertex 59.79309105508526 63.82369911113793 10
    endloop
  endfacet
  facet normal 0 0 1
    outer loop
      vertex 36.825 56.260000000000005 10
      vertex 59.79309105508526 63.82369911113793 10
      vertex 59.84832768741279 64.31393778225535 10
    endloop
  endfacet
  facet normal 0 0 1
    outer loop
      vertex 36.825 56.260000000000005 10
      vertex 59.84832768741279 64.31393778225535 10
      vertex 59.965801157562936 64.79308809689654 10
    endloop
  endfacet
  facet normal 0 0 1
    outer loop
      vertex 36.825 56.260000000000005 10
      vertex 62.36706649081509 60.00469005765527 10
      vertex 61.91280678218918 60.19713006734392 10
    endloop
  endfacet
  facet normal 0 0 1
    outer loop
      vertex 36.825 56.260000000000005 10
      vertex 62.84220541574605 59.871919419992736 10
      vertex 62.36706649081509 60.00469005765527 10
    endloop
  endfacet
  facet normal 0 0 1
    outer loop
      vertex 36.825 56.260000000000005 10
      vertex 63.330421788970625 59.800998244556084 10
      vertex 62.84220541574605 59.871919419992736 10
    endloop
  endfacet
  facet normal 0 0 1
    outer loop
      vertex 36.825 56.260000000000005 10
      vertex 63.82369911113793 59.79309105508526 10
      vertex 63.330421788970625 59.800998244556084 10
    endloop
  endfacet
  facet normal 0 0 1
    outer loop
      vertex 36.825 56.260000000000005 10
      vertex 64.31393778225535 59.84832768741279 10
      vertex 63.82369911113793 59.79309105508526 10
    endloop
  endfacet
  facet normal 0 0 1
    outer loop
      vertex 36.825 56.260000000000005 10
      vertex 59.965801157562936 64.79308809689654 10
      vertex 60.143582554403565 65.25328242014191 10
    endloop
  endfacet
  facet normal 0 0 1
    outer loop
      vertex 36.825 56.260000000000005 10
      vertex 60.143582554403565 65.25328242014191 10
      vertex 60.37875271231359 65.68696437392653 10
    endloop
  endfacet
  facet normal 0 0 1
    outer loop
      vertex 36.825 56.260000000000005 10
      vertex 60.37875271231359 65.68696437392653 10
      vertex 60.66745014380176 66.08701291255903 10
    endloop
  endfacet
  facet normal 0 0 1
    outer loop
      vertex 36.825 56.260000000000005 10
      vertex 60.66745014380176 66.08701291255903 10
      vertex 60.92047660587451 66.35680515281045 10
    endloop
  endfacet
  facet normal 0 0 1
    outer loop
      vertex 36.825 56.260000000000005 10
      vertex 60.92047660587451 66.35680515281045 10
      vertex 60.91627977177428 66.3610019869107 10
    endloop
  endfacet
  facet normal 0 0 1
    outer loop
      vertex 36.825 56.260000000000005 10
      vertex 60.91627977177428 66.3610019869107 10
      vertex 70.6389980130893 76.08372022822573 10
    endloop
  endfacet
  facet normal 0 0 1
    outer loop
      vertex 36.825 56.260000000000005 10
      vertex 73.66 56.260000000000005 10
      vertex 64.31393778225535 59.84832768741279 10
    endloop
  endfacet
  facet normal 0 0 1
    outer loop
      vertex 66.35680515281045 60.92047660587451 10
      vertex 66.08701291255903 60.66745014380176 10
      vertex 66.3610019869107 60.91627977177428 10
    endloop
  endfacet
  facet normal 0 0 1
    outer loop
      vertex 36.825 56.260000000000005 10
      vertex 70.6389980130893 76.08372022822573 10
      vertex 70.72765268633952 76.16957749141005 10
    endloop
  endfacet
  facet normal 0 0 1
    outer loop
      vertex 36.825 56.260000000000005 10
      vertex 70.72765268633952 76.16957749141005 10
      vertex 71.10838237440103 76.48331296093568 10
    endloop
  endfacet
  facet normal 0 0 1
    outer loop
      vertex 36.825 56.260000000000005 10
      vertex 71.10838237440103 76.48331296093568 10
      vertex 71.52610587834916 76.745786034715 10
    endloop
  endfacet
  facet normal 0 0 1
    outer loop
      vertex 36.825 56.260000000000005 10
      vertex 71.52610587834916 76.745786034715 10
      vertex 79.99499999999999 89.99688871182816 10
    endloop
  endfacet
  facet normal 0 0 1
    outer loop
      vertex 73.66 28.125 10
      vertex 78.8451505843609 79.52164570954363 10
      vertex 73.66 56.260000000000005 10
    endloop
  endfacet
  facet normal 0 0 1
    outer loop
      vertex 73.66 0 10
      vertex 79.52164570954363 78.8451505843609 10
      vertex 79.11611652351681 79.11611652351681 10
    endloop
  endfacet
  facet normal 0 0 1
    outer loop
      vertex 73.66 0 10
      vertex 80 78.75 10
      vertex 79.52164570954363 78.8451505843609 10
    endloop
  endfacet
  facet normal 0 0 1
    outer loop
      vertex 73.66 0 10
      vertex 80.47835429045637 78.8451505843609 10
      vertex 80 78.75 10
    endloop
  endfacet
  facet normal 0 0 1
    outer loop
      vertex 73.66 56.260000000000005 10
      vertex 64.79308809689654 59.965801157562936 10
      vertex 64.31393778225535 59.84832768741279 10
    endloop
  endfacet
  facet normal 0 0 1
    outer loop
      vertex 73.66 56.260000000000005 10
      vertex 65.25328242014191 60.143582554403565 10
      vertex 64.79308809689654 59.965801157562936 10
    endloop
  endfacet
  facet normal 0 0 1
    outer loop
      vertex 73.66 56.260000000000005 10
      vertex 65.68696437392653 60.37875271231359 10
      vertex 65.25328242014191 60.143582554403565 10
    endloop
  endfacet
  facet normal 0 0 1
    outer loop
      vertex 73.66 56.260000000000005 10
      vertex 66.08701291255903 60.66745014380176 10
      vertex 65.68696437392653 60.37875271231359 10
    endloop
  endfacet
  facet normal 0 0 1
    outer loop
      vertex 73.66 56.260000000000005 10
      vertex 66.3610019869107 60.91627977177428 10
      vertex 66.08701291255903 60.66745014380176 10
    endloop
  endfacet
  facet normal 0 0 1
    outer loop
      vertex 73.66 56.260000000000005 10
      vertex 76.08372022822573 70.6389980130893 10
      vertex 66.3610019869107 60.91627977177428 10
    endloop
  endfacet
  facet normal 0 0 1
    outer loop
      vertex 73.66 56.260000000000005 10
      vertex 76.16957749141005 70.72765268633952 10
      vertex 76.08372022822573 70.6389980130893 10
    endloop
  endfacet
  facet normal 0 0 1
    outer loop
      vertex 73.66 56.260000000000005 10
      vertex 76.48331296093568 71.10838237440103 10
      vertex 76.16957749141005 70.72765268633952 10
    endloop
  endfacet
  facet normal 0 0 1
    outer loop
      vertex 73.66 56.260000000000005 10
      vertex 76.745786034715 71.52610587834916 10
      vertex 76.48331296093568 71.10838237440103 10
    endloop
  endfacet
  facet normal 0 0 1
    outer loop
      vertex 73.66 56.260000000000005 10
      vertex 76.95268691213303 71.97396418979768 10
      vertex 76.745786034715 71.52610587834916 10
    endloop
  endfacet
  facet normal 0 0 1
    outer loop
      vertex 73.66 56.260000000000005 10
      vertex 77.10061828650265 72.4446034876543 10
      vertex 76.95268691213303 71.97396418979768 10
    endloop
  endfacet
  facet normal 0 0 1
    outer loop
      vertex 73.66 28.125 10
      vertex 79.11611652351681 79.11611652351681 10
      vertex 78.8451505843609 79.52164570954363 10
    endloop
  endfacet
  facet normal 0 0 1
    outer loop
      vertex 70.64319484718955 76.07952339412549 10
      vertex 70.72765268633952 76.16957749141005 10
      vertex 70.6389980130893 76.08372022822573 10
    endloop
  endfacet
  facet normal 0 0 1
    outer loop
      vertex 73.66 56.260000000000005 10
      vertex 78.8451505843609 79.52164570954363 10
      vertex 77.10061828650265 72.4446034876543 10
    endloop
  endfacet
  facet normal 0 0 1
    outer loop
      vertex 76.08372022822573 70.6389980130893 10
      vertex 76.16957749141005 70.72765268633952 10
      vertex 76.07952339412549 70.64319484718955 10
    endloop
  endfacet
  facet normal 0 0 1
    outer loop
      vertex 78.8451505843609 79.52164570954363 10
      vertex 77.18715112874649 72.93029588765978 10
      vertex 77.10061828650265 72.4446034876543 10
    endloop
  endfacet
  facet normal 0 0 1
    outer loop
      vertex 78.8451505843609 79.52164570954363 10
      vertex 77.21086457198726 73.42306633403369 10
      vertex 77.18715112874649 72.93029588765978 10
    endloop
  endfacet
  facet normal 0 0 1
    outer loop
      vertex 78.8451505843609 79.52164570954363 10
      vertex 77.17136924214249 73.91482354966993 10
      vertex 77.21086457198726 73.42306633403369 10
    endloop
  endfacet
  facet normal 0 0 1
    outer loop
      vertex 78.8451505843609 79.52164570954363 10
      vertex 77.06931365143636 74.39749289468315 10
      vertex 77.17136924214249 73.91482354966993 10
    endloop
  endfacet
  facet normal 0 0 1
    outer loop
      vertex 77.06931365143636 74.39749289468315 10
      vertex 78.8451505843609 79.52164570954363 10
      vertex 78.75 80 10
    endloop
  endfacet
  facet normal 0 0 1
    outer loop
      vertex 77.06931365143636 74.39749289468315 10
      vertex 78.75 80 10
      vertex 78.8451505843609 80.47835429045637 10
    endloop
  endfacet
  facet normal 0 0 1
    outer loop
      vertex 79.99499999999999 89.99688871182816 10
      vertex 71.52610587834916 76.745786034715 10
      vertex 71.97396418979768 76.95268691213303 10
    endloop
  endfacet
  facet normal 0 0 1
    outer loop
      vertex 79.99499999999999 89.99688871182816 10
      vertex 71.97396418979768 76.95268691213303 10
      vertex 72.4446034876543 77.10061828650265 10
    endloop
  endfacet
  facet normal 0 0 1
    outer loop
      vertex 79.99499999999999 89.99688871182816 10
      vertex 72.4446034876543 77.10061828650265 10
      vertex 72.93029588765978 77.1871511287465 10
    endloop
  endfacet
  facet normal 0 0 1
    outer loop
      vertex 79.99499999999999 89.99688871182816 10
      vertex 72.93029588765978 77.1871511287465 10
      vertex 73.42306633403368 77.21086457198724 10
    endloop
  endfacet
  facet normal 0 0 1
    outer loop
      vertex 79.99499999999999 89.99688871182816 10
      vertex 73.42306633403368 77.21086457198724 10
      vertex 73.91482354966993 77.17136924214249 10
    endloop
  endfacet
  facet normal 0 0 1
    outer loop
      vertex 79.99499999999999 89.99688871182816 10
      vertex 73.91482354966993 77.17136924214249 10
      vertex 74.39749289468315 77.06931365143636 10
    endloop
  endfacet
  facet normal 0 0 1
    outer loop
      vertex 79.99499999999999 89.99688871182816 10
      vertex 74.39749289468315 77.06931365143636 10
      vertex 74.86314895177235 76.90637354984678 10
    endloop
  endfacet
  facet normal 0 0 1
    outer loop
      vertex 79.99499999999999 89.99688871182816 10
      vertex 75.71324186964834 76.40949749268057 10
      vertex 76.08372022822573 76.08372022822573 10
    endloop
  endfacet
  facet normal 0 0 1
    outer loop
      vertex 79.99499999999999 89.99688871182816 10
      vertex 74.86314895177235 76.90637354984678 10
      vertex 75.30414566135384 76.68522440933712 10
    endloop
  endfacet
  facet normal 0 0 1
    outer loop
      vertex 79.99499999999999 89.99688871182816 10
      vertex 75.30414566135384 76.68522440933712 10
      vertex 75.71324186964834 76.40949749268057 10
    endloop
  endfacet
  facet normal 0 0 1
    outer loop
      vertex 79.99499999999999 89.99688871182816 10
      vertex 76.90637354984678 74.86314895177235 10
      vertex 77.06931365143636 74.39749289468315 10
    endloop
  endfacet
  facet normal 0 0 1
    outer loop
      vertex 79.99499999999999 89.99688871182816 10
      vertex 76.68522440933712 75.30414566135384 10
      vertex 76.90637354984678 74.86314895177235 10
    endloop
  endfacet
  facet normal 0 0 1
    outer loop
      vertex 79.99499999999999 89.99688871182816 10
      vertex 76.08372022822573 76.08372022822573 10
      vertex 76.40949749268057 75.71324186964834 10
    endloop
  endfacet
  facet normal 0 0 1
    outer loop
      vertex 79.99499999999999 89.99688871182816 10
      vertex 76.40949749268057 75.71324186964834 10
      vertex 76.68522440933712 75.30414566135384 10
    endloop
  endfacet
  facet normal 0 0 1
    outer loop
      vertex 79.99499999999999 89.99688871182816 10
      vertex 77.06931365143636 74.39749289468315 10
      vertex 78.8451505843609 80.47835429045637 10
    endloop
  endfacet
  facet normal 0 0 1
    outer loop
      vertex 79.99499999999999 89.99688871182816 10
      vertex 78.8451505843609 80.47835429045637 10
      vertex 79.11611652351681 80.88388347648319 10
    endloop
  endfacet
  facet normal 0 0 1
    outer loop
      vertex 79.99499999999999 89.99688871182816 10
      vertex 79.11611652351681 80.88388347648319 10
      vertex 79.52164570954363 81.1548494156391 10
    endloop
  endfacet
  facet normal 0 0 1
    outer loop
      vertex 79.99499999999999 89.99688871182816 10
      vertex 79.52164570954363 81.1548494156391 10
      vertex 80 81.25 10
    endloop
  endfacet
  facet normal 0 0 1
    outer loop
      vertex 79.99499999999999 89.99688871182816 10
      vertex 80.47835429045637 81.1548494156391 10
      vertex 80.88388347648319 80.88388347648319 10
    endloop
  endfacet
  facet normal 0 0 1
    outer loop
      vertex 79.99499999999999 89.99688871182816 10
      vertex 80 81.25 10
      vertex 80.47835429045637 81.1548494156391 10
    endloop
  endfacet
  facet normal 0 0 1
    outer loop
      vertex 80.7380482368001 89.9720100097836 10
      vertex 81.1548494156391 80.47835429045637 10
      vertex 81.25 80 10
    endloop
  endfacet
  facet normal 0 0 1
    outer loop
      vertex 80.7380482368001 89.9720100097836 10
      vertex 80.88388347648319 80.88388347648319 10
      vertex 81.1548494156391 80.47835429045637 10
    endloop
  endfacet
  facet normal 0 0 1
    outer loop
      vertex 79.99499999999999 89.99688871182816 10
      vertex 80.88388347648319 80.88388347648319 10
      vertex 80.2395562242981 89.99688871182816 10
    endloop
  endfacet
  facet normal 0 0 1
    outer loop
      vertex 80.2395562242981 89.99688871182816 10
      vertex 80.88388347648319 80.88388347648319 10
      vertex 80.7380482368001 89.9720100097836 10
    endloop
  endfacet
  facet normal 0 0 1
    outer loop
      vertex 89.99987530778472 79.99499999999999 10
      vertex 89.98755678140141 80.48895731546358 10
      vertex 89.95025806140767 80.98667414442411 10
    endloop
  endfacet
  facet normal 1 0 0
    outer loop
      vertex -73.65 56.260000000000005 0
      vertex -73.65 56.260000000000005 10
      vertex -73.65 56.25 0
    endloop
  endfacet
  facet normal 0 -1 0
    outer loop
      vertex -73.65 56.260000000000005 0
      vertex -36.825 56.260000000000005 0
      vertex -36.825 56.260000000000005 10
    endloop
  endfacet
  facet normal 1 0 0
    outer loop
      vertex -73.65 56.25 0
      vertex -73.65 56.260000000000005 10
      vertex -73.65 56.25 10
    endloop
  endfacet
  facet normal 0 -1 0
    outer loop
      vertex -73.65 56.260000000000005 0
      vertex -36.825 56.260000000000005 10
      vertex -73.65 56.260000000000005 10
    endloop
  endfacet
  facet normal 0 -1 0
    outer loop
      vertex -36.825 56.260000000000005 0
      vertex 0.009999999999990905 56.260000000000005 0
      vertex 0.009999999999990905 56.260000000000005 10
    endloop
  endfacet
  facet normal 0 -1 0
    outer loop
      vertex -36.825 56.260000000000005 0
      vertex 0.009999999999990905 56.260000000000005 10
      vertex -36.825 56.260000000000005 10
    endloop
  endfacet
  facet normal 0 -1 0
    outer loop
      vertex 0.009999999999990905 56.260000000000005 0
      vertex 36.825 56.260000000000005 0
      vertex 36.825 56.260000000000005 10
    endloop
  endfacet
  facet normal 0 -1 0
    outer loop
      vertex 0.009999999999990905 56.260000000000005 0
      vertex 36.825 56.260000000000005 10
      vertex 0.009999999999990905 56.260000000000005 10
    endloop
  endfacet
  facet normal 0 1 0
    outer loop
      vertex 73.65 -56.25 0
      vertex 73.65 -56.25 10
      vertex 73.66 -56.25 0
    endloop
  endfacet
  facet normal -1 0 0
    outer loop
      vertex 73.66 -56.25 0
      vertex 73.66 -56.25 10
      vertex 73.66 -28.115 0
    endloop
  endfacet
  facet normal -1 0 0
    outer loop
      vertex 73.66 -28.115 0
      vertex 73.66 -56.25 10
      vertex 73.66 -28.115 4.994668562288963
    endloop
  endfacet
  facet normal 0 1 0
    outer loop
      vertex 73.66 -56.25 0
      vertex 73.65 -56.25 10
      vertex 73.66 -56.25 10
    endloop
  endfacet
  facet normal -1 0 0
    outer loop
      vertex 73.66 -28.115 4.994668562288963
      vertex 73.66 -56.25 10
      vertex 73.66 -28.125 5.005331437711037
    endloop
  endfacet
  facet normal -1 0 0
    outer loop
      vertex 73.66 -56.25 10
      vertex 73.66 -28.125 10
      vertex 73.66 -28.125 5.005331437711037
    endloop
  endfacet
  facet normal -1 0 0
    outer loop
      vertex 73.66 -28.115 0
      vertex 73.66 -28.115 4.994668562288963
      vertex 73.66 0 0
    endloop
  endfacet
  facet normal -1 0 0
    outer loop
      vertex 73.66 -28.115 4.994668562288963
      vertex 73.66 -28.125 5.005331437711037
      vertex 73.66 0 0
    endloop
  endfacet
  facet normal -1 0 0
    outer loop
      vertex 73.66 -28.125 5.005331437711037
      vertex 73.66 -28.125 10
      vertex 73.66 0 0
    endloop
  endfacet
  facet normal -1 0 0
    outer loop
      vertex 73.66 -28.125 10
      vertex 73.66 0 10
      vertex 73.66 0 0
    endloop
  endfacet
  facet normal -1 0 0
    outer loop
      vertex 73.66 0 0
      vertex 73.66 0 10
      vertex 73.66 28.135000000000005 0
    endloop
  endfacet
  facet normal -1 0 0
    outer loop
      vertex 73.66 28.135000000000005 0
      vertex 73.66 0 10
      vertex 73.66 28.135000000000005 4.994668562288961
    endloop
  endfacet
  facet normal -1 0 0
    outer loop
      vertex 73.66 28.135000000000005 4.994668562288961
      vertex 73.66 0 10
      vertex 73.66 28.125 5.005331437711039
    endloop
  endfacet
  facet normal -1 0 0
    outer loop
      vertex 73.66 28.125 5.005331437711039
      vertex 73.66 0 10
      vertex 73.66 28.125 10
    endloop
  endfacet
  facet normal -1 0 0
    outer loop
      vertex 73.66 28.135000000000005 0
      vertex 73.66 28.135000000000005 4.994668562288961
      vertex 73.66 56.260000000000005 0
    endloop
  endfacet
  facet normal -1 0 0
    outer loop
      vertex 73.66 28.135000000000005 4.994668562288961
      vertex 73.66 28.125 5.005331437711039
      vertex 73.66 56.260000000000005 0
    endloop
  endfacet
  facet normal 0 -1 0
    outer loop
      vertex 36.825 56.260000000000005 0
      vertex 73.66 56.260000000000005 0
      vertex 73.66 56.260000000000005 10
    endloop
  endfacet
  facet normal -1 0 0
    outer loop
      vertex 73.66 56.260000000000005 0
      vertex 73.66 28.125 5.005331437711039
      vertex 73.66 28.125 10
    endloop
  endfacet
  facet normal 0 -1 0
    outer loop
      vertex 36.825 56.260000000000005 0
      vertex 73.66 56.260000000000005 10
      vertex 36.825 56.260000000000005 10
    endloop
  endfacet
  facet normal -1 0 0
    outer loop
      vertex 73.66 56.260000000000005 0
      vertex 73.66 28.125 10
      vertex 73.66 56.260000000000005 10
    endloop
  endfacet
  facet normal 0 0 -1
    outer loop
      vertex 6.5625 28.125 0
      vertex 6.5625 51.220346715328475 0
      vertex 8.5625 34.6875 0
    endloop
  endfacet
  facet normal 0 0 -1
    outer loop
      vertex 6.5625 28.125 0
      vertex 8.5625 34.6875 0
      vertex 28.262500000000003 34.6875 0
    endloop
  endfacet
  facet normal 0 0 -1
    outer loop
      vertex 6.5625 28.125 0
      vertex 28.262500000000003 34.6875 0
      vertex 30.262500000000003 33.154653284671525 0
    endloop
  endfacet
  facet normal 0 0 -1
    outer loop
      vertex 6.5625 28.125 0
      vertex 30.262500000000003 33.154653284671525 0
      vertex 36.825 28.125 0
    endloop
  endfacet
  facet normal 0 0 -1
    outer loop
      vertex 30.262500000000003 33.154653284671525 0
      vertex 28.262500000000003 34.6875 0
      vertex 30.262500000000003 44.65100364963503 0
    endloop
  endfacet
  facet normal 0 0 -1
    outer loop
      vertex 28.262500000000003 34.6875 0
      vertex 28.262500000000003 49.6875 0
      vertex 30.262500000000003 44.65100364963503 0
    endloop
  endfacet
  facet normal 0 0 -1
    outer loop
      vertex 30.262500000000003 44.65100364963503 0
      vertex 36.825 56.25 0
      vertex 36.825 28.125 0
    endloop
  endfacet
  facet normal 0 0 -1
    outer loop
      vertex 8.5625 34.6875 0
      vertex 6.5625 51.220346715328475 0
      vertex 8.5625 49.6875 0
    endloop
  endfacet
  facet normal 0 0 -1
    outer loop
      vertex 5.566950464396285 51.98335913312694 0
      vertex 36.825 56.25 0
      vertex 6.5625 51.220346715328475 0
    endloop
  endfacet
  facet normal 0 0 -1
    outer loop
      vertex 5.566950464396285 51.98335913312694 0
      vertex 6.5625 56.25 0
      vertex 36.825 56.25 0
    endloop
  endfacet
  facet normal 0 0 -1
    outer loop
      vertex 8.5625 49.6875 0
      vertex 6.5625 51.220346715328475 0
      vertex 36.825 56.25 0
    endloop
  endfacet
  facet normal 0 0 -1
    outer loop
      vertex 8.5625 49.6875 0
      vertex 36.825 56.25 0
      vertex 28.262500000000003 49.6875 0
    endloop
  endfacet
  facet normal 0 0 -1
    outer loop
      vertex 30.262500000000003 44.65100364963503 0
      vertex 28.262500000000003 49.6875 0
      vertex 36.825 56.25 0
    endloop
  endfacet
  facet normal 0 1 0
    outer loop
      vertex 6.5625 56.25 0
      vertex 8.5625 56.25 10
      vertex 36.825 56.25 0
    endloop
  endfacet
  facet normal 0 1 0
    outer loop
      vertex 6.5625 56.25 0
      vertex 3.6022219116825056 56.25 4.510899944102851
      vertex 6.5625 56.25 8
    endloop
  endfacet
  facet normal 0 0 1
    outer loop
      vertex 5.320945945945951 33.44594594594595 10
      vertex 6.5625 28.125 10
      vertex 8.5625 28.125 10
    endloop
  endfacet
  facet normal 0 0 1
    outer loop
      vertex 5.320945945945951 33.44594594594595 10
      vertex 8.119848622570274 34.34978499510558 10
      vertex 6.5625 34.6875 10
    endloop
  endfacet
  facet normal 0 0 1
    outer loop
      vertex 5.320945945945951 33.44594594594595 10
      vertex 29.971881739755574 29.611116103522647 10
      vertex 8.119848622570274 34.34978499510558 10
    endloop
  endfacet
  facet normal 0 0 1
    outer loop
      vertex 5.320945945945951 33.44594594594595 10
      vertex 8.5625 28.125 10
      vertex 36.825 28.125 10
    endloop
  endfacet
  facet normal 0 0 1
    outer loop
      vertex 8.119848622570274 34.34978499510558 10
      vertex 29.971881739755574 29.611116103522647 10
      vertex 24.762500000000003 34.6875 10
    endloop
  endfacet
  facet normal 0 0 1
    outer loop
      vertex 8.119848622570274 34.34978499510558 10
      vertex 24.762500000000003 34.6875 10
      vertex 8.5625 34.6875 10
    endloop
  endfacet
  facet normal 0 0 1
    outer loop
      vertex 5.320945945945951 33.44594594594595 10
      vertex 36.825 28.125 10
      vertex 29.971881739755574 29.611116103522647 10
    endloop
  endfacet
  facet normal 0 0 1
    outer loop
      vertex 29.971881739755574 29.611116103522647 10
      vertex 36.825 28.125 10
      vertex 30.262500000000003 34.6875 10
    endloop
  endfacet
  facet normal 0 0 1
    outer loop
      vertex 30.262500000000003 34.6875 10
      vertex 36.825 28.125 10
      vertex 35.29375 34.6875 10
    endloop
  endfacet
  facet normal 0 1 0
    outer loop
      vertex 6.5625 56.25 0
      vertex 6.5625 56.25 8
      vertex 8.5625 56.25 10
    endloop
  endfacet
  facet normal 0 1 0
    outer loop
      vertex 3.6022219116825056 56.25 4.510899944102851
      vertex 6.5625 56.25 8.217922606924644
      vertex 6.5625 56.25 8
    endloop
  endfacet
  facet normal 0 1 0
    outer loop
      vertex 36.825 56.25 0
      vertex 8.5625 56.25 10
      vertex 36.825 56.25 10
    endloop
  endfacet
  facet normal 0 0 1
    outer loop
      vertex 7.029166666666669 49.6875 10
      vertex 8.5625 55.80007395226329 10
      vertex 6.5625 56.25 10
    endloop
  endfacet
  facet normal 0 0 1
    outer loop
      vertex 7.029166666666669 49.6875 10
      vertex 8.5625 49.6875 10
      vertex 31.575464848592176 50.623007791747824 10
    endloop
  endfacet
  facet normal 0 0 1
    outer loop
      vertex 7.029166666666669 49.6875 10
      vertex 31.575464848592176 50.623007791747824 10
      vertex 8.5625 55.80007395226329 10
    endloop
  endfacet
  facet normal 0 0 1
    outer loop
      vertex 8.5625 55.80007395226329 10
      vertex 31.575464848592176 50.623007791747824 10
      vertex 8.5625 56.25 10
    endloop
  endfacet
  facet normal 0 0 1
    outer loop
      vertex 8.5625 49.6875 10
      vertex 24.762500000000003 49.6875 10
      vertex 31.575464848592176 50.623007791747824 10
    endloop
  endfacet
  facet normal 0 0 1
    outer loop
      vertex 8.5625 56.25 10
      vertex 31.575464848592176 50.623007791747824 10
      vertex 36.825 56.25 10
    endloop
  endfacet
  facet normal 0 0 1
    outer loop
      vertex 24.762500000000003 49.6875 10
      vertex 30.262500000000003 49.6875 10
      vertex 31.575464848592176 50.623007791747824 10
    endloop
  endfacet
  facet normal 0 0 1
    outer loop
      vertex 31.575464848592176 50.623007791747824 10
      vertex 36.825 49.6875 10
      vertex 36.825 56.25 10
    endloop
  endfacet
  facet normal 0 0 -1
    outer loop
      vertex 6.5625 -28.125 0
      vertex 8.5625 -21.5625 0
      vertex 28.262500000000003 -21.5625 0
    endloop
  endfacet
  facet normal 0 0 -1
    outer loop
      vertex 6.5625 -28.125 0
      vertex 28.262500000000003 -21.5625 0
      vertex 30.262500000000003 -23.095346715328468 0
    endloop
  endfacet
  facet normal 0 0 -1
    outer loop
      vertex 6.5625 -28.125 0
      vertex 6.5625 -5.029653284671532 0
      vertex 8.5625 -21.5625 0
    endloop
  endfacet
  facet normal 0 0 -1
    outer loop
      vertex 8.5625 -21.5625 0
      vertex 6.5625 -5.029653284671532 0
      vertex 8.5625 -6.5625 0
    endloop
  endfacet
  facet normal 0 0 -1
    outer loop
      vertex 5.566950464396285 -4.266640866873061 0
      vertex 36.825 0 0
      vertex 6.5625 -5.029653284671532 0
    endloop
  endfacet
  facet normal 0 0 -1
    outer loop
      vertex 5.566950464396285 -4.266640866873061 0
      vertex 6.5625 0 0
      vertex 36.825 0 0
    endloop
  endfacet
  facet normal 0 0 -1
    outer loop
      vertex 8.5625 -6.5625 0
      vertex 6.5625 -5.029653284671532 0
      vertex 36.825 0 0
    endloop
  endfacet
  facet normal 0 0 -1
    outer loop
      vertex 6.5625 -28.125 0
      vertex 30.262500000000003 -23.095346715328468 0
      vertex 36.825 -28.125 0
    endloop
  endfacet
  facet normal 0 0 -1
    outer loop
      vertex 30.262500000000003 -23.095346715328468 0
      vertex 28.262500000000003 -21.5625 0
      vertex 30.262500000000003 -11.59899635036497 0
    endloop
  endfacet
  facet normal 0 0 -1
    outer loop
      vertex 28.262500000000003 -21.5625 0
      vertex 28.262500000000003 -6.5625 0
      vertex 30.262500000000003 -11.59899635036497 0
    endloop
  endfacet
  facet normal 0 0 -1
    outer loop
      vertex 8.5625 -6.5625 0
      vertex 36.825 0 0
      vertex 28.262500000000003 -6.5625 0
    endloop
  endfacet
  facet normal 0 0 -1
    outer loop
      vertex 30.262500000000003 -11.59899635036497 0
      vertex 28.262500000000003 -6.5625 0
      vertex 36.825 0 0
    endloop
  endfacet
  facet normal 0 0 -1
    outer loop
      vertex 36.825 -28.125 0
      vertex 30.262500000000003 -11.59899635036497 0
      vertex 36.825 0 0
    endloop
  endfacet
  facet normal 0 0 1
    outer loop
      vertex 5.320945945945951 -22.804054054054056 10
      vertex 6.5625 -28.125 10
      vertex 8.5625 -28.125 10
    endloop
  endfacet
  facet normal 0 0 1
    outer loop
      vertex 5.320945945945951 -22.804054054054056 10
      vertex 29.971881739755574 -26.638883896477353 10
      vertex 8.119848622570274 -21.90021500489442 10
    endloop
  endfacet
  facet normal 0 0 1
    outer loop
      vertex 5.320945945945951 -22.804054054054056 10
      vertex 8.5625 -28.125 10
      vertex 36.825 -28.125 10
    endloop
  endfacet
  facet normal 0 0 1
    outer loop
      vertex 8.119848622570274 -21.90021500489442 10
      vertex 29.971881739755574 -26.638883896477353 10
      vertex 24.762500000000003 -21.5625 10
    endloop
  endfacet
  facet normal 0 0 1
    outer loop
      vertex 5.320945945945951 -22.804054054054056 10
      vertex 8.119848622570274 -21.90021500489442 10
      vertex 6.5625 -21.5625 10
    endloop
  endfacet
  facet normal 0 0 1
    outer loop
      vertex 7.029166666666669 -6.5625 10
      vertex 8.5625 -0.4499260477367102 10
      vertex 6.5625 0 10
    endloop
  endfacet
  facet normal 0 0 1
    outer loop
      vertex 8.119848622570274 -21.90021500489442 10
      vertex 24.762500000000003 -21.5625 10
      vertex 8.5625 -21.5625 10
    endloop
  endfacet
  facet normal 0 0 1
    outer loop
      vertex 7.029166666666669 -6.5625 10
      vertex 8.5625 -6.5625 10
      vertex 31.575464848592176 -5.626992208252169 10
    endloop
  endfacet
  facet normal 0 0 1
    outer loop
      vertex 7.029166666666669 -6.5625 10
      vertex 31.575464848592176 -5.626992208252169 10
      vertex 8.5625 -0.4499260477367102 10
    endloop
  endfacet
  facet normal 0 0 1
    outer loop
      vertex 8.5625 -0.4499260477367102 10
      vertex 31.575464848592176 -5.626992208252169 10
      vertex 8.5625 0 10
    endloop
  endfacet
  facet normal 0 0 1
    outer loop
      vertex 8.5625 -6.5625 10
      vertex 24.762500000000003 -6.5625 10
      vertex 31.575464848592176 -5.626992208252169 10
    endloop
  endfacet
  facet normal 0 0 1
    outer loop
      vertex 5.320945945945951 -22.804054054054056 10
      vertex 36.825 -28.125 10
      vertex 29.971881739755574 -26.638883896477353 10
    endloop
  endfacet
  facet normal 0 0 1
    outer loop
      vertex 29.971881739755574 -26.638883896477353 10
      vertex 36.825 -28.125 10
      vertex 30.262500000000003 -21.5625 10
    endloop
  endfacet
  facet normal 0 0 1
    outer loop
      vertex 36.825 -28.125 10
      vertex 35.29375 -21.5625 10
      vertex 30.262500000000003 -21.5625 10
    endloop
  endfacet
  facet normal 0 0 1
    outer loop
      vertex 31.575464848592176 -5.626992208252169 10
      vertex 36.825 0 10
      vertex 8.5625 0 10
    endloop
  endfacet
  facet normal 0 0 1
    outer loop
      vertex 24.762500000000003 -6.5625 10
      vertex 30.262500000000003 -6.5625 10
      vertex 31.575464848592176 -5.626992208252169 10
    endloop
  endfacet
  facet normal 0 0 1
    outer loop
      vertex 31.575464848592176 -5.626992208252169 10
      vertex 36.825 -6.5625 10
      vertex 36.825 0 10
    endloop
  endfacet
  facet normal 0 0 -1
    outer loop
      vertex -67.0875 28.125 0
      vertex -65.0875 34.6875 0
      vertex -45.3875 34.6875 0
    endloop
  endfacet
  facet normal 0 0 -1
    outer loop
      vertex -67.0875 28.125 0
      vertex -67.0875 51.220346715328475 0
      vertex -65.0875 34.6875 0
    endloop
  endfacet
  facet normal 0 0 -1
    outer loop
      vertex -67.0875 28.125 0
      vertex -45.3875 34.6875 0
      vertex -43.3875 33.154653284671525 0
    endloop
  endfacet
  facet normal 0 0 -1
    outer loop
      vertex -67.0875 28.125 0
      vertex -43.3875 33.154653284671525 0
      vertex -36.825 28.125 0
    endloop
  endfacet
  facet normal 0 0 -1
    outer loop
      vertex -65.0875 34.6875 0
      vertex -67.0875 51.220346715328475 0
      vertex -65.0875 49.6875 0
    endloop
  endfacet
  facet normal 0 0 -1
    outer loop
      vertex -68.08304953560372 51.98335913312694 0
      vertex -36.825 56.25 0
      vertex -67.0875 51.220346715328475 0
    endloop
  endfacet
  facet normal 0 0 -1
    outer loop
      vertex -65.0875 49.6875 0
      vertex -67.0875 51.220346715328475 0
      vertex -36.825 56.25 0
    endloop
  endfacet
  facet normal 0 0 -1
    outer loop
      vertex -68.08304953560372 51.98335913312694 0
      vertex -67.0875 56.25 0
      vertex -36.825 56.25 0
    endloop
  endfacet
  facet normal 0 0 -1
    outer loop
      vertex -65.0875 49.6875 0
      vertex -36.825 56.25 0
      vertex -45.3875 49.6875 0
    endloop
  endfacet
  facet normal 0 1 0
    outer loop
      vertex -67.0875 56.25 0
      vertex -70.0477780883175 56.25 4.510899944102851
      vertex -67.0875 56.25 8
    endloop
  endfacet
  facet normal 0 1 0
    outer loop
      vertex -67.0875 56.25 0
      vertex -65.0875 56.25 10
      vertex -36.825 56.25 0
    endloop
  endfacet
  facet normal 0 0 -1
    outer loop
      vertex -45.3875 34.6875 0
      vertex -43.3875 44.65100364963503 0
      vertex -43.3875 33.154653284671525 0
    endloop
  endfacet
  facet normal 0 0 -1
    outer loop
      vertex -45.3875 34.6875 0
      vertex -45.3875 49.6875 0
      vertex -43.3875 44.65100364963503 0
    endloop
  endfacet
  facet normal 0 0 -1
    outer loop
      vertex -36.825 28.125 0
      vertex -43.3875 44.65100364963503 0
      vertex -36.825 56.25 0
    endloop
  endfacet
  facet normal 0 0 -1
    outer loop
      vertex -45.3875 49.6875 0
      vertex -36.825 56.25 0
      vertex -43.3875 44.65100364963503 0
    endloop
  endfacet
  facet normal 0 0 1
    outer loop
      vertex -68.32905405405405 33.44594594594595 10
      vertex -67.0875 28.125 10
      vertex -65.0875 28.125 10
    endloop
  endfacet
  facet normal 0 0 1
    outer loop
      vertex -68.32905405405405 33.44594594594595 10
      vertex -43.67811826024443 29.611116103522647 10
      vertex -65.53015137742973 34.34978499510558 10
    endloop
  endfacet
  facet normal 0 0 1
    outer loop
      vertex -68.32905405405405 33.44594594594595 10
      vertex -65.0875 28.125 10
      vertex -36.825 28.125 10
    endloop
  endfacet
  facet normal 0 0 1
    outer loop
      vertex -68.32905405405405 33.44594594594595 10
      vertex -65.53015137742973 34.34978499510558 10
      vertex -67.0875 34.6875 10
    endloop
  endfacet
  facet normal 0 0 1
    outer loop
      vertex -65.53015137742973 34.34978499510558 10
      vertex -48.8875 34.6875 10
      vertex -65.0875 34.6875 10
    endloop
  endfacet
  facet normal 0 0 1
    outer loop
      vertex -65.53015137742973 34.34978499510558 10
      vertex -43.67811826024443 29.611116103522647 10
      vertex -48.8875 34.6875 10
    endloop
  endfacet
  facet normal 0 0 1
    outer loop
      vertex -68.32905405405405 33.44594594594595 10
      vertex -36.825 28.125 10
      vertex -43.67811826024443 29.611116103522647 10
    endloop
  endfacet
  facet normal 0 1 0
    outer loop
      vertex -70.0477780883175 56.25 4.510899944102851
      vertex -67.0875 56.25 8.217922606924644
      vertex -67.0875 56.25 8
    endloop
  endfacet
  facet normal 0 1 0
    outer loop
      vertex -67.0875 56.25 0
      vertex -67.0875 56.25 8
      vertex -65.0875 56.25 10
    endloop
  endfacet
  facet normal 0 1 0
    outer loop
      vertex -36.825 56.25 0
      vertex -65.0875 56.25 10
      vertex -36.825 56.25 10
    endloop
  endfacet
  facet normal 0 0 1
    outer loop
      vertex -66.62083333333334 49.6875 10
      vertex -65.0875 55.80007395226329 10
      vertex -67.0875 56.25 10
    endloop
  endfacet
  facet normal 0 0 1
    outer loop
      vertex -66.62083333333334 49.6875 10
      vertex -65.0875 49.6875 10
      vertex -42.07453515140783 50.623007791747824 10
    endloop
  endfacet
  facet normal 0 0 1
    outer loop
      vertex -66.62083333333334 49.6875 10
      vertex -42.07453515140783 50.623007791747824 10
      vertex -65.0875 55.80007395226329 10
    endloop
  endfacet
  facet normal 0 0 1
    outer loop
      vertex -65.0875 55.80007395226329 10
      vertex -42.07453515140783 50.623007791747824 10
      vertex -65.0875 56.25 10
    endloop
  endfacet
  facet normal 0 0 1
    outer loop
      vertex -65.0875 49.6875 10
      vertex -48.8875 49.6875 10
      vertex -42.07453515140783 50.623007791747824 10
    endloop
  endfacet
  facet normal 0 0 1
    outer loop
      vertex -65.0875 56.25 10
      vertex -42.07453515140783 50.623007791747824 10
      vertex -36.825 56.25 10
    endloop
  endfacet
  facet normal 0 0 1
    outer loop
      vertex -43.67811826024443 29.611116103522647 10
      vertex -36.825 28.125 10
      vertex -43.3875 34.6875 10
    endloop
  endfacet
  facet normal 0 0 1
    outer loop
      vertex -36.825 28.125 10
      vertex -38.35625 34.6875 10
      vertex -43.3875 34.6875 10
    endloop
  endfacet
  facet normal 0 0 1
    outer loop
      vertex -48.8875 49.6875 10
      vertex -43.3875 49.6875 10
      vertex -42.07453515140783 50.623007791747824 10
    endloop
  endfacet
  facet normal 0 0 1
    outer loop
      vertex -42.07453515140783 50.623007791747824 10
      vertex -36.825 49.6875 10
      vertex -36.825 56.25 10
    endloop
  endfacet
  facet normal 0 0 -1
    outer loop
      vertex -67.0875 -56.25 0
      vertex -67.0875 -33.15465328467153 0
      vertex -65.0875 -49.6875 0
    endloop
  endfacet
  facet normal 0 0 -1
    outer loop
      vertex -67.0875 -56.25 0
      vertex -65.0875 -49.6875 0
      vertex -45.3875 -49.6875 0
    endloop
  endfacet
  facet normal 0 0 -1
    outer loop
      vertex -67.0875 -56.25 0
      vertex -45.3875 -49.6875 0
      vertex -43.3875 -51.22034671532847 0
    endloop
  endfacet
  facet normal 0 0 -1
    outer loop
      vertex -67.0875 -56.25 0
      vertex -43.3875 -51.22034671532847 0
      vertex -36.825 -56.25 0
    endloop
  endfacet
  facet normal 0 0 -1
    outer loop
      vertex -65.0875 -49.6875 0
      vertex -67.0875 -33.15465328467153 0
      vertex -65.0875 -34.6875 0
    endloop
  endfacet
  facet normal 0 0 -1
    outer loop
      vertex -68.08304953560372 -32.39164086687306 0
      vertex -36.825 -28.125 0
      vertex -67.0875 -33.15465328467153 0
    endloop
  endfacet
  facet normal 0 0 -1
    outer loop
      vertex -65.0875 -34.6875 0
      vertex -67.0875 -33.15465328467153 0
      vertex -36.825 -28.125 0
    endloop
  endfacet
  facet normal 0 0 -1
    outer loop
      vertex -68.08304953560372 -32.39164086687306 0
      vertex -67.0875 -28.125 0
      vertex -36.825 -28.125 0
    endloop
  endfacet
  facet normal 0 0 -1
    outer loop
      vertex -65.0875 -34.6875 0
      vertex -36.825 -28.125 0
      vertex -45.3875 -34.6875 0
    endloop
  endfacet
  facet normal 0 0 -1
    outer loop
      vertex -45.3875 -49.6875 0
      vertex -43.3875 -39.72399635036497 0
      vertex -43.3875 -51.22034671532847 0
    endloop
  endfacet
  facet normal 0 0 -1
    outer loop
      vertex -45.3875 -49.6875 0
      vertex -45.3875 -34.6875 0
      vertex -43.3875 -39.72399635036497 0
    endloop
  endfacet
  facet normal 0 0 -1
    outer loop
      vertex -45.3875 -34.6875 0
      vertex -36.825 -28.125 0
      vertex -43.3875 -39.72399635036497 0
    endloop
  endfacet
  facet normal 0 0 -1
    outer loop
      vertex -36.825 -56.25 0
      vertex -43.3875 -39.72399635036497 0
      vertex -36.825 -28.125 0
    endloop
  endfacet
  facet normal 0 0 1
    outer loop
      vertex -68.32905405405405 -50.929054054054056 10
      vertex -65.53015137742973 -50.02521500489442 10
      vertex -67.0875 -49.6875 10
    endloop
  endfacet
  facet normal 0 0 1
    outer loop
      vertex -68.32905405405405 -50.929054054054056 10
      vertex -43.67811826024443 -54.76388389647735 10
      vertex -65.53015137742973 -50.02521500489442 10
    endloop
  endfacet
  facet normal 0 0 1
    outer loop
      vertex -68.32905405405405 -50.929054054054056 10
      vertex -67.0875 -56.25 10
      vertex -36.825 -56.25 10
    endloop
  endfacet
  facet normal 0 0 1
    outer loop
      vertex -65.53015137742973 -50.02521500489442 10
      vertex -48.8875 -49.6875 10
      vertex -65.0875 -49.6875 10
    endloop
  endfacet
  facet normal 0 0 1
    outer loop
      vertex -65.53015137742973 -50.02521500489442 10
      vertex -43.67811826024443 -54.76388389647735 10
      vertex -48.8875 -49.6875 10
    endloop
  endfacet
  facet normal 0 0 1
    outer loop
      vertex -68.32905405405405 -50.929054054054056 10
      vertex -36.825 -56.25 10
      vertex -43.67811826024443 -54.76388389647735 10
    endloop
  endfacet
  facet normal 0 0 1
    outer loop
      vertex -66.62083333333334 -34.6875 10
      vertex -65.0875 -34.6875 10
      vertex -42.07453515140783 -33.75199220825217 10
    endloop
  endfacet
  facet normal 0 0 1
    outer loop
      vertex -66.62083333333334 -34.6875 10
      vertex -65.0875 -28.57492604773671 10
      vertex -67.0875 -28.125 10
    endloop
  endfacet
  facet normal 0 0 1
    outer loop
      vertex -66.62083333333334 -34.6875 10
      vertex -42.07453515140783 -33.75199220825217 10
      vertex -65.0875 -28.57492604773671 10
    endloop
  endfacet
  facet normal 0 0 1
    outer loop
      vertex -65.0875 -28.57492604773671 10
      vertex -42.07453515140783 -33.75199220825217 10
      vertex -65.0875 -28.125 10
    endloop
  endfacet
  facet normal 0 0 1
    outer loop
      vertex -65.0875 -34.6875 10
      vertex -48.8875 -34.6875 10
      vertex -42.07453515140783 -33.75199220825217 10
    endloop
  endfacet
  facet normal 0 0 1
    outer loop
      vertex -65.0875 -28.125 10
      vertex -42.07453515140783 -33.75199220825217 10
      vertex -36.825 -28.125 10
    endloop
  endfacet
  facet normal 0 0 1
    outer loop
      vertex -43.67811826024443 -54.76388389647735 10
      vertex -36.825 -56.25 10
      vertex -43.3875 -49.6875 10
    endloop
  endfacet
  facet normal 0 0 1
    outer loop
      vertex -43.3875 -49.6875 10
      vertex -36.825 -56.25 10
      vertex -38.35625 -49.6875 10
    endloop
  endfacet
  facet normal 0 0 1
    outer loop
      vertex -48.8875 -34.6875 10
      vertex -43.3875 -34.6875 10
      vertex -42.07453515140783 -33.75199220825217 10
    endloop
  endfacet
  facet normal 0 0 1
    outer loop
      vertex -42.07453515140783 -33.75199220825217 10
      vertex -36.825 -34.6875 10
      vertex -36.825 -28.125 10
    endloop
  endfacet
  facet normal 0 0 -1
    outer loop
      vertex 43.3875 0 0
      vertex 43.3875 23.095346715328475 0
      vertex 45.3875 6.5625 0
    endloop
  endfacet
  facet normal 0 0 -1
    outer loop
      vertex 43.3875 23.095346715328475 0
      vertex 45.3875 21.5625 0
      vertex 45.3875 6.5625 0
    endloop
  endfacet
  facet normal 0 0 -1
    outer loop
      vertex 43.3875 0 0
      vertex 45.3875 6.5625 0
      vertex 65.0875 6.5625 0
    endloop
  endfacet
  facet normal 0 0 -1
    outer loop
      vertex 43.3875 0 0
      vertex 65.0875 6.5625 0
      vertex 67.0875 5.029653284671532 0
    endloop
  endfacet
  facet normal 0 0 -1
    outer loop
      vertex 43.3875 0 0
      vertex 67.0875 5.029653284671532 0
      vertex 73.65 0 0
    endloop
  endfacet
  facet normal 0 0 -1
    outer loop
      vertex 67.0875 5.029653284671532 0
      vertex 65.0875 6.5625 0
      vertex 67.0875 16.52600364963503 0
    endloop
  endfacet
  facet normal 0 0 -1
    outer loop
      vertex 65.0875 6.5625 0
      vertex 65.0875 21.5625 0
      vertex 67.0875 16.52600364963503 0
    endloop
  endfacet
  facet normal 0 0 -1
    outer loop
      vertex 42.39195046439629 23.85835913312694 0
      vertex 73.65 28.125 0
      vertex 43.3875 23.095346715328475 0
    endloop
  endfacet
  facet normal 0 0 -1
    outer loop
      vertex 42.39195046439629 23.85835913312694 0
      vertex 43.3875 28.125 0
      vertex 73.65 28.125 0
    endloop
  endfacet
  facet normal 0 0 -1
    outer loop
      vertex 43.3875 23.095346715328475 0
      vertex 73.65 28.125 0
      vertex 45.3875 21.5625 0
    endloop
  endfacet
  facet normal 0 0 -1
    outer loop
      vertex 45.3875 21.5625 0
      vertex 73.65 28.125 0
      vertex 65.0875 21.5625 0
    endloop
  endfacet
  facet normal 1 0 0
    outer loop
      vertex 73.65 0 0
      vertex 73.65 21.5625 1.6
      vertex 73.65 6.5625 1.6
    endloop
  endfacet
  facet normal 0 0 -1
    outer loop
      vertex 67.0875 16.52600364963503 0
      vertex 73.65 28.125 0
      vertex 73.65 0 0
    endloop
  endfacet
  facet normal 0 0 -1
    outer loop
      vertex 67.0875 16.52600364963503 0
      vertex 65.0875 21.5625 0
      vertex 73.65 28.125 0
    endloop
  endfacet
  facet normal 1 0 0
    outer loop
      vertex 73.65 0 0
      vertex 73.65 28.125 0
      vertex 73.65 21.5625 1.6
    endloop
  endfacet
  facet normal 1 0 0
    outer loop
      vertex 73.65 0 0
      vertex 73.65 6.5625 1.6
      vertex 73.65 0 10
    endloop
  endfacet
  facet normal 1 0 0
    outer loop
      vertex 73.65 21.5625 1.6
      vertex 73.65 28.125 0
      vertex 73.65 28.125 10
    endloop
  endfacet
  facet normal 0 0 1
    outer loop
      vertex 42.145945945945954 5.320945945945944 10
      vertex 43.3875 0 10
      vertex 45.3875 0 10
    endloop
  endfacet
  facet normal 0 0 1
    outer loop
      vertex 42.145945945945954 5.320945945945944 10
      vertex 44.94484862257028 6.22478499510558 10
      vertex 43.3875 6.5625 10
    endloop
  endfacet
  facet normal 0 0 1
    outer loop
      vertex 43.85416666666667 21.5625 10
      vertex 45.3875 27.67507395226329 10
      vertex 43.3875 28.125 10
    endloop
  endfacet
  facet normal 1 0 0
    outer loop
      vertex 73.65 21.5625 1.6
      vertex 73.65 28.125 10
      vertex 73.65 21.5625 10
    endloop
  endfacet
  facet normal 0 0 1
    outer loop
      vertex 42.145945945945954 5.320945945945944 10
      vertex 66.79688173975558 1.4861161035226473 10
      vertex 44.94484862257028 6.22478499510558 10
    endloop
  endfacet
  facet normal 0 0 1
    outer loop
      vertex 42.145945945945954 5.320945945945944 10
      vertex 45.3875 0 10
      vertex 73.65 0 10
    endloop
  endfacet
  facet normal 0 0 1
    outer loop
      vertex 44.94484862257028 6.22478499510558 10
      vertex 61.587500000000006 6.5625 10
      vertex 45.3875 6.5625 10
    endloop
  endfacet
  facet normal 0 0 1
    outer loop
      vertex 43.85416666666667 21.5625 10
      vertex 45.3875 21.5625 10
      vertex 68.40046484859218 22.498007791747824 10
    endloop
  endfacet
  facet normal 0 0 1
    outer loop
      vertex 44.94484862257028 6.22478499510558 10
      vertex 66.79688173975558 1.4861161035226473 10
      vertex 61.587500000000006 6.5625 10
    endloop
  endfacet
  facet normal 0 0 1
    outer loop
      vertex 42.145945945945954 5.320945945945944 10
      vertex 73.65 0 10
      vertex 66.79688173975558 1.4861161035226473 10
    endloop
  endfacet
  facet normal 0 0 1
    outer loop
      vertex 45.3875 21.5625 10
      vertex 61.587500000000006 21.5625 10
      vertex 68.40046484859218 22.498007791747824 10
    endloop
  endfacet
  facet normal 0 0 1
    outer loop
      vertex 61.587500000000006 21.5625 10
      vertex 67.0875 21.5625 10
      vertex 68.40046484859218 22.498007791747824 10
    endloop
  endfacet
  facet normal 0 0 1
    outer loop
      vertex 43.85416666666667 21.5625 10
      vertex 68.40046484859218 22.498007791747824 10
      vertex 45.3875 27.67507395226329 10
    endloop
  endfacet
  facet normal 0 0 1
    outer loop
      vertex 45.3875 27.67507395226329 10
      vertex 68.40046484859218 22.498007791747824 10
      vertex 45.3875 28.125 10
    endloop
  endfacet
  facet normal 0 0 1
    outer loop
      vertex 45.3875 28.125 10
      vertex 68.40046484859218 22.498007791747824 10
      vertex 73.65 28.125 10
    endloop
  endfacet
  facet normal 0 0 1
    outer loop
      vertex 66.79688173975558 1.4861161035226473 10
      vertex 73.65 0 10
      vertex 67.0875 6.5625 10
    endloop
  endfacet
  facet normal 0 0 1
    outer loop
      vertex 67.0875 6.5625 10
      vertex 73.65 0 10
      vertex 72.11875 6.5625 10
    endloop
  endfacet
  facet normal 0 0 1
    outer loop
      vertex 68.40046484859218 22.498007791747824 10
      vertex 73.65 21.5625 10
      vertex 73.65 28.125 10
    endloop
  endfacet
  facet normal 0 0 -1
    outer loop
      vertex 43.3875 -56.25 0
      vertex 43.3875 -33.15465328467153 0
      vertex 45.3875 -49.6875 0
    endloop
  endfacet
  facet normal 0 0 -1
    outer loop
      vertex 43.3875 -33.15465328467153 0
      vertex 45.3875 -34.6875 0
      vertex 45.3875 -49.6875 0
    endloop
  endfacet
  facet normal 0 0 -1
    outer loop
      vertex 43.3875 -56.25 0
      vertex 45.3875 -49.6875 0
      vertex 65.0875 -49.6875 0
    endloop
  endfacet
  facet normal 0 0 -1
    outer loop
      vertex 43.3875 -56.25 0
      vertex 65.0875 -49.6875 0
      vertex 67.0875 -51.22034671532847 0
    endloop
  endfacet
  facet normal 0 0 -1
    outer loop
      vertex 43.3875 -56.25 0
      vertex 67.0875 -51.22034671532847 0
      vertex 73.65 -56.25 0
    endloop
  endfacet
  facet normal 0 0 -1
    outer loop
      vertex 67.0875 -51.22034671532847 0
      vertex 65.0875 -49.6875 0
      vertex 67.0875 -39.72399635036497 0
    endloop
  endfacet
  facet normal 1 0 0
    outer loop
      vertex 73.65 -56.25 0
      vertex 73.65 -34.6875 1.6
      vertex 73.65 -49.6875 1.6
    endloop
  endfacet
  facet normal 1 0 0
    outer loop
      vertex 73.65 -56.25 0
      vertex 73.65 -49.6875 1.6
      vertex 73.65 -56.25 10
    endloop
  endfacet
  facet normal 0 0 -1
    outer loop
      vertex 42.39195046439629 -32.39164086687306 0
      vertex 73.65 -28.125 0
      vertex 43.3875 -33.15465328467153 0
    endloop
  endfacet
  facet normal 0 0 -1
    outer loop
      vertex 42.39195046439629 -32.39164086687306 0
      vertex 43.3875 -28.125 0
      vertex 73.65 -28.125 0
    endloop
  endfacet
  facet normal 0 0 -1
    outer loop
      vertex 43.3875 -33.15465328467153 0
      vertex 73.65 -28.125 0
      vertex 45.3875 -34.6875 0
    endloop
  endfacet
  facet normal 0 0 -1
    outer loop
      vertex 65.0875 -49.6875 0
      vertex 65.0875 -34.6875 0
      vertex 67.0875 -39.72399635036497 0
    endloop
  endfacet
  facet normal 0 0 -1
    outer loop
      vertex 45.3875 -34.6875 0
      vertex 73.65 -28.125 0
      vertex 65.0875 -34.6875 0
    endloop
  endfacet
  facet normal 0 0 -1
    outer loop
      vertex 73.65 -56.25 0
      vertex 67.0875 -39.72399635036497 0
      vertex 73.65 -28.125 0
    endloop
  endfacet
  facet normal 0 0 -1
    outer loop
      vertex 67.0875 -39.72399635036497 0
      vertex 65.0875 -34.6875 0
      vertex 73.65 -28.125 0
    endloop
  endfacet
  facet normal 1 0 0
    outer loop
      vertex 73.65 -56.25 0
      vertex 73.65 -28.125 0
      vertex 73.65 -34.6875 1.6
    endloop
  endfacet
  facet normal 1 0 0
    outer loop
      vertex 73.65 -28.125 0
      vertex 73.65 -28.125 10
      vertex 73.65 -34.6875 1.6
    endloop
  endfacet
  facet normal 0 0 1
    outer loop
      vertex 42.145945945945954 -50.929054054054056 10
      vertex 44.94484862257028 -50.02521500489442 10
      vertex 43.3875 -49.6875 10
    endloop
  endfacet
  facet normal 0 0 1
    outer loop
      vertex 43.85416666666667 -34.6875 10
      vertex 45.3875 -28.57492604773671 10
      vertex 43.3875 -28.125 10
    endloop
  endfacet
  facet normal 0 0 1
    outer loop
      vertex 42.145945945945954 -50.929054054054056 10
      vertex 43.3875 -56.25 10
      vertex 73.65 -56.25 10
    endloop
  endfacet
  facet normal 0 0 1
    outer loop
      vertex 42.145945945945954 -50.929054054054056 10
      vertex 66.79688173975558 -54.76388389647735 10
      vertex 44.94484862257028 -50.02521500489442 10
    endloop
  endfacet
  facet normal 0 0 1
    outer loop
      vertex 44.94484862257028 -50.02521500489442 10
      vertex 61.587500000000006 -49.6875 10
      vertex 45.3875 -49.6875 10
    endloop
  endfacet
  facet normal 0 0 1
    outer loop
      vertex 44.94484862257028 -50.02521500489442 10
      vertex 66.79688173975558 -54.76388389647735 10
      vertex 61.587500000000006 -49.6875 10
    endloop
  endfacet
  facet normal 0 0 1
    outer loop
      vertex 42.145945945945954 -50.929054054054056 10
      vertex 73.65 -56.25 10
      vertex 66.79688173975558 -54.76388389647735 10
    endloop
  endfacet
  facet normal 0 0 1
    outer loop
      vertex 66.79688173975558 -54.76388389647735 10
      vertex 73.65 -56.25 10
      vertex 67.0875 -49.6875 10
    endloop
  endfacet
  facet normal 0 0 1
    outer loop
      vertex 67.0875 -49.6875 10
      vertex 73.65 -56.25 10
      vertex 72.11875 -49.6875 10
    endloop
  endfacet
  facet normal 1 0 0
    outer loop
      vertex 73.65 -34.6875 1.6
      vertex 73.65 -28.125 10
      vertex 73.65 -34.6875 10
    endloop
  endfacet
  facet normal 0 0 1
    outer loop
      vertex 43.85416666666667 -34.6875 10
      vertex 45.3875 -34.6875 10
      vertex 68.40046484859218 -33.75199220825217 10
    endloop
  endfacet
  facet normal 0 0 1
    outer loop
      vertex 43.85416666666667 -34.6875 10
      vertex 68.40046484859218 -33.75199220825217 10
      vertex 45.3875 -28.57492604773671 10
    endloop
  endfacet
  facet normal 0 0 1
    outer loop
      vertex 45.3875 -28.57492604773671 10
      vertex 68.40046484859218 -33.75199220825217 10
      vertex 45.3875 -28.125 10
    endloop
  endfacet
  facet normal 0 0 1
    outer loop
      vertex 45.3875 -34.6875 10
      vertex 61.587500000000006 -34.6875 10
      vertex 68.40046484859218 -33.75199220825217 10
    endloop
  endfacet
  facet normal 0 0 1
    outer loop
      vertex 61.587500000000006 -34.6875 10
      vertex 67.0875 -34.6875 10
      vertex 68.40046484859218 -33.75199220825217 10
    endloop
  endfacet
  facet normal 0 0 1
    outer loop
      vertex 45.3875 -28.125 10
      vertex 68.40046484859218 -33.75199220825217 10
      vertex 73.65 -28.125 10
    endloop
  endfacet
  facet normal 0 0 1
    outer loop
      vertex 68.40046484859218 -33.75199220825217 10
      vertex 73.65 -34.6875 10
      vertex 73.65 -28.125 10
    endloop
  endfacet
  facet normal 0 0 -1
    outer loop
      vertex -30.262500000000003 0 0
      vertex -30.262500000000003 23.095346715328475 0
      vertex -28.262500000000003 6.5625 0
    endloop
  endfacet
  facet normal 0 0 -1
    outer loop
      vertex -28.262500000000003 6.5625 0
      vertex -30.262500000000003 23.095346715328475 0
      vertex -28.262500000000003 21.5625 0
    endloop
  endfacet
  facet normal 0 0 -1
    outer loop
      vertex -30.262500000000003 0 0
      vertex -28.262500000000003 6.5625 0
      vertex -8.5625 6.5625 0
    endloop
  endfacet
  facet normal 0 0 -1
    outer loop
      vertex -30.262500000000003 0 0
      vertex -8.5625 6.5625 0
      vertex -6.5625 5.029653284671532 0
    endloop
  endfacet
  facet normal 0 0 -1
    outer loop
      vertex -30.262500000000003 0 0
      vertex -6.5625 5.029653284671532 0
      vertex 0 0 0
    endloop
  endfacet
  facet normal 0 0 -1
    outer loop
      vertex -6.5625 5.029653284671532 0
      vertex -8.5625 6.5625 0
      vertex -6.5625 16.52600364963503 0
    endloop
  endfacet
  facet normal 0 0 -1
    outer loop
      vertex -8.5625 6.5625 0
      vertex -8.5625 21.5625 0
      vertex -6.5625 16.52600364963503 0
    endloop
  endfacet
  facet normal 0 0 -1
    outer loop
      vertex -6.5625 16.52600364963503 0
      vertex 0 28.125 0
      vertex 0 0 0
    endloop
  endfacet
  facet normal 0 0 -1
    outer loop
      vertex -6.5625 16.52600364963503 0
      vertex -8.5625 21.5625 0
      vertex 0 28.125 0
    endloop
  endfacet
  facet normal 0 0 -1
    outer loop
      vertex -31.258049535603718 23.85835913312694 0
      vertex 0 28.125 0
      vertex -30.262500000000003 23.095346715328475 0
    endloop
  endfacet
  facet normal 0 0 -1
    outer loop
      vertex -31.258049535603718 23.85835913312694 0
      vertex -30.262500000000003 28.125 0
      vertex 0 28.125 0
    endloop
  endfacet
  facet normal 0 0 -1
    outer loop
      vertex -28.262500000000003 21.5625 0
      vertex -30.262500000000003 23.095346715328475 0
      vertex 0 28.125 0
    endloop
  endfacet
  facet normal 0 0 -1
    outer loop
      vertex -28.262500000000003 21.5625 0
      vertex 0 28.125 0
      vertex -8.5625 21.5625 0
    endloop
  endfacet
  facet normal 0 0 1
    outer loop
      vertex -31.50405405405406 5.320945945945944 10
      vertex -30.262500000000003 0 10
      vertex -28.262500000000003 0 10
    endloop
  endfacet
  facet normal 0 0 1
    outer loop
      vertex -31.50405405405406 5.320945945945944 10
      vertex -28.70515137742973 6.22478499510558 10
      vertex -30.262500000000003 6.5625 10
    endloop
  endfacet
  facet normal 0 0 1
    outer loop
      vertex -28.70515137742973 6.22478499510558 10
      vertex -12.0625 6.5625 10
      vertex -28.262500000000003 6.5625 10
    endloop
  endfacet
  facet normal 0 0 1
    outer loop
      vertex -29.795833333333334 21.5625 10
      vertex -28.262500000000003 27.67507395226329 10
      vertex -30.262500000000003 28.125 10
    endloop
  endfacet
  facet normal 0 0 1
    outer loop
      vertex -31.50405405405406 5.320945945945944 10
      vertex -28.262500000000003 0 10
      vertex 0 0 10
    endloop
  endfacet
  facet normal 0 0 1
    outer loop
      vertex -31.50405405405406 5.320945945945944 10
      vertex -6.853118260244429 1.4861161035226473 10
      vertex -28.70515137742973 6.22478499510558 10
    endloop
  endfacet
  facet normal 0 0 1
    outer loop
      vertex -28.70515137742973 6.22478499510558 10
      vertex -6.853118260244429 1.4861161035226473 10
      vertex -12.0625 6.5625 10
    endloop
  endfacet
  facet normal 0 0 1
    outer loop
      vertex -31.50405405405406 5.320945945945944 10
      vertex 0 0 10
      vertex -6.853118260244429 1.4861161035226473 10
    endloop
  endfacet
  facet normal 0 0 1
    outer loop
      vertex -29.795833333333334 21.5625 10
      vertex -28.262500000000003 21.5625 10
      vertex -5.249535151407827 22.498007791747824 10
    endloop
  endfacet
  facet normal 0 0 1
    outer loop
      vertex -28.262500000000003 21.5625 10
      vertex -12.0625 21.5625 10
      vertex -5.249535151407827 22.498007791747824 10
    endloop
  endfacet
  facet normal 0 0 1
    outer loop
      vertex -6.853118260244429 1.4861161035226473 10
      vertex 0 0 10
      vertex -6.5625 6.5625 10
    endloop
  endfacet
  facet normal 0 0 1
    outer loop
      vertex -6.5625 6.5625 10
      vertex 0 0 10
      vertex -1.53125 6.5625 10
    endloop
  endfacet
  facet normal 0 0 1
    outer loop
      vertex -12.0625 21.5625 10
      vertex -6.5625 21.5625 10
      vertex -5.249535151407827 22.498007791747824 10
    endloop
  endfacet
  facet normal 0 0 1
    outer loop
      vertex -29.795833333333334 21.5625 10
      vertex -5.249535151407827 22.498007791747824 10
      vertex -28.262500000000003 27.67507395226329 10
    endloop
  endfacet
  facet normal 0 0 1
    outer loop
      vertex -28.262500000000003 27.67507395226329 10
      vertex -5.249535151407827 22.498007791747824 10
      vertex -28.262500000000003 28.125 10
    endloop
  endfacet
  facet normal 0 0 1
    outer loop
      vertex -28.262500000000003 28.125 10
      vertex -5.249535151407827 22.498007791747824 10
      vertex 0 28.125 10
    endloop
  endfacet
  facet normal 0 0 1
    outer loop
      vertex -5.249535151407827 22.498007791747824 10
      vertex 0 21.5625 10
      vertex 0 28.125 10
    endloop
  endfacet
  facet normal 0 0 -1
    outer loop
      vertex -30.262500000000003 -56.25 0
      vertex -30.262500000000003 -33.15465328467153 0
      vertex -28.262500000000003 -49.6875 0
    endloop
  endfacet
  facet normal 0 0 -1
    outer loop
      vertex -30.262500000000003 -56.25 0
      vertex -28.262500000000003 -49.6875 0
      vertex -8.5625 -49.6875 0
    endloop
  endfacet
  facet normal 0 0 -1
    outer loop
      vertex -30.262500000000003 -56.25 0
      vertex -8.5625 -49.6875 0
      vertex -6.5625 -51.22034671532847 0
    endloop
  endfacet
  facet normal 0 0 -1
    outer loop
      vertex -30.262500000000003 -56.25 0
      vertex -6.5625 -51.22034671532847 0
      vertex 0 -56.25 0
    endloop
  endfacet
  facet normal 0 0 -1
    outer loop
      vertex -6.5625 -51.22034671532847 0
      vertex -8.5625 -49.6875 0
      vertex -6.5625 -39.72399635036497 0
    endloop
  endfacet
  facet normal 0 0 -1
    outer loop
      vertex -28.262500000000003 -49.6875 0
      vertex -30.262500000000003 -33.15465328467153 0
      vertex -28.262500000000003 -34.6875 0
    endloop
  endfacet
  facet normal 0 0 -1
    outer loop
      vertex -31.258049535603718 -32.39164086687306 0
      vertex 0 -28.125 0
      vertex -30.262500000000003 -33.15465328467153 0
    endloop
  endfacet
  facet normal 0 0 -1
    outer loop
      vertex -31.258049535603718 -32.39164086687306 0
      vertex -30.262500000000003 -28.125 0
      vertex 0 -28.125 0
    endloop
  endfacet
  facet normal 0 0 -1
    outer loop
      vertex -28.262500000000003 -34.6875 0
      vertex -30.262500000000003 -33.15465328467153 0
      vertex 0 -28.125 0
    endloop
  endfacet
  facet normal 0 0 -1
    outer loop
      vertex -28.262500000000003 -34.6875 0
      vertex 0 -28.125 0
      vertex -8.5625 -34.6875 0
    endloop
  endfacet
  facet normal 0 0 -1
    outer loop
      vertex -8.5625 -49.6875 0
      vertex -8.5625 -34.6875 0
      vertex -6.5625 -39.72399635036497 0
    endloop
  endfacet
  facet normal 0 0 -1
    outer loop
      vertex -6.5625 -39.72399635036497 0
      vertex 0 -28.125 0
      vertex 0 -56.25 0
    endloop
  endfacet
  facet normal 0 0 -1
    outer loop
      vertex -6.5625 -39.72399635036497 0
      vertex -8.5625 -34.6875 0
      vertex 0 -28.125 0
    endloop
  endfacet
  facet normal 0 0 1
    outer loop
      vertex -31.50405405405406 -50.929054054054056 10
      vertex -28.70515137742973 -50.02521500489442 10
      vertex -30.262500000000003 -49.6875 10
    endloop
  endfacet
  facet normal 0 0 1
    outer loop
      vertex -28.70515137742973 -50.02521500489442 10
      vertex -12.0625 -49.6875 10
      vertex -28.262500000000003 -49.6875 10
    endloop
  endfacet
  facet normal 0 0 1
    outer loop
      vertex -31.50405405405406 -50.929054054054056 10
      vertex -30.262500000000003 -56.25 10
      vertex 0 -56.25 10
    endloop
  endfacet
  facet normal 0 0 1
    outer loop
      vertex -31.50405405405406 -50.929054054054056 10
      vertex -6.853118260244429 -54.76388389647735 10
      vertex -28.70515137742973 -50.02521500489442 10
    endloop
  endfacet
  facet normal 0 0 1
    outer loop
      vertex -28.70515137742973 -50.02521500489442 10
      vertex -6.853118260244429 -54.76388389647735 10
      vertex -12.0625 -49.6875 10
    endloop
  endfacet
  facet normal 0 0 1
    outer loop
      vertex -31.50405405405406 -50.929054054054056 10
      vertex 0 -56.25 10
      vertex -6.853118260244429 -54.76388389647735 10
    endloop
  endfacet
  facet normal 0 0 1
    outer loop
      vertex -6.853118260244429 -54.76388389647735 10
      vertex 0 -56.25 10
      vertex -6.5625 -49.6875 10
    endloop
  endfacet
  facet normal 0 0 1
    outer loop
      vertex -6.5625 -49.6875 10
      vertex 0 -56.25 10
      vertex -1.53125 -49.6875 10
    endloop
  endfacet
  facet normal 0 0 1
    outer loop
      vertex -29.795833333333334 -34.6875 10
      vertex -28.262500000000003 -28.57492604773671 10
      vertex -30.262500000000003 -28.125 10
    endloop
  endfacet
  facet normal 0 0 1
    outer loop
      vertex -29.795833333333334 -34.6875 10
      vertex -28.262500000000003 -34.6875 10
      vertex -5.249535151407827 -33.75199220825217 10
    endloop
  endfacet
  facet normal 0 0 1
    outer loop
      vertex -28.262500000000003 -34.6875 10
      vertex -12.0625 -34.6875 10
      vertex -5.249535151407827 -33.75199220825217 10
    endloop
  endfacet
  facet normal 0 0 1
    outer loop
      vertex -29.795833333333334 -34.6875 10
      vertex -5.249535151407827 -33.75199220825217 10
      vertex -28.262500000000003 -28.57492604773671 10
    endloop
  endfacet
  facet normal 0 0 1
    outer loop
      vertex -28.262500000000003 -28.57492604773671 10
      vertex -5.249535151407827 -33.75199220825217 10
      vertex -28.262500000000003 -28.125 10
    endloop
  endfacet
  facet normal 0 0 1
    outer loop
      vertex -12.0625 -34.6875 10
      vertex -6.5625 -34.6875 10
      vertex -5.249535151407827 -33.75199220825217 10
    endloop
  endfacet
  facet normal 0 0 1
    outer loop
      vertex -28.262500000000003 -28.125 10
      vertex -5.249535151407827 -33.75199220825217 10
      vertex 0 -28.125 10
    endloop
  endfacet
  facet normal 0 0 1
    outer loop
      vertex -5.249535151407827 -33.75199220825217 10
      vertex 0 -34.6875 10
      vertex 0 -28.125 10
    endloop
  endfacet
  facet normal 0 0 -1
    outer loop
      vertex 43.3875 28.125 0
      vertex 43.3875 51.220346715328475 0
      vertex 45.3875 34.6875 0
    endloop
  endfacet
  facet normal 0 0 -1
    outer loop
      vertex 43.3875 51.220346715328475 0
      vertex 45.3875 49.6875 0
      vertex 45.3875 34.6875 0
    endloop
  endfacet
  facet normal 0 1 0
    outer loop
      vertex 43.3875 56.25 0
      vertex 40.42722191168251 56.25 4.510899944102851
      vertex 43.3875 56.25 8
    endloop
  endfacet
  facet normal 0 0 -1
    outer loop
      vertex 43.3875 28.125 0
      vertex 45.3875 34.6875 0
      vertex 65.0875 34.6875 0
    endloop
  endfacet
  facet normal 0 0 -1
    outer loop
      vertex 43.3875 28.125 0
      vertex 65.0875 34.6875 0
      vertex 67.0875 33.154653284671525 0
    endloop
  endfacet
  facet normal 0 0 -1
    outer loop
      vertex 43.3875 28.125 0
      vertex 67.0875 33.154653284671525 0
      vertex 73.65 28.125 0
    endloop
  endfacet
  facet normal 0 0 -1
    outer loop
      vertex 67.0875 33.154653284671525 0
      vertex 65.0875 34.6875 0
      vertex 67.0875 44.65100364963503 0
    endloop
  endfacet
  facet normal 0 0 -1
    outer loop
      vertex 65.0875 34.6875 0
      vertex 65.0875 49.6875 0
      vertex 67.0875 44.65100364963503 0
    endloop
  endfacet
  facet normal 0 0 -1
    outer loop
      vertex 67.0875 44.65100364963503 0
      vertex 73.65 56.25 0
      vertex 73.65 28.125 0
    endloop
  endfacet
  facet normal 1 0 0
    outer loop
      vertex 73.65 28.125 0
      vertex 73.65 56.25 0
      vertex 73.65 49.6875 1.6
    endloop
  endfacet
  facet normal 1 0 0
    outer loop
      vertex 73.65 28.125 0
      vertex 73.65 49.6875 1.6
      vertex 73.65 34.6875 1.6
    endloop
  endfacet
  facet normal 1 0 0
    outer loop
      vertex 73.65 28.125 0
      vertex 73.65 34.6875 1.6
      vertex 73.65 28.125 10
    endloop
  endfacet
  facet normal 0 0 -1
    outer loop
      vertex 42.39195046439629 51.98335913312694 0
      vertex 73.65 56.25 0
      vertex 43.3875 51.220346715328475 0
    endloop
  endfacet
  facet normal 0 0 -1
    outer loop
      vertex 42.39195046439629 51.98335913312694 0
      vertex 43.3875 56.25 0
      vertex 73.65 56.25 0
    endloop
  endfacet
  facet normal 0 0 -1
    outer loop
      vertex 43.3875 51.220346715328475 0
      vertex 73.65 56.25 0
      vertex 45.3875 49.6875 0
    endloop
  endfacet
  facet normal 0 0 -1
    outer loop
      vertex 45.3875 49.6875 0
      vertex 73.65 56.25 0
      vertex 65.0875 49.6875 0
    endloop
  endfacet
  facet normal 0 0 -1
    outer loop
      vertex 67.0875 44.65100364963503 0
      vertex 65.0875 49.6875 0
      vertex 73.65 56.25 0
    endloop
  endfacet
  facet normal 0 1 0
    outer loop
      vertex 43.3875 56.25 0
      vertex 45.3875 56.25 10
      vertex 73.65 56.25 0
    endloop
  endfacet
  facet normal 1 0 0
    outer loop
      vertex 73.65 56.25 0
      vertex 73.65 56.25 10
      vertex 73.65 49.6875 1.6
    endloop
  endfacet
  facet normal 0 0 1
    outer loop
      vertex 42.145945945945954 33.44594594594595 10
      vertex 43.3875 28.125 10
      vertex 45.3875 28.125 10
    endloop
  endfacet
  facet normal 0 0 1
    outer loop
      vertex 42.145945945945954 33.44594594594595 10
      vertex 44.94484862257028 34.34978499510558 10
      vertex 43.3875 34.6875 10
    endloop
  endfacet
  facet normal 0 1 0
    outer loop
      vertex 43.3875 56.25 0
      vertex 43.3875 56.25 8
      vertex 45.3875 56.25 10
    endloop
  endfacet
  facet normal 0 1 0
    outer loop
      vertex 40.42722191168251 56.25 4.510899944102851
      vertex 43.3875 56.25 8.217922606924644
      vertex 43.3875 56.25 8
    endloop
  endfacet
  facet normal 0 0 1
    outer loop
      vertex 43.85416666666667 49.6875 10
      vertex 45.3875 55.80007395226329 10
      vertex 43.3875 56.25 10
    endloop
  endfacet
  facet normal 0 0 1
    outer loop
      vertex 42.145945945945954 33.44594594594595 10
      vertex 66.79688173975558 29.611116103522647 10
      vertex 44.94484862257028 34.34978499510558 10
    endloop
  endfacet
  facet normal 0 0 1
    outer loop
      vertex 42.145945945945954 33.44594594594595 10
      vertex 45.3875 28.125 10
      vertex 73.65 28.125 10
    endloop
  endfacet
  facet normal 0 0 1
    outer loop
      vertex 44.94484862257028 34.34978499510558 10
      vertex 61.587500000000006 34.6875 10
      vertex 45.3875 34.6875 10
    endloop
  endfacet
  facet normal 0 0 1
    outer loop
      vertex 44.94484862257028 34.34978499510558 10
      vertex 66.79688173975558 29.611116103522647 10
      vertex 61.587500000000006 34.6875 10
    endloop
  endfacet
  facet normal 0 0 1
    outer loop
      vertex 42.145945945945954 33.44594594594595 10
      vertex 73.65 28.125 10
      vertex 66.79688173975558 29.611116103522647 10
    endloop
  endfacet
  facet normal 0 0 1
    outer loop
      vertex 66.79688173975558 29.611116103522647 10
      vertex 73.65 28.125 10
      vertex 67.0875 34.6875 10
    endloop
  endfacet
  facet normal 0 0 1
    outer loop
      vertex 67.0875 34.6875 10
      vertex 73.65 28.125 10
      vertex 72.11875 34.6875 10
    endloop
  endfacet
  facet normal 0 1 0
    outer loop
      vertex 73.65 56.25 0
      vertex 45.3875 56.25 10
      vertex 73.65 56.25 10
    endloop
  endfacet
  facet normal 1 0 0
    outer loop
      vertex 73.65 49.6875 1.6
      vertex 73.65 56.25 10
      vertex 73.65 49.6875 10
    endloop
  endfacet
  facet normal 0 0 1
    outer loop
      vertex 43.85416666666667 49.6875 10
      vertex 45.3875 49.6875 10
      vertex 68.40046484859218 50.623007791747824 10
    endloop
  endfacet
  facet normal 0 0 1
    outer loop
      vertex 43.85416666666667 49.6875 10
      vertex 68.40046484859218 50.623007791747824 10
      vertex 45.3875 55.80007395226329 10
    endloop
  endfacet
  facet normal 0 0 1
    outer loop
      vertex 45.3875 55.80007395226329 10
      vertex 68.40046484859218 50.623007791747824 10
      vertex 45.3875 56.25 10
    endloop
  endfacet
  facet normal 0 0 1
    outer loop
      vertex 45.3875 49.6875 10
      vertex 61.587500000000006 49.6875 10
      vertex 68.40046484859218 50.623007791747824 10
    endloop
  endfacet
  facet normal 0 0 1
    outer loop
      vertex 61.587500000000006 49.6875 10
      vertex 67.0875 49.6875 10
      vertex 68.40046484859218 50.623007791747824 10
    endloop
  endfacet
  facet normal 0 0 1
    outer loop
      vertex 45.3875 56.25 10
      vertex 68.40046484859218 50.623007791747824 10
      vertex 73.65 56.25 10
    endloop
  endfacet
  facet normal 0 0 1
    outer loop
      vertex 68.40046484859218 50.623007791747824 10
      vertex 73.65 49.6875 10
      vertex 73.65 56.25 10
    endloop
  endfacet
  facet normal 0 0 -1
    outer loop
      vertex 43.3875 -28.125 0
      vertex 43.3875 -5.029653284671532 0
      vertex 45.3875 -21.5625 0
    endloop
  endfacet
  facet normal 0 0 -1
    outer loop
      vertex 43.3875 -5.029653284671532 0
      vertex 45.3875 -6.5625 0
      vertex 45.3875 -21.5625 0
    endloop
  endfacet
  facet normal 0 0 -1
    outer loop
      vertex 43.3875 -28.125 0
      vertex 45.3875 -21.5625 0
      vertex 65.0875 -21.5625 0
    endloop
  endfacet
  facet normal 0 0 -1
    outer loop
      vertex 43.3875 -28.125 0
      vertex 65.0875 -21.5625 0
      vertex 67.0875 -23.095346715328468 0
    endloop
  endfacet
  facet normal 0 0 -1
    outer loop
      vertex 43.3875 -28.125 0
      vertex 67.0875 -23.095346715328468 0
      vertex 73.65 -28.125 0
    endloop
  endfacet
  facet normal 0 0 -1
    outer loop
      vertex 42.39195046439629 -4.266640866873061 0
      vertex 73.65 0 0
      vertex 43.3875 -5.029653284671532 0
    endloop
  endfacet
  facet normal 0 0 -1
    outer loop
      vertex 42.39195046439629 -4.266640866873061 0
      vertex 43.3875 0 0
      vertex 73.65 0 0
    endloop
  endfacet
  facet normal 0 0 -1
    outer loop
      vertex 43.3875 -5.029653284671532 0
      vertex 73.65 0 0
      vertex 45.3875 -6.5625 0
    endloop
  endfacet
  facet normal 0 0 -1
    outer loop
      vertex 67.0875 -23.095346715328468 0
      vertex 65.0875 -21.5625 0
      vertex 67.0875 -11.59899635036497 0
    endloop
  endfacet
  facet normal 0 0 -1
    outer loop
      vertex 65.0875 -21.5625 0
      vertex 65.0875 -6.5625 0
      vertex 67.0875 -11.59899635036497 0
    endloop
  endfacet
  facet normal 0 0 -1
    outer loop
      vertex 45.3875 -6.5625 0
      vertex 73.65 0 0
      vertex 65.0875 -6.5625 0
    endloop
  endfacet
  facet normal 0 0 -1
    outer loop
      vertex 67.0875 -11.59899635036497 0
      vertex 73.65 0 0
      vertex 73.65 -28.125 0
    endloop
  endfacet
  facet normal 1 0 0
    outer loop
      vertex 73.65 -28.125 0
      vertex 73.65 0 0
      vertex 73.65 -6.5625 1.6
    endloop
  endfacet
  facet normal 1 0 0
    outer loop
      vertex 73.65 -28.125 0
      vertex 73.65 -6.5625 1.6
      vertex 73.65 -21.5625 1.6
    endloop
  endfacet
  facet normal 0 0 -1
    outer loop
      vertex 67.0875 -11.59899635036497 0
      vertex 65.0875 -6.5625 0
      vertex 73.65 0 0
    endloop
  endfacet
  facet normal 1 0 0
    outer loop
      vertex 73.65 -28.125 0
      vertex 73.65 -21.5625 1.6
      vertex 73.65 -28.125 10
    endloop
  endfacet
  facet normal 1 0 0
    outer loop
      vertex 73.65 -6.5625 1.6
      vertex 73.65 0 0
      vertex 73.65 0 10
    endloop
  endfacet
  facet normal 0 0 1
    outer loop
      vertex 42.145945945945954 -22.804054054054056 10
      vertex 43.3875 -28.125 10
      vertex 45.3875 -28.125 10
    endloop
  endfacet
  facet normal 0 0 1
    outer loop
      vertex 42.145945945945954 -22.804054054054056 10
      vertex 44.94484862257028 -21.90021500489442 10
      vertex 43.3875 -21.5625 10
    endloop
  endfacet
  facet normal 0 0 1
    outer loop
      vertex 43.85416666666667 -6.5625 10
      vertex 45.3875 -0.4499260477367102 10
      vertex 43.3875 0 10
    endloop
  endfacet
  facet normal 1 0 0
    outer loop
      vertex 73.65 -6.5625 1.6
      vertex 73.65 0 10
      vertex 73.65 -6.5625 10
    endloop
  endfacet
  facet normal 0 0 1
    outer loop
      vertex 42.145945945945954 -22.804054054054056 10
      vertex 66.79688173975558 -26.638883896477353 10
      vertex 44.94484862257028 -21.90021500489442 10
    endloop
  endfacet
  facet normal 0 0 1
    outer loop
      vertex 42.145945945945954 -22.804054054054056 10
      vertex 45.3875 -28.125 10
      vertex 73.65 -28.125 10
    endloop
  endfacet
  facet normal 0 0 1
    outer loop
      vertex 44.94484862257028 -21.90021500489442 10
      vertex 66.79688173975558 -26.638883896477353 10
      vertex 61.587500000000006 -21.5625 10
    endloop
  endfacet
  facet normal 0 0 1
    outer loop
      vertex 42.145945945945954 -22.804054054054056 10
      vertex 73.65 -28.125 10
      vertex 66.79688173975558 -26.638883896477353 10
    endloop
  endfacet
  facet normal 0 0 1
    outer loop
      vertex 44.94484862257028 -21.90021500489442 10
      vertex 61.587500000000006 -21.5625 10
      vertex 45.3875 -21.5625 10
    endloop
  endfacet
  facet normal 0 0 1
    outer loop
      vertex 43.85416666666667 -6.5625 10
      vertex 45.3875 -6.5625 10
      vertex 68.40046484859218 -5.626992208252169 10
    endloop
  endfacet
  facet normal 0 0 1
    outer loop
      vertex 43.85416666666667 -6.5625 10
      vertex 68.40046484859218 -5.626992208252169 10
      vertex 45.3875 -0.4499260477367102 10
    endloop
  endfacet
  facet normal 0 0 1
    outer loop
      vertex 45.3875 -0.4499260477367102 10
      vertex 68.40046484859218 -5.626992208252169 10
      vertex 45.3875 0 10
    endloop
  endfacet
  facet normal 0 0 1
    outer loop
      vertex 45.3875 -6.5625 10
      vertex 61.587500000000006 -6.5625 10
      vertex 68.40046484859218 -5.626992208252169 10
    endloop
  endfacet
  facet normal 0 0 1
    outer loop
      vertex 61.587500000000006 -6.5625 10
      vertex 67.0875 -6.5625 10
      vertex 68.40046484859218 -5.626992208252169 10
    endloop
  endfacet
  facet normal 0 0 1
    outer loop
      vertex 68.40046484859218 -5.626992208252169 10
      vertex 73.65 0 10
      vertex 45.3875 0 10
    endloop
  endfacet
  facet normal 0 0 1
    outer loop
      vertex 66.79688173975558 -26.638883896477353 10
      vertex 73.65 -28.125 10
      vertex 67.0875 -21.5625 10
    endloop
  endfacet
  facet normal 0 0 1
    outer loop
      vertex 67.0875 -21.5625 10
      vertex 73.65 -28.125 10
      vertex 72.11875 -21.5625 10
    endloop
  endfacet
  facet normal 0 0 1
    outer loop
      vertex 68.40046484859218 -5.626992208252169 10
      vertex 73.65 -6.5625 10
      vertex 73.65 0 10
    endloop
  endfacet
  facet normal 0 0 -1
    outer loop
      vertex -30.262500000000003 28.125 0
      vertex -30.262500000000003 51.220346715328475 0
      vertex -28.262500000000003 34.6875 0
    endloop
  endfacet
  facet normal 0 0 -1
    outer loop
      vertex -30.262500000000003 28.125 0
      vertex -28.262500000000003 34.6875 0
      vertex -8.5625 34.6875 0
    endloop
  endfacet
  facet normal 0 0 -1
    outer loop
      vertex -30.262500000000003 28.125 0
      vertex -8.5625 34.6875 0
      vertex -6.5625 33.154653284671525 0
    endloop
  endfacet
  facet normal 0 0 -1
    outer loop
      vertex -30.262500000000003 28.125 0
      vertex -6.5625 33.154653284671525 0
      vertex 0 28.125 0
    endloop
  endfacet
  facet normal 0 0 -1
    outer loop
      vertex -6.5625 33.154653284671525 0
      vertex -8.5625 34.6875 0
      vertex -6.5625 44.65100364963503 0
    endloop
  endfacet
  facet normal 0 0 -1
    outer loop
      vertex -8.5625 34.6875 0
      vertex -8.5625 49.6875 0
      vertex -6.5625 44.65100364963503 0
    endloop
  endfacet
  facet normal 0 0 -1
    outer loop
      vertex -6.5625 44.65100364963503 0
      vertex 0 56.25 0
      vertex 0 28.125 0
    endloop
  endfacet
  facet normal 0 0 -1
    outer loop
      vertex -28.262500000000003 34.6875 0
      vertex -30.262500000000003 51.220346715328475 0
      vertex -28.262500000000003 49.6875 0
    endloop
  endfacet
  facet normal 0 0 -1
    outer loop
      vertex -31.258049535603718 51.98335913312694 0
      vertex 0 56.25 0
      vertex -30.262500000000003 51.220346715328475 0
    endloop
  endfacet
  facet normal 0 0 -1
    outer loop
      vertex -31.258049535603718 51.98335913312694 0
      vertex -30.262500000000003 56.25 0
      vertex 0 56.25 0
    endloop
  endfacet
  facet normal 0 0 -1
    outer loop
      vertex -28.262500000000003 49.6875 0
      vertex -30.262500000000003 51.220346715328475 0
      vertex 0 56.25 0
    endloop
  endfacet
  facet normal 0 0 -1
    outer loop
      vertex -28.262500000000003 49.6875 0
      vertex 0 56.25 0
      vertex -8.5625 49.6875 0
    endloop
  endfacet
  facet normal 0 0 -1
    outer loop
      vertex -6.5625 44.65100364963503 0
      vertex -8.5625 49.6875 0
      vertex 0 56.25 0
    endloop
  endfacet
  facet normal 0 1 0
    outer loop
      vertex -30.262500000000003 56.25 0
      vertex -33.2227780883175 56.25 4.510899944102851
      vertex -30.262500000000003 56.25 8
    endloop
  endfacet
  facet normal 0 1 0
    outer loop
      vertex -30.262500000000003 56.25 0
      vertex -28.262500000000003 56.25 10
      vertex 0 56.25 0
    endloop
  endfacet
  facet normal 0 0 1
    outer loop
      vertex -31.50405405405406 33.44594594594595 10
      vertex -30.262500000000003 28.125 10
      vertex -28.262500000000003 28.125 10
    endloop
  endfacet
  facet normal 0 0 1
    outer loop
      vertex -31.50405405405406 33.44594594594595 10
      vertex -28.70515137742973 34.34978499510558 10
      vertex -30.262500000000003 34.6875 10
    endloop
  endfacet
  facet normal 0 0 1
    outer loop
      vertex -28.70515137742973 34.34978499510558 10
      vertex -12.0625 34.6875 10
      vertex -28.262500000000003 34.6875 10
    endloop
  endfacet
  facet normal 0 0 1
    outer loop
      vertex -31.50405405405406 33.44594594594595 10
      vertex -28.262500000000003 28.125 10
      vertex 0 28.125 10
    endloop
  endfacet
  facet normal 0 0 1
    outer loop
      vertex -31.50405405405406 33.44594594594595 10
      vertex -6.853118260244429 29.611116103522647 10
      vertex -28.70515137742973 34.34978499510558 10
    endloop
  endfacet
  facet normal 0 0 1
    outer loop
      vertex -28.70515137742973 34.34978499510558 10
      vertex -6.853118260244429 29.611116103522647 10
      vertex -12.0625 34.6875 10
    endloop
  endfacet
  facet normal 0 0 1
    outer loop
      vertex -31.50405405405406 33.44594594594595 10
      vertex 0 28.125 10
      vertex -6.853118260244429 29.611116103522647 10
    endloop
  endfacet
  facet normal 0 0 1
    outer loop
      vertex -6.853118260244429 29.611116103522647 10
      vertex 0 28.125 10
      vertex -6.5625 34.6875 10
    endloop
  endfacet
  facet normal 0 0 1
    outer loop
      vertex -6.5625 34.6875 10
      vertex 0 28.125 10
      vertex -1.53125 34.6875 10
    endloop
  endfacet
  facet normal 0 1 0
    outer loop
      vertex -30.262500000000003 56.25 0
      vertex -30.262500000000003 56.25 8
      vertex -28.262500000000003 56.25 10
    endloop
  endfacet
  facet normal 0 1 0
    outer loop
      vertex -33.2227780883175 56.25 4.510899944102851
      vertex -30.262500000000003 56.25 8.217922606924644
      vertex -30.262500000000003 56.25 8
    endloop
  endfacet
  facet normal 0 1 0
    outer loop
      vertex -28.262500000000003 56.25 10
      vertex 0 56.25 10
      vertex 0 56.25 0
    endloop
  endfacet
  facet normal 0 0 1
    outer loop
      vertex -29.795833333333334 49.6875 10
      vertex -28.262500000000003 55.80007395226329 10
      vertex -30.262500000000003 56.25 10
    endloop
  endfacet
  facet normal 0 0 1
    outer loop
      vertex -29.795833333333334 49.6875 10
      vertex -28.262500000000003 49.6875 10
      vertex -5.249535151407827 50.623007791747824 10
    endloop
  endfacet
  facet normal 0 0 1
    outer loop
      vertex -29.795833333333334 49.6875 10
      vertex -5.249535151407827 50.623007791747824 10
      vertex -28.262500000000003 55.80007395226329 10
    endloop
  endfacet
  facet normal 0 0 1
    outer loop
      vertex -28.262500000000003 55.80007395226329 10
      vertex -5.249535151407827 50.623007791747824 10
      vertex -28.262500000000003 56.25 10
    endloop
  endfacet
  facet normal 0 0 1
    outer loop
      vertex -28.262500000000003 49.6875 10
      vertex -12.0625 49.6875 10
      vertex -5.249535151407827 50.623007791747824 10
    endloop
  endfacet
  facet normal 0 0 1
    outer loop
      vertex -12.0625 49.6875 10
      vertex -6.5625 49.6875 10
      vertex -5.249535151407827 50.623007791747824 10
    endloop
  endfacet
  facet normal 0 0 1
    outer loop
      vertex -28.262500000000003 56.25 10
      vertex -5.249535151407827 50.623007791747824 10
      vertex 0 56.25 10
    endloop
  endfacet
  facet normal 0 0 1
    outer loop
      vertex -5.249535151407827 50.623007791747824 10
      vertex 0 49.6875 10
      vertex 0 56.25 10
    endloop
  endfacet
  facet normal 0 0 -1
    outer loop
      vertex -30.262500000000003 -28.125 0
      vertex -30.262500000000003 -5.029653284671532 0
      vertex -28.262500000000003 -21.5625 0
    endloop
  endfacet
  facet normal 0 0 -1
    outer loop
      vertex -28.262500000000003 -21.5625 0
      vertex -30.262500000000003 -5.029653284671532 0
      vertex -28.262500000000003 -6.5625 0
    endloop
  endfacet
  facet normal 0 0 -1
    outer loop
      vertex -30.262500000000003 -28.125 0
      vertex -28.262500000000003 -21.5625 0
      vertex -8.5625 -21.5625 0
    endloop
  endfacet
  facet normal 0 0 -1
    outer loop
      vertex -30.262500000000003 -28.125 0
      vertex -8.5625 -21.5625 0
      vertex -6.5625 -23.095346715328468 0
    endloop
  endfacet
  facet normal 0 0 -1
    outer loop
      vertex -30.262500000000003 -28.125 0
      vertex -6.5625 -23.095346715328468 0
      vertex 0 -28.125 0
    endloop
  endfacet
  facet normal 0 0 -1
    outer loop
      vertex -31.258049535603718 -4.266640866873061 0
      vertex 0 0 0
      vertex -30.262500000000003 -5.029653284671532 0
    endloop
  endfacet
  facet normal 0 0 -1
    outer loop
      vertex -31.258049535603718 -4.266640866873061 0
      vertex -30.262500000000003 0 0
      vertex 0 0 0
    endloop
  endfacet
  facet normal 0 0 -1
    outer loop
      vertex -28.262500000000003 -6.5625 0
      vertex -30.262500000000003 -5.029653284671532 0
      vertex 0 0 0
    endloop
  endfacet
  facet normal 0 0 -1
    outer loop
      vertex -28.262500000000003 -6.5625 0
      vertex 0 0 0
      vertex -8.5625 -6.5625 0
    endloop
  endfacet
  facet normal 0 0 -1
    outer loop
      vertex -6.5625 -23.095346715328468 0
      vertex -8.5625 -21.5625 0
      vertex -6.5625 -11.59899635036497 0
    endloop
  endfacet
  facet normal 0 0 -1
    outer loop
      vertex -8.5625 -21.5625 0
      vertex -8.5625 -6.5625 0
      vertex -6.5625 -11.59899635036497 0
    endloop
  endfacet
  facet normal 0 0 -1
    outer loop
      vertex -6.5625 -11.59899635036497 0
      vertex 0 0 0
      vertex 0 -28.125 0
    endloop
  endfacet
  facet normal 0 0 -1
    outer loop
      vertex -6.5625 -11.59899635036497 0
      vertex -8.5625 -6.5625 0
      vertex 0 0 0
    endloop
  endfacet
  facet normal 0 0 1
    outer loop
      vertex -31.50405405405406 -22.804054054054056 10
      vertex -30.262500000000003 -28.125 10
      vertex -28.262500000000003 -28.125 10
    endloop
  endfacet
  facet normal 0 0 1
    outer loop
      vertex -31.50405405405406 -22.804054054054056 10
      vertex -28.70515137742973 -21.90021500489442 10
      vertex -30.262500000000003 -21.5625 10
    endloop
  endfacet
  facet normal 0 0 1
    outer loop
      vertex -28.70515137742973 -21.90021500489442 10
      vertex -12.0625 -21.5625 10
      vertex -28.262500000000003 -21.5625 10
    endloop
  endfacet
  facet normal 0 0 1
    outer loop
      vertex -29.795833333333334 -6.5625 10
      vertex -28.262500000000003 -0.4499260477367102 10
      vertex -30.262500000000003 0 10
    endloop
  endfacet
  facet normal 0 0 1
    outer loop
      vertex -31.50405405405406 -22.804054054054056 10
      vertex -28.262500000000003 -28.125 10
      vertex 0 -28.125 10
    endloop
  endfacet
  facet normal 0 0 1
    outer loop
      vertex -31.50405405405406 -22.804054054054056 10
      vertex -6.853118260244429 -26.638883896477353 10
      vertex -28.70515137742973 -21.90021500489442 10
    endloop
  endfacet
  facet normal 0 0 1
    outer loop
      vertex -28.70515137742973 -21.90021500489442 10
      vertex -6.853118260244429 -26.638883896477353 10
      vertex -12.0625 -21.5625 10
    endloop
  endfacet
  facet normal 0 0 1
    outer loop
      vertex -31.50405405405406 -22.804054054054056 10
      vertex 0 -28.125 10
      vertex -6.853118260244429 -26.638883896477353 10
    endloop
  endfacet
  facet normal 0 0 1
    outer loop
      vertex -6.853118260244429 -26.638883896477353 10
      vertex 0 -28.125 10
      vertex -6.5625 -21.5625 10
    endloop
  endfacet
  facet normal 0 0 1
    outer loop
      vertex -6.5625 -21.5625 10
      vertex 0 -28.125 10
      vertex -1.53125 -21.5625 10
    endloop
  endfacet
  facet normal 0 0 1
    outer loop
      vertex -29.795833333333334 -6.5625 10
      vertex -28.262500000000003 -6.5625 10
      vertex -5.249535151407827 -5.626992208252169 10
    endloop
  endfacet
  facet normal 0 0 1
    outer loop
      vertex -29.795833333333334 -6.5625 10
      vertex -5.249535151407827 -5.626992208252169 10
      vertex -28.262500000000003 -0.4499260477367102 10
    endloop
  endfacet
  facet normal 0 0 1
    outer loop
      vertex -28.262500000000003 -0.4499260477367102 10
      vertex -5.249535151407827 -5.626992208252169 10
      vertex -28.262500000000003 0 10
    endloop
  endfacet
  facet normal 0 0 1
    outer loop
      vertex -28.262500000000003 -6.5625 10
      vertex -12.0625 -6.5625 10
      vertex -5.249535151407827 -5.626992208252169 10
    endloop
  endfacet
  facet normal 0 0 1
    outer loop
      vertex -12.0625 -6.5625 10
      vertex -6.5625 -6.5625 10
      vertex -5.249535151407827 -5.626992208252169 10
    endloop
  endfacet
  facet normal 0 0 1
    outer loop
      vertex -5.249535151407827 -5.626992208252169 10
      vertex 0 0 10
      vertex -28.262500000000003 0 10
    endloop
  endfacet
  facet normal 0 0 1
    outer loop
      vertex -5.249535151407827 -5.626992208252169 10
      vertex 0 -6.5625 10
      vertex 0 0 10
    endloop
  endfacet
  facet normal 0 0 -1
    outer loop
      vertex 6.5625 0 0
      vertex 6.5625 23.095346715328475 0
      vertex 8.5625 6.5625 0
    endloop
  endfacet
  facet normal 0 0 -1
    outer loop
      vertex 8.5625 6.5625 0
      vertex 6.5625 23.095346715328475 0
      vertex 8.5625 21.5625 0
    endloop
  endfacet
  facet normal 0 0 -1
    outer loop
      vertex 6.5625 0 0
      vertex 8.5625 6.5625 0
      vertex 28.262500000000003 6.5625 0
    endloop
  endfacet
  facet normal 0 0 -1
    outer loop
      vertex 6.5625 0 0
      vertex 28.262500000000003 6.5625 0
      vertex 30.262500000000003 5.029653284671532 0
    endloop
  endfacet
  facet normal 0 0 -1
    outer loop
      vertex 5.566950464396285 23.85835913312694 0
      vertex 36.825 28.125 0
      vertex 6.5625 23.095346715328475 0
    endloop
  endfacet
  facet normal 0 0 -1
    outer loop
      vertex 5.566950464396285 23.85835913312694 0
      vertex 6.5625 28.125 0
      vertex 36.825 28.125 0
    endloop
  endfacet
  facet normal 0 0 -1
    outer loop
      vertex 8.5625 21.5625 0
      vertex 6.5625 23.095346715328475 0
      vertex 36.825 28.125 0
    endloop
  endfacet
  facet normal 0 0 -1
    outer loop
      vertex 6.5625 0 0
      vertex 30.262500000000003 5.029653284671532 0
      vertex 36.825 0 0
    endloop
  endfacet
  facet normal 0 0 -1
    outer loop
      vertex 30.262500000000003 5.029653284671532 0
      vertex 28.262500000000003 6.5625 0
      vertex 30.262500000000003 16.52600364963503 0
    endloop
  endfacet
  facet normal 0 0 -1
    outer loop
      vertex 28.262500000000003 6.5625 0
      vertex 28.262500000000003 21.5625 0
      vertex 30.262500000000003 16.52600364963503 0
    endloop
  endfacet
  facet normal 0 0 -1
    outer loop
      vertex 30.262500000000003 16.52600364963503 0
      vertex 28.262500000000003 21.5625 0
      vertex 36.825 28.125 0
    endloop
  endfacet
  facet normal 0 0 -1
    outer loop
      vertex 30.262500000000003 16.52600364963503 0
      vertex 36.825 28.125 0
      vertex 36.825 0 0
    endloop
  endfacet
  facet normal 0 0 -1
    outer loop
      vertex 8.5625 21.5625 0
      vertex 36.825 28.125 0
      vertex 28.262500000000003 21.5625 0
    endloop
  endfacet
  facet normal 0 0 1
    outer loop
      vertex 5.320945945945951 5.320945945945944 10
      vertex 6.5625 0 10
      vertex 8.5625 0 10
    endloop
  endfacet
  facet normal 0 0 1
    outer loop
      vertex 5.320945945945951 5.320945945945944 10
      vertex 8.119848622570274 6.22478499510558 10
      vertex 6.5625 6.5625 10
    endloop
  endfacet
  facet normal 0 0 1
    outer loop
      vertex 5.320945945945951 5.320945945945944 10
      vertex 29.971881739755574 1.4861161035226473 10
      vertex 8.119848622570274 6.22478499510558 10
    endloop
  endfacet
  facet normal 0 0 1
    outer loop
      vertex 8.119848622570274 6.22478499510558 10
      vertex 24.762500000000003 6.5625 10
      vertex 8.5625 6.5625 10
    endloop
  endfacet
  facet normal 0 0 1
    outer loop
      vertex 5.320945945945951 5.320945945945944 10
      vertex 8.5625 0 10
      vertex 36.825 0 10
    endloop
  endfacet
  facet normal 0 0 1
    outer loop
      vertex 8.119848622570274 6.22478499510558 10
      vertex 29.971881739755574 1.4861161035226473 10
      vertex 24.762500000000003 6.5625 10
    endloop
  endfacet
  facet normal 0 0 1
    outer loop
      vertex 7.029166666666669 21.5625 10
      vertex 8.5625 21.5625 10
      vertex 31.575464848592176 22.498007791747824 10
    endloop
  endfacet
  facet normal 0 0 1
    outer loop
      vertex 8.5625 21.5625 10
      vertex 24.762500000000003 21.5625 10
      vertex 31.575464848592176 22.498007791747824 10
    endloop
  endfacet
  facet normal 0 0 1
    outer loop
      vertex 7.029166666666669 21.5625 10
      vertex 8.5625 27.67507395226329 10
      vertex 6.5625 28.125 10
    endloop
  endfacet
  facet normal 0 0 1
    outer loop
      vertex 7.029166666666669 21.5625 10
      vertex 31.575464848592176 22.498007791747824 10
      vertex 8.5625 27.67507395226329 10
    endloop
  endfacet
  facet normal 0 0 1
    outer loop
      vertex 8.5625 27.67507395226329 10
      vertex 31.575464848592176 22.498007791747824 10
      vertex 8.5625 28.125 10
    endloop
  endfacet
  facet normal 0 0 1
    outer loop
      vertex 5.320945945945951 5.320945945945944 10
      vertex 36.825 0 10
      vertex 29.971881739755574 1.4861161035226473 10
    endloop
  endfacet
  facet normal 0 0 1
    outer loop
      vertex 29.971881739755574 1.4861161035226473 10
      vertex 36.825 0 10
      vertex 30.262500000000003 6.5625 10
    endloop
  endfacet
  facet normal 0 0 1
    outer loop
      vertex 24.762500000000003 21.5625 10
      vertex 30.262500000000003 21.5625 10
      vertex 31.575464848592176 22.498007791747824 10
    endloop
  endfacet
  facet normal 0 0 1
    outer loop
      vertex 30.262500000000003 6.5625 10
      vertex 36.825 0 10
      vertex 35.29375 6.5625 10
    endloop
  endfacet
  facet normal 0 0 1
    outer loop
      vertex 8.5625 28.125 10
      vertex 31.575464848592176 22.498007791747824 10
      vertex 36.825 28.125 10
    endloop
  endfacet
  facet normal 0 0 1
    outer loop
      vertex 31.575464848592176 22.498007791747824 10
      vertex 36.825 21.5625 10
      vertex 36.825 28.125 10
    endloop
  endfacet
  facet normal 0 0 -1
    outer loop
      vertex 6.5625 -56.25 0
      vertex 6.5625 -33.15465328467153 0
      vertex 8.5625 -49.6875 0
    endloop
  endfacet
  facet normal 0 0 -1
    outer loop
      vertex 6.5625 -56.25 0
      vertex 8.5625 -49.6875 0
      vertex 28.262500000000003 -49.6875 0
    endloop
  endfacet
  facet normal 0 0 -1
    outer loop
      vertex 6.5625 -56.25 0
      vertex 28.262500000000003 -49.6875 0
      vertex 30.262500000000003 -51.22034671532847 0
    endloop
  endfacet
  facet normal 0 0 -1
    outer loop
      vertex 6.5625 -56.25 0
      vertex 30.262500000000003 -51.22034671532847 0
      vertex 36.825 -56.25 0
    endloop
  endfacet
  facet normal 0 0 -1
    outer loop
      vertex 30.262500000000003 -51.22034671532847 0
      vertex 28.262500000000003 -49.6875 0
      vertex 30.262500000000003 -39.72399635036497 0
    endloop
  endfacet
  facet normal 0 0 -1
    outer loop
      vertex 8.5625 -49.6875 0
      vertex 6.5625 -33.15465328467153 0
      vertex 8.5625 -34.6875 0
    endloop
  endfacet
  facet normal 0 0 -1
    outer loop
      vertex 5.566950464396285 -32.39164086687306 0
      vertex 36.825 -28.125 0
      vertex 6.5625 -33.15465328467153 0
    endloop
  endfacet
  facet normal 0 0 -1
    outer loop
      vertex 5.566950464396285 -32.39164086687306 0
      vertex 6.5625 -28.125 0
      vertex 36.825 -28.125 0
    endloop
  endfacet
  facet normal 0 0 -1
    outer loop
      vertex 8.5625 -34.6875 0
      vertex 6.5625 -33.15465328467153 0
      vertex 36.825 -28.125 0
    endloop
  endfacet
  facet normal 0 0 -1
    outer loop
      vertex 28.262500000000003 -49.6875 0
      vertex 28.262500000000003 -34.6875 0
      vertex 30.262500000000003 -39.72399635036497 0
    endloop
  endfacet
  facet normal 0 0 -1
    outer loop
      vertex 30.262500000000003 -39.72399635036497 0
      vertex 28.262500000000003 -34.6875 0
      vertex 36.825 -28.125 0
    endloop
  endfacet
  facet normal 0 0 -1
    outer loop
      vertex 8.5625 -34.6875 0
      vertex 36.825 -28.125 0
      vertex 28.262500000000003 -34.6875 0
    endloop
  endfacet
  facet normal 0 0 -1
    outer loop
      vertex 36.825 -56.25 0
      vertex 30.262500000000003 -39.72399635036497 0
      vertex 36.825 -28.125 0
    endloop
  endfacet
  facet normal 0 0 1
    outer loop
      vertex 5.320945945945951 -50.929054054054056 10
      vertex 8.119848622570274 -50.02521500489442 10
      vertex 6.5625 -49.6875 10
    endloop
  endfacet
  facet normal 0 0 1
    outer loop
      vertex 5.320945945945951 -50.929054054054056 10
      vertex 6.5625 -56.25 10
      vertex 36.825 -56.25 10
    endloop
  endfacet
  facet normal 0 0 1
    outer loop
      vertex 5.320945945945951 -50.929054054054056 10
      vertex 29.971881739755574 -54.76388389647735 10
      vertex 8.119848622570274 -50.02521500489442 10
    endloop
  endfacet
  facet normal 0 0 1
    outer loop
      vertex 8.119848622570274 -50.02521500489442 10
      vertex 24.762500000000003 -49.6875 10
      vertex 8.5625 -49.6875 10
    endloop
  endfacet
  facet normal 0 0 1
    outer loop
      vertex 8.119848622570274 -50.02521500489442 10
      vertex 29.971881739755574 -54.76388389647735 10
      vertex 24.762500000000003 -49.6875 10
    endloop
  endfacet
  facet normal 0 0 1
    outer loop
      vertex 5.320945945945951 -50.929054054054056 10
      vertex 36.825 -56.25 10
      vertex 29.971881739755574 -54.76388389647735 10
    endloop
  endfacet
  facet normal 0 0 1
    outer loop
      vertex 29.971881739755574 -54.76388389647735 10
      vertex 36.825 -56.25 10
      vertex 30.262500000000003 -49.6875 10
    endloop
  endfacet
  facet normal 0 0 1
    outer loop
      vertex 30.262500000000003 -49.6875 10
      vertex 36.825 -56.25 10
      vertex 35.29375 -49.6875 10
    endloop
  endfacet
  facet normal 0 0 1
    outer loop
      vertex 7.029166666666669 -34.6875 10
      vertex 8.5625 -28.57492604773671 10
      vertex 6.5625 -28.125 10
    endloop
  endfacet
  facet normal 0 0 1
    outer loop
      vertex 7.029166666666669 -34.6875 10
      vertex 8.5625 -34.6875 10
      vertex 31.575464848592176 -33.75199220825217 10
    endloop
  endfacet
  facet normal 0 0 1
    outer loop
      vertex 8.5625 -34.6875 10
      vertex 24.762500000000003 -34.6875 10
      vertex 31.575464848592176 -33.75199220825217 10
    endloop
  endfacet
  facet normal 0 0 1
    outer loop
      vertex 7.029166666666669 -34.6875 10
      vertex 31.575464848592176 -33.75199220825217 10
      vertex 8.5625 -28.57492604773671 10
    endloop
  endfacet
  facet normal 0 0 1
    outer loop
      vertex 8.5625 -28.57492604773671 10
      vertex 31.575464848592176 -33.75199220825217 10
      vertex 8.5625 -28.125 10
    endloop
  endfacet
  facet normal 0 0 1
    outer loop
      vertex 24.762500000000003 -34.6875 10
      vertex 30.262500000000003 -34.6875 10
      vertex 31.575464848592176 -33.75199220825217 10
    endloop
  endfacet
  facet normal 0 0 1
    outer loop
      vertex 8.5625 -28.125 10
      vertex 31.575464848592176 -33.75199220825217 10
      vertex 36.825 -28.125 10
    endloop
  endfacet
  facet normal 0 0 1
    outer loop
      vertex 31.575464848592176 -33.75199220825217 10
      vertex 36.825 -34.6875 10
      vertex 36.825 -28.125 10
    endloop
  endfacet
  facet normal 0 0 -1
    outer loop
      vertex -67.0875 0 0
      vertex -67.0875 23.095346715328475 0
      vertex -65.0875 6.5625 0
    endloop
  endfacet
  facet normal 0 0 -1
    outer loop
      vertex -67.0875 0 0
      vertex -65.0875 6.5625 0
      vertex -45.3875 6.5625 0
    endloop
  endfacet
  facet normal 0 0 -1
    outer loop
      vertex -65.0875 6.5625 0
      vertex -67.0875 23.095346715328475 0
      vertex -65.0875 21.5625 0
    endloop
  endfacet
  facet normal 0 0 -1
    outer loop
      vertex -67.0875 0 0
      vertex -45.3875 6.5625 0
      vertex -43.3875 5.029653284671532 0
    endloop
  endfacet
  facet normal 0 0 -1
    outer loop
      vertex -67.0875 0 0
      vertex -43.3875 5.029653284671532 0
      vertex -36.825 0 0
    endloop
  endfacet
  facet normal 0 0 -1
    outer loop
      vertex -68.08304953560372 23.85835913312694 0
      vertex -36.825 28.125 0
      vertex -67.0875 23.095346715328475 0
    endloop
  endfacet
  facet normal 0 0 -1
    outer loop
      vertex -65.0875 21.5625 0
      vertex -67.0875 23.095346715328475 0
      vertex -36.825 28.125 0
    endloop
  endfacet
  facet normal 0 0 -1
    outer loop
      vertex -68.08304953560372 23.85835913312694 0
      vertex -67.0875 28.125 0
      vertex -36.825 28.125 0
    endloop
  endfacet
  facet normal 0 0 -1
    outer loop
      vertex -65.0875 21.5625 0
      vertex -36.825 28.125 0
      vertex -45.3875 21.5625 0
    endloop
  endfacet
  facet normal 0 0 -1
    outer loop
      vertex -45.3875 6.5625 0
      vertex -43.3875 16.52600364963503 0
      vertex -43.3875 5.029653284671532 0
    endloop
  endfacet
  facet normal 0 0 -1
    outer loop
      vertex -45.3875 6.5625 0
      vertex -45.3875 21.5625 0
      vertex -43.3875 16.52600364963503 0
    endloop
  endfacet
  facet normal 0 0 -1
    outer loop
      vertex -45.3875 21.5625 0
      vertex -36.825 28.125 0
      vertex -43.3875 16.52600364963503 0
    endloop
  endfacet
  facet normal 0 0 -1
    outer loop
      vertex -36.825 0 0
      vertex -43.3875 16.52600364963503 0
      vertex -36.825 28.125 0
    endloop
  endfacet
  facet normal 0 0 1
    outer loop
      vertex -68.32905405405405 5.320945945945944 10
      vertex -67.0875 0 10
      vertex -65.0875 0 10
    endloop
  endfacet
  facet normal 0 0 1
    outer loop
      vertex -68.32905405405405 5.320945945945944 10
      vertex -65.53015137742973 6.22478499510558 10
      vertex -67.0875 6.5625 10
    endloop
  endfacet
  facet normal 0 0 1
    outer loop
      vertex -68.32905405405405 5.320945945945944 10
      vertex -43.67811826024443 1.4861161035226473 10
      vertex -65.53015137742973 6.22478499510558 10
    endloop
  endfacet
  facet normal 0 0 1
    outer loop
      vertex -68.32905405405405 5.320945945945944 10
      vertex -65.0875 0 10
      vertex -36.825 0 10
    endloop
  endfacet
  facet normal 0 0 1
    outer loop
      vertex -65.53015137742973 6.22478499510558 10
      vertex -48.8875 6.5625 10
      vertex -65.0875 6.5625 10
    endloop
  endfacet
  facet normal 0 0 1
    outer loop
      vertex -66.62083333333334 21.5625 10
      vertex -65.0875 21.5625 10
      vertex -42.07453515140783 22.498007791747824 10
    endloop
  endfacet
  facet normal 0 0 1
    outer loop
      vertex -65.53015137742973 6.22478499510558 10
      vertex -43.67811826024443 1.4861161035226473 10
      vertex -48.8875 6.5625 10
    endloop
  endfacet
  facet normal 0 0 1
    outer loop
      vertex -68.32905405405405 5.320945945945944 10
      vertex -36.825 0 10
      vertex -43.67811826024443 1.4861161035226473 10
    endloop
  endfacet
  facet normal 0 0 1
    outer loop
      vertex -65.0875 21.5625 10
      vertex -48.8875 21.5625 10
      vertex -42.07453515140783 22.498007791747824 10
    endloop
  endfacet
  facet normal 0 0 1
    outer loop
      vertex -66.62083333333334 21.5625 10
      vertex -65.0875 27.67507395226329 10
      vertex -67.0875 28.125 10
    endloop
  endfacet
  facet normal 0 0 1
    outer loop
      vertex -66.62083333333334 21.5625 10
      vertex -42.07453515140783 22.498007791747824 10
      vertex -65.0875 27.67507395226329 10
    endloop
  endfacet
  facet normal 0 0 1
    outer loop
      vertex -65.0875 27.67507395226329 10
      vertex -42.07453515140783 22.498007791747824 10
      vertex -65.0875 28.125 10
    endloop
  endfacet
  facet normal 0 0 1
    outer loop
      vertex -65.0875 28.125 10
      vertex -42.07453515140783 22.498007791747824 10
      vertex -36.825 28.125 10
    endloop
  endfacet
  facet normal 0 0 1
    outer loop
      vertex -43.67811826024443 1.4861161035226473 10
      vertex -36.825 0 10
      vertex -43.3875 6.5625 10
    endloop
  endfacet
  facet normal 0 0 1
    outer loop
      vertex -43.3875 6.5625 10
      vertex -36.825 0 10
      vertex -38.35625 6.5625 10
    endloop
  endfacet
  facet normal 0 0 1
    outer loop
      vertex -48.8875 21.5625 10
      vertex -43.3875 21.5625 10
      vertex -42.07453515140783 22.498007791747824 10
    endloop
  endfacet
  facet normal 0 0 1
    outer loop
      vertex -42.07453515140783 22.498007791747824 10
      vertex -36.825 21.5625 10
      vertex -36.825 28.125 10
    endloop
  endfacet
  facet normal 0 0 -1
    outer loop
      vertex -67.0875 -28.125 0
      vertex -65.0875 -21.5625 0
      vertex -45.3875 -21.5625 0
    endloop
  endfacet
  facet normal 0 0 -1
    outer loop
      vertex -67.0875 -28.125 0
      vertex -45.3875 -21.5625 0
      vertex -43.3875 -23.095346715328468 0
    endloop
  endfacet
  facet normal 0 0 -1
    outer loop
      vertex -67.0875 -28.125 0
      vertex -43.3875 -23.095346715328468 0
      vertex -36.825 -28.125 0
    endloop
  endfacet
  facet normal 0 0 -1
    outer loop
      vertex -67.0875 -28.125 0
      vertex -67.0875 -5.029653284671532 0
      vertex -65.0875 -21.5625 0
    endloop
  endfacet
  facet normal 0 0 -1
    outer loop
      vertex -65.0875 -21.5625 0
      vertex -67.0875 -5.029653284671532 0
      vertex -65.0875 -6.5625 0
    endloop
  endfacet
  facet normal 0 0 -1
    outer loop
      vertex -68.08304953560372 -4.266640866873061 0
      vertex -36.825 0 0
      vertex -67.0875 -5.029653284671532 0
    endloop
  endfacet
  facet normal 0 0 -1
    outer loop
      vertex -65.0875 -6.5625 0
      vertex -67.0875 -5.029653284671532 0
      vertex -36.825 0 0
    endloop
  endfacet
  facet normal 0 0 -1
    outer loop
      vertex -68.08304953560372 -4.266640866873061 0
      vertex -67.0875 0 0
      vertex -36.825 0 0
    endloop
  endfacet
  facet normal 0 0 -1
    outer loop
      vertex -65.0875 -6.5625 0
      vertex -36.825 0 0
      vertex -45.3875 -6.5625 0
    endloop
  endfacet
  facet normal 0 0 -1
    outer loop
      vertex -45.3875 -21.5625 0
      vertex -43.3875 -11.59899635036497 0
      vertex -43.3875 -23.095346715328468 0
    endloop
  endfacet
  facet normal 0 0 -1
    outer loop
      vertex -45.3875 -21.5625 0
      vertex -45.3875 -6.5625 0
      vertex -43.3875 -11.59899635036497 0
    endloop
  endfacet
  facet normal 0 0 -1
    outer loop
      vertex -36.825 -28.125 0
      vertex -43.3875 -11.59899635036497 0
      vertex -36.825 0 0
    endloop
  endfacet
  facet normal 0 0 -1
    outer loop
      vertex -45.3875 -6.5625 0
      vertex -36.825 0 0
      vertex -43.3875 -11.59899635036497 0
    endloop
  endfacet
  facet normal 0 0 1
    outer loop
      vertex -68.32905405405405 -22.804054054054056 10
      vertex -67.0875 -28.125 10
      vertex -65.0875 -28.125 10
    endloop
  endfacet
  facet normal 0 0 1
    outer loop
      vertex -68.32905405405405 -22.804054054054056 10
      vertex -43.67811826024443 -26.638883896477353 10
      vertex -65.53015137742973 -21.90021500489442 10
    endloop
  endfacet
  facet normal 0 0 1
    outer loop
      vertex -68.32905405405405 -22.804054054054056 10
      vertex -65.0875 -28.125 10
      vertex -36.825 -28.125 10
    endloop
  endfacet
  facet normal 0 0 1
    outer loop
      vertex -65.53015137742973 -21.90021500489442 10
      vertex -43.67811826024443 -26.638883896477353 10
      vertex -48.8875 -21.5625 10
    endloop
  endfacet
  facet normal 0 0 1
    outer loop
      vertex -68.32905405405405 -22.804054054054056 10
      vertex -36.825 -28.125 10
      vertex -43.67811826024443 -26.638883896477353 10
    endloop
  endfacet
  facet normal 0 0 1
    outer loop
      vertex -68.32905405405405 -22.804054054054056 10
      vertex -65.53015137742973 -21.90021500489442 10
      vertex -67.0875 -21.5625 10
    endloop
  endfacet
  facet normal 0 0 1
    outer loop
      vertex -65.53015137742973 -21.90021500489442 10
      vertex -48.8875 -21.5625 10
      vertex -65.0875 -21.5625 10
    endloop
  endfacet
  facet normal 0 0 1
    outer loop
      vertex -66.62083333333334 -6.5625 10
      vertex -65.0875 -0.4499260477367102 10
      vertex -67.0875 0 10
    endloop
  endfacet
  facet normal 0 0 1
    outer loop
      vertex -66.62083333333334 -6.5625 10
      vertex -65.0875 -6.5625 10
      vertex -42.07453515140783 -5.626992208252169 10
    endloop
  endfacet
  facet normal 0 0 1
    outer loop
      vertex -66.62083333333334 -6.5625 10
      vertex -42.07453515140783 -5.626992208252169 10
      vertex -65.0875 -0.4499260477367102 10
    endloop
  endfacet
  facet normal 0 0 1
    outer loop
      vertex -65.0875 -0.4499260477367102 10
      vertex -42.07453515140783 -5.626992208252169 10
      vertex -65.0875 0 10
    endloop
  endfacet
  facet normal 0 0 1
    outer loop
      vertex -65.0875 -6.5625 10
      vertex -48.8875 -6.5625 10
      vertex -42.07453515140783 -5.626992208252169 10
    endloop
  endfacet
  facet normal 0 0 1
    outer loop
      vertex -42.07453515140783 -5.626992208252169 10
      vertex -36.825 0 10
      vertex -65.0875 0 10
    endloop
  endfacet
  facet normal 0 0 1
    outer loop
      vertex -43.67811826024443 -26.638883896477353 10
      vertex -36.825 -28.125 10
      vertex -43.3875 -21.5625 10
    endloop
  endfacet
  facet normal 0 0 1
    outer loop
      vertex -36.825 -28.125 10
      vertex -38.35625 -21.5625 10
      vertex -43.3875 -21.5625 10
    endloop
  endfacet
  facet normal 0 0 1
    outer loop
      vertex -48.8875 -6.5625 10
      vertex -43.3875 -6.5625 10
      vertex -42.07453515140783 -5.626992208252169 10
    endloop
  endfacet
  facet normal 0 0 1
    outer loop
      vertex -42.07453515140783 -5.626992208252169 10
      vertex -36.825 -6.5625 10
      vertex -36.825 0 10
    endloop
  endfacet
  facet normal 0 0 1
    outer loop
      vertex 6.5625 34.6875 1.6
      vertex 8.5625 34.6875 1.6
      vertex 8.5625 49.6875 1.6
    endloop
  endfacet
  facet normal 0 0 1
    outer loop
      vertex 6.5625 34.6875 1.6
      vertex 8.5625 49.6875 1.6
      vertex 6.5625 49.6875 1.6
    endloop
  endfacet
  facet normal 0 0 1
    outer loop
      vertex 28.262500000000003 34.6875 1.6
      vertex 30.262500000000003 34.6875 1.6
      vertex 30.262500000000003 49.6875 1.6
    endloop
  endfacet
  facet normal 0 0 1
    outer loop
      vertex 28.262500000000003 34.6875 1.6
      vertex 30.262500000000003 49.6875 1.6
      vertex 28.262500000000003 49.6875 1.6
    endloop
  endfacet
  facet normal 0 1 0
    outer loop
      vertex 6.5625 34.6875 1.6
      vertex 6.5625 34.6875 8
      vertex 8.5625 34.6875 1.6
    endloop
  endfacet
  facet normal 0 1 0
    outer loop
      vertex 8.5625 34.6875 1.6
      vertex 8.5625 34.6875 10
      vertex 28.262500000000003 34.6875 1.6
    endloop
  endfacet
  facet normal 0 1 0
    outer loop
      vertex 28.262500000000003 34.6875 1.6
      vertex 8.5625 34.6875 10
      vertex 30.262500000000003 34.6875 1.6
    endloop
  endfacet
  facet normal 0 -1 0
    outer loop
      vertex 8.5625 49.6875 1.6
      vertex 28.262500000000003 49.6875 1.6
      vertex 26.762500000000003 49.6875 8
    endloop
  endfacet
  facet normal 0 -1 0
    outer loop
      vertex 6.5625 49.6875 1.6
      vertex 8.5625 49.6875 1.6
      vertex 24.762500000000003 49.6875 10
    endloop
  endfacet
  facet normal 0 -1 0
    outer loop
      vertex 28.262500000000003 49.6875 1.6
      vertex 30.262500000000003 49.6875 1.6
      vertex 26.762500000000003 49.6875 8
    endloop
  endfacet
  facet normal 0 1 0
    outer loop
      vertex 8.5625 34.6875 1.6
      vertex 6.5625 34.6875 8
      vertex 8.5625 34.6875 10
    endloop
  endfacet
  facet normal 0 1 0
    outer loop
      vertex 30.262500000000003 34.6875 1.6
      vertex 8.5625 34.6875 10
      vertex 26.762500000000003 34.6875 8
    endloop
  endfacet
  facet normal 0 1 0
    outer loop
      vertex 30.262500000000003 34.6875 1.6
      vertex 26.762500000000003 34.6875 8
      vertex 30.262500000000003 34.6875 8
    endloop
  endfacet
  facet normal 0 1 0
    outer loop
      vertex 8.5625 34.6875 10
      vertex 24.762500000000003 34.6875 10
      vertex 26.762500000000003 34.6875 8
    endloop
  endfacet
  facet normal 0 -1 0
    outer loop
      vertex 6.5625 49.6875 1.6
      vertex 24.762500000000003 49.6875 10
      vertex 6.5625 49.6875 8
    endloop
  endfacet
  facet normal 0 -1 0
    outer loop
      vertex 8.5625 49.6875 1.6
      vertex 26.762500000000003 49.6875 8
      vertex 24.762500000000003 49.6875 10
    endloop
  endfacet
  facet normal 0 -1 0
    outer loop
      vertex 30.262500000000003 49.6875 1.6
      vertex 30.262500000000003 49.6875 8
      vertex 26.762500000000003 49.6875 8
    endloop
  endfacet
  facet normal 0 -1 0
    outer loop
      vertex 6.5625 49.6875 8
      vertex 24.762500000000003 49.6875 10
      vertex 8.5625 49.6875 10
    endloop
  endfacet
  facet normal 0 0 1
    outer loop
      vertex 6.5625 -21.5625 1.6
      vertex 8.5625 -21.5625 1.6
      vertex 8.5625 -6.5625 1.6
    endloop
  endfacet
  facet normal 0 0 1
    outer loop
      vertex 6.5625 -21.5625 1.6
      vertex 8.5625 -6.5625 1.6
      vertex 6.5625 -6.5625 1.6
    endloop
  endfacet
  facet normal 0 0 1
    outer loop
      vertex 28.262500000000003 -21.5625 1.6
      vertex 30.262500000000003 -21.5625 1.6
      vertex 30.262500000000003 -6.5625 1.6
    endloop
  endfacet
  facet normal 0 0 1
    outer loop
      vertex 28.262500000000003 -21.5625 1.6
      vertex 30.262500000000003 -6.5625 1.6
      vertex 28.262500000000003 -6.5625 1.6
    endloop
  endfacet
  facet normal 0 1 0
    outer loop
      vertex 6.5625 -21.5625 1.6
      vertex 6.5625 -21.5625 8
      vertex 8.5625 -21.5625 1.6
    endloop
  endfacet
  facet normal 0 -1 0
    outer loop
      vertex 8.5625 -6.5625 1.6
      vertex 28.262500000000003 -6.5625 1.6
      vertex 26.762500000000003 -6.5625 8
    endloop
  endfacet
  facet normal 0 1 0
    outer loop
      vertex 8.5625 -21.5625 1.6
      vertex 8.5625 -21.5625 10
      vertex 28.262500000000003 -21.5625 1.6
    endloop
  endfacet
  facet normal 0 1 0
    outer loop
      vertex 28.262500000000003 -21.5625 1.6
      vertex 8.5625 -21.5625 10
      vertex 30.262500000000003 -21.5625 1.6
    endloop
  endfacet
  facet normal 0 -1 0
    outer loop
      vertex 6.5625 -6.5625 1.6
      vertex 8.5625 -6.5625 1.6
      vertex 24.762500000000003 -6.5625 10
    endloop
  endfacet
  facet normal 0 -1 0
    outer loop
      vertex 28.262500000000003 -6.5625 1.6
      vertex 30.262500000000003 -6.5625 1.6
      vertex 26.762500000000003 -6.5625 8
    endloop
  endfacet
  facet normal 0 1 0
    outer loop
      vertex 8.5625 -21.5625 1.6
      vertex 6.5625 -21.5625 8
      vertex 8.5625 -21.5625 10
    endloop
  endfacet
  facet normal 0 1 0
    outer loop
      vertex 30.262500000000003 -21.5625 1.6
      vertex 8.5625 -21.5625 10
      vertex 26.762500000000003 -21.5625 8
    endloop
  endfacet
  facet normal 0 -1 0
    outer loop
      vertex 6.5625 -6.5625 1.6
      vertex 24.762500000000003 -6.5625 10
      vertex 6.5625 -6.5625 8
    endloop
  endfacet
  facet normal 0 -1 0
    outer loop
      vertex 8.5625 -6.5625 1.6
      vertex 26.762500000000003 -6.5625 8
      vertex 24.762500000000003 -6.5625 10
    endloop
  endfacet
  facet normal 0 1 0
    outer loop
      vertex 30.262500000000003 -21.5625 1.6
      vertex 26.762500000000003 -21.5625 8
      vertex 30.262500000000003 -21.5625 8
    endloop
  endfacet
  facet normal 0 -1 0
    outer loop
      vertex 30.262500000000003 -6.5625 1.6
      vertex 30.262500000000003 -6.5625 8
      vertex 26.762500000000003 -6.5625 8
    endloop
  endfacet
  facet normal 0 1 0
    outer loop
      vertex 8.5625 -21.5625 10
      vertex 24.762500000000003 -21.5625 10
      vertex 26.762500000000003 -21.5625 8
    endloop
  endfacet
  facet normal 0 -1 0
    outer loop
      vertex 6.5625 -6.5625 8
      vertex 24.762500000000003 -6.5625 10
      vertex 8.5625 -6.5625 10
    endloop
  endfacet
  facet normal 0 0 1
    outer loop
      vertex -67.0875 34.6875 1.6
      vertex -65.0875 34.6875 1.6
      vertex -65.0875 49.6875 1.6
    endloop
  endfacet
  facet normal 0 0 1
    outer loop
      vertex -67.0875 34.6875 1.6
      vertex -65.0875 49.6875 1.6
      vertex -67.0875 49.6875 1.6
    endloop
  endfacet
  facet normal 0 1 0
    outer loop
      vertex -67.0875 34.6875 1.6
      vertex -67.0875 34.6875 8
      vertex -65.0875 34.6875 1.6
    endloop
  endfacet
  facet normal 0 1 0
    outer loop
      vertex -65.0875 34.6875 1.6
      vertex -65.0875 34.6875 10
      vertex -45.3875 34.6875 1.6
    endloop
  endfacet
  facet normal 0 1 0
    outer loop
      vertex -45.3875 34.6875 1.6
      vertex -65.0875 34.6875 10
      vertex -43.3875 34.6875 1.6
    endloop
  endfacet
  facet normal 0 -1 0
    outer loop
      vertex -65.0875 49.6875 1.6
      vertex -45.3875 49.6875 1.6
      vertex -46.8875 49.6875 8
    endloop
  endfacet
  facet normal 0 -1 0
    outer loop
      vertex -45.3875 49.6875 1.6
      vertex -43.3875 49.6875 1.6
      vertex -46.8875 49.6875 8
    endloop
  endfacet
  facet normal 0 -1 0
    outer loop
      vertex -67.0875 49.6875 1.6
      vertex -65.0875 49.6875 1.6
      vertex -48.8875 49.6875 10
    endloop
  endfacet
  facet normal 0 0 1
    outer loop
      vertex -45.3875 34.6875 1.6
      vertex -43.3875 34.6875 1.6
      vertex -43.3875 49.6875 1.6
    endloop
  endfacet
  facet normal 0 0 1
    outer loop
      vertex -45.3875 34.6875 1.6
      vertex -43.3875 49.6875 1.6
      vertex -45.3875 49.6875 1.6
    endloop
  endfacet
  facet normal 0 1 0
    outer loop
      vertex -65.0875 34.6875 1.6
      vertex -67.0875 34.6875 8
      vertex -65.0875 34.6875 10
    endloop
  endfacet
  facet normal 0 1 0
    outer loop
      vertex -43.3875 34.6875 1.6
      vertex -65.0875 34.6875 10
      vertex -46.8875 34.6875 8
    endloop
  endfacet
  facet normal 0 1 0
    outer loop
      vertex -46.8875 34.6875 8
      vertex -65.0875 34.6875 10
      vertex -48.8875 34.6875 10
    endloop
  endfacet
  facet normal 0 -1 0
    outer loop
      vertex -67.0875 49.6875 1.6
      vertex -48.8875 49.6875 10
      vertex -67.0875 49.6875 8
    endloop
  endfacet
  facet normal 0 -1 0
    outer loop
      vertex -65.0875 49.6875 1.6
      vertex -46.8875 49.6875 8
      vertex -48.8875 49.6875 10
    endloop
  endfacet
  facet normal 0 -1 0
    outer loop
      vertex -67.0875 49.6875 8
      vertex -48.8875 49.6875 10
      vertex -65.0875 49.6875 10
    endloop
  endfacet
  facet normal 0 1 0
    outer loop
      vertex -43.3875 34.6875 1.6
      vertex -46.8875 34.6875 8
      vertex -43.3875 34.6875 8
    endloop
  endfacet
  facet normal 0 -1 0
    outer loop
      vertex -43.3875 49.6875 1.6
      vertex -43.3875 49.6875 8
      vertex -46.8875 49.6875 8
    endloop
  endfacet
  facet normal 0 1 0
    outer loop
      vertex -67.0875 -49.6875 1.6
      vertex -67.0875 -49.6875 8
      vertex -65.0875 -49.6875 1.6
    endloop
  endfacet
  facet normal 0 1 0
    outer loop
      vertex -65.0875 -49.6875 1.6
      vertex -65.0875 -49.6875 10
      vertex -45.3875 -49.6875 1.6
    endloop
  endfacet
  facet normal 0 1 0
    outer loop
      vertex -45.3875 -49.6875 1.6
      vertex -65.0875 -49.6875 10
      vertex -43.3875 -49.6875 1.6
    endloop
  endfacet
  facet normal 0 0 1
    outer loop
      vertex -67.0875 -49.6875 1.6
      vertex -65.0875 -49.6875 1.6
      vertex -65.0875 -34.6875 1.6
    endloop
  endfacet
  facet normal 0 0 1
    outer loop
      vertex -67.0875 -49.6875 1.6
      vertex -65.0875 -34.6875 1.6
      vertex -67.0875 -34.6875 1.6
    endloop
  endfacet
  facet normal 0 -1 0
    outer loop
      vertex -65.0875 -34.6875 1.6
      vertex -45.3875 -34.6875 1.6
      vertex -46.8875 -34.6875 8
    endloop
  endfacet
  facet normal 0 -1 0
    outer loop
      vertex -45.3875 -34.6875 1.6
      vertex -43.3875 -34.6875 1.6
      vertex -46.8875 -34.6875 8
    endloop
  endfacet
  facet normal 0 -1 0
    outer loop
      vertex -67.0875 -34.6875 1.6
      vertex -65.0875 -34.6875 1.6
      vertex -48.8875 -34.6875 10
    endloop
  endfacet
  facet normal 0 0 1
    outer loop
      vertex -45.3875 -49.6875 1.6
      vertex -43.3875 -49.6875 1.6
      vertex -43.3875 -34.6875 1.6
    endloop
  endfacet
  facet normal 0 0 1
    outer loop
      vertex -45.3875 -49.6875 1.6
      vertex -43.3875 -34.6875 1.6
      vertex -45.3875 -34.6875 1.6
    endloop
  endfacet
  facet normal 0 1 0
    outer loop
      vertex -65.0875 -49.6875 1.6
      vertex -67.0875 -49.6875 8
      vertex -65.0875 -49.6875 10
    endloop
  endfacet
  facet normal 0 1 0
    outer loop
      vertex -43.3875 -49.6875 1.6
      vertex -65.0875 -49.6875 10
      vertex -46.8875 -49.6875 8
    endloop
  endfacet
  facet normal 0 1 0
    outer loop
      vertex -46.8875 -49.6875 8
      vertex -65.0875 -49.6875 10
      vertex -48.8875 -49.6875 10
    endloop
  endfacet
  facet normal 0 -1 0
    outer loop
      vertex -67.0875 -34.6875 1.6
      vertex -48.8875 -34.6875 10
      vertex -67.0875 -34.6875 8
    endloop
  endfacet
  facet normal 0 -1 0
    outer loop
      vertex -65.0875 -34.6875 1.6
      vertex -46.8875 -34.6875 8
      vertex -48.8875 -34.6875 10
    endloop
  endfacet
  facet normal 0 -1 0
    outer loop
      vertex -67.0875 -34.6875 8
      vertex -48.8875 -34.6875 10
      vertex -65.0875 -34.6875 10
    endloop
  endfacet
  facet normal 0 1 0
    outer loop
      vertex -43.3875 -49.6875 1.6
      vertex -46.8875 -49.6875 8
      vertex -43.3875 -49.6875 8
    endloop
  endfacet
  facet normal 0 -1 0
    outer loop
      vertex -43.3875 -34.6875 1.6
      vertex -43.3875 -34.6875 8
      vertex -46.8875 -34.6875 8
    endloop
  endfacet
  facet normal 0 0 1
    outer loop
      vertex 43.3875 6.5625 1.6
      vertex 45.3875 6.5625 1.6
      vertex 45.3875 21.5625 1.6
    endloop
  endfacet
  facet normal 0 0 1
    outer loop
      vertex 43.3875 6.5625 1.6
      vertex 45.3875 21.5625 1.6
      vertex 43.3875 21.5625 1.6
    endloop
  endfacet
  facet normal 0 1 0
    outer loop
      vertex 43.3875 6.5625 1.6
      vertex 43.3875 6.5625 8
      vertex 45.3875 6.5625 1.6
    endloop
  endfacet
  facet normal 0 0 1
    outer loop
      vertex 65.0875 6.5625 1.6
      vertex 67.0875 6.5625 1.6
      vertex 67.0875 21.5625 1.6
    endloop
  endfacet
  facet normal 0 0 1
    outer loop
      vertex 65.0875 6.5625 1.6
      vertex 67.0875 21.5625 1.6
      vertex 65.0875 21.5625 1.6
    endloop
  endfacet
  facet normal 0 -1 0
    outer loop
      vertex 45.3875 21.5625 1.6
      vertex 65.0875 21.5625 1.6
      vertex 63.587500000000006 21.5625 8
    endloop
  endfacet
  facet normal 0 -1 0
    outer loop
      vertex 65.0875 21.5625 1.6
      vertex 67.0875 21.5625 1.6
      vertex 63.587500000000006 21.5625 8
    endloop
  endfacet
  facet normal 0 1 0
    outer loop
      vertex 45.3875 6.5625 1.6
      vertex 45.3875 6.5625 10
      vertex 65.0875 6.5625 1.6
    endloop
  endfacet
  facet normal 0 -1 0
    outer loop
      vertex 43.3875 21.5625 1.6
      vertex 45.3875 21.5625 1.6
      vertex 61.587500000000006 21.5625 10
    endloop
  endfacet
  facet normal 0 1 0
    outer loop
      vertex 65.0875 6.5625 1.6
      vertex 45.3875 6.5625 10
      vertex 67.0875 6.5625 1.6
    endloop
  endfacet
  facet normal 0 1 0
    outer loop
      vertex 45.3875 6.5625 1.6
      vertex 43.3875 6.5625 8
      vertex 45.3875 6.5625 10
    endloop
  endfacet
  facet normal 0 1 0
    outer loop
      vertex 67.0875 6.5625 1.6
      vertex 63.587500000000006 6.5625 8
      vertex 67.0875 6.5625 8
    endloop
  endfacet
  facet normal 0 -1 0
    outer loop
      vertex 67.0875 21.5625 1.6
      vertex 67.0875 21.5625 8
      vertex 63.587500000000006 21.5625 8
    endloop
  endfacet
  facet normal 0 -1 0
    outer loop
      vertex 43.3875 21.5625 1.6
      vertex 61.587500000000006 21.5625 10
      vertex 43.3875 21.5625 8
    endloop
  endfacet
  facet normal 0 1 0
    outer loop
      vertex 67.0875 6.5625 1.6
      vertex 45.3875 6.5625 10
      vertex 63.587500000000006 6.5625 8
    endloop
  endfacet
  facet normal 0 -1 0
    outer loop
      vertex 45.3875 21.5625 1.6
      vertex 63.587500000000006 21.5625 8
      vertex 61.587500000000006 21.5625 10
    endloop
  endfacet
  facet normal 0 -1 0
    outer loop
      vertex 43.3875 21.5625 8
      vertex 61.587500000000006 21.5625 10
      vertex 45.3875 21.5625 10
    endloop
  endfacet
  facet normal 0 1 0
    outer loop
      vertex 63.587500000000006 6.5625 8
      vertex 45.3875 6.5625 10
      vertex 61.587500000000006 6.5625 10
    endloop
  endfacet
  facet normal 0 1 0
    outer loop
      vertex 43.3875 -49.6875 1.6
      vertex 43.3875 -49.6875 8
      vertex 45.3875 -49.6875 1.6
    endloop
  endfacet
  facet normal 0 0 1
    outer loop
      vertex 43.3875 -49.6875 1.6
      vertex 45.3875 -49.6875 1.6
      vertex 45.3875 -34.6875 1.6
    endloop
  endfacet
  facet normal 0 0 1
    outer loop
      vertex 43.3875 -49.6875 1.6
      vertex 45.3875 -34.6875 1.6
      vertex 43.3875 -34.6875 1.6
    endloop
  endfacet
  facet normal 0 1 0
    outer loop
      vertex 45.3875 -49.6875 1.6
      vertex 45.3875 -49.6875 10
      vertex 65.0875 -49.6875 1.6
    endloop
  endfacet
  facet normal 0 1 0
    outer loop
      vertex 65.0875 -49.6875 1.6
      vertex 45.3875 -49.6875 10
      vertex 67.0875 -49.6875 1.6
    endloop
  endfacet
  facet normal 0 0 1
    outer loop
      vertex 65.0875 -49.6875 1.6
      vertex 67.0875 -49.6875 1.6
      vertex 67.0875 -34.6875 1.6
    endloop
  endfacet
  facet normal 0 0 1
    outer loop
      vertex 65.0875 -49.6875 1.6
      vertex 67.0875 -34.6875 1.6
      vertex 65.0875 -34.6875 1.6
    endloop
  endfacet
  facet normal 0 -1 0
    outer loop
      vertex 45.3875 -34.6875 1.6
      vertex 65.0875 -34.6875 1.6
      vertex 63.587500000000006 -34.6875 8
    endloop
  endfacet
  facet normal 0 -1 0
    outer loop
      vertex 65.0875 -34.6875 1.6
      vertex 67.0875 -34.6875 1.6
      vertex 63.587500000000006 -34.6875 8
    endloop
  endfacet
  facet normal 0 -1 0
    outer loop
      vertex 43.3875 -34.6875 1.6
      vertex 45.3875 -34.6875 1.6
      vertex 61.587500000000006 -34.6875 10
    endloop
  endfacet
  facet normal 0 1 0
    outer loop
      vertex 45.3875 -49.6875 1.6
      vertex 43.3875 -49.6875 8
      vertex 45.3875 -49.6875 10
    endloop
  endfacet
  facet normal 0 1 0
    outer loop
      vertex 67.0875 -49.6875 1.6
      vertex 63.587500000000006 -49.6875 8
      vertex 67.0875 -49.6875 8
    endloop
  endfacet
  facet normal 0 1 0
    outer loop
      vertex 67.0875 -49.6875 1.6
      vertex 45.3875 -49.6875 10
      vertex 63.587500000000006 -49.6875 8
    endloop
  endfacet
  facet normal 0 1 0
    outer loop
      vertex 63.587500000000006 -49.6875 8
      vertex 45.3875 -49.6875 10
      vertex 61.587500000000006 -49.6875 10
    endloop
  endfacet
  facet normal 0 -1 0
    outer loop
      vertex 67.0875 -34.6875 1.6
      vertex 67.0875 -34.6875 8
      vertex 63.587500000000006 -34.6875 8
    endloop
  endfacet
  facet normal 0 -1 0
    outer loop
      vertex 43.3875 -34.6875 1.6
      vertex 61.587500000000006 -34.6875 10
      vertex 43.3875 -34.6875 8
    endloop
  endfacet
  facet normal 0 -1 0
    outer loop
      vertex 45.3875 -34.6875 1.6
      vertex 63.587500000000006 -34.6875 8
      vertex 61.587500000000006 -34.6875 10
    endloop
  endfacet
  facet normal 0 -1 0
    outer loop
      vertex 43.3875 -34.6875 8
      vertex 61.587500000000006 -34.6875 10
      vertex 45.3875 -34.6875 10
    endloop
  endfacet
  facet normal 0 0 1
    outer loop
      vertex -30.262500000000003 6.5625 1.6
      vertex -28.262500000000003 6.5625 1.6
      vertex -28.262500000000003 21.5625 1.6
    endloop
  endfacet
  facet normal 0 0 1
    outer loop
      vertex -30.262500000000003 6.5625 1.6
      vertex -28.262500000000003 21.5625 1.6
      vertex -30.262500000000003 21.5625 1.6
    endloop
  endfacet
  facet normal 0 0 1
    outer loop
      vertex -8.5625 6.5625 1.6
      vertex -6.5625 6.5625 1.6
      vertex -6.5625 21.5625 1.6
    endloop
  endfacet
  facet normal 0 0 1
    outer loop
      vertex -8.5625 6.5625 1.6
      vertex -6.5625 21.5625 1.6
      vertex -8.5625 21.5625 1.6
    endloop
  endfacet
  facet normal 0 1 0
    outer loop
      vertex -30.262500000000003 6.5625 1.6
      vertex -30.262500000000003 6.5625 8
      vertex -28.262500000000003 6.5625 1.6
    endloop
  endfacet
  facet normal 0 -1 0
    outer loop
      vertex -30.262500000000003 21.5625 1.6
      vertex -28.262500000000003 21.5625 1.6
      vertex -12.0625 21.5625 10
    endloop
  endfacet
  facet normal 0 -1 0
    outer loop
      vertex -28.262500000000003 21.5625 1.6
      vertex -8.5625 21.5625 1.6
      vertex -10.0625 21.5625 8
    endloop
  endfacet
  facet normal 0 -1 0
    outer loop
      vertex -8.5625 21.5625 1.6
      vertex -6.5625 21.5625 1.6
      vertex -10.0625 21.5625 8
    endloop
  endfacet
  facet normal 0 1 0
    outer loop
      vertex -28.262500000000003 6.5625 1.6
      vertex -28.262500000000003 6.5625 10
      vertex -8.5625 6.5625 1.6
    endloop
  endfacet
  facet normal 0 1 0
    outer loop
      vertex -8.5625 6.5625 1.6
      vertex -28.262500000000003 6.5625 10
      vertex -6.5625 6.5625 1.6
    endloop
  endfacet
  facet normal 0 1 0
    outer loop
      vertex -28.262500000000003 6.5625 1.6
      vertex -30.262500000000003 6.5625 8
      vertex -28.262500000000003 6.5625 10
    endloop
  endfacet
  facet normal 0 -1 0
    outer loop
      vertex -30.262500000000003 21.5625 1.6
      vertex -12.0625 21.5625 10
      vertex -30.262500000000003 21.5625 8
    endloop
  endfacet
  facet normal 0 1 0
    outer loop
      vertex -6.5625 6.5625 1.6
      vertex -10.0625 6.5625 8
      vertex -6.5625 6.5625 8
    endloop
  endfacet
  facet normal 0 -1 0
    outer loop
      vertex -6.5625 21.5625 1.6
      vertex -6.5625 21.5625 8
      vertex -10.0625 21.5625 8
    endloop
  endfacet
  facet normal 0 1 0
    outer loop
      vertex -6.5625 6.5625 1.6
      vertex -28.262500000000003 6.5625 10
      vertex -10.0625 6.5625 8
    endloop
  endfacet
  facet normal 0 -1 0
    outer loop
      vertex -28.262500000000003 21.5625 1.6
      vertex -10.0625 21.5625 8
      vertex -12.0625 21.5625 10
    endloop
  endfacet
  facet normal 0 -1 0
    outer loop
      vertex -30.262500000000003 21.5625 8
      vertex -12.0625 21.5625 10
      vertex -28.262500000000003 21.5625 10
    endloop
  endfacet
  facet normal 0 1 0
    outer loop
      vertex -28.262500000000003 6.5625 10
      vertex -12.0625 6.5625 10
      vertex -10.0625 6.5625 8
    endloop
  endfacet
  facet normal 0 1 0
    outer loop
      vertex -30.262500000000003 -49.6875 1.6
      vertex -30.262500000000003 -49.6875 8
      vertex -28.262500000000003 -49.6875 1.6
    endloop
  endfacet
  facet normal 0 1 0
    outer loop
      vertex -28.262500000000003 -49.6875 1.6
      vertex -28.262500000000003 -49.6875 10
      vertex -8.5625 -49.6875 1.6
    endloop
  endfacet
  facet normal 0 1 0
    outer loop
      vertex -8.5625 -49.6875 1.6
      vertex -28.262500000000003 -49.6875 10
      vertex -6.5625 -49.6875 1.6
    endloop
  endfacet
  facet normal 0 0 1
    outer loop
      vertex -30.262500000000003 -49.6875 1.6
      vertex -28.262500000000003 -49.6875 1.6
      vertex -28.262500000000003 -34.6875 1.6
    endloop
  endfacet
  facet normal 0 0 1
    outer loop
      vertex -30.262500000000003 -49.6875 1.6
      vertex -28.262500000000003 -34.6875 1.6
      vertex -30.262500000000003 -34.6875 1.6
    endloop
  endfacet
  facet normal 0 0 1
    outer loop
      vertex -8.5625 -49.6875 1.6
      vertex -6.5625 -49.6875 1.6
      vertex -6.5625 -34.6875 1.6
    endloop
  endfacet
  facet normal 0 0 1
    outer loop
      vertex -8.5625 -49.6875 1.6
      vertex -6.5625 -34.6875 1.6
      vertex -8.5625 -34.6875 1.6
    endloop
  endfacet
  facet normal 0 -1 0
    outer loop
      vertex -30.262500000000003 -34.6875 1.6
      vertex -28.262500000000003 -34.6875 1.6
      vertex -12.0625 -34.6875 10
    endloop
  endfacet
  facet normal 0 -1 0
    outer loop
      vertex -28.262500000000003 -34.6875 1.6
      vertex -8.5625 -34.6875 1.6
      vertex -10.0625 -34.6875 8
    endloop
  endfacet
  facet normal 0 -1 0
    outer loop
      vertex -8.5625 -34.6875 1.6
      vertex -6.5625 -34.6875 1.6
      vertex -10.0625 -34.6875 8
    endloop
  endfacet
  facet normal 0 1 0
    outer loop
      vertex -28.262500000000003 -49.6875 1.6
      vertex -30.262500000000003 -49.6875 8
      vertex -28.262500000000003 -49.6875 10
    endloop
  endfacet
  facet normal 0 1 0
    outer loop
      vertex -6.5625 -49.6875 1.6
      vertex -10.0625 -49.6875 8
      vertex -6.5625 -49.6875 8
    endloop
  endfacet
  facet normal 0 1 0
    outer loop
      vertex -6.5625 -49.6875 1.6
      vertex -28.262500000000003 -49.6875 10
      vertex -10.0625 -49.6875 8
    endloop
  endfacet
  facet normal 0 1 0
    outer loop
      vertex -28.262500000000003 -49.6875 10
      vertex -12.0625 -49.6875 10
      vertex -10.0625 -49.6875 8
    endloop
  endfacet
  facet normal 0 -1 0
    outer loop
      vertex -30.262500000000003 -34.6875 1.6
      vertex -12.0625 -34.6875 10
      vertex -30.262500000000003 -34.6875 8
    endloop
  endfacet
  facet normal 0 -1 0
    outer loop
      vertex -6.5625 -34.6875 1.6
      vertex -6.5625 -34.6875 8
      vertex -10.0625 -34.6875 8
    endloop
  endfacet
  facet normal 0 -1 0
    outer loop
      vertex -28.262500000000003 -34.6875 1.6
      vertex -10.0625 -34.6875 8
      vertex -12.0625 -34.6875 10
    endloop
  endfacet
  facet normal 0 -1 0
    outer loop
      vertex -30.262500000000003 -34.6875 8
      vertex -12.0625 -34.6875 10
      vertex -28.262500000000003 -34.6875 10
    endloop
  endfacet
  facet normal 0 0 1
    outer loop
      vertex 43.3875 34.6875 1.6
      vertex 45.3875 34.6875 1.6
      vertex 45.3875 49.6875 1.6
    endloop
  endfacet
  facet normal 0 0 1
    outer loop
      vertex 43.3875 34.6875 1.6
      vertex 45.3875 49.6875 1.6
      vertex 43.3875 49.6875 1.6
    endloop
  endfacet
  facet normal 0 1 0
    outer loop
      vertex 43.3875 34.6875 1.6
      vertex 43.3875 34.6875 8
      vertex 45.3875 34.6875 1.6
    endloop
  endfacet
  facet normal 0 0 1
    outer loop
      vertex 65.0875 34.6875 1.6
      vertex 67.0875 34.6875 1.6
      vertex 67.0875 49.6875 1.6
    endloop
  endfacet
  facet normal 0 0 1
    outer loop
      vertex 65.0875 34.6875 1.6
      vertex 67.0875 49.6875 1.6
      vertex 65.0875 49.6875 1.6
    endloop
  endfacet
  facet normal 0 1 0
    outer loop
      vertex 45.3875 34.6875 1.6
      vertex 45.3875 34.6875 10
      vertex 65.0875 34.6875 1.6
    endloop
  endfacet
  facet normal 0 1 0
    outer loop
      vertex 65.0875 34.6875 1.6
      vertex 45.3875 34.6875 10
      vertex 67.0875 34.6875 1.6
    endloop
  endfacet
  facet normal 0 -1 0
    outer loop
      vertex 45.3875 49.6875 1.6
      vertex 65.0875 49.6875 1.6
      vertex 63.587500000000006 49.6875 8
    endloop
  endfacet
  facet normal 0 -1 0
    outer loop
      vertex 65.0875 49.6875 1.6
      vertex 67.0875 49.6875 1.6
      vertex 63.587500000000006 49.6875 8
    endloop
  endfacet
  facet normal 0 -1 0
    outer loop
      vertex 43.3875 49.6875 1.6
      vertex 45.3875 49.6875 1.6
      vertex 61.587500000000006 49.6875 10
    endloop
  endfacet
  facet normal 0 1 0
    outer loop
      vertex 45.3875 34.6875 1.6
      vertex 43.3875 34.6875 8
      vertex 45.3875 34.6875 10
    endloop
  endfacet
  facet normal 0 1 0
    outer loop
      vertex 67.0875 34.6875 1.6
      vertex 63.587500000000006 34.6875 8
      vertex 67.0875 34.6875 8
    endloop
  endfacet
  facet normal 0 1 0
    outer loop
      vertex 67.0875 34.6875 1.6
      vertex 45.3875 34.6875 10
      vertex 63.587500000000006 34.6875 8
    endloop
  endfacet
  facet normal 0 1 0
    outer loop
      vertex 63.587500000000006 34.6875 8
      vertex 45.3875 34.6875 10
      vertex 61.587500000000006 34.6875 10
    endloop
  endfacet
  facet normal 0 -1 0
    outer loop
      vertex 67.0875 49.6875 1.6
      vertex 67.0875 49.6875 8
      vertex 63.587500000000006 49.6875 8
    endloop
  endfacet
  facet normal 0 -1 0
    outer loop
      vertex 43.3875 49.6875 1.6
      vertex 61.587500000000006 49.6875 10
      vertex 43.3875 49.6875 8
    endloop
  endfacet
  facet normal 0 -1 0
    outer loop
      vertex 45.3875 49.6875 1.6
      vertex 63.587500000000006 49.6875 8
      vertex 61.587500000000006 49.6875 10
    endloop
  endfacet
  facet normal 0 -1 0
    outer loop
      vertex 43.3875 49.6875 8
      vertex 61.587500000000006 49.6875 10
      vertex 45.3875 49.6875 10
    endloop
  endfacet
  facet normal 0 0 1
    outer loop
      vertex 43.3875 -21.5625 1.6
      vertex 45.3875 -21.5625 1.6
      vertex 45.3875 -6.5625 1.6
    endloop
  endfacet
  facet normal 0 0 1
    outer loop
      vertex 43.3875 -21.5625 1.6
      vertex 45.3875 -6.5625 1.6
      vertex 43.3875 -6.5625 1.6
    endloop
  endfacet
  facet normal 0 1 0
    outer loop
      vertex 43.3875 -21.5625 1.6
      vertex 43.3875 -21.5625 8
      vertex 45.3875 -21.5625 1.6
    endloop
  endfacet
  facet normal 0 0 1
    outer loop
      vertex 65.0875 -21.5625 1.6
      vertex 67.0875 -21.5625 1.6
      vertex 67.0875 -6.5625 1.6
    endloop
  endfacet
  facet normal 0 0 1
    outer loop
      vertex 65.0875 -21.5625 1.6
      vertex 67.0875 -6.5625 1.6
      vertex 65.0875 -6.5625 1.6
    endloop
  endfacet
  facet normal 0 -1 0
    outer loop
      vertex 45.3875 -6.5625 1.6
      vertex 65.0875 -6.5625 1.6
      vertex 63.587500000000006 -6.5625 8
    endloop
  endfacet
  facet normal 0 -1 0
    outer loop
      vertex 65.0875 -6.5625 1.6
      vertex 67.0875 -6.5625 1.6
      vertex 63.587500000000006 -6.5625 8
    endloop
  endfacet
  facet normal 0 1 0
    outer loop
      vertex 45.3875 -21.5625 1.6
      vertex 45.3875 -21.5625 10
      vertex 65.0875 -21.5625 1.6
    endloop
  endfacet
  facet normal 0 -1 0
    outer loop
      vertex 43.3875 -6.5625 1.6
      vertex 45.3875 -6.5625 1.6
      vertex 61.587500000000006 -6.5625 10
    endloop
  endfacet
  facet normal 0 1 0
    outer loop
      vertex 65.0875 -21.5625 1.6
      vertex 45.3875 -21.5625 10
      vertex 67.0875 -21.5625 1.6
    endloop
  endfacet
  facet normal 0 1 0
    outer loop
      vertex 45.3875 -21.5625 1.6
      vertex 43.3875 -21.5625 8
      vertex 45.3875 -21.5625 10
    endloop
  endfacet
  facet normal 0 1 0
    outer loop
      vertex 67.0875 -21.5625 1.6
      vertex 63.587500000000006 -21.5625 8
      vertex 67.0875 -21.5625 8
    endloop
  endfacet
  facet normal 0 -1 0
    outer loop
      vertex 67.0875 -6.5625 1.6
      vertex 67.0875 -6.5625 8
      vertex 63.587500000000006 -6.5625 8
    endloop
  endfacet
  facet normal 0 -1 0
    outer loop
      vertex 43.3875 -6.5625 1.6
      vertex 61.587500000000006 -6.5625 10
      vertex 43.3875 -6.5625 8
    endloop
  endfacet
  facet normal 0 1 0
    outer loop
      vertex 67.0875 -21.5625 1.6
      vertex 45.3875 -21.5625 10
      vertex 63.587500000000006 -21.5625 8
    endloop
  endfacet
  facet normal 0 -1 0
    outer loop
      vertex 45.3875 -6.5625 1.6
      vertex 63.587500000000006 -6.5625 8
      vertex 61.587500000000006 -6.5625 10
    endloop
  endfacet
  facet normal 0 -1 0
    outer loop
      vertex 43.3875 -6.5625 8
      vertex 61.587500000000006 -6.5625 10
      vertex 45.3875 -6.5625 10
    endloop
  endfacet
  facet normal 0 1 0
    outer loop
      vertex 63.587500000000006 -21.5625 8
      vertex 45.3875 -21.5625 10
      vertex 61.587500000000006 -21.5625 10
    endloop
  endfacet
  facet normal 0 0 1
    outer loop
      vertex -30.262500000000003 34.6875 1.6
      vertex -28.262500000000003 34.6875 1.6
      vertex -28.262500000000003 49.6875 1.6
    endloop
  endfacet
  facet normal 0 0 1
    outer loop
      vertex -30.262500000000003 34.6875 1.6
      vertex -28.262500000000003 49.6875 1.6
      vertex -30.262500000000003 49.6875 1.6
    endloop
  endfacet
  facet normal 0 0 1
    outer loop
      vertex -8.5625 34.6875 1.6
      vertex -6.5625 34.6875 1.6
      vertex -6.5625 49.6875 1.6
    endloop
  endfacet
  facet normal 0 0 1
    outer loop
      vertex -8.5625 34.6875 1.6
      vertex -6.5625 49.6875 1.6
      vertex -8.5625 49.6875 1.6
    endloop
  endfacet
  facet normal 0 1 0
    outer loop
      vertex -30.262500000000003 34.6875 1.6
      vertex -30.262500000000003 34.6875 8
      vertex -28.262500000000003 34.6875 1.6
    endloop
  endfacet
  facet normal 0 1 0
    outer loop
      vertex -28.262500000000003 34.6875 1.6
      vertex -28.262500000000003 34.6875 10
      vertex -8.5625 34.6875 1.6
    endloop
  endfacet
  facet normal 0 1 0
    outer loop
      vertex -8.5625 34.6875 1.6
      vertex -28.262500000000003 34.6875 10
      vertex -6.5625 34.6875 1.6
    endloop
  endfacet
  facet normal 0 -1 0
    outer loop
      vertex -30.262500000000003 49.6875 1.6
      vertex -28.262500000000003 49.6875 1.6
      vertex -12.0625 49.6875 10
    endloop
  endfacet
  facet normal 0 -1 0
    outer loop
      vertex -28.262500000000003 49.6875 1.6
      vertex -8.5625 49.6875 1.6
      vertex -10.0625 49.6875 8
    endloop
  endfacet
  facet normal 0 -1 0
    outer loop
      vertex -8.5625 49.6875 1.6
      vertex -6.5625 49.6875 1.6
      vertex -10.0625 49.6875 8
    endloop
  endfacet
  facet normal 0 1 0
    outer loop
      vertex -28.262500000000003 34.6875 1.6
      vertex -30.262500000000003 34.6875 8
      vertex -28.262500000000003 34.6875 10
    endloop
  endfacet
  facet normal 0 1 0
    outer loop
      vertex -6.5625 34.6875 1.6
      vertex -10.0625 34.6875 8
      vertex -6.5625 34.6875 8
    endloop
  endfacet
  facet normal 0 1 0
    outer loop
      vertex -6.5625 34.6875 1.6
      vertex -28.262500000000003 34.6875 10
      vertex -10.0625 34.6875 8
    endloop
  endfacet
  facet normal 0 1 0
    outer loop
      vertex -28.262500000000003 34.6875 10
      vertex -12.0625 34.6875 10
      vertex -10.0625 34.6875 8
    endloop
  endfacet
  facet normal 0 -1 0
    outer loop
      vertex -30.262500000000003 49.6875 1.6
      vertex -12.0625 49.6875 10
      vertex -30.262500000000003 49.6875 8
    endloop
  endfacet
  facet normal 0 -1 0
    outer loop
      vertex -6.5625 49.6875 1.6
      vertex -6.5625 49.6875 8
      vertex -10.0625 49.6875 8
    endloop
  endfacet
  facet normal 0 -1 0
    outer loop
      vertex -28.262500000000003 49.6875 1.6
      vertex -10.0625 49.6875 8
      vertex -12.0625 49.6875 10
    endloop
  endfacet
  facet normal 0 -1 0
    outer loop
      vertex -30.262500000000003 49.6875 8
      vertex -12.0625 49.6875 10
      vertex -28.262500000000003 49.6875 10
    endloop
  endfacet
  facet normal 0 0 1
    outer loop
      vertex -30.262500000000003 -21.5625 1.6
      vertex -28.262500000000003 -21.5625 1.6
      vertex -28.262500000000003 -6.5625 1.6
    endloop
  endfacet
  facet normal 0 0 1
    outer loop
      vertex -30.262500000000003 -21.5625 1.6
      vertex -28.262500000000003 -6.5625 1.6
      vertex -30.262500000000003 -6.5625 1.6
    endloop
  endfacet
  facet normal 0 0 1
    outer loop
      vertex -8.5625 -21.5625 1.6
      vertex -6.5625 -21.5625 1.6
      vertex -6.5625 -6.5625 1.6
    endloop
  endfacet
  facet normal 0 0 1
    outer loop
      vertex -8.5625 -21.5625 1.6
      vertex -6.5625 -6.5625 1.6
      vertex -8.5625 -6.5625 1.6
    endloop
  endfacet
  facet normal 0 1 0
    outer loop
      vertex -30.262500000000003 -21.5625 1.6
      vertex -30.262500000000003 -21.5625 8
      vertex -28.262500000000003 -21.5625 1.6
    endloop
  endfacet
  facet normal 0 -1 0
    outer loop
      vertex -30.262500000000003 -6.5625 1.6
      vertex -28.262500000000003 -6.5625 1.6
      vertex -12.0625 -6.5625 10
    endloop
  endfacet
  facet normal 0 -1 0
    outer loop
      vertex -28.262500000000003 -6.5625 1.6
      vertex -8.5625 -6.5625 1.6
      vertex -10.0625 -6.5625 8
    endloop
  endfacet
  facet normal 0 -1 0
    outer loop
      vertex -8.5625 -6.5625 1.6
      vertex -6.5625 -6.5625 1.6
      vertex -10.0625 -6.5625 8
    endloop
  endfacet
  facet normal 0 1 0
    outer loop
      vertex -28.262500000000003 -21.5625 1.6
      vertex -28.262500000000003 -21.5625 10
      vertex -8.5625 -21.5625 1.6
    endloop
  endfacet
  facet normal 0 1 0
    outer loop
      vertex -8.5625 -21.5625 1.6
      vertex -28.262500000000003 -21.5625 10
      vertex -6.5625 -21.5625 1.6
    endloop
  endfacet
  facet normal 0 1 0
    outer loop
      vertex -28.262500000000003 -21.5625 1.6
      vertex -30.262500000000003 -21.5625 8
      vertex -28.262500000000003 -21.5625 10
    endloop
  endfacet
  facet normal 0 -1 0
    outer loop
      vertex -30.262500000000003 -6.5625 1.6
      vertex -12.0625 -6.5625 10
      vertex -30.262500000000003 -6.5625 8
    endloop
  endfacet
  facet normal 0 1 0
    outer loop
      vertex -6.5625 -21.5625 1.6
      vertex -10.0625 -21.5625 8
      vertex -6.5625 -21.5625 8
    endloop
  endfacet
  facet normal 0 -1 0
    outer loop
      vertex -6.5625 -6.5625 1.6
      vertex -6.5625 -6.5625 8
      vertex -10.0625 -6.5625 8
    endloop
  endfacet
  facet normal 0 1 0
    outer loop
      vertex -6.5625 -21.5625 1.6
      vertex -28.262500000000003 -21.5625 10
      vertex -10.0625 -21.5625 8
    endloop
  endfacet
  facet normal 0 -1 0
    outer loop
      vertex -28.262500000000003 -6.5625 1.6
      vertex -10.0625 -6.5625 8
      vertex -12.0625 -6.5625 10
    endloop
  endfacet
  facet normal 0 -1 0
    outer loop
      vertex -30.262500000000003 -6.5625 8
      vertex -12.0625 -6.5625 10
      vertex -28.262500000000003 -6.5625 10
    endloop
  endfacet
  facet normal 0 1 0
    outer loop
      vertex -28.262500000000003 -21.5625 10
      vertex -12.0625 -21.5625 10
      vertex -10.0625 -21.5625 8
    endloop
  endfacet
  facet normal 0 0 1
    outer loop
      vertex 6.5625 6.5625 1.6
      vertex 8.5625 6.5625 1.6
      vertex 8.5625 21.5625 1.6
    endloop
  endfacet
  facet normal 0 0 1
    outer loop
      vertex 6.5625 6.5625 1.6
      vertex 8.5625 21.5625 1.6
      vertex 6.5625 21.5625 1.6
    endloop
  endfacet
  facet normal 0 0 1
    outer loop
      vertex 28.262500000000003 6.5625 1.6
      vertex 30.262500000000003 6.5625 1.6
      vertex 30.262500000000003 21.5625 1.6
    endloop
  endfacet
  facet normal 0 0 1
    outer loop
      vertex 28.262500000000003 6.5625 1.6
      vertex 30.262500000000003 21.5625 1.6
      vertex 28.262500000000003 21.5625 1.6
    endloop
  endfacet
  facet normal 0 1 0
    outer loop
      vertex 6.5625 6.5625 1.6
      vertex 6.5625 6.5625 8
      vertex 8.5625 6.5625 1.6
    endloop
  endfacet
  facet normal 0 -1 0
    outer loop
      vertex 8.5625 21.5625 1.6
      vertex 28.262500000000003 21.5625 1.6
      vertex 26.762500000000003 21.5625 8
    endloop
  endfacet
  facet normal 0 1 0
    outer loop
      vertex 8.5625 6.5625 1.6
      vertex 8.5625 6.5625 10
      vertex 28.262500000000003 6.5625 1.6
    endloop
  endfacet
  facet normal 0 1 0
    outer loop
      vertex 28.262500000000003 6.5625 1.6
      vertex 8.5625 6.5625 10
      vertex 30.262500000000003 6.5625 1.6
    endloop
  endfacet
  facet normal 0 -1 0
    outer loop
      vertex 6.5625 21.5625 1.6
      vertex 8.5625 21.5625 1.6
      vertex 24.762500000000003 21.5625 10
    endloop
  endfacet
  facet normal 0 -1 0
    outer loop
      vertex 28.262500000000003 21.5625 1.6
      vertex 30.262500000000003 21.5625 1.6
      vertex 26.762500000000003 21.5625 8
    endloop
  endfacet
  facet normal 0 1 0
    outer loop
      vertex 8.5625 6.5625 1.6
      vertex 6.5625 6.5625 8
      vertex 8.5625 6.5625 10
    endloop
  endfacet
  facet normal 0 1 0
    outer loop
      vertex 30.262500000000003 6.5625 1.6
      vertex 8.5625 6.5625 10
      vertex 26.762500000000003 6.5625 8
    endloop
  endfacet
  facet normal 0 -1 0
    outer loop
      vertex 6.5625 21.5625 1.6
      vertex 24.762500000000003 21.5625 10
      vertex 6.5625 21.5625 8
    endloop
  endfacet
  facet normal 0 -1 0
    outer loop
      vertex 8.5625 21.5625 1.6
      vertex 26.762500000000003 21.5625 8
      vertex 24.762500000000003 21.5625 10
    endloop
  endfacet
  facet normal 0 1 0
    outer loop
      vertex 30.262500000000003 6.5625 1.6
      vertex 26.762500000000003 6.5625 8
      vertex 30.262500000000003 6.5625 8
    endloop
  endfacet
  facet normal 0 -1 0
    outer loop
      vertex 30.262500000000003 21.5625 1.6
      vertex 30.262500000000003 21.5625 8
      vertex 26.762500000000003 21.5625 8
    endloop
  endfacet
  facet normal 0 1 0
    outer loop
      vertex 8.5625 6.5625 10
      vertex 24.762500000000003 6.5625 10
      vertex 26.762500000000003 6.5625 8
    endloop
  endfacet
  facet normal 0 -1 0
    outer loop
      vertex 6.5625 21.5625 8
      vertex 24.762500000000003 21.5625 10
      vertex 8.5625 21.5625 10
    endloop
  endfacet
  facet normal 0 1 0
    outer loop
      vertex 6.5625 -49.6875 1.6
      vertex 6.5625 -49.6875 8
      vertex 8.5625 -49.6875 1.6
    endloop
  endfacet
  facet normal 0 1 0
    outer loop
      vertex 8.5625 -49.6875 1.6
      vertex 8.5625 -49.6875 10
      vertex 28.262500000000003 -49.6875 1.6
    endloop
  endfacet
  facet normal 0 1 0
    outer loop
      vertex 28.262500000000003 -49.6875 1.6
      vertex 8.5625 -49.6875 10
      vertex 30.262500000000003 -49.6875 1.6
    endloop
  endfacet
  facet normal 0 0 1
    outer loop
      vertex 6.5625 -49.6875 1.6
      vertex 8.5625 -49.6875 1.6
      vertex 8.5625 -34.6875 1.6
    endloop
  endfacet
  facet normal 0 0 1
    outer loop
      vertex 6.5625 -49.6875 1.6
      vertex 8.5625 -34.6875 1.6
      vertex 6.5625 -34.6875 1.6
    endloop
  endfacet
  facet normal 0 0 1
    outer loop
      vertex 28.262500000000003 -49.6875 1.6
      vertex 30.262500000000003 -49.6875 1.6
      vertex 30.262500000000003 -34.6875 1.6
    endloop
  endfacet
  facet normal 0 0 1
    outer loop
      vertex 28.262500000000003 -49.6875 1.6
      vertex 30.262500000000003 -34.6875 1.6
      vertex 28.262500000000003 -34.6875 1.6
    endloop
  endfacet
  facet normal 0 -1 0
    outer loop
      vertex 8.5625 -34.6875 1.6
      vertex 28.262500000000003 -34.6875 1.6
      vertex 26.762500000000003 -34.6875 8
    endloop
  endfacet
  facet normal 0 -1 0
    outer loop
      vertex 6.5625 -34.6875 1.6
      vertex 8.5625 -34.6875 1.6
      vertex 24.762500000000003 -34.6875 10
    endloop
  endfacet
  facet normal 0 -1 0
    outer loop
      vertex 28.262500000000003 -34.6875 1.6
      vertex 30.262500000000003 -34.6875 1.6
      vertex 26.762500000000003 -34.6875 8
    endloop
  endfacet
  facet normal 0 1 0
    outer loop
      vertex 8.5625 -49.6875 1.6
      vertex 6.5625 -49.6875 8
      vertex 8.5625 -49.6875 10
    endloop
  endfacet
  facet normal 0 1 0
    outer loop
      vertex 30.262500000000003 -49.6875 1.6
      vertex 8.5625 -49.6875 10
      vertex 26.762500000000003 -49.6875 8
    endloop
  endfacet
  facet normal 0 1 0
    outer loop
      vertex 30.262500000000003 -49.6875 1.6
      vertex 26.762500000000003 -49.6875 8
      vertex 30.262500000000003 -49.6875 8
    endloop
  endfacet
  facet normal 0 1 0
    outer loop
      vertex 8.5625 -49.6875 10
      vertex 24.762500000000003 -49.6875 10
      vertex 26.762500000000003 -49.6875 8
    endloop
  endfacet
  facet normal 0 -1 0
    outer loop
      vertex 6.5625 -34.6875 1.6
      vertex 24.762500000000003 -34.6875 10
      vertex 6.5625 -34.6875 8
    endloop
  endfacet
  facet normal 0 -1 0
    outer loop
      vertex 8.5625 -34.6875 1.6
      vertex 26.762500000000003 -34.6875 8
      vertex 24.762500000000003 -34.6875 10
    endloop
  endfacet
  facet normal 0 -1 0
    outer loop
      vertex 30.262500000000003 -34.6875 1.6
      vertex 30.262500000000003 -34.6875 8
      vertex 26.762500000000003 -34.6875 8
    endloop
  endfacet
  facet normal 0 -1 0
    outer loop
      vertex 6.5625 -34.6875 8
      vertex 24.762500000000003 -34.6875 10
      vertex 8.5625 -34.6875 10
    endloop
  endfacet
  facet normal 0 0 1
    outer loop
      vertex -67.0875 6.5625 1.6
      vertex -65.0875 6.5625 1.6
      vertex -65.0875 21.5625 1.6
    endloop
  endfacet
  facet normal 0 0 1
    outer loop
      vertex -67.0875 6.5625 1.6
      vertex -65.0875 21.5625 1.6
      vertex -67.0875 21.5625 1.6
    endloop
  endfacet
  facet normal 0 1 0
    outer loop
      vertex -67.0875 6.5625 1.6
      vertex -67.0875 6.5625 8
      vertex -65.0875 6.5625 1.6
    endloop
  endfacet
  facet normal 0 -1 0
    outer loop
      vertex -65.0875 21.5625 1.6
      vertex -45.3875 21.5625 1.6
      vertex -46.8875 21.5625 8
    endloop
  endfacet
  facet normal 0 -1 0
    outer loop
      vertex -45.3875 21.5625 1.6
      vertex -43.3875 21.5625 1.6
      vertex -46.8875 21.5625 8
    endloop
  endfacet
  facet normal 0 1 0
    outer loop
      vertex -65.0875 6.5625 1.6
      vertex -65.0875 6.5625 10
      vertex -45.3875 6.5625 1.6
    endloop
  endfacet
  facet normal 0 -1 0
    outer loop
      vertex -67.0875 21.5625 1.6
      vertex -65.0875 21.5625 1.6
      vertex -48.8875 21.5625 10
    endloop
  endfacet
  facet normal 0 1 0
    outer loop
      vertex -45.3875 6.5625 1.6
      vertex -65.0875 6.5625 10
      vertex -43.3875 6.5625 1.6
    endloop
  endfacet
  facet normal 0 0 1
    outer loop
      vertex -45.3875 6.5625 1.6
      vertex -43.3875 6.5625 1.6
      vertex -43.3875 21.5625 1.6
    endloop
  endfacet
  facet normal 0 0 1
    outer loop
      vertex -45.3875 6.5625 1.6
      vertex -43.3875 21.5625 1.6
      vertex -45.3875 21.5625 1.6
    endloop
  endfacet
  facet normal 0 1 0
    outer loop
      vertex -65.0875 6.5625 1.6
      vertex -67.0875 6.5625 8
      vertex -65.0875 6.5625 10
    endloop
  endfacet
  facet normal 0 -1 0
    outer loop
      vertex -67.0875 21.5625 1.6
      vertex -48.8875 21.5625 10
      vertex -67.0875 21.5625 8
    endloop
  endfacet
  facet normal 0 1 0
    outer loop
      vertex -43.3875 6.5625 1.6
      vertex -65.0875 6.5625 10
      vertex -46.8875 6.5625 8
    endloop
  endfacet
  facet normal 0 -1 0
    outer loop
      vertex -65.0875 21.5625 1.6
      vertex -46.8875 21.5625 8
      vertex -48.8875 21.5625 10
    endloop
  endfacet
  facet normal 0 -1 0
    outer loop
      vertex -67.0875 21.5625 8
      vertex -48.8875 21.5625 10
      vertex -65.0875 21.5625 10
    endloop
  endfacet
  facet normal 0 1 0
    outer loop
      vertex -46.8875 6.5625 8
      vertex -65.0875 6.5625 10
      vertex -48.8875 6.5625 10
    endloop
  endfacet
  facet normal 0 1 0
    outer loop
      vertex -43.3875 6.5625 1.6
      vertex -46.8875 6.5625 8
      vertex -43.3875 6.5625 8
    endloop
  endfacet
  facet normal 0 -1 0
    outer loop
      vertex -43.3875 21.5625 1.6
      vertex -43.3875 21.5625 8
      vertex -46.8875 21.5625 8
    endloop
  endfacet
  facet normal 0 0 1
    outer loop
      vertex -67.0875 -21.5625 1.6
      vertex -65.0875 -21.5625 1.6
      vertex -65.0875 -6.5625 1.6
    endloop
  endfacet
  facet normal 0 0 1
    outer loop
      vertex -67.0875 -21.5625 1.6
      vertex -65.0875 -6.5625 1.6
      vertex -67.0875 -6.5625 1.6
    endloop
  endfacet
  facet normal 0 1 0
    outer loop
      vertex -67.0875 -21.5625 1.6
      vertex -67.0875 -21.5625 8
      vertex -65.0875 -21.5625 1.6
    endloop
  endfacet
  facet normal 0 -1 0
    outer loop
      vertex -65.0875 -6.5625 1.6
      vertex -45.3875 -6.5625 1.6
      vertex -46.8875 -6.5625 8
    endloop
  endfacet
  facet normal 0 -1 0
    outer loop
      vertex -45.3875 -6.5625 1.6
      vertex -43.3875 -6.5625 1.6
      vertex -46.8875 -6.5625 8
    endloop
  endfacet
  facet normal 0 1 0
    outer loop
      vertex -65.0875 -21.5625 1.6
      vertex -65.0875 -21.5625 10
      vertex -45.3875 -21.5625 1.6
    endloop
  endfacet
  facet normal 0 -1 0
    outer loop
      vertex -67.0875 -6.5625 1.6
      vertex -65.0875 -6.5625 1.6
      vertex -48.8875 -6.5625 10
    endloop
  endfacet
  facet normal 0 1 0
    outer loop
      vertex -45.3875 -21.5625 1.6
      vertex -65.0875 -21.5625 10
      vertex -43.3875 -21.5625 1.6
    endloop
  endfacet
  facet normal 0 0 1
    outer loop
      vertex -45.3875 -21.5625 1.6
      vertex -43.3875 -21.5625 1.6
      vertex -43.3875 -6.5625 1.6
    endloop
  endfacet
  facet normal 0 0 1
    outer loop
      vertex -45.3875 -21.5625 1.6
      vertex -43.3875 -6.5625 1.6
      vertex -45.3875 -6.5625 1.6
    endloop
  endfacet
  facet normal 0 1 0
    outer loop
      vertex -65.0875 -21.5625 1.6
      vertex -67.0875 -21.5625 8
      vertex -65.0875 -21.5625 10
    endloop
  endfacet
  facet normal 0 -1 0
    outer loop
      vertex -67.0875 -6.5625 1.6
      vertex -48.8875 -6.5625 10
      vertex -67.0875 -6.5625 8
    endloop
  endfacet
  facet normal 0 1 0
    outer loop
      vertex -43.3875 -21.5625 1.6
      vertex -65.0875 -21.5625 10
      vertex -46.8875 -21.5625 8
    endloop
  endfacet
  facet normal 0 -1 0
    outer loop
      vertex -65.0875 -6.5625 1.6
      vertex -46.8875 -6.5625 8
      vertex -48.8875 -6.5625 10
    endloop
  endfacet
  facet normal 0 -1 0
    outer loop
      vertex -67.0875 -6.5625 8
      vertex -48.8875 -6.5625 10
      vertex -65.0875 -6.5625 10
    endloop
  endfacet
  facet normal 0 1 0
    outer loop
      vertex -46.8875 -21.5625 8
      vertex -65.0875 -21.5625 10
      vertex -48.8875 -21.5625 10
    endloop
  endfacet
  facet normal 0 1 0
    outer loop
      vertex -43.3875 -21.5625 1.6
      vertex -46.8875 -21.5625 8
      vertex -43.3875 -21.5625 8
    endloop
  endfacet
  facet normal 0 -1 0
    outer loop
      vertex -43.3875 -6.5625 1.6
      vertex -43.3875 -6.5625 8
      vertex -46.8875 -6.5625 8
    endloop
  endfacet
  facet normal 1 0 0
    outer loop
      vertex 8.5625 34.6875 0
      vertex 8.5625 49.6875 0
      vertex 8.5625 49.6875 1.6
    endloop
  endfacet
  facet normal 1 0 0
    outer loop
      vertex 8.5625 34.6875 0
      vertex 8.5625 49.6875 1.6
      vertex 8.5625 34.6875 1.6
    endloop
  endfacet
  facet normal 0 1 0
    outer loop
      vertex 8.5625 34.6875 0
      vertex 8.5625 34.6875 1.6
      vertex 28.262500000000003 34.6875 0
    endloop
  endfacet
  facet normal 0 1 0
    outer loop
      vertex 8.5625 34.6875 1.6
      vertex 28.262500000000003 34.6875 1.6
      vertex 28.262500000000003 34.6875 0
    endloop
  endfacet
  facet normal -1 0 0
    outer loop
      vertex 28.262500000000003 34.6875 0
      vertex 28.262500000000003 34.6875 1.6
      vertex 28.262500000000003 49.6875 0
    endloop
  endfacet
  facet normal -1 0 0
    outer loop
      vertex 28.262500000000003 34.6875 1.6
      vertex 28.262500000000003 49.6875 1.6
      vertex 28.262500000000003 49.6875 0
    endloop
  endfacet
  facet normal 0 -1 0
    outer loop
      vertex 8.5625 49.6875 0
      vertex 28.262500000000003 49.6875 0
      vertex 28.262500000000003 49.6875 1.6
    endloop
  endfacet
  facet normal 0 -1 0
    outer loop
      vertex 8.5625 49.6875 0
      vertex 28.262500000000003 49.6875 1.6
      vertex 8.5625 49.6875 1.6
    endloop
  endfacet
  facet normal 1 0 0
    outer loop
      vertex 8.5625 -21.5625 0
      vertex 8.5625 -6.5625 0
      vertex 8.5625 -6.5625 1.6
    endloop
  endfacet
  facet normal 1 0 0
    outer loop
      vertex 8.5625 -21.5625 0
      vertex 8.5625 -6.5625 1.6
      vertex 8.5625 -21.5625 1.6
    endloop
  endfacet
  facet normal 0 1 0
    outer loop
      vertex 8.5625 -21.5625 0
      vertex 8.5625 -21.5625 1.6
      vertex 28.262500000000003 -21.5625 0
    endloop
  endfacet
  facet normal 0 1 0
    outer loop
      vertex 8.5625 -21.5625 1.6
      vertex 28.262500000000003 -21.5625 1.6
      vertex 28.262500000000003 -21.5625 0
    endloop
  endfacet
  facet normal 0 -1 0
    outer loop
      vertex 8.5625 -6.5625 0
      vertex 28.262500000000003 -6.5625 0
      vertex 28.262500000000003 -6.5625 1.6
    endloop
  endfacet
  facet normal 0 -1 0
    outer loop
      vertex 8.5625 -6.5625 0
      vertex 28.262500000000003 -6.5625 1.6
      vertex 8.5625 -6.5625 1.6
    endloop
  endfacet
  facet normal -1 0 0
    outer loop
      vertex 28.262500000000003 -21.5625 0
      vertex 28.262500000000003 -21.5625 1.6
      vertex 28.262500000000003 -6.5625 0
    endloop
  endfacet
  facet normal -1 0 0
    outer loop
      vertex 28.262500000000003 -6.5625 0
      vertex 28.262500000000003 -21.5625 1.6
      vertex 28.262500000000003 -6.5625 1.6
    endloop
  endfacet
  facet normal 1 0 0
    outer loop
      vertex -65.0875 34.6875 0
      vertex -65.0875 49.6875 0
      vertex -65.0875 49.6875 1.6
    endloop
  endfacet
  facet normal 0 1 0
    outer loop
      vertex -65.0875 34.6875 0
      vertex -65.0875 34.6875 1.6
      vertex -45.3875 34.6875 0
    endloop
  endfacet
  facet normal 1 0 0
    outer loop
      vertex -65.0875 34.6875 0
      vertex -65.0875 49.6875 1.6
      vertex -65.0875 34.6875 1.6
    endloop
  endfacet
  facet normal -1 0 0
    outer loop
      vertex -45.3875 34.6875 0
      vertex -45.3875 34.6875 1.6
      vertex -45.3875 49.6875 0
    endloop
  endfacet
  facet normal 0 1 0
    outer loop
      vertex -45.3875 34.6875 0
      vertex -65.0875 34.6875 1.6
      vertex -45.3875 34.6875 1.6
    endloop
  endfacet
  facet normal -1 0 0
    outer loop
      vertex -45.3875 34.6875 1.6
      vertex -45.3875 49.6875 1.6
      vertex -45.3875 49.6875 0
    endloop
  endfacet
  facet normal 0 -1 0
    outer loop
      vertex -65.0875 49.6875 0
      vertex -45.3875 49.6875 1.6
      vertex -65.0875 49.6875 1.6
    endloop
  endfacet
  facet normal 0 -1 0
    outer loop
      vertex -65.0875 49.6875 0
      vertex -45.3875 49.6875 0
      vertex -45.3875 49.6875 1.6
    endloop
  endfacet
  facet normal 0 1 0
    outer loop
      vertex -65.0875 -49.6875 0
      vertex -65.0875 -49.6875 1.6
      vertex -45.3875 -49.6875 0
    endloop
  endfacet
  facet normal 0 1 0
    outer loop
      vertex -45.3875 -49.6875 0
      vertex -65.0875 -49.6875 1.6
      vertex -45.3875 -49.6875 1.6
    endloop
  endfacet
  facet normal 1 0 0
    outer loop
      vertex -65.0875 -49.6875 0
      vertex -65.0875 -34.6875 0
      vertex -65.0875 -34.6875 1.6
    endloop
  endfacet
  facet normal 1 0 0
    outer loop
      vertex -65.0875 -49.6875 0
      vertex -65.0875 -34.6875 1.6
      vertex -65.0875 -49.6875 1.6
    endloop
  endfacet
  facet normal 0 -1 0
    outer loop
      vertex -65.0875 -34.6875 0
      vertex -45.3875 -34.6875 1.6
      vertex -65.0875 -34.6875 1.6
    endloop
  endfacet
  facet normal 0 -1 0
    outer loop
      vertex -65.0875 -34.6875 0
      vertex -45.3875 -34.6875 0
      vertex -45.3875 -34.6875 1.6
    endloop
  endfacet
  facet normal -1 0 0
    outer loop
      vertex -45.3875 -49.6875 0
      vertex -45.3875 -49.6875 1.6
      vertex -45.3875 -34.6875 0
    endloop
  endfacet
  facet normal -1 0 0
    outer loop
      vertex -45.3875 -49.6875 1.6
      vertex -45.3875 -34.6875 1.6
      vertex -45.3875 -34.6875 0
    endloop
  endfacet
  facet normal 0 1 0
    outer loop
      vertex 45.3875 6.5625 0
      vertex 45.3875 6.5625 1.6
      vertex 65.0875 6.5625 0
    endloop
  endfacet
  facet normal 1 0 0
    outer loop
      vertex 45.3875 6.5625 0
      vertex 45.3875 21.5625 0
      vertex 45.3875 21.5625 1.6
    endloop
  endfacet
  facet normal 1 0 0
    outer loop
      vertex 45.3875 6.5625 0
      vertex 45.3875 21.5625 1.6
      vertex 45.3875 6.5625 1.6
    endloop
  endfacet
  facet normal 0 -1 0
    outer loop
      vertex 45.3875 21.5625 0
      vertex 65.0875 21.5625 1.6
      vertex 45.3875 21.5625 1.6
    endloop
  endfacet
  facet normal 0 1 0
    outer loop
      vertex 65.0875 6.5625 0
      vertex 45.3875 6.5625 1.6
      vertex 65.0875 6.5625 1.6
    endloop
  endfacet
  facet normal 0 -1 0
    outer loop
      vertex 45.3875 21.5625 0
      vertex 65.0875 21.5625 0
      vertex 65.0875 21.5625 1.6
    endloop
  endfacet
  facet normal -1 0 0
    outer loop
      vertex 65.0875 6.5625 0
      vertex 65.0875 6.5625 1.6
      vertex 65.0875 21.5625 0
    endloop
  endfacet
  facet normal -1 0 0
    outer loop
      vertex 65.0875 21.5625 0
      vertex 65.0875 6.5625 1.6
      vertex 65.0875 21.5625 1.6
    endloop
  endfacet
  facet normal 0 1 0
    outer loop
      vertex 45.3875 -49.6875 0
      vertex 45.3875 -49.6875 1.6
      vertex 65.0875 -49.6875 0
    endloop
  endfacet
  facet normal 0 1 0
    outer loop
      vertex 65.0875 -49.6875 0
      vertex 45.3875 -49.6875 1.6
      vertex 65.0875 -49.6875 1.6
    endloop
  endfacet
  facet normal 1 0 0
    outer loop
      vertex 45.3875 -49.6875 0
      vertex 45.3875 -34.6875 0
      vertex 45.3875 -34.6875 1.6
    endloop
  endfacet
  facet normal 1 0 0
    outer loop
      vertex 45.3875 -49.6875 0
      vertex 45.3875 -34.6875 1.6
      vertex 45.3875 -49.6875 1.6
    endloop
  endfacet
  facet normal 0 -1 0
    outer loop
      vertex 45.3875 -34.6875 0
      vertex 65.0875 -34.6875 1.6
      vertex 45.3875 -34.6875 1.6
    endloop
  endfacet
  facet normal 0 -1 0
    outer loop
      vertex 45.3875 -34.6875 0
      vertex 65.0875 -34.6875 0
      vertex 65.0875 -34.6875 1.6
    endloop
  endfacet
  facet normal -1 0 0
    outer loop
      vertex 65.0875 -49.6875 0
      vertex 65.0875 -49.6875 1.6
      vertex 65.0875 -34.6875 0
    endloop
  endfacet
  facet normal -1 0 0
    outer loop
      vertex 65.0875 -49.6875 1.6
      vertex 65.0875 -34.6875 1.6
      vertex 65.0875 -34.6875 0
    endloop
  endfacet
  facet normal 1 0 0
    outer loop
      vertex -28.262500000000003 6.5625 0
      vertex -28.262500000000003 21.5625 0
      vertex -28.262500000000003 21.5625 1.6
    endloop
  endfacet
  facet normal 1 0 0
    outer loop
      vertex -28.262500000000003 6.5625 0
      vertex -28.262500000000003 21.5625 1.6
      vertex -28.262500000000003 6.5625 1.6
    endloop
  endfacet
  facet normal 0 1 0
    outer loop
      vertex -28.262500000000003 6.5625 0
      vertex -28.262500000000003 6.5625 1.6
      vertex -8.5625 6.5625 0
    endloop
  endfacet
  facet normal 0 1 0
    outer loop
      vertex -28.262500000000003 6.5625 1.6
      vertex -8.5625 6.5625 1.6
      vertex -8.5625 6.5625 0
    endloop
  endfacet
  facet normal 0 -1 0
    outer loop
      vertex -28.262500000000003 21.5625 0
      vertex -8.5625 21.5625 0
      vertex -8.5625 21.5625 1.6
    endloop
  endfacet
  facet normal 0 -1 0
    outer loop
      vertex -28.262500000000003 21.5625 0
      vertex -8.5625 21.5625 1.6
      vertex -28.262500000000003 21.5625 1.6
    endloop
  endfacet
  facet normal -1 0 0
    outer loop
      vertex -8.5625 6.5625 0
      vertex -8.5625 6.5625 1.6
      vertex -8.5625 21.5625 0
    endloop
  endfacet
  facet normal -1 0 0
    outer loop
      vertex -8.5625 21.5625 0
      vertex -8.5625 6.5625 1.6
      vertex -8.5625 21.5625 1.6
    endloop
  endfacet
  facet normal 0 1 0
    outer loop
      vertex -28.262500000000003 -49.6875 0
      vertex -28.262500000000003 -49.6875 1.6
      vertex -8.5625 -49.6875 0
    endloop
  endfacet
  facet normal 0 1 0
    outer loop
      vertex -28.262500000000003 -49.6875 1.6
      vertex -8.5625 -49.6875 1.6
      vertex -8.5625 -49.6875 0
    endloop
  endfacet
  facet normal 1 0 0
    outer loop
      vertex -28.262500000000003 -49.6875 0
      vertex -28.262500000000003 -34.6875 0
      vertex -28.262500000000003 -34.6875 1.6
    endloop
  endfacet
  facet normal 1 0 0
    outer loop
      vertex -28.262500000000003 -49.6875 0
      vertex -28.262500000000003 -34.6875 1.6
      vertex -28.262500000000003 -49.6875 1.6
    endloop
  endfacet
  facet normal 0 -1 0
    outer loop
      vertex -28.262500000000003 -34.6875 0
      vertex -8.5625 -34.6875 0
      vertex -8.5625 -34.6875 1.6
    endloop
  endfacet
  facet normal 0 -1 0
    outer loop
      vertex -28.262500000000003 -34.6875 0
      vertex -8.5625 -34.6875 1.6
      vertex -28.262500000000003 -34.6875 1.6
    endloop
  endfacet
  facet normal -1 0 0
    outer loop
      vertex -8.5625 -49.6875 0
      vertex -8.5625 -49.6875 1.6
      vertex -8.5625 -34.6875 0
    endloop
  endfacet
  facet normal -1 0 0
    outer loop
      vertex -8.5625 -49.6875 1.6
      vertex -8.5625 -34.6875 1.6
      vertex -8.5625 -34.6875 0
    endloop
  endfacet
  facet normal 1 0 0
    outer loop
      vertex 45.3875 34.6875 0
      vertex 45.3875 49.6875 0
      vertex 45.3875 49.6875 1.6
    endloop
  endfacet
  facet normal 0 1 0
    outer loop
      vertex 45.3875 34.6875 0
      vertex 45.3875 34.6875 1.6
      vertex 65.0875 34.6875 0
    endloop
  endfacet
  facet normal 1 0 0
    outer loop
      vertex 45.3875 34.6875 0
      vertex 45.3875 49.6875 1.6
      vertex 45.3875 34.6875 1.6
    endloop
  endfacet
  facet normal -1 0 0
    outer loop
      vertex 65.0875 34.6875 0
      vertex 65.0875 34.6875 1.6
      vertex 65.0875 49.6875 0
    endloop
  endfacet
  facet normal 0 1 0
    outer loop
      vertex 65.0875 34.6875 0
      vertex 45.3875 34.6875 1.6
      vertex 65.0875 34.6875 1.6
    endloop
  endfacet
  facet normal -1 0 0
    outer loop
      vertex 65.0875 34.6875 1.6
      vertex 65.0875 49.6875 1.6
      vertex 65.0875 49.6875 0
    endloop
  endfacet
  facet normal 0 -1 0
    outer loop
      vertex 45.3875 49.6875 0
      vertex 65.0875 49.6875 1.6
      vertex 45.3875 49.6875 1.6
    endloop
  endfacet
  facet normal 0 -1 0
    outer loop
      vertex 45.3875 49.6875 0
      vertex 65.0875 49.6875 0
      vertex 65.0875 49.6875 1.6
    endloop
  endfacet
  facet normal 1 0 0
    outer loop
      vertex 45.3875 -21.5625 0
      vertex 45.3875 -6.5625 0
      vertex 45.3875 -6.5625 1.6
    endloop
  endfacet
  facet normal 0 1 0
    outer loop
      vertex 45.3875 -21.5625 0
      vertex 45.3875 -21.5625 1.6
      vertex 65.0875 -21.5625 0
    endloop
  endfacet
  facet normal 1 0 0
    outer loop
      vertex 45.3875 -21.5625 0
      vertex 45.3875 -6.5625 1.6
      vertex 45.3875 -21.5625 1.6
    endloop
  endfacet
  facet normal 0 -1 0
    outer loop
      vertex 45.3875 -6.5625 0
      vertex 65.0875 -6.5625 1.6
      vertex 45.3875 -6.5625 1.6
    endloop
  endfacet
  facet normal -1 0 0
    outer loop
      vertex 65.0875 -21.5625 0
      vertex 65.0875 -21.5625 1.6
      vertex 65.0875 -6.5625 0
    endloop
  endfacet
  facet normal 0 1 0
    outer loop
      vertex 65.0875 -21.5625 0
      vertex 45.3875 -21.5625 1.6
      vertex 65.0875 -21.5625 1.6
    endloop
  endfacet
  facet normal -1 0 0
    outer loop
      vertex 65.0875 -6.5625 0
      vertex 65.0875 -21.5625 1.6
      vertex 65.0875 -6.5625 1.6
    endloop
  endfacet
  facet normal 0 -1 0
    outer loop
      vertex 45.3875 -6.5625 0
      vertex 65.0875 -6.5625 0
      vertex 65.0875 -6.5625 1.6
    endloop
  endfacet
  facet normal 1 0 0
    outer loop
      vertex -28.262500000000003 34.6875 0
      vertex -28.262500000000003 49.6875 0
      vertex -28.262500000000003 49.6875 1.6
    endloop
  endfacet
  facet normal 1 0 0
    outer loop
      vertex -28.262500000000003 34.6875 0
      vertex -28.262500000000003 49.6875 1.6
      vertex -28.262500000000003 34.6875 1.6
    endloop
  endfacet
  facet normal 0 1 0
    outer loop
      vertex -28.262500000000003 34.6875 0
      vertex -28.262500000000003 34.6875 1.6
      vertex -8.5625 34.6875 0
    endloop
  endfacet
  facet normal 0 1 0
    outer loop
      vertex -28.262500000000003 34.6875 1.6
      vertex -8.5625 34.6875 1.6
      vertex -8.5625 34.6875 0
    endloop
  endfacet
  facet normal -1 0 0
    outer loop
      vertex -8.5625 34.6875 0
      vertex -8.5625 34.6875 1.6
      vertex -8.5625 49.6875 0
    endloop
  endfacet
  facet normal -1 0 0
    outer loop
      vertex -8.5625 34.6875 1.6
      vertex -8.5625 49.6875 1.6
      vertex -8.5625 49.6875 0
    endloop
  endfacet
  facet normal 0 -1 0
    outer loop
      vertex -28.262500000000003 49.6875 0
      vertex -8.5625 49.6875 0
      vertex -8.5625 49.6875 1.6
    endloop
  endfacet
  facet normal 0 -1 0
    outer loop
      vertex -28.262500000000003 49.6875 0
      vertex -8.5625 49.6875 1.6
      vertex -28.262500000000003 49.6875 1.6
    endloop
  endfacet
  facet normal 1 0 0
    outer loop
      vertex -28.262500000000003 -21.5625 0
      vertex -28.262500000000003 -6.5625 0
      vertex -28.262500000000003 -6.5625 1.6
    endloop
  endfacet
  facet normal 1 0 0
    outer loop
      vertex -28.262500000000003 -21.5625 0
      vertex -28.262500000000003 -6.5625 1.6
      vertex -28.262500000000003 -21.5625 1.6
    endloop
  endfacet
  facet normal 0 1 0
    outer loop
      vertex -28.262500000000003 -21.5625 0
      vertex -28.262500000000003 -21.5625 1.6
      vertex -8.5625 -21.5625 0
    endloop
  endfacet
  facet normal 0 1 0
    outer loop
      vertex -28.262500000000003 -21.5625 1.6
      vertex -8.5625 -21.5625 1.6
      vertex -8.5625 -21.5625 0
    endloop
  endfacet
  facet normal 0 -1 0
    outer loop
      vertex -28.262500000000003 -6.5625 0
      vertex -8.5625 -6.5625 0
      vertex -8.5625 -6.5625 1.6
    endloop
  endfacet
  facet normal 0 -1 0
    outer loop
      vertex -28.262500000000003 -6.5625 0
      vertex -8.5625 -6.5625 1.6
      vertex -28.262500000000003 -6.5625 1.6
    endloop
  endfacet
  facet normal -1 0 0
    outer loop
      vertex -8.5625 -21.5625 0
      vertex -8.5625 -21.5625 1.6
      vertex -8.5625 -6.5625 0
    endloop
  endfacet
  facet normal -1 0 0
    outer loop
      vertex -8.5625 -6.5625 0
      vertex -8.5625 -21.5625 1.6
      vertex -8.5625 -6.5625 1.6
    endloop
  endfacet
  facet normal 1 0 0
    outer loop
      vertex 8.5625 6.5625 0
      vertex 8.5625 21.5625 0
      vertex 8.5625 21.5625 1.6
    endloop
  endfacet
  facet normal 1 0 0
    outer loop
      vertex 8.5625 6.5625 0
      vertex 8.5625 21.5625 1.6
      vertex 8.5625 6.5625 1.6
    endloop
  endfacet
  facet normal 0 1 0
    outer loop
      vertex 8.5625 6.5625 0
      vertex 8.5625 6.5625 1.6
      vertex 28.262500000000003 6.5625 0
    endloop
  endfacet
  facet normal 0 1 0
    outer loop
      vertex 8.5625 6.5625 1.6
      vertex 28.262500000000003 6.5625 1.6
      vertex 28.262500000000003 6.5625 0
    endloop
  endfacet
  facet normal 0 -1 0
    outer loop
      vertex 8.5625 21.5625 0
      vertex 28.262500000000003 21.5625 0
      vertex 28.262500000000003 21.5625 1.6
    endloop
  endfacet
  facet normal 0 -1 0
    outer loop
      vertex 8.5625 21.5625 0
      vertex 28.262500000000003 21.5625 1.6
      vertex 8.5625 21.5625 1.6
    endloop
  endfacet
  facet normal -1 0 0
    outer loop
      vertex 28.262500000000003 6.5625 0
      vertex 28.262500000000003 6.5625 1.6
      vertex 28.262500000000003 21.5625 0
    endloop
  endfacet
  facet normal -1 0 0
    outer loop
      vertex 28.262500000000003 21.5625 0
      vertex 28.262500000000003 6.5625 1.6
      vertex 28.262500000000003 21.5625 1.6
    endloop
  endfacet
  facet normal 0 1 0
    outer loop
      vertex 8.5625 -49.6875 0
      vertex 8.5625 -49.6875 1.6
      vertex 28.262500000000003 -49.6875 0
    endloop
  endfacet
  facet normal 0 1 0
    outer loop
      vertex 8.5625 -49.6875 1.6
      vertex 28.262500000000003 -49.6875 1.6
      vertex 28.262500000000003 -49.6875 0
    endloop
  endfacet
  facet normal 1 0 0
    outer loop
      vertex 8.5625 -49.6875 0
      vertex 8.5625 -34.6875 0
      vertex 8.5625 -34.6875 1.6
    endloop
  endfacet
  facet normal 1 0 0
    outer loop
      vertex 8.5625 -49.6875 0
      vertex 8.5625 -34.6875 1.6
      vertex 8.5625 -49.6875 1.6
    endloop
  endfacet
  facet normal 0 -1 0
    outer loop
      vertex 8.5625 -34.6875 0
      vertex 28.262500000000003 -34.6875 0
      vertex 28.262500000000003 -34.6875 1.6
    endloop
  endfacet
  facet normal 0 -1 0
    outer loop
      vertex 8.5625 -34.6875 0
      vertex 28.262500000000003 -34.6875 1.6
      vertex 8.5625 -34.6875 1.6
    endloop
  endfacet
  facet normal -1 0 0
    outer loop
      vertex 28.262500000000003 -49.6875 0
      vertex 28.262500000000003 -49.6875 1.6
      vertex 28.262500000000003 -34.6875 0
    endloop
  endfacet
  facet normal -1 0 0
    outer loop
      vertex 28.262500000000003 -49.6875 1.6
      vertex 28.262500000000003 -34.6875 1.6
      vertex 28.262500000000003 -34.6875 0
    endloop
  endfacet
  facet normal 0 1 0
    outer loop
      vertex -65.0875 6.5625 0
      vertex -65.0875 6.5625 1.6
      vertex -45.3875 6.5625 0
    endloop
  endfacet
  facet normal 1 0 0
    outer loop
      vertex -65.0875 6.5625 0
      vertex -65.0875 21.5625 0
      vertex -65.0875 21.5625 1.6
    endloop
  endfacet
  facet normal 1 0 0
    outer loop
      vertex -65.0875 6.5625 0
      vertex -65.0875 21.5625 1.6
      vertex -65.0875 6.5625 1.6
    endloop
  endfacet
  facet normal 0 -1 0
    outer loop
      vertex -65.0875 21.5625 0
      vertex -45.3875 21.5625 1.6
      vertex -65.0875 21.5625 1.6
    endloop
  endfacet
  facet normal 0 1 0
    outer loop
      vertex -45.3875 6.5625 0
      vertex -65.0875 6.5625 1.6
      vertex -45.3875 6.5625 1.6
    endloop
  endfacet
  facet normal 0 -1 0
    outer loop
      vertex -65.0875 21.5625 0
      vertex -45.3875 21.5625 0
      vertex -45.3875 21.5625 1.6
    endloop
  endfacet
  facet normal -1 0 0
    outer loop
      vertex -45.3875 6.5625 0
      vertex -45.3875 6.5625 1.6
      vertex -45.3875 21.5625 0
    endloop
  endfacet
  facet normal -1 0 0
    outer loop
      vertex -45.3875 21.5625 0
      vertex -45.3875 6.5625 1.6
      vertex -45.3875 21.5625 1.6
    endloop
  endfacet
  facet normal 1 0 0
    outer loop
      vertex -65.0875 -21.5625 0
      vertex -65.0875 -6.5625 0
      vertex -65.0875 -6.5625 1.6
    endloop
  endfacet
  facet normal 0 1 0
    outer loop
      vertex -65.0875 -21.5625 0
      vertex -65.0875 -21.5625 1.6
      vertex -45.3875 -21.5625 0
    endloop
  endfacet
  facet normal 1 0 0
    outer loop
      vertex -65.0875 -21.5625 0
      vertex -65.0875 -6.5625 1.6
      vertex -65.0875 -21.5625 1.6
    endloop
  endfacet
  facet normal 0 -1 0
    outer loop
      vertex -65.0875 -6.5625 0
      vertex -45.3875 -6.5625 1.6
      vertex -65.0875 -6.5625 1.6
    endloop
  endfacet
  facet normal -1 0 0
    outer loop
      vertex -45.3875 -21.5625 0
      vertex -45.3875 -21.5625 1.6
      vertex -45.3875 -6.5625 0
    endloop
  endfacet
  facet normal 0 1 0
    outer loop
      vertex -45.3875 -21.5625 0
      vertex -65.0875 -21.5625 1.6
      vertex -45.3875 -21.5625 1.6
    endloop
  endfacet
  facet normal -1 0 0
    outer loop
      vertex -45.3875 -6.5625 0
      vertex -45.3875 -21.5625 1.6
      vertex -45.3875 -6.5625 1.6
    endloop
  endfacet
  facet normal 0 -1 0
    outer loop
      vertex -65.0875 -6.5625 0
      vertex -45.3875 -6.5625 0
      vertex -45.3875 -6.5625 1.6
    endloop
  endfacet
  facet normal 0 0 -1
    outer loop
      vertex 0 28.125 0
      vertex 6.5625 51.220346715328475 0
      vertex 6.5625 28.125 0
    endloop
  endfacet
  facet normal 0 0 -1
    outer loop
      vertex 0 28.125 0
      vertex 5.566950464396285 51.98335913312694 0
      vertex 6.5625 51.220346715328475 0
    endloop
  endfacet
  facet normal 1 0 0
    outer loop
      vertex 6.5625 34.6875 1.6
      vertex 6.5625 49.6875 1.6
      vertex 6.5625 34.6875 8
    endloop
  endfacet
  facet normal 0 0 -1
    outer loop
      vertex 0 28.125 0
      vertex 0 56.25 0
      vertex 5.566950464396285 51.98335913312694 0
    endloop
  endfacet
  facet normal 0 0 -1
    outer loop
      vertex 5.566950464396285 51.98335913312694 0
      vertex 0 56.25 0
      vertex 6.5625 56.25 0
    endloop
  endfacet
  facet normal 0 1 0
    outer loop
      vertex 0 56.25 0
      vertex 3.6022219116825056 56.25 4.510899944102851
      vertex 6.5625 56.25 0
    endloop
  endfacet
  facet normal 0 1 0
    outer loop
      vertex 0 56.25 0
      vertex 0 56.25 10
      vertex 3.6022219116825056 56.25 4.510899944102851
    endloop
  endfacet
  facet normal 1 0 0
    outer loop
      vertex 6.5625 49.6875 1.6
      vertex 6.5625 49.6875 8
      vertex 6.5625 34.6875 8
    endloop
  endfacet
  facet normal 0 0 1
    outer loop
      vertex 0 28.125 10
      vertex 6.5625 28.125 10
      vertex 5.320945945945951 33.44594594594595 10
    endloop
  endfacet
  facet normal 0 0 1
    outer loop
      vertex 0 28.125 10
      vertex 5.320945945945951 33.44594594594595 10
      vertex 6.5625 56.25 10
    endloop
  endfacet
  facet normal 0 0 1
    outer loop
      vertex 0 28.125 10
      vertex 6.5625 56.25 10
      vertex 0 49.6875 10
    endloop
  endfacet
  facet normal 0 0 1
    outer loop
      vertex 5.320945945945951 33.44594594594595 10
      vertex 6.5625 34.6875 10
      vertex 6.5625 56.25 10
    endloop
  endfacet
  facet normal 0 1 0
    outer loop
      vertex 3.6022219116825056 56.25 4.510899944102851
      vertex 6.5625 56.25 10
      vertex 6.5625 56.25 8.217922606924644
    endloop
  endfacet
  facet normal 0 1 0
    outer loop
      vertex 3.6022219116825056 56.25 4.510899944102851
      vertex 0 56.25 10
      vertex 6.5625 56.25 10
    endloop
  endfacet
  facet normal 0 0 1
    outer loop
      vertex 0 49.6875 10
      vertex 6.5625 56.25 10
      vertex 0 56.25 10
    endloop
  endfacet
  facet normal 0 0 -1
    outer loop
      vertex 0 -28.125 0
      vertex 6.5625 -5.029653284671532 0
      vertex 6.5625 -28.125 0
    endloop
  endfacet
  facet normal 0 0 -1
    outer loop
      vertex 0 -28.125 0
      vertex 5.566950464396285 -4.266640866873061 0
      vertex 6.5625 -5.029653284671532 0
    endloop
  endfacet
  facet normal 0 0 -1
    outer loop
      vertex 0 -28.125 0
      vertex 0 0 0
      vertex 5.566950464396285 -4.266640866873061 0
    endloop
  endfacet
  facet normal 0 0 -1
    outer loop
      vertex 5.566950464396285 -4.266640866873061 0
      vertex 0 0 0
      vertex 6.5625 0 0
    endloop
  endfacet
  facet normal 1 0 0
    outer loop
      vertex 6.5625 -21.5625 1.6
      vertex 6.5625 -6.5625 1.6
      vertex 6.5625 -21.5625 8
    endloop
  endfacet
  facet normal 1 0 0
    outer loop
      vertex 6.5625 -6.5625 1.6
      vertex 6.5625 -6.5625 8
      vertex 6.5625 -21.5625 8
    endloop
  endfacet
  facet normal 0 0 1
    outer loop
      vertex 0 -28.125 10
      vertex 6.5625 -28.125 10
      vertex 5.320945945945951 -22.804054054054056 10
    endloop
  endfacet
  facet normal 0 0 1
    outer loop
      vertex 0 -28.125 10
      vertex 5.320945945945951 -22.804054054054056 10
      vertex 6.5625 0 10
    endloop
  endfacet
  facet normal 0 0 1
    outer loop
      vertex 0 -28.125 10
      vertex 6.5625 0 10
      vertex 0 -6.5625 10
    endloop
  endfacet
  facet normal 0 0 1
    outer loop
      vertex 5.320945945945951 -22.804054054054056 10
      vertex 6.5625 -21.5625 10
      vertex 6.5625 0 10
    endloop
  endfacet
  facet normal 0 0 1
    outer loop
      vertex 0 -6.5625 10
      vertex 6.5625 0 10
      vertex 0 0 10
    endloop
  endfacet
  facet normal 0 0 -1
    outer loop
      vertex -73.65 28.125 0
      vertex -67.0875 51.220346715328475 0
      vertex -67.0875 28.125 0
    endloop
  endfacet
  facet normal 0 0 -1
    outer loop
      vertex -73.65 28.125 0
      vertex -68.08304953560372 51.98335913312694 0
      vertex -67.0875 51.220346715328475 0
    endloop
  endfacet
  facet normal 1 0 0
    outer loop
      vertex -67.0875 34.6875 1.6
      vertex -67.0875 49.6875 1.6
      vertex -67.0875 34.6875 8
    endloop
  endfacet
  facet normal 0 0 -1
    outer loop
      vertex -73.65 28.125 0
      vertex -73.65 56.25 0
      vertex -68.08304953560372 51.98335913312694 0
    endloop
  endfacet
  facet normal 0 0 -1
    outer loop
      vertex -68.08304953560372 51.98335913312694 0
      vertex -73.65 56.25 0
      vertex -67.0875 56.25 0
    endloop
  endfacet
  facet normal 0 1 0
    outer loop
      vertex -73.65 56.25 0
      vertex -70.0477780883175 56.25 4.510899944102851
      vertex -67.0875 56.25 0
    endloop
  endfacet
  facet normal 0 1 0
    outer loop
      vertex -73.65 56.25 0
      vertex -73.65 56.25 10
      vertex -70.0477780883175 56.25 4.510899944102851
    endloop
  endfacet
  facet normal 1 0 0
    outer loop
      vertex -67.0875 49.6875 1.6
      vertex -67.0875 49.6875 8
      vertex -67.0875 34.6875 8
    endloop
  endfacet
  facet normal 0 0 1
    outer loop
      vertex -73.65 28.125 10
      vertex -67.0875 28.125 10
      vertex -68.32905405405405 33.44594594594595 10
    endloop
  endfacet
  facet normal 0 0 1
    outer loop
      vertex -73.65 28.125 10
      vertex -68.32905405405405 33.44594594594595 10
      vertex -67.0875 56.25 10
    endloop
  endfacet
  facet normal 0 0 1
    outer loop
      vertex -68.32905405405405 33.44594594594595 10
      vertex -67.0875 34.6875 10
      vertex -67.0875 56.25 10
    endloop
  endfacet
  facet normal 0 1 0
    outer loop
      vertex -70.0477780883175 56.25 4.510899944102851
      vertex -67.0875 56.25 10
      vertex -67.0875 56.25 8.217922606924644
    endloop
  endfacet
  facet normal 0 1 0
    outer loop
      vertex -70.0477780883175 56.25 4.510899944102851
      vertex -73.65 56.25 10
      vertex -67.0875 56.25 10
    endloop
  endfacet
  facet normal 0 0 1
    outer loop
      vertex -73.65 28.125 10
      vertex -67.0875 56.25 10
      vertex -73.65 56.25 10
    endloop
  endfacet
  facet normal 0 0 -1
    outer loop
      vertex -73.65 -56.25 0
      vertex -67.0875 -33.15465328467153 0
      vertex -67.0875 -56.25 0
    endloop
  endfacet
  facet normal 0 0 -1
    outer loop
      vertex -73.65 -56.25 0
      vertex -68.08304953560372 -32.39164086687306 0
      vertex -67.0875 -33.15465328467153 0
    endloop
  endfacet
  facet normal 0 0 -1
    outer loop
      vertex -73.65 -56.25 0
      vertex -73.65 -28.125 0
      vertex -68.08304953560372 -32.39164086687306 0
    endloop
  endfacet
  facet normal 0 0 -1
    outer loop
      vertex -73.65 -28.125 0
      vertex -67.0875 -28.125 0
      vertex -68.08304953560372 -32.39164086687306 0
    endloop
  endfacet
  facet normal 1 0 0
    outer loop
      vertex -67.0875 -49.6875 1.6
      vertex -67.0875 -34.6875 1.6
      vertex -67.0875 -49.6875 8
    endloop
  endfacet
  facet normal 0 0 1
    outer loop
      vertex -73.65 -56.25 10
      vertex -67.0875 -56.25 10
      vertex -68.32905405405405 -50.929054054054056 10
    endloop
  endfacet
  facet normal 0 0 1
    outer loop
      vertex -73.65 -56.25 10
      vertex -68.32905405405405 -50.929054054054056 10
      vertex -67.0875 -28.125 10
    endloop
  endfacet
  facet normal 1 0 0
    outer loop
      vertex -67.0875 -34.6875 1.6
      vertex -67.0875 -34.6875 8
      vertex -67.0875 -49.6875 8
    endloop
  endfacet
  facet normal 0 0 1
    outer loop
      vertex -68.32905405405405 -50.929054054054056 10
      vertex -67.0875 -49.6875 10
      vertex -67.0875 -28.125 10
    endloop
  endfacet
  facet normal 0 0 1
    outer loop
      vertex -73.65 -56.25 10
      vertex -67.0875 -28.125 10
      vertex -73.65 -28.125 10
    endloop
  endfacet
  facet normal 0 0 -1
    outer loop
      vertex 36.825 0 0
      vertex 43.3875 23.095346715328475 0
      vertex 43.3875 0 0
    endloop
  endfacet
  facet normal 0 0 -1
    outer loop
      vertex 36.825 0 0
      vertex 36.825 28.125 0
      vertex 42.39195046439629 23.85835913312694 0
    endloop
  endfacet
  facet normal 0 0 -1
    outer loop
      vertex 36.825 0 0
      vertex 42.39195046439629 23.85835913312694 0
      vertex 43.3875 23.095346715328475 0
    endloop
  endfacet
  facet normal 0 0 -1
    outer loop
      vertex 36.825 28.125 0
      vertex 43.3875 28.125 0
      vertex 42.39195046439629 23.85835913312694 0
    endloop
  endfacet
  facet normal 1 0 0
    outer loop
      vertex 43.3875 6.5625 1.6
      vertex 43.3875 21.5625 1.6
      vertex 43.3875 6.5625 8
    endloop
  endfacet
  facet normal 1 0 0
    outer loop
      vertex 43.3875 21.5625 1.6
      vertex 43.3875 21.5625 8
      vertex 43.3875 6.5625 8
    endloop
  endfacet
  facet normal 0 0 1
    outer loop
      vertex 36.825 0 10
      vertex 43.3875 0 10
      vertex 42.145945945945954 5.320945945945944 10
    endloop
  endfacet
  facet normal 0 0 1
    outer loop
      vertex 36.825 0 10
      vertex 42.145945945945954 5.320945945945944 10
      vertex 43.3875 28.125 10
    endloop
  endfacet
  facet normal 0 0 1
    outer loop
      vertex 36.825 0 10
      vertex 43.3875 28.125 10
      vertex 36.825 21.5625 10
    endloop
  endfacet
  facet normal 0 0 1
    outer loop
      vertex 42.145945945945954 5.320945945945944 10
      vertex 43.3875 6.5625 10
      vertex 43.3875 28.125 10
    endloop
  endfacet
  facet normal 0 0 1
    outer loop
      vertex 36.825 21.5625 10
      vertex 43.3875 28.125 10
      vertex 36.825 28.125 10
    endloop
  endfacet
  facet normal 0 0 -1
    outer loop
      vertex 36.825 -56.25 0
      vertex 43.3875 -33.15465328467153 0
      vertex 43.3875 -56.25 0
    endloop
  endfacet
  facet normal 0 0 -1
    outer loop
      vertex 36.825 -56.25 0
      vertex 36.825 -28.125 0
      vertex 42.39195046439629 -32.39164086687306 0
    endloop
  endfacet
  facet normal 0 0 -1
    outer loop
      vertex 36.825 -56.25 0
      vertex 42.39195046439629 -32.39164086687306 0
      vertex 43.3875 -33.15465328467153 0
    endloop
  endfacet
  facet normal 0 0 -1
    outer loop
      vertex 36.825 -28.125 0
      vertex 43.3875 -28.125 0
      vertex 42.39195046439629 -32.39164086687306 0
    endloop
  endfacet
  facet normal 1 0 0
    outer loop
      vertex 43.3875 -49.6875 1.6
      vertex 43.3875 -34.6875 1.6
      vertex 43.3875 -49.6875 8
    endloop
  endfacet
  facet normal 0 0 1
    outer loop
      vertex 36.825 -56.25 10
      vertex 43.3875 -56.25 10
      vertex 42.145945945945954 -50.929054054054056 10
    endloop
  endfacet
  facet normal 0 0 1
    outer loop
      vertex 36.825 -56.25 10
      vertex 42.145945945945954 -50.929054054054056 10
      vertex 43.3875 -28.125 10
    endloop
  endfacet
  facet normal 1 0 0
    outer loop
      vertex 43.3875 -34.6875 1.6
      vertex 43.3875 -34.6875 8
      vertex 43.3875 -49.6875 8
    endloop
  endfacet
  facet normal 0 0 1
    outer loop
      vertex 36.825 -56.25 10
      vertex 43.3875 -28.125 10
      vertex 36.825 -34.6875 10
    endloop
  endfacet
  facet normal 0 0 1
    outer loop
      vertex 42.145945945945954 -50.929054054054056 10
      vertex 43.3875 -49.6875 10
      vertex 43.3875 -28.125 10
    endloop
  endfacet
  facet normal 0 0 1
    outer loop
      vertex 36.825 -34.6875 10
      vertex 43.3875 -28.125 10
      vertex 36.825 -28.125 10
    endloop
  endfacet
  facet normal 0 0 -1
    outer loop
      vertex -36.825 0 0
      vertex -36.825 28.125 0
      vertex -31.258049535603718 23.85835913312694 0
    endloop
  endfacet
  facet normal 0 0 -1
    outer loop
      vertex -36.825 0 0
      vertex -30.262500000000003 23.095346715328475 0
      vertex -30.262500000000003 0 0
    endloop
  endfacet
  facet normal 0 0 -1
    outer loop
      vertex -36.825 0 0
      vertex -31.258049535603718 23.85835913312694 0
      vertex -30.262500000000003 23.095346715328475 0
    endloop
  endfacet
  facet normal 0 0 -1
    outer loop
      vertex -36.825 28.125 0
      vertex -30.262500000000003 28.125 0
      vertex -31.258049535603718 23.85835913312694 0
    endloop
  endfacet
  facet normal 1 0 0
    outer loop
      vertex -30.262500000000003 6.5625 1.6
      vertex -30.262500000000003 21.5625 1.6
      vertex -30.262500000000003 6.5625 8
    endloop
  endfacet
  facet normal 1 0 0
    outer loop
      vertex -30.262500000000003 21.5625 1.6
      vertex -30.262500000000003 21.5625 8
      vertex -30.262500000000003 6.5625 8
    endloop
  endfacet
  facet normal 0 0 1
    outer loop
      vertex -36.825 0 10
      vertex -30.262500000000003 28.125 10
      vertex -36.825 21.5625 10
    endloop
  endfacet
  facet normal 0 0 1
    outer loop
      vertex -36.825 0 10
      vertex -30.262500000000003 0 10
      vertex -31.50405405405406 5.320945945945944 10
    endloop
  endfacet
  facet normal 0 0 1
    outer loop
      vertex -36.825 0 10
      vertex -31.50405405405406 5.320945945945944 10
      vertex -30.262500000000003 28.125 10
    endloop
  endfacet
  facet normal 0 0 1
    outer loop
      vertex -31.50405405405406 5.320945945945944 10
      vertex -30.262500000000003 6.5625 10
      vertex -30.262500000000003 28.125 10
    endloop
  endfacet
  facet normal 0 0 1
    outer loop
      vertex -36.825 21.5625 10
      vertex -30.262500000000003 28.125 10
      vertex -36.825 28.125 10
    endloop
  endfacet
  facet normal 0 0 -1
    outer loop
      vertex -36.825 -56.25 0
      vertex -30.262500000000003 -33.15465328467153 0
      vertex -30.262500000000003 -56.25 0
    endloop
  endfacet
  facet normal 0 0 -1
    outer loop
      vertex -36.825 -56.25 0
      vertex -36.825 -28.125 0
      vertex -31.258049535603718 -32.39164086687306 0
    endloop
  endfacet
  facet normal 0 0 -1
    outer loop
      vertex -36.825 -56.25 0
      vertex -31.258049535603718 -32.39164086687306 0
      vertex -30.262500000000003 -33.15465328467153 0
    endloop
  endfacet
  facet normal 0 0 -1
    outer loop
      vertex -36.825 -28.125 0
      vertex -30.262500000000003 -28.125 0
      vertex -31.258049535603718 -32.39164086687306 0
    endloop
  endfacet
  facet normal 1 0 0
    outer loop
      vertex -30.262500000000003 -49.6875 1.6
      vertex -30.262500000000003 -34.6875 1.6
      vertex -30.262500000000003 -49.6875 8
    endloop
  endfacet
  facet normal 0 0 1
    outer loop
      vertex -36.825 -56.25 10
      vertex -30.262500000000003 -56.25 10
      vertex -31.50405405405406 -50.929054054054056 10
    endloop
  endfacet
  facet normal 0 0 1
    outer loop
      vertex -36.825 -56.25 10
      vertex -31.50405405405406 -50.929054054054056 10
      vertex -30.262500000000003 -28.125 10
    endloop
  endfacet
  facet normal 1 0 0
    outer loop
      vertex -30.262500000000003 -34.6875 1.6
      vertex -30.262500000000003 -34.6875 8
      vertex -30.262500000000003 -49.6875 8
    endloop
  endfacet
  facet normal 0 0 1
    outer loop
      vertex -36.825 -56.25 10
      vertex -30.262500000000003 -28.125 10
      vertex -36.825 -34.6875 10
    endloop
  endfacet
  facet normal 0 0 1
    outer loop
      vertex -36.825 -34.6875 10
      vertex -30.262500000000003 -28.125 10
      vertex -36.825 -28.125 10
    endloop
  endfacet
  facet normal 0 0 1
    outer loop
      vertex -31.50405405405406 -50.929054054054056 10
      vertex -30.262500000000003 -49.6875 10
      vertex -30.262500000000003 -28.125 10
    endloop
  endfacet
  facet normal 0 0 -1
    outer loop
      vertex 36.825 28.125 0
      vertex 43.3875 51.220346715328475 0
      vertex 43.3875 28.125 0
    endloop
  endfacet
  facet normal 0 0 -1
    outer loop
      vertex 36.825 28.125 0
      vertex 42.39195046439629 51.98335913312694 0
      vertex 43.3875 51.220346715328475 0
    endloop
  endfacet
  facet normal 1 0 0
    outer loop
      vertex 43.3875 34.6875 1.6
      vertex 43.3875 49.6875 1.6
      vertex 43.3875 34.6875 8
    endloop
  endfacet
  facet normal 0 0 -1
    outer loop
      vertex 36.825 28.125 0
      vertex 36.825 56.25 0
      vertex 42.39195046439629 51.98335913312694 0
    endloop
  endfacet
  facet normal 0 0 -1
    outer loop
      vertex 42.39195046439629 51.98335913312694 0
      vertex 36.825 56.25 0
      vertex 43.3875 56.25 0
    endloop
  endfacet
  facet normal 0 1 0
    outer loop
      vertex 36.825 56.25 0
      vertex 40.42722191168251 56.25 4.510899944102851
      vertex 43.3875 56.25 0
    endloop
  endfacet
  facet normal 0 1 0
    outer loop
      vertex 36.825 56.25 0
      vertex 36.825 56.25 10
      vertex 40.42722191168251 56.25 4.510899944102851
    endloop
  endfacet
  facet normal 1 0 0
    outer loop
      vertex 43.3875 49.6875 1.6
      vertex 43.3875 49.6875 8
      vertex 43.3875 34.6875 8
    endloop
  endfacet
  facet normal 0 0 1
    outer loop
      vertex 36.825 28.125 10
      vertex 43.3875 28.125 10
      vertex 42.145945945945954 33.44594594594595 10
    endloop
  endfacet
  facet normal 0 0 1
    outer loop
      vertex 36.825 28.125 10
      vertex 43.3875 56.25 10
      vertex 36.825 49.6875 10
    endloop
  endfacet
  facet normal 0 0 1
    outer loop
      vertex 36.825 28.125 10
      vertex 42.145945945945954 33.44594594594595 10
      vertex 43.3875 56.25 10
    endloop
  endfacet
  facet normal 0 0 1
    outer loop
      vertex 42.145945945945954 33.44594594594595 10
      vertex 43.3875 34.6875 10
      vertex 43.3875 56.25 10
    endloop
  endfacet
  facet normal 0 1 0
    outer loop
      vertex 40.42722191168251 56.25 4.510899944102851
      vertex 43.3875 56.25 10
      vertex 43.3875 56.25 8.217922606924644
    endloop
  endfacet
  facet normal 0 1 0
    outer loop
      vertex 40.42722191168251 56.25 4.510899944102851
      vertex 36.825 56.25 10
      vertex 43.3875 56.25 10
    endloop
  endfacet
  facet normal 0 0 1
    outer loop
      vertex 36.825 49.6875 10
      vertex 43.3875 56.25 10
      vertex 36.825 56.25 10
    endloop
  endfacet
  facet normal 0 0 -1
    outer loop
      vertex 36.825 -28.125 0
      vertex 43.3875 -5.029653284671532 0
      vertex 43.3875 -28.125 0
    endloop
  endfacet
  facet normal 0 0 -1
    outer loop
      vertex 36.825 -28.125 0
      vertex 42.39195046439629 -4.266640866873061 0
      vertex 43.3875 -5.029653284671532 0
    endloop
  endfacet
  facet normal 0 0 -1
    outer loop
      vertex 36.825 -28.125 0
      vertex 36.825 0 0
      vertex 42.39195046439629 -4.266640866873061 0
    endloop
  endfacet
  facet normal 0 0 -1
    outer loop
      vertex 42.39195046439629 -4.266640866873061 0
      vertex 36.825 0 0
      vertex 43.3875 0 0
    endloop
  endfacet
  facet normal 1 0 0
    outer loop
      vertex 43.3875 -21.5625 1.6
      vertex 43.3875 -6.5625 1.6
      vertex 43.3875 -21.5625 8
    endloop
  endfacet
  facet normal 1 0 0
    outer loop
      vertex 43.3875 -6.5625 1.6
      vertex 43.3875 -6.5625 8
      vertex 43.3875 -21.5625 8
    endloop
  endfacet
  facet normal 0 0 1
    outer loop
      vertex 36.825 -28.125 10
      vertex 43.3875 -28.125 10
      vertex 42.145945945945954 -22.804054054054056 10
    endloop
  endfacet
  facet normal 0 0 1
    outer loop
      vertex 36.825 -28.125 10
      vertex 43.3875 0 10
      vertex 36.825 -6.5625 10
    endloop
  endfacet
  facet normal 0 0 1
    outer loop
      vertex 36.825 -28.125 10
      vertex 42.145945945945954 -22.804054054054056 10
      vertex 43.3875 0 10
    endloop
  endfacet
  facet normal 0 0 1
    outer loop
      vertex 42.145945945945954 -22.804054054054056 10
      vertex 43.3875 -21.5625 10
      vertex 43.3875 0 10
    endloop
  endfacet
  facet normal 0 0 1
    outer loop
      vertex 36.825 -6.5625 10
      vertex 43.3875 0 10
      vertex 36.825 0 10
    endloop
  endfacet
  facet normal 0 0 -1
    outer loop
      vertex -36.825 28.125 0
      vertex -30.262500000000003 51.220346715328475 0
      vertex -30.262500000000003 28.125 0
    endloop
  endfacet
  facet normal 0 0 -1
    outer loop
      vertex -36.825 28.125 0
      vertex -31.258049535603718 51.98335913312694 0
      vertex -30.262500000000003 51.220346715328475 0
    endloop
  endfacet
  facet normal 1 0 0
    outer loop
      vertex -30.262500000000003 34.6875 1.6
      vertex -30.262500000000003 49.6875 1.6
      vertex -30.262500000000003 34.6875 8
    endloop
  endfacet
  facet normal 0 0 -1
    outer loop
      vertex -36.825 28.125 0
      vertex -36.825 56.25 0
      vertex -31.258049535603718 51.98335913312694 0
    endloop
  endfacet
  facet normal 0 0 -1
    outer loop
      vertex -36.825 56.25 0
      vertex -30.262500000000003 56.25 0
      vertex -31.258049535603718 51.98335913312694 0
    endloop
  endfacet
  facet normal 0 1 0
    outer loop
      vertex -36.825 56.25 0
      vertex -33.2227780883175 56.25 4.510899944102851
      vertex -30.262500000000003 56.25 0
    endloop
  endfacet
  facet normal 0 1 0
    outer loop
      vertex -36.825 56.25 0
      vertex -36.825 56.25 10
      vertex -33.2227780883175 56.25 4.510899944102851
    endloop
  endfacet
  facet normal 1 0 0
    outer loop
      vertex -30.262500000000003 49.6875 1.6
      vertex -30.262500000000003 49.6875 8
      vertex -30.262500000000003 34.6875 8
    endloop
  endfacet
  facet normal 0 0 1
    outer loop
      vertex -36.825 28.125 10
      vertex -30.262500000000003 56.25 10
      vertex -36.825 49.6875 10
    endloop
  endfacet
  facet normal 0 0 1
    outer loop
      vertex -36.825 28.125 10
      vertex -30.262500000000003 28.125 10
      vertex -31.50405405405406 33.44594594594595 10
    endloop
  endfacet
  facet normal 0 0 1
    outer loop
      vertex -36.825 28.125 10
      vertex -31.50405405405406 33.44594594594595 10
      vertex -30.262500000000003 56.25 10
    endloop
  endfacet
  facet normal 0 0 1
    outer loop
      vertex -31.50405405405406 33.44594594594595 10
      vertex -30.262500000000003 34.6875 10
      vertex -30.262500000000003 56.25 10
    endloop
  endfacet
  facet normal 0 1 0
    outer loop
      vertex -33.2227780883175 56.25 4.510899944102851
      vertex -30.262500000000003 56.25 10
      vertex -30.262500000000003 56.25 8.217922606924644
    endloop
  endfacet
  facet normal 0 1 0
    outer loop
      vertex -33.2227780883175 56.25 4.510899944102851
      vertex -36.825 56.25 10
      vertex -30.262500000000003 56.25 10
    endloop
  endfacet
  facet normal 0 0 1
    outer loop
      vertex -36.825 49.6875 10
      vertex -30.262500000000003 56.25 10
      vertex -36.825 56.25 10
    endloop
  endfacet
  facet normal 0 0 -1
    outer loop
      vertex -36.825 -28.125 0
      vertex -36.825 0 0
      vertex -31.258049535603718 -4.266640866873061 0
    endloop
  endfacet
  facet normal 0 0 -1
    outer loop
      vertex -36.825 -28.125 0
      vertex -30.262500000000003 -5.029653284671532 0
      vertex -30.262500000000003 -28.125 0
    endloop
  endfacet
  facet normal 0 0 -1
    outer loop
      vertex -36.825 -28.125 0
      vertex -31.258049535603718 -4.266640866873061 0
      vertex -30.262500000000003 -5.029653284671532 0
    endloop
  endfacet
  facet normal 0 0 -1
    outer loop
      vertex -31.258049535603718 -4.266640866873061 0
      vertex -36.825 0 0
      vertex -30.262500000000003 0 0
    endloop
  endfacet
  facet normal 1 0 0
    outer loop
      vertex -30.262500000000003 -21.5625 1.6
      vertex -30.262500000000003 -6.5625 1.6
      vertex -30.262500000000003 -21.5625 8
    endloop
  endfacet
  facet normal 1 0 0
    outer loop
      vertex -30.262500000000003 -6.5625 1.6
      vertex -30.262500000000003 -6.5625 8
      vertex -30.262500000000003 -21.5625 8
    endloop
  endfacet
  facet normal 0 0 1
    outer loop
      vertex -36.825 -28.125 10
      vertex -30.262500000000003 -28.125 10
      vertex -31.50405405405406 -22.804054054054056 10
    endloop
  endfacet
  facet normal 0 0 1
    outer loop
      vertex -36.825 -28.125 10
      vertex -30.262500000000003 0 10
      vertex -36.825 -6.5625 10
    endloop
  endfacet
  facet normal 0 0 1
    outer loop
      vertex -36.825 -6.5625 10
      vertex -30.262500000000003 0 10
      vertex -36.825 0 10
    endloop
  endfacet
  facet normal 0 0 1
    outer loop
      vertex -36.825 -28.125 10
      vertex -31.50405405405406 -22.804054054054056 10
      vertex -30.262500000000003 0 10
    endloop
  endfacet
  facet normal 0 0 1
    outer loop
      vertex -31.50405405405406 -22.804054054054056 10
      vertex -30.262500000000003 -21.5625 10
      vertex -30.262500000000003 0 10
    endloop
  endfacet
  facet normal 0 0 -1
    outer loop
      vertex 0 0 0
      vertex 6.5625 23.095346715328475 0
      vertex 6.5625 0 0
    endloop
  endfacet
  facet normal 0 0 -1
    outer loop
      vertex 0 0 0
      vertex 5.566950464396285 23.85835913312694 0
      vertex 6.5625 23.095346715328475 0
    endloop
  endfacet
  facet normal 0 0 -1
    outer loop
      vertex 0 0 0
      vertex 0 28.125 0
      vertex 5.566950464396285 23.85835913312694 0
    endloop
  endfacet
  facet normal 0 0 -1
    outer loop
      vertex 5.566950464396285 23.85835913312694 0
      vertex 0 28.125 0
      vertex 6.5625 28.125 0
    endloop
  endfacet
  facet normal 1 0 0
    outer loop
      vertex 6.5625 6.5625 1.6
      vertex 6.5625 21.5625 1.6
      vertex 6.5625 6.5625 8
    endloop
  endfacet
  facet normal 1 0 0
    outer loop
      vertex 6.5625 21.5625 1.6
      vertex 6.5625 21.5625 8
      vertex 6.5625 6.5625 8
    endloop
  endfacet
  facet normal 0 0 1
    outer loop
      vertex 0 0 10
      vertex 6.5625 0 10
      vertex 5.320945945945951 5.320945945945944 10
    endloop
  endfacet
  facet normal 0 0 1
    outer loop
      vertex 0 0 10
      vertex 5.320945945945951 5.320945945945944 10
      vertex 6.5625 28.125 10
    endloop
  endfacet
  facet normal 0 0 1
    outer loop
      vertex 0 0 10
      vertex 6.5625 28.125 10
      vertex 0 21.5625 10
    endloop
  endfacet
  facet normal 0 0 1
    outer loop
      vertex 5.320945945945951 5.320945945945944 10
      vertex 6.5625 6.5625 10
      vertex 6.5625 28.125 10
    endloop
  endfacet
  facet normal 0 0 1
    outer loop
      vertex 0 21.5625 10
      vertex 6.5625 28.125 10
      vertex 0 28.125 10
    endloop
  endfacet
  facet normal 0 0 -1
    outer loop
      vertex 0 -56.25 0
      vertex 6.5625 -33.15465328467153 0
      vertex 6.5625 -56.25 0
    endloop
  endfacet
  facet normal 0 0 -1
    outer loop
      vertex 0 -56.25 0
      vertex 5.566950464396285 -32.39164086687306 0
      vertex 6.5625 -33.15465328467153 0
    endloop
  endfacet
  facet normal 0 0 -1
    outer loop
      vertex 0 -56.25 0
      vertex 0 -28.125 0
      vertex 5.566950464396285 -32.39164086687306 0
    endloop
  endfacet
  facet normal 0 0 -1
    outer loop
      vertex 5.566950464396285 -32.39164086687306 0
      vertex 0 -28.125 0
      vertex 6.5625 -28.125 0
    endloop
  endfacet
  facet normal 1 0 0
    outer loop
      vertex 6.5625 -49.6875 1.6
      vertex 6.5625 -34.6875 1.6
      vertex 6.5625 -49.6875 8
    endloop
  endfacet
  facet normal 0 0 1
    outer loop
      vertex 0 -56.25 10
      vertex 6.5625 -56.25 10
      vertex 5.320945945945951 -50.929054054054056 10
    endloop
  endfacet
  facet normal 0 0 1
    outer loop
      vertex 0 -56.25 10
      vertex 5.320945945945951 -50.929054054054056 10
      vertex 6.5625 -28.125 10
    endloop
  endfacet
  facet normal 1 0 0
    outer loop
      vertex 6.5625 -34.6875 1.6
      vertex 6.5625 -34.6875 8
      vertex 6.5625 -49.6875 8
    endloop
  endfacet
  facet normal 0 0 1
    outer loop
      vertex 0 -56.25 10
      vertex 6.5625 -28.125 10
      vertex 0 -34.6875 10
    endloop
  endfacet
  facet normal 0 0 1
    outer loop
      vertex 5.320945945945951 -50.929054054054056 10
      vertex 6.5625 -49.6875 10
      vertex 6.5625 -28.125 10
    endloop
  endfacet
  facet normal 0 0 1
    outer loop
      vertex 0 -34.6875 10
      vertex 6.5625 -28.125 10
      vertex 0 -28.125 10
    endloop
  endfacet
  facet normal 0 0 -1
    outer loop
      vertex -73.65 0 0
      vertex -67.0875 23.095346715328475 0
      vertex -67.0875 0 0
    endloop
  endfacet
  facet normal 0 0 -1
    outer loop
      vertex -73.65 0 0
      vertex -68.08304953560372 23.85835913312694 0
      vertex -67.0875 23.095346715328475 0
    endloop
  endfacet
  facet normal 0 0 -1
    outer loop
      vertex -73.65 0 0
      vertex -73.65 28.125 0
      vertex -68.08304953560372 23.85835913312694 0
    endloop
  endfacet
  facet normal 0 0 -1
    outer loop
      vertex -73.65 28.125 0
      vertex -67.0875 28.125 0
      vertex -68.08304953560372 23.85835913312694 0
    endloop
  endfacet
  facet normal 1 0 0
    outer loop
      vertex -67.0875 6.5625 1.6
      vertex -67.0875 21.5625 1.6
      vertex -67.0875 6.5625 8
    endloop
  endfacet
  facet normal 1 0 0
    outer loop
      vertex -67.0875 21.5625 1.6
      vertex -67.0875 21.5625 8
      vertex -67.0875 6.5625 8
    endloop
  endfacet
  facet normal 0 0 1
    outer loop
      vertex -73.65 0 10
      vertex -67.0875 0 10
      vertex -68.32905405405405 5.320945945945944 10
    endloop
  endfacet
  facet normal 0 0 1
    outer loop
      vertex -73.65 0 10
      vertex -68.32905405405405 5.320945945945944 10
      vertex -67.0875 28.125 10
    endloop
  endfacet
  facet normal 0 0 1
    outer loop
      vertex -68.32905405405405 5.320945945945944 10
      vertex -67.0875 6.5625 10
      vertex -67.0875 28.125 10
    endloop
  endfacet
  facet normal 0 0 1
    outer loop
      vertex -73.65 0 10
      vertex -67.0875 28.125 10
      vertex -73.65 28.125 10
    endloop
  endfacet
  facet normal 0 0 -1
    outer loop
      vertex -73.65 -28.125 0
      vertex -67.0875 -5.029653284671532 0
      vertex -67.0875 -28.125 0
    endloop
  endfacet
  facet normal 0 0 -1
    outer loop
      vertex -73.65 -28.125 0
      vertex -68.08304953560372 -4.266640866873061 0
      vertex -67.0875 -5.029653284671532 0
    endloop
  endfacet
  facet normal 0 0 -1
    outer loop
      vertex -73.65 -28.125 0
      vertex -73.65 0 0
      vertex -68.08304953560372 -4.266640866873061 0
    endloop
  endfacet
  facet normal 0 0 -1
    outer loop
      vertex -68.08304953560372 -4.266640866873061 0
      vertex -73.65 0 0
      vertex -67.0875 0 0
    endloop
  endfacet
  facet normal 1 0 0
    outer loop
      vertex -67.0875 -21.5625 1.6
      vertex -67.0875 -6.5625 1.6
      vertex -67.0875 -21.5625 8
    endloop
  endfacet
  facet normal 1 0 0
    outer loop
      vertex -67.0875 -6.5625 1.6
      vertex -67.0875 -6.5625 8
      vertex -67.0875 -21.5625 8
    endloop
  endfacet
  facet normal 0 0 1
    outer loop
      vertex -73.65 -28.125 10
      vertex -67.0875 -28.125 10
      vertex -68.32905405405405 -22.804054054054056 10
    endloop
  endfacet
  facet normal 0 0 1
    outer loop
      vertex -73.65 -28.125 10
      vertex -68.32905405405405 -22.804054054054056 10
      vertex -67.0875 0 10
    endloop
  endfacet
  facet normal 0 0 1
    outer loop
      vertex -68.32905405405405 -22.804054054054056 10
      vertex -67.0875 -21.5625 10
      vertex -67.0875 0 10
    endloop
  endfacet
  facet normal 0 0 1
    outer loop
      vertex -73.65 -28.125 10
      vertex -67.0875 0 10
      vertex -73.65 0 10
    endloop
  endfacet
  facet normal 0 0 -1
    outer loop
      vertex 30.262500000000003 33.154653284671525 0
      vertex 30.262500000000003 44.65100364963503 0
      vertex 36.825 28.125 0
    endloop
  endfacet
  facet normal -1 0 0
    outer loop
      vertex 30.262500000000003 34.6875 1.6
      vertex 30.262500000000003 49.6875 8
      vertex 30.262500000000003 49.6875 1.6
    endloop
  endfacet
  facet normal -1 0 0
    outer loop
      vertex 30.262500000000003 34.6875 1.6
      vertex 30.262500000000003 34.6875 8
      vertex 30.262500000000003 49.6875 8
    endloop
  endfacet
  facet normal 0 0 1
    outer loop
      vertex 30.262500000000003 34.6875 10
      vertex 35.29375 34.6875 10
      vertex 30.262500000000003 49.6875 10
    endloop
  endfacet
  facet normal 0 0 1
    outer loop
      vertex 35.29375 34.6875 10
      vertex 31.575464848592176 50.623007791747824 10
      vertex 30.262500000000003 49.6875 10
    endloop
  endfacet
  facet normal 0 0 1
    outer loop
      vertex 36.825 28.125 10
      vertex 36.825 49.6875 10
      vertex 35.29375 34.6875 10
    endloop
  endfacet
  facet normal 0 0 1
    outer loop
      vertex 35.29375 34.6875 10
      vertex 36.825 49.6875 10
      vertex 31.575464848592176 50.623007791747824 10
    endloop
  endfacet
  facet normal 0 0 -1
    outer loop
      vertex 30.262500000000003 -23.095346715328468 0
      vertex 30.262500000000003 -11.59899635036497 0
      vertex 36.825 -28.125 0
    endloop
  endfacet
  facet normal -1 0 0
    outer loop
      vertex 30.262500000000003 -21.5625 1.6
      vertex 30.262500000000003 -6.5625 8
      vertex 30.262500000000003 -6.5625 1.6
    endloop
  endfacet
  facet normal -1 0 0
    outer loop
      vertex 30.262500000000003 -21.5625 1.6
      vertex 30.262500000000003 -21.5625 8
      vertex 30.262500000000003 -6.5625 8
    endloop
  endfacet
  facet normal 0 0 1
    outer loop
      vertex 30.262500000000003 -21.5625 10
      vertex 35.29375 -21.5625 10
      vertex 30.262500000000003 -6.5625 10
    endloop
  endfacet
  facet normal 0 0 1
    outer loop
      vertex 30.262500000000003 -6.5625 10
      vertex 35.29375 -21.5625 10
      vertex 31.575464848592176 -5.626992208252169 10
    endloop
  endfacet
  facet normal 0 0 1
    outer loop
      vertex 36.825 -28.125 10
      vertex 36.825 -6.5625 10
      vertex 35.29375 -21.5625 10
    endloop
  endfacet
  facet normal 0 0 1
    outer loop
      vertex 31.575464848592176 -5.626992208252169 10
      vertex 35.29375 -21.5625 10
      vertex 36.825 -6.5625 10
    endloop
  endfacet
  facet normal 0 0 -1
    outer loop
      vertex -43.3875 33.154653284671525 0
      vertex -43.3875 44.65100364963503 0
      vertex -36.825 28.125 0
    endloop
  endfacet
  facet normal -1 0 0
    outer loop
      vertex -43.3875 34.6875 1.6
      vertex -43.3875 49.6875 8
      vertex -43.3875 49.6875 1.6
    endloop
  endfacet
  facet normal -1 0 0
    outer loop
      vertex -43.3875 34.6875 1.6
      vertex -43.3875 34.6875 8
      vertex -43.3875 49.6875 8
    endloop
  endfacet
  facet normal 0 0 1
    outer loop
      vertex -43.3875 34.6875 10
      vertex -38.35625 34.6875 10
      vertex -43.3875 49.6875 10
    endloop
  endfacet
  facet normal 0 0 1
    outer loop
      vertex -38.35625 34.6875 10
      vertex -42.07453515140783 50.623007791747824 10
      vertex -43.3875 49.6875 10
    endloop
  endfacet
  facet normal 0 0 1
    outer loop
      vertex -36.825 28.125 10
      vertex -36.825 49.6875 10
      vertex -38.35625 34.6875 10
    endloop
  endfacet
  facet normal 0 0 1
    outer loop
      vertex -38.35625 34.6875 10
      vertex -36.825 49.6875 10
      vertex -42.07453515140783 50.623007791747824 10
    endloop
  endfacet
  facet normal 0 0 -1
    outer loop
      vertex -43.3875 -51.22034671532847 0
      vertex -43.3875 -39.72399635036497 0
      vertex -36.825 -56.25 0
    endloop
  endfacet
  facet normal -1 0 0
    outer loop
      vertex -43.3875 -49.6875 1.6
      vertex -43.3875 -34.6875 8
      vertex -43.3875 -34.6875 1.6
    endloop
  endfacet
  facet normal 0 0 1
    outer loop
      vertex -36.825 -56.25 10
      vertex -36.825 -34.6875 10
      vertex -38.35625 -49.6875 10
    endloop
  endfacet
  facet normal -1 0 0
    outer loop
      vertex -43.3875 -49.6875 1.6
      vertex -43.3875 -49.6875 8
      vertex -43.3875 -34.6875 8
    endloop
  endfacet
  facet normal 0 0 1
    outer loop
      vertex -43.3875 -49.6875 10
      vertex -38.35625 -49.6875 10
      vertex -43.3875 -34.6875 10
    endloop
  endfacet
  facet normal 0 0 1
    outer loop
      vertex -38.35625 -49.6875 10
      vertex -42.07453515140783 -33.75199220825217 10
      vertex -43.3875 -34.6875 10
    endloop
  endfacet
  facet normal 0 0 1
    outer loop
      vertex -38.35625 -49.6875 10
      vertex -36.825 -34.6875 10
      vertex -42.07453515140783 -33.75199220825217 10
    endloop
  endfacet
  facet normal 0 0 -1
    outer loop
      vertex 67.0875 5.029653284671532 0
      vertex 67.0875 16.52600364963503 0
      vertex 73.65 0 0
    endloop
  endfacet
  facet normal -1 0 0
    outer loop
      vertex 67.0875 6.5625 1.6
      vertex 67.0875 21.5625 8
      vertex 67.0875 21.5625 1.6
    endloop
  endfacet
  facet normal 1 0 0
    outer loop
      vertex 73.65 6.5625 1.6
      vertex 73.65 21.5625 1.6
      vertex 73.65 0 10
    endloop
  endfacet
  facet normal -1 0 0
    outer loop
      vertex 67.0875 6.5625 1.6
      vertex 67.0875 6.5625 8
      vertex 67.0875 21.5625 8
    endloop
  endfacet
  facet normal 1 0 0
    outer loop
      vertex 73.65 21.5625 1.6
      vertex 73.65 21.5625 10
      vertex 73.65 0 10
    endloop
  endfacet
  facet normal 0 0 1
    outer loop
      vertex 72.11875 6.5625 10
      vertex 73.65 0 10
      vertex 73.65 21.5625 10
    endloop
  endfacet
  facet normal 0 0 1
    outer loop
      vertex 67.0875 6.5625 10
      vertex 72.11875 6.5625 10
      vertex 67.0875 21.5625 10
    endloop
  endfacet
  facet normal 0 0 1
    outer loop
      vertex 67.0875 21.5625 10
      vertex 72.11875 6.5625 10
      vertex 68.40046484859218 22.498007791747824 10
    endloop
  endfacet
  facet normal 0 0 1
    outer loop
      vertex 72.11875 6.5625 10
      vertex 73.65 21.5625 10
      vertex 68.40046484859218 22.498007791747824 10
    endloop
  endfacet
  facet normal 0 0 -1
    outer loop
      vertex 67.0875 -51.22034671532847 0
      vertex 67.0875 -39.72399635036497 0
      vertex 73.65 -56.25 0
    endloop
  endfacet
  facet normal 1 0 0
    outer loop
      vertex 73.65 -49.6875 1.6
      vertex 73.65 -34.6875 1.6
      vertex 73.65 -56.25 10
    endloop
  endfacet
  facet normal -1 0 0
    outer loop
      vertex 67.0875 -49.6875 1.6
      vertex 67.0875 -34.6875 8
      vertex 67.0875 -34.6875 1.6
    endloop
  endfacet
  facet normal 0 0 1
    outer loop
      vertex 72.11875 -49.6875 10
      vertex 73.65 -56.25 10
      vertex 73.65 -34.6875 10
    endloop
  endfacet
  facet normal -1 0 0
    outer loop
      vertex 67.0875 -49.6875 1.6
      vertex 67.0875 -49.6875 8
      vertex 67.0875 -34.6875 8
    endloop
  endfacet
  facet normal 1 0 0
    outer loop
      vertex 73.65 -34.6875 1.6
      vertex 73.65 -34.6875 10
      vertex 73.65 -56.25 10
    endloop
  endfacet
  facet normal 0 0 1
    outer loop
      vertex 67.0875 -49.6875 10
      vertex 72.11875 -49.6875 10
      vertex 67.0875 -34.6875 10
    endloop
  endfacet
  facet normal 0 0 1
    outer loop
      vertex 72.11875 -49.6875 10
      vertex 68.40046484859218 -33.75199220825217 10
      vertex 67.0875 -34.6875 10
    endloop
  endfacet
  facet normal 0 0 1
    outer loop
      vertex 72.11875 -49.6875 10
      vertex 73.65 -34.6875 10
      vertex 68.40046484859218 -33.75199220825217 10
    endloop
  endfacet
  facet normal 0 0 -1
    outer loop
      vertex -6.5625 5.029653284671532 0
      vertex -6.5625 16.52600364963503 0
      vertex 0 0 0
    endloop
  endfacet
  facet normal -1 0 0
    outer loop
      vertex -6.5625 6.5625 1.6
      vertex -6.5625 21.5625 8
      vertex -6.5625 21.5625 1.6
    endloop
  endfacet
  facet normal -1 0 0
    outer loop
      vertex -6.5625 6.5625 1.6
      vertex -6.5625 6.5625 8
      vertex -6.5625 21.5625 8
    endloop
  endfacet
  facet normal 0 0 1
    outer loop
      vertex -1.53125 6.5625 10
      vertex 0 0 10
      vertex 0 21.5625 10
    endloop
  endfacet
  facet normal 0 0 1
    outer loop
      vertex -6.5625 6.5625 10
      vertex -1.53125 6.5625 10
      vertex -6.5625 21.5625 10
    endloop
  endfacet
  facet normal 0 0 1
    outer loop
      vertex -1.53125 6.5625 10
      vertex -5.249535151407827 22.498007791747824 10
      vertex -6.5625 21.5625 10
    endloop
  endfacet
  facet normal 0 0 1
    outer loop
      vertex -1.53125 6.5625 10
      vertex 0 21.5625 10
      vertex -5.249535151407827 22.498007791747824 10
    endloop
  endfacet
  facet normal 0 0 -1
    outer loop
      vertex -6.5625 -51.22034671532847 0
      vertex -6.5625 -39.72399635036497 0
      vertex 0 -56.25 0
    endloop
  endfacet
  facet normal -1 0 0
    outer loop
      vertex -6.5625 -49.6875 1.6
      vertex -6.5625 -34.6875 8
      vertex -6.5625 -34.6875 1.6
    endloop
  endfacet
  facet normal 0 0 1
    outer loop
      vertex -1.53125 -49.6875 10
      vertex 0 -56.25 10
      vertex 0 -34.6875 10
    endloop
  endfacet
  facet normal -1 0 0
    outer loop
      vertex -6.5625 -49.6875 1.6
      vertex -6.5625 -49.6875 8
      vertex -6.5625 -34.6875 8
    endloop
  endfacet
  facet normal 0 0 1
    outer loop
      vertex -6.5625 -49.6875 10
      vertex -1.53125 -49.6875 10
      vertex -6.5625 -34.6875 10
    endloop
  endfacet
  facet normal 0 0 1
    outer loop
      vertex -1.53125 -49.6875 10
      vertex -5.249535151407827 -33.75199220825217 10
      vertex -6.5625 -34.6875 10
    endloop
  endfacet
  facet normal 0 0 1
    outer loop
      vertex -1.53125 -49.6875 10
      vertex 0 -34.6875 10
      vertex -5.249535151407827 -33.75199220825217 10
    endloop
  endfacet
  facet normal 0 0 -1
    outer loop
      vertex 67.0875 33.154653284671525 0
      vertex 67.0875 44.65100364963503 0
      vertex 73.65 28.125 0
    endloop
  endfacet
  facet normal -1 0 0
    outer loop
      vertex 67.0875 34.6875 1.6
      vertex 67.0875 49.6875 8
      vertex 67.0875 49.6875 1.6
    endloop
  endfacet
  facet normal 1 0 0
    outer loop
      vertex 73.65 34.6875 1.6
      vertex 73.65 49.6875 1.6
      vertex 73.65 28.125 10
    endloop
  endfacet
  facet normal -1 0 0
    outer loop
      vertex 67.0875 34.6875 1.6
      vertex 67.0875 34.6875 8
      vertex 67.0875 49.6875 8
    endloop
  endfacet
  facet normal 1 0 0
    outer loop
      vertex 73.65 49.6875 1.6
      vertex 73.65 49.6875 10
      vertex 73.65 28.125 10
    endloop
  endfacet
  facet normal 0 0 1
    outer loop
      vertex 67.0875 34.6875 10
      vertex 72.11875 34.6875 10
      vertex 67.0875 49.6875 10
    endloop
  endfacet
  facet normal 0 0 1
    outer loop
      vertex 72.11875 34.6875 10
      vertex 68.40046484859218 50.623007791747824 10
      vertex 67.0875 49.6875 10
    endloop
  endfacet
  facet normal 0 0 1
    outer loop
      vertex 72.11875 34.6875 10
      vertex 73.65 49.6875 10
      vertex 68.40046484859218 50.623007791747824 10
    endloop
  endfacet
  facet normal 0 0 1
    outer loop
      vertex 73.65 28.125 10
      vertex 73.65 49.6875 10
      vertex 72.11875 34.6875 10
    endloop
  endfacet
  facet normal 0 0 -1
    outer loop
      vertex 67.0875 -23.095346715328468 0
      vertex 67.0875 -11.59899635036497 0
      vertex 73.65 -28.125 0
    endloop
  endfacet
  facet normal -1 0 0
    outer loop
      vertex 67.0875 -21.5625 1.6
      vertex 67.0875 -6.5625 8
      vertex 67.0875 -6.5625 1.6
    endloop
  endfacet
  facet normal 1 0 0
    outer loop
      vertex 73.65 -21.5625 1.6
      vertex 73.65 -6.5625 1.6
      vertex 73.65 -28.125 10
    endloop
  endfacet
  facet normal -1 0 0
    outer loop
      vertex 67.0875 -21.5625 1.6
      vertex 67.0875 -21.5625 8
      vertex 67.0875 -6.5625 8
    endloop
  endfacet
  facet normal 1 0 0
    outer loop
      vertex 73.65 -6.5625 1.6
      vertex 73.65 -6.5625 10
      vertex 73.65 -28.125 10
    endloop
  endfacet
  facet normal 0 0 1
    outer loop
      vertex 67.0875 -21.5625 10
      vertex 72.11875 -21.5625 10
      vertex 67.0875 -6.5625 10
    endloop
  endfacet
  facet normal 0 0 1
    outer loop
      vertex 67.0875 -6.5625 10
      vertex 72.11875 -21.5625 10
      vertex 68.40046484859218 -5.626992208252169 10
    endloop
  endfacet
  facet normal 0 0 1
    outer loop
      vertex 72.11875 -21.5625 10
      vertex 73.65 -6.5625 10
      vertex 68.40046484859218 -5.626992208252169 10
    endloop
  endfacet
  facet normal 0 0 1
    outer loop
      vertex 73.65 -28.125 10
      vertex 73.65 -6.5625 10
      vertex 72.11875 -21.5625 10
    endloop
  endfacet
  facet normal 0 0 -1
    outer loop
      vertex -6.5625 33.154653284671525 0
      vertex -6.5625 44.65100364963503 0
      vertex 0 28.125 0
    endloop
  endfacet
  facet normal -1 0 0
    outer loop
      vertex -6.5625 34.6875 1.6
      vertex -6.5625 49.6875 8
      vertex -6.5625 49.6875 1.6
    endloop
  endfacet
  facet normal -1 0 0
    outer loop
      vertex -6.5625 34.6875 1.6
      vertex -6.5625 34.6875 8
      vertex -6.5625 49.6875 8
    endloop
  endfacet
  facet normal 0 0 1
    outer loop
      vertex -1.53125 34.6875 10
      vertex 0 28.125 10
      vertex 0 49.6875 10
    endloop
  endfacet
  facet normal 0 0 1
    outer loop
      vertex -6.5625 34.6875 10
      vertex -1.53125 34.6875 10
      vertex -6.5625 49.6875 10
    endloop
  endfacet
  facet normal 0 0 1
    outer loop
      vertex -1.53125 34.6875 10
      vertex -5.249535151407827 50.623007791747824 10
      vertex -6.5625 49.6875 10
    endloop
  endfacet
  facet normal 0 0 1
    outer loop
      vertex -1.53125 34.6875 10
      vertex 0 49.6875 10
      vertex -5.249535151407827 50.623007791747824 10
    endloop
  endfacet
  facet normal 0 0 -1
    outer loop
      vertex -6.5625 -23.095346715328468 0
      vertex -6.5625 -11.59899635036497 0
      vertex 0 -28.125 0
    endloop
  endfacet
  facet normal -1 0 0
    outer loop
      vertex -6.5625 -21.5625 1.6
      vertex -6.5625 -6.5625 8
      vertex -6.5625 -6.5625 1.6
    endloop
  endfacet
  facet normal -1 0 0
    outer loop
      vertex -6.5625 -21.5625 1.6
      vertex -6.5625 -21.5625 8
      vertex -6.5625 -6.5625 8
    endloop
  endfacet
  facet normal 0 0 1
    outer loop
      vertex -1.53125 -21.5625 10
      vertex 0 -28.125 10
      vertex 0 -6.5625 10
    endloop
  endfacet
  facet normal 0 0 1
    outer loop
      vertex -6.5625 -21.5625 10
      vertex -1.53125 -21.5625 10
      vertex -6.5625 -6.5625 10
    endloop
  endfacet
  facet normal 0 0 1
    outer loop
      vertex -1.53125 -21.5625 10
      vertex -5.249535151407827 -5.626992208252169 10
      vertex -6.5625 -6.5625 10
    endloop
  endfacet
  facet normal 0 0 1
    outer loop
      vertex -1.53125 -21.5625 10
      vertex 0 -6.5625 10
      vertex -5.249535151407827 -5.626992208252169 10
    endloop
  endfacet
  facet normal 0 0 -1
    outer loop
      vertex 30.262500000000003 5.029653284671532 0
      vertex 30.262500000000003 16.52600364963503 0
      vertex 36.825 0 0
    endloop
  endfacet
  facet normal -1 0 0
    outer loop
      vertex 30.262500000000003 6.5625 1.6
      vertex 30.262500000000003 21.5625 8
      vertex 30.262500000000003 21.5625 1.6
    endloop
  endfacet
  facet normal -1 0 0
    outer loop
      vertex 30.262500000000003 6.5625 1.6
      vertex 30.262500000000003 6.5625 8
      vertex 30.262500000000003 21.5625 8
    endloop
  endfacet
  facet normal 0 0 1
    outer loop
      vertex 30.262500000000003 6.5625 10
      vertex 35.29375 6.5625 10
      vertex 30.262500000000003 21.5625 10
    endloop
  endfacet
  facet normal 0 0 1
    outer loop
      vertex 30.262500000000003 21.5625 10
      vertex 35.29375 6.5625 10
      vertex 31.575464848592176 22.498007791747824 10
    endloop
  endfacet
  facet normal 0 0 1
    outer loop
      vertex 36.825 0 10
      vertex 36.825 21.5625 10
      vertex 35.29375 6.5625 10
    endloop
  endfacet
  facet normal 0 0 1
    outer loop
      vertex 31.575464848592176 22.498007791747824 10
      vertex 35.29375 6.5625 10
      vertex 36.825 21.5625 10
    endloop
  endfacet
  facet normal 0 0 -1
    outer loop
      vertex 30.262500000000003 -51.22034671532847 0
      vertex 30.262500000000003 -39.72399635036497 0
      vertex 36.825 -56.25 0
    endloop
  endfacet
  facet normal -1 0 0
    outer loop
      vertex 30.262500000000003 -49.6875 1.6
      vertex 30.262500000000003 -34.6875 8
      vertex 30.262500000000003 -34.6875 1.6
    endloop
  endfacet
  facet normal 0 0 1
    outer loop
      vertex 36.825 -56.25 10
      vertex 36.825 -34.6875 10
      vertex 35.29375 -49.6875 10
    endloop
  endfacet
  facet normal -1 0 0
    outer loop
      vertex 30.262500000000003 -49.6875 1.6
      vertex 30.262500000000003 -49.6875 8
      vertex 30.262500000000003 -34.6875 8
    endloop
  endfacet
  facet normal 0 0 1
    outer loop
      vertex 30.262500000000003 -49.6875 10
      vertex 35.29375 -49.6875 10
      vertex 30.262500000000003 -34.6875 10
    endloop
  endfacet
  facet normal 0 0 1
    outer loop
      vertex 35.29375 -49.6875 10
      vertex 31.575464848592176 -33.75199220825217 10
      vertex 30.262500000000003 -34.6875 10
    endloop
  endfacet
  facet normal 0 0 1
    outer loop
      vertex 35.29375 -49.6875 10
      vertex 36.825 -34.6875 10
      vertex 31.575464848592176 -33.75199220825217 10
    endloop
  endfacet
  facet normal 0 0 -1
    outer loop
      vertex -43.3875 5.029653284671532 0
      vertex -43.3875 16.52600364963503 0
      vertex -36.825 0 0
    endloop
  endfacet
  facet normal -1 0 0
    outer loop
      vertex -43.3875 6.5625 1.6
      vertex -43.3875 21.5625 8
      vertex -43.3875 21.5625 1.6
    endloop
  endfacet
  facet normal -1 0 0
    outer loop
      vertex -43.3875 6.5625 1.6
      vertex -43.3875 6.5625 8
      vertex -43.3875 21.5625 8
    endloop
  endfacet
  facet normal 0 0 1
    outer loop
      vertex -36.825 0 10
      vertex -36.825 21.5625 10
      vertex -38.35625 6.5625 10
    endloop
  endfacet
  facet normal 0 0 1
    outer loop
      vertex -43.3875 6.5625 10
      vertex -38.35625 6.5625 10
      vertex -43.3875 21.5625 10
    endloop
  endfacet
  facet normal 0 0 1
    outer loop
      vertex -38.35625 6.5625 10
      vertex -42.07453515140783 22.498007791747824 10
      vertex -43.3875 21.5625 10
    endloop
  endfacet
  facet normal 0 0 1
    outer loop
      vertex -38.35625 6.5625 10
      vertex -36.825 21.5625 10
      vertex -42.07453515140783 22.498007791747824 10
    endloop
  endfacet
  facet normal 0 0 -1
    outer loop
      vertex -43.3875 -23.095346715328468 0
      vertex -43.3875 -11.59899635036497 0
      vertex -36.825 -28.125 0
    endloop
  endfacet
  facet normal -1 0 0
    outer loop
      vertex -43.3875 -21.5625 1.6
      vertex -43.3875 -6.5625 8
      vertex -43.3875 -6.5625 1.6
    endloop
  endfacet
  facet normal -1 0 0
    outer loop
      vertex -43.3875 -21.5625 1.6
      vertex -43.3875 -21.5625 8
      vertex -43.3875 -6.5625 8
    endloop
  endfacet
  facet normal 0 0 1
    outer loop
      vertex -43.3875 -21.5625 10
      vertex -38.35625 -21.5625 10
      vertex -43.3875 -6.5625 10
    endloop
  endfacet
  facet normal 0 0 1
    outer loop
      vertex -38.35625 -21.5625 10
      vertex -42.07453515140783 -5.626992208252169 10
      vertex -43.3875 -6.5625 10
    endloop
  endfacet
  facet normal 0 0 1
    outer loop
      vertex -36.825 -28.125 10
      vertex -36.825 -6.5625 10
      vertex -38.35625 -21.5625 10
    endloop
  endfacet
  facet normal 0 0 1
    outer loop
      vertex -38.35625 -21.5625 10
      vertex -36.825 -6.5625 10
      vertex -42.07453515140783 -5.626992208252169 10
    endloop
  endfacet
  facet normal 0.7071067811865475 0 -0.7071067811865475
    outer loop
      vertex 6.5625 34.6875 8
      vertex 6.5625 49.6875 8
      vertex 8.5625 34.6875 10
    endloop
  endfacet
  facet normal 0.7071067811865475 0 -0.7071067811865475
    outer loop
      vertex 8.5625 34.6875 10
      vertex 6.5625 49.6875 8
      vertex 8.5625 49.6875 10
    endloop
  endfacet
  facet normal 0 0 1
    outer loop
      vertex 6.5625 34.6875 10
      vertex 8.119848622570274 34.34978499510558 10
      vertex 7.029166666666669 49.6875 10
    endloop
  endfacet
  facet normal 0 0 1
    outer loop
      vertex 8.119848622570274 34.34978499510558 10
      vertex 8.5625 34.6875 10
      vertex 7.029166666666669 49.6875 10
    endloop
  endfacet
  facet normal 0 0 1
    outer loop
      vertex 8.5625 34.6875 10
      vertex 8.5625 49.6875 10
      vertex 7.029166666666669 49.6875 10
    endloop
  endfacet
  facet normal 0 1 0
    outer loop
      vertex 6.5625 56.25 8
      vertex 6.5625 56.25 8.217922606924644
      vertex 8.5625 56.25 10
    endloop
  endfacet
  facet normal 0 0 1
    outer loop
      vertex 6.5625 34.6875 10
      vertex 7.029166666666669 49.6875 10
      vertex 6.5625 56.25 10
    endloop
  endfacet
  facet normal 0 0 1
    outer loop
      vertex 8.5625 55.80007395226329 10
      vertex 8.5625 56.25 10
      vertex 6.5625 56.25 10
    endloop
  endfacet
  facet normal 0 1 0
    outer loop
      vertex 6.5625 56.25 8.217922606924644
      vertex 6.5625 56.25 10
      vertex 8.5625 56.25 10
    endloop
  endfacet
  facet normal 0.7071067811865475 0 -0.7071067811865475
    outer loop
      vertex 6.5625 -21.5625 8
      vertex 6.5625 -6.5625 8
      vertex 8.5625 -21.5625 10
    endloop
  endfacet
  facet normal 0.7071067811865475 0 -0.7071067811865475
    outer loop
      vertex 6.5625 -6.5625 8
      vertex 8.5625 -6.5625 10
      vertex 8.5625 -21.5625 10
    endloop
  endfacet
  facet normal 0 0 1
    outer loop
      vertex 6.5625 -21.5625 10
      vertex 8.119848622570274 -21.90021500489442 10
      vertex 7.029166666666669 -6.5625 10
    endloop
  endfacet
  facet normal 0 0 1
    outer loop
      vertex 8.119848622570274 -21.90021500489442 10
      vertex 8.5625 -21.5625 10
      vertex 7.029166666666669 -6.5625 10
    endloop
  endfacet
  facet normal 0 0 1
    outer loop
      vertex 8.5625 -21.5625 10
      vertex 8.5625 -6.5625 10
      vertex 7.029166666666669 -6.5625 10
    endloop
  endfacet
  facet normal 0 0 1
    outer loop
      vertex 6.5625 -21.5625 10
      vertex 7.029166666666669 -6.5625 10
      vertex 6.5625 0 10
    endloop
  endfacet
  facet normal 0 0 1
    outer loop
      vertex 8.5625 -0.4499260477367102 10
      vertex 8.5625 0 10
      vertex 6.5625 0 10
    endloop
  endfacet
  facet normal 0.7071067811865475 0 -0.7071067811865475
    outer loop
      vertex -67.0875 34.6875 8
      vertex -67.0875 49.6875 8
      vertex -65.0875 34.6875 10
    endloop
  endfacet
  facet normal 0.7071067811865475 0 -0.7071067811865475
    outer loop
      vertex -65.0875 34.6875 10
      vertex -67.0875 49.6875 8
      vertex -65.0875 49.6875 10
    endloop
  endfacet
  facet normal 0 0 1
    outer loop
      vertex -67.0875 34.6875 10
      vertex -65.53015137742973 34.34978499510558 10
      vertex -66.62083333333334 49.6875 10
    endloop
  endfacet
  facet normal 0 0 1
    outer loop
      vertex -65.53015137742973 34.34978499510558 10
      vertex -65.0875 34.6875 10
      vertex -66.62083333333334 49.6875 10
    endloop
  endfacet
  facet normal 0 0 1
    outer loop
      vertex -65.0875 34.6875 10
      vertex -65.0875 49.6875 10
      vertex -66.62083333333334 49.6875 10
    endloop
  endfacet
  facet normal 0 1 0
    outer loop
      vertex -67.0875 56.25 8
      vertex -67.0875 56.25 8.217922606924644
      vertex -65.0875 56.25 10
    endloop
  endfacet
  facet normal 0 0 1
    outer loop
      vertex -67.0875 34.6875 10
      vertex -66.62083333333334 49.6875 10
      vertex -67.0875 56.25 10
    endloop
  endfacet
  facet normal 0 0 1
    outer loop
      vertex -65.0875 55.80007395226329 10
      vertex -65.0875 56.25 10
      vertex -67.0875 56.25 10
    endloop
  endfacet
  facet normal 0 1 0
    outer loop
      vertex -67.0875 56.25 8.217922606924644
      vertex -67.0875 56.25 10
      vertex -65.0875 56.25 10
    endloop
  endfacet
  facet normal 0.7071067811865475 0 -0.7071067811865475
    outer loop
      vertex -67.0875 -49.6875 8
      vertex -67.0875 -34.6875 8
      vertex -65.0875 -49.6875 10
    endloop
  endfacet
  facet normal 0.7071067811865475 0 -0.7071067811865475
    outer loop
      vertex -65.0875 -49.6875 10
      vertex -67.0875 -34.6875 8
      vertex -65.0875 -34.6875 10
    endloop
  endfacet
  facet normal 0 0 1
    outer loop
      vertex -67.0875 -49.6875 10
      vertex -65.53015137742973 -50.02521500489442 10
      vertex -66.62083333333334 -34.6875 10
    endloop
  endfacet
  facet normal 0 0 1
    outer loop
      vertex -65.53015137742973 -50.02521500489442 10
      vertex -65.0875 -49.6875 10
      vertex -66.62083333333334 -34.6875 10
    endloop
  endfacet
  facet normal 0 0 1
    outer loop
      vertex -65.0875 -49.6875 10
      vertex -65.0875 -34.6875 10
      vertex -66.62083333333334 -34.6875 10
    endloop
  endfacet
  facet normal 0 0 1
    outer loop
      vertex -67.0875 -49.6875 10
      vertex -66.62083333333334 -34.6875 10
      vertex -67.0875 -28.125 10
    endloop
  endfacet
  facet normal 0 0 1
    outer loop
      vertex -65.0875 -28.57492604773671 10
      vertex -65.0875 -28.125 10
      vertex -67.0875 -28.125 10
    endloop
  endfacet
  facet normal 0.7071067811865475 0 -0.7071067811865475
    outer loop
      vertex 43.3875 6.5625 8
      vertex 43.3875 21.5625 8
      vertex 45.3875 6.5625 10
    endloop
  endfacet
  facet normal 0.7071067811865475 0 -0.7071067811865475
    outer loop
      vertex 43.3875 21.5625 8
      vertex 45.3875 21.5625 10
      vertex 45.3875 6.5625 10
    endloop
  endfacet
  facet normal 0 0 1
    outer loop
      vertex 43.3875 6.5625 10
      vertex 44.94484862257028 6.22478499510558 10
      vertex 43.85416666666667 21.5625 10
    endloop
  endfacet
  facet normal 0 0 1
    outer loop
      vertex 44.94484862257028 6.22478499510558 10
      vertex 45.3875 6.5625 10
      vertex 43.85416666666667 21.5625 10
    endloop
  endfacet
  facet normal 0 0 1
    outer loop
      vertex 43.85416666666667 21.5625 10
      vertex 45.3875 6.5625 10
      vertex 45.3875 21.5625 10
    endloop
  endfacet
  facet normal 0 0 1
    outer loop
      vertex 43.3875 6.5625 10
      vertex 43.85416666666667 21.5625 10
      vertex 43.3875 28.125 10
    endloop
  endfacet
  facet normal 0 0 1
    outer loop
      vertex 43.3875 28.125 10
      vertex 45.3875 27.67507395226329 10
      vertex 45.3875 28.125 10
    endloop
  endfacet
  facet normal 0.7071067811865475 0 -0.7071067811865475
    outer loop
      vertex 43.3875 -49.6875 8
      vertex 43.3875 -34.6875 8
      vertex 45.3875 -49.6875 10
    endloop
  endfacet
  facet normal 0.7071067811865475 0 -0.7071067811865475
    outer loop
      vertex 43.3875 -34.6875 8
      vertex 45.3875 -34.6875 10
      vertex 45.3875 -49.6875 10
    endloop
  endfacet
  facet normal 0 0 1
    outer loop
      vertex 43.3875 -49.6875 10
      vertex 44.94484862257028 -50.02521500489442 10
      vertex 43.85416666666667 -34.6875 10
    endloop
  endfacet
  facet normal 0 0 1
    outer loop
      vertex 44.94484862257028 -50.02521500489442 10
      vertex 45.3875 -49.6875 10
      vertex 43.85416666666667 -34.6875 10
    endloop
  endfacet
  facet normal 0 0 1
    outer loop
      vertex 43.85416666666667 -34.6875 10
      vertex 45.3875 -49.6875 10
      vertex 45.3875 -34.6875 10
    endloop
  endfacet
  facet normal 0 0 1
    outer loop
      vertex 43.3875 -49.6875 10
      vertex 43.85416666666667 -34.6875 10
      vertex 43.3875 -28.125 10
    endloop
  endfacet
  facet normal 0 0 1
    outer loop
      vertex 43.3875 -28.125 10
      vertex 45.3875 -28.57492604773671 10
      vertex 45.3875 -28.125 10
    endloop
  endfacet
  facet normal 0.7071067811865475 0 -0.7071067811865475
    outer loop
      vertex -30.262500000000003 6.5625 8
      vertex -30.262500000000003 21.5625 8
      vertex -28.262500000000003 6.5625 10
    endloop
  endfacet
  facet normal 0.7071067811865475 0 -0.7071067811865475
    outer loop
      vertex -30.262500000000003 21.5625 8
      vertex -28.262500000000003 21.5625 10
      vertex -28.262500000000003 6.5625 10
    endloop
  endfacet
  facet normal 0 0 1
    outer loop
      vertex -30.262500000000003 6.5625 10
      vertex -28.70515137742973 6.22478499510558 10
      vertex -29.795833333333334 21.5625 10
    endloop
  endfacet
  facet normal 0 0 1
    outer loop
      vertex -28.70515137742973 6.22478499510558 10
      vertex -28.262500000000003 6.5625 10
      vertex -29.795833333333334 21.5625 10
    endloop
  endfacet
  facet normal 0 0 1
    outer loop
      vertex -28.262500000000003 6.5625 10
      vertex -28.262500000000003 21.5625 10
      vertex -29.795833333333334 21.5625 10
    endloop
  endfacet
  facet normal 0 0 1
    outer loop
      vertex -30.262500000000003 6.5625 10
      vertex -29.795833333333334 21.5625 10
      vertex -30.262500000000003 28.125 10
    endloop
  endfacet
  facet normal 0 0 1
    outer loop
      vertex -28.262500000000003 27.67507395226329 10
      vertex -28.262500000000003 28.125 10
      vertex -30.262500000000003 28.125 10
    endloop
  endfacet
  facet normal 0.7071067811865475 0 -0.7071067811865475
    outer loop
      vertex -30.262500000000003 -49.6875 8
      vertex -30.262500000000003 -34.6875 8
      vertex -28.262500000000003 -49.6875 10
    endloop
  endfacet
  facet normal 0.7071067811865475 0 -0.7071067811865475
    outer loop
      vertex -28.262500000000003 -49.6875 10
      vertex -30.262500000000003 -34.6875 8
      vertex -28.262500000000003 -34.6875 10
    endloop
  endfacet
  facet normal 0 0 1
    outer loop
      vertex -30.262500000000003 -49.6875 10
      vertex -28.70515137742973 -50.02521500489442 10
      vertex -29.795833333333334 -34.6875 10
    endloop
  endfacet
  facet normal 0 0 1
    outer loop
      vertex -28.70515137742973 -50.02521500489442 10
      vertex -28.262500000000003 -49.6875 10
      vertex -29.795833333333334 -34.6875 10
    endloop
  endfacet
  facet normal 0 0 1
    outer loop
      vertex -28.262500000000003 -49.6875 10
      vertex -28.262500000000003 -34.6875 10
      vertex -29.795833333333334 -34.6875 10
    endloop
  endfacet
  facet normal 0 0 1
    outer loop
      vertex -30.262500000000003 -49.6875 10
      vertex -29.795833333333334 -34.6875 10
      vertex -30.262500000000003 -28.125 10
    endloop
  endfacet
  facet normal 0 0 1
    outer loop
      vertex -28.262500000000003 -28.57492604773671 10
      vertex -28.262500000000003 -28.125 10
      vertex -30.262500000000003 -28.125 10
    endloop
  endfacet
  facet normal 0.7071067811865475 0 -0.7071067811865475
    outer loop
      vertex 43.3875 34.6875 8
      vertex 43.3875 49.6875 8
      vertex 45.3875 34.6875 10
    endloop
  endfacet
  facet normal 0.7071067811865475 0 -0.7071067811865475
    outer loop
      vertex 43.3875 49.6875 8
      vertex 45.3875 49.6875 10
      vertex 45.3875 34.6875 10
    endloop
  endfacet
  facet normal 0 0 1
    outer loop
      vertex 43.3875 34.6875 10
      vertex 44.94484862257028 34.34978499510558 10
      vertex 43.85416666666667 49.6875 10
    endloop
  endfacet
  facet normal 0 0 1
    outer loop
      vertex 44.94484862257028 34.34978499510558 10
      vertex 45.3875 34.6875 10
      vertex 43.85416666666667 49.6875 10
    endloop
  endfacet
  facet normal 0 0 1
    outer loop
      vertex 43.85416666666667 49.6875 10
      vertex 45.3875 34.6875 10
      vertex 45.3875 49.6875 10
    endloop
  endfacet
  facet normal 0 1 0
    outer loop
      vertex 43.3875 56.25 8
      vertex 43.3875 56.25 8.217922606924644
      vertex 45.3875 56.25 10
    endloop
  endfacet
  facet normal 0 0 1
    outer loop
      vertex 43.3875 34.6875 10
      vertex 43.85416666666667 49.6875 10
      vertex 43.3875 56.25 10
    endloop
  endfacet
  facet normal 0 0 1
    outer loop
      vertex 43.3875 56.25 10
      vertex 45.3875 55.80007395226329 10
      vertex 45.3875 56.25 10
    endloop
  endfacet
  facet normal 0 1 0
    outer loop
      vertex 43.3875 56.25 8.217922606924644
      vertex 43.3875 56.25 10
      vertex 45.3875 56.25 10
    endloop
  endfacet
  facet normal 0.7071067811865475 0 -0.7071067811865475
    outer loop
      vertex 43.3875 -21.5625 8
      vertex 43.3875 -6.5625 8
      vertex 45.3875 -21.5625 10
    endloop
  endfacet
  facet normal 0.7071067811865475 0 -0.7071067811865475
    outer loop
      vertex 43.3875 -6.5625 8
      vertex 45.3875 -6.5625 10
      vertex 45.3875 -21.5625 10
    endloop
  endfacet
  facet normal 0 0 1
    outer loop
      vertex 43.3875 -21.5625 10
      vertex 44.94484862257028 -21.90021500489442 10
      vertex 43.85416666666667 -6.5625 10
    endloop
  endfacet
  facet normal 0 0 1
    outer loop
      vertex 44.94484862257028 -21.90021500489442 10
      vertex 45.3875 -21.5625 10
      vertex 43.85416666666667 -6.5625 10
    endloop
  endfacet
  facet normal 0 0 1
    outer loop
      vertex 43.85416666666667 -6.5625 10
      vertex 45.3875 -21.5625 10
      vertex 45.3875 -6.5625 10
    endloop
  endfacet
  facet normal 0 0 1
    outer loop
      vertex 43.3875 -21.5625 10
      vertex 43.85416666666667 -6.5625 10
      vertex 43.3875 0 10
    endloop
  endfacet
  facet normal 0 0 1
    outer loop
      vertex 45.3875 -0.4499260477367102 10
      vertex 45.3875 0 10
      vertex 43.3875 0 10
    endloop
  endfacet
  facet normal 0.7071067811865475 0 -0.7071067811865475
    outer loop
      vertex -30.262500000000003 34.6875 8
      vertex -30.262500000000003 49.6875 8
      vertex -28.262500000000003 34.6875 10
    endloop
  endfacet
  facet normal 0.7071067811865475 0 -0.7071067811865475
    outer loop
      vertex -28.262500000000003 34.6875 10
      vertex -30.262500000000003 49.6875 8
      vertex -28.262500000000003 49.6875 10
    endloop
  endfacet
  facet normal 0 0 1
    outer loop
      vertex -30.262500000000003 34.6875 10
      vertex -28.70515137742973 34.34978499510558 10
      vertex -29.795833333333334 49.6875 10
    endloop
  endfacet
  facet normal 0 0 1
    outer loop
      vertex -28.70515137742973 34.34978499510558 10
      vertex -28.262500000000003 34.6875 10
      vertex -29.795833333333334 49.6875 10
    endloop
  endfacet
  facet normal 0 0 1
    outer loop
      vertex -28.262500000000003 34.6875 10
      vertex -28.262500000000003 49.6875 10
      vertex -29.795833333333334 49.6875 10
    endloop
  endfacet
  facet normal 0 1 0
    outer loop
      vertex -30.262500000000003 56.25 8
      vertex -30.262500000000003 56.25 8.217922606924644
      vertex -28.262500000000003 56.25 10
    endloop
  endfacet
  facet normal 0 0 1
    outer loop
      vertex -30.262500000000003 34.6875 10
      vertex -29.795833333333334 49.6875 10
      vertex -30.262500000000003 56.25 10
    endloop
  endfacet
  facet normal 0 0 1
    outer loop
      vertex -28.262500000000003 55.80007395226329 10
      vertex -28.262500000000003 56.25 10
      vertex -30.262500000000003 56.25 10
    endloop
  endfacet
  facet normal 0 1 0
    outer loop
      vertex -30.262500000000003 56.25 8.217922606924644
      vertex -30.262500000000003 56.25 10
      vertex -28.262500000000003 56.25 10
    endloop
  endfacet
  facet normal 0.7071067811865475 0 -0.7071067811865475
    outer loop
      vertex -30.262500000000003 -21.5625 8
      vertex -30.262500000000003 -6.5625 8
      vertex -28.262500000000003 -21.5625 10
    endloop
  endfacet
  facet normal 0.7071067811865475 0 -0.7071067811865475
    outer loop
      vertex -30.262500000000003 -6.5625 8
      vertex -28.262500000000003 -6.5625 10
      vertex -28.262500000000003 -21.5625 10
    endloop
  endfacet
  facet normal 0 0 1
    outer loop
      vertex -30.262500000000003 -21.5625 10
      vertex -28.70515137742973 -21.90021500489442 10
      vertex -29.795833333333334 -6.5625 10
    endloop
  endfacet
  facet normal 0 0 1
    outer loop
      vertex -28.70515137742973 -21.90021500489442 10
      vertex -28.262500000000003 -21.5625 10
      vertex -29.795833333333334 -6.5625 10
    endloop
  endfacet
  facet normal 0 0 1
    outer loop
      vertex -28.262500000000003 -21.5625 10
      vertex -28.262500000000003 -6.5625 10
      vertex -29.795833333333334 -6.5625 10
    endloop
  endfacet
  facet normal 0 0 1
    outer loop
      vertex -30.262500000000003 -21.5625 10
      vertex -29.795833333333334 -6.5625 10
      vertex -30.262500000000003 0 10
    endloop
  endfacet
  facet normal 0 0 1
    outer loop
      vertex -28.262500000000003 -0.4499260477367102 10
      vertex -28.262500000000003 0 10
      vertex -30.262500000000003 0 10
    endloop
  endfacet
  facet normal 0.7071067811865475 0 -0.7071067811865475
    outer loop
      vertex 6.5625 6.5625 8
      vertex 6.5625 21.5625 8
      vertex 8.5625 6.5625 10
    endloop
  endfacet
  facet normal 0.7071067811865475 0 -0.7071067811865475
    outer loop
      vertex 6.5625 21.5625 8
      vertex 8.5625 21.5625 10
      vertex 8.5625 6.5625 10
    endloop
  endfacet
  facet normal 0 0 1
    outer loop
      vertex 6.5625 6.5625 10
      vertex 8.119848622570274 6.22478499510558 10
      vertex 7.029166666666669 21.5625 10
    endloop
  endfacet
  facet normal 0 0 1
    outer loop
      vertex 8.119848622570274 6.22478499510558 10
      vertex 8.5625 6.5625 10
      vertex 7.029166666666669 21.5625 10
    endloop
  endfacet
  facet normal 0 0 1
    outer loop
      vertex 8.5625 6.5625 10
      vertex 8.5625 21.5625 10
      vertex 7.029166666666669 21.5625 10
    endloop
  endfacet
  facet normal 0 0 1
    outer loop
      vertex 6.5625 6.5625 10
      vertex 7.029166666666669 21.5625 10
      vertex 6.5625 28.125 10
    endloop
  endfacet
  facet normal 0 0 1
    outer loop
      vertex 8.5625 27.67507395226329 10
      vertex 8.5625 28.125 10
      vertex 6.5625 28.125 10
    endloop
  endfacet
  facet normal 0.7071067811865475 0 -0.7071067811865475
    outer loop
      vertex 6.5625 -49.6875 8
      vertex 6.5625 -34.6875 8
      vertex 8.5625 -49.6875 10
    endloop
  endfacet
  facet normal 0.7071067811865475 0 -0.7071067811865475
    outer loop
      vertex 8.5625 -49.6875 10
      vertex 6.5625 -34.6875 8
      vertex 8.5625 -34.6875 10
    endloop
  endfacet
  facet normal 0 0 1
    outer loop
      vertex 6.5625 -49.6875 10
      vertex 8.119848622570274 -50.02521500489442 10
      vertex 7.029166666666669 -34.6875 10
    endloop
  endfacet
  facet normal 0 0 1
    outer loop
      vertex 8.119848622570274 -50.02521500489442 10
      vertex 8.5625 -49.6875 10
      vertex 7.029166666666669 -34.6875 10
    endloop
  endfacet
  facet normal 0 0 1
    outer loop
      vertex 8.5625 -49.6875 10
      vertex 8.5625 -34.6875 10
      vertex 7.029166666666669 -34.6875 10
    endloop
  endfacet
  facet normal 0 0 1
    outer loop
      vertex 6.5625 -49.6875 10
      vertex 7.029166666666669 -34.6875 10
      vertex 6.5625 -28.125 10
    endloop
  endfacet
  facet normal 0 0 1
    outer loop
      vertex 8.5625 -28.57492604773671 10
      vertex 8.5625 -28.125 10
      vertex 6.5625 -28.125 10
    endloop
  endfacet
  facet normal 0.7071067811865475 0 -0.7071067811865475
    outer loop
      vertex -67.0875 6.5625 8
      vertex -67.0875 21.5625 8
      vertex -65.0875 6.5625 10
    endloop
  endfacet
  facet normal 0.7071067811865475 0 -0.7071067811865475
    outer loop
      vertex -67.0875 21.5625 8
      vertex -65.0875 21.5625 10
      vertex -65.0875 6.5625 10
    endloop
  endfacet
  facet normal 0 0 1
    outer loop
      vertex -67.0875 6.5625 10
      vertex -65.53015137742973 6.22478499510558 10
      vertex -66.62083333333334 21.5625 10
    endloop
  endfacet
  facet normal 0 0 1
    outer loop
      vertex -65.53015137742973 6.22478499510558 10
      vertex -65.0875 6.5625 10
      vertex -66.62083333333334 21.5625 10
    endloop
  endfacet
  facet normal 0 0 1
    outer loop
      vertex -65.0875 6.5625 10
      vertex -65.0875 21.5625 10
      vertex -66.62083333333334 21.5625 10
    endloop
  endfacet
  facet normal 0 0 1
    outer loop
      vertex -67.0875 6.5625 10
      vertex -66.62083333333334 21.5625 10
      vertex -67.0875 28.125 10
    endloop
  endfacet
  facet normal 0 0 1
    outer loop
      vertex -65.0875 27.67507395226329 10
      vertex -65.0875 28.125 10
      vertex -67.0875 28.125 10
    endloop
  endfacet
  facet normal 0.7071067811865475 0 -0.7071067811865475
    outer loop
      vertex -67.0875 -21.5625 8
      vertex -67.0875 -6.5625 8
      vertex -65.0875 -21.5625 10
    endloop
  endfacet
  facet normal 0.7071067811865475 0 -0.7071067811865475
    outer loop
      vertex -67.0875 -6.5625 8
      vertex -65.0875 -6.5625 10
      vertex -65.0875 -21.5625 10
    endloop
  endfacet
  facet normal 0 0 1
    outer loop
      vertex -67.0875 -21.5625 10
      vertex -65.53015137742973 -21.90021500489442 10
      vertex -66.62083333333334 -6.5625 10
    endloop
  endfacet
  facet normal 0 0 1
    outer loop
      vertex -65.53015137742973 -21.90021500489442 10
      vertex -65.0875 -21.5625 10
      vertex -66.62083333333334 -6.5625 10
    endloop
  endfacet
  facet normal 0 0 1
    outer loop
      vertex -65.0875 -21.5625 10
      vertex -65.0875 -6.5625 10
      vertex -66.62083333333334 -6.5625 10
    endloop
  endfacet
  facet normal 0 0 1
    outer loop
      vertex -67.0875 -21.5625 10
      vertex -66.62083333333334 -6.5625 10
      vertex -67.0875 0 10
    endloop
  endfacet
  facet normal 0 0 1
    outer loop
      vertex -65.0875 -0.4499260477367102 10
      vertex -65.0875 0 10
      vertex -67.0875 0 10
    endloop
  endfacet
  facet normal 0 0 -1
    outer loop
      vertex 26.762500000000003 34.6875 8
      vertex 26.762500000000003 49.6875 8
      vertex 30.262500000000003 34.6875 8
    endloop
  endfacet
  facet normal 0 0 -1
    outer loop
      vertex 30.262500000000003 34.6875 8
      vertex 26.762500000000003 49.6875 8
      vertex 30.262500000000003 49.6875 8
    endloop
  endfacet
  facet normal -0.7071067811865475 0 -0.7071067811865475
    outer loop
      vertex 26.762500000000003 34.6875 8
      vertex 24.762500000000003 49.6875 10
      vertex 26.762500000000003 49.6875 8
    endloop
  endfacet
  facet normal -0.7071067811865475 0 -0.7071067811865475
    outer loop
      vertex 26.762500000000003 34.6875 8
      vertex 24.762500000000003 34.6875 10
      vertex 24.762500000000003 49.6875 10
    endloop
  endfacet
  facet normal 0 0 1
    outer loop
      vertex 24.762500000000003 34.6875 10
      vertex 30.262500000000003 49.6875 10
      vertex 24.762500000000003 49.6875 10
    endloop
  endfacet
  facet normal 0 0 1
    outer loop
      vertex 29.971881739755574 29.611116103522647 10
      vertex 30.262500000000003 49.6875 10
      vertex 24.762500000000003 34.6875 10
    endloop
  endfacet
  facet normal 0 0 1
    outer loop
      vertex 29.971881739755574 29.611116103522647 10
      vertex 30.262500000000003 34.6875 10
      vertex 30.262500000000003 49.6875 10
    endloop
  endfacet
  facet normal 0 0 -1
    outer loop
      vertex 26.762500000000003 -21.5625 8
      vertex 26.762500000000003 -6.5625 8
      vertex 30.262500000000003 -21.5625 8
    endloop
  endfacet
  facet normal 0 0 -1
    outer loop
      vertex 30.262500000000003 -21.5625 8
      vertex 26.762500000000003 -6.5625 8
      vertex 30.262500000000003 -6.5625 8
    endloop
  endfacet
  facet normal -0.7071067811865475 0 -0.7071067811865475
    outer loop
      vertex 26.762500000000003 -21.5625 8
      vertex 24.762500000000003 -6.5625 10
      vertex 26.762500000000003 -6.5625 8
    endloop
  endfacet
  facet normal -0.7071067811865475 0 -0.7071067811865475
    outer loop
      vertex 26.762500000000003 -21.5625 8
      vertex 24.762500000000003 -21.5625 10
      vertex 24.762500000000003 -6.5625 10
    endloop
  endfacet
  facet normal 0 0 1
    outer loop
      vertex 24.762500000000003 -21.5625 10
      vertex 30.262500000000003 -6.5625 10
      vertex 24.762500000000003 -6.5625 10
    endloop
  endfacet
  facet normal 0 0 1
    outer loop
      vertex 29.971881739755574 -26.638883896477353 10
      vertex 30.262500000000003 -6.5625 10
      vertex 24.762500000000003 -21.5625 10
    endloop
  endfacet
  facet normal 0 0 1
    outer loop
      vertex 29.971881739755574 -26.638883896477353 10
      vertex 30.262500000000003 -21.5625 10
      vertex 30.262500000000003 -6.5625 10
    endloop
  endfacet
  facet normal 0 0 -1
    outer loop
      vertex -46.8875 34.6875 8
      vertex -46.8875 49.6875 8
      vertex -43.3875 34.6875 8
    endloop
  endfacet
  facet normal -0.7071067811865475 0 -0.7071067811865475
    outer loop
      vertex -46.8875 34.6875 8
      vertex -48.8875 49.6875 10
      vertex -46.8875 49.6875 8
    endloop
  endfacet
  facet normal -0.7071067811865475 0 -0.7071067811865475
    outer loop
      vertex -46.8875 34.6875 8
      vertex -48.8875 34.6875 10
      vertex -48.8875 49.6875 10
    endloop
  endfacet
  facet normal 0 0 1
    outer loop
      vertex -48.8875 34.6875 10
      vertex -43.67811826024443 29.611116103522647 10
      vertex -43.3875 49.6875 10
    endloop
  endfacet
  facet normal 0 0 1
    outer loop
      vertex -48.8875 34.6875 10
      vertex -43.3875 49.6875 10
      vertex -48.8875 49.6875 10
    endloop
  endfacet
  facet normal 0 0 -1
    outer loop
      vertex -46.8875 49.6875 8
      vertex -43.3875 49.6875 8
      vertex -43.3875 34.6875 8
    endloop
  endfacet
  facet normal 0 0 1
    outer loop
      vertex -43.67811826024443 29.611116103522647 10
      vertex -43.3875 34.6875 10
      vertex -43.3875 49.6875 10
    endloop
  endfacet
  facet normal 0 0 1
    outer loop
      vertex -48.8875 -49.6875 10
      vertex -43.67811826024443 -54.76388389647735 10
      vertex -43.3875 -34.6875 10
    endloop
  endfacet
  facet normal 0 0 -1
    outer loop
      vertex -46.8875 -49.6875 8
      vertex -46.8875 -34.6875 8
      vertex -43.3875 -49.6875 8
    endloop
  endfacet
  facet normal -0.7071067811865475 0 -0.7071067811865475
    outer loop
      vertex -46.8875 -49.6875 8
      vertex -48.8875 -34.6875 10
      vertex -46.8875 -34.6875 8
    endloop
  endfacet
  facet normal -0.7071067811865475 0 -0.7071067811865475
    outer loop
      vertex -46.8875 -49.6875 8
      vertex -48.8875 -49.6875 10
      vertex -48.8875 -34.6875 10
    endloop
  endfacet
  facet normal 0 0 1
    outer loop
      vertex -48.8875 -49.6875 10
      vertex -43.3875 -34.6875 10
      vertex -48.8875 -34.6875 10
    endloop
  endfacet
  facet normal 0 0 1
    outer loop
      vertex -43.67811826024443 -54.76388389647735 10
      vertex -43.3875 -49.6875 10
      vertex -43.3875 -34.6875 10
    endloop
  endfacet
  facet normal 0 0 -1
    outer loop
      vertex -46.8875 -34.6875 8
      vertex -43.3875 -34.6875 8
      vertex -43.3875 -49.6875 8
    endloop
  endfacet
  facet normal 0 0 -1
    outer loop
      vertex 63.587500000000006 6.5625 8
      vertex 63.587500000000006 21.5625 8
      vertex 67.0875 6.5625 8
    endloop
  endfacet
  facet normal 0 0 -1
    outer loop
      vertex 67.0875 6.5625 8
      vertex 63.587500000000006 21.5625 8
      vertex 67.0875 21.5625 8
    endloop
  endfacet
  facet normal -0.7071067811865475 0 -0.7071067811865475
    outer loop
      vertex 63.587500000000006 6.5625 8
      vertex 61.587500000000006 21.5625 10
      vertex 63.587500000000006 21.5625 8
    endloop
  endfacet
  facet normal 0 0 1
    outer loop
      vertex 61.587500000000006 6.5625 10
      vertex 66.79688173975558 1.4861161035226473 10
      vertex 67.0875 21.5625 10
    endloop
  endfacet
  facet normal 0 0 1
    outer loop
      vertex 66.79688173975558 1.4861161035226473 10
      vertex 67.0875 6.5625 10
      vertex 67.0875 21.5625 10
    endloop
  endfacet
  facet normal -0.7071067811865475 0 -0.7071067811865475
    outer loop
      vertex 63.587500000000006 6.5625 8
      vertex 61.587500000000006 6.5625 10
      vertex 61.587500000000006 21.5625 10
    endloop
  endfacet
  facet normal 0 0 1
    outer loop
      vertex 61.587500000000006 6.5625 10
      vertex 67.0875 21.5625 10
      vertex 61.587500000000006 21.5625 10
    endloop
  endfacet
  facet normal 0 0 1
    outer loop
      vertex 61.587500000000006 -49.6875 10
      vertex 66.79688173975558 -54.76388389647735 10
      vertex 67.0875 -34.6875 10
    endloop
  endfacet
  facet normal 0 0 1
    outer loop
      vertex 66.79688173975558 -54.76388389647735 10
      vertex 67.0875 -49.6875 10
      vertex 67.0875 -34.6875 10
    endloop
  endfacet
  facet normal 0 0 -1
    outer loop
      vertex 63.587500000000006 -49.6875 8
      vertex 63.587500000000006 -34.6875 8
      vertex 67.0875 -49.6875 8
    endloop
  endfacet
  facet normal 0 0 -1
    outer loop
      vertex 67.0875 -49.6875 8
      vertex 63.587500000000006 -34.6875 8
      vertex 67.0875 -34.6875 8
    endloop
  endfacet
  facet normal -0.7071067811865475 0 -0.7071067811865475
    outer loop
      vertex 63.587500000000006 -49.6875 8
      vertex 61.587500000000006 -34.6875 10
      vertex 63.587500000000006 -34.6875 8
    endloop
  endfacet
  facet normal -0.7071067811865475 0 -0.7071067811865475
    outer loop
      vertex 63.587500000000006 -49.6875 8
      vertex 61.587500000000006 -49.6875 10
      vertex 61.587500000000006 -34.6875 10
    endloop
  endfacet
  facet normal 0 0 1
    outer loop
      vertex 61.587500000000006 -49.6875 10
      vertex 67.0875 -34.6875 10
      vertex 61.587500000000006 -34.6875 10
    endloop
  endfacet
  facet normal 0 0 -1
    outer loop
      vertex -10.0625 6.5625 8
      vertex -10.0625 21.5625 8
      vertex -6.5625 6.5625 8
    endloop
  endfacet
  facet normal 0 0 -1
    outer loop
      vertex -6.5625 6.5625 8
      vertex -10.0625 21.5625 8
      vertex -6.5625 21.5625 8
    endloop
  endfacet
  facet normal -0.7071067811865475 0 -0.7071067811865475
    outer loop
      vertex -10.0625 6.5625 8
      vertex -12.0625 21.5625 10
      vertex -10.0625 21.5625 8
    endloop
  endfacet
  facet normal -0.7071067811865475 0 -0.7071067811865475
    outer loop
      vertex -10.0625 6.5625 8
      vertex -12.0625 6.5625 10
      vertex -12.0625 21.5625 10
    endloop
  endfacet
  facet normal 0 0 1
    outer loop
      vertex -12.0625 6.5625 10
      vertex -6.853118260244429 1.4861161035226473 10
      vertex -6.5625 21.5625 10
    endloop
  endfacet
  facet normal 0 0 1
    outer loop
      vertex -6.853118260244429 1.4861161035226473 10
      vertex -6.5625 6.5625 10
      vertex -6.5625 21.5625 10
    endloop
  endfacet
  facet normal 0 0 1
    outer loop
      vertex -12.0625 6.5625 10
      vertex -6.5625 21.5625 10
      vertex -12.0625 21.5625 10
    endloop
  endfacet
  facet normal 0 0 1
    outer loop
      vertex -12.0625 -49.6875 10
      vertex -6.853118260244429 -54.76388389647735 10
      vertex -6.5625 -34.6875 10
    endloop
  endfacet
  facet normal 0 0 1
    outer loop
      vertex -6.853118260244429 -54.76388389647735 10
      vertex -6.5625 -49.6875 10
      vertex -6.5625 -34.6875 10
    endloop
  endfacet
  facet normal 0 0 -1
    outer loop
      vertex -10.0625 -49.6875 8
      vertex -10.0625 -34.6875 8
      vertex -6.5625 -49.6875 8
    endloop
  endfacet
  facet normal 0 0 -1
    outer loop
      vertex -6.5625 -49.6875 8
      vertex -10.0625 -34.6875 8
      vertex -6.5625 -34.6875 8
    endloop
  endfacet
  facet normal -0.7071067811865475 0 -0.7071067811865475
    outer loop
      vertex -10.0625 -49.6875 8
      vertex -12.0625 -34.6875 10
      vertex -10.0625 -34.6875 8
    endloop
  endfacet
  facet normal -0.7071067811865475 0 -0.7071067811865475
    outer loop
      vertex -10.0625 -49.6875 8
      vertex -12.0625 -49.6875 10
      vertex -12.0625 -34.6875 10
    endloop
  endfacet
  facet normal 0 0 1
    outer loop
      vertex -12.0625 -49.6875 10
      vertex -6.5625 -34.6875 10
      vertex -12.0625 -34.6875 10
    endloop
  endfacet
  facet normal 0 0 -1
    outer loop
      vertex 63.587500000000006 34.6875 8
      vertex 63.587500000000006 49.6875 8
      vertex 67.0875 34.6875 8
    endloop
  endfacet
  facet normal 0 0 -1
    outer loop
      vertex 67.0875 34.6875 8
      vertex 63.587500000000006 49.6875 8
      vertex 67.0875 49.6875 8
    endloop
  endfacet
  facet normal -0.7071067811865475 0 -0.7071067811865475
    outer loop
      vertex 63.587500000000006 34.6875 8
      vertex 61.587500000000006 49.6875 10
      vertex 63.587500000000006 49.6875 8
    endloop
  endfacet
  facet normal -0.7071067811865475 0 -0.7071067811865475
    outer loop
      vertex 63.587500000000006 34.6875 8
      vertex 61.587500000000006 34.6875 10
      vertex 61.587500000000006 49.6875 10
    endloop
  endfacet
  facet normal 0 0 1
    outer loop
      vertex 66.79688173975558 29.611116103522647 10
      vertex 67.0875 49.6875 10
      vertex 61.587500000000006 34.6875 10
    endloop
  endfacet
  facet normal 0 0 1
    outer loop
      vertex 66.79688173975558 29.611116103522647 10
      vertex 67.0875 34.6875 10
      vertex 67.0875 49.6875 10
    endloop
  endfacet
  facet normal 0 0 1
    outer loop
      vertex 61.587500000000006 34.6875 10
      vertex 67.0875 49.6875 10
      vertex 61.587500000000006 49.6875 10
    endloop
  endfacet
  facet normal 0 0 -1
    outer loop
      vertex 63.587500000000006 -21.5625 8
      vertex 63.587500000000006 -6.5625 8
      vertex 67.0875 -21.5625 8
    endloop
  endfacet
  facet normal 0 0 -1
    outer loop
      vertex 67.0875 -21.5625 8
      vertex 63.587500000000006 -6.5625 8
      vertex 67.0875 -6.5625 8
    endloop
  endfacet
  facet normal -0.7071067811865475 0 -0.7071067811865475
    outer loop
      vertex 63.587500000000006 -21.5625 8
      vertex 61.587500000000006 -6.5625 10
      vertex 63.587500000000006 -6.5625 8
    endloop
  endfacet
  facet normal -0.7071067811865475 0 -0.7071067811865475
    outer loop
      vertex 63.587500000000006 -21.5625 8
      vertex 61.587500000000006 -21.5625 10
      vertex 61.587500000000006 -6.5625 10
    endloop
  endfacet
  facet normal 0 0 1
    outer loop
      vertex 66.79688173975558 -26.638883896477353 10
      vertex 67.0875 -6.5625 10
      vertex 61.587500000000006 -21.5625 10
    endloop
  endfacet
  facet normal 0 0 1
    outer loop
      vertex 66.79688173975558 -26.638883896477353 10
      vertex 67.0875 -21.5625 10
      vertex 67.0875 -6.5625 10
    endloop
  endfacet
  facet normal 0 0 1
    outer loop
      vertex 61.587500000000006 -21.5625 10
      vertex 67.0875 -6.5625 10
      vertex 61.587500000000006 -6.5625 10
    endloop
  endfacet
  facet normal 0 0 -1
    outer loop
      vertex -10.0625 34.6875 8
      vertex -10.0625 49.6875 8
      vertex -6.5625 34.6875 8
    endloop
  endfacet
  facet normal 0 0 -1
    outer loop
      vertex -6.5625 34.6875 8
      vertex -10.0625 49.6875 8
      vertex -6.5625 49.6875 8
    endloop
  endfacet
  facet normal -0.7071067811865475 0 -0.7071067811865475
    outer loop
      vertex -10.0625 34.6875 8
      vertex -12.0625 49.6875 10
      vertex -10.0625 49.6875 8
    endloop
  endfacet
  facet normal -0.7071067811865475 0 -0.7071067811865475
    outer loop
      vertex -10.0625 34.6875 8
      vertex -12.0625 34.6875 10
      vertex -12.0625 49.6875 10
    endloop
  endfacet
  facet normal 0 0 1
    outer loop
      vertex -12.0625 34.6875 10
      vertex -6.853118260244429 29.611116103522647 10
      vertex -6.5625 49.6875 10
    endloop
  endfacet
  facet normal 0 0 1
    outer loop
      vertex -6.853118260244429 29.611116103522647 10
      vertex -6.5625 34.6875 10
      vertex -6.5625 49.6875 10
    endloop
  endfacet
  facet normal 0 0 1
    outer loop
      vertex -12.0625 34.6875 10
      vertex -6.5625 49.6875 10
      vertex -12.0625 49.6875 10
    endloop
  endfacet
  facet normal 0 0 -1
    outer loop
      vertex -10.0625 -21.5625 8
      vertex -10.0625 -6.5625 8
      vertex -6.5625 -21.5625 8
    endloop
  endfacet
  facet normal 0 0 -1
    outer loop
      vertex -6.5625 -21.5625 8
      vertex -10.0625 -6.5625 8
      vertex -6.5625 -6.5625 8
    endloop
  endfacet
  facet normal -0.7071067811865475 0 -0.7071067811865475
    outer loop
      vertex -10.0625 -21.5625 8
      vertex -12.0625 -6.5625 10
      vertex -10.0625 -6.5625 8
    endloop
  endfacet
  facet normal -0.7071067811865475 0 -0.7071067811865475
    outer loop
      vertex -10.0625 -21.5625 8
      vertex -12.0625 -21.5625 10
      vertex -12.0625 -6.5625 10
    endloop
  endfacet
  facet normal 0 0 1
    outer loop
      vertex -6.853118260244429 -26.638883896477353 10
      vertex -6.5625 -6.5625 10
      vertex -12.0625 -21.5625 10
    endloop
  endfacet
  facet normal 0 0 1
    outer loop
      vertex -6.853118260244429 -26.638883896477353 10
      vertex -6.5625 -21.5625 10
      vertex -6.5625 -6.5625 10
    endloop
  endfacet
  facet normal 0 0 1
    outer loop
      vertex -12.0625 -21.5625 10
      vertex -6.5625 -6.5625 10
      vertex -12.0625 -6.5625 10
    endloop
  endfacet
  facet normal 0 0 -1
    outer loop
      vertex 26.762500000000003 6.5625 8
      vertex 26.762500000000003 21.5625 8
      vertex 30.262500000000003 6.5625 8
    endloop
  endfacet
  facet normal 0 0 -1
    outer loop
      vertex 30.262500000000003 6.5625 8
      vertex 26.762500000000003 21.5625 8
      vertex 30.262500000000003 21.5625 8
    endloop
  endfacet
  facet normal -0.7071067811865475 0 -0.7071067811865475
    outer loop
      vertex 26.762500000000003 6.5625 8
      vertex 24.762500000000003 21.5625 10
      vertex 26.762500000000003 21.5625 8
    endloop
  endfacet
  facet normal 0 0 1
    outer loop
      vertex 24.762500000000003 6.5625 10
      vertex 29.971881739755574 1.4861161035226473 10
      vertex 30.262500000000003 21.5625 10
    endloop
  endfacet
  facet normal 0 0 1
    outer loop
      vertex 29.971881739755574 1.4861161035226473 10
      vertex 30.262500000000003 6.5625 10
      vertex 30.262500000000003 21.5625 10
    endloop
  endfacet
  facet normal -0.7071067811865475 0 -0.7071067811865475
    outer loop
      vertex 26.762500000000003 6.5625 8
      vertex 24.762500000000003 6.5625 10
      vertex 24.762500000000003 21.5625 10
    endloop
  endfacet
  facet normal 0 0 1
    outer loop
      vertex 24.762500000000003 6.5625 10
      vertex 30.262500000000003 21.5625 10
      vertex 24.762500000000003 21.5625 10
    endloop
  endfacet
  facet normal 0 0 1
    outer loop
      vertex 24.762500000000003 -49.6875 10
      vertex 29.971881739755574 -54.76388389647735 10
      vertex 30.262500000000003 -34.6875 10
    endloop
  endfacet
  facet normal 0 0 1
    outer loop
      vertex 29.971881739755574 -54.76388389647735 10
      vertex 30.262500000000003 -49.6875 10
      vertex 30.262500000000003 -34.6875 10
    endloop
  endfacet
  facet normal 0 0 -1
    outer loop
      vertex 26.762500000000003 -49.6875 8
      vertex 26.762500000000003 -34.6875 8
      vertex 30.262500000000003 -49.6875 8
    endloop
  endfacet
  facet normal 0 0 -1
    outer loop
      vertex 30.262500000000003 -49.6875 8
      vertex 26.762500000000003 -34.6875 8
      vertex 30.262500000000003 -34.6875 8
    endloop
  endfacet
  facet normal -0.7071067811865475 0 -0.7071067811865475
    outer loop
      vertex 26.762500000000003 -49.6875 8
      vertex 24.762500000000003 -34.6875 10
      vertex 26.762500000000003 -34.6875 8
    endloop
  endfacet
  facet normal -0.7071067811865475 0 -0.7071067811865475
    outer loop
      vertex 26.762500000000003 -49.6875 8
      vertex 24.762500000000003 -49.6875 10
      vertex 24.762500000000003 -34.6875 10
    endloop
  endfacet
  facet normal 0 0 1
    outer loop
      vertex 24.762500000000003 -49.6875 10
      vertex 30.262500000000003 -34.6875 10
      vertex 24.762500000000003 -34.6875 10
    endloop
  endfacet
  facet normal 0 0 -1
    outer loop
      vertex -46.8875 6.5625 8
      vertex -46.8875 21.5625 8
      vertex -43.3875 6.5625 8
    endloop
  endfacet
  facet normal -0.7071067811865475 0 -0.7071067811865475
    outer loop
      vertex -46.8875 6.5625 8
      vertex -48.8875 21.5625 10
      vertex -46.8875 21.5625 8
    endloop
  endfacet
  facet normal 0 0 1
    outer loop
      vertex -48.8875 6.5625 10
      vertex -43.67811826024443 1.4861161035226473 10
      vertex -43.3875 21.5625 10
    endloop
  endfacet
  facet normal -0.7071067811865475 0 -0.7071067811865475
    outer loop
      vertex -46.8875 6.5625 8
      vertex -48.8875 6.5625 10
      vertex -48.8875 21.5625 10
    endloop
  endfacet
  facet normal 0 0 1
    outer loop
      vertex -48.8875 6.5625 10
      vertex -43.3875 21.5625 10
      vertex -48.8875 21.5625 10
    endloop
  endfacet
  facet normal 0 0 -1
    outer loop
      vertex -46.8875 21.5625 8
      vertex -43.3875 21.5625 8
      vertex -43.3875 6.5625 8
    endloop
  endfacet
  facet normal 0 0 1
    outer loop
      vertex -43.67811826024443 1.4861161035226473 10
      vertex -43.3875 6.5625 10
      vertex -43.3875 21.5625 10
    endloop
  endfacet
  facet normal 0 0 -1
    outer loop
      vertex -46.8875 -21.5625 8
      vertex -46.8875 -6.5625 8
      vertex -43.3875 -21.5625 8
    endloop
  endfacet
  facet normal -0.7071067811865475 0 -0.7071067811865475
    outer loop
      vertex -46.8875 -21.5625 8
      vertex -48.8875 -6.5625 10
      vertex -46.8875 -6.5625 8
    endloop
  endfacet
  facet normal -0.7071067811865475 0 -0.7071067811865475
    outer loop
      vertex -46.8875 -21.5625 8
      vertex -48.8875 -21.5625 10
      vertex -48.8875 -6.5625 10
    endloop
  endfacet
  facet normal 0 0 1
    outer loop
      vertex -48.8875 -21.5625 10
      vertex -43.67811826024443 -26.638883896477353 10
      vertex -43.3875 -6.5625 10
    endloop
  endfacet
  facet normal 0 0 1
    outer loop
      vertex -48.8875 -21.5625 10
      vertex -43.3875 -6.5625 10
      vertex -48.8875 -6.5625 10
    endloop
  endfacet
  facet normal 0 0 -1
    outer loop
      vertex -46.8875 -6.5625 8
      vertex -43.3875 -6.5625 8
      vertex -43.3875 -21.5625 8
    endloop
  endfacet
  facet normal 0 0 1
    outer loop
      vertex -43.67811826024443 -26.638883896477353 10
      vertex -43.3875 -21.5625 10
      vertex -43.3875 -6.5625 10
    endloop
  endfacet
  facet normal -0.7071067811865475 0.7071067811865475 0
    outer loop
      vertex -71.59359216769114 -75.12912607362388 4.9995
      vertex -61.87087392637612 -65.40640783230886 0
      vertex -71.59359216769114 -75.12912607362388 0
    endloop
  endfacet
  facet normal 0.7071067811865475 -0.7071067811865475 0
    outer loop
      vertex -65.40640783230886 -61.87087392637612 4.9995
      vertex -75.12912607362388 -71.59359216769114 0
      vertex -65.40640783230886 -61.87087392637612 0
    endloop
  endfacet
  facet normal 0.7071067811865475 -0.7071067811865475 0
    outer loop
      vertex -75.12912607362388 -71.59359216769114 4.9995
      vertex -75.12912607362388 -71.59359216769114 0
      vertex -65.40640783230886 -61.87087392637612 4.9995
    endloop
  endfacet
  facet normal -0.7071067811865475 0.7071067811865475 0
    outer loop
      vertex -71.59359216769114 -75.12912607362388 4.9995
      vertex -61.87087392637612 -65.40640783230886 4.9995
      vertex -61.87087392637612 -65.40640783230886 0
    endloop
  endfacet
  facet normal 0.7071067811865475 0.7071067811865475 0
    outer loop
      vertex -75.12912607362388 71.59359216769114 4.9995
      vertex -65.40640783230886 61.87087392637612 0
      vertex -75.12912607362388 71.59359216769114 0
    endloop
  endfacet
  facet normal -0.7071067811865475 -0.7071067811865475 0
    outer loop
      vertex -61.87087392637612 65.40640783230886 4.9995
      vertex -71.59359216769114 75.12912607362388 0
      vertex -61.87087392637612 65.40640783230886 0
    endloop
  endfacet
  facet normal 0.7071067811865475 0.7071067811865475 0
    outer loop
      vertex -75.12912607362388 71.59359216769114 4.9995
      vertex -65.40640783230886 61.87087392637612 4.9995
      vertex -65.40640783230886 61.87087392637612 0
    endloop
  endfacet
  facet normal -0.7071067811865475 -0.7071067811865475 0
    outer loop
      vertex -71.59359216769114 75.12912607362388 4.9995
      vertex -71.59359216769114 75.12912607362388 0
      vertex -61.87087392637612 65.40640783230886 4.9995
    endloop
  endfacet
  facet normal -0.7071067811865475 0.7071067811865475 0
    outer loop
      vertex 65.40640783230886 61.87087392637612 4.9995
      vertex 75.12912607362388 71.59359216769114 0
      vertex 65.40640783230886 61.87087392637612 0
    endloop
  endfacet
  facet normal 0.7071067811865475 -0.7071067811865475 0
    outer loop
      vertex 71.59359216769114 75.12912607362388 4.9995
      vertex 61.87087392637612 65.40640783230886 0
      vertex 71.59359216769114 75.12912607362388 0
    endloop
  endfacet
  facet normal 0.7071067811865475 -0.7071067811865475 0
    outer loop
      vertex 61.87087392637612 65.40640783230886 4.9995
      vertex 61.87087392637612 65.40640783230886 0
      vertex 71.59359216769114 75.12912607362388 4.9995
    endloop
  endfacet
  facet normal -0.7071067811865475 0.7071067811865475 0
    outer loop
      vertex 65.40640783230886 61.87087392637612 4.9995
      vertex 75.12912607362388 71.59359216769114 4.9995
      vertex 75.12912607362388 71.59359216769114 0
    endloop
  endfacet
  facet normal 0.7071067811865475 0.7071067811865475 0
    outer loop
      vertex 61.87087392637612 -65.40640783230886 4.9995
      vertex 71.59359216769114 -75.12912607362388 0
      vertex 61.87087392637612 -65.40640783230886 0
    endloop
  endfacet
  facet normal -0.7071067811865475 -0.7071067811865475 0
    outer loop
      vertex 75.12912607362388 -71.59359216769114 4.9995
      vertex 65.40640783230886 -61.87087392637612 0
      vertex 75.12912607362388 -71.59359216769114 0
    endloop
  endfacet
  facet normal 0.7071067811865475 0.7071067811865475 0
    outer loop
      vertex 61.87087392637612 -65.40640783230886 4.9995
      vertex 71.59359216769114 -75.12912607362388 4.9995
      vertex 71.59359216769114 -75.12912607362388 0
    endloop
  endfacet
  facet normal -0.7071067811865475 -0.7071067811865475 0
    outer loop
      vertex 65.40640783230886 -61.87087392637612 4.9995
      vertex 65.40640783230886 -61.87087392637612 0
      vertex 75.12912607362388 -71.59359216769114 4.9995
    endloop
  endfacet
  facet normal 0.7730104533627387 0.6343932841636434 0
    outer loop
      vertex -75.44003315141387 -74.75028470320652 4.9995
      vertex -75.12912607362388 -75.12912607362388 0
      vertex -75.44003315141387 -74.75028470320652 0
    endloop
  endfacet
  facet normal 0.4713967368260214 0.8819212643483424 0
    outer loop
      vertex -74.75028470320652 -75.44003315141387 4.9995
      vertex -74.31806770157024 -75.67105795193574 0
      vertex -74.75028470320652 -75.44003315141387 0
    endloop
  endfacet
  facet normal 0.6343932841636434 0.7730104533627387 0
    outer loop
      vertex -75.12912607362388 -75.12912607362388 4.9995
      vertex -74.75028470320652 -75.44003315141387 0
      vertex -75.12912607362388 -75.12912607362388 0
    endloop
  endfacet
  facet normal 0.8819212643483424 0.4713967368260214 0
    outer loop
      vertex -75.67105795193574 -74.31806770157024 4.9995
      vertex -75.44003315141387 -74.75028470320652 0
      vertex -75.67105795193574 -74.31806770157024 0
    endloop
  endfacet
  facet normal 0.9569403357322096 0.2902846772544598 0
    outer loop
      vertex -75.8133223216656 -73.84908492569784 4.9995
      vertex -75.67105795193574 -74.31806770157024 0
      vertex -75.8133223216656 -73.84908492569784 0
    endloop
  endfacet
  facet normal 0.9951847266721986 0.09801714032954327 0
    outer loop
      vertex -75.86135912065751 -73.36135912065751 4.9995
      vertex -75.8133223216656 -73.84908492569784 0
      vertex -75.86135912065751 -73.36135912065751 0
    endloop
  endfacet
  facet normal 0.2902846772544598 0.9569403357322096 0
    outer loop
      vertex -74.31806770157024 -75.67105795193574 4.9995
      vertex -73.84908492569784 -75.8133223216656 0
      vertex -74.31806770157024 -75.67105795193574 0
    endloop
  endfacet
  facet normal 0.09801714032954327 0.9951847266721986 0
    outer loop
      vertex -73.84908492569784 -75.8133223216656 4.9995
      vertex -73.36135912065751 -75.86135912065751 0
      vertex -73.84908492569784 -75.8133223216656 0
    endloop
  endfacet
  facet normal -0.0980171403295461 0.9951847266721984 0
    outer loop
      vertex -73.36135912065751 -75.86135912065751 4.9995
      vertex -72.8736333156172 -75.8133223216656 0
      vertex -73.36135912065751 -75.86135912065751 0
    endloop
  endfacet
  facet normal 0.9951847266721984 -0.0980171403295461 0
    outer loop
      vertex -75.8133223216656 -72.8736333156172 4.9995
      vertex -75.86135912065751 -73.36135912065751 0
      vertex -75.8133223216656 -72.8736333156172 0
    endloop
  endfacet
  facet normal 0.9569403357322096 -0.2902846772544598 0
    outer loop
      vertex -75.67105795193574 -72.4046505397448 4.9995
      vertex -75.8133223216656 -72.8736333156172 0
      vertex -75.67105795193574 -72.4046505397448 0
    endloop
  endfacet
  facet normal 0.8819212643483488 -0.47139673682600935 0
    outer loop
      vertex -75.44003315141387 -71.9724335381085 4.9995
      vertex -75.67105795193574 -72.4046505397448 0
      vertex -75.44003315141387 -71.9724335381085 0
    endloop
  endfacet
  facet normal 0.7730104533627387 -0.6343932841636434 0
    outer loop
      vertex -75.12912607362388 -71.59359216769114 4.9995
      vertex -75.44003315141387 -71.9724335381085 0
      vertex -75.12912607362388 -71.59359216769114 0
    endloop
  endfacet
  facet normal -0.2902846772544598 0.9569403357322096 0
    outer loop
      vertex -72.8736333156172 -75.8133223216656 4.9995
      vertex -72.4046505397448 -75.67105795193574 0
      vertex -72.8736333156172 -75.8133223216656 0
    endloop
  endfacet
  facet normal -0.47139673682600935 0.8819212643483488 0
    outer loop
      vertex -72.4046505397448 -75.67105795193574 4.9995
      vertex -71.9724335381085 -75.44003315141387 0
      vertex -72.4046505397448 -75.67105795193574 0
    endloop
  endfacet
  facet normal -0.6343932841636434 0.7730104533627387 0
    outer loop
      vertex -71.9724335381085 -75.44003315141387 4.9995
      vertex -71.59359216769114 -75.12912607362388 0
      vertex -71.9724335381085 -75.44003315141387 0
    endloop
  endfacet
  facet normal 0.8819212643483424 0.4713967368260214 0
    outer loop
      vertex -75.67105795193574 -74.31806770157024 4.9995
      vertex -75.44003315141387 -74.75028470320652 4.9995
      vertex -75.44003315141387 -74.75028470320652 0
    endloop
  endfacet
  facet normal 0.6343932841636434 0.7730104533627387 0
    outer loop
      vertex -75.12912607362388 -75.12912607362388 4.9995
      vertex -74.75028470320652 -75.44003315141387 4.9995
      vertex -74.75028470320652 -75.44003315141387 0
    endloop
  endfacet
  facet normal 0.7730104533627387 0.6343932841636434 0
    outer loop
      vertex -75.12912607362388 -75.12912607362388 4.9995
      vertex -75.12912607362388 -75.12912607362388 0
      vertex -75.44003315141387 -74.75028470320652 4.9995
    endloop
  endfacet
  facet normal 0.9569403357322096 0.2902846772544598 0
    outer loop
      vertex -75.67105795193574 -74.31806770157024 4.9995
      vertex -75.67105795193574 -74.31806770157024 0
      vertex -75.8133223216656 -73.84908492569784 4.9995
    endloop
  endfacet
  facet normal 0.9951847266721986 0.09801714032954327 0
    outer loop
      vertex -75.8133223216656 -73.84908492569784 4.9995
      vertex -75.8133223216656 -73.84908492569784 0
      vertex -75.86135912065751 -73.36135912065751 4.9995
    endloop
  endfacet
  facet normal 0.9951847266721984 -0.0980171403295461 0
    outer loop
      vertex -75.86135912065751 -73.36135912065751 4.9995
      vertex -75.86135912065751 -73.36135912065751 0
      vertex -75.8133223216656 -72.8736333156172 4.9995
    endloop
  endfacet
  facet normal 0.4713967368260214 0.8819212643483424 0
    outer loop
      vertex -74.31806770157024 -75.67105795193574 4.9995
      vertex -74.31806770157024 -75.67105795193574 0
      vertex -74.75028470320652 -75.44003315141387 4.9995
    endloop
  endfacet
  facet normal 0.2902846772544598 0.9569403357322096 0
    outer loop
      vertex -74.31806770157024 -75.67105795193574 4.9995
      vertex -73.84908492569784 -75.8133223216656 4.9995
      vertex -73.84908492569784 -75.8133223216656 0
    endloop
  endfacet
  facet normal 0.09801714032954327 0.9951847266721986 0
    outer loop
      vertex -73.84908492569784 -75.8133223216656 4.9995
      vertex -73.36135912065751 -75.86135912065751 4.9995
      vertex -73.36135912065751 -75.86135912065751 0
    endloop
  endfacet
  facet normal 0.9569403357322096 -0.2902846772544598 0
    outer loop
      vertex -75.8133223216656 -72.8736333156172 4.9995
      vertex -75.8133223216656 -72.8736333156172 0
      vertex -75.67105795193574 -72.4046505397448 4.9995
    endloop
  endfacet
  facet normal 0.8819212643483488 -0.47139673682600935 0
    outer loop
      vertex -75.67105795193574 -72.4046505397448 4.9995
      vertex -75.67105795193574 -72.4046505397448 0
      vertex -75.44003315141387 -71.9724335381085 4.9995
    endloop
  endfacet
  facet normal 0.7730104533627387 -0.6343932841636434 0
    outer loop
      vertex -75.44003315141387 -71.9724335381085 4.9995
      vertex -75.44003315141387 -71.9724335381085 0
      vertex -75.12912607362388 -71.59359216769114 4.9995
    endloop
  endfacet
  facet normal -0.0980171403295461 0.9951847266721984 0
    outer loop
      vertex -73.36135912065751 -75.86135912065751 4.9995
      vertex -72.8736333156172 -75.8133223216656 4.9995
      vertex -72.8736333156172 -75.8133223216656 0
    endloop
  endfacet
  facet normal -0.2902846772544598 0.9569403357322096 0
    outer loop
      vertex -72.8736333156172 -75.8133223216656 4.9995
      vertex -72.4046505397448 -75.67105795193574 4.9995
      vertex -72.4046505397448 -75.67105795193574 0
    endloop
  endfacet
  facet normal -0.47139673682600935 0.8819212643483488 0
    outer loop
      vertex -72.4046505397448 -75.67105795193574 4.9995
      vertex -71.9724335381085 -75.44003315141387 4.9995
      vertex -71.9724335381085 -75.44003315141387 0
    endloop
  endfacet
  facet normal -0.6343932841636434 0.7730104533627387 0
    outer loop
      vertex -71.9724335381085 -75.44003315141387 4.9995
      vertex -71.59359216769114 -75.12912607362388 4.9995
      vertex -71.59359216769114 -75.12912607362388 0
    endloop
  endfacet
  facet normal 0.8819212643483488 0.47139673682600935 0
    outer loop
      vertex -75.67105795193574 72.4046505397448 4.9995
      vertex -75.44003315141387 71.9724335381085 0
      vertex -75.67105795193574 72.4046505397448 0
    endloop
  endfacet
  facet normal 0.7730104533627387 0.6343932841636434 0
    outer loop
      vertex -75.44003315141387 71.9724335381085 4.9995
      vertex -75.12912607362388 71.59359216769114 0
      vertex -75.44003315141387 71.9724335381085 0
    endloop
  endfacet
  facet normal 0.9569403357322096 0.2902846772544598 0
    outer loop
      vertex -75.8133223216656 72.8736333156172 4.9995
      vertex -75.67105795193574 72.4046505397448 0
      vertex -75.8133223216656 72.8736333156172 0
    endloop
  endfacet
  facet normal 0.9951847266721984 0.0980171403295461 0
    outer loop
      vertex -75.86135912065751 73.36135912065751 4.9995
      vertex -75.8133223216656 72.8736333156172 0
      vertex -75.86135912065751 73.36135912065751 0
    endloop
  endfacet
  facet normal 0.9951847266721986 -0.09801714032954327 0
    outer loop
      vertex -75.8133223216656 73.84908492569784 4.9995
      vertex -75.86135912065751 73.36135912065751 0
      vertex -75.8133223216656 73.84908492569784 0
    endloop
  endfacet
  facet normal 0.9569403357322096 -0.2902846772544598 0
    outer loop
      vertex -75.67105795193574 74.31806770157024 4.9995
      vertex -75.8133223216656 73.84908492569784 0
      vertex -75.67105795193574 74.31806770157024 0
    endloop
  endfacet
  facet normal 0.8819212643483424 -0.4713967368260214 0
    outer loop
      vertex -75.44003315141387 74.75028470320652 4.9995
      vertex -75.67105795193574 74.31806770157024 0
      vertex -75.44003315141387 74.75028470320652 0
    endloop
  endfacet
  facet normal 0.7730104533627387 -0.6343932841636434 0
    outer loop
      vertex -75.12912607362388 75.12912607362388 4.9995
      vertex -75.44003315141387 74.75028470320652 0
      vertex -75.12912607362388 75.12912607362388 0
    endloop
  endfacet
  facet normal 0.6343932841636434 -0.7730104533627387 0
    outer loop
      vertex -74.75028470320652 75.44003315141387 4.9995
      vertex -75.12912607362388 75.12912607362388 0
      vertex -74.75028470320652 75.44003315141387 0
    endloop
  endfacet
  facet normal 0.4713967368260214 -0.8819212643483424 0
    outer loop
      vertex -74.31806770157024 75.67105795193574 4.9995
      vertex -74.75028470320652 75.44003315141387 0
      vertex -74.31806770157024 75.67105795193574 0
    endloop
  endfacet
  facet normal 0.2902846772544598 -0.9569403357322096 0
    outer loop
      vertex -73.84908492569784 75.8133223216656 4.9995
      vertex -74.31806770157024 75.67105795193574 0
      vertex -73.84908492569784 75.8133223216656 0
    endloop
  endfacet
  facet normal 0.09801714032954327 -0.9951847266721986 0
    outer loop
      vertex -73.36135912065751 75.86135912065751 4.9995
      vertex -73.84908492569784 75.8133223216656 0
      vertex -73.36135912065751 75.86135912065751 0
    endloop
  endfacet
  facet normal -0.0980171403295461 -0.9951847266721984 0
    outer loop
      vertex -72.8736333156172 75.8133223216656 4.9995
      vertex -73.36135912065751 75.86135912065751 0
      vertex -72.8736333156172 75.8133223216656 0
    endloop
  endfacet
  facet normal -0.2902846772544598 -0.9569403357322096 0
    outer loop
      vertex -72.4046505397448 75.67105795193574 4.9995
      vertex -72.8736333156172 75.8133223216656 0
      vertex -72.4046505397448 75.67105795193574 0
    endloop
  endfacet
  facet normal -0.6343932841636434 -0.7730104533627387 0
    outer loop
      vertex -71.59359216769114 75.12912607362388 4.9995
      vertex -71.9724335381085 75.44003315141387 0
      vertex -71.59359216769114 75.12912607362388 0
    endloop
  endfacet
  facet normal -0.47139673682600935 -0.8819212643483488 0
    outer loop
      vertex -71.9724335381085 75.44003315141387 4.9995
      vertex -72.4046505397448 75.67105795193574 0
      vertex -71.9724335381085 75.44003315141387 0
    endloop
  endfacet
  facet normal 0.8819212643483488 0.47139673682600935 0
    outer loop
      vertex -75.44003315141387 71.9724335381085 4.9995
      vertex -75.44003315141387 71.9724335381085 0
      vertex -75.67105795193574 72.4046505397448 4.9995
    endloop
  endfacet
  facet normal 0.9569403357322096 0.2902846772544598 0
    outer loop
      vertex -75.67105795193574 72.4046505397448 4.9995
      vertex -75.67105795193574 72.4046505397448 0
      vertex -75.8133223216656 72.8736333156172 4.9995
    endloop
  endfacet
  facet normal 0.9951847266721984 0.0980171403295461 0
    outer loop
      vertex -75.8133223216656 72.8736333156172 4.9995
      vertex -75.8133223216656 72.8736333156172 0
      vertex -75.86135912065751 73.36135912065751 4.9995
    endloop
  endfacet
  facet normal 0.7730104533627387 0.6343932841636434 0
    outer loop
      vertex -75.12912607362388 71.59359216769114 4.9995
      vertex -75.12912607362388 71.59359216769114 0
      vertex -75.44003315141387 71.9724335381085 4.9995
    endloop
  endfacet
  facet normal 0.9951847266721986 -0.09801714032954327 0
    outer loop
      vertex -75.86135912065751 73.36135912065751 4.9995
      vertex -75.86135912065751 73.36135912065751 0
      vertex -75.8133223216656 73.84908492569784 4.9995
    endloop
  endfacet
  facet normal 0.9569403357322096 -0.2902846772544598 0
    outer loop
      vertex -75.8133223216656 73.84908492569784 4.9995
      vertex -75.8133223216656 73.84908492569784 0
      vertex -75.67105795193574 74.31806770157024 4.9995
    endloop
  endfacet
  facet normal 0.8819212643483424 -0.4713967368260214 0
    outer loop
      vertex -75.67105795193574 74.31806770157024 4.9995
      vertex -75.67105795193574 74.31806770157024 0
      vertex -75.44003315141387 74.75028470320652 4.9995
    endloop
  endfacet
  facet normal 0.7730104533627387 -0.6343932841636434 0
    outer loop
      vertex -75.44003315141387 74.75028470320652 4.9995
      vertex -75.44003315141387 74.75028470320652 0
      vertex -75.12912607362388 75.12912607362388 4.9995
    endloop
  endfacet
  facet normal 0.6343932841636434 -0.7730104533627387 0
    outer loop
      vertex -75.12912607362388 75.12912607362388 4.9995
      vertex -75.12912607362388 75.12912607362388 0
      vertex -74.75028470320652 75.44003315141387 4.9995
    endloop
  endfacet
  facet normal 0.4713967368260214 -0.8819212643483424 0
    outer loop
      vertex -74.75028470320652 75.44003315141387 4.9995
      vertex -74.75028470320652 75.44003315141387 0
      vertex -74.31806770157024 75.67105795193574 4.9995
    endloop
  endfacet
  facet normal 0.2902846772544598 -0.9569403357322096 0
    outer loop
      vertex -74.31806770157024 75.67105795193574 4.9995
      vertex -74.31806770157024 75.67105795193574 0
      vertex -73.84908492569784 75.8133223216656 4.9995
    endloop
  endfacet
  facet normal 0.09801714032954327 -0.9951847266721986 0
    outer loop
      vertex -73.84908492569784 75.8133223216656 4.9995
      vertex -73.84908492569784 75.8133223216656 0
      vertex -73.36135912065751 75.86135912065751 4.9995
    endloop
  endfacet
  facet normal -0.0980171403295461 -0.9951847266721984 0
    outer loop
      vertex -73.36135912065751 75.86135912065751 4.9995
      vertex -73.36135912065751 75.86135912065751 0
      vertex -72.8736333156172 75.8133223216656 4.9995
    endloop
  endfacet
  facet normal -0.2902846772544598 -0.9569403357322096 0
    outer loop
      vertex -72.8736333156172 75.8133223216656 4.9995
      vertex -72.8736333156172 75.8133223216656 0
      vertex -72.4046505397448 75.67105795193574 4.9995
    endloop
  endfacet
  facet normal -0.47139673682600935 -0.8819212643483488 0
    outer loop
      vertex -72.4046505397448 75.67105795193574 4.9995
      vertex -72.4046505397448 75.67105795193574 0
      vertex -71.9724335381085 75.44003315141387 4.9995
    endloop
  endfacet
  facet normal -0.6343932841636434 -0.7730104533627387 0
    outer loop
      vertex -71.9724335381085 75.44003315141387 4.9995
      vertex -71.9724335381085 75.44003315141387 0
      vertex -71.59359216769114 75.12912607362388 4.9995
    endloop
  endfacet
  facet normal 0.8819212643483544 0.4713967368259989 0
    outer loop
      vertex 61.32894204806427 62.68193229842976 4.9995
      vertex 61.55996684858612 62.24971529679348 0
      vertex 61.32894204806427 62.68193229842976 0
    endloop
  endfacet
  facet normal 0.7730104533627316 0.634393284163652 0
    outer loop
      vertex 61.55996684858612 62.24971529679348 4.9995
      vertex 61.87087392637612 61.87087392637612 0
      vertex 61.55996684858612 62.24971529679348 0
    endloop
  endfacet
  facet normal 0.9569403357322056 0.29028467725447304 0
    outer loop
      vertex 61.186677678334405 63.15091507430216 4.9995
      vertex 61.32894204806427 62.68193229842976 0
      vertex 61.186677678334405 63.15091507430216 0
    endloop
  endfacet
  facet normal 0.9951847266721986 0.09801714032954327 0
    outer loop
      vertex 61.13864087934249 63.63864087934249 4.9995
      vertex 61.186677678334405 63.15091507430216 0
      vertex 61.13864087934249 63.63864087934249 0
    endloop
  endfacet
  facet normal 0.9951847266721969 -0.09801714032956045 0
    outer loop
      vertex 61.18667767833441 64.1263666843828 4.9995
      vertex 61.13864087934249 63.63864087934249 0
      vertex 61.18667767833441 64.1263666843828 0
    endloop
  endfacet
  facet normal 0.9569403357322096 -0.2902846772544598 0
    outer loop
      vertex 61.32894204806427 64.5953494602552 4.9995
      vertex 61.18667767833441 64.1263666843828 0
      vertex 61.32894204806427 64.5953494602552 0
    endloop
  endfacet
  facet normal 0.8819212643483608 -0.4713967368259869 0
    outer loop
      vertex 61.55996684858612 65.0275664618915 4.9995
      vertex 61.32894204806427 64.5953494602552 0
      vertex 61.55996684858612 65.0275664618915 0
    endloop
  endfacet
  facet normal 0.7730104533627316 -0.634393284163652 0
    outer loop
      vertex 61.87087392637612 65.40640783230886 4.9995
      vertex 61.55996684858612 65.0275664618915 0
      vertex 61.87087392637612 65.40640783230886 0
    endloop
  endfacet
  facet normal 0.634393284163652 0.7730104533627316 0
    outer loop
      vertex 61.87087392637612 61.87087392637612 4.9995
      vertex 62.24971529679348 61.55996684858612 0
      vertex 61.87087392637612 61.87087392637612 0
    endloop
  endfacet
  facet normal 0.4713967368259989 0.8819212643483544 0
    outer loop
      vertex 62.24971529679348 61.55996684858612 4.9995
      vertex 62.68193229842976 61.32894204806427 0
      vertex 62.24971529679348 61.55996684858612 0
    endloop
  endfacet
  facet normal 0.29028467725447304 0.9569403357322056 0
    outer loop
      vertex 62.68193229842976 61.32894204806427 4.9995
      vertex 63.15091507430216 61.186677678334405 0
      vertex 62.68193229842976 61.32894204806427 0
    endloop
  endfacet
  facet normal 0.09801714032954327 0.9951847266721986 0
    outer loop
      vertex 63.15091507430216 61.186677678334405 4.9995
      vertex 63.63864087934249 61.13864087934249 0
      vertex 63.15091507430216 61.186677678334405 0
    endloop
  endfacet
  facet normal -0.09801714032956045 0.9951847266721969 0
    outer loop
      vertex 63.63864087934249 61.13864087934249 4.9995
      vertex 64.1263666843828 61.18667767833441 0
      vertex 63.63864087934249 61.13864087934249 0
    endloop
  endfacet
  facet normal -0.2902846772544598 0.9569403357322096 0
    outer loop
      vertex 64.1263666843828 61.18667767833441 4.9995
      vertex 64.5953494602552 61.32894204806427 0
      vertex 64.1263666843828 61.18667767833441 0
    endloop
  endfacet
  facet normal -0.4713967368259869 0.8819212643483608 0
    outer loop
      vertex 64.5953494602552 61.32894204806427 4.9995
      vertex 65.0275664618915 61.55996684858612 0
      vertex 64.5953494602552 61.32894204806427 0
    endloop
  endfacet
  facet normal -0.634393284163652 0.7730104533627316 0
    outer loop
      vertex 65.0275664618915 61.55996684858612 4.9995
      vertex 65.40640783230886 61.87087392637612 0
      vertex 65.0275664618915 61.55996684858612 0
    endloop
  endfacet
  facet normal 0.8819212643483544 0.4713967368259989 0
    outer loop
      vertex 61.55996684858612 62.24971529679348 4.9995
      vertex 61.55996684858612 62.24971529679348 0
      vertex 61.32894204806427 62.68193229842976 4.9995
    endloop
  endfacet
  facet normal 0.7730104533627316 0.634393284163652 0
    outer loop
      vertex 61.87087392637612 61.87087392637612 4.9995
      vertex 61.87087392637612 61.87087392637612 0
      vertex 61.55996684858612 62.24971529679348 4.9995
    endloop
  endfacet
  facet normal 0.9569403357322056 0.29028467725447304 0
    outer loop
      vertex 61.32894204806427 62.68193229842976 4.9995
      vertex 61.32894204806427 62.68193229842976 0
      vertex 61.186677678334405 63.15091507430216 4.9995
    endloop
  endfacet
  facet normal 0.9951847266721986 0.09801714032954327 0
    outer loop
      vertex 61.186677678334405 63.15091507430216 4.9995
      vertex 61.186677678334405 63.15091507430216 0
      vertex 61.13864087934249 63.63864087934249 4.9995
    endloop
  endfacet
  facet normal 0.9951847266721969 -0.09801714032956045 0
    outer loop
      vertex 61.13864087934249 63.63864087934249 4.9995
      vertex 61.13864087934249 63.63864087934249 0
      vertex 61.18667767833441 64.1263666843828 4.9995
    endloop
  endfacet
  facet normal 0.9569403357322096 -0.2902846772544598 0
    outer loop
      vertex 61.18667767833441 64.1263666843828 4.9995
      vertex 61.18667767833441 64.1263666843828 0
      vertex 61.32894204806427 64.5953494602552 4.9995
    endloop
  endfacet
  facet normal 0.8819212643483608 -0.4713967368259869 0
    outer loop
      vertex 61.32894204806427 64.5953494602552 4.9995
      vertex 61.32894204806427 64.5953494602552 0
      vertex 61.55996684858612 65.0275664618915 4.9995
    endloop
  endfacet
  facet normal 0.7730104533627316 -0.634393284163652 0
    outer loop
      vertex 61.55996684858612 65.0275664618915 4.9995
      vertex 61.55996684858612 65.0275664618915 0
      vertex 61.87087392637612 65.40640783230886 4.9995
    endloop
  endfacet
  facet normal 0.634393284163652 0.7730104533627316 0
    outer loop
      vertex 61.87087392637612 61.87087392637612 4.9995
      vertex 62.24971529679348 61.55996684858612 4.9995
      vertex 62.24971529679348 61.55996684858612 0
    endloop
  endfacet
  facet normal 0.4713967368259989 0.8819212643483544 0
    outer loop
      vertex 62.24971529679348 61.55996684858612 4.9995
      vertex 62.68193229842976 61.32894204806427 4.9995
      vertex 62.68193229842976 61.32894204806427 0
    endloop
  endfacet
  facet normal 0.29028467725447304 0.9569403357322056 0
    outer loop
      vertex 62.68193229842976 61.32894204806427 4.9995
      vertex 63.15091507430216 61.186677678334405 4.9995
      vertex 63.15091507430216 61.186677678334405 0
    endloop
  endfacet
  facet normal 0.09801714032954327 0.9951847266721986 0
    outer loop
      vertex 63.15091507430216 61.186677678334405 4.9995
      vertex 63.63864087934249 61.13864087934249 4.9995
      vertex 63.63864087934249 61.13864087934249 0
    endloop
  endfacet
  facet normal -0.09801714032956045 0.9951847266721969 0
    outer loop
      vertex 63.63864087934249 61.13864087934249 4.9995
      vertex 64.1263666843828 61.18667767833441 4.9995
      vertex 64.1263666843828 61.18667767833441 0
    endloop
  endfacet
  facet normal -0.2902846772544598 0.9569403357322096 0
    outer loop
      vertex 64.1263666843828 61.18667767833441 4.9995
      vertex 64.5953494602552 61.32894204806427 4.9995
      vertex 64.5953494602552 61.32894204806427 0
    endloop
  endfacet
  facet normal -0.4713967368259869 0.8819212643483608 0
    outer loop
      vertex 64.5953494602552 61.32894204806427 4.9995
      vertex 65.0275664618915 61.55996684858612 4.9995
      vertex 65.0275664618915 61.55996684858612 0
    endloop
  endfacet
  facet normal -0.634393284163652 0.7730104533627316 0
    outer loop
      vertex 65.0275664618915 61.55996684858612 4.9995
      vertex 65.40640783230886 61.87087392637612 4.9995
      vertex 65.40640783230886 61.87087392637612 0
    endloop
  endfacet
  facet normal 0.8819212643483608 0.4713967368259869 0
    outer loop
      vertex 61.32894204806427 -64.5953494602552 4.9995
      vertex 61.55996684858612 -65.0275664618915 0
      vertex 61.32894204806427 -64.5953494602552 0
    endloop
  endfacet
  facet normal 0.7730104533627316 0.634393284163652 0
    outer loop
      vertex 61.55996684858612 -65.0275664618915 4.9995
      vertex 61.87087392637612 -65.40640783230886 0
      vertex 61.55996684858612 -65.0275664618915 0
    endloop
  endfacet
  facet normal 0.9951847266721969 0.09801714032956045 0
    outer loop
      vertex 61.13864087934249 -63.63864087934249 4.9995
      vertex 61.18667767833441 -64.1263666843828 0
      vertex 61.13864087934249 -63.63864087934249 0
    endloop
  endfacet
  facet normal 0.9951847266721986 -0.09801714032954327 0
    outer loop
      vertex 61.186677678334405 -63.15091507430216 4.9995
      vertex 61.13864087934249 -63.63864087934249 0
      vertex 61.186677678334405 -63.15091507430216 0
    endloop
  endfacet
  facet normal 0.9569403357322096 0.2902846772544598 0
    outer loop
      vertex 61.18667767833441 -64.1263666843828 4.9995
      vertex 61.32894204806427 -64.5953494602552 0
      vertex 61.18667767833441 -64.1263666843828 0
    endloop
  endfacet
  facet normal 0.9569403357322056 -0.29028467725447304 0
    outer loop
      vertex 61.32894204806427 -62.68193229842976 4.9995
      vertex 61.186677678334405 -63.15091507430216 0
      vertex 61.32894204806427 -62.68193229842976 0
    endloop
  endfacet
  facet normal 0.8819212643483544 -0.4713967368259989 0
    outer loop
      vertex 61.55996684858612 -62.24971529679348 4.9995
      vertex 61.32894204806427 -62.68193229842976 0
      vertex 61.55996684858612 -62.24971529679348 0
    endloop
  endfacet
  facet normal 0.7730104533627316 -0.634393284163652 0
    outer loop
      vertex 61.87087392637612 -61.87087392637612 4.9995
      vertex 61.55996684858612 -62.24971529679348 0
      vertex 61.87087392637612 -61.87087392637612 0
    endloop
  endfacet
  facet normal 0.634393284163652 -0.7730104533627316 0
    outer loop
      vertex 62.24971529679348 -61.55996684858612 4.9995
      vertex 61.87087392637612 -61.87087392637612 0
      vertex 62.24971529679348 -61.55996684858612 0
    endloop
  endfacet
  facet normal 0.4713967368259989 -0.8819212643483544 0
    outer loop
      vertex 62.68193229842976 -61.32894204806427 4.9995
      vertex 62.24971529679348 -61.55996684858612 0
      vertex 62.68193229842976 -61.32894204806427 0
    endloop
  endfacet
  facet normal 0.29028467725447304 -0.9569403357322056 0
    outer loop
      vertex 63.15091507430216 -61.186677678334405 4.9995
      vertex 62.68193229842976 -61.32894204806427 0
      vertex 63.15091507430216 -61.186677678334405 0
    endloop
  endfacet
  facet normal 0.09801714032954327 -0.9951847266721986 0
    outer loop
      vertex 63.63864087934249 -61.13864087934249 4.9995
      vertex 63.15091507430216 -61.186677678334405 0
      vertex 63.63864087934249 -61.13864087934249 0
    endloop
  endfacet
  facet normal -0.09801714032956045 -0.9951847266721969 0
    outer loop
      vertex 64.1263666843828 -61.18667767833441 4.9995
      vertex 63.63864087934249 -61.13864087934249 0
      vertex 64.1263666843828 -61.18667767833441 0
    endloop
  endfacet
  facet normal -0.2902846772544598 -0.9569403357322096 0
    outer loop
      vertex 64.5953494602552 -61.32894204806427 4.9995
      vertex 64.1263666843828 -61.18667767833441 0
      vertex 64.5953494602552 -61.32894204806427 0
    endloop
  endfacet
  facet normal -0.4713967368259869 -0.8819212643483608 0
    outer loop
      vertex 65.0275664618915 -61.55996684858612 4.9995
      vertex 64.5953494602552 -61.32894204806427 0
      vertex 65.0275664618915 -61.55996684858612 0
    endloop
  endfacet
  facet normal -0.634393284163652 -0.7730104533627316 0
    outer loop
      vertex 65.40640783230886 -61.87087392637612 4.9995
      vertex 65.0275664618915 -61.55996684858612 0
      vertex 65.40640783230886 -61.87087392637612 0
    endloop
  endfacet
  facet normal 0.8819212643483608 0.4713967368259869 0
    outer loop
      vertex 61.55996684858612 -65.0275664618915 4.9995
      vertex 61.55996684858612 -65.0275664618915 0
      vertex 61.32894204806427 -64.5953494602552 4.9995
    endloop
  endfacet
  facet normal 0.7730104533627316 0.634393284163652 0
    outer loop
      vertex 61.55996684858612 -65.0275664618915 4.9995
      vertex 61.87087392637612 -65.40640783230886 4.9995
      vertex 61.87087392637612 -65.40640783230886 0
    endloop
  endfacet
  facet normal 0.9951847266721969 0.09801714032956045 0
    outer loop
      vertex 61.18667767833441 -64.1263666843828 4.9995
      vertex 61.18667767833441 -64.1263666843828 0
      vertex 61.13864087934249 -63.63864087934249 4.9995
    endloop
  endfacet
  facet normal 0.9951847266721986 -0.09801714032954327 0
    outer loop
      vertex 61.13864087934249 -63.63864087934249 4.9995
      vertex 61.13864087934249 -63.63864087934249 0
      vertex 61.186677678334405 -63.15091507430216 4.9995
    endloop
  endfacet
  facet normal 0.9569403357322096 0.2902846772544598 0
    outer loop
      vertex 61.18667767833441 -64.1263666843828 4.9995
      vertex 61.32894204806427 -64.5953494602552 4.9995
      vertex 61.32894204806427 -64.5953494602552 0
    endloop
  endfacet
  facet normal 0.9569403357322056 -0.29028467725447304 0
    outer loop
      vertex 61.186677678334405 -63.15091507430216 4.9995
      vertex 61.186677678334405 -63.15091507430216 0
      vertex 61.32894204806427 -62.68193229842976 4.9995
    endloop
  endfacet
  facet normal 0.8819212643483544 -0.4713967368259989 0
    outer loop
      vertex 61.32894204806427 -62.68193229842976 4.9995
      vertex 61.32894204806427 -62.68193229842976 0
      vertex 61.55996684858612 -62.24971529679348 4.9995
    endloop
  endfacet
  facet normal 0.7730104533627316 -0.634393284163652 0
    outer loop
      vertex 61.55996684858612 -62.24971529679348 4.9995
      vertex 61.55996684858612 -62.24971529679348 0
      vertex 61.87087392637612 -61.87087392637612 4.9995
    endloop
  endfacet
  facet normal 0.634393284163652 -0.7730104533627316 0
    outer loop
      vertex 61.87087392637612 -61.87087392637612 4.9995
      vertex 61.87087392637612 -61.87087392637612 0
      vertex 62.24971529679348 -61.55996684858612 4.9995
    endloop
  endfacet
  facet normal 0.4713967368259989 -0.8819212643483544 0
    outer loop
      vertex 62.24971529679348 -61.55996684858612 4.9995
      vertex 62.24971529679348 -61.55996684858612 0
      vertex 62.68193229842976 -61.32894204806427 4.9995
    endloop
  endfacet
  facet normal 0.29028467725447304 -0.9569403357322056 0
    outer loop
      vertex 62.68193229842976 -61.32894204806427 4.9995
      vertex 62.68193229842976 -61.32894204806427 0
      vertex 63.15091507430216 -61.186677678334405 4.9995
    endloop
  endfacet
  facet normal 0.09801714032954327 -0.9951847266721986 0
    outer loop
      vertex 63.15091507430216 -61.186677678334405 4.9995
      vertex 63.15091507430216 -61.186677678334405 0
      vertex 63.63864087934249 -61.13864087934249 4.9995
    endloop
  endfacet
  facet normal -0.09801714032956045 -0.9951847266721969 0
    outer loop
      vertex 63.63864087934249 -61.13864087934249 4.9995
      vertex 63.63864087934249 -61.13864087934249 0
      vertex 64.1263666843828 -61.18667767833441 4.9995
    endloop
  endfacet
  facet normal -0.2902846772544598 -0.9569403357322096 0
    outer loop
      vertex 64.1263666843828 -61.18667767833441 4.9995
      vertex 64.1263666843828 -61.18667767833441 0
      vertex 64.5953494602552 -61.32894204806427 4.9995
    endloop
  endfacet
  facet normal -0.4713967368259869 -0.8819212643483608 0
    outer loop
      vertex 64.5953494602552 -61.32894204806427 4.9995
      vertex 64.5953494602552 -61.32894204806427 0
      vertex 65.0275664618915 -61.55996684858612 4.9995
    endloop
  endfacet
  facet normal -0.634393284163652 -0.7730104533627316 0
    outer loop
      vertex 65.0275664618915 -61.55996684858612 4.9995
      vertex 65.0275664618915 -61.55996684858612 0
      vertex 65.40640783230886 -61.87087392637612 4.9995
    endloop
  endfacet
  facet normal 0.634393284163652 -0.7730104533627316 0
    outer loop
      vertex -65.0275664618915 -61.55996684858612 4.9995
      vertex -65.40640783230886 -61.87087392637612 0
      vertex -65.0275664618915 -61.55996684858612 0
    endloop
  endfacet
  facet normal 0.4713967368259869 -0.8819212643483608 0
    outer loop
      vertex -64.5953494602552 -61.32894204806427 4.9995
      vertex -65.0275664618915 -61.55996684858612 0
      vertex -64.5953494602552 -61.32894204806427 0
    endloop
  endfacet
  facet normal 0.2902846772544598 -0.9569403357322096 0
    outer loop
      vertex -64.1263666843828 -61.18667767833441 4.9995
      vertex -64.5953494602552 -61.32894204806427 0
      vertex -64.1263666843828 -61.18667767833441 0
    endloop
  endfacet
  facet normal 0.09801714032956045 -0.9951847266721969 0
    outer loop
      vertex -63.63864087934249 -61.13864087934249 4.9995
      vertex -64.1263666843828 -61.18667767833441 0
      vertex -63.63864087934249 -61.13864087934249 0
    endloop
  endfacet
  facet normal -0.09801714032954327 -0.9951847266721986 0
    outer loop
      vertex -63.15091507430216 -61.186677678334405 4.9995
      vertex -63.63864087934249 -61.13864087934249 0
      vertex -63.15091507430216 -61.186677678334405 0
    endloop
  endfacet
  facet normal -0.29028467725447304 -0.9569403357322056 0
    outer loop
      vertex -62.68193229842976 -61.32894204806427 4.9995
      vertex -63.15091507430216 -61.186677678334405 0
      vertex -62.68193229842976 -61.32894204806427 0
    endloop
  endfacet
  facet normal -0.4713967368259989 -0.8819212643483544 0
    outer loop
      vertex -62.24971529679348 -61.55996684858612 4.9995
      vertex -62.68193229842976 -61.32894204806427 0
      vertex -62.24971529679348 -61.55996684858612 0
    endloop
  endfacet
  facet normal -0.634393284163652 -0.7730104533627316 0
    outer loop
      vertex -61.87087392637612 -61.87087392637612 4.9995
      vertex -62.24971529679348 -61.55996684858612 0
      vertex -61.87087392637612 -61.87087392637612 0
    endloop
  endfacet
  facet normal -0.7730104533627316 0.634393284163652 0
    outer loop
      vertex -61.87087392637612 -65.40640783230886 4.9995
      vertex -61.55996684858612 -65.0275664618915 0
      vertex -61.87087392637612 -65.40640783230886 0
    endloop
  endfacet
  facet normal -0.8819212643483608 0.4713967368259869 0
    outer loop
      vertex -61.55996684858612 -65.0275664618915 4.9995
      vertex -61.32894204806427 -64.5953494602552 0
      vertex -61.55996684858612 -65.0275664618915 0
    endloop
  endfacet
  facet normal -0.9569403357322096 0.2902846772544598 0
    outer loop
      vertex -61.32894204806427 -64.5953494602552 4.9995
      vertex -61.18667767833441 -64.1263666843828 0
      vertex -61.32894204806427 -64.5953494602552 0
    endloop
  endfacet
  facet normal -0.9951847266721969 0.09801714032956045 0
    outer loop
      vertex -61.18667767833441 -64.1263666843828 4.9995
      vertex -61.13864087934249 -63.63864087934249 0
      vertex -61.18667767833441 -64.1263666843828 0
    endloop
  endfacet
  facet normal -0.9951847266721986 -0.09801714032954327 0
    outer loop
      vertex -61.13864087934249 -63.63864087934249 4.9995
      vertex -61.186677678334405 -63.15091507430216 0
      vertex -61.13864087934249 -63.63864087934249 0
    endloop
  endfacet
  facet normal -0.9569403357322056 -0.29028467725447304 0
    outer loop
      vertex -61.186677678334405 -63.15091507430216 4.9995
      vertex -61.32894204806427 -62.68193229842976 0
      vertex -61.186677678334405 -63.15091507430216 0
    endloop
  endfacet
  facet normal -0.7730104533627316 -0.634393284163652 0
    outer loop
      vertex -61.55996684858612 -62.24971529679348 4.9995
      vertex -61.87087392637612 -61.87087392637612 0
      vertex -61.55996684858612 -62.24971529679348 0
    endloop
  endfacet
  facet normal -0.8819212643483544 -0.4713967368259989 0
    outer loop
      vertex -61.32894204806427 -62.68193229842976 4.9995
      vertex -61.55996684858612 -62.24971529679348 0
      vertex -61.32894204806427 -62.68193229842976 0
    endloop
  endfacet
  facet normal 0.634393284163652 -0.7730104533627316 0
    outer loop
      vertex -65.40640783230886 -61.87087392637612 4.9995
      vertex -65.40640783230886 -61.87087392637612 0
      vertex -65.0275664618915 -61.55996684858612 4.9995
    endloop
  endfacet
  facet normal 0.4713967368259869 -0.8819212643483608 0
    outer loop
      vertex -65.0275664618915 -61.55996684858612 4.9995
      vertex -65.0275664618915 -61.55996684858612 0
      vertex -64.5953494602552 -61.32894204806427 4.9995
    endloop
  endfacet
  facet normal 0.2902846772544598 -0.9569403357322096 0
    outer loop
      vertex -64.5953494602552 -61.32894204806427 4.9995
      vertex -64.5953494602552 -61.32894204806427 0
      vertex -64.1263666843828 -61.18667767833441 4.9995
    endloop
  endfacet
  facet normal 0.09801714032956045 -0.9951847266721969 0
    outer loop
      vertex -64.1263666843828 -61.18667767833441 4.9995
      vertex -64.1263666843828 -61.18667767833441 0
      vertex -63.63864087934249 -61.13864087934249 4.9995
    endloop
  endfacet
  facet normal -0.09801714032954327 -0.9951847266721986 0
    outer loop
      vertex -63.63864087934249 -61.13864087934249 4.9995
      vertex -63.63864087934249 -61.13864087934249 0
      vertex -63.15091507430216 -61.186677678334405 4.9995
    endloop
  endfacet
  facet normal -0.29028467725447304 -0.9569403357322056 0
    outer loop
      vertex -63.15091507430216 -61.186677678334405 4.9995
      vertex -63.15091507430216 -61.186677678334405 0
      vertex -62.68193229842976 -61.32894204806427 4.9995
    endloop
  endfacet
  facet normal -0.4713967368259989 -0.8819212643483544 0
    outer loop
      vertex -62.68193229842976 -61.32894204806427 4.9995
      vertex -62.68193229842976 -61.32894204806427 0
      vertex -62.24971529679348 -61.55996684858612 4.9995
    endloop
  endfacet
  facet normal -0.634393284163652 -0.7730104533627316 0
    outer loop
      vertex -62.24971529679348 -61.55996684858612 4.9995
      vertex -62.24971529679348 -61.55996684858612 0
      vertex -61.87087392637612 -61.87087392637612 4.9995
    endloop
  endfacet
  facet normal -0.7730104533627316 0.634393284163652 0
    outer loop
      vertex -61.87087392637612 -65.40640783230886 4.9995
      vertex -61.55996684858612 -65.0275664618915 4.9995
      vertex -61.55996684858612 -65.0275664618915 0
    endloop
  endfacet
  facet normal -0.8819212643483608 0.4713967368259869 0
    outer loop
      vertex -61.55996684858612 -65.0275664618915 4.9995
      vertex -61.32894204806427 -64.5953494602552 4.9995
      vertex -61.32894204806427 -64.5953494602552 0
    endloop
  endfacet
  facet normal -0.9569403357322096 0.2902846772544598 0
    outer loop
      vertex -61.32894204806427 -64.5953494602552 4.9995
      vertex -61.18667767833441 -64.1263666843828 4.9995
      vertex -61.18667767833441 -64.1263666843828 0
    endloop
  endfacet
  facet normal -0.9951847266721969 0.09801714032956045 0
    outer loop
      vertex -61.18667767833441 -64.1263666843828 4.9995
      vertex -61.13864087934249 -63.63864087934249 4.9995
      vertex -61.13864087934249 -63.63864087934249 0
    endloop
  endfacet
  facet normal -0.9951847266721986 -0.09801714032954327 0
    outer loop
      vertex -61.13864087934249 -63.63864087934249 4.9995
      vertex -61.186677678334405 -63.15091507430216 4.9995
      vertex -61.186677678334405 -63.15091507430216 0
    endloop
  endfacet
  facet normal -0.9569403357322056 -0.29028467725447304 0
    outer loop
      vertex -61.186677678334405 -63.15091507430216 4.9995
      vertex -61.32894204806427 -62.68193229842976 4.9995
      vertex -61.32894204806427 -62.68193229842976 0
    endloop
  endfacet
  facet normal -0.7730104533627316 -0.634393284163652 0
    outer loop
      vertex -61.55996684858612 -62.24971529679348 4.9995
      vertex -61.87087392637612 -61.87087392637612 4.9995
      vertex -61.87087392637612 -61.87087392637612 0
    endloop
  endfacet
  facet normal -0.8819212643483544 -0.4713967368259989 0
    outer loop
      vertex -61.32894204806427 -62.68193229842976 4.9995
      vertex -61.55996684858612 -62.24971529679348 4.9995
      vertex -61.55996684858612 -62.24971529679348 0
    endloop
  endfacet
  facet normal 0.634393284163652 0.7730104533627316 0
    outer loop
      vertex -65.40640783230886 61.87087392637612 4.9995
      vertex -65.0275664618915 61.55996684858612 0
      vertex -65.40640783230886 61.87087392637612 0
    endloop
  endfacet
  facet normal 0.4713967368259869 0.8819212643483608 0
    outer loop
      vertex -65.0275664618915 61.55996684858612 4.9995
      vertex -64.5953494602552 61.32894204806427 0
      vertex -65.0275664618915 61.55996684858612 0
    endloop
  endfacet
  facet normal 0.2902846772544598 0.9569403357322096 0
    outer loop
      vertex -64.5953494602552 61.32894204806427 4.9995
      vertex -64.1263666843828 61.18667767833441 0
      vertex -64.5953494602552 61.32894204806427 0
    endloop
  endfacet
  facet normal 0.09801714032956045 0.9951847266721969 0
    outer loop
      vertex -64.1263666843828 61.18667767833441 4.9995
      vertex -63.63864087934249 61.13864087934249 0
      vertex -64.1263666843828 61.18667767833441 0
    endloop
  endfacet
  facet normal -0.09801714032954327 0.9951847266721986 0
    outer loop
      vertex -63.63864087934249 61.13864087934249 4.9995
      vertex -63.15091507430216 61.186677678334405 0
      vertex -63.63864087934249 61.13864087934249 0
    endloop
  endfacet
  facet normal -0.29028467725447304 0.9569403357322056 0
    outer loop
      vertex -63.15091507430216 61.186677678334405 4.9995
      vertex -62.68193229842976 61.32894204806427 0
      vertex -63.15091507430216 61.186677678334405 0
    endloop
  endfacet
  facet normal -0.4713967368259989 0.8819212643483544 0
    outer loop
      vertex -62.68193229842976 61.32894204806427 4.9995
      vertex -62.24971529679348 61.55996684858612 0
      vertex -62.68193229842976 61.32894204806427 0
    endloop
  endfacet
  facet normal -0.634393284163652 0.7730104533627316 0
    outer loop
      vertex -62.24971529679348 61.55996684858612 4.9995
      vertex -61.87087392637612 61.87087392637612 0
      vertex -62.24971529679348 61.55996684858612 0
    endloop
  endfacet
  facet normal -0.7730104533627316 0.634393284163652 0
    outer loop
      vertex -61.87087392637612 61.87087392637612 4.9995
      vertex -61.55996684858612 62.24971529679348 0
      vertex -61.87087392637612 61.87087392637612 0
    endloop
  endfacet
  facet normal -0.8819212643483544 0.4713967368259989 0
    outer loop
      vertex -61.55996684858612 62.24971529679348 4.9995
      vertex -61.32894204806427 62.68193229842976 0
      vertex -61.55996684858612 62.24971529679348 0
    endloop
  endfacet
  facet normal -0.9569403357322056 0.29028467725447304 0
    outer loop
      vertex -61.32894204806427 62.68193229842976 4.9995
      vertex -61.186677678334405 63.15091507430216 0
      vertex -61.32894204806427 62.68193229842976 0
    endloop
  endfacet
  facet normal -0.9569403357322096 -0.2902846772544598 0
    outer loop
      vertex -61.18667767833441 64.1263666843828 4.9995
      vertex -61.32894204806427 64.5953494602552 0
      vertex -61.18667767833441 64.1263666843828 0
    endloop
  endfacet
  facet normal -0.9951847266721986 0.09801714032954327 0
    outer loop
      vertex -61.186677678334405 63.15091507430216 4.9995
      vertex -61.13864087934249 63.63864087934249 0
      vertex -61.186677678334405 63.15091507430216 0
    endloop
  endfacet
  facet normal -0.9951847266721969 -0.09801714032956045 0
    outer loop
      vertex -61.13864087934249 63.63864087934249 4.9995
      vertex -61.18667767833441 64.1263666843828 0
      vertex -61.13864087934249 63.63864087934249 0
    endloop
  endfacet
  facet normal -0.7730104533627316 -0.634393284163652 0
    outer loop
      vertex -61.55996684858612 65.0275664618915 4.9995
      vertex -61.87087392637612 65.40640783230886 0
      vertex -61.55996684858612 65.0275664618915 0
    endloop
  endfacet
  facet normal -0.8819212643483608 -0.4713967368259869 0
    outer loop
      vertex -61.32894204806427 64.5953494602552 4.9995
      vertex -61.55996684858612 65.0275664618915 0
      vertex -61.32894204806427 64.5953494602552 0
    endloop
  endfacet
  facet normal 0.634393284163652 0.7730104533627316 0
    outer loop
      vertex -65.40640783230886 61.87087392637612 4.9995
      vertex -65.0275664618915 61.55996684858612 4.9995
      vertex -65.0275664618915 61.55996684858612 0
    endloop
  endfacet
  facet normal 0.4713967368259869 0.8819212643483608 0
    outer loop
      vertex -65.0275664618915 61.55996684858612 4.9995
      vertex -64.5953494602552 61.32894204806427 4.9995
      vertex -64.5953494602552 61.32894204806427 0
    endloop
  endfacet
  facet normal 0.2902846772544598 0.9569403357322096 0
    outer loop
      vertex -64.5953494602552 61.32894204806427 4.9995
      vertex -64.1263666843828 61.18667767833441 4.9995
      vertex -64.1263666843828 61.18667767833441 0
    endloop
  endfacet
  facet normal 0.09801714032956045 0.9951847266721969 0
    outer loop
      vertex -64.1263666843828 61.18667767833441 4.9995
      vertex -63.63864087934249 61.13864087934249 4.9995
      vertex -63.63864087934249 61.13864087934249 0
    endloop
  endfacet
  facet normal -0.09801714032954327 0.9951847266721986 0
    outer loop
      vertex -63.63864087934249 61.13864087934249 4.9995
      vertex -63.15091507430216 61.186677678334405 4.9995
      vertex -63.15091507430216 61.186677678334405 0
    endloop
  endfacet
  facet normal -0.29028467725447304 0.9569403357322056 0
    outer loop
      vertex -63.15091507430216 61.186677678334405 4.9995
      vertex -62.68193229842976 61.32894204806427 4.9995
      vertex -62.68193229842976 61.32894204806427 0
    endloop
  endfacet
  facet normal -0.4713967368259989 0.8819212643483544 0
    outer loop
      vertex -62.68193229842976 61.32894204806427 4.9995
      vertex -62.24971529679348 61.55996684858612 4.9995
      vertex -62.24971529679348 61.55996684858612 0
    endloop
  endfacet
  facet normal -0.634393284163652 0.7730104533627316 0
    outer loop
      vertex -62.24971529679348 61.55996684858612 4.9995
      vertex -61.87087392637612 61.87087392637612 4.9995
      vertex -61.87087392637612 61.87087392637612 0
    endloop
  endfacet
  facet normal -0.7730104533627316 0.634393284163652 0
    outer loop
      vertex -61.87087392637612 61.87087392637612 4.9995
      vertex -61.55996684858612 62.24971529679348 4.9995
      vertex -61.55996684858612 62.24971529679348 0
    endloop
  endfacet
  facet normal -0.8819212643483544 0.4713967368259989 0
    outer loop
      vertex -61.55996684858612 62.24971529679348 4.9995
      vertex -61.32894204806427 62.68193229842976 4.9995
      vertex -61.32894204806427 62.68193229842976 0
    endloop
  endfacet
  facet normal -0.9569403357322056 0.29028467725447304 0
    outer loop
      vertex -61.32894204806427 62.68193229842976 4.9995
      vertex -61.186677678334405 63.15091507430216 4.9995
      vertex -61.186677678334405 63.15091507430216 0
    endloop
  endfacet
  facet normal -0.9569403357322096 -0.2902846772544598 0
    outer loop
      vertex -61.32894204806427 64.5953494602552 4.9995
      vertex -61.32894204806427 64.5953494602552 0
      vertex -61.18667767833441 64.1263666843828 4.9995
    endloop
  endfacet
  facet normal -0.9951847266721986 0.09801714032954327 0
    outer loop
      vertex -61.186677678334405 63.15091507430216 4.9995
      vertex -61.13864087934249 63.63864087934249 4.9995
      vertex -61.13864087934249 63.63864087934249 0
    endloop
  endfacet
  facet normal -0.9951847266721969 -0.09801714032956045 0
    outer loop
      vertex -61.13864087934249 63.63864087934249 4.9995
      vertex -61.18667767833441 64.1263666843828 4.9995
      vertex -61.18667767833441 64.1263666843828 0
    endloop
  endfacet
  facet normal -0.7730104533627316 -0.634393284163652 0
    outer loop
      vertex -61.87087392637612 65.40640783230886 4.9995
      vertex -61.87087392637612 65.40640783230886 0
      vertex -61.55996684858612 65.0275664618915 4.9995
    endloop
  endfacet
  facet normal -0.8819212643483608 -0.4713967368259869 0
    outer loop
      vertex -61.32894204806427 64.5953494602552 4.9995
      vertex -61.55996684858612 65.0275664618915 4.9995
      vertex -61.55996684858612 65.0275664618915 0
    endloop
  endfacet
  facet normal 0.6343932841636434 -0.7730104533627387 0
    outer loop
      vertex 71.9724335381085 75.44003315141387 4.9995
      vertex 71.59359216769114 75.12912607362388 0
      vertex 71.9724335381085 75.44003315141387 0
    endloop
  endfacet
  facet normal 0.47139673682600935 -0.8819212643483488 0
    outer loop
      vertex 72.4046505397448 75.67105795193574 4.9995
      vertex 71.9724335381085 75.44003315141387 0
      vertex 72.4046505397448 75.67105795193574 0
    endloop
  endfacet
  facet normal 0.2902846772544598 -0.9569403357322096 0
    outer loop
      vertex 72.8736333156172 75.8133223216656 4.9995
      vertex 72.4046505397448 75.67105795193574 0
      vertex 72.8736333156172 75.8133223216656 0
    endloop
  endfacet
  facet normal -0.7730104533627387 0.6343932841636434 0
    outer loop
      vertex 75.12912607362388 71.59359216769114 4.9995
      vertex 75.44003315141387 71.9724335381085 0
      vertex 75.12912607362388 71.59359216769114 0
    endloop
  endfacet
  facet normal -0.8819212643483488 0.47139673682600935 0
    outer loop
      vertex 75.44003315141387 71.9724335381085 4.9995
      vertex 75.67105795193574 72.4046505397448 0
      vertex 75.44003315141387 71.9724335381085 0
    endloop
  endfacet
  facet normal -0.9569403357322096 0.2902846772544598 0
    outer loop
      vertex 75.67105795193574 72.4046505397448 4.9995
      vertex 75.8133223216656 72.8736333156172 0
      vertex 75.67105795193574 72.4046505397448 0
    endloop
  endfacet
  facet normal -0.9951847266721984 0.0980171403295461 0
    outer loop
      vertex 75.8133223216656 72.8736333156172 4.9995
      vertex 75.86135912065751 73.36135912065751 0
      vertex 75.8133223216656 72.8736333156172 0
    endloop
  endfacet
  facet normal 0.0980171403295461 -0.9951847266721984 0
    outer loop
      vertex 73.36135912065751 75.86135912065751 4.9995
      vertex 72.8736333156172 75.8133223216656 0
      vertex 73.36135912065751 75.86135912065751 0
    endloop
  endfacet
  facet normal -0.09801714032954327 -0.9951847266721986 0
    outer loop
      vertex 73.84908492569784 75.8133223216656 4.9995
      vertex 73.36135912065751 75.86135912065751 0
      vertex 73.84908492569784 75.8133223216656 0
    endloop
  endfacet
  facet normal -0.2902846772544598 -0.9569403357322096 0
    outer loop
      vertex 74.31806770157024 75.67105795193574 4.9995
      vertex 73.84908492569784 75.8133223216656 0
      vertex 74.31806770157024 75.67105795193574 0
    endloop
  endfacet
  facet normal -0.9951847266721986 -0.09801714032954327 0
    outer loop
      vertex 75.86135912065751 73.36135912065751 4.9995
      vertex 75.8133223216656 73.84908492569784 0
      vertex 75.86135912065751 73.36135912065751 0
    endloop
  endfacet
  facet normal -0.9569403357322096 -0.2902846772544598 0
    outer loop
      vertex 75.8133223216656 73.84908492569784 4.9995
      vertex 75.67105795193574 74.31806770157024 0
      vertex 75.8133223216656 73.84908492569784 0
    endloop
  endfacet
  facet normal -0.8819212643483424 -0.4713967368260214 0
    outer loop
      vertex 75.67105795193574 74.31806770157024 4.9995
      vertex 75.44003315141387 74.75028470320652 0
      vertex 75.67105795193574 74.31806770157024 0
    endloop
  endfacet
  facet normal -0.6343932841636434 -0.7730104533627387 0
    outer loop
      vertex 75.12912607362388 75.12912607362388 4.9995
      vertex 74.75028470320652 75.44003315141387 0
      vertex 75.12912607362388 75.12912607362388 0
    endloop
  endfacet
  facet normal -0.4713967368260214 -0.8819212643483424 0
    outer loop
      vertex 74.75028470320652 75.44003315141387 4.9995
      vertex 74.31806770157024 75.67105795193574 0
      vertex 74.75028470320652 75.44003315141387 0
    endloop
  endfacet
  facet normal -0.7730104533627387 -0.6343932841636434 0
    outer loop
      vertex 75.44003315141387 74.75028470320652 4.9995
      vertex 75.12912607362388 75.12912607362388 0
      vertex 75.44003315141387 74.75028470320652 0
    endloop
  endfacet
  facet normal 0.6343932841636434 -0.7730104533627387 0
    outer loop
      vertex 71.59359216769114 75.12912607362388 4.9995
      vertex 71.59359216769114 75.12912607362388 0
      vertex 71.9724335381085 75.44003315141387 4.9995
    endloop
  endfacet
  facet normal 0.47139673682600935 -0.8819212643483488 0
    outer loop
      vertex 71.9724335381085 75.44003315141387 4.9995
      vertex 71.9724335381085 75.44003315141387 0
      vertex 72.4046505397448 75.67105795193574 4.9995
    endloop
  endfacet
  facet normal 0.2902846772544598 -0.9569403357322096 0
    outer loop
      vertex 72.4046505397448 75.67105795193574 4.9995
      vertex 72.4046505397448 75.67105795193574 0
      vertex 72.8736333156172 75.8133223216656 4.9995
    endloop
  endfacet
  facet normal 0.0980171403295461 -0.9951847266721984 0
    outer loop
      vertex 72.8736333156172 75.8133223216656 4.9995
      vertex 72.8736333156172 75.8133223216656 0
      vertex 73.36135912065751 75.86135912065751 4.9995
    endloop
  endfacet
  facet normal -0.7730104533627387 0.6343932841636434 0
    outer loop
      vertex 75.12912607362388 71.59359216769114 4.9995
      vertex 75.44003315141387 71.9724335381085 4.9995
      vertex 75.44003315141387 71.9724335381085 0
    endloop
  endfacet
  facet normal -0.8819212643483488 0.47139673682600935 0
    outer loop
      vertex 75.44003315141387 71.9724335381085 4.9995
      vertex 75.67105795193574 72.4046505397448 4.9995
      vertex 75.67105795193574 72.4046505397448 0
    endloop
  endfacet
  facet normal -0.9569403357322096 0.2902846772544598 0
    outer loop
      vertex 75.67105795193574 72.4046505397448 4.9995
      vertex 75.8133223216656 72.8736333156172 4.9995
      vertex 75.8133223216656 72.8736333156172 0
    endloop
  endfacet
  facet normal -0.09801714032954327 -0.9951847266721986 0
    outer loop
      vertex 73.36135912065751 75.86135912065751 4.9995
      vertex 73.36135912065751 75.86135912065751 0
      vertex 73.84908492569784 75.8133223216656 4.9995
    endloop
  endfacet
  facet normal -0.2902846772544598 -0.9569403357322096 0
    outer loop
      vertex 73.84908492569784 75.8133223216656 4.9995
      vertex 73.84908492569784 75.8133223216656 0
      vertex 74.31806770157024 75.67105795193574 4.9995
    endloop
  endfacet
  facet normal -0.4713967368260214 -0.8819212643483424 0
    outer loop
      vertex 74.75028470320652 75.44003315141387 4.9995
      vertex 74.31806770157024 75.67105795193574 4.9995
      vertex 74.31806770157024 75.67105795193574 0
    endloop
  endfacet
  facet normal -0.9951847266721984 0.0980171403295461 0
    outer loop
      vertex 75.8133223216656 72.8736333156172 4.9995
      vertex 75.86135912065751 73.36135912065751 4.9995
      vertex 75.86135912065751 73.36135912065751 0
    endloop
  endfacet
  facet normal -0.9951847266721986 -0.09801714032954327 0
    outer loop
      vertex 75.86135912065751 73.36135912065751 4.9995
      vertex 75.8133223216656 73.84908492569784 4.9995
      vertex 75.8133223216656 73.84908492569784 0
    endloop
  endfacet
  facet normal -0.9569403357322096 -0.2902846772544598 0
    outer loop
      vertex 75.8133223216656 73.84908492569784 4.9995
      vertex 75.67105795193574 74.31806770157024 4.9995
      vertex 75.67105795193574 74.31806770157024 0
    endloop
  endfacet
  facet normal -0.7730104533627387 -0.6343932841636434 0
    outer loop
      vertex 75.44003315141387 74.75028470320652 4.9995
      vertex 75.12912607362388 75.12912607362388 4.9995
      vertex 75.12912607362388 75.12912607362388 0
    endloop
  endfacet
  facet normal -0.6343932841636434 -0.7730104533627387 0
    outer loop
      vertex 74.75028470320652 75.44003315141387 4.9995
      vertex 74.75028470320652 75.44003315141387 0
      vertex 75.12912607362388 75.12912607362388 4.9995
    endloop
  endfacet
  facet normal -0.8819212643483424 -0.4713967368260214 0
    outer loop
      vertex 75.44003315141387 74.75028470320652 4.9995
      vertex 75.44003315141387 74.75028470320652 0
      vertex 75.67105795193574 74.31806770157024 4.9995
    endloop
  endfacet
  facet normal 0.47139673682600935 0.8819212643483488 0
    outer loop
      vertex 71.9724335381085 -75.44003315141387 4.9995
      vertex 72.4046505397448 -75.67105795193574 0
      vertex 71.9724335381085 -75.44003315141387 0
    endloop
  endfacet
  facet normal 0.6343932841636434 0.7730104533627387 0
    outer loop
      vertex 71.59359216769114 -75.12912607362388 4.9995
      vertex 71.9724335381085 -75.44003315141387 0
      vertex 71.59359216769114 -75.12912607362388 0
    endloop
  endfacet
  facet normal 0.2902846772544598 0.9569403357322096 0
    outer loop
      vertex 72.4046505397448 -75.67105795193574 4.9995
      vertex 72.8736333156172 -75.8133223216656 0
      vertex 72.4046505397448 -75.67105795193574 0
    endloop
  endfacet
  facet normal 0.0980171403295461 0.9951847266721984 0
    outer loop
      vertex 72.8736333156172 -75.8133223216656 4.9995
      vertex 73.36135912065751 -75.86135912065751 0
      vertex 72.8736333156172 -75.8133223216656 0
    endloop
  endfacet
  facet normal -0.09801714032954327 0.9951847266721986 0
    outer loop
      vertex 73.36135912065751 -75.86135912065751 4.9995
      vertex 73.84908492569784 -75.8133223216656 0
      vertex 73.36135912065751 -75.86135912065751 0
    endloop
  endfacet
  facet normal -0.2902846772544598 0.9569403357322096 0
    outer loop
      vertex 73.84908492569784 -75.8133223216656 4.9995
      vertex 74.31806770157024 -75.67105795193574 0
      vertex 73.84908492569784 -75.8133223216656 0
    endloop
  endfacet
  facet normal -0.4713967368260214 0.8819212643483424 0
    outer loop
      vertex 74.31806770157024 -75.67105795193574 4.9995
      vertex 74.75028470320652 -75.44003315141387 0
      vertex 74.31806770157024 -75.67105795193574 0
    endloop
  endfacet
  facet normal -0.6343932841636434 0.7730104533627387 0
    outer loop
      vertex 74.75028470320652 -75.44003315141387 4.9995
      vertex 75.12912607362388 -75.12912607362388 0
      vertex 74.75028470320652 -75.44003315141387 0
    endloop
  endfacet
  facet normal -0.7730104533627387 0.6343932841636434 0
    outer loop
      vertex 75.12912607362388 -75.12912607362388 4.9995
      vertex 75.44003315141387 -74.75028470320652 0
      vertex 75.12912607362388 -75.12912607362388 0
    endloop
  endfacet
  facet normal -0.8819212643483424 0.4713967368260214 0
    outer loop
      vertex 75.44003315141387 -74.75028470320652 4.9995
      vertex 75.67105795193574 -74.31806770157024 0
      vertex 75.44003315141387 -74.75028470320652 0
    endloop
  endfacet
  facet normal -0.9569403357322096 0.2902846772544598 0
    outer loop
      vertex 75.67105795193574 -74.31806770157024 4.9995
      vertex 75.8133223216656 -73.84908492569784 0
      vertex 75.67105795193574 -74.31806770157024 0
    endloop
  endfacet
  facet normal -0.9951847266721986 0.09801714032954327 0
    outer loop
      vertex 75.8133223216656 -73.84908492569784 4.9995
      vertex 75.86135912065751 -73.36135912065751 0
      vertex 75.8133223216656 -73.84908492569784 0
    endloop
  endfacet
  facet normal -0.9951847266721984 -0.0980171403295461 0
    outer loop
      vertex 75.86135912065751 -73.36135912065751 4.9995
      vertex 75.8133223216656 -72.8736333156172 0
      vertex 75.86135912065751 -73.36135912065751 0
    endloop
  endfacet
  facet normal -0.9569403357322096 -0.2902846772544598 0
    outer loop
      vertex 75.8133223216656 -72.8736333156172 4.9995
      vertex 75.67105795193574 -72.4046505397448 0
      vertex 75.8133223216656 -72.8736333156172 0
    endloop
  endfacet
  facet normal -0.7730104533627387 -0.6343932841636434 0
    outer loop
      vertex 75.44003315141387 -71.9724335381085 4.9995
      vertex 75.12912607362388 -71.59359216769114 0
      vertex 75.44003315141387 -71.9724335381085 0
    endloop
  endfacet
  facet normal -0.8819212643483488 -0.47139673682600935 0
    outer loop
      vertex 75.67105795193574 -72.4046505397448 4.9995
      vertex 75.44003315141387 -71.9724335381085 0
      vertex 75.67105795193574 -72.4046505397448 0
    endloop
  endfacet
  facet normal 0.6343932841636434 0.7730104533627387 0
    outer loop
      vertex 71.59359216769114 -75.12912607362388 4.9995
      vertex 71.9724335381085 -75.44003315141387 4.9995
      vertex 71.9724335381085 -75.44003315141387 0
    endloop
  endfacet
  facet normal 0.47139673682600935 0.8819212643483488 0
    outer loop
      vertex 71.9724335381085 -75.44003315141387 4.9995
      vertex 72.4046505397448 -75.67105795193574 4.9995
      vertex 72.4046505397448 -75.67105795193574 0
    endloop
  endfacet
  facet normal 0.2902846772544598 0.9569403357322096 0
    outer loop
      vertex 72.4046505397448 -75.67105795193574 4.9995
      vertex 72.8736333156172 -75.8133223216656 4.9995
      vertex 72.8736333156172 -75.8133223216656 0
    endloop
  endfacet
  facet normal 0.0980171403295461 0.9951847266721984 0
    outer loop
      vertex 72.8736333156172 -75.8133223216656 4.9995
      vertex 73.36135912065751 -75.86135912065751 4.9995
      vertex 73.36135912065751 -75.86135912065751 0
    endloop
  endfacet
  facet normal -0.09801714032954327 0.9951847266721986 0
    outer loop
      vertex 73.36135912065751 -75.86135912065751 4.9995
      vertex 73.84908492569784 -75.8133223216656 4.9995
      vertex 73.84908492569784 -75.8133223216656 0
    endloop
  endfacet
  facet normal -0.2902846772544598 0.9569403357322096 0
    outer loop
      vertex 73.84908492569784 -75.8133223216656 4.9995
      vertex 74.31806770157024 -75.67105795193574 4.9995
      vertex 74.31806770157024 -75.67105795193574 0
    endloop
  endfacet
  facet normal -0.4713967368260214 0.8819212643483424 0
    outer loop
      vertex 74.31806770157024 -75.67105795193574 4.9995
      vertex 74.75028470320652 -75.44003315141387 4.9995
      vertex 74.75028470320652 -75.44003315141387 0
    endloop
  endfacet
  facet normal -0.6343932841636434 0.7730104533627387 0
    outer loop
      vertex 74.75028470320652 -75.44003315141387 4.9995
      vertex 75.12912607362388 -75.12912607362388 4.9995
      vertex 75.12912607362388 -75.12912607362388 0
    endloop
  endfacet
  facet normal -0.7730104533627387 0.6343932841636434 0
    outer loop
      vertex 75.12912607362388 -75.12912607362388 4.9995
      vertex 75.44003315141387 -74.75028470320652 4.9995
      vertex 75.44003315141387 -74.75028470320652 0
    endloop
  endfacet
  facet normal -0.8819212643483424 0.4713967368260214 0
    outer loop
      vertex 75.44003315141387 -74.75028470320652 4.9995
      vertex 75.67105795193574 -74.31806770157024 4.9995
      vertex 75.67105795193574 -74.31806770157024 0
    endloop
  endfacet
  facet normal -0.9569403357322096 0.2902846772544598 0
    outer loop
      vertex 75.67105795193574 -74.31806770157024 4.9995
      vertex 75.8133223216656 -73.84908492569784 4.9995
      vertex 75.8133223216656 -73.84908492569784 0
    endloop
  endfacet
  facet normal -0.9951847266721986 0.09801714032954327 0
    outer loop
      vertex 75.8133223216656 -73.84908492569784 4.9995
      vertex 75.86135912065751 -73.36135912065751 4.9995
      vertex 75.86135912065751 -73.36135912065751 0
    endloop
  endfacet
  facet normal -0.7730104533627387 -0.6343932841636434 0
    outer loop
      vertex 75.44003315141387 -71.9724335381085 4.9995
      vertex 75.12912607362388 -71.59359216769114 4.9995
      vertex 75.12912607362388 -71.59359216769114 0
    endloop
  endfacet
  facet normal -0.9951847266721984 -0.0980171403295461 0
    outer loop
      vertex 75.86135912065751 -73.36135912065751 4.9995
      vertex 75.8133223216656 -72.8736333156172 4.9995
      vertex 75.8133223216656 -72.8736333156172 0
    endloop
  endfacet
  facet normal -0.9569403357322096 -0.2902846772544598 0
    outer loop
      vertex 75.8133223216656 -72.8736333156172 4.9995
      vertex 75.67105795193574 -72.4046505397448 4.9995
      vertex 75.67105795193574 -72.4046505397448 0
    endloop
  endfacet
  facet normal -0.8819212643483488 -0.47139673682600935 0
    outer loop
      vertex 75.67105795193574 -72.4046505397448 4.9995
      vertex 75.44003315141387 -71.9724335381085 4.9995
      vertex 75.44003315141387 -71.9724335381085 0
    endloop
  endfacet
  facet normal 0 0 1
    outer loop
      vertex -75.12912607362388 -71.59359216769114 4.9995
      vertex -65.40640783230886 -61.87087392637612 4.9995
      vertex -76.07952339412549 -70.64319484718955 4.9995
    endloop
  endfacet
  facet normal 0 0 1
    outer loop
      vertex -71.59359216769114 -75.12912607362388 4.9995
      vertex -70.64319484718955 -76.07952339412549 4.9995
      vertex -60.92047660587451 -66.35680515281045 4.9995
    endloop
  endfacet
  facet normal 0 0 1
    outer loop
      vertex -76.08372022822573 -70.6389980130893 4.9995
      vertex -76.07952339412549 -70.64319484718955 4.9995
      vertex -66.3610019869107 -60.91627977177428 4.9995
    endloop
  endfacet
  facet normal 0 0 1
    outer loop
      vertex -76.07952339412549 -70.64319484718955 4.9995
      vertex -65.40640783230886 -61.87087392637612 4.9995
      vertex -66.35680515281045 -60.92047660587451 4.9995
    endloop
  endfacet
  facet normal 0 0 1
    outer loop
      vertex -76.07952339412549 -70.64319484718955 4.9995
      vertex -66.35680515281045 -60.92047660587451 4.9995
      vertex -66.3610019869107 -60.91627977177428 4.9995
    endloop
  endfacet
  facet normal 0 0 1
    outer loop
      vertex -70.6389980130893 -76.08372022822573 4.9995
      vertex -60.92047660587451 -66.35680515281045 4.9995
      vertex -70.64319484718955 -76.07952339412549 4.9995
    endloop
  endfacet
  facet normal 0 0 1
    outer loop
      vertex -71.59359216769114 -75.12912607362388 4.9995
      vertex -60.92047660587451 -66.35680515281045 4.9995
      vertex -61.87087392637612 -65.40640783230886 4.9995
    endloop
  endfacet
  facet normal 0 0 1
    outer loop
      vertex -70.6389980130893 -76.08372022822573 4.9995
      vertex -60.91627977177428 -66.3610019869107 4.9995
      vertex -60.92047660587451 -66.35680515281045 4.9995
    endloop
  endfacet
  facet normal 0.7071067811865476 0.7071067811865476 0
    outer loop
      vertex -76.08372022822573 -70.6389980130893 4.9995
      vertex -76.08372022822573 -70.6389980130893 10
      vertex -76.07952339412549 -70.64319484718955 4.9995
    endloop
  endfacet
  facet normal 0.7071067811865476 0.7071067811865476 0
    outer loop
      vertex -70.6389980130893 -76.08372022822573 4.9995
      vertex -70.64319484718955 -76.07952339412549 4.9995
      vertex -70.64319484718955 -76.07952339412549 10
    endloop
  endfacet
  facet normal 0.7071067811865472 -0.7071067811865478 0
    outer loop
      vertex -76.08372022822573 -70.6389980130893 4.9995
      vertex -66.3610019869107 -60.91627977177428 4.9995
      vertex -66.3610019869107 -60.91627977177428 10
    endloop
  endfacet
  facet normal -0.7071067811865478 0.7071067811865472 0
    outer loop
      vertex -70.6389980130893 -76.08372022822573 4.9995
      vertex -70.6389980130893 -76.08372022822573 10
      vertex -60.91627977177428 -66.3610019869107 4.9995
    endloop
  endfacet
  facet normal -0.7071067811859489 -0.7071067811871461 0
    outer loop
      vertex -66.3610019869107 -60.91627977177428 4.9995
      vertex -66.35680515281045 -60.92047660587451 4.9995
      vertex -66.35680515281045 -60.92047660587451 10
    endloop
  endfacet
  facet normal -0.7071067811871461 -0.7071067811859489 0
    outer loop
      vertex -60.91627977177428 -66.3610019869107 4.9995
      vertex -60.91627977177428 -66.3610019869107 10
      vertex -60.92047660587451 -66.35680515281045 4.9995
    endloop
  endfacet
  facet normal 0.7071067811865476 0.7071067811865476 0
    outer loop
      vertex -76.07952339412549 -70.64319484718955 4.9995
      vertex -76.08372022822573 -70.6389980130893 10
      vertex -76.07952339412549 -70.64319484718955 10
    endloop
  endfacet
  facet normal 0.7071067811865476 0.7071067811865476 0
    outer loop
      vertex -70.6389980130893 -76.08372022822573 4.9995
      vertex -70.64319484718955 -76.07952339412549 10
      vertex -70.6389980130893 -76.08372022822573 10
    endloop
  endfacet
  facet normal 0.7071067811865472 -0.7071067811865478 0
    outer loop
      vertex -76.08372022822573 -70.6389980130893 4.9995
      vertex -66.3610019869107 -60.91627977177428 10
      vertex -76.08372022822573 -70.6389980130893 10
    endloop
  endfacet
  facet normal -0.7071067811865478 0.7071067811865472 0
    outer loop
      vertex -60.91627977177428 -66.3610019869107 4.9995
      vertex -70.6389980130893 -76.08372022822573 10
      vertex -60.91627977177428 -66.3610019869107 10
    endloop
  endfacet
  facet normal -0.7071067811859489 -0.7071067811871461 0
    outer loop
      vertex -66.3610019869107 -60.91627977177428 4.9995
      vertex -66.35680515281045 -60.92047660587451 10
      vertex -66.3610019869107 -60.91627977177428 10
    endloop
  endfacet
  facet normal -0.7071067811871461 -0.7071067811859489 0
    outer loop
      vertex -60.92047660587451 -66.35680515281045 4.9995
      vertex -60.91627977177428 -66.3610019869107 10
      vertex -60.92047660587451 -66.35680515281045 10
    endloop
  endfacet
  facet normal 0 0 1
    outer loop
      vertex -66.35680515281045 60.92047660587451 4.9995
      vertex -76.07952339412549 70.64319484718955 4.9995
      vertex -76.08372022822573 70.6389980130893 4.9995
    endloop
  endfacet
  facet normal 0 0 1
    outer loop
      vertex -66.3610019869107 60.91627977177428 4.9995
      vertex -66.35680515281045 60.92047660587451 4.9995
      vertex -76.08372022822573 70.6389980130893 4.9995
    endloop
  endfacet
  facet normal 0 0 1
    outer loop
      vertex -66.35680515281045 60.92047660587451 4.9995
      vertex -65.40640783230886 61.87087392637612 4.9995
      vertex -75.12912607362388 71.59359216769114 4.9995
    endloop
  endfacet
  facet normal 0 0 1
    outer loop
      vertex -66.35680515281045 60.92047660587451 4.9995
      vertex -75.12912607362388 71.59359216769114 4.9995
      vertex -76.07952339412549 70.64319484718955 4.9995
    endloop
  endfacet
  facet normal 0 0 1
    outer loop
      vertex -71.59359216769114 75.12912607362388 4.9995
      vertex -61.87087392637612 65.40640783230886 4.9995
      vertex -70.64319484718955 76.07952339412549 4.9995
    endloop
  endfacet
  facet normal 0 0 1
    outer loop
      vertex -70.6389980130893 76.08372022822573 4.9995
      vertex -70.64319484718955 76.07952339412549 4.9995
      vertex -60.91627977177428 66.3610019869107 4.9995
    endloop
  endfacet
  facet normal 0 0 1
    outer loop
      vertex -61.87087392637612 65.40640783230886 4.9995
      vertex -60.92047660587451 66.35680515281045 4.9995
      vertex -70.64319484718955 76.07952339412549 4.9995
    endloop
  endfacet
  facet normal 0 0 1
    outer loop
      vertex -70.64319484718955 76.07952339412549 4.9995
      vertex -60.92047660587451 66.35680515281045 4.9995
      vertex -60.91627977177428 66.3610019869107 4.9995
    endloop
  endfacet
  facet normal 0.7071067811865472 0.7071067811865478 0
    outer loop
      vertex -66.3610019869107 60.91627977177428 4.9995
      vertex -76.08372022822573 70.6389980130893 4.9995
      vertex -76.08372022822573 70.6389980130893 10
    endloop
  endfacet
  facet normal 0.7071067811865476 -0.7071067811865476 0
    outer loop
      vertex -76.08372022822573 70.6389980130893 4.9995
      vertex -76.07952339412549 70.64319484718955 4.9995
      vertex -76.07952339412549 70.64319484718955 10
    endloop
  endfacet
  facet normal 0.7071067811865476 -0.7071067811865476 0
    outer loop
      vertex -70.6389980130893 76.08372022822573 4.9995
      vertex -70.6389980130893 76.08372022822573 10
      vertex -70.64319484718955 76.07952339412549 4.9995
    endloop
  endfacet
  facet normal -0.7071067811859489 0.7071067811871461 0
    outer loop
      vertex -66.3610019869107 60.91627977177428 4.9995
      vertex -66.3610019869107 60.91627977177428 10
      vertex -66.35680515281045 60.92047660587451 4.9995
    endloop
  endfacet
  facet normal -0.7071067811871461 0.7071067811859489 0
    outer loop
      vertex -60.91627977177428 66.3610019869107 4.9995
      vertex -60.92047660587451 66.35680515281045 4.9995
      vertex -60.92047660587451 66.35680515281045 10
    endloop
  endfacet
  facet normal -0.7071067811865478 -0.7071067811865472 0
    outer loop
      vertex -70.6389980130893 76.08372022822573 4.9995
      vertex -60.91627977177428 66.3610019869107 4.9995
      vertex -60.91627977177428 66.3610019869107 10
    endloop
  endfacet
  facet normal 0.7071067811865472 0.7071067811865478 0
    outer loop
      vertex -66.3610019869107 60.91627977177428 4.9995
      vertex -76.08372022822573 70.6389980130893 10
      vertex -66.3610019869107 60.91627977177428 10
    endloop
  endfacet
  facet normal 0.7071067811865476 -0.7071067811865476 0
    outer loop
      vertex -76.08372022822573 70.6389980130893 4.9995
      vertex -76.07952339412549 70.64319484718955 10
      vertex -76.08372022822573 70.6389980130893 10
    endloop
  endfacet
  facet normal 0.7071067811865476 -0.7071067811865476 0
    outer loop
      vertex -70.64319484718955 76.07952339412549 4.9995
      vertex -70.6389980130893 76.08372022822573 10
      vertex -70.64319484718955 76.07952339412549 10
    endloop
  endfacet
  facet normal -0.7071067811859489 0.7071067811871461 0
    outer loop
      vertex -66.35680515281045 60.92047660587451 4.9995
      vertex -66.3610019869107 60.91627977177428 10
      vertex -66.35680515281045 60.92047660587451 10
    endloop
  endfacet
  facet normal -0.7071067811871461 0.7071067811859489 0
    outer loop
      vertex -60.91627977177428 66.3610019869107 4.9995
      vertex -60.92047660587451 66.35680515281045 10
      vertex -60.91627977177428 66.3610019869107 10
    endloop
  endfacet
  facet normal -0.7071067811865478 -0.7071067811865472 0
    outer loop
      vertex -70.6389980130893 76.08372022822573 4.9995
      vertex -60.91627977177428 66.3610019869107 10
      vertex -70.6389980130893 76.08372022822573 10
    endloop
  endfacet
  facet normal 0 0 1
    outer loop
      vertex 60.91627977177428 66.3610019869107 4.9995
      vertex 60.92047660587451 66.35680515281045 4.9995
      vertex 70.6389980130893 76.08372022822573 4.9995
    endloop
  endfacet
  facet normal 0 0 1
    outer loop
      vertex 60.92047660587451 66.35680515281045 4.9995
      vertex 61.87087392637612 65.40640783230886 4.9995
      vertex 71.59359216769114 75.12912607362388 4.9995
    endloop
  endfacet
  facet normal 0 0 1
    outer loop
      vertex 60.92047660587451 66.35680515281045 4.9995
      vertex 70.64319484718955 76.07952339412549 4.9995
      vertex 70.6389980130893 76.08372022822573 4.9995
    endloop
  endfacet
  facet normal 0 0 1
    outer loop
      vertex 66.3610019869107 60.91627977177428 4.9995
      vertex 76.07952339412549 70.64319484718955 4.9995
      vertex 66.35680515281045 60.92047660587451 4.9995
    endloop
  endfacet
  facet normal 0 0 1
    outer loop
      vertex 66.35680515281045 60.92047660587451 4.9995
      vertex 76.07952339412549 70.64319484718955 4.9995
      vertex 65.40640783230886 61.87087392637612 4.9995
    endloop
  endfacet
  facet normal 0 0 1
    outer loop
      vertex 66.3610019869107 60.91627977177428 4.9995
      vertex 76.08372022822573 70.6389980130893 4.9995
      vertex 76.07952339412549 70.64319484718955 4.9995
    endloop
  endfacet
  facet normal 0 0 1
    outer loop
      vertex 60.92047660587451 66.35680515281045 4.9995
      vertex 71.59359216769114 75.12912607362388 4.9995
      vertex 70.64319484718955 76.07952339412549 4.9995
    endloop
  endfacet
  facet normal 0 0 1
    outer loop
      vertex 65.40640783230886 61.87087392637612 4.9995
      vertex 76.07952339412549 70.64319484718955 4.9995
      vertex 75.12912607362388 71.59359216769114 4.9995
    endloop
  endfacet
  facet normal 0.7071067811871461 0.7071067811859489 0
    outer loop
      vertex 60.91627977177428 66.3610019869107 4.9995
      vertex 60.91627977177428 66.3610019869107 10
      vertex 60.92047660587451 66.35680515281045 4.9995
    endloop
  endfacet
  facet normal 0.7071067811859489 0.7071067811871461 0
    outer loop
      vertex 66.3610019869107 60.91627977177428 4.9995
      vertex 66.35680515281045 60.92047660587451 4.9995
      vertex 66.35680515281045 60.92047660587451 10
    endloop
  endfacet
  facet normal 0.7071067811865478 -0.7071067811865472 0
    outer loop
      vertex 60.91627977177428 66.3610019869107 4.9995
      vertex 70.6389980130893 76.08372022822573 4.9995
      vertex 70.6389980130893 76.08372022822573 10
    endloop
  endfacet
  facet normal -0.7071067811865472 0.7071067811865478 0
    outer loop
      vertex 66.3610019869107 60.91627977177428 4.9995
      vertex 66.3610019869107 60.91627977177428 10
      vertex 76.08372022822573 70.6389980130893 4.9995
    endloop
  endfacet
  facet normal -0.7071067811865476 -0.7071067811865476 0
    outer loop
      vertex 70.6389980130893 76.08372022822573 4.9995
      vertex 70.64319484718955 76.07952339412549 4.9995
      vertex 70.64319484718955 76.07952339412549 10
    endloop
  endfacet
  facet normal -0.7071067811865476 -0.7071067811865476 0
    outer loop
      vertex 76.08372022822573 70.6389980130893 4.9995
      vertex 76.08372022822573 70.6389980130893 10
      vertex 76.07952339412549 70.64319484718955 4.9995
    endloop
  endfacet
  facet normal 0.7071067811871461 0.7071067811859489 0
    outer loop
      vertex 60.92047660587451 66.35680515281045 4.9995
      vertex 60.91627977177428 66.3610019869107 10
      vertex 60.92047660587451 66.35680515281045 10
    endloop
  endfacet
  facet normal 0.7071067811859489 0.7071067811871461 0
    outer loop
      vertex 66.3610019869107 60.91627977177428 4.9995
      vertex 66.35680515281045 60.92047660587451 10
      vertex 66.3610019869107 60.91627977177428 10
    endloop
  endfacet
  facet normal 0.7071067811865478 -0.7071067811865472 0
    outer loop
      vertex 60.91627977177428 66.3610019869107 4.9995
      vertex 70.6389980130893 76.08372022822573 10
      vertex 60.91627977177428 66.3610019869107 10
    endloop
  endfacet
  facet normal -0.7071067811865472 0.7071067811865478 0
    outer loop
      vertex 76.08372022822573 70.6389980130893 4.9995
      vertex 66.3610019869107 60.91627977177428 10
      vertex 76.08372022822573 70.6389980130893 10
    endloop
  endfacet
  facet normal -0.7071067811865476 -0.7071067811865476 0
    outer loop
      vertex 70.6389980130893 76.08372022822573 4.9995
      vertex 70.64319484718955 76.07952339412549 10
      vertex 70.6389980130893 76.08372022822573 10
    endloop
  endfacet
  facet normal -0.7071067811865476 -0.7071067811865476 0
    outer loop
      vertex 76.07952339412549 70.64319484718955 4.9995
      vertex 76.08372022822573 70.6389980130893 10
      vertex 76.07952339412549 70.64319484718955 10
    endloop
  endfacet
  facet normal 0 0 1
    outer loop
      vertex 60.91627977177428 -66.3610019869107 4.9995
      vertex 70.64319484718955 -76.07952339412549 4.9995
      vertex 60.92047660587451 -66.35680515281045 4.9995
    endloop
  endfacet
  facet normal 0 0 1
    outer loop
      vertex 60.92047660587451 -66.35680515281045 4.9995
      vertex 70.64319484718955 -76.07952339412549 4.9995
      vertex 61.87087392637612 -65.40640783230886 4.9995
    endloop
  endfacet
  facet normal 0 0 1
    outer loop
      vertex 60.91627977177428 -66.3610019869107 4.9995
      vertex 70.6389980130893 -76.08372022822573 4.9995
      vertex 70.64319484718955 -76.07952339412549 4.9995
    endloop
  endfacet
  facet normal 0 0 1
    outer loop
      vertex 70.64319484718955 -76.07952339412549 4.9995
      vertex 71.59359216769114 -75.12912607362388 4.9995
      vertex 61.87087392637612 -65.40640783230886 4.9995
    endloop
  endfacet
  facet normal 0 0 1
    outer loop
      vertex 75.12912607362388 -71.59359216769114 4.9995
      vertex 76.07952339412549 -70.64319484718955 4.9995
      vertex 66.35680515281045 -60.92047660587451 4.9995
    endloop
  endfacet
  facet normal 0 0 1
    outer loop
      vertex 65.40640783230886 -61.87087392637612 4.9995
      vertex 75.12912607362388 -71.59359216769114 4.9995
      vertex 66.35680515281045 -60.92047660587451 4.9995
    endloop
  endfacet
  facet normal 0 0 1
    outer loop
      vertex 76.08372022822573 -70.6389980130893 4.9995
      vertex 66.3610019869107 -60.91627977177428 4.9995
      vertex 66.35680515281045 -60.92047660587451 4.9995
    endloop
  endfacet
  facet normal 0 0 1
    outer loop
      vertex 76.08372022822573 -70.6389980130893 4.9995
      vertex 66.35680515281045 -60.92047660587451 4.9995
      vertex 76.07952339412549 -70.64319484718955 4.9995
    endloop
  endfacet
  facet normal 0.7071067811865478 0.7071067811865472 0
    outer loop
      vertex 60.91627977177428 -66.3610019869107 4.9995
      vertex 60.91627977177428 -66.3610019869107 10
      vertex 70.6389980130893 -76.08372022822573 4.9995
    endloop
  endfacet
  facet normal 0.7071067811871461 -0.7071067811859489 0
    outer loop
      vertex 60.91627977177428 -66.3610019869107 4.9995
      vertex 60.92047660587451 -66.35680515281045 4.9995
      vertex 60.92047660587451 -66.35680515281045 10
    endloop
  endfacet
  facet normal 0.7071067811859489 -0.7071067811871461 0
    outer loop
      vertex 66.3610019869107 -60.91627977177428 4.9995
      vertex 66.3610019869107 -60.91627977177428 10
      vertex 66.35680515281045 -60.92047660587451 4.9995
    endloop
  endfacet
  facet normal -0.7071067811865476 0.7071067811865476 0
    outer loop
      vertex 70.6389980130893 -76.08372022822573 4.9995
      vertex 70.6389980130893 -76.08372022822573 10
      vertex 70.64319484718955 -76.07952339412549 4.9995
    endloop
  endfacet
  facet normal -0.7071067811865476 0.7071067811865476 0
    outer loop
      vertex 76.08372022822573 -70.6389980130893 4.9995
      vertex 76.07952339412549 -70.64319484718955 4.9995
      vertex 76.07952339412549 -70.64319484718955 10
    endloop
  endfacet
  facet normal -0.7071067811865472 -0.7071067811865478 0
    outer loop
      vertex 76.08372022822573 -70.6389980130893 4.9995
      vertex 76.08372022822573 -70.6389980130893 10
      vertex 66.3610019869107 -60.91627977177428 4.9995
    endloop
  endfacet
  facet normal 0.7071067811865478 0.7071067811865472 0
    outer loop
      vertex 70.6389980130893 -76.08372022822573 4.9995
      vertex 60.91627977177428 -66.3610019869107 10
      vertex 70.6389980130893 -76.08372022822573 10
    endloop
  endfacet
  facet normal 0.7071067811871461 -0.7071067811859489 0
    outer loop
      vertex 60.91627977177428 -66.3610019869107 4.9995
      vertex 60.92047660587451 -66.35680515281045 10
      vertex 60.91627977177428 -66.3610019869107 10
    endloop
  endfacet
  facet normal 0.7071067811859489 -0.7071067811871461 0
    outer loop
      vertex 66.35680515281045 -60.92047660587451 4.9995
      vertex 66.3610019869107 -60.91627977177428 10
      vertex 66.35680515281045 -60.92047660587451 10
    endloop
  endfacet
  facet normal -0.7071067811865476 0.7071067811865476 0
    outer loop
      vertex 70.64319484718955 -76.07952339412549 4.9995
      vertex 70.6389980130893 -76.08372022822573 10
      vertex 70.64319484718955 -76.07952339412549 10
    endloop
  endfacet
  facet normal -0.7071067811865476 0.7071067811865476 0
    outer loop
      vertex 76.08372022822573 -70.6389980130893 4.9995
      vertex 76.07952339412549 -70.64319484718955 10
      vertex 76.08372022822573 -70.6389980130893 10
    endloop
  endfacet
  facet normal -0.7071067811865472 -0.7071067811865478 0
    outer loop
      vertex 66.3610019869107 -60.91627977177428 4.9995
      vertex 76.08372022822573 -70.6389980130893 10
      vertex 66.3610019869107 -60.91627977177428 10
    endloop
  endfacet
  facet normal 0 0 1
    outer loop
      vertex -76.55392041058012 -75.51311477827474 4.9995
      vertex -75.90370457032908 -76.25254912038675 4.9995
      vertex -75.51311477827474 -76.55392041058012 4.9995
    endloop
  endfacet
  facet normal 0 0 1
    outer loop
      vertex -76.55392041058012 -75.51311477827474 4.9995
      vertex -75.51311477827474 -76.55392041058012 4.9995
      vertex -76.80286993265608 -75.08719321781082 4.9995
    endloop
  endfacet
  facet normal 0 0 1
    outer loop
      vertex -76.80286993265608 -75.08719321781082 4.9995
      vertex -75.08719321781082 -76.80286993265608 4.9995
      vertex -76.99530994234473 -74.63293350918491 4.9995
    endloop
  endfacet
  facet normal 0 0 1
    outer loop
      vertex -76.25254912038675 -75.90370457032908 4.9995
      vertex -75.90370457032908 -76.25254912038675 4.9995
      vertex -76.55392041058012 -75.51311477827474 4.9995
    endloop
  endfacet
  facet normal 0 0 1
    outer loop
      vertex -76.99530994234473 -74.63293350918491 4.9995
      vertex -74.63293350918491 -76.99530994234473 4.9995
      vertex -77.12808058000726 -74.15779458425395 4.9995
    endloop
  endfacet
  facet normal 0 0 1
    outer loop
      vertex -77.12808058000726 -74.15779458425395 4.9995
      vertex -74.15779458425395 -77.12808058000726 4.9995
      vertex -77.19900175544392 -73.66957821102937 4.9995
    endloop
  endfacet
  facet normal 0 0 1
    outer loop
      vertex -77.19900175544392 -73.66957821102937 4.9995
      vertex -73.66957821102937 -77.19900175544392 4.9995
      vertex -77.20690894491474 -73.17630088886207 4.9995
    endloop
  endfacet
  facet normal 0 0 1
    outer loop
      vertex -77.20690894491474 -73.17630088886207 4.9995
      vertex -75.67105795193574 -74.31806770157024 4.9995
      vertex -77.15167231258721 -72.68606221774465 4.9995
    endloop
  endfacet
  facet normal 0 0 1
    outer loop
      vertex -77.20690894491474 -73.17630088886207 4.9995
      vertex -75.44003315141387 -74.75028470320652 4.9995
      vertex -75.67105795193574 -74.31806770157024 4.9995
    endloop
  endfacet
  facet normal 0 0 1
    outer loop
      vertex -77.15167231258721 -72.68606221774465 4.9995
      vertex -75.67105795193574 -74.31806770157024 4.9995
      vertex -75.8133223216656 -73.84908492569784 4.9995
    endloop
  endfacet
  facet normal 0 0 1
    outer loop
      vertex -77.15167231258721 -72.68606221774465 4.9995
      vertex -75.8133223216656 -73.84908492569784 4.9995
      vertex -75.86135912065751 -73.36135912065751 4.9995
    endloop
  endfacet
  facet normal 0 0 1
    outer loop
      vertex -76.80286993265608 -75.08719321781082 4.9995
      vertex -75.51311477827474 -76.55392041058012 4.9995
      vertex -75.08719321781082 -76.80286993265608 4.9995
    endloop
  endfacet
  facet normal 0 0 1
    outer loop
      vertex -76.99530994234473 -74.63293350918491 4.9995
      vertex -75.08719321781082 -76.80286993265608 4.9995
      vertex -74.63293350918491 -76.99530994234473 4.9995
    endloop
  endfacet
  facet normal 0 0 1
    outer loop
      vertex -77.12808058000726 -74.15779458425395 4.9995
      vertex -74.63293350918491 -76.99530994234473 4.9995
      vertex -74.15779458425395 -77.12808058000726 4.9995
    endloop
  endfacet
  facet normal 0 0 1
    outer loop
      vertex -77.19900175544392 -73.66957821102937 4.9995
      vertex -74.15779458425395 -77.12808058000726 4.9995
      vertex -73.66957821102937 -77.19900175544392 4.9995
    endloop
  endfacet
  facet normal 0 0 1
    outer loop
      vertex -73.17630088886207 -77.20690894491474 4.9995
      vertex -74.31806770157024 -75.67105795193574 4.9995
      vertex -74.75028470320652 -75.44003315141387 4.9995
    endloop
  endfacet
  facet normal 0 0 1
    outer loop
      vertex -73.17630088886207 -77.20690894491474 4.9995
      vertex -72.68606221774465 -77.15167231258721 4.9995
      vertex -74.31806770157024 -75.67105795193574 4.9995
    endloop
  endfacet
  facet normal 0 0 1
    outer loop
      vertex -72.68606221774465 -77.15167231258721 4.9995
      vertex -73.84908492569784 -75.8133223216656 4.9995
      vertex -74.31806770157024 -75.67105795193574 4.9995
    endloop
  endfacet
  facet normal 0 0 1
    outer loop
      vertex -72.20691190310346 -77.03419884243706 4.9995
      vertex -73.36135912065751 -75.86135912065751 4.9995
      vertex -73.84908492569784 -75.8133223216656 4.9995
    endloop
  endfacet
  facet normal 0 0 1
    outer loop
      vertex -77.20690894491474 -73.17630088886207 4.9995
      vertex -73.66957821102937 -77.19900175544392 4.9995
      vertex -73.17630088886207 -77.20690894491474 4.9995
    endloop
  endfacet
  facet normal 0 0 1
    outer loop
      vertex -77.20690894491474 -73.17630088886207 4.9995
      vertex -73.17630088886207 -77.20690894491474 4.9995
      vertex -75.12912607362388 -75.12912607362388 4.9995
    endloop
  endfacet
  facet normal 0 0 1
    outer loop
      vertex -77.20690894491474 -73.17630088886207 4.9995
      vertex -75.12912607362388 -75.12912607362388 4.9995
      vertex -75.44003315141387 -74.75028470320652 4.9995
    endloop
  endfacet
  facet normal 0 0 1
    outer loop
      vertex -73.17630088886207 -77.20690894491474 4.9995
      vertex -74.75028470320652 -75.44003315141387 4.9995
      vertex -75.12912607362388 -75.12912607362388 4.9995
    endloop
  endfacet
  facet normal 0 0 1
    outer loop
      vertex -77.15167231258721 -72.68606221774465 4.9995
      vertex -75.86135912065751 -73.36135912065751 4.9995
      vertex -77.03419884243706 -72.20691190310346 4.9995
    endloop
  endfacet
  facet normal 0 0 1
    outer loop
      vertex -77.03419884243706 -72.20691190310346 4.9995
      vertex -75.86135912065751 -73.36135912065751 4.9995
      vertex -75.8133223216656 -72.8736333156172 4.9995
    endloop
  endfacet
  facet normal 0 0 1
    outer loop
      vertex -77.03419884243706 -72.20691190310346 4.9995
      vertex -75.8133223216656 -72.8736333156172 4.9995
      vertex -76.85641744559643 -71.74671757985809 4.9995
    endloop
  endfacet
  facet normal 0 0 1
    outer loop
      vertex -76.85641744559643 -71.74671757985809 4.9995
      vertex -75.8133223216656 -72.8736333156172 4.9995
      vertex -75.67105795193574 -72.4046505397448 4.9995
    endloop
  endfacet
  facet normal 0 0 1
    outer loop
      vertex -76.85641744559643 -71.74671757985809 4.9995
      vertex -75.67105795193574 -72.4046505397448 4.9995
      vertex -75.44003315141387 -71.9724335381085 4.9995
    endloop
  endfacet
  facet normal 0 0 1
    outer loop
      vertex -76.85641744559643 -71.74671757985809 4.9995
      vertex -75.44003315141387 -71.9724335381085 4.9995
      vertex -76.6212472876864 -71.31303562607347 4.9995
    endloop
  endfacet
  facet normal 0 0 1
    outer loop
      vertex -76.6212472876864 -71.31303562607347 4.9995
      vertex -75.44003315141387 -71.9724335381085 4.9995
      vertex -76.33254985619824 -70.91298708744097 4.9995
    endloop
  endfacet
  facet normal 0 0 1
    outer loop
      vertex -75.44003315141387 -71.9724335381085 4.9995
      vertex -75.12912607362388 -71.59359216769114 4.9995
      vertex -76.33254985619824 -70.91298708744097 4.9995
    endloop
  endfacet
  facet normal 0 0 1
    outer loop
      vertex -75.12912607362388 -71.59359216769114 4.9995
      vertex -76.07952339412549 -70.64319484718955 4.9995
      vertex -76.33254985619824 -70.91298708744097 4.9995
    endloop
  endfacet
  facet normal 0 0 1
    outer loop
      vertex -72.68606221774465 -77.15167231258721 4.9995
      vertex -72.20691190310346 -77.03419884243706 4.9995
      vertex -73.84908492569784 -75.8133223216656 4.9995
    endloop
  endfacet
  facet normal 0 0 1
    outer loop
      vertex -72.20691190310346 -77.03419884243706 4.9995
      vertex -72.8736333156172 -75.8133223216656 4.9995
      vertex -73.36135912065751 -75.86135912065751 4.9995
    endloop
  endfacet
  facet normal 0 0 1
    outer loop
      vertex -72.20691190310346 -77.03419884243706 4.9995
      vertex -71.74671757985809 -76.85641744559643 4.9995
      vertex -72.8736333156172 -75.8133223216656 4.9995
    endloop
  endfacet
  facet normal 0 0 1
    outer loop
      vertex -71.74671757985809 -76.85641744559643 4.9995
      vertex -72.4046505397448 -75.67105795193574 4.9995
      vertex -72.8736333156172 -75.8133223216656 4.9995
    endloop
  endfacet
  facet normal 0 0 1
    outer loop
      vertex -71.74671757985809 -76.85641744559643 4.9995
      vertex -71.31303562607347 -76.6212472876864 4.9995
      vertex -72.4046505397448 -75.67105795193574 4.9995
    endloop
  endfacet
  facet normal 0 0 1
    outer loop
      vertex -71.31303562607347 -76.6212472876864 4.9995
      vertex -70.91298708744097 -76.33254985619824 4.9995
      vertex -71.9724335381085 -75.44003315141387 4.9995
    endloop
  endfacet
  facet normal 0 0 1
    outer loop
      vertex -71.31303562607347 -76.6212472876864 4.9995
      vertex -71.9724335381085 -75.44003315141387 4.9995
      vertex -72.4046505397448 -75.67105795193574 4.9995
    endloop
  endfacet
  facet normal 0 0 1
    outer loop
      vertex -71.9724335381085 -75.44003315141387 4.9995
      vertex -70.91298708744097 -76.33254985619824 4.9995
      vertex -71.59359216769114 -75.12912607362388 4.9995
    endloop
  endfacet
  facet normal 0 0 1
    outer loop
      vertex -71.59359216769114 -75.12912607362388 4.9995
      vertex -70.91298708744097 -76.33254985619824 4.9995
      vertex -70.64319484718955 -76.07952339412549 4.9995
    endloop
  endfacet
  facet normal 0.7071067811865475 0.7071067811865475 0
    outer loop
      vertex -76.25254912038675 -75.90370457032908 4.9995
      vertex -76.25254912038675 -75.90370457032908 10
      vertex -75.90370457032908 -76.25254912038675 4.9995
    endloop
  endfacet
  facet normal 0.8633416334232797 0.5046198807003379 0
    outer loop
      vertex -76.55392041058012 -75.51311477827474 4.9995
      vertex -76.80286993265608 -75.08719321781082 4.9995
      vertex -76.80286993265608 -75.08719321781082 10
    endloop
  endfacet
  facet normal 0.920782968620585 0.39007528080905457 0
    outer loop
      vertex -76.80286993265608 -75.08719321781082 4.9995
      vertex -76.99530994234473 -74.63293350918491 4.9995
      vertex -76.99530994234473 -74.63293350918491 10
    endloop
  endfacet
  facet normal 0.7917242524735226 0.6108786361015104 0
    outer loop
      vertex -76.25254912038675 -75.90370457032908 4.9995
      vertex -76.55392041058012 -75.51311477827474 4.9995
      vertex -76.55392041058012 -75.51311477827474 10
    endloop
  endfacet
  facet normal 0.9631050729295736 0.2691256555910651 0
    outer loop
      vertex -76.99530994234473 -74.63293350918491 4.9995
      vertex -77.12808058000726 -74.15779458425395 4.9995
      vertex -77.12808058000726 -74.15779458425395 10
    endloop
  endfacet
  facet normal 0.9896130185675259 0.14375699454868188 0
    outer loop
      vertex -77.12808058000726 -74.15779458425395 4.9995
      vertex -77.19900175544392 -73.66957821102937 4.9995
      vertex -77.19900175544392 -73.66957821102937 10
    endloop
  endfacet
  facet normal 0.9998715457999309 0.01602784763019786 0
    outer loop
      vertex -77.19900175544392 -73.66957821102937 4.9995
      vertex -77.20690894491474 -73.17630088886207 4.9995
      vertex -77.20690894491474 -73.17630088886207 10
    endloop
  endfacet
  facet normal 0.6108786361015104 0.7917242524735226 0
    outer loop
      vertex -75.90370457032908 -76.25254912038675 4.9995
      vertex -75.90370457032908 -76.25254912038675 10
      vertex -75.51311477827474 -76.55392041058012 4.9995
    endloop
  endfacet
  facet normal 0.5046198807003379 0.8633416334232797 0
    outer loop
      vertex -75.51311477827474 -76.55392041058012 4.9995
      vertex -75.51311477827474 -76.55392041058012 10
      vertex -75.08719321781082 -76.80286993265608 4.9995
    endloop
  endfacet
  facet normal 0.39007528080905457 0.920782968620585 0
    outer loop
      vertex -75.08719321781082 -76.80286993265608 4.9995
      vertex -75.08719321781082 -76.80286993265608 10
      vertex -74.63293350918491 -76.99530994234473 4.9995
    endloop
  endfacet
  facet normal 0.2691256555910651 0.9631050729295736 0
    outer loop
      vertex -74.63293350918491 -76.99530994234473 4.9995
      vertex -74.63293350918491 -76.99530994234473 10
      vertex -74.15779458425395 -77.12808058000726 4.9995
    endloop
  endfacet
  facet normal 0.14375699454868188 0.9896130185675259 0
    outer loop
      vertex -74.15779458425395 -77.12808058000726 4.9995
      vertex -74.15779458425395 -77.12808058000726 10
      vertex -73.66957821102937 -77.19900175544392 4.9995
    endloop
  endfacet
  facet normal 0.01602784763019786 0.9998715457999309 0
    outer loop
      vertex -73.66957821102937 -77.19900175544392 4.9995
      vertex -73.66957821102937 -77.19900175544392 10
      vertex -73.17630088886207 -77.20690894491474 4.9995
    endloop
  endfacet
  facet normal 0.9937122098932402 -0.11196447610333027 0
    outer loop
      vertex -77.20690894491474 -73.17630088886207 4.9995
      vertex -77.15167231258721 -72.68606221774465 4.9995
      vertex -77.15167231258721 -72.68606221774465 10
    endloop
  endfacet
  facet normal 0.9712361469727641 -0.23811834623459746 0
    outer loop
      vertex -77.15167231258721 -72.68606221774465 4.9995
      vertex -77.03419884243706 -72.20691190310346 4.9995
      vertex -77.03419884243706 -72.20691190310346 10
    endloop
  endfacet
  facet normal 0.9328124133702678 -0.3603623197038455 0
    outer loop
      vertex -77.03419884243706 -72.20691190310346 4.9995
      vertex -76.85641744559643 -71.74671757985809 4.9995
      vertex -76.85641744559643 -71.74671757985809 10
    endloop
  endfacet
  facet normal 0.8790719257292089 -0.4766891538463406 0
    outer loop
      vertex -76.85641744559643 -71.74671757985809 4.9995
      vertex -76.6212472876864 -71.31303562607347 4.9995
      vertex -76.6212472876864 -71.31303562607347 10
    endloop
  endfacet
  facet normal 0.8108971013709562 -0.5851887652614164 0
    outer loop
      vertex -76.6212472876864 -71.31303562607347 4.9995
      vertex -76.33254985619824 -70.91298708744097 4.9995
      vertex -76.33254985619824 -70.91298708744097 10
    endloop
  endfacet
  facet normal 0.7294073690266335 -0.6840795933293469 0
    outer loop
      vertex -76.33254985619824 -70.91298708744097 4.9995
      vertex -76.07952339412549 -70.64319484718955 4.9995
      vertex -76.33254985619824 -70.91298708744097 10
    endloop
  endfacet
  facet normal -0.11196447610333027 0.9937122098932402 0
    outer loop
      vertex -73.17630088886207 -77.20690894491474 4.9995
      vertex -73.17630088886207 -77.20690894491474 10
      vertex -72.68606221774465 -77.15167231258721 4.9995
    endloop
  endfacet
  facet normal -0.23811834623459746 0.9712361469727641 0
    outer loop
      vertex -72.68606221774465 -77.15167231258721 4.9995
      vertex -72.68606221774465 -77.15167231258721 10
      vertex -72.20691190310346 -77.03419884243706 4.9995
    endloop
  endfacet
  facet normal -0.3603623197038455 0.9328124133702678 0
    outer loop
      vertex -72.20691190310346 -77.03419884243706 4.9995
      vertex -72.20691190310346 -77.03419884243706 10
      vertex -71.74671757985809 -76.85641744559643 4.9995
    endloop
  endfacet
  facet normal -0.4766891538463406 0.8790719257292089 0
    outer loop
      vertex -71.74671757985809 -76.85641744559643 4.9995
      vertex -71.74671757985809 -76.85641744559643 10
      vertex -71.31303562607347 -76.6212472876864 4.9995
    endloop
  endfacet
  facet normal -0.5851887652614164 0.8108971013709562 0
    outer loop
      vertex -71.31303562607347 -76.6212472876864 4.9995
      vertex -71.31303562607347 -76.6212472876864 10
      vertex -70.91298708744097 -76.33254985619824 4.9995
    endloop
  endfacet
  facet normal -0.6840795933293469 0.7294073690266335 0
    outer loop
      vertex -70.91298708744097 -76.33254985619824 4.9995
      vertex -70.91298708744097 -76.33254985619824 10
      vertex -70.64319484718955 -76.07952339412549 4.9995
    endloop
  endfacet
  facet normal 0.7071067811865475 0.7071067811865475 0
    outer loop
      vertex -75.90370457032908 -76.25254912038675 4.9995
      vertex -76.25254912038675 -75.90370457032908 10
      vertex -75.90370457032908 -76.25254912038675 10
    endloop
  endfacet
  facet normal 0.920782968620585 0.39007528080905457 0
    outer loop
      vertex -76.80286993265608 -75.08719321781082 4.9995
      vertex -76.99530994234473 -74.63293350918491 10
      vertex -76.80286993265608 -75.08719321781082 10
    endloop
  endfacet
  facet normal 0.7917242524735226 0.6108786361015104 0
    outer loop
      vertex -76.25254912038675 -75.90370457032908 4.9995
      vertex -76.55392041058012 -75.51311477827474 10
      vertex -76.25254912038675 -75.90370457032908 10
    endloop
  endfacet
  facet normal 0.8633416334232797 0.5046198807003379 0
    outer loop
      vertex -76.55392041058012 -75.51311477827474 4.9995
      vertex -76.80286993265608 -75.08719321781082 10
      vertex -76.55392041058012 -75.51311477827474 10
    endloop
  endfacet
  facet normal 0.9631050729295736 0.2691256555910651 0
    outer loop
      vertex -76.99530994234473 -74.63293350918491 4.9995
      vertex -77.12808058000726 -74.15779458425395 10
      vertex -76.99530994234473 -74.63293350918491 10
    endloop
  endfacet
  facet normal 0.9896130185675259 0.14375699454868188 0
    outer loop
      vertex -77.12808058000726 -74.15779458425395 4.9995
      vertex -77.19900175544392 -73.66957821102937 10
      vertex -77.12808058000726 -74.15779458425395 10
    endloop
  endfacet
  facet normal 0.9998715457999309 0.01602784763019786 0
    outer loop
      vertex -77.19900175544392 -73.66957821102937 4.9995
      vertex -77.20690894491474 -73.17630088886207 10
      vertex -77.19900175544392 -73.66957821102937 10
    endloop
  endfacet
  facet normal 0.6108786361015104 0.7917242524735226 0
    outer loop
      vertex -75.51311477827474 -76.55392041058012 4.9995
      vertex -75.90370457032908 -76.25254912038675 10
      vertex -75.51311477827474 -76.55392041058012 10
    endloop
  endfacet
  facet normal 0.5046198807003379 0.8633416334232797 0
    outer loop
      vertex -75.08719321781082 -76.80286993265608 4.9995
      vertex -75.51311477827474 -76.55392041058012 10
      vertex -75.08719321781082 -76.80286993265608 10
    endloop
  endfacet
  facet normal 0.39007528080905457 0.920782968620585 0
    outer loop
      vertex -74.63293350918491 -76.99530994234473 4.9995
      vertex -75.08719321781082 -76.80286993265608 10
      vertex -74.63293350918491 -76.99530994234473 10
    endloop
  endfacet
  facet normal 0.2691256555910651 0.9631050729295736 0
    outer loop
      vertex -74.15779458425395 -77.12808058000726 4.9995
      vertex -74.63293350918491 -76.99530994234473 10
      vertex -74.15779458425395 -77.12808058000726 10
    endloop
  endfacet
  facet normal 0.14375699454868188 0.9896130185675259 0
    outer loop
      vertex -73.66957821102937 -77.19900175544392 4.9995
      vertex -74.15779458425395 -77.12808058000726 10
      vertex -73.66957821102937 -77.19900175544392 10
    endloop
  endfacet
  facet normal 0.01602784763019786 0.9998715457999309 0
    outer loop
      vertex -73.17630088886207 -77.20690894491474 4.9995
      vertex -73.66957821102937 -77.19900175544392 10
      vertex -73.17630088886207 -77.20690894491474 10
    endloop
  endfacet
  facet normal 0.9937122098932402 -0.11196447610333027 0
    outer loop
      vertex -77.20690894491474 -73.17630088886207 4.9995
      vertex -77.15167231258721 -72.68606221774465 10
      vertex -77.20690894491474 -73.17630088886207 10
    endloop
  endfacet
  facet normal 0.9712361469727641 -0.23811834623459746 0
    outer loop
      vertex -77.15167231258721 -72.68606221774465 4.9995
      vertex -77.03419884243706 -72.20691190310346 10
      vertex -77.15167231258721 -72.68606221774465 10
    endloop
  endfacet
  facet normal 0.9328124133702678 -0.3603623197038455 0
    outer loop
      vertex -77.03419884243706 -72.20691190310346 4.9995
      vertex -76.85641744559643 -71.74671757985809 10
      vertex -77.03419884243706 -72.20691190310346 10
    endloop
  endfacet
  facet normal 0.8790719257292089 -0.4766891538463406 0
    outer loop
      vertex -76.85641744559643 -71.74671757985809 4.9995
      vertex -76.6212472876864 -71.31303562607347 10
      vertex -76.85641744559643 -71.74671757985809 10
    endloop
  endfacet
  facet normal 0.8108971013709562 -0.5851887652614164 0
    outer loop
      vertex -76.6212472876864 -71.31303562607347 4.9995
      vertex -76.33254985619824 -70.91298708744097 10
      vertex -76.6212472876864 -71.31303562607347 10
    endloop
  endfacet
  facet normal 0.7294073690266335 -0.6840795933293469 0
    outer loop
      vertex -76.07952339412549 -70.64319484718955 4.9995
      vertex -76.07952339412549 -70.64319484718955 10
      vertex -76.33254985619824 -70.91298708744097 10
    endloop
  endfacet
  facet normal -0.11196447610333027 0.9937122098932402 0
    outer loop
      vertex -72.68606221774465 -77.15167231258721 4.9995
      vertex -73.17630088886207 -77.20690894491474 10
      vertex -72.68606221774465 -77.15167231258721 10
    endloop
  endfacet
  facet normal -0.23811834623459746 0.9712361469727641 0
    outer loop
      vertex -72.20691190310346 -77.03419884243706 4.9995
      vertex -72.68606221774465 -77.15167231258721 10
      vertex -72.20691190310346 -77.03419884243706 10
    endloop
  endfacet
  facet normal -0.3603623197038455 0.9328124133702678 0
    outer loop
      vertex -71.74671757985809 -76.85641744559643 4.9995
      vertex -72.20691190310346 -77.03419884243706 10
      vertex -71.74671757985809 -76.85641744559643 10
    endloop
  endfacet
  facet normal -0.4766891538463406 0.8790719257292089 0
    outer loop
      vertex -71.31303562607347 -76.6212472876864 4.9995
      vertex -71.74671757985809 -76.85641744559643 10
      vertex -71.31303562607347 -76.6212472876864 10
    endloop
  endfacet
  facet normal -0.5851887652614164 0.8108971013709562 0
    outer loop
      vertex -70.91298708744097 -76.33254985619824 4.9995
      vertex -71.31303562607347 -76.6212472876864 10
      vertex -70.91298708744097 -76.33254985619824 10
    endloop
  endfacet
  facet normal -0.6840795933293469 0.7294073690266335 0
    outer loop
      vertex -70.64319484718955 -76.07952339412549 4.9995
      vertex -70.91298708744097 -76.33254985619824 10
      vertex -70.64319484718955 -76.07952339412549 10
    endloop
  endfacet
  facet normal 0 0 1
    outer loop
      vertex -76.33254985619824 70.91298708744097 4.9995
      vertex -75.44003315141387 71.9724335381085 4.9995
      vertex -76.6212472876864 71.31303562607347 4.9995
    endloop
  endfacet
  facet normal 0 0 1
    outer loop
      vertex -77.03419884243706 72.20691190310346 4.9995
      vertex -75.8133223216656 73.84908492569784 4.9995
      vertex -77.15167231258721 72.68606221774465 4.9995
    endloop
  endfacet
  facet normal 0 0 1
    outer loop
      vertex -76.85641744559643 71.74671757985809 4.9995
      vertex -76.6212472876864 71.31303562607347 4.9995
      vertex -75.67105795193574 72.4046505397448 4.9995
    endloop
  endfacet
  facet normal 0 0 1
    outer loop
      vertex -76.85641744559643 71.74671757985809 4.9995
      vertex -75.8133223216656 72.8736333156172 4.9995
      vertex -77.03419884243706 72.20691190310346 4.9995
    endloop
  endfacet
  facet normal 0 0 1
    outer loop
      vertex -76.85641744559643 71.74671757985809 4.9995
      vertex -75.67105795193574 72.4046505397448 4.9995
      vertex -75.8133223216656 72.8736333156172 4.9995
    endloop
  endfacet
  facet normal 0 0 1
    outer loop
      vertex -77.03419884243706 72.20691190310346 4.9995
      vertex -75.8133223216656 72.8736333156172 4.9995
      vertex -75.86135912065751 73.36135912065751 4.9995
    endloop
  endfacet
  facet normal 0 0 1
    outer loop
      vertex -76.33254985619824 70.91298708744097 4.9995
      vertex -76.07952339412549 70.64319484718955 4.9995
      vertex -75.12912607362388 71.59359216769114 4.9995
    endloop
  endfacet
  facet normal 0 0 1
    outer loop
      vertex -76.33254985619824 70.91298708744097 4.9995
      vertex -75.12912607362388 71.59359216769114 4.9995
      vertex -75.44003315141387 71.9724335381085 4.9995
    endloop
  endfacet
  facet normal 0 0 1
    outer loop
      vertex -76.6212472876864 71.31303562607347 4.9995
      vertex -75.44003315141387 71.9724335381085 4.9995
      vertex -75.67105795193574 72.4046505397448 4.9995
    endloop
  endfacet
  facet normal 0 0 1
    outer loop
      vertex -77.15167231258721 72.68606221774465 4.9995
      vertex -75.67105795193574 74.31806770157024 4.9995
      vertex -77.20690894491474 73.17630088886207 4.9995
    endloop
  endfacet
  facet normal 0 0 1
    outer loop
      vertex -77.03419884243706 72.20691190310346 4.9995
      vertex -75.86135912065751 73.36135912065751 4.9995
      vertex -75.8133223216656 73.84908492569784 4.9995
    endloop
  endfacet
  facet normal 0 0 1
    outer loop
      vertex -77.15167231258721 72.68606221774465 4.9995
      vertex -75.8133223216656 73.84908492569784 4.9995
      vertex -75.67105795193574 74.31806770157024 4.9995
    endloop
  endfacet
  facet normal 0 0 1
    outer loop
      vertex -77.20690894491474 73.17630088886207 4.9995
      vertex -75.67105795193574 74.31806770157024 4.9995
      vertex -75.44003315141387 74.75028470320652 4.9995
    endloop
  endfacet
  facet normal 0 0 1
    outer loop
      vertex -77.19900175544392 73.66957821102937 4.9995
      vertex -73.66957821102937 77.19900175544392 4.9995
      vertex -77.12808058000726 74.15779458425395 4.9995
    endloop
  endfacet
  facet normal 0 0 1
    outer loop
      vertex -76.99530994234473 74.63293350918491 4.9995
      vertex -74.63293350918491 76.99530994234473 4.9995
      vertex -76.80286993265608 75.08719321781082 4.9995
    endloop
  endfacet
  facet normal 0 0 1
    outer loop
      vertex -77.12808058000726 74.15779458425395 4.9995
      vertex -74.15779458425395 77.12808058000726 4.9995
      vertex -76.99530994234473 74.63293350918491 4.9995
    endloop
  endfacet
  facet normal 0 0 1
    outer loop
      vertex -76.80286993265608 75.08719321781082 4.9995
      vertex -75.08719321781082 76.80286993265608 4.9995
      vertex -76.55392041058012 75.51311477827474 4.9995
    endloop
  endfacet
  facet normal 0 0 1
    outer loop
      vertex -76.55392041058012 75.51311477827474 4.9995
      vertex -75.51311477827474 76.55392041058012 4.9995
      vertex -76.25254912038675 75.90370457032908 4.9995
    endloop
  endfacet
  facet normal 0 0 1
    outer loop
      vertex -77.20690894491474 73.17630088886207 4.9995
      vertex -75.44003315141387 74.75028470320652 4.9995
      vertex -75.12912607362388 75.12912607362388 4.9995
    endloop
  endfacet
  facet normal 0 0 1
    outer loop
      vertex -77.20690894491474 73.17630088886207 4.9995
      vertex -73.17630088886207 77.20690894491474 4.9995
      vertex -77.19900175544392 73.66957821102937 4.9995
    endloop
  endfacet
  facet normal 0 0 1
    outer loop
      vertex -77.20690894491474 73.17630088886207 4.9995
      vertex -75.12912607362388 75.12912607362388 4.9995
      vertex -73.17630088886207 77.20690894491474 4.9995
    endloop
  endfacet
  facet normal 0 0 1
    outer loop
      vertex -75.12912607362388 75.12912607362388 4.9995
      vertex -74.75028470320652 75.44003315141387 4.9995
      vertex -73.17630088886207 77.20690894491474 4.9995
    endloop
  endfacet
  facet normal 0 0 1
    outer loop
      vertex -76.25254912038675 75.90370457032908 4.9995
      vertex -75.51311477827474 76.55392041058012 4.9995
      vertex -75.90370457032908 76.25254912038675 4.9995
    endloop
  endfacet
  facet normal 0 0 1
    outer loop
      vertex -76.55392041058012 75.51311477827474 4.9995
      vertex -75.08719321781082 76.80286993265608 4.9995
      vertex -75.51311477827474 76.55392041058012 4.9995
    endloop
  endfacet
  facet normal 0 0 1
    outer loop
      vertex -76.99530994234473 74.63293350918491 4.9995
      vertex -74.15779458425395 77.12808058000726 4.9995
      vertex -74.63293350918491 76.99530994234473 4.9995
    endloop
  endfacet
  facet normal 0 0 1
    outer loop
      vertex -76.80286993265608 75.08719321781082 4.9995
      vertex -74.63293350918491 76.99530994234473 4.9995
      vertex -75.08719321781082 76.80286993265608 4.9995
    endloop
  endfacet
  facet normal 0 0 1
    outer loop
      vertex -77.12808058000726 74.15779458425395 4.9995
      vertex -73.66957821102937 77.19900175544392 4.9995
      vertex -74.15779458425395 77.12808058000726 4.9995
    endloop
  endfacet
  facet normal 0 0 1
    outer loop
      vertex -77.19900175544392 73.66957821102937 4.9995
      vertex -73.17630088886207 77.20690894491474 4.9995
      vertex -73.66957821102937 77.19900175544392 4.9995
    endloop
  endfacet
  facet normal 0 0 1
    outer loop
      vertex -74.75028470320652 75.44003315141387 4.9995
      vertex -74.31806770157024 75.67105795193574 4.9995
      vertex -73.17630088886207 77.20690894491474 4.9995
    endloop
  endfacet
  facet normal 0 0 1
    outer loop
      vertex -74.31806770157024 75.67105795193574 4.9995
      vertex -73.84908492569784 75.8133223216656 4.9995
      vertex -72.68606221774465 77.15167231258721 4.9995
    endloop
  endfacet
  facet normal 0 0 1
    outer loop
      vertex -73.84908492569784 75.8133223216656 4.9995
      vertex -73.36135912065751 75.86135912065751 4.9995
      vertex -72.68606221774465 77.15167231258721 4.9995
    endloop
  endfacet
  facet normal 0 0 1
    outer loop
      vertex -74.31806770157024 75.67105795193574 4.9995
      vertex -72.68606221774465 77.15167231258721 4.9995
      vertex -73.17630088886207 77.20690894491474 4.9995
    endloop
  endfacet
  facet normal 0 0 1
    outer loop
      vertex -71.9724335381085 75.44003315141387 4.9995
      vertex -71.59359216769114 75.12912607362388 4.9995
      vertex -70.91298708744097 76.33254985619824 4.9995
    endloop
  endfacet
  facet normal 0 0 1
    outer loop
      vertex -71.59359216769114 75.12912607362388 4.9995
      vertex -70.64319484718955 76.07952339412549 4.9995
      vertex -70.91298708744097 76.33254985619824 4.9995
    endloop
  endfacet
  facet normal 0 0 1
    outer loop
      vertex -73.36135912065751 75.86135912065751 4.9995
      vertex -72.8736333156172 75.8133223216656 4.9995
      vertex -72.20691190310346 77.03419884243706 4.9995
    endloop
  endfacet
  facet normal 0 0 1
    outer loop
      vertex -73.36135912065751 75.86135912065751 4.9995
      vertex -72.20691190310346 77.03419884243706 4.9995
      vertex -72.68606221774465 77.15167231258721 4.9995
    endloop
  endfacet
  facet normal 0 0 1
    outer loop
      vertex -72.8736333156172 75.8133223216656 4.9995
      vertex -72.4046505397448 75.67105795193574 4.9995
      vertex -71.74671757985809 76.85641744559643 4.9995
    endloop
  endfacet
  facet normal 0 0 1
    outer loop
      vertex -72.8736333156172 75.8133223216656 4.9995
      vertex -71.74671757985809 76.85641744559643 4.9995
      vertex -72.20691190310346 77.03419884243706 4.9995
    endloop
  endfacet
  facet normal 0 0 1
    outer loop
      vertex -72.4046505397448 75.67105795193574 4.9995
      vertex -71.9724335381085 75.44003315141387 4.9995
      vertex -71.74671757985809 76.85641744559643 4.9995
    endloop
  endfacet
  facet normal 0 0 1
    outer loop
      vertex -71.9724335381085 75.44003315141387 4.9995
      vertex -70.91298708744097 76.33254985619824 4.9995
      vertex -71.31303562607347 76.6212472876864 4.9995
    endloop
  endfacet
  facet normal 0 0 1
    outer loop
      vertex -71.9724335381085 75.44003315141387 4.9995
      vertex -71.31303562607347 76.6212472876864 4.9995
      vertex -71.74671757985809 76.85641744559643 4.9995
    endloop
  endfacet
  facet normal 0.8790719257292089 0.4766891538463406 0
    outer loop
      vertex -76.85641744559643 71.74671757985809 4.9995
      vertex -76.85641744559643 71.74671757985809 10
      vertex -76.6212472876864 71.31303562607347 4.9995
    endloop
  endfacet
  facet normal 0.7294073690266335 0.6840795933293469 0
    outer loop
      vertex -76.33254985619824 70.91298708744097 4.9995
      vertex -76.33254985619824 70.91298708744097 10
      vertex -76.07952339412549 70.64319484718955 4.9995
    endloop
  endfacet
  facet normal 0.8108971013709562 0.5851887652614164 0
    outer loop
      vertex -76.33254985619824 70.91298708744097 4.9995
      vertex -76.6212472876864 71.31303562607347 4.9995
      vertex -76.6212472876864 71.31303562607347 10
    endloop
  endfacet
  facet normal 0.9328124133702678 0.3603623197038455 0
    outer loop
      vertex -76.85641744559643 71.74671757985809 4.9995
      vertex -77.03419884243706 72.20691190310346 4.9995
      vertex -77.03419884243706 72.20691190310346 10
    endloop
  endfacet
  facet normal 0.9712361469727641 0.23811834623459746 0
    outer loop
      vertex -77.03419884243706 72.20691190310346 4.9995
      vertex -77.15167231258721 72.68606221774465 4.9995
      vertex -77.15167231258721 72.68606221774465 10
    endloop
  endfacet
  facet normal 0.9937122098932402 0.11196447610333027 0
    outer loop
      vertex -77.15167231258721 72.68606221774465 4.9995
      vertex -77.20690894491474 73.17630088886207 4.9995
      vertex -77.20690894491474 73.17630088886207 10
    endloop
  endfacet
  facet normal 0.9998715457999309 -0.01602784763019786 0
    outer loop
      vertex -77.20690894491474 73.17630088886207 4.9995
      vertex -77.19900175544392 73.66957821102937 4.9995
      vertex -77.19900175544392 73.66957821102937 10
    endloop
  endfacet
  facet normal 0.9896130185675259 -0.14375699454868188 0
    outer loop
      vertex -77.19900175544392 73.66957821102937 4.9995
      vertex -77.12808058000726 74.15779458425395 4.9995
      vertex -77.12808058000726 74.15779458425395 10
    endloop
  endfacet
  facet normal 0.9631050729295736 -0.2691256555910651 0
    outer loop
      vertex -77.12808058000726 74.15779458425395 4.9995
      vertex -76.99530994234473 74.63293350918491 4.9995
      vertex -76.99530994234473 74.63293350918491 10
    endloop
  endfacet
  facet normal 0.920782968620585 -0.39007528080905457 0
    outer loop
      vertex -76.99530994234473 74.63293350918491 4.9995
      vertex -76.80286993265608 75.08719321781082 4.9995
      vertex -76.80286993265608 75.08719321781082 10
    endloop
  endfacet
  facet normal 0.8633416334232797 -0.5046198807003379 0
    outer loop
      vertex -76.80286993265608 75.08719321781082 4.9995
      vertex -76.55392041058012 75.51311477827474 4.9995
      vertex -76.55392041058012 75.51311477827474 10
    endloop
  endfacet
  facet normal 0.7917242524735226 -0.6108786361015104 0
    outer loop
      vertex -76.55392041058012 75.51311477827474 4.9995
      vertex -76.25254912038675 75.90370457032908 4.9995
      vertex -76.25254912038675 75.90370457032908 10
    endloop
  endfacet
  facet normal 0.7071067811865475 -0.7071067811865475 0
    outer loop
      vertex -76.25254912038675 75.90370457032908 4.9995
      vertex -75.90370457032908 76.25254912038675 4.9995
      vertex -75.90370457032908 76.25254912038675 10
    endloop
  endfacet
  facet normal 0.6108786361015104 -0.7917242524735226 0
    outer loop
      vertex -75.90370457032908 76.25254912038675 4.9995
      vertex -75.51311477827474 76.55392041058012 4.9995
      vertex -75.51311477827474 76.55392041058012 10
    endloop
  endfacet
  facet normal 0.5046198807003379 -0.8633416334232797 0
    outer loop
      vertex -75.51311477827474 76.55392041058012 4.9995
      vertex -75.08719321781082 76.80286993265608 4.9995
      vertex -75.08719321781082 76.80286993265608 10
    endloop
  endfacet
  facet normal 0.39007528080905457 -0.920782968620585 0
    outer loop
      vertex -75.08719321781082 76.80286993265608 4.9995
      vertex -74.63293350918491 76.99530994234473 4.9995
      vertex -74.63293350918491 76.99530994234473 10
    endloop
  endfacet
  facet normal 0.2691256555910651 -0.9631050729295736 0
    outer loop
      vertex -74.63293350918491 76.99530994234473 4.9995
      vertex -74.15779458425395 77.12808058000726 4.9995
      vertex -74.15779458425395 77.12808058000726 10
    endloop
  endfacet
  facet normal 0.14375699454868188 -0.9896130185675259 0
    outer loop
      vertex -74.15779458425395 77.12808058000726 4.9995
      vertex -73.66957821102937 77.19900175544392 4.9995
      vertex -73.66957821102937 77.19900175544392 10
    endloop
  endfacet
  facet normal 0.01602784763019786 -0.9998715457999309 0
    outer loop
      vertex -73.66957821102937 77.19900175544392 4.9995
      vertex -73.17630088886207 77.20690894491474 4.9995
      vertex -73.17630088886207 77.20690894491474 10
    endloop
  endfacet
  facet normal -0.11196447610333027 -0.9937122098932402 0
    outer loop
      vertex -73.17630088886207 77.20690894491474 4.9995
      vertex -72.68606221774465 77.15167231258721 4.9995
      vertex -72.68606221774465 77.15167231258721 10
    endloop
  endfacet
  facet normal -0.23811834623459746 -0.9712361469727641 0
    outer loop
      vertex -72.68606221774465 77.15167231258721 4.9995
      vertex -72.20691190310346 77.03419884243706 4.9995
      vertex -72.20691190310346 77.03419884243706 10
    endloop
  endfacet
  facet normal -0.3603623197038455 -0.9328124133702678 0
    outer loop
      vertex -72.20691190310346 77.03419884243706 4.9995
      vertex -71.74671757985809 76.85641744559643 4.9995
      vertex -71.74671757985809 76.85641744559643 10
    endloop
  endfacet
  facet normal -0.5851887652614164 -0.8108971013709562 0
    outer loop
      vertex -71.31303562607347 76.6212472876864 4.9995
      vertex -70.91298708744097 76.33254985619824 4.9995
      vertex -70.91298708744097 76.33254985619824 10
    endloop
  endfacet
  facet normal -0.4766891538463406 -0.8790719257292089 0
    outer loop
      vertex -71.74671757985809 76.85641744559643 4.9995
      vertex -71.31303562607347 76.6212472876864 4.9995
      vertex -71.31303562607347 76.6212472876864 10
    endloop
  endfacet
  facet normal -0.6840795933293469 -0.7294073690266335 0
    outer loop
      vertex -70.64319484718955 76.07952339412549 4.9995
      vertex -70.91298708744097 76.33254985619824 10
      vertex -70.91298708744097 76.33254985619824 4.9995
    endloop
  endfacet
  facet normal 0.8790719257292089 0.4766891538463406 0
    outer loop
      vertex -76.6212472876864 71.31303562607347 4.9995
      vertex -76.85641744559643 71.74671757985809 10
      vertex -76.6212472876864 71.31303562607347 10
    endloop
  endfacet
  facet normal 0.7294073690266335 0.6840795933293469 0
    outer loop
      vertex -76.07952339412549 70.64319484718955 4.9995
      vertex -76.33254985619824 70.91298708744097 10
      vertex -76.07952339412549 70.64319484718955 10
    endloop
  endfacet
  facet normal 0.8108971013709562 0.5851887652614164 0
    outer loop
      vertex -76.33254985619824 70.91298708744097 4.9995
      vertex -76.6212472876864 71.31303562607347 10
      vertex -76.33254985619824 70.91298708744097 10
    endloop
  endfacet
  facet normal 0.9712361469727641 0.23811834623459746 0
    outer loop
      vertex -77.03419884243706 72.20691190310346 4.9995
      vertex -77.15167231258721 72.68606221774465 10
      vertex -77.03419884243706 72.20691190310346 10
    endloop
  endfacet
  facet normal 0.9328124133702678 0.3603623197038455 0
    outer loop
      vertex -76.85641744559643 71.74671757985809 4.9995
      vertex -77.03419884243706 72.20691190310346 10
      vertex -76.85641744559643 71.74671757985809 10
    endloop
  endfacet
  facet normal 0.9937122098932402 0.11196447610333027 0
    outer loop
      vertex -77.15167231258721 72.68606221774465 4.9995
      vertex -77.20690894491474 73.17630088886207 10
      vertex -77.15167231258721 72.68606221774465 10
    endloop
  endfacet
  facet normal 0.9998715457999309 -0.01602784763019786 0
    outer loop
      vertex -77.20690894491474 73.17630088886207 4.9995
      vertex -77.19900175544392 73.66957821102937 10
      vertex -77.20690894491474 73.17630088886207 10
    endloop
  endfacet
  facet normal 0.9896130185675259 -0.14375699454868188 0
    outer loop
      vertex -77.19900175544392 73.66957821102937 4.9995
      vertex -77.12808058000726 74.15779458425395 10
      vertex -77.19900175544392 73.66957821102937 10
    endloop
  endfacet
  facet normal 0.9631050729295736 -0.2691256555910651 0
    outer loop
      vertex -77.12808058000726 74.15779458425395 4.9995
      vertex -76.99530994234473 74.63293350918491 10
      vertex -77.12808058000726 74.15779458425395 10
    endloop
  endfacet
  facet normal 0.920782968620585 -0.39007528080905457 0
    outer loop
      vertex -76.99530994234473 74.63293350918491 4.9995
      vertex -76.80286993265608 75.08719321781082 10
      vertex -76.99530994234473 74.63293350918491 10
    endloop
  endfacet
  facet normal 0.8633416334232797 -0.5046198807003379 0
    outer loop
      vertex -76.80286993265608 75.08719321781082 4.9995
      vertex -76.55392041058012 75.51311477827474 10
      vertex -76.80286993265608 75.08719321781082 10
    endloop
  endfacet
  facet normal 0.7917242524735226 -0.6108786361015104 0
    outer loop
      vertex -76.55392041058012 75.51311477827474 4.9995
      vertex -76.25254912038675 75.90370457032908 10
      vertex -76.55392041058012 75.51311477827474 10
    endloop
  endfacet
  facet normal 0.7071067811865475 -0.7071067811865475 0
    outer loop
      vertex -76.25254912038675 75.90370457032908 4.9995
      vertex -75.90370457032908 76.25254912038675 10
      vertex -76.25254912038675 75.90370457032908 10
    endloop
  endfacet
  facet normal 0.6108786361015104 -0.7917242524735226 0
    outer loop
      vertex -75.90370457032908 76.25254912038675 4.9995
      vertex -75.51311477827474 76.55392041058012 10
      vertex -75.90370457032908 76.25254912038675 10
    endloop
  endfacet
  facet normal 0.5046198807003379 -0.8633416334232797 0
    outer loop
      vertex -75.51311477827474 76.55392041058012 4.9995
      vertex -75.08719321781082 76.80286993265608 10
      vertex -75.51311477827474 76.55392041058012 10
    endloop
  endfacet
  facet normal 0.39007528080905457 -0.920782968620585 0
    outer loop
      vertex -75.08719321781082 76.80286993265608 4.9995
      vertex -74.63293350918491 76.99530994234473 10
      vertex -75.08719321781082 76.80286993265608 10
    endloop
  endfacet
  facet normal 0.2691256555910651 -0.9631050729295736 0
    outer loop
      vertex -74.63293350918491 76.99530994234473 4.9995
      vertex -74.15779458425395 77.12808058000726 10
      vertex -74.63293350918491 76.99530994234473 10
    endloop
  endfacet
  facet normal 0.14375699454868188 -0.9896130185675259 0
    outer loop
      vertex -74.15779458425395 77.12808058000726 4.9995
      vertex -73.66957821102937 77.19900175544392 10
      vertex -74.15779458425395 77.12808058000726 10
    endloop
  endfacet
  facet normal 0.01602784763019786 -0.9998715457999309 0
    outer loop
      vertex -73.66957821102937 77.19900175544392 4.9995
      vertex -73.17630088886207 77.20690894491474 10
      vertex -73.66957821102937 77.19900175544392 10
    endloop
  endfacet
  facet normal -0.11196447610333027 -0.9937122098932402 0
    outer loop
      vertex -73.17630088886207 77.20690894491474 4.9995
      vertex -72.68606221774465 77.15167231258721 10
      vertex -73.17630088886207 77.20690894491474 10
    endloop
  endfacet
  facet normal -0.23811834623459746 -0.9712361469727641 0
    outer loop
      vertex -72.68606221774465 77.15167231258721 4.9995
      vertex -72.20691190310346 77.03419884243706 10
      vertex -72.68606221774465 77.15167231258721 10
    endloop
  endfacet
  facet normal -0.3603623197038455 -0.9328124133702678 0
    outer loop
      vertex -72.20691190310346 77.03419884243706 4.9995
      vertex -71.74671757985809 76.85641744559643 10
      vertex -72.20691190310346 77.03419884243706 10
    endloop
  endfacet
  facet normal -0.5851887652614164 -0.8108971013709562 0
    outer loop
      vertex -71.31303562607347 76.6212472876864 4.9995
      vertex -70.91298708744097 76.33254985619824 10
      vertex -71.31303562607347 76.6212472876864 10
    endloop
  endfacet
  facet normal -0.4766891538463406 -0.8790719257292089 0
    outer loop
      vertex -71.74671757985809 76.85641744559643 4.9995
      vertex -71.31303562607347 76.6212472876864 10
      vertex -71.74671757985809 76.85641744559643 10
    endloop
  endfacet
  facet normal -0.6840795933293469 -0.7294073690266335 0
    outer loop
      vertex -70.64319484718955 76.07952339412549 4.9995
      vertex -70.64319484718955 76.07952339412549 10
      vertex -70.91298708744097 76.33254985619824 10
    endloop
  endfacet
  facet normal 0 0 1
    outer loop
      vertex 60.44607958941988 61.48688522172526 4.9995
      vertex 60.747450879613254 61.09629542967092 4.9995
      vertex 61.09629542967092 60.747450879613254 4.9995
    endloop
  endfacet
  facet normal 0 0 1
    outer loop
      vertex 60.44607958941988 61.48688522172526 4.9995
      vertex 61.09629542967092 60.747450879613254 4.9995
      vertex 61.48688522172526 60.44607958941988 4.9995
    endloop
  endfacet
  facet normal 0 0 1
    outer loop
      vertex 60.19713006734392 61.91280678218918 4.9995
      vertex 60.44607958941988 61.48688522172526 4.9995
      vertex 61.48688522172526 60.44607958941988 4.9995
    endloop
  endfacet
  facet normal 0 0 1
    outer loop
      vertex 60.19713006734392 61.91280678218918 4.9995
      vertex 61.91280678218918 60.19713006734392 4.9995
      vertex 60.00469005765527 62.36706649081509 4.9995
    endloop
  endfacet
  facet normal 0 0 1
    outer loop
      vertex 60.00469005765527 62.36706649081509 4.9995
      vertex 62.36706649081509 60.00469005765527 4.9995
      vertex 59.871919419992736 62.84220541574605 4.9995
    endloop
  endfacet
  facet normal 0 0 1
    outer loop
      vertex 60.19713006734392 61.91280678218918 4.9995
      vertex 61.48688522172526 60.44607958941988 4.9995
      vertex 61.91280678218918 60.19713006734392 4.9995
    endloop
  endfacet
  facet normal 0 0 1
    outer loop
      vertex 60.00469005765527 62.36706649081509 4.9995
      vertex 61.91280678218918 60.19713006734392 4.9995
      vertex 62.36706649081509 60.00469005765527 4.9995
    endloop
  endfacet
  facet normal 0 0 1
    outer loop
      vertex 59.871919419992736 62.84220541574605 4.9995
      vertex 62.36706649081509 60.00469005765527 4.9995
      vertex 62.84220541574605 59.871919419992736 4.9995
    endloop
  endfacet
  facet normal 0 0 1
    outer loop
      vertex 59.79309105508526 63.82369911113793 4.9995
      vertex 63.82369911113793 59.79309105508526 4.9995
      vertex 61.87087392637612 61.87087392637612 4.9995
    endloop
  endfacet
  facet normal 0 0 1
    outer loop
      vertex 59.79309105508526 63.82369911113793 4.9995
      vertex 61.32894204806427 62.68193229842976 4.9995
      vertex 59.84832768741279 64.31393778225535 4.9995
    endloop
  endfacet
  facet normal 0 0 1
    outer loop
      vertex 59.84832768741279 64.31393778225535 4.9995
      vertex 61.13864087934249 63.63864087934249 4.9995
      vertex 59.965801157562936 64.79308809689654 4.9995
    endloop
  endfacet
  facet normal 0 0 1
    outer loop
      vertex 59.871919419992736 62.84220541574605 4.9995
      vertex 62.84220541574605 59.871919419992736 4.9995
      vertex 59.800998244556084 63.330421788970625 4.9995
    endloop
  endfacet
  facet normal 0 0 1
    outer loop
      vertex 59.800998244556084 63.330421788970625 4.9995
      vertex 63.330421788970625 59.800998244556084 4.9995
      vertex 59.79309105508526 63.82369911113793 4.9995
    endloop
  endfacet
  facet normal 0 0 1
    outer loop
      vertex 59.79309105508526 63.82369911113793 4.9995
      vertex 61.55996684858612 62.24971529679348 4.9995
      vertex 61.32894204806427 62.68193229842976 4.9995
    endloop
  endfacet
  facet normal 0 0 1
    outer loop
      vertex 59.79309105508526 63.82369911113793 4.9995
      vertex 61.87087392637612 61.87087392637612 4.9995
      vertex 61.55996684858612 62.24971529679348 4.9995
    endloop
  endfacet
  facet normal 0 0 1
    outer loop
      vertex 59.84832768741279 64.31393778225535 4.9995
      vertex 61.32894204806427 62.68193229842976 4.9995
      vertex 61.186677678334405 63.15091507430216 4.9995
    endloop
  endfacet
  facet normal 0 0 1
    outer loop
      vertex 59.84832768741279 64.31393778225535 4.9995
      vertex 61.186677678334405 63.15091507430216 4.9995
      vertex 61.13864087934249 63.63864087934249 4.9995
    endloop
  endfacet
  facet normal 0 0 1
    outer loop
      vertex 59.965801157562936 64.79308809689654 4.9995
      vertex 61.13864087934249 63.63864087934249 4.9995
      vertex 61.18667767833441 64.1263666843828 4.9995
    endloop
  endfacet
  facet normal 0 0 1
    outer loop
      vertex 60.143582554403565 65.25328242014191 4.9995
      vertex 61.18667767833441 64.1263666843828 4.9995
      vertex 61.32894204806427 64.5953494602552 4.9995
    endloop
  endfacet
  facet normal 0 0 1
    outer loop
      vertex 59.965801157562936 64.79308809689654 4.9995
      vertex 61.18667767833441 64.1263666843828 4.9995
      vertex 60.143582554403565 65.25328242014191 4.9995
    endloop
  endfacet
  facet normal 0 0 1
    outer loop
      vertex 60.143582554403565 65.25328242014191 4.9995
      vertex 61.55996684858612 65.0275664618915 4.9995
      vertex 60.37875271231359 65.68696437392653 4.9995
    endloop
  endfacet
  facet normal 0 0 1
    outer loop
      vertex 60.143582554403565 65.25328242014191 4.9995
      vertex 61.32894204806427 64.5953494602552 4.9995
      vertex 61.55996684858612 65.0275664618915 4.9995
    endloop
  endfacet
  facet normal 0 0 1
    outer loop
      vertex 60.37875271231359 65.68696437392653 4.9995
      vertex 61.55996684858612 65.0275664618915 4.9995
      vertex 60.66745014380176 66.08701291255903 4.9995
    endloop
  endfacet
  facet normal 0 0 1
    outer loop
      vertex 60.66745014380176 66.08701291255903 4.9995
      vertex 61.87087392637612 65.40640783230886 4.9995
      vertex 60.92047660587451 66.35680515281045 4.9995
    endloop
  endfacet
  facet normal 0 0 1
    outer loop
      vertex 60.66745014380176 66.08701291255903 4.9995
      vertex 61.55996684858612 65.0275664618915 4.9995
      vertex 61.87087392637612 65.40640783230886 4.9995
    endloop
  endfacet
  facet normal 0 0 1
    outer loop
      vertex 59.800998244556084 63.330421788970625 4.9995
      vertex 62.84220541574605 59.871919419992736 4.9995
      vertex 63.330421788970625 59.800998244556084 4.9995
    endloop
  endfacet
  facet normal 0 0 1
    outer loop
      vertex 59.79309105508526 63.82369911113793 4.9995
      vertex 63.330421788970625 59.800998244556084 4.9995
      vertex 63.82369911113793 59.79309105508526 4.9995
    endloop
  endfacet
  facet normal 0 0 1
    outer loop
      vertex 63.82369911113793 59.79309105508526 4.9995
      vertex 62.24971529679348 61.55996684858612 4.9995
      vertex 61.87087392637612 61.87087392637612 4.9995
    endloop
  endfacet
  facet normal 0 0 1
    outer loop
      vertex 63.82369911113793 59.79309105508526 4.9995
      vertex 62.68193229842976 61.32894204806427 4.9995
      vertex 62.24971529679348 61.55996684858612 4.9995
    endloop
  endfacet
  facet normal 0 0 1
    outer loop
      vertex 63.82369911113793 59.79309105508526 4.9995
      vertex 64.31393778225535 59.84832768741279 4.9995
      vertex 62.68193229842976 61.32894204806427 4.9995
    endloop
  endfacet
  facet normal 0 0 1
    outer loop
      vertex 64.31393778225535 59.84832768741279 4.9995
      vertex 64.79308809689654 59.965801157562936 4.9995
      vertex 63.15091507430216 61.186677678334405 4.9995
    endloop
  endfacet
  facet normal 0 0 1
    outer loop
      vertex 64.31393778225535 59.84832768741279 4.9995
      vertex 63.15091507430216 61.186677678334405 4.9995
      vertex 62.68193229842976 61.32894204806427 4.9995
    endloop
  endfacet
  facet normal 0 0 1
    outer loop
      vertex 64.79308809689654 59.965801157562936 4.9995
      vertex 63.63864087934249 61.13864087934249 4.9995
      vertex 63.15091507430216 61.186677678334405 4.9995
    endloop
  endfacet
  facet normal 0 0 1
    outer loop
      vertex 64.79308809689654 59.965801157562936 4.9995
      vertex 64.1263666843828 61.18667767833441 4.9995
      vertex 63.63864087934249 61.13864087934249 4.9995
    endloop
  endfacet
  facet normal 0 0 1
    outer loop
      vertex 65.25328242014191 60.143582554403565 4.9995
      vertex 64.5953494602552 61.32894204806427 4.9995
      vertex 64.1263666843828 61.18667767833441 4.9995
    endloop
  endfacet
  facet normal 0 0 1
    outer loop
      vertex 64.79308809689654 59.965801157562936 4.9995
      vertex 65.25328242014191 60.143582554403565 4.9995
      vertex 64.1263666843828 61.18667767833441 4.9995
    endloop
  endfacet
  facet normal 0 0 1
    outer loop
      vertex 65.25328242014191 60.143582554403565 4.9995
      vertex 65.68696437392653 60.37875271231359 4.9995
      vertex 64.5953494602552 61.32894204806427 4.9995
    endloop
  endfacet
  facet normal 0 0 1
    outer loop
      vertex 65.68696437392653 60.37875271231359 4.9995
      vertex 65.0275664618915 61.55996684858612 4.9995
      vertex 64.5953494602552 61.32894204806427 4.9995
    endloop
  endfacet
  facet normal 0 0 1
    outer loop
      vertex 65.68696437392653 60.37875271231359 4.9995
      vertex 66.08701291255903 60.66745014380176 4.9995
      vertex 65.0275664618915 61.55996684858612 4.9995
    endloop
  endfacet
  facet normal 0 0 1
    outer loop
      vertex 66.08701291255903 60.66745014380176 4.9995
      vertex 66.35680515281045 60.92047660587451 4.9995
      vertex 65.40640783230886 61.87087392637612 4.9995
    endloop
  endfacet
  facet normal 0 0 1
    outer loop
      vertex 66.08701291255903 60.66745014380176 4.9995
      vertex 65.40640783230886 61.87087392637612 4.9995
      vertex 65.0275664618915 61.55996684858612 4.9995
    endloop
  endfacet
  facet normal 0.8633416334232797 0.5046198807003379 0
    outer loop
      vertex 60.19713006734392 61.91280678218918 4.9995
      vertex 60.19713006734392 61.91280678218918 10
      vertex 60.44607958941988 61.48688522172526 4.9995
    endloop
  endfacet
  facet normal 0.5046198807003379 0.8633416334232797 0
    outer loop
      vertex 61.48688522172526 60.44607958941988 4.9995
      vertex 61.48688522172526 60.44607958941988 10
      vertex 61.91280678218918 60.19713006734392 4.9995
    endloop
  endfacet
  facet normal 0.7071067811865475 0.7071067811865475 0
    outer loop
      vertex 60.747450879613254 61.09629542967092 4.9995
      vertex 60.747450879613254 61.09629542967092 10
      vertex 61.09629542967092 60.747450879613254 4.9995
    endloop
  endfacet
  facet normal 0.7917242524735226 0.6108786361015104 0
    outer loop
      vertex 60.44607958941988 61.48688522172526 4.9995
      vertex 60.44607958941988 61.48688522172526 10
      vertex 60.747450879613254 61.09629542967092 4.9995
    endloop
  endfacet
  facet normal 0.6108786361015104 0.7917242524735226 0
    outer loop
      vertex 61.09629542967092 60.747450879613254 4.9995
      vertex 61.09629542967092 60.747450879613254 10
      vertex 61.48688522172526 60.44607958941988 4.9995
    endloop
  endfacet
  facet normal 0.920782968620585 0.39007528080905457 0
    outer loop
      vertex 60.19713006734392 61.91280678218918 4.9995
      vertex 60.00469005765527 62.36706649081509 4.9995
      vertex 60.00469005765527 62.36706649081509 10
    endloop
  endfacet
  facet normal 0.9631050729295736 0.2691256555910651 0
    outer loop
      vertex 60.00469005765527 62.36706649081509 4.9995
      vertex 59.871919419992736 62.84220541574605 4.9995
      vertex 59.871919419992736 62.84220541574605 10
    endloop
  endfacet
  facet normal 0.9896130185675259 0.14375699454868188 0
    outer loop
      vertex 59.871919419992736 62.84220541574605 4.9995
      vertex 59.800998244556084 63.330421788970625 4.9995
      vertex 59.800998244556084 63.330421788970625 10
    endloop
  endfacet
  facet normal 0.999871545799931 0.01602784763018346 0
    outer loop
      vertex 59.800998244556084 63.330421788970625 4.9995
      vertex 59.79309105508526 63.82369911113793 4.9995
      vertex 59.79309105508526 63.82369911113793 10
    endloop
  endfacet
  facet normal 0.9937122098932417 -0.11196447610331606 0
    outer loop
      vertex 59.79309105508526 63.82369911113793 4.9995
      vertex 59.84832768741279 64.31393778225535 4.9995
      vertex 59.84832768741279 64.31393778225535 10
    endloop
  endfacet
  facet normal 0.9712361469727641 -0.23811834623459746 0
    outer loop
      vertex 59.84832768741279 64.31393778225535 4.9995
      vertex 59.965801157562936 64.79308809689654 4.9995
      vertex 59.965801157562936 64.79308809689654 10
    endloop
  endfacet
  facet normal 0.9328124133702678 -0.3603623197038455 0
    outer loop
      vertex 59.965801157562936 64.79308809689654 4.9995
      vertex 60.143582554403565 65.25328242014191 4.9995
      vertex 60.143582554403565 65.25328242014191 10
    endloop
  endfacet
  facet normal 0.879071925729215 -0.4766891538463294 0
    outer loop
      vertex 60.143582554403565 65.25328242014191 4.9995
      vertex 60.37875271231359 65.68696437392653 4.9995
      vertex 60.37875271231359 65.68696437392653 10
    endloop
  endfacet
  facet normal 0.8108971013709494 -0.5851887652614259 0
    outer loop
      vertex 60.37875271231359 65.68696437392653 4.9995
      vertex 60.66745014380176 66.08701291255903 4.9995
      vertex 60.66745014380176 66.08701291255903 10
    endloop
  endfacet
  facet normal 0.7294073690266335 -0.6840795933293469 0
    outer loop
      vertex 60.66745014380176 66.08701291255903 4.9995
      vertex 60.92047660587451 66.35680515281045 4.9995
      vertex 60.92047660587451 66.35680515281045 10
    endloop
  endfacet
  facet normal 0.39007528080905457 0.920782968620585 0
    outer loop
      vertex 61.91280678218918 60.19713006734392 4.9995
      vertex 61.91280678218918 60.19713006734392 10
      vertex 62.36706649081509 60.00469005765527 4.9995
    endloop
  endfacet
  facet normal 0.2691256555910651 0.9631050729295736 0
    outer loop
      vertex 62.36706649081509 60.00469005765527 4.9995
      vertex 62.36706649081509 60.00469005765527 10
      vertex 62.84220541574605 59.871919419992736 4.9995
    endloop
  endfacet
  facet normal 0.14375699454868188 0.9896130185675259 0
    outer loop
      vertex 62.84220541574605 59.871919419992736 4.9995
      vertex 62.84220541574605 59.871919419992736 10
      vertex 63.330421788970625 59.800998244556084 4.9995
    endloop
  endfacet
  facet normal 0.01602784763018346 0.999871545799931 0
    outer loop
      vertex 63.330421788970625 59.800998244556084 4.9995
      vertex 63.330421788970625 59.800998244556084 10
      vertex 63.82369911113793 59.79309105508526 4.9995
    endloop
  endfacet
  facet normal -0.11196447610331606 0.9937122098932417 0
    outer loop
      vertex 63.82369911113793 59.79309105508526 4.9995
      vertex 63.82369911113793 59.79309105508526 10
      vertex 64.31393778225535 59.84832768741279 4.9995
    endloop
  endfacet
  facet normal -0.23811834623459746 0.9712361469727641 0
    outer loop
      vertex 64.31393778225535 59.84832768741279 4.9995
      vertex 64.31393778225535 59.84832768741279 10
      vertex 64.79308809689654 59.965801157562936 4.9995
    endloop
  endfacet
  facet normal -0.3603623197038455 0.9328124133702678 0
    outer loop
      vertex 64.79308809689654 59.965801157562936 4.9995
      vertex 64.79308809689654 59.965801157562936 10
      vertex 65.25328242014191 60.143582554403565 4.9995
    endloop
  endfacet
  facet normal -0.4766891538463294 0.879071925729215 0
    outer loop
      vertex 65.25328242014191 60.143582554403565 4.9995
      vertex 65.25328242014191 60.143582554403565 10
      vertex 65.68696437392653 60.37875271231359 4.9995
    endloop
  endfacet
  facet normal -0.5851887652614259 0.8108971013709494 0
    outer loop
      vertex 65.68696437392653 60.37875271231359 4.9995
      vertex 65.68696437392653 60.37875271231359 10
      vertex 66.08701291255903 60.66745014380176 4.9995
    endloop
  endfacet
  facet normal -0.6840795933293469 0.7294073690266335 0
    outer loop
      vertex 66.08701291255903 60.66745014380176 4.9995
      vertex 66.08701291255903 60.66745014380176 10
      vertex 66.35680515281045 60.92047660587451 4.9995
    endloop
  endfacet
  facet normal 0.8633416334232797 0.5046198807003379 0
    outer loop
      vertex 60.44607958941988 61.48688522172526 4.9995
      vertex 60.19713006734392 61.91280678218918 10
      vertex 60.44607958941988 61.48688522172526 10
    endloop
  endfacet
  facet normal 0.5046198807003379 0.8633416334232797 0
    outer loop
      vertex 61.91280678218918 60.19713006734392 4.9995
      vertex 61.48688522172526 60.44607958941988 10
      vertex 61.91280678218918 60.19713006734392 10
    endloop
  endfacet
  facet normal 0.7071067811865475 0.7071067811865475 0
    outer loop
      vertex 61.09629542967092 60.747450879613254 4.9995
      vertex 60.747450879613254 61.09629542967092 10
      vertex 61.09629542967092 60.747450879613254 10
    endloop
  endfacet
  facet normal 0.7917242524735226 0.6108786361015104 0
    outer loop
      vertex 60.747450879613254 61.09629542967092 4.9995
      vertex 60.44607958941988 61.48688522172526 10
      vertex 60.747450879613254 61.09629542967092 10
    endloop
  endfacet
  facet normal 0.6108786361015104 0.7917242524735226 0
    outer loop
      vertex 61.48688522172526 60.44607958941988 4.9995
      vertex 61.09629542967092 60.747450879613254 10
      vertex 61.48688522172526 60.44607958941988 10
    endloop
  endfacet
  facet normal 0.9631050729295736 0.2691256555910651 0
    outer loop
      vertex 60.00469005765527 62.36706649081509 4.9995
      vertex 59.871919419992736 62.84220541574605 10
      vertex 60.00469005765527 62.36706649081509 10
    endloop
  endfacet
  facet normal 0.920782968620585 0.39007528080905457 0
    outer loop
      vertex 60.19713006734392 61.91280678218918 4.9995
      vertex 60.00469005765527 62.36706649081509 10
      vertex 60.19713006734392 61.91280678218918 10
    endloop
  endfacet
  facet normal 0.9896130185675259 0.14375699454868188 0
    outer loop
      vertex 59.871919419992736 62.84220541574605 4.9995
      vertex 59.800998244556084 63.330421788970625 10
      vertex 59.871919419992736 62.84220541574605 10
    endloop
  endfacet
  facet normal 0.999871545799931 0.01602784763018346 0
    outer loop
      vertex 59.800998244556084 63.330421788970625 4.9995
      vertex 59.79309105508526 63.82369911113793 10
      vertex 59.800998244556084 63.330421788970625 10
    endloop
  endfacet
  facet normal 0.9937122098932417 -0.11196447610331606 0
    outer loop
      vertex 59.79309105508526 63.82369911113793 4.9995
      vertex 59.84832768741279 64.31393778225535 10
      vertex 59.79309105508526 63.82369911113793 10
    endloop
  endfacet
  facet normal 0.9712361469727641 -0.23811834623459746 0
    outer loop
      vertex 59.84832768741279 64.31393778225535 4.9995
      vertex 59.965801157562936 64.79308809689654 10
      vertex 59.84832768741279 64.31393778225535 10
    endloop
  endfacet
  facet normal 0.9328124133702678 -0.3603623197038455 0
    outer loop
      vertex 59.965801157562936 64.79308809689654 4.9995
      vertex 60.143582554403565 65.25328242014191 10
      vertex 59.965801157562936 64.79308809689654 10
    endloop
  endfacet
  facet normal 0.879071925729215 -0.4766891538463294 0
    outer loop
      vertex 60.143582554403565 65.25328242014191 4.9995
      vertex 60.37875271231359 65.68696437392653 10
      vertex 60.143582554403565 65.25328242014191 10
    endloop
  endfacet
  facet normal 0.8108971013709494 -0.5851887652614259 0
    outer loop
      vertex 60.37875271231359 65.68696437392653 4.9995
      vertex 60.66745014380176 66.08701291255903 10
      vertex 60.37875271231359 65.68696437392653 10
    endloop
  endfacet
  facet normal 0.7294073690266335 -0.6840795933293469 0
    outer loop
      vertex 60.66745014380176 66.08701291255903 4.9995
      vertex 60.92047660587451 66.35680515281045 10
      vertex 60.66745014380176 66.08701291255903 10
    endloop
  endfacet
  facet normal 0.39007528080905457 0.920782968620585 0
    outer loop
      vertex 62.36706649081509 60.00469005765527 4.9995
      vertex 61.91280678218918 60.19713006734392 10
      vertex 62.36706649081509 60.00469005765527 10
    endloop
  endfacet
  facet normal 0.2691256555910651 0.9631050729295736 0
    outer loop
      vertex 62.84220541574605 59.871919419992736 4.9995
      vertex 62.36706649081509 60.00469005765527 10
      vertex 62.84220541574605 59.871919419992736 10
    endloop
  endfacet
  facet normal 0.14375699454868188 0.9896130185675259 0
    outer loop
      vertex 63.330421788970625 59.800998244556084 4.9995
      vertex 62.84220541574605 59.871919419992736 10
      vertex 63.330421788970625 59.800998244556084 10
    endloop
  endfacet
  facet normal 0.01602784763018346 0.999871545799931 0
    outer loop
      vertex 63.82369911113793 59.79309105508526 4.9995
      vertex 63.330421788970625 59.800998244556084 10
      vertex 63.82369911113793 59.79309105508526 10
    endloop
  endfacet
  facet normal -0.11196447610331606 0.9937122098932417 0
    outer loop
      vertex 64.31393778225535 59.84832768741279 4.9995
      vertex 63.82369911113793 59.79309105508526 10
      vertex 64.31393778225535 59.84832768741279 10
    endloop
  endfacet
  facet normal -0.23811834623459746 0.9712361469727641 0
    outer loop
      vertex 64.79308809689654 59.965801157562936 4.9995
      vertex 64.31393778225535 59.84832768741279 10
      vertex 64.79308809689654 59.965801157562936 10
    endloop
  endfacet
  facet normal -0.3603623197038455 0.9328124133702678 0
    outer loop
      vertex 65.25328242014191 60.143582554403565 4.9995
      vertex 64.79308809689654 59.965801157562936 10
      vertex 65.25328242014191 60.143582554403565 10
    endloop
  endfacet
  facet normal -0.4766891538463294 0.879071925729215 0
    outer loop
      vertex 65.68696437392653 60.37875271231359 4.9995
      vertex 65.25328242014191 60.143582554403565 10
      vertex 65.68696437392653 60.37875271231359 10
    endloop
  endfacet
  facet normal -0.5851887652614259 0.8108971013709494 0
    outer loop
      vertex 66.08701291255903 60.66745014380176 4.9995
      vertex 65.68696437392653 60.37875271231359 10
      vertex 66.08701291255903 60.66745014380176 10
    endloop
  endfacet
  facet normal -0.6840795933293469 0.7294073690266335 0
    outer loop
      vertex 66.35680515281045 60.92047660587451 4.9995
      vertex 66.08701291255903 60.66745014380176 10
      vertex 66.35680515281045 60.92047660587451 10
    endloop
  endfacet
  facet normal 0 0 1
    outer loop
      vertex 59.965801157562936 -64.79308809689654 4.9995
      vertex 60.143582554403565 -65.25328242014191 4.9995
      vertex 61.18667767833441 -64.1263666843828 4.9995
    endloop
  endfacet
  facet normal 0 0 1
    outer loop
      vertex 60.92047660587451 -66.35680515281045 4.9995
      vertex 61.87087392637612 -65.40640783230886 4.9995
      vertex 60.66745014380176 -66.08701291255903 4.9995
    endloop
  endfacet
  facet normal 0 0 1
    outer loop
      vertex 60.66745014380176 -66.08701291255903 4.9995
      vertex 61.55996684858612 -65.0275664618915 4.9995
      vertex 60.37875271231359 -65.68696437392653 4.9995
    endloop
  endfacet
  facet normal 0 0 1
    outer loop
      vertex 60.143582554403565 -65.25328242014191 4.9995
      vertex 60.37875271231359 -65.68696437392653 4.9995
      vertex 61.32894204806427 -64.5953494602552 4.9995
    endloop
  endfacet
  facet normal 0 0 1
    outer loop
      vertex 60.37875271231359 -65.68696437392653 4.9995
      vertex 61.55996684858612 -65.0275664618915 4.9995
      vertex 61.32894204806427 -64.5953494602552 4.9995
    endloop
  endfacet
  facet normal 0 0 1
    outer loop
      vertex 60.66745014380176 -66.08701291255903 4.9995
      vertex 61.87087392637612 -65.40640783230886 4.9995
      vertex 61.55996684858612 -65.0275664618915 4.9995
    endloop
  endfacet
  facet normal 0 0 1
    outer loop
      vertex 59.965801157562936 -64.79308809689654 4.9995
      vertex 61.186677678334405 -63.15091507430216 4.9995
      vertex 59.84832768741279 -64.31393778225535 4.9995
    endloop
  endfacet
  facet normal 0 0 1
    outer loop
      vertex 59.84832768741279 -64.31393778225535 4.9995
      vertex 61.32894204806427 -62.68193229842976 4.9995
      vertex 59.79309105508526 -63.82369911113793 4.9995
    endloop
  endfacet
  facet normal 0 0 1
    outer loop
      vertex 59.965801157562936 -64.79308809689654 4.9995
      vertex 61.18667767833441 -64.1263666843828 4.9995
      vertex 61.13864087934249 -63.63864087934249 4.9995
    endloop
  endfacet
  facet normal 0 0 1
    outer loop
      vertex 60.143582554403565 -65.25328242014191 4.9995
      vertex 61.32894204806427 -64.5953494602552 4.9995
      vertex 61.18667767833441 -64.1263666843828 4.9995
    endloop
  endfacet
  facet normal 0 0 1
    outer loop
      vertex 59.965801157562936 -64.79308809689654 4.9995
      vertex 61.13864087934249 -63.63864087934249 4.9995
      vertex 61.186677678334405 -63.15091507430216 4.9995
    endloop
  endfacet
  facet normal 0 0 1
    outer loop
      vertex 59.84832768741279 -64.31393778225535 4.9995
      vertex 61.186677678334405 -63.15091507430216 4.9995
      vertex 61.32894204806427 -62.68193229842976 4.9995
    endloop
  endfacet
  facet normal 0 0 1
    outer loop
      vertex 59.79309105508526 -63.82369911113793 4.9995
      vertex 61.32894204806427 -62.68193229842976 4.9995
      vertex 61.55996684858612 -62.24971529679348 4.9995
    endloop
  endfacet
  facet normal 0 0 1
    outer loop
      vertex 59.79309105508526 -63.82369911113793 4.9995
      vertex 61.55996684858612 -62.24971529679348 4.9995
      vertex 61.87087392637612 -61.87087392637612 4.9995
    endloop
  endfacet
  facet normal 0 0 1
    outer loop
      vertex 59.79309105508526 -63.82369911113793 4.9995
      vertex 63.82369911113793 -59.79309105508526 4.9995
      vertex 59.800998244556084 -63.330421788970625 4.9995
    endloop
  endfacet
  facet normal 0 0 1
    outer loop
      vertex 59.800998244556084 -63.330421788970625 4.9995
      vertex 63.330421788970625 -59.800998244556084 4.9995
      vertex 59.871919419992736 -62.84220541574605 4.9995
    endloop
  endfacet
  facet normal 0 0 1
    outer loop
      vertex 59.871919419992736 -62.84220541574605 4.9995
      vertex 62.84220541574605 -59.871919419992736 4.9995
      vertex 60.00469005765527 -62.36706649081509 4.9995
    endloop
  endfacet
  facet normal 0 0 1
    outer loop
      vertex 60.00469005765527 -62.36706649081509 4.9995
      vertex 62.36706649081509 -60.00469005765527 4.9995
      vertex 60.19713006734392 -61.91280678218918 4.9995
    endloop
  endfacet
  facet normal 0 0 1
    outer loop
      vertex 60.19713006734392 -61.91280678218918 4.9995
      vertex 61.91280678218918 -60.19713006734392 4.9995
      vertex 60.44607958941988 -61.48688522172526 4.9995
    endloop
  endfacet
  facet normal 0 0 1
    outer loop
      vertex 60.44607958941988 -61.48688522172526 4.9995
      vertex 61.48688522172526 -60.44607958941988 4.9995
      vertex 60.747450879613254 -61.09629542967092 4.9995
    endloop
  endfacet
  facet normal 0 0 1
    outer loop
      vertex 60.747450879613254 -61.09629542967092 4.9995
      vertex 61.48688522172526 -60.44607958941988 4.9995
      vertex 61.09629542967092 -60.747450879613254 4.9995
    endloop
  endfacet
  facet normal 0 0 1
    outer loop
      vertex 59.79309105508526 -63.82369911113793 4.9995
      vertex 61.87087392637612 -61.87087392637612 4.9995
      vertex 63.82369911113793 -59.79309105508526 4.9995
    endloop
  endfacet
  facet normal 0 0 1
    outer loop
      vertex 60.44607958941988 -61.48688522172526 4.9995
      vertex 61.91280678218918 -60.19713006734392 4.9995
      vertex 61.48688522172526 -60.44607958941988 4.9995
    endloop
  endfacet
  facet normal 0 0 1
    outer loop
      vertex 60.19713006734392 -61.91280678218918 4.9995
      vertex 62.36706649081509 -60.00469005765527 4.9995
      vertex 61.91280678218918 -60.19713006734392 4.9995
    endloop
  endfacet
  facet normal 0 0 1
    outer loop
      vertex 60.00469005765527 -62.36706649081509 4.9995
      vertex 62.84220541574605 -59.871919419992736 4.9995
      vertex 62.36706649081509 -60.00469005765527 4.9995
    endloop
  endfacet
  facet normal 0 0 1
    outer loop
      vertex 59.871919419992736 -62.84220541574605 4.9995
      vertex 63.330421788970625 -59.800998244556084 4.9995
      vertex 62.84220541574605 -59.871919419992736 4.9995
    endloop
  endfacet
  facet normal 0 0 1
    outer loop
      vertex 59.800998244556084 -63.330421788970625 4.9995
      vertex 63.82369911113793 -59.79309105508526 4.9995
      vertex 63.330421788970625 -59.800998244556084 4.9995
    endloop
  endfacet
  facet normal 0 0 1
    outer loop
      vertex 61.87087392637612 -61.87087392637612 4.9995
      vertex 62.24971529679348 -61.55996684858612 4.9995
      vertex 63.82369911113793 -59.79309105508526 4.9995
    endloop
  endfacet
  facet normal 0 0 1
    outer loop
      vertex 62.24971529679348 -61.55996684858612 4.9995
      vertex 62.68193229842976 -61.32894204806427 4.9995
      vertex 63.82369911113793 -59.79309105508526 4.9995
    endloop
  endfacet
  facet normal 0 0 1
    outer loop
      vertex 62.68193229842976 -61.32894204806427 4.9995
      vertex 63.15091507430216 -61.186677678334405 4.9995
      vertex 64.31393778225535 -59.84832768741279 4.9995
    endloop
  endfacet
  facet normal 0 0 1
    outer loop
      vertex 63.15091507430216 -61.186677678334405 4.9995
      vertex 63.63864087934249 -61.13864087934249 4.9995
      vertex 64.31393778225535 -59.84832768741279 4.9995
    endloop
  endfacet
  facet normal 0 0 1
    outer loop
      vertex 63.63864087934249 -61.13864087934249 4.9995
      vertex 64.1263666843828 -61.18667767833441 4.9995
      vertex 64.79308809689654 -59.965801157562936 4.9995
    endloop
  endfacet
  facet normal 0 0 1
    outer loop
      vertex 64.1263666843828 -61.18667767833441 4.9995
      vertex 64.5953494602552 -61.32894204806427 4.9995
      vertex 65.25328242014191 -60.143582554403565 4.9995
    endloop
  endfacet
  facet normal 0 0 1
    outer loop
      vertex 62.68193229842976 -61.32894204806427 4.9995
      vertex 64.31393778225535 -59.84832768741279 4.9995
      vertex 63.82369911113793 -59.79309105508526 4.9995
    endloop
  endfacet
  facet normal 0 0 1
    outer loop
      vertex 63.63864087934249 -61.13864087934249 4.9995
      vertex 64.79308809689654 -59.965801157562936 4.9995
      vertex 64.31393778225535 -59.84832768741279 4.9995
    endloop
  endfacet
  facet normal 0 0 1
    outer loop
      vertex 64.5953494602552 -61.32894204806427 4.9995
      vertex 65.0275664618915 -61.55996684858612 4.9995
      vertex 65.25328242014191 -60.143582554403565 4.9995
    endloop
  endfacet
  facet normal 0 0 1
    outer loop
      vertex 65.0275664618915 -61.55996684858612 4.9995
      vertex 65.68696437392653 -60.37875271231359 4.9995
      vertex 65.25328242014191 -60.143582554403565 4.9995
    endloop
  endfacet
  facet normal 0 0 1
    outer loop
      vertex 65.0275664618915 -61.55996684858612 4.9995
      vertex 65.40640783230886 -61.87087392637612 4.9995
      vertex 66.08701291255903 -60.66745014380176 4.9995
    endloop
  endfacet
  facet normal 0 0 1
    outer loop
      vertex 65.0275664618915 -61.55996684858612 4.9995
      vertex 66.08701291255903 -60.66745014380176 4.9995
      vertex 65.68696437392653 -60.37875271231359 4.9995
    endloop
  endfacet
  facet normal 0 0 1
    outer loop
      vertex 65.40640783230886 -61.87087392637612 4.9995
      vertex 66.35680515281045 -60.92047660587451 4.9995
      vertex 66.08701291255903 -60.66745014380176 4.9995
    endloop
  endfacet
  facet normal 0 0 1
    outer loop
      vertex 64.1263666843828 -61.18667767833441 4.9995
      vertex 65.25328242014191 -60.143582554403565 4.9995
      vertex 64.79308809689654 -59.965801157562936 4.9995
    endloop
  endfacet
  facet normal 0.879071925729215 0.4766891538463294 0
    outer loop
      vertex 60.143582554403565 -65.25328242014191 4.9995
      vertex 60.143582554403565 -65.25328242014191 10
      vertex 60.37875271231359 -65.68696437392653 4.9995
    endloop
  endfacet
  facet normal 0.9328124133702678 0.3603623197038455 0
    outer loop
      vertex 59.965801157562936 -64.79308809689654 4.9995
      vertex 59.965801157562936 -64.79308809689654 10
      vertex 60.143582554403565 -65.25328242014191 4.9995
    endloop
  endfacet
  facet normal 0.7294073690266335 0.6840795933293469 0
    outer loop
      vertex 60.92047660587451 -66.35680515281045 4.9995
      vertex 60.66745014380176 -66.08701291255903 4.9995
      vertex 60.66745014380176 -66.08701291255903 10
    endloop
  endfacet
  facet normal 0.8108971013709494 0.5851887652614259 0
    outer loop
      vertex 60.66745014380176 -66.08701291255903 4.9995
      vertex 60.37875271231359 -65.68696437392653 4.9995
      vertex 60.37875271231359 -65.68696437392653 10
    endloop
  endfacet
  facet normal 0.9712361469727641 0.23811834623459746 0
    outer loop
      vertex 59.965801157562936 -64.79308809689654 4.9995
      vertex 59.84832768741279 -64.31393778225535 4.9995
      vertex 59.84832768741279 -64.31393778225535 10
    endloop
  endfacet
  facet normal 0.9937122098932417 0.11196447610331606 0
    outer loop
      vertex 59.84832768741279 -64.31393778225535 4.9995
      vertex 59.79309105508526 -63.82369911113793 4.9995
      vertex 59.79309105508526 -63.82369911113793 10
    endloop
  endfacet
  facet normal 0.999871545799931 -0.01602784763018346 0
    outer loop
      vertex 59.79309105508526 -63.82369911113793 4.9995
      vertex 59.800998244556084 -63.330421788970625 4.9995
      vertex 59.800998244556084 -63.330421788970625 10
    endloop
  endfacet
  facet normal 0.9896130185675259 -0.14375699454868188 0
    outer loop
      vertex 59.800998244556084 -63.330421788970625 4.9995
      vertex 59.871919419992736 -62.84220541574605 4.9995
      vertex 59.871919419992736 -62.84220541574605 10
    endloop
  endfacet
  facet normal 0.9631050729295736 -0.2691256555910651 0
    outer loop
      vertex 59.871919419992736 -62.84220541574605 4.9995
      vertex 60.00469005765527 -62.36706649081509 4.9995
      vertex 60.00469005765527 -62.36706649081509 10
    endloop
  endfacet
  facet normal 0.920782968620585 -0.39007528080905457 0
    outer loop
      vertex 60.00469005765527 -62.36706649081509 4.9995
      vertex 60.19713006734392 -61.91280678218918 4.9995
      vertex 60.19713006734392 -61.91280678218918 10
    endloop
  endfacet
  facet normal 0.8633416334232797 -0.5046198807003379 0
    outer loop
      vertex 60.19713006734392 -61.91280678218918 4.9995
      vertex 60.44607958941988 -61.48688522172526 4.9995
      vertex 60.44607958941988 -61.48688522172526 10
    endloop
  endfacet
  facet normal 0.7917242524735226 -0.6108786361015104 0
    outer loop
      vertex 60.44607958941988 -61.48688522172526 4.9995
      vertex 60.747450879613254 -61.09629542967092 4.9995
      vertex 60.747450879613254 -61.09629542967092 10
    endloop
  endfacet
  facet normal 0.7071067811865475 -0.7071067811865475 0
    outer loop
      vertex 60.747450879613254 -61.09629542967092 4.9995
      vertex 61.09629542967092 -60.747450879613254 4.9995
      vertex 61.09629542967092 -60.747450879613254 10
    endloop
  endfacet
  facet normal 0.6108786361015104 -0.7917242524735226 0
    outer loop
      vertex 61.09629542967092 -60.747450879613254 4.9995
      vertex 61.48688522172526 -60.44607958941988 4.9995
      vertex 61.48688522172526 -60.44607958941988 10
    endloop
  endfacet
  facet normal 0.5046198807003379 -0.8633416334232797 0
    outer loop
      vertex 61.48688522172526 -60.44607958941988 4.9995
      vertex 61.91280678218918 -60.19713006734392 4.9995
      vertex 61.91280678218918 -60.19713006734392 10
    endloop
  endfacet
  facet normal 0.39007528080905457 -0.920782968620585 0
    outer loop
      vertex 61.91280678218918 -60.19713006734392 4.9995
      vertex 62.36706649081509 -60.00469005765527 4.9995
      vertex 62.36706649081509 -60.00469005765527 10
    endloop
  endfacet
  facet normal 0.2691256555910651 -0.9631050729295736 0
    outer loop
      vertex 62.36706649081509 -60.00469005765527 4.9995
      vertex 62.84220541574605 -59.871919419992736 4.9995
      vertex 62.84220541574605 -59.871919419992736 10
    endloop
  endfacet
  facet normal 0.14375699454868188 -0.9896130185675259 0
    outer loop
      vertex 62.84220541574605 -59.871919419992736 4.9995
      vertex 63.330421788970625 -59.800998244556084 4.9995
      vertex 63.330421788970625 -59.800998244556084 10
    endloop
  endfacet
  facet normal 0.01602784763018346 -0.999871545799931 0
    outer loop
      vertex 63.330421788970625 -59.800998244556084 4.9995
      vertex 63.82369911113793 -59.79309105508526 4.9995
      vertex 63.82369911113793 -59.79309105508526 10
    endloop
  endfacet
  facet normal -0.11196447610331606 -0.9937122098932417 0
    outer loop
      vertex 63.82369911113793 -59.79309105508526 4.9995
      vertex 64.31393778225535 -59.84832768741279 4.9995
      vertex 64.31393778225535 -59.84832768741279 10
    endloop
  endfacet
  facet normal -0.23811834623459746 -0.9712361469727641 0
    outer loop
      vertex 64.31393778225535 -59.84832768741279 4.9995
      vertex 64.79308809689654 -59.965801157562936 4.9995
      vertex 64.79308809689654 -59.965801157562936 10
    endloop
  endfacet
  facet normal -0.5851887652614259 -0.8108971013709494 0
    outer loop
      vertex 65.68696437392653 -60.37875271231359 4.9995
      vertex 66.08701291255903 -60.66745014380176 4.9995
      vertex 66.08701291255903 -60.66745014380176 10
    endloop
  endfacet
  facet normal -0.3603623197038455 -0.9328124133702678 0
    outer loop
      vertex 64.79308809689654 -59.965801157562936 4.9995
      vertex 65.25328242014191 -60.143582554403565 4.9995
      vertex 65.25328242014191 -60.143582554403565 10
    endloop
  endfacet
  facet normal -0.4766891538463294 -0.879071925729215 0
    outer loop
      vertex 65.25328242014191 -60.143582554403565 4.9995
      vertex 65.68696437392653 -60.37875271231359 4.9995
      vertex 65.68696437392653 -60.37875271231359 10
    endloop
  endfacet
  facet normal -0.6840795933293469 -0.7294073690266335 0
    outer loop
      vertex 66.08701291255903 -60.66745014380176 4.9995
      vertex 66.35680515281045 -60.92047660587451 4.9995
      vertex 66.08701291255903 -60.66745014380176 10
    endloop
  endfacet
  facet normal 0.879071925729215 0.4766891538463294 0
    outer loop
      vertex 60.37875271231359 -65.68696437392653 4.9995
      vertex 60.143582554403565 -65.25328242014191 10
      vertex 60.37875271231359 -65.68696437392653 10
    endloop
  endfacet
  facet normal 0.9328124133702678 0.3603623197038455 0
    outer loop
      vertex 60.143582554403565 -65.25328242014191 4.9995
      vertex 59.965801157562936 -64.79308809689654 10
      vertex 60.143582554403565 -65.25328242014191 10
    endloop
  endfacet
  facet normal 0.7294073690266335 0.6840795933293469 0
    outer loop
      vertex 60.92047660587451 -66.35680515281045 4.9995
      vertex 60.66745014380176 -66.08701291255903 10
      vertex 60.92047660587451 -66.35680515281045 10
    endloop
  endfacet
  facet normal 0.8108971013709494 0.5851887652614259 0
    outer loop
      vertex 60.66745014380176 -66.08701291255903 4.9995
      vertex 60.37875271231359 -65.68696437392653 10
      vertex 60.66745014380176 -66.08701291255903 10
    endloop
  endfacet
  facet normal 0.9712361469727641 0.23811834623459746 0
    outer loop
      vertex 59.965801157562936 -64.79308809689654 4.9995
      vertex 59.84832768741279 -64.31393778225535 10
      vertex 59.965801157562936 -64.79308809689654 10
    endloop
  endfacet
  facet normal 0.9937122098932417 0.11196447610331606 0
    outer loop
      vertex 59.84832768741279 -64.31393778225535 4.9995
      vertex 59.79309105508526 -63.82369911113793 10
      vertex 59.84832768741279 -64.31393778225535 10
    endloop
  endfacet
  facet normal 0.999871545799931 -0.01602784763018346 0
    outer loop
      vertex 59.79309105508526 -63.82369911113793 4.9995
      vertex 59.800998244556084 -63.330421788970625 10
      vertex 59.79309105508526 -63.82369911113793 10
    endloop
  endfacet
  facet normal 0.9896130185675259 -0.14375699454868188 0
    outer loop
      vertex 59.800998244556084 -63.330421788970625 4.9995
      vertex 59.871919419992736 -62.84220541574605 10
      vertex 59.800998244556084 -63.330421788970625 10
    endloop
  endfacet
  facet normal 0.9631050729295736 -0.2691256555910651 0
    outer loop
      vertex 59.871919419992736 -62.84220541574605 4.9995
      vertex 60.00469005765527 -62.36706649081509 10
      vertex 59.871919419992736 -62.84220541574605 10
    endloop
  endfacet
  facet normal 0.920782968620585 -0.39007528080905457 0
    outer loop
      vertex 60.00469005765527 -62.36706649081509 4.9995
      vertex 60.19713006734392 -61.91280678218918 10
      vertex 60.00469005765527 -62.36706649081509 10
    endloop
  endfacet
  facet normal 0.8633416334232797 -0.5046198807003379 0
    outer loop
      vertex 60.19713006734392 -61.91280678218918 4.9995
      vertex 60.44607958941988 -61.48688522172526 10
      vertex 60.19713006734392 -61.91280678218918 10
    endloop
  endfacet
  facet normal 0.7917242524735226 -0.6108786361015104 0
    outer loop
      vertex 60.44607958941988 -61.48688522172526 4.9995
      vertex 60.747450879613254 -61.09629542967092 10
      vertex 60.44607958941988 -61.48688522172526 10
    endloop
  endfacet
  facet normal 0.7071067811865475 -0.7071067811865475 0
    outer loop
      vertex 60.747450879613254 -61.09629542967092 4.9995
      vertex 61.09629542967092 -60.747450879613254 10
      vertex 60.747450879613254 -61.09629542967092 10
    endloop
  endfacet
  facet normal 0.6108786361015104 -0.7917242524735226 0
    outer loop
      vertex 61.09629542967092 -60.747450879613254 4.9995
      vertex 61.48688522172526 -60.44607958941988 10
      vertex 61.09629542967092 -60.747450879613254 10
    endloop
  endfacet
  facet normal 0.5046198807003379 -0.8633416334232797 0
    outer loop
      vertex 61.48688522172526 -60.44607958941988 4.9995
      vertex 61.91280678218918 -60.19713006734392 10
      vertex 61.48688522172526 -60.44607958941988 10
    endloop
  endfacet
  facet normal 0.39007528080905457 -0.920782968620585 0
    outer loop
      vertex 61.91280678218918 -60.19713006734392 4.9995
      vertex 62.36706649081509 -60.00469005765527 10
      vertex 61.91280678218918 -60.19713006734392 10
    endloop
  endfacet
  facet normal 0.2691256555910651 -0.9631050729295736 0
    outer loop
      vertex 62.36706649081509 -60.00469005765527 4.9995
      vertex 62.84220541574605 -59.871919419992736 10
      vertex 62.36706649081509 -60.00469005765527 10
    endloop
  endfacet
  facet normal 0.14375699454868188 -0.9896130185675259 0
    outer loop
      vertex 62.84220541574605 -59.871919419992736 4.9995
      vertex 63.330421788970625 -59.800998244556084 10
      vertex 62.84220541574605 -59.871919419992736 10
    endloop
  endfacet
  facet normal 0.01602784763018346 -0.999871545799931 0
    outer loop
      vertex 63.330421788970625 -59.800998244556084 4.9995
      vertex 63.82369911113793 -59.79309105508526 10
      vertex 63.330421788970625 -59.800998244556084 10
    endloop
  endfacet
  facet normal -0.11196447610331606 -0.9937122098932417 0
    outer loop
      vertex 63.82369911113793 -59.79309105508526 4.9995
      vertex 64.31393778225535 -59.84832768741279 10
      vertex 63.82369911113793 -59.79309105508526 10
    endloop
  endfacet
  facet normal -0.23811834623459746 -0.9712361469727641 0
    outer loop
      vertex 64.31393778225535 -59.84832768741279 4.9995
      vertex 64.79308809689654 -59.965801157562936 10
      vertex 64.31393778225535 -59.84832768741279 10
    endloop
  endfacet
  facet normal -0.5851887652614259 -0.8108971013709494 0
    outer loop
      vertex 65.68696437392653 -60.37875271231359 4.9995
      vertex 66.08701291255903 -60.66745014380176 10
      vertex 65.68696437392653 -60.37875271231359 10
    endloop
  endfacet
  facet normal -0.3603623197038455 -0.9328124133702678 0
    outer loop
      vertex 64.79308809689654 -59.965801157562936 4.9995
      vertex 65.25328242014191 -60.143582554403565 10
      vertex 64.79308809689654 -59.965801157562936 10
    endloop
  endfacet
  facet normal -0.4766891538463294 -0.879071925729215 0
    outer loop
      vertex 65.25328242014191 -60.143582554403565 4.9995
      vertex 65.68696437392653 -60.37875271231359 10
      vertex 65.25328242014191 -60.143582554403565 10
    endloop
  endfacet
  facet normal -0.6840795933293469 -0.7294073690266335 0
    outer loop
      vertex 66.35680515281045 -60.92047660587451 4.9995
      vertex 66.35680515281045 -60.92047660587451 10
      vertex 66.08701291255903 -60.66745014380176 10
    endloop
  endfacet
  facet normal 0 0 1
    outer loop
      vertex -65.40640783230886 -61.87087392637612 4.9995
      vertex -65.0275664618915 -61.55996684858612 4.9995
      vertex -66.35680515281045 -60.92047660587451 4.9995
    endloop
  endfacet
  facet normal 0 0 1
    outer loop
      vertex -65.0275664618915 -61.55996684858612 4.9995
      vertex -66.27234731366048 -60.83042250858995 4.9995
      vertex -66.35680515281045 -60.92047660587451 4.9995
    endloop
  endfacet
  facet normal 0 0 1
    outer loop
      vertex -65.0275664618915 -61.55996684858612 4.9995
      vertex -65.89161762559897 -60.51668703906432 4.9995
      vertex -66.27234731366048 -60.83042250858995 4.9995
    endloop
  endfacet
  facet normal 0 0 1
    outer loop
      vertex -65.0275664618915 -61.55996684858612 4.9995
      vertex -64.5953494602552 -61.32894204806427 4.9995
      vertex -65.89161762559897 -60.51668703906432 4.9995
    endloop
  endfacet
  facet normal 0 0 1
    outer loop
      vertex -64.5953494602552 -61.32894204806427 4.9995
      vertex -65.47389412165084 -60.254213965285004 4.9995
      vertex -65.89161762559897 -60.51668703906432 4.9995
    endloop
  endfacet
  facet normal 0 0 1
    outer loop
      vertex -64.5953494602552 -61.32894204806427 4.9995
      vertex -64.1263666843828 -61.18667767833441 4.9995
      vertex -65.47389412165084 -60.254213965285004 4.9995
    endloop
  endfacet
  facet normal 0 0 1
    outer loop
      vertex -64.1263666843828 -61.18667767833441 4.9995
      vertex -65.02603581020232 -60.04731308786697 4.9995
      vertex -65.47389412165084 -60.254213965285004 4.9995
    endloop
  endfacet
  facet normal 0 0 1
    outer loop
      vertex -64.1263666843828 -61.18667767833441 4.9995
      vertex -63.63864087934249 -61.13864087934249 4.9995
      vertex -65.02603581020232 -60.04731308786697 4.9995
    endloop
  endfacet
  facet normal 0 0 1
    outer loop
      vertex -63.63864087934249 -61.13864087934249 4.9995
      vertex -63.15091507430216 -61.186677678334405 4.9995
      vertex -64.5553965123457 -59.89938171349735 4.9995
    endloop
  endfacet
  facet normal 0 0 1
    outer loop
      vertex -63.15091507430216 -61.186677678334405 4.9995
      vertex -62.68193229842976 -61.32894204806427 4.9995
      vertex -64.06970411234022 -59.8128488712535 4.9995
    endloop
  endfacet
  facet normal 0 0 1
    outer loop
      vertex -63.63864087934249 -61.13864087934249 4.9995
      vertex -64.5553965123457 -59.89938171349735 4.9995
      vertex -65.02603581020232 -60.04731308786697 4.9995
    endloop
  endfacet
  facet normal 0 0 1
    outer loop
      vertex -63.15091507430216 -61.186677678334405 4.9995
      vertex -64.06970411234022 -59.8128488712535 4.9995
      vertex -64.5553965123457 -59.89938171349735 4.9995
    endloop
  endfacet
  facet normal 0 0 1
    outer loop
      vertex -62.24971529679348 -61.55996684858612 4.9995
      vertex -63.576933665966315 -59.78913542801275 4.9995
      vertex -64.06970411234022 -59.8128488712535 4.9995
    endloop
  endfacet
  facet normal 0 0 1
    outer loop
      vertex -62.68193229842976 -61.32894204806427 4.9995
      vertex -62.24971529679348 -61.55996684858612 4.9995
      vertex -64.06970411234022 -59.8128488712535 4.9995
    endloop
  endfacet
  facet normal 0 0 1
    outer loop
      vertex -61.55996684858612 -62.24971529679348 4.9995
      vertex -63.576933665966315 -59.78913542801275 4.9995
      vertex -61.87087392637612 -61.87087392637612 4.9995
    endloop
  endfacet
  facet normal 0 0 1
    outer loop
      vertex -62.24971529679348 -61.55996684858612 4.9995
      vertex -61.87087392637612 -61.87087392637612 4.9995
      vertex -63.576933665966315 -59.78913542801275 4.9995
    endloop
  endfacet
  facet normal 0 0 1
    outer loop
      vertex -63.576933665966315 -59.78913542801275 4.9995
      vertex -59.78913542801275 -63.576933665966315 4.9995
      vertex -63.08517645033006 -59.82863075785751 4.9995
    endloop
  endfacet
  facet normal 0 0 1
    outer loop
      vertex -61.87087392637612 -65.40640783230886 4.9995
      vertex -60.92047660587451 -66.35680515281045 4.9995
      vertex -60.83042250858995 -66.27234731366048 4.9995
    endloop
  endfacet
  facet normal 0 0 1
    outer loop
      vertex -61.87087392637612 -65.40640783230886 4.9995
      vertex -60.51668703906432 -65.89161762559897 4.9995
      vertex -61.55996684858612 -65.0275664618915 4.9995
    endloop
  endfacet
  facet normal 0 0 1
    outer loop
      vertex -61.87087392637612 -65.40640783230886 4.9995
      vertex -60.83042250858995 -66.27234731366048 4.9995
      vertex -60.51668703906432 -65.89161762559897 4.9995
    endloop
  endfacet
  facet normal 0 0 1
    outer loop
      vertex -61.55996684858612 -65.0275664618915 4.9995
      vertex -60.51668703906432 -65.89161762559897 4.9995
      vertex -60.254213965285004 -65.47389412165084 4.9995
    endloop
  endfacet
  facet normal 0 0 1
    outer loop
      vertex -61.55996684858612 -65.0275664618915 4.9995
      vertex -60.254213965285004 -65.47389412165084 4.9995
      vertex -61.32894204806427 -64.5953494602552 4.9995
    endloop
  endfacet
  facet normal 0 0 1
    outer loop
      vertex -61.32894204806427 -64.5953494602552 4.9995
      vertex -60.254213965285004 -65.47389412165084 4.9995
      vertex -60.04731308786697 -65.02603581020232 4.9995
    endloop
  endfacet
  facet normal 0 0 1
    outer loop
      vertex -61.32894204806427 -64.5953494602552 4.9995
      vertex -60.04731308786697 -65.02603581020232 4.9995
      vertex -61.18667767833441 -64.1263666843828 4.9995
    endloop
  endfacet
  facet normal 0 0 1
    outer loop
      vertex -61.18667767833441 -64.1263666843828 4.9995
      vertex -59.89938171349735 -64.5553965123457 4.9995
      vertex -61.13864087934249 -63.63864087934249 4.9995
    endloop
  endfacet
  facet normal 0 0 1
    outer loop
      vertex -61.13864087934249 -63.63864087934249 4.9995
      vertex -59.89938171349735 -64.5553965123457 4.9995
      vertex -61.186677678334405 -63.15091507430216 4.9995
    endloop
  endfacet
  facet normal 0 0 1
    outer loop
      vertex -61.186677678334405 -63.15091507430216 4.9995
      vertex -59.8128488712535 -64.06970411234022 4.9995
      vertex -61.32894204806427 -62.68193229842976 4.9995
    endloop
  endfacet
  facet normal 0 0 1
    outer loop
      vertex -61.55996684858612 -62.24971529679348 4.9995
      vertex -59.8128488712535 -64.06970411234022 4.9995
      vertex -63.576933665966315 -59.78913542801275 4.9995
    endloop
  endfacet
  facet normal 0 0 1
    outer loop
      vertex -61.32894204806427 -62.68193229842976 4.9995
      vertex -59.8128488712535 -64.06970411234022 4.9995
      vertex -61.55996684858612 -62.24971529679348 4.9995
    endloop
  endfacet
  facet normal 0 0 1
    outer loop
      vertex -63.576933665966315 -59.78913542801275 4.9995
      vertex -59.8128488712535 -64.06970411234022 4.9995
      vertex -59.78913542801275 -63.576933665966315 4.9995
    endloop
  endfacet
  facet normal 0 0 1
    outer loop
      vertex -63.08517645033006 -59.82863075785751 4.9995
      vertex -59.78913542801275 -63.576933665966315 4.9995
      vertex -59.82863075785751 -63.08517645033006 4.9995
    endloop
  endfacet
  facet normal 0 0 1
    outer loop
      vertex -61.18667767833441 -64.1263666843828 4.9995
      vertex -60.04731308786697 -65.02603581020232 4.9995
      vertex -59.89938171349735 -64.5553965123457 4.9995
    endloop
  endfacet
  facet normal 0 0 1
    outer loop
      vertex -61.186677678334405 -63.15091507430216 4.9995
      vertex -59.89938171349735 -64.5553965123457 4.9995
      vertex -59.8128488712535 -64.06970411234022 4.9995
    endloop
  endfacet
  facet normal 0 0 1
    outer loop
      vertex -63.08517645033006 -59.82863075785751 4.9995
      vertex -59.82863075785751 -63.08517645033006 4.9995
      vertex -62.60250710531684 -59.93068634856364 4.9995
    endloop
  endfacet
  facet normal 0 0 1
    outer loop
      vertex -62.60250710531684 -59.93068634856364 4.9995
      vertex -59.93068634856364 -62.60250710531684 4.9995
      vertex -62.136851048227655 -60.093626450153224 4.9995
    endloop
  endfacet
  facet normal 0 0 1
    outer loop
      vertex -61.69585433864616 -60.314775590662876 4.9995
      vertex -62.136851048227655 -60.093626450153224 4.9995
      vertex -60.093626450153224 -62.136851048227655 4.9995
    endloop
  endfacet
  facet normal 0 0 1
    outer loop
      vertex -62.60250710531684 -59.93068634856364 4.9995
      vertex -59.82863075785751 -63.08517645033006 4.9995
      vertex -59.93068634856364 -62.60250710531684 4.9995
    endloop
  endfacet
  facet normal 0 0 1
    outer loop
      vertex -62.136851048227655 -60.093626450153224 4.9995
      vertex -59.93068634856364 -62.60250710531684 4.9995
      vertex -60.093626450153224 -62.136851048227655 4.9995
    endloop
  endfacet
  facet normal 0 0 1
    outer loop
      vertex -61.69585433864616 -60.314775590662876 4.9995
      vertex -60.093626450153224 -62.136851048227655 4.9995
      vertex -60.314775590662876 -61.69585433864616 4.9995
    endloop
  endfacet
  facet normal 0 0 1
    outer loop
      vertex -61.28675813035166 -60.590502507319435 4.9995
      vertex -60.314775590662876 -61.69585433864616 4.9995
      vertex -60.590502507319435 -61.28675813035165 4.9995
    endloop
  endfacet
  facet normal 0 0 1
    outer loop
      vertex -61.69585433864616 -60.314775590662876 4.9995
      vertex -60.314775590662876 -61.69585433864616 4.9995
      vertex -61.28675813035166 -60.590502507319435 4.9995
    endloop
  endfacet
  facet normal 0 0 1
    outer loop
      vertex -61.28675813035166 -60.590502507319435 4.9995
      vertex -60.590502507319435 -61.28675813035165 4.9995
      vertex -60.91627977177428 -60.91627977177428 4.9995
    endloop
  endfacet
  facet normal 0.7294073690266745 -0.684079593329303 0
    outer loop
      vertex -66.35680515281045 -60.92047660587451 4.9995
      vertex -66.27234731366048 -60.83042250858995 4.9995
      vertex -66.27234731366048 -60.83042250858995 10
    endloop
  endfacet
  facet normal 0.6359407878484556 -0.7717378533872014 0
    outer loop
      vertex -66.27234731366048 -60.83042250858995 4.9995
      vertex -65.89161762559897 -60.51668703906432 4.9995
      vertex -65.89161762559897 -60.51668703906432 10
    endloop
  endfacet
  facet normal 0.532032076515331 -0.8467241992282877 0
    outer loop
      vertex -65.89161762559897 -60.51668703906432 4.9995
      vertex -65.47389412165084 -60.254213965285004 4.9995
      vertex -65.47389412165084 -60.254213965285004 10
    endloop
  endfacet
  facet normal 0.4193874131946535 -0.9078073571269936 0
    outer loop
      vertex -65.47389412165084 -60.254213965285004 4.9995
      vertex -65.02603581020232 -60.04731308786697 4.9995
      vertex -65.02603581020232 -60.04731308786697 10
    endloop
  endfacet
  facet normal 0.2998564201439152 -0.9539843433193628 0
    outer loop
      vertex -65.02603581020232 -60.04731308786697 4.9995
      vertex -64.5553965123457 -59.89938171349735 4.9995
      vertex -64.5553965123457 -59.89938171349735 10
    endloop
  endfacet
  facet normal 0.17540179296438796 -0.9844969329687514 0
    outer loop
      vertex -64.5553965123457 -59.89938171349735 4.9995
      vertex -64.06970411234022 -59.8128488712535 4.9995
      vertex -64.06970411234022 -59.8128488712535 10
    endloop
  endfacet
  facet normal 0.04806707319362151 -0.9988441101966807 0
    outer loop
      vertex -64.06970411234022 -59.8128488712535 4.9995
      vertex -63.576933665966315 -59.78913542801275 4.9995
      vertex -63.576933665966315 -59.78913542801275 10
    endloop
  endfacet
  facet normal -0.0800569065900959 -0.9967902947497156 0
    outer loop
      vertex -63.576933665966315 -59.78913542801275 4.9995
      vertex -63.08517645033006 -59.82863075785751 4.9995
      vertex -63.08517645033006 -59.82863075785751 10
    endloop
  endfacet
  facet normal -0.20686635418089236 -0.9783692102207151 0
    outer loop
      vertex -63.08517645033006 -59.82863075785751 4.9995
      vertex -62.60250710531684 -59.93068634856364 4.9995
      vertex -62.60250710531684 -59.93068634856364 10
    endloop
  endfacet
  facet normal -0.330279061955172 -0.9438833303083658 0
    outer loop
      vertex -62.60250710531684 -59.93068634856364 4.9995
      vertex -62.136851048227655 -60.093626450153224 4.9995
      vertex -62.136851048227655 -60.093626450153224 10
    endloop
  endfacet
  facet normal -0.684079593329303 0.7294073690266745 0
    outer loop
      vertex -60.92047660587451 -66.35680515281045 4.9995
      vertex -60.92047660587451 -66.35680515281045 10
      vertex -60.83042250858995 -66.27234731366048 4.9995
    endloop
  endfacet
  facet normal -0.7717378533872014 0.6359407878484556 0
    outer loop
      vertex -60.83042250858995 -66.27234731366048 4.9995
      vertex -60.83042250858995 -66.27234731366048 10
      vertex -60.51668703906432 -65.89161762559897 4.9995
    endloop
  endfacet
  facet normal -0.8467241992282877 0.532032076515331 0
    outer loop
      vertex -60.51668703906432 -65.89161762559897 4.9995
      vertex -60.51668703906432 -65.89161762559897 10
      vertex -60.254213965285004 -65.47389412165084 4.9995
    endloop
  endfacet
  facet normal -0.9078073571269936 0.4193874131946535 0
    outer loop
      vertex -60.254213965285004 -65.47389412165084 4.9995
      vertex -60.254213965285004 -65.47389412165084 10
      vertex -60.04731308786697 -65.02603581020232 4.9995
    endloop
  endfacet
  facet normal -0.9539843433193628 0.2998564201439152 0
    outer loop
      vertex -60.04731308786697 -65.02603581020232 4.9995
      vertex -60.04731308786697 -65.02603581020232 10
      vertex -59.89938171349735 -64.5553965123457 4.9995
    endloop
  endfacet
  facet normal -0.9844969329687514 0.17540179296438796 0
    outer loop
      vertex -59.89938171349735 -64.5553965123457 4.9995
      vertex -59.89938171349735 -64.5553965123457 10
      vertex -59.8128488712535 -64.06970411234022 4.9995
    endloop
  endfacet
  facet normal -0.9988441101966807 0.04806707319362151 0
    outer loop
      vertex -59.8128488712535 -64.06970411234022 4.9995
      vertex -59.8128488712535 -64.06970411234022 10
      vertex -59.78913542801275 -63.576933665966315 4.9995
    endloop
  endfacet
  facet normal -0.9967902947497156 -0.0800569065900959 0
    outer loop
      vertex -59.78913542801275 -63.576933665966315 4.9995
      vertex -59.78913542801275 -63.576933665966315 10
      vertex -59.82863075785751 -63.08517645033006 4.9995
    endloop
  endfacet
  facet normal -0.9783692102207151 -0.20686635418089236 0
    outer loop
      vertex -59.82863075785751 -63.08517645033006 4.9995
      vertex -59.82863075785751 -63.08517645033006 10
      vertex -59.93068634856364 -62.60250710531684 4.9995
    endloop
  endfacet
  facet normal -0.8938989122074208 -0.4482685966631946 0
    outer loop
      vertex -60.314775590662876 -61.69585433864616 4.9995
      vertex -60.093626450153224 -62.136851048227655 4.9995
      vertex -60.093626450153224 -62.136851048227655 10
    endloop
  endfacet
  facet normal -0.9438833303083658 -0.330279061955172 0
    outer loop
      vertex -59.93068634856364 -62.60250710531684 4.9995
      vertex -59.93068634856364 -62.60250710531684 10
      vertex -60.093626450153224 -62.136851048227655 4.9995
    endloop
  endfacet
  facet normal -0.5588975734070722 -0.8292366986811947 0
    outer loop
      vertex -61.69585433864616 -60.314775590662876 4.9995
      vertex -61.28675813035166 -60.590502507319435 4.9995
      vertex -61.28675813035166 -60.590502507319435 10
    endloop
  endfacet
  facet normal -0.660349467447157 -0.7509584414881135 0
    outer loop
      vertex -61.28675813035166 -60.590502507319435 4.9995
      vertex -60.91627977177428 -60.91627977177428 4.9995
      vertex -60.91627977177428 -60.91627977177428 10
    endloop
  endfacet
  facet normal -0.7509584414881072 -0.660349467447164 0
    outer loop
      vertex -60.590502507319435 -61.28675813035165 4.9995
      vertex -60.590502507319435 -61.28675813035165 10
      vertex -60.91627977177428 -60.91627977177428 4.9995
    endloop
  endfacet
  facet normal -0.4482685966631946 -0.8938989122074208 0
    outer loop
      vertex -61.69585433864616 -60.314775590662876 4.9995
      vertex -61.69585433864616 -60.314775590662876 10
      vertex -62.136851048227655 -60.093626450153224 4.9995
    endloop
  endfacet
  facet normal -0.829236698681199 -0.5588975734070655 0
    outer loop
      vertex -60.314775590662876 -61.69585433864616 4.9995
      vertex -60.314775590662876 -61.69585433864616 10
      vertex -60.590502507319435 -61.28675813035165 4.9995
    endloop
  endfacet
  facet normal 0.7294073690266745 -0.684079593329303 0
    outer loop
      vertex -66.35680515281045 -60.92047660587451 4.9995
      vertex -66.27234731366048 -60.83042250858995 10
      vertex -66.35680515281045 -60.92047660587451 10
    endloop
  endfacet
  facet normal 0.6359407878484556 -0.7717378533872014 0
    outer loop
      vertex -66.27234731366048 -60.83042250858995 4.9995
      vertex -65.89161762559897 -60.51668703906432 10
      vertex -66.27234731366048 -60.83042250858995 10
    endloop
  endfacet
  facet normal 0.532032076515331 -0.8467241992282877 0
    outer loop
      vertex -65.89161762559897 -60.51668703906432 4.9995
      vertex -65.47389412165084 -60.254213965285004 10
      vertex -65.89161762559897 -60.51668703906432 10
    endloop
  endfacet
  facet normal 0.4193874131946535 -0.9078073571269936 0
    outer loop
      vertex -65.47389412165084 -60.254213965285004 4.9995
      vertex -65.02603581020232 -60.04731308786697 10
      vertex -65.47389412165084 -60.254213965285004 10
    endloop
  endfacet
  facet normal 0.2998564201439152 -0.9539843433193628 0
    outer loop
      vertex -65.02603581020232 -60.04731308786697 4.9995
      vertex -64.5553965123457 -59.89938171349735 10
      vertex -65.02603581020232 -60.04731308786697 10
    endloop
  endfacet
  facet normal 0.17540179296438796 -0.9844969329687514 0
    outer loop
      vertex -64.5553965123457 -59.89938171349735 4.9995
      vertex -64.06970411234022 -59.8128488712535 10
      vertex -64.5553965123457 -59.89938171349735 10
    endloop
  endfacet
  facet normal 0.04806707319362151 -0.9988441101966807 0
    outer loop
      vertex -64.06970411234022 -59.8128488712535 4.9995
      vertex -63.576933665966315 -59.78913542801275 10
      vertex -64.06970411234022 -59.8128488712535 10
    endloop
  endfacet
  facet normal -0.0800569065900959 -0.9967902947497156 0
    outer loop
      vertex -63.576933665966315 -59.78913542801275 4.9995
      vertex -63.08517645033006 -59.82863075785751 10
      vertex -63.576933665966315 -59.78913542801275 10
    endloop
  endfacet
  facet normal -0.20686635418089236 -0.9783692102207151 0
    outer loop
      vertex -63.08517645033006 -59.82863075785751 4.9995
      vertex -62.60250710531684 -59.93068634856364 10
      vertex -63.08517645033006 -59.82863075785751 10
    endloop
  endfacet
  facet normal -0.330279061955172 -0.9438833303083658 0
    outer loop
      vertex -62.60250710531684 -59.93068634856364 4.9995
      vertex -62.136851048227655 -60.093626450153224 10
      vertex -62.60250710531684 -59.93068634856364 10
    endloop
  endfacet
  facet normal -0.4482685966631946 -0.8938989122074208 0
    outer loop
      vertex -62.136851048227655 -60.093626450153224 4.9995
      vertex -61.69585433864616 -60.314775590662876 10
      vertex -62.136851048227655 -60.093626450153224 10
    endloop
  endfacet
  facet normal -0.684079593329303 0.7294073690266745 0
    outer loop
      vertex -60.83042250858995 -66.27234731366048 4.9995
      vertex -60.92047660587451 -66.35680515281045 10
      vertex -60.83042250858995 -66.27234731366048 10
    endloop
  endfacet
  facet normal -0.7717378533872014 0.6359407878484556 0
    outer loop
      vertex -60.51668703906432 -65.89161762559897 4.9995
      vertex -60.83042250858995 -66.27234731366048 10
      vertex -60.51668703906432 -65.89161762559897 10
    endloop
  endfacet
  facet normal -0.8467241992282877 0.532032076515331 0
    outer loop
      vertex -60.254213965285004 -65.47389412165084 4.9995
      vertex -60.51668703906432 -65.89161762559897 10
      vertex -60.254213965285004 -65.47389412165084 10
    endloop
  endfacet
  facet normal -0.9078073571269936 0.4193874131946535 0
    outer loop
      vertex -60.04731308786697 -65.02603581020232 4.9995
      vertex -60.254213965285004 -65.47389412165084 10
      vertex -60.04731308786697 -65.02603581020232 10
    endloop
  endfacet
  facet normal -0.9539843433193628 0.2998564201439152 0
    outer loop
      vertex -59.89938171349735 -64.5553965123457 4.9995
      vertex -60.04731308786697 -65.02603581020232 10
      vertex -59.89938171349735 -64.5553965123457 10
    endloop
  endfacet
  facet normal -0.9844969329687514 0.17540179296438796 0
    outer loop
      vertex -59.8128488712535 -64.06970411234022 4.9995
      vertex -59.89938171349735 -64.5553965123457 10
      vertex -59.8128488712535 -64.06970411234022 10
    endloop
  endfacet
  facet normal -0.9988441101966807 0.04806707319362151 0
    outer loop
      vertex -59.78913542801275 -63.576933665966315 4.9995
      vertex -59.8128488712535 -64.06970411234022 10
      vertex -59.78913542801275 -63.576933665966315 10
    endloop
  endfacet
  facet normal -0.9967902947497156 -0.0800569065900959 0
    outer loop
      vertex -59.82863075785751 -63.08517645033006 4.9995
      vertex -59.78913542801275 -63.576933665966315 10
      vertex -59.82863075785751 -63.08517645033006 10
    endloop
  endfacet
  facet normal -0.9783692102207151 -0.20686635418089236 0
    outer loop
      vertex -59.93068634856364 -62.60250710531684 4.9995
      vertex -59.82863075785751 -63.08517645033006 10
      vertex -59.93068634856364 -62.60250710531684 10
    endloop
  endfacet
  facet normal -0.9438833303083658 -0.330279061955172 0
    outer loop
      vertex -60.093626450153224 -62.136851048227655 4.9995
      vertex -59.93068634856364 -62.60250710531684 10
      vertex -60.093626450153224 -62.136851048227655 10
    endloop
  endfacet
  facet normal -0.829236698681199 -0.5588975734070655 0
    outer loop
      vertex -60.590502507319435 -61.28675813035165 4.9995
      vertex -60.314775590662876 -61.69585433864616 10
      vertex -60.590502507319435 -61.28675813035165 10
    endloop
  endfacet
  facet normal -0.660349467447157 -0.7509584414881135 0
    outer loop
      vertex -61.28675813035166 -60.590502507319435 4.9995
      vertex -60.91627977177428 -60.91627977177428 10
      vertex -61.28675813035166 -60.590502507319435 10
    endloop
  endfacet
  facet normal -0.7509584414881072 -0.660349467447164 0
    outer loop
      vertex -60.91627977177428 -60.91627977177428 4.9995
      vertex -60.590502507319435 -61.28675813035165 10
      vertex -60.91627977177428 -60.91627977177428 10
    endloop
  endfacet
  facet normal -0.5588975734070722 -0.8292366986811947 0
    outer loop
      vertex -61.69585433864616 -60.314775590662876 4.9995
      vertex -61.28675813035166 -60.590502507319435 10
      vertex -61.69585433864616 -60.314775590662876 10
    endloop
  endfacet
  facet normal -0.8938989122074208 -0.4482685966631946 0
    outer loop
      vertex -60.314775590662876 -61.69585433864616 4.9995
      vertex -60.093626450153224 -62.136851048227655 10
      vertex -60.314775590662876 -61.69585433864616 10
    endloop
  endfacet
  facet normal 0 0 1
    outer loop
      vertex -66.27234731366048 60.83042250858995 4.9995
      vertex -65.89161762559897 60.51668703906432 4.9995
      vertex -65.40640783230886 61.87087392637612 4.9995
    endloop
  endfacet
  facet normal 0 0 1
    outer loop
      vertex -65.47389412165084 60.254213965285004 4.9995
      vertex -65.0275664618915 61.55996684858612 4.9995
      vertex -65.89161762559897 60.51668703906432 4.9995
    endloop
  endfacet
  facet normal 0 0 1
    outer loop
      vertex -66.35680515281045 60.92047660587451 4.9995
      vertex -66.27234731366048 60.83042250858995 4.9995
      vertex -65.40640783230886 61.87087392637612 4.9995
    endloop
  endfacet
  facet normal 0 0 1
    outer loop
      vertex -65.89161762559897 60.51668703906432 4.9995
      vertex -65.0275664618915 61.55996684858612 4.9995
      vertex -65.40640783230886 61.87087392637612 4.9995
    endloop
  endfacet
  facet normal 0 0 1
    outer loop
      vertex -65.47389412165084 60.254213965285004 4.9995
      vertex -65.02603581020232 60.04731308786697 4.9995
      vertex -64.5953494602552 61.32894204806427 4.9995
    endloop
  endfacet
  facet normal 0 0 1
    outer loop
      vertex -65.47389412165084 60.254213965285004 4.9995
      vertex -64.5953494602552 61.32894204806427 4.9995
      vertex -65.0275664618915 61.55996684858612 4.9995
    endloop
  endfacet
  facet normal 0 0 1
    outer loop
      vertex -65.02603581020232 60.04731308786697 4.9995
      vertex -64.5553965123457 59.89938171349735 4.9995
      vertex -64.1263666843828 61.18667767833441 4.9995
    endloop
  endfacet
  facet normal 0 0 1
    outer loop
      vertex -64.5553965123457 59.89938171349735 4.9995
      vertex -64.06970411234022 59.8128488712535 4.9995
      vertex -63.15091507430216 61.186677678334405 4.9995
    endloop
  endfacet
  facet normal 0 0 1
    outer loop
      vertex -65.02603581020232 60.04731308786697 4.9995
      vertex -64.1263666843828 61.18667767833441 4.9995
      vertex -64.5953494602552 61.32894204806427 4.9995
    endloop
  endfacet
  facet normal 0 0 1
    outer loop
      vertex -64.5553965123457 59.89938171349735 4.9995
      vertex -63.63864087934249 61.13864087934249 4.9995
      vertex -64.1263666843828 61.18667767833441 4.9995
    endloop
  endfacet
  facet normal 0 0 1
    outer loop
      vertex -64.5553965123457 59.89938171349735 4.9995
      vertex -63.15091507430216 61.186677678334405 4.9995
      vertex -63.63864087934249 61.13864087934249 4.9995
    endloop
  endfacet
  facet normal 0 0 1
    outer loop
      vertex -64.06970411234022 59.8128488712535 4.9995
      vertex -62.68193229842976 61.32894204806427 4.9995
      vertex -63.15091507430216 61.186677678334405 4.9995
    endloop
  endfacet
  facet normal 0 0 1
    outer loop
      vertex -64.06970411234022 59.8128488712535 4.9995
      vertex -62.24971529679348 61.55996684858612 4.9995
      vertex -62.68193229842976 61.32894204806427 4.9995
    endloop
  endfacet
  facet normal 0 0 1
    outer loop
      vertex -64.06970411234022 59.8128488712535 4.9995
      vertex -63.576933665966315 59.78913542801275 4.9995
      vertex -59.78913542801275 63.576933665966315 4.9995
    endloop
  endfacet
  facet normal 0 0 1
    outer loop
      vertex -63.576933665966315 59.78913542801275 4.9995
      vertex -63.08517645033006 59.82863075785751 4.9995
      vertex -59.82863075785751 63.08517645033006 4.9995
    endloop
  endfacet
  facet normal 0 0 1
    outer loop
      vertex -64.06970411234022 59.8128488712535 4.9995
      vertex -59.78913542801275 63.576933665966315 4.9995
      vertex -62.24971529679348 61.55996684858612 4.9995
    endloop
  endfacet
  facet normal 0 0 1
    outer loop
      vertex -63.08517645033006 59.82863075785751 4.9995
      vertex -62.60250710531684 59.93068634856364 4.9995
      vertex -59.93068634856364 62.60250710531684 4.9995
    endloop
  endfacet
  facet normal 0 0 1
    outer loop
      vertex -62.60250710531684 59.93068634856364 4.9995
      vertex -62.136851048227655 60.093626450153224 4.9995
      vertex -60.093626450153224 62.136851048227655 4.9995
    endloop
  endfacet
  facet normal 0 0 1
    outer loop
      vertex -62.136851048227655 60.093626450153224 4.9995
      vertex -61.69585433864616 60.314775590662876 4.9995
      vertex -60.314775590662876 61.69585433864616 4.9995
    endloop
  endfacet
  facet normal 0 0 1
    outer loop
      vertex -61.69585433864616 60.314775590662876 4.9995
      vertex -61.28675813035165 60.590502507319435 4.9995
      vertex -60.590502507319435 61.28675813035166 4.9995
    endloop
  endfacet
  facet normal 0 0 1
    outer loop
      vertex -61.28675813035165 60.590502507319435 4.9995
      vertex -60.91627977177428 60.91627977177428 4.9995
      vertex -60.590502507319435 61.28675813035166 4.9995
    endloop
  endfacet
  facet normal 0 0 1
    outer loop
      vertex -61.69585433864616 60.314775590662876 4.9995
      vertex -60.590502507319435 61.28675813035166 4.9995
      vertex -60.314775590662876 61.69585433864616 4.9995
    endloop
  endfacet
  facet normal 0 0 1
    outer loop
      vertex -62.136851048227655 60.093626450153224 4.9995
      vertex -60.314775590662876 61.69585433864616 4.9995
      vertex -60.093626450153224 62.136851048227655 4.9995
    endloop
  endfacet
  facet normal 0 0 1
    outer loop
      vertex -62.60250710531684 59.93068634856364 4.9995
      vertex -60.093626450153224 62.136851048227655 4.9995
      vertex -59.93068634856364 62.60250710531684 4.9995
    endloop
  endfacet
  facet normal 0 0 1
    outer loop
      vertex -63.08517645033006 59.82863075785751 4.9995
      vertex -59.93068634856364 62.60250710531684 4.9995
      vertex -59.82863075785751 63.08517645033006 4.9995
    endloop
  endfacet
  facet normal 0 0 1
    outer loop
      vertex -62.24971529679348 61.55996684858612 4.9995
      vertex -59.78913542801275 63.576933665966315 4.9995
      vertex -61.87087392637612 61.87087392637612 4.9995
    endloop
  endfacet
  facet normal 0 0 1
    outer loop
      vertex -63.576933665966315 59.78913542801275 4.9995
      vertex -59.82863075785751 63.08517645033006 4.9995
      vertex -59.78913542801275 63.576933665966315 4.9995
    endloop
  endfacet
  facet normal 0 0 1
    outer loop
      vertex -61.87087392637612 61.87087392637612 4.9995
      vertex -59.78913542801275 63.576933665966315 4.9995
      vertex -61.55996684858612 62.24971529679348 4.9995
    endloop
  endfacet
  facet normal 0 0 1
    outer loop
      vertex -61.55996684858612 62.24971529679348 4.9995
      vertex -59.8128488712535 64.06970411234022 4.9995
      vertex -61.32894204806427 62.68193229842976 4.9995
    endloop
  endfacet
  facet normal 0 0 1
    outer loop
      vertex -61.32894204806427 62.68193229842976 4.9995
      vertex -59.8128488712535 64.06970411234022 4.9995
      vertex -61.186677678334405 63.15091507430216 4.9995
    endloop
  endfacet
  facet normal 0 0 1
    outer loop
      vertex -61.186677678334405 63.15091507430216 4.9995
      vertex -59.89938171349735 64.5553965123457 4.9995
      vertex -61.13864087934249 63.63864087934249 4.9995
    endloop
  endfacet
  facet normal 0 0 1
    outer loop
      vertex -61.13864087934249 63.63864087934249 4.9995
      vertex -60.04731308786697 65.02603581020232 4.9995
      vertex -61.18667767833441 64.1263666843828 4.9995
    endloop
  endfacet
  facet normal 0 0 1
    outer loop
      vertex -61.55996684858612 62.24971529679348 4.9995
      vertex -59.78913542801275 63.576933665966315 4.9995
      vertex -59.8128488712535 64.06970411234022 4.9995
    endloop
  endfacet
  facet normal 0 0 1
    outer loop
      vertex -61.186677678334405 63.15091507430216 4.9995
      vertex -59.8128488712535 64.06970411234022 4.9995
      vertex -59.89938171349735 64.5553965123457 4.9995
    endloop
  endfacet
  facet normal 0 0 1
    outer loop
      vertex -61.13864087934249 63.63864087934249 4.9995
      vertex -59.89938171349735 64.5553965123457 4.9995
      vertex -60.04731308786697 65.02603581020232 4.9995
    endloop
  endfacet
  facet normal 0 0 1
    outer loop
      vertex -61.87087392637612 65.40640783230886 4.9995
      vertex -61.55996684858612 65.0275664618915 4.9995
      vertex -60.92047660587451 66.35680515281045 4.9995
    endloop
  endfacet
  facet normal 0 0 1
    outer loop
      vertex -61.32894204806427 64.5953494602552 4.9995
      vertex -61.18667767833441 64.1263666843828 4.9995
      vertex -60.254213965285004 65.47389412165084 4.9995
    endloop
  endfacet
  facet normal 0 0 1
    outer loop
      vertex -61.32894204806427 64.5953494602552 4.9995
      vertex -60.51668703906432 65.89161762559897 4.9995
      vertex -61.55996684858612 65.0275664618915 4.9995
    endloop
  endfacet
  facet normal 0 0 1
    outer loop
      vertex -61.18667767833441 64.1263666843828 4.9995
      vertex -60.04731308786697 65.02603581020232 4.9995
      vertex -60.254213965285004 65.47389412165084 4.9995
    endloop
  endfacet
  facet normal 0 0 1
    outer loop
      vertex -61.32894204806427 64.5953494602552 4.9995
      vertex -60.254213965285004 65.47389412165084 4.9995
      vertex -60.51668703906432 65.89161762559897 4.9995
    endloop
  endfacet
  facet normal 0 0 1
    outer loop
      vertex -61.55996684858612 65.0275664618915 4.9995
      vertex -60.51668703906432 65.89161762559897 4.9995
      vertex -60.83042250858995 66.27234731366048 4.9995
    endloop
  endfacet
  facet normal 0 0 1
    outer loop
      vertex -61.55996684858612 65.0275664618915 4.9995
      vertex -60.83042250858995 66.27234731366048 4.9995
      vertex -60.92047660587451 66.35680515281045 4.9995
    endloop
  endfacet
  facet normal 0.6359407878484556 0.7717378533872014 0
    outer loop
      vertex -66.27234731366048 60.83042250858995 4.9995
      vertex -66.27234731366048 60.83042250858995 10
      vertex -65.89161762559897 60.51668703906432 4.9995
    endloop
  endfacet
  facet normal 0.7294073690266745 0.684079593329303 0
    outer loop
      vertex -66.35680515281045 60.92047660587451 4.9995
      vertex -66.27234731366048 60.83042250858995 10
      vertex -66.27234731366048 60.83042250858995 4.9995
    endloop
  endfacet
  facet normal 0.532032076515331 0.8467241992282877 0
    outer loop
      vertex -65.47389412165084 60.254213965285004 4.9995
      vertex -65.89161762559897 60.51668703906432 4.9995
      vertex -65.89161762559897 60.51668703906432 10
    endloop
  endfacet
  facet normal 0.4193874131946535 0.9078073571269936 0
    outer loop
      vertex -65.47389412165084 60.254213965285004 4.9995
      vertex -65.47389412165084 60.254213965285004 10
      vertex -65.02603581020232 60.04731308786697 4.9995
    endloop
  endfacet
  facet normal 0.2998564201439152 0.9539843433193628 0
    outer loop
      vertex -65.02603581020232 60.04731308786697 4.9995
      vertex -65.02603581020232 60.04731308786697 10
      vertex -64.5553965123457 59.89938171349735 4.9995
    endloop
  endfacet
  facet normal 0.17540179296438796 0.9844969329687514 0
    outer loop
      vertex -64.5553965123457 59.89938171349735 4.9995
      vertex -64.5553965123457 59.89938171349735 10
      vertex -64.06970411234022 59.8128488712535 4.9995
    endloop
  endfacet
  facet normal 0.04806707319362151 0.9988441101966807 0
    outer loop
      vertex -64.06970411234022 59.8128488712535 4.9995
      vertex -64.06970411234022 59.8128488712535 10
      vertex -63.576933665966315 59.78913542801275 4.9995
    endloop
  endfacet
  facet normal -0.0800569065900959 0.9967902947497156 0
    outer loop
      vertex -63.576933665966315 59.78913542801275 4.9995
      vertex -63.576933665966315 59.78913542801275 10
      vertex -63.08517645033006 59.82863075785751 4.9995
    endloop
  endfacet
  facet normal -0.20686635418089236 0.9783692102207151 0
    outer loop
      vertex -63.08517645033006 59.82863075785751 4.9995
      vertex -63.08517645033006 59.82863075785751 10
      vertex -62.60250710531684 59.93068634856364 4.9995
    endloop
  endfacet
  facet normal -0.330279061955172 0.9438833303083658 0
    outer loop
      vertex -62.60250710531684 59.93068634856364 4.9995
      vertex -62.60250710531684 59.93068634856364 10
      vertex -62.136851048227655 60.093626450153224 4.9995
    endloop
  endfacet
  facet normal -0.4482685966631946 0.8938989122074208 0
    outer loop
      vertex -62.136851048227655 60.093626450153224 4.9995
      vertex -62.136851048227655 60.093626450153224 10
      vertex -61.69585433864616 60.314775590662876 4.9995
    endloop
  endfacet
  facet normal -0.5588975734070655 0.829236698681199 0
    outer loop
      vertex -61.69585433864616 60.314775590662876 4.9995
      vertex -61.69585433864616 60.314775590662876 10
      vertex -61.28675813035165 60.590502507319435 4.9995
    endloop
  endfacet
  facet normal -0.660349467447164 0.7509584414881072 0
    outer loop
      vertex -61.28675813035165 60.590502507319435 4.9995
      vertex -61.28675813035165 60.590502507319435 10
      vertex -60.91627977177428 60.91627977177428 4.9995
    endloop
  endfacet
  facet normal -0.7509584414881135 0.660349467447157 0
    outer loop
      vertex -60.91627977177428 60.91627977177428 4.9995
      vertex -60.91627977177428 60.91627977177428 10
      vertex -60.590502507319435 61.28675813035166 4.9995
    endloop
  endfacet
  facet normal -0.8292366986811947 0.5588975734070722 0
    outer loop
      vertex -60.590502507319435 61.28675813035166 4.9995
      vertex -60.590502507319435 61.28675813035166 10
      vertex -60.314775590662876 61.69585433864616 4.9995
    endloop
  endfacet
  facet normal -0.8938989122074208 0.4482685966631946 0
    outer loop
      vertex -60.314775590662876 61.69585433864616 4.9995
      vertex -60.314775590662876 61.69585433864616 10
      vertex -60.093626450153224 62.136851048227655 4.9995
    endloop
  endfacet
  facet normal -0.9438833303083658 0.330279061955172 0
    outer loop
      vertex -60.093626450153224 62.136851048227655 4.9995
      vertex -60.093626450153224 62.136851048227655 10
      vertex -59.93068634856364 62.60250710531684 4.9995
    endloop
  endfacet
  facet normal -0.9783692102207151 0.20686635418089236 0
    outer loop
      vertex -59.93068634856364 62.60250710531684 4.9995
      vertex -59.93068634856364 62.60250710531684 10
      vertex -59.82863075785751 63.08517645033006 4.9995
    endloop
  endfacet
  facet normal -0.9967902947497156 0.0800569065900959 0
    outer loop
      vertex -59.82863075785751 63.08517645033006 4.9995
      vertex -59.82863075785751 63.08517645033006 10
      vertex -59.78913542801275 63.576933665966315 4.9995
    endloop
  endfacet
  facet normal -0.9988441101966807 -0.04806707319362151 0
    outer loop
      vertex -59.78913542801275 63.576933665966315 4.9995
      vertex -59.78913542801275 63.576933665966315 10
      vertex -59.8128488712535 64.06970411234022 4.9995
    endloop
  endfacet
  facet normal -0.9844969329687514 -0.17540179296438796 0
    outer loop
      vertex -59.8128488712535 64.06970411234022 4.9995
      vertex -59.8128488712535 64.06970411234022 10
      vertex -59.89938171349735 64.5553965123457 4.9995
    endloop
  endfacet
  facet normal -0.7717378533872014 -0.6359407878484556 0
    outer loop
      vertex -60.51668703906432 65.89161762559897 4.9995
      vertex -60.51668703906432 65.89161762559897 10
      vertex -60.83042250858995 66.27234731366048 4.9995
    endloop
  endfacet
  facet normal -0.684079593329303 -0.7294073690266745 0
    outer loop
      vertex -60.83042250858995 66.27234731366048 4.9995
      vertex -60.83042250858995 66.27234731366048 10
      vertex -60.92047660587451 66.35680515281045 4.9995
    endloop
  endfacet
  facet normal -0.9539843433193628 -0.2998564201439152 0
    outer loop
      vertex -59.89938171349735 64.5553965123457 4.9995
      vertex -59.89938171349735 64.5553965123457 10
      vertex -60.04731308786697 65.02603581020232 4.9995
    endloop
  endfacet
  facet normal -0.9078073571269936 -0.4193874131946535 0
    outer loop
      vertex -60.04731308786697 65.02603581020232 4.9995
      vertex -60.04731308786697 65.02603581020232 10
      vertex -60.254213965285004 65.47389412165084 4.9995
    endloop
  endfacet
  facet normal -0.8467241992282877 -0.532032076515331 0
    outer loop
      vertex -60.51668703906432 65.89161762559897 4.9995
      vertex -60.254213965285004 65.47389412165084 4.9995
      vertex -60.254213965285004 65.47389412165084 10
    endloop
  endfacet
  facet normal 0.7294073690266745 0.684079593329303 0
    outer loop
      vertex -66.35680515281045 60.92047660587451 4.9995
      vertex -66.35680515281045 60.92047660587451 10
      vertex -66.27234731366048 60.83042250858995 10
    endloop
  endfacet
  facet normal 0.532032076515331 0.8467241992282877 0
    outer loop
      vertex -65.47389412165084 60.254213965285004 4.9995
      vertex -65.89161762559897 60.51668703906432 10
      vertex -65.47389412165084 60.254213965285004 10
    endloop
  endfacet
  facet normal 0.4193874131946535 0.9078073571269936 0
    outer loop
      vertex -65.02603581020232 60.04731308786697 4.9995
      vertex -65.47389412165084 60.254213965285004 10
      vertex -65.02603581020232 60.04731308786697 10
    endloop
  endfacet
  facet normal 0.2998564201439152 0.9539843433193628 0
    outer loop
      vertex -64.5553965123457 59.89938171349735 4.9995
      vertex -65.02603581020232 60.04731308786697 10
      vertex -64.5553965123457 59.89938171349735 10
    endloop
  endfacet
  facet normal 0.6359407878484556 0.7717378533872014 0
    outer loop
      vertex -65.89161762559897 60.51668703906432 4.9995
      vertex -66.27234731366048 60.83042250858995 10
      vertex -65.89161762559897 60.51668703906432 10
    endloop
  endfacet
  facet normal 0.17540179296438796 0.9844969329687514 0
    outer loop
      vertex -64.06970411234022 59.8128488712535 4.9995
      vertex -64.5553965123457 59.89938171349735 10
      vertex -64.06970411234022 59.8128488712535 10
    endloop
  endfacet
  facet normal 0.04806707319362151 0.9988441101966807 0
    outer loop
      vertex -63.576933665966315 59.78913542801275 4.9995
      vertex -64.06970411234022 59.8128488712535 10
      vertex -63.576933665966315 59.78913542801275 10
    endloop
  endfacet
  facet normal -0.0800569065900959 0.9967902947497156 0
    outer loop
      vertex -63.08517645033006 59.82863075785751 4.9995
      vertex -63.576933665966315 59.78913542801275 10
      vertex -63.08517645033006 59.82863075785751 10
    endloop
  endfacet
  facet normal -0.20686635418089236 0.9783692102207151 0
    outer loop
      vertex -62.60250710531684 59.93068634856364 4.9995
      vertex -63.08517645033006 59.82863075785751 10
      vertex -62.60250710531684 59.93068634856364 10
    endloop
  endfacet
  facet normal -0.330279061955172 0.9438833303083658 0
    outer loop
      vertex -62.136851048227655 60.093626450153224 4.9995
      vertex -62.60250710531684 59.93068634856364 10
      vertex -62.136851048227655 60.093626450153224 10
    endloop
  endfacet
  facet normal -0.4482685966631946 0.8938989122074208 0
    outer loop
      vertex -61.69585433864616 60.314775590662876 4.9995
      vertex -62.136851048227655 60.093626450153224 10
      vertex -61.69585433864616 60.314775590662876 10
    endloop
  endfacet
  facet normal -0.5588975734070655 0.829236698681199 0
    outer loop
      vertex -61.28675813035165 60.590502507319435 4.9995
      vertex -61.69585433864616 60.314775590662876 10
      vertex -61.28675813035165 60.590502507319435 10
    endloop
  endfacet
  facet normal -0.660349467447164 0.7509584414881072 0
    outer loop
      vertex -60.91627977177428 60.91627977177428 4.9995
      vertex -61.28675813035165 60.590502507319435 10
      vertex -60.91627977177428 60.91627977177428 10
    endloop
  endfacet
  facet normal -0.7509584414881135 0.660349467447157 0
    outer loop
      vertex -60.590502507319435 61.28675813035166 4.9995
      vertex -60.91627977177428 60.91627977177428 10
      vertex -60.590502507319435 61.28675813035166 10
    endloop
  endfacet
  facet normal -0.8292366986811947 0.5588975734070722 0
    outer loop
      vertex -60.314775590662876 61.69585433864616 4.9995
      vertex -60.590502507319435 61.28675813035166 10
      vertex -60.314775590662876 61.69585433864616 10
    endloop
  endfacet
  facet normal -0.8938989122074208 0.4482685966631946 0
    outer loop
      vertex -60.093626450153224 62.136851048227655 4.9995
      vertex -60.314775590662876 61.69585433864616 10
      vertex -60.093626450153224 62.136851048227655 10
    endloop
  endfacet
  facet normal -0.9438833303083658 0.330279061955172 0
    outer loop
      vertex -59.93068634856364 62.60250710531684 4.9995
      vertex -60.093626450153224 62.136851048227655 10
      vertex -59.93068634856364 62.60250710531684 10
    endloop
  endfacet
  facet normal -0.9783692102207151 0.20686635418089236 0
    outer loop
      vertex -59.82863075785751 63.08517645033006 4.9995
      vertex -59.93068634856364 62.60250710531684 10
      vertex -59.82863075785751 63.08517645033006 10
    endloop
  endfacet
  facet normal -0.9967902947497156 0.0800569065900959 0
    outer loop
      vertex -59.78913542801275 63.576933665966315 4.9995
      vertex -59.82863075785751 63.08517645033006 10
      vertex -59.78913542801275 63.576933665966315 10
    endloop
  endfacet
  facet normal -0.9988441101966807 -0.04806707319362151 0
    outer loop
      vertex -59.8128488712535 64.06970411234022 4.9995
      vertex -59.78913542801275 63.576933665966315 10
      vertex -59.8128488712535 64.06970411234022 10
    endloop
  endfacet
  facet normal -0.9844969329687514 -0.17540179296438796 0
    outer loop
      vertex -59.89938171349735 64.5553965123457 4.9995
      vertex -59.8128488712535 64.06970411234022 10
      vertex -59.89938171349735 64.5553965123457 10
    endloop
  endfacet
  facet normal -0.684079593329303 -0.7294073690266745 0
    outer loop
      vertex -60.92047660587451 66.35680515281045 4.9995
      vertex -60.83042250858995 66.27234731366048 10
      vertex -60.92047660587451 66.35680515281045 10
    endloop
  endfacet
  facet normal -0.7717378533872014 -0.6359407878484556 0
    outer loop
      vertex -60.83042250858995 66.27234731366048 4.9995
      vertex -60.51668703906432 65.89161762559897 10
      vertex -60.83042250858995 66.27234731366048 10
    endloop
  endfacet
  facet normal -0.9078073571269936 -0.4193874131946535 0
    outer loop
      vertex -60.254213965285004 65.47389412165084 4.9995
      vertex -60.04731308786697 65.02603581020232 10
      vertex -60.254213965285004 65.47389412165084 10
    endloop
  endfacet
  facet normal -0.9539843433193628 -0.2998564201439152 0
    outer loop
      vertex -60.04731308786697 65.02603581020232 4.9995
      vertex -59.89938171349735 64.5553965123457 10
      vertex -60.04731308786697 65.02603581020232 10
    endloop
  endfacet
  facet normal -0.8467241992282877 -0.532032076515331 0
    outer loop
      vertex -60.51668703906432 65.89161762559897 4.9995
      vertex -60.254213965285004 65.47389412165084 10
      vertex -60.51668703906432 65.89161762559897 10
    endloop
  endfacet
  facet normal 0 0 1
    outer loop
      vertex 70.64319484718955 76.07952339412549 4.9995
      vertex 71.9724335381085 75.44003315141387 4.9995
      vertex 70.72765268633952 76.16957749141005 4.9995
    endloop
  endfacet
  facet normal 0 0 1
    outer loop
      vertex 70.64319484718955 76.07952339412549 4.9995
      vertex 71.59359216769114 75.12912607362388 4.9995
      vertex 71.9724335381085 75.44003315141387 4.9995
    endloop
  endfacet
  facet normal 0 0 1
    outer loop
      vertex 71.9724335381085 75.44003315141387 4.9995
      vertex 72.4046505397448 75.67105795193574 4.9995
      vertex 71.10838237440103 76.48331296093568 4.9995
    endloop
  endfacet
  facet normal 0 0 1
    outer loop
      vertex 70.72765268633952 76.16957749141005 4.9995
      vertex 71.9724335381085 75.44003315141387 4.9995
      vertex 71.10838237440103 76.48331296093568 4.9995
    endloop
  endfacet
  facet normal 0 0 1
    outer loop
      vertex 72.4046505397448 75.67105795193574 4.9995
      vertex 71.52610587834916 76.745786034715 4.9995
      vertex 71.10838237440103 76.48331296093568 4.9995
    endloop
  endfacet
  facet normal 0 0 1
    outer loop
      vertex 72.4046505397448 75.67105795193574 4.9995
      vertex 72.8736333156172 75.8133223216656 4.9995
      vertex 71.52610587834916 76.745786034715 4.9995
    endloop
  endfacet
  facet normal 0 0 1
    outer loop
      vertex 72.8736333156172 75.8133223216656 4.9995
      vertex 71.97396418979768 76.95268691213303 4.9995
      vertex 71.52610587834916 76.745786034715 4.9995
    endloop
  endfacet
  facet normal 0 0 1
    outer loop
      vertex 72.8736333156172 75.8133223216656 4.9995
      vertex 73.36135912065751 75.86135912065751 4.9995
      vertex 71.97396418979768 76.95268691213303 4.9995
    endloop
  endfacet
  facet normal 0 0 1
    outer loop
      vertex 73.36135912065751 75.86135912065751 4.9995
      vertex 72.4446034876543 77.10061828650265 4.9995
      vertex 71.97396418979768 76.95268691213303 4.9995
    endloop
  endfacet
  facet normal 0 0 1
    outer loop
      vertex 73.84908492569784 75.8133223216656 4.9995
      vertex 72.93029588765978 77.1871511287465 4.9995
      vertex 72.4446034876543 77.10061828650265 4.9995
    endloop
  endfacet
  facet normal 0 0 1
    outer loop
      vertex 76.07952339412549 70.64319484718955 4.9995
      vertex 76.16957749141005 70.72765268633952 4.9995
      vertex 75.12912607362388 71.59359216769114 4.9995
    endloop
  endfacet
  facet normal 0 0 1
    outer loop
      vertex 76.16957749141005 70.72765268633952 4.9995
      vertex 76.48331296093568 71.10838237440103 4.9995
      vertex 75.12912607362388 71.59359216769114 4.9995
    endloop
  endfacet
  facet normal 0 0 1
    outer loop
      vertex 75.12912607362388 71.59359216769114 4.9995
      vertex 76.48331296093568 71.10838237440103 4.9995
      vertex 75.44003315141387 71.9724335381085 4.9995
    endloop
  endfacet
  facet normal 0 0 1
    outer loop
      vertex 75.44003315141387 71.9724335381085 4.9995
      vertex 76.48331296093568 71.10838237440103 4.9995
      vertex 76.745786034715 71.52610587834916 4.9995
    endloop
  endfacet
  facet normal 0 0 1
    outer loop
      vertex 75.44003315141387 71.9724335381085 4.9995
      vertex 76.745786034715 71.52610587834916 4.9995
      vertex 75.67105795193574 72.4046505397448 4.9995
    endloop
  endfacet
  facet normal 0 0 1
    outer loop
      vertex 75.67105795193574 72.4046505397448 4.9995
      vertex 76.95268691213303 71.97396418979768 4.9995
      vertex 75.8133223216656 72.8736333156172 4.9995
    endloop
  endfacet
  facet normal 0 0 1
    outer loop
      vertex 75.67105795193574 72.4046505397448 4.9995
      vertex 76.745786034715 71.52610587834916 4.9995
      vertex 76.95268691213303 71.97396418979768 4.9995
    endloop
  endfacet
  facet normal 0 0 1
    outer loop
      vertex 75.8133223216656 72.8736333156172 4.9995
      vertex 77.10061828650265 72.4446034876543 4.9995
      vertex 75.86135912065751 73.36135912065751 4.9995
    endloop
  endfacet
  facet normal 0 0 1
    outer loop
      vertex 75.8133223216656 72.8736333156172 4.9995
      vertex 76.95268691213303 71.97396418979768 4.9995
      vertex 77.10061828650265 72.4446034876543 4.9995
    endloop
  endfacet
  facet normal 0 0 1
    outer loop
      vertex 75.8133223216656 73.84908492569784 4.9995
      vertex 77.10061828650265 72.4446034876543 4.9995
      vertex 77.18715112874649 72.93029588765978 4.9995
    endloop
  endfacet
  facet normal 0 0 1
    outer loop
      vertex 74.75028470320652 75.44003315141387 4.9995
      vertex 75.12912607362388 75.12912607362388 4.9995
      vertex 73.42306633403368 77.21086457198724 4.9995
    endloop
  endfacet
  facet normal 0 0 1
    outer loop
      vertex 75.44003315141387 74.75028470320652 4.9995
      vertex 73.42306633403368 77.21086457198724 4.9995
      vertex 75.12912607362388 75.12912607362388 4.9995
    endloop
  endfacet
  facet normal 0 0 1
    outer loop
      vertex 73.42306633403368 77.21086457198724 4.9995
      vertex 77.21086457198726 73.42306633403369 4.9995
      vertex 73.91482354966993 77.17136924214249 4.9995
    endloop
  endfacet
  facet normal 0 0 1
    outer loop
      vertex 75.44003315141387 74.75028470320652 4.9995
      vertex 77.18715112874649 72.93029588765978 4.9995
      vertex 73.42306633403368 77.21086457198724 4.9995
    endloop
  endfacet
  facet normal 0 0 1
    outer loop
      vertex 73.36135912065751 75.86135912065751 4.9995
      vertex 73.84908492569784 75.8133223216656 4.9995
      vertex 72.4446034876543 77.10061828650265 4.9995
    endloop
  endfacet
  facet normal 0 0 1
    outer loop
      vertex 73.84908492569784 75.8133223216656 4.9995
      vertex 74.31806770157024 75.67105795193574 4.9995
      vertex 72.93029588765978 77.1871511287465 4.9995
    endloop
  endfacet
  facet normal 0 0 1
    outer loop
      vertex 74.75028470320652 75.44003315141387 4.9995
      vertex 73.42306633403368 77.21086457198724 4.9995
      vertex 72.93029588765978 77.1871511287465 4.9995
    endloop
  endfacet
  facet normal 0 0 1
    outer loop
      vertex 74.75028470320652 75.44003315141387 4.9995
      vertex 72.93029588765978 77.1871511287465 4.9995
      vertex 74.31806770157024 75.67105795193574 4.9995
    endloop
  endfacet
  facet normal 0 0 1
    outer loop
      vertex 73.91482354966993 77.17136924214249 4.9995
      vertex 77.17136924214249 73.91482354966993 4.9995
      vertex 74.39749289468315 77.06931365143636 4.9995
    endloop
  endfacet
  facet normal 0 0 1
    outer loop
      vertex 74.39749289468315 77.06931365143636 4.9995
      vertex 77.06931365143636 74.39749289468315 4.9995
      vertex 74.86314895177235 76.90637354984678 4.9995
    endloop
  endfacet
  facet normal 0 0 1
    outer loop
      vertex 74.86314895177235 76.90637354984678 4.9995
      vertex 76.90637354984678 74.86314895177235 4.9995
      vertex 75.30414566135384 76.68522440933712 4.9995
    endloop
  endfacet
  facet normal 0 0 1
    outer loop
      vertex 75.30414566135384 76.68522440933712 4.9995
      vertex 76.68522440933712 75.30414566135384 4.9995
      vertex 75.71324186964834 76.40949749268057 4.9995
    endloop
  endfacet
  facet normal 0 0 1
    outer loop
      vertex 75.86135912065751 73.36135912065751 4.9995
      vertex 77.10061828650265 72.4446034876543 4.9995
      vertex 75.8133223216656 73.84908492569784 4.9995
    endloop
  endfacet
  facet normal 0 0 1
    outer loop
      vertex 75.8133223216656 73.84908492569784 4.9995
      vertex 77.18715112874649 72.93029588765978 4.9995
      vertex 75.67105795193574 74.31806770157024 4.9995
    endloop
  endfacet
  facet normal 0 0 1
    outer loop
      vertex 75.44003315141387 74.75028470320652 4.9995
      vertex 75.67105795193574 74.31806770157024 4.9995
      vertex 77.18715112874649 72.93029588765978 4.9995
    endloop
  endfacet
  facet normal 0 0 1
    outer loop
      vertex 73.42306633403368 77.21086457198724 4.9995
      vertex 77.18715112874649 72.93029588765978 4.9995
      vertex 77.21086457198726 73.42306633403369 4.9995
    endloop
  endfacet
  facet normal 0 0 1
    outer loop
      vertex 73.91482354966993 77.17136924214249 4.9995
      vertex 77.21086457198726 73.42306633403369 4.9995
      vertex 77.17136924214249 73.91482354966993 4.9995
    endloop
  endfacet
  facet normal 0 0 1
    outer loop
      vertex 74.39749289468315 77.06931365143636 4.9995
      vertex 77.17136924214249 73.91482354966993 4.9995
      vertex 77.06931365143636 74.39749289468315 4.9995
    endloop
  endfacet
  facet normal 0 0 1
    outer loop
      vertex 74.86314895177235 76.90637354984678 4.9995
      vertex 77.06931365143636 74.39749289468315 4.9995
      vertex 76.90637354984678 74.86314895177235 4.9995
    endloop
  endfacet
  facet normal 0 0 1
    outer loop
      vertex 75.71324186964834 76.40949749268057 4.9995
      vertex 76.68522440933712 75.30414566135384 4.9995
      vertex 76.40949749268057 75.71324186964834 4.9995
    endloop
  endfacet
  facet normal 0 0 1
    outer loop
      vertex 75.30414566135384 76.68522440933712 4.9995
      vertex 76.90637354984678 74.86314895177235 4.9995
      vertex 76.68522440933712 75.30414566135384 4.9995
    endloop
  endfacet
  facet normal 0 0 1
    outer loop
      vertex 76.08372022822573 76.08372022822573 4.9995
      vertex 75.71324186964834 76.40949749268057 4.9995
      vertex 76.40949749268057 75.71324186964834 4.9995
    endloop
  endfacet
  facet normal 0.7294073690266745 -0.684079593329303 0
    outer loop
      vertex 70.64319484718955 76.07952339412549 4.9995
      vertex 70.72765268633952 76.16957749141005 4.9995
      vertex 70.72765268633952 76.16957749141005 10
    endloop
  endfacet
  facet normal 0.6359407878484556 -0.7717378533872014 0
    outer loop
      vertex 70.72765268633952 76.16957749141005 4.9995
      vertex 71.10838237440103 76.48331296093568 4.9995
      vertex 71.10838237440103 76.48331296093568 10
    endloop
  endfacet
  facet normal 0.532032076515331 -0.8467241992282877 0
    outer loop
      vertex 71.10838237440103 76.48331296093568 4.9995
      vertex 71.52610587834916 76.745786034715 4.9995
      vertex 71.52610587834916 76.745786034715 10
    endloop
  endfacet
  facet normal 0.4193874131946535 -0.9078073571269936 0
    outer loop
      vertex 71.52610587834916 76.745786034715 4.9995
      vertex 71.97396418979768 76.95268691213303 4.9995
      vertex 71.97396418979768 76.95268691213303 10
    endloop
  endfacet
  facet normal 0.2998564201439152 -0.9539843433193628 0
    outer loop
      vertex 71.97396418979768 76.95268691213303 4.9995
      vertex 72.4446034876543 77.10061828650265 4.9995
      vertex 72.4446034876543 77.10061828650265 10
    endloop
  endfacet
  facet normal 0.1754017929644019 -0.9844969329687487 0
    outer loop
      vertex 72.4446034876543 77.10061828650265 4.9995
      vertex 72.93029588765978 77.1871511287465 4.9995
      vertex 72.93029588765978 77.1871511287465 10
    endloop
  endfacet
  facet normal -0.684079593329303 0.7294073690266745 0
    outer loop
      vertex 76.07952339412549 70.64319484718955 4.9995
      vertex 76.16957749141005 70.72765268633952 10
      vertex 76.16957749141005 70.72765268633952 4.9995
    endloop
  endfacet
  facet normal -0.7717378533872014 0.6359407878484556 0
    outer loop
      vertex 76.16957749141005 70.72765268633952 4.9995
      vertex 76.16957749141005 70.72765268633952 10
      vertex 76.48331296093568 71.10838237440103 4.9995
    endloop
  endfacet
  facet normal -0.8467241992282877 0.532032076515331 0
    outer loop
      vertex 76.48331296093568 71.10838237440103 4.9995
      vertex 76.48331296093568 71.10838237440103 10
      vertex 76.745786034715 71.52610587834916 4.9995
    endloop
  endfacet
  facet normal -0.9078073571269936 0.4193874131946535 0
    outer loop
      vertex 76.745786034715 71.52610587834916 4.9995
      vertex 76.745786034715 71.52610587834916 10
      vertex 76.95268691213303 71.97396418979768 4.9995
    endloop
  endfacet
  facet normal -0.9539843433193628 0.2998564201439152 0
    outer loop
      vertex 76.95268691213303 71.97396418979768 4.9995
      vertex 76.95268691213303 71.97396418979768 10
      vertex 77.10061828650265 72.4446034876543 4.9995
    endloop
  endfacet
  facet normal -0.9844969329687537 0.17540179296437397 0
    outer loop
      vertex 77.10061828650265 72.4446034876543 4.9995
      vertex 77.10061828650265 72.4446034876543 10
      vertex 77.18715112874649 72.93029588765978 4.9995
    endloop
  endfacet
  facet normal -0.9988441101966795 0.048067073193649563 0
    outer loop
      vertex 77.18715112874649 72.93029588765978 4.9995
      vertex 77.18715112874649 72.93029588765978 10
      vertex 77.21086457198726 73.42306633403369 4.9995
    endloop
  endfacet
  facet normal 0.04806707319359347 -0.9988441101966822 0
    outer loop
      vertex 72.93029588765978 77.1871511287465 4.9995
      vertex 73.42306633403368 77.21086457198724 4.9995
      vertex 73.42306633403368 77.21086457198724 10
    endloop
  endfacet
  facet normal -0.08005690659008158 -0.9967902947497166 0
    outer loop
      vertex 73.42306633403368 77.21086457198724 4.9995
      vertex 73.91482354966993 77.17136924214249 4.9995
      vertex 73.91482354966993 77.17136924214249 10
    endloop
  endfacet
  facet normal -0.20686635418089236 -0.9783692102207151 0
    outer loop
      vertex 73.91482354966993 77.17136924214249 4.9995
      vertex 74.39749289468315 77.06931365143636 4.9995
      vertex 74.39749289468315 77.06931365143636 10
    endloop
  endfacet
  facet normal -0.3302790619551675 -0.9438833303083675 0
    outer loop
      vertex 74.39749289468315 77.06931365143636 4.9995
      vertex 74.86314895177235 76.90637354984678 4.9995
      vertex 74.86314895177235 76.90637354984678 10
    endloop
  endfacet
  facet normal -0.4482685966631946 -0.8938989122074208 0
    outer loop
      vertex 74.86314895177235 76.90637354984678 4.9995
      vertex 75.30414566135384 76.68522440933712 4.9995
      vertex 75.30414566135384 76.68522440933712 10
    endloop
  endfacet
  facet normal -0.5588975734070623 -0.8292366986812012 0
    outer loop
      vertex 75.30414566135384 76.68522440933712 4.9995
      vertex 75.71324186964834 76.40949749268057 4.9995
      vertex 75.71324186964834 76.40949749268057 10
    endloop
  endfacet
  facet normal -0.9967902947497141 -0.0800569065901125 0
    outer loop
      vertex 77.21086457198726 73.42306633403369 4.9995
      vertex 77.21086457198726 73.42306633403369 10
      vertex 77.17136924214249 73.91482354966993 4.9995
    endloop
  endfacet
  facet normal -0.9783692102207151 -0.20686635418089236 0
    outer loop
      vertex 77.17136924214249 73.91482354966993 4.9995
      vertex 77.17136924214249 73.91482354966993 10
      vertex 77.06931365143636 74.39749289468315 4.9995
    endloop
  endfacet
  facet normal -0.8292366986812012 -0.5588975734070623 0
    outer loop
      vertex 76.68522440933712 75.30414566135384 4.9995
      vertex 76.68522440933712 75.30414566135384 10
      vertex 76.40949749268057 75.71324186964834 4.9995
    endloop
  endfacet
  facet normal -0.7509584414881197 -0.6603494674471497 0
    outer loop
      vertex 76.08372022822573 76.08372022822573 4.9995
      vertex 76.40949749268057 75.71324186964834 4.9995
      vertex 76.40949749268057 75.71324186964834 10
    endloop
  endfacet
  facet normal -0.8938989122074208 -0.4482685966631946 0
    outer loop
      vertex 76.90637354984678 74.86314895177235 4.9995
      vertex 76.90637354984678 74.86314895177235 10
      vertex 76.68522440933712 75.30414566135384 4.9995
    endloop
  endfacet
  facet normal -0.9438833303083675 -0.3302790619551675 0
    outer loop
      vertex 77.06931365143636 74.39749289468315 4.9995
      vertex 77.06931365143636 74.39749289468315 10
      vertex 76.90637354984678 74.86314895177235 4.9995
    endloop
  endfacet
  facet normal -0.6603494674471497 -0.7509584414881197 0
    outer loop
      vertex 76.08372022822573 76.08372022822573 4.9995
      vertex 76.08372022822573 76.08372022822573 10
      vertex 75.71324186964834 76.40949749268057 4.9995
    endloop
  endfacet
  facet normal 0.7294073690266745 -0.684079593329303 0
    outer loop
      vertex 70.64319484718955 76.07952339412549 4.9995
      vertex 70.72765268633952 76.16957749141005 10
      vertex 70.64319484718955 76.07952339412549 10
    endloop
  endfacet
  facet normal 0.6359407878484556 -0.7717378533872014 0
    outer loop
      vertex 70.72765268633952 76.16957749141005 4.9995
      vertex 71.10838237440103 76.48331296093568 10
      vertex 70.72765268633952 76.16957749141005 10
    endloop
  endfacet
  facet normal 0.532032076515331 -0.8467241992282877 0
    outer loop
      vertex 71.10838237440103 76.48331296093568 4.9995
      vertex 71.52610587834916 76.745786034715 10
      vertex 71.10838237440103 76.48331296093568 10
    endloop
  endfacet
  facet normal 0.4193874131946535 -0.9078073571269936 0
    outer loop
      vertex 71.52610587834916 76.745786034715 4.9995
      vertex 71.97396418979768 76.95268691213303 10
      vertex 71.52610587834916 76.745786034715 10
    endloop
  endfacet
  facet normal 0.2998564201439152 -0.9539843433193628 0
    outer loop
      vertex 71.97396418979768 76.95268691213303 4.9995
      vertex 72.4446034876543 77.10061828650265 10
      vertex 71.97396418979768 76.95268691213303 10
    endloop
  endfacet
  facet normal 0.1754017929644019 -0.9844969329687487 0
    outer loop
      vertex 72.4446034876543 77.10061828650265 4.9995
      vertex 72.93029588765978 77.1871511287465 10
      vertex 72.4446034876543 77.10061828650265 10
    endloop
  endfacet
  facet normal 0.04806707319359347 -0.9988441101966822 0
    outer loop
      vertex 72.93029588765978 77.1871511287465 4.9995
      vertex 73.42306633403368 77.21086457198724 10
      vertex 72.93029588765978 77.1871511287465 10
    endloop
  endfacet
  facet normal -0.684079593329303 0.7294073690266745 0
    outer loop
      vertex 76.07952339412549 70.64319484718955 4.9995
      vertex 76.07952339412549 70.64319484718955 10
      vertex 76.16957749141005 70.72765268633952 10
    endloop
  endfacet
  facet normal -0.7717378533872014 0.6359407878484556 0
    outer loop
      vertex 76.48331296093568 71.10838237440103 4.9995
      vertex 76.16957749141005 70.72765268633952 10
      vertex 76.48331296093568 71.10838237440103 10
    endloop
  endfacet
  facet normal -0.8467241992282877 0.532032076515331 0
    outer loop
      vertex 76.745786034715 71.52610587834916 4.9995
      vertex 76.48331296093568 71.10838237440103 10
      vertex 76.745786034715 71.52610587834916 10
    endloop
  endfacet
  facet normal -0.9078073571269936 0.4193874131946535 0
    outer loop
      vertex 76.95268691213303 71.97396418979768 4.9995
      vertex 76.745786034715 71.52610587834916 10
      vertex 76.95268691213303 71.97396418979768 10
    endloop
  endfacet
  facet normal -0.9539843433193628 0.2998564201439152 0
    outer loop
      vertex 77.10061828650265 72.4446034876543 4.9995
      vertex 76.95268691213303 71.97396418979768 10
      vertex 77.10061828650265 72.4446034876543 10
    endloop
  endfacet
  facet normal -0.9844969329687537 0.17540179296437397 0
    outer loop
      vertex 77.18715112874649 72.93029588765978 4.9995
      vertex 77.10061828650265 72.4446034876543 10
      vertex 77.18715112874649 72.93029588765978 10
    endloop
  endfacet
  facet normal -0.08005690659008158 -0.9967902947497166 0
    outer loop
      vertex 73.42306633403368 77.21086457198724 4.9995
      vertex 73.91482354966993 77.17136924214249 10
      vertex 73.42306633403368 77.21086457198724 10
    endloop
  endfacet
  facet normal -0.20686635418089236 -0.9783692102207151 0
    outer loop
      vertex 73.91482354966993 77.17136924214249 4.9995
      vertex 74.39749289468315 77.06931365143636 10
      vertex 73.91482354966993 77.17136924214249 10
    endloop
  endfacet
  facet normal -0.3302790619551675 -0.9438833303083675 0
    outer loop
      vertex 74.39749289468315 77.06931365143636 4.9995
      vertex 74.86314895177235 76.90637354984678 10
      vertex 74.39749289468315 77.06931365143636 10
    endloop
  endfacet
  facet normal -0.4482685966631946 -0.8938989122074208 0
    outer loop
      vertex 74.86314895177235 76.90637354984678 4.9995
      vertex 75.30414566135384 76.68522440933712 10
      vertex 74.86314895177235 76.90637354984678 10
    endloop
  endfacet
  facet normal -0.5588975734070623 -0.8292366986812012 0
    outer loop
      vertex 75.30414566135384 76.68522440933712 4.9995
      vertex 75.71324186964834 76.40949749268057 10
      vertex 75.30414566135384 76.68522440933712 10
    endloop
  endfacet
  facet normal -0.6603494674471497 -0.7509584414881197 0
    outer loop
      vertex 75.71324186964834 76.40949749268057 4.9995
      vertex 76.08372022822573 76.08372022822573 10
      vertex 75.71324186964834 76.40949749268057 10
    endloop
  endfacet
  facet normal -0.9988441101966795 0.048067073193649563 0
    outer loop
      vertex 77.21086457198726 73.42306633403369 4.9995
      vertex 77.18715112874649 72.93029588765978 10
      vertex 77.21086457198726 73.42306633403369 10
    endloop
  endfacet
  facet normal -0.9967902947497141 -0.0800569065901125 0
    outer loop
      vertex 77.17136924214249 73.91482354966993 4.9995
      vertex 77.21086457198726 73.42306633403369 10
      vertex 77.17136924214249 73.91482354966993 10
    endloop
  endfacet
  facet normal -0.9783692102207151 -0.20686635418089236 0
    outer loop
      vertex 77.06931365143636 74.39749289468315 4.9995
      vertex 77.17136924214249 73.91482354966993 10
      vertex 77.06931365143636 74.39749289468315 10
    endloop
  endfacet
  facet normal -0.8292366986812012 -0.5588975734070623 0
    outer loop
      vertex 76.40949749268057 75.71324186964834 4.9995
      vertex 76.68522440933712 75.30414566135384 10
      vertex 76.40949749268057 75.71324186964834 10
    endloop
  endfacet
  facet normal -0.9438833303083675 -0.3302790619551675 0
    outer loop
      vertex 76.90637354984678 74.86314895177235 4.9995
      vertex 77.06931365143636 74.39749289468315 10
      vertex 76.90637354984678 74.86314895177235 10
    endloop
  endfacet
  facet normal -0.8938989122074208 -0.4482685966631946 0
    outer loop
      vertex 76.68522440933712 75.30414566135384 4.9995
      vertex 76.90637354984678 74.86314895177235 10
      vertex 76.68522440933712 75.30414566135384 10
    endloop
  endfacet
  facet normal -0.7509584414881197 -0.6603494674471497 0
    outer loop
      vertex 76.08372022822573 76.08372022822573 4.9995
      vertex 76.40949749268057 75.71324186964834 10
      vertex 76.08372022822573 76.08372022822573 10
    endloop
  endfacet
  facet normal 0 0 1
    outer loop
      vertex 71.10838237440103 -76.48331296093568 4.9995
      vertex 71.52610587834916 -76.745786034715 4.9995
      vertex 71.9724335381085 -75.44003315141387 4.9995
    endloop
  endfacet
  facet normal 0 0 1
    outer loop
      vertex 71.52610587834916 -76.745786034715 4.9995
      vertex 71.97396418979768 -76.95268691213303 4.9995
      vertex 72.4046505397448 -75.67105795193574 4.9995
    endloop
  endfacet
  facet normal 0 0 1
    outer loop
      vertex 71.52610587834916 -76.745786034715 4.9995
      vertex 72.4046505397448 -75.67105795193574 4.9995
      vertex 71.9724335381085 -75.44003315141387 4.9995
    endloop
  endfacet
  facet normal 0 0 1
    outer loop
      vertex 71.97396418979768 -76.95268691213303 4.9995
      vertex 72.8736333156172 -75.8133223216656 4.9995
      vertex 72.4046505397448 -75.67105795193574 4.9995
    endloop
  endfacet
  facet normal 0 0 1
    outer loop
      vertex 72.4446034876543 -77.10061828650265 4.9995
      vertex 72.93029588765978 -77.18715112874649 4.9995
      vertex 73.84908492569784 -75.8133223216656 4.9995
    endloop
  endfacet
  facet normal 0 0 1
    outer loop
      vertex 71.97396418979768 -76.95268691213303 4.9995
      vertex 72.4446034876543 -77.10061828650265 4.9995
      vertex 72.8736333156172 -75.8133223216656 4.9995
    endloop
  endfacet
  facet normal 0 0 1
    outer loop
      vertex 72.4446034876543 -77.10061828650265 4.9995
      vertex 73.36135912065751 -75.86135912065751 4.9995
      vertex 72.8736333156172 -75.8133223216656 4.9995
    endloop
  endfacet
  facet normal 0 0 1
    outer loop
      vertex 70.64319484718955 -76.07952339412549 4.9995
      vertex 70.72765268633952 -76.16957749141005 4.9995
      vertex 71.59359216769114 -75.12912607362388 4.9995
    endloop
  endfacet
  facet normal 0 0 1
    outer loop
      vertex 70.72765268633952 -76.16957749141005 4.9995
      vertex 71.10838237440103 -76.48331296093568 4.9995
      vertex 71.59359216769114 -75.12912607362388 4.9995
    endloop
  endfacet
  facet normal 0 0 1
    outer loop
      vertex 71.10838237440103 -76.48331296093568 4.9995
      vertex 71.9724335381085 -75.44003315141387 4.9995
      vertex 71.59359216769114 -75.12912607362388 4.9995
    endloop
  endfacet
  facet normal 0 0 1
    outer loop
      vertex 72.4446034876543 -77.10061828650265 4.9995
      vertex 73.84908492569784 -75.8133223216656 4.9995
      vertex 73.36135912065751 -75.86135912065751 4.9995
    endloop
  endfacet
  facet normal 0 0 1
    outer loop
      vertex 72.93029588765978 -77.18715112874649 4.9995
      vertex 74.31806770157024 -75.67105795193574 4.9995
      vertex 73.84908492569784 -75.8133223216656 4.9995
    endloop
  endfacet
  facet normal 0 0 1
    outer loop
      vertex 72.93029588765978 -77.18715112874649 4.9995
      vertex 74.75028470320652 -75.44003315141387 4.9995
      vertex 74.31806770157024 -75.67105795193574 4.9995
    endloop
  endfacet
  facet normal 0 0 1
    outer loop
      vertex 72.93029588765978 -77.18715112874649 4.9995
      vertex 73.42306633403369 -77.21086457198726 4.9995
      vertex 77.21086457198724 -73.42306633403368 4.9995
    endloop
  endfacet
  facet normal 0 0 1
    outer loop
      vertex 73.42306633403369 -77.21086457198726 4.9995
      vertex 73.91482354966993 -77.17136924214249 4.9995
      vertex 77.17136924214249 -73.91482354966993 4.9995
    endloop
  endfacet
  facet normal 0 0 1
    outer loop
      vertex 73.91482354966993 -77.17136924214249 4.9995
      vertex 74.39749289468315 -77.06931365143636 4.9995
      vertex 77.06931365143636 -74.39749289468315 4.9995
    endloop
  endfacet
  facet normal 0 0 1
    outer loop
      vertex 74.39749289468315 -77.06931365143636 4.9995
      vertex 74.86314895177235 -76.90637354984678 4.9995
      vertex 76.90637354984678 -74.86314895177235 4.9995
    endloop
  endfacet
  facet normal 0 0 1
    outer loop
      vertex 74.86314895177235 -76.90637354984678 4.9995
      vertex 75.30414566135384 -76.68522440933712 4.9995
      vertex 76.68522440933712 -75.30414566135384 4.9995
    endloop
  endfacet
  facet normal 0 0 1
    outer loop
      vertex 75.30414566135384 -76.68522440933712 4.9995
      vertex 75.71324186964834 -76.40949749268057 4.9995
      vertex 76.40949749268057 -75.71324186964834 4.9995
    endloop
  endfacet
  facet normal 0 0 1
    outer loop
      vertex 72.93029588765978 -77.18715112874649 4.9995
      vertex 77.21086457198724 -73.42306633403368 4.9995
      vertex 74.75028470320652 -75.44003315141387 4.9995
    endloop
  endfacet
  facet normal 0 0 1
    outer loop
      vertex 74.75028470320652 -75.44003315141387 4.9995
      vertex 77.21086457198724 -73.42306633403368 4.9995
      vertex 75.12912607362388 -75.12912607362388 4.9995
    endloop
  endfacet
  facet normal 0 0 1
    outer loop
      vertex 73.42306633403369 -77.21086457198726 4.9995
      vertex 77.17136924214249 -73.91482354966993 4.9995
      vertex 77.21086457198724 -73.42306633403368 4.9995
    endloop
  endfacet
  facet normal 0 0 1
    outer loop
      vertex 75.12912607362388 -75.12912607362388 4.9995
      vertex 77.21086457198724 -73.42306633403368 4.9995
      vertex 75.44003315141387 -74.75028470320652 4.9995
    endloop
  endfacet
  facet normal 0 0 1
    outer loop
      vertex 75.71324186964834 -76.40949749268057 4.9995
      vertex 76.08372022822573 -76.08372022822573 4.9995
      vertex 76.40949749268057 -75.71324186964834 4.9995
    endloop
  endfacet
  facet normal 0 0 1
    outer loop
      vertex 75.30414566135384 -76.68522440933712 4.9995
      vertex 76.40949749268057 -75.71324186964834 4.9995
      vertex 76.68522440933712 -75.30414566135384 4.9995
    endloop
  endfacet
  facet normal 0 0 1
    outer loop
      vertex 74.86314895177235 -76.90637354984678 4.9995
      vertex 76.68522440933712 -75.30414566135384 4.9995
      vertex 76.90637354984678 -74.86314895177235 4.9995
    endloop
  endfacet
  facet normal 0 0 1
    outer loop
      vertex 74.39749289468315 -77.06931365143636 4.9995
      vertex 76.90637354984678 -74.86314895177235 4.9995
      vertex 77.06931365143636 -74.39749289468315 4.9995
    endloop
  endfacet
  facet normal 0 0 1
    outer loop
      vertex 73.91482354966993 -77.17136924214249 4.9995
      vertex 77.06931365143636 -74.39749289468315 4.9995
      vertex 77.17136924214249 -73.91482354966993 4.9995
    endloop
  endfacet
  facet normal 0 0 1
    outer loop
      vertex 75.44003315141387 -74.75028470320652 4.9995
      vertex 77.1871511287465 -72.93029588765978 4.9995
      vertex 75.67105795193574 -74.31806770157024 4.9995
    endloop
  endfacet
  facet normal 0 0 1
    outer loop
      vertex 75.67105795193574 -74.31806770157024 4.9995
      vertex 77.1871511287465 -72.93029588765978 4.9995
      vertex 75.8133223216656 -73.84908492569784 4.9995
    endloop
  endfacet
  facet normal 0 0 1
    outer loop
      vertex 75.8133223216656 -73.84908492569784 4.9995
      vertex 77.10061828650265 -72.4446034876543 4.9995
      vertex 75.86135912065751 -73.36135912065751 4.9995
    endloop
  endfacet
  facet normal 0 0 1
    outer loop
      vertex 75.44003315141387 -74.75028470320652 4.9995
      vertex 77.21086457198724 -73.42306633403368 4.9995
      vertex 77.1871511287465 -72.93029588765978 4.9995
    endloop
  endfacet
  facet normal 0 0 1
    outer loop
      vertex 75.67105795193574 -72.4046505397448 4.9995
      vertex 76.48331296093568 -71.10838237440103 4.9995
      vertex 75.44003315141387 -71.9724335381085 4.9995
    endloop
  endfacet
  facet normal 0 0 1
    outer loop
      vertex 75.44003315141387 -71.9724335381085 4.9995
      vertex 76.07952339412549 -70.64319484718955 4.9995
      vertex 75.12912607362388 -71.59359216769114 4.9995
    endloop
  endfacet
  facet normal 0 0 1
    outer loop
      vertex 75.44003315141387 -71.9724335381085 4.9995
      vertex 76.16957749141005 -70.72765268633952 4.9995
      vertex 76.07952339412549 -70.64319484718955 4.9995
    endloop
  endfacet
  facet normal 0 0 1
    outer loop
      vertex 75.86135912065751 -73.36135912065751 4.9995
      vertex 76.95268691213303 -71.97396418979768 4.9995
      vertex 75.8133223216656 -72.8736333156172 4.9995
    endloop
  endfacet
  facet normal 0 0 1
    outer loop
      vertex 75.86135912065751 -73.36135912065751 4.9995
      vertex 77.10061828650265 -72.4446034876543 4.9995
      vertex 76.95268691213303 -71.97396418979768 4.9995
    endloop
  endfacet
  facet normal 0 0 1
    outer loop
      vertex 75.8133223216656 -72.8736333156172 4.9995
      vertex 76.745786034715 -71.52610587834916 4.9995
      vertex 75.67105795193574 -72.4046505397448 4.9995
    endloop
  endfacet
  facet normal 0 0 1
    outer loop
      vertex 75.8133223216656 -72.8736333156172 4.9995
      vertex 76.95268691213303 -71.97396418979768 4.9995
      vertex 76.745786034715 -71.52610587834916 4.9995
    endloop
  endfacet
  facet normal 0 0 1
    outer loop
      vertex 75.8133223216656 -73.84908492569784 4.9995
      vertex 77.1871511287465 -72.93029588765978 4.9995
      vertex 77.10061828650265 -72.4446034876543 4.9995
    endloop
  endfacet
  facet normal 0 0 1
    outer loop
      vertex 75.44003315141387 -71.9724335381085 4.9995
      vertex 76.48331296093568 -71.10838237440103 4.9995
      vertex 76.16957749141005 -70.72765268633952 4.9995
    endloop
  endfacet
  facet normal 0 0 1
    outer loop
      vertex 75.67105795193574 -72.4046505397448 4.9995
      vertex 76.745786034715 -71.52610587834916 4.9995
      vertex 76.48331296093568 -71.10838237440103 4.9995
    endloop
  endfacet
  facet normal 0.7294073690266745 0.684079593329303 0
    outer loop
      vertex 70.64319484718955 -76.07952339412549 4.9995
      vertex 70.72765268633952 -76.16957749141005 10
      vertex 70.72765268633952 -76.16957749141005 4.9995
    endloop
  endfacet
  facet normal 0.6359407878484556 0.7717378533872014 0
    outer loop
      vertex 70.72765268633952 -76.16957749141005 4.9995
      vertex 70.72765268633952 -76.16957749141005 10
      vertex 71.10838237440103 -76.48331296093568 4.9995
    endloop
  endfacet
  facet normal 0.4193874131946535 0.9078073571269936 0
    outer loop
      vertex 71.52610587834916 -76.745786034715 4.9995
      vertex 71.52610587834916 -76.745786034715 10
      vertex 71.97396418979768 -76.95268691213303 4.9995
    endloop
  endfacet
  facet normal 0.532032076515331 0.8467241992282877 0
    outer loop
      vertex 71.10838237440103 -76.48331296093568 4.9995
      vertex 71.10838237440103 -76.48331296093568 10
      vertex 71.52610587834916 -76.745786034715 4.9995
    endloop
  endfacet
  facet normal 0.2998564201439152 0.9539843433193628 0
    outer loop
      vertex 71.97396418979768 -76.95268691213303 4.9995
      vertex 71.97396418979768 -76.95268691213303 10
      vertex 72.4446034876543 -77.10061828650265 4.9995
    endloop
  endfacet
  facet normal 0.17540179296437397 0.9844969329687537 0
    outer loop
      vertex 72.4446034876543 -77.10061828650265 4.9995
      vertex 72.4446034876543 -77.10061828650265 10
      vertex 72.93029588765978 -77.18715112874649 4.9995
    endloop
  endfacet
  facet normal 0.048067073193649563 0.9988441101966795 0
    outer loop
      vertex 72.93029588765978 -77.18715112874649 4.9995
      vertex 72.93029588765978 -77.18715112874649 10
      vertex 73.42306633403369 -77.21086457198726 4.9995
    endloop
  endfacet
  facet normal -0.0800569065901125 0.9967902947497141 0
    outer loop
      vertex 73.42306633403369 -77.21086457198726 4.9995
      vertex 73.42306633403369 -77.21086457198726 10
      vertex 73.91482354966993 -77.17136924214249 4.9995
    endloop
  endfacet
  facet normal -0.20686635418089236 0.9783692102207151 0
    outer loop
      vertex 73.91482354966993 -77.17136924214249 4.9995
      vertex 73.91482354966993 -77.17136924214249 10
      vertex 74.39749289468315 -77.06931365143636 4.9995
    endloop
  endfacet
  facet normal -0.3302790619551675 0.9438833303083675 0
    outer loop
      vertex 74.39749289468315 -77.06931365143636 4.9995
      vertex 74.39749289468315 -77.06931365143636 10
      vertex 74.86314895177235 -76.90637354984678 4.9995
    endloop
  endfacet
  facet normal -0.4482685966631946 0.8938989122074208 0
    outer loop
      vertex 74.86314895177235 -76.90637354984678 4.9995
      vertex 74.86314895177235 -76.90637354984678 10
      vertex 75.30414566135384 -76.68522440933712 4.9995
    endloop
  endfacet
  facet normal -0.5588975734070623 0.8292366986812012 0
    outer loop
      vertex 75.30414566135384 -76.68522440933712 4.9995
      vertex 75.30414566135384 -76.68522440933712 10
      vertex 75.71324186964834 -76.40949749268057 4.9995
    endloop
  endfacet
  facet normal -0.6603494674471497 0.7509584414881197 0
    outer loop
      vertex 75.71324186964834 -76.40949749268057 4.9995
      vertex 75.71324186964834 -76.40949749268057 10
      vertex 76.08372022822573 -76.08372022822573 4.9995
    endloop
  endfacet
  facet normal -0.7509584414881197 0.6603494674471497 0
    outer loop
      vertex 76.08372022822573 -76.08372022822573 4.9995
      vertex 76.08372022822573 -76.08372022822573 10
      vertex 76.40949749268057 -75.71324186964834 4.9995
    endloop
  endfacet
  facet normal -0.8292366986812012 0.5588975734070623 0
    outer loop
      vertex 76.40949749268057 -75.71324186964834 4.9995
      vertex 76.40949749268057 -75.71324186964834 10
      vertex 76.68522440933712 -75.30414566135384 4.9995
    endloop
  endfacet
  facet normal -0.8938989122074208 0.4482685966631946 0
    outer loop
      vertex 76.68522440933712 -75.30414566135384 4.9995
      vertex 76.68522440933712 -75.30414566135384 10
      vertex 76.90637354984678 -74.86314895177235 4.9995
    endloop
  endfacet
  facet normal -0.9438833303083675 0.3302790619551675 0
    outer loop
      vertex 76.90637354984678 -74.86314895177235 4.9995
      vertex 76.90637354984678 -74.86314895177235 10
      vertex 77.06931365143636 -74.39749289468315 4.9995
    endloop
  endfacet
  facet normal -0.9783692102207151 0.20686635418089236 0
    outer loop
      vertex 77.06931365143636 -74.39749289468315 4.9995
      vertex 77.06931365143636 -74.39749289468315 10
      vertex 77.17136924214249 -73.91482354966993 4.9995
    endloop
  endfacet
  facet normal -0.9967902947497166 0.08005690659008158 0
    outer loop
      vertex 77.17136924214249 -73.91482354966993 4.9995
      vertex 77.17136924214249 -73.91482354966993 10
      vertex 77.21086457198724 -73.42306633403368 4.9995
    endloop
  endfacet
  facet normal -0.9988441101966822 -0.04806707319359347 0
    outer loop
      vertex 77.21086457198724 -73.42306633403368 4.9995
      vertex 77.21086457198724 -73.42306633403368 10
      vertex 77.1871511287465 -72.93029588765978 4.9995
    endloop
  endfacet
  facet normal -0.9844969329687487 -0.1754017929644019 0
    outer loop
      vertex 77.10061828650265 -72.4446034876543 4.9995
      vertex 77.1871511287465 -72.93029588765978 4.9995
      vertex 77.1871511287465 -72.93029588765978 10
    endloop
  endfacet
  facet normal -0.9078073571269936 -0.4193874131946535 0
    outer loop
      vertex 76.745786034715 -71.52610587834916 4.9995
      vertex 76.95268691213303 -71.97396418979768 4.9995
      vertex 76.95268691213303 -71.97396418979768 10
    endloop
  endfacet
  facet normal -0.9539843433193628 -0.2998564201439152 0
    outer loop
      vertex 77.10061828650265 -72.4446034876543 4.9995
      vertex 77.10061828650265 -72.4446034876543 10
      vertex 76.95268691213303 -71.97396418979768 4.9995
    endloop
  endfacet
  facet normal -0.684079593329303 -0.7294073690266745 0
    outer loop
      vertex 76.07952339412549 -70.64319484718955 4.9995
      vertex 76.16957749141005 -70.72765268633952 4.9995
      vertex 76.16957749141005 -70.72765268633952 10
    endloop
  endfacet
  facet normal -0.7717378533872014 -0.6359407878484556 0
    outer loop
      vertex 76.48331296093568 -71.10838237440103 4.9995
      vertex 76.48331296093568 -71.10838237440103 10
      vertex 76.16957749141005 -70.72765268633952 4.9995
    endloop
  endfacet
  facet normal -0.8467241992282877 -0.532032076515331 0
    outer loop
      vertex 76.48331296093568 -71.10838237440103 4.9995
      vertex 76.745786034715 -71.52610587834916 4.9995
      vertex 76.745786034715 -71.52610587834916 10
    endloop
  endfacet
  facet normal 0.6359407878484556 0.7717378533872014 0
    outer loop
      vertex 71.10838237440103 -76.48331296093568 4.9995
      vertex 70.72765268633952 -76.16957749141005 10
      vertex 71.10838237440103 -76.48331296093568 10
    endloop
  endfacet
  facet normal 0.7294073690266745 0.684079593329303 0
    outer loop
      vertex 70.64319484718955 -76.07952339412549 4.9995
      vertex 70.64319484718955 -76.07952339412549 10
      vertex 70.72765268633952 -76.16957749141005 10
    endloop
  endfacet
  facet normal 0.532032076515331 0.8467241992282877 0
    outer loop
      vertex 71.52610587834916 -76.745786034715 4.9995
      vertex 71.10838237440103 -76.48331296093568 10
      vertex 71.52610587834916 -76.745786034715 10
    endloop
  endfacet
  facet normal 0.4193874131946535 0.9078073571269936 0
    outer loop
      vertex 71.97396418979768 -76.95268691213303 4.9995
      vertex 71.52610587834916 -76.745786034715 10
      vertex 71.97396418979768 -76.95268691213303 10
    endloop
  endfacet
  facet normal 0.2998564201439152 0.9539843433193628 0
    outer loop
      vertex 72.4446034876543 -77.10061828650265 4.9995
      vertex 71.97396418979768 -76.95268691213303 10
      vertex 72.4446034876543 -77.10061828650265 10
    endloop
  endfacet
  facet normal 0.17540179296437397 0.9844969329687537 0
    outer loop
      vertex 72.93029588765978 -77.18715112874649 4.9995
      vertex 72.4446034876543 -77.10061828650265 10
      vertex 72.93029588765978 -77.18715112874649 10
    endloop
  endfacet
  facet normal 0.048067073193649563 0.9988441101966795 0
    outer loop
      vertex 73.42306633403369 -77.21086457198726 4.9995
      vertex 72.93029588765978 -77.18715112874649 10
      vertex 73.42306633403369 -77.21086457198726 10
    endloop
  endfacet
  facet normal -0.0800569065901125 0.9967902947497141 0
    outer loop
      vertex 73.91482354966993 -77.17136924214249 4.9995
      vertex 73.42306633403369 -77.21086457198726 10
      vertex 73.91482354966993 -77.17136924214249 10
    endloop
  endfacet
  facet normal -0.20686635418089236 0.9783692102207151 0
    outer loop
      vertex 74.39749289468315 -77.06931365143636 4.9995
      vertex 73.91482354966993 -77.17136924214249 10
      vertex 74.39749289468315 -77.06931365143636 10
    endloop
  endfacet
  facet normal -0.3302790619551675 0.9438833303083675 0
    outer loop
      vertex 74.86314895177235 -76.90637354984678 4.9995
      vertex 74.39749289468315 -77.06931365143636 10
      vertex 74.86314895177235 -76.90637354984678 10
    endloop
  endfacet
  facet normal -0.4482685966631946 0.8938989122074208 0
    outer loop
      vertex 75.30414566135384 -76.68522440933712 4.9995
      vertex 74.86314895177235 -76.90637354984678 10
      vertex 75.30414566135384 -76.68522440933712 10
    endloop
  endfacet
  facet normal -0.5588975734070623 0.8292366986812012 0
    outer loop
      vertex 75.71324186964834 -76.40949749268057 4.9995
      vertex 75.30414566135384 -76.68522440933712 10
      vertex 75.71324186964834 -76.40949749268057 10
    endloop
  endfacet
  facet normal -0.6603494674471497 0.7509584414881197 0
    outer loop
      vertex 76.08372022822573 -76.08372022822573 4.9995
      vertex 75.71324186964834 -76.40949749268057 10
      vertex 76.08372022822573 -76.08372022822573 10
    endloop
  endfacet
  facet normal -0.7509584414881197 0.6603494674471497 0
    outer loop
      vertex 76.40949749268057 -75.71324186964834 4.9995
      vertex 76.08372022822573 -76.08372022822573 10
      vertex 76.40949749268057 -75.71324186964834 10
    endloop
  endfacet
  facet normal -0.8292366986812012 0.5588975734070623 0
    outer loop
      vertex 76.68522440933712 -75.30414566135384 4.9995
      vertex 76.40949749268057 -75.71324186964834 10
      vertex 76.68522440933712 -75.30414566135384 10
    endloop
  endfacet
  facet normal -0.8938989122074208 0.4482685966631946 0
    outer loop
      vertex 76.90637354984678 -74.86314895177235 4.9995
      vertex 76.68522440933712 -75.30414566135384 10
      vertex 76.90637354984678 -74.86314895177235 10
    endloop
  endfacet
  facet normal -0.9438833303083675 0.3302790619551675 0
    outer loop
      vertex 77.06931365143636 -74.39749289468315 4.9995
      vertex 76.90637354984678 -74.86314895177235 10
      vertex 77.06931365143636 -74.39749289468315 10
    endloop
  endfacet
  facet normal -0.9783692102207151 0.20686635418089236 0
    outer loop
      vertex 77.17136924214249 -73.91482354966993 4.9995
      vertex 77.06931365143636 -74.39749289468315 10
      vertex 77.17136924214249 -73.91482354966993 10
    endloop
  endfacet
  facet normal -0.9967902947497166 0.08005690659008158 0
    outer loop
      vertex 77.21086457198724 -73.42306633403368 4.9995
      vertex 77.17136924214249 -73.91482354966993 10
      vertex 77.21086457198724 -73.42306633403368 10
    endloop
  endfacet
  facet normal -0.9988441101966822 -0.04806707319359347 0
    outer loop
      vertex 77.1871511287465 -72.93029588765978 4.9995
      vertex 77.21086457198724 -73.42306633403368 10
      vertex 77.1871511287465 -72.93029588765978 10
    endloop
  endfacet
  facet normal -0.9844969329687487 -0.1754017929644019 0
    outer loop
      vertex 77.10061828650265 -72.4446034876543 4.9995
      vertex 77.1871511287465 -72.93029588765978 10
      vertex 77.10061828650265 -72.4446034876543 10
    endloop
  endfacet
  facet normal -0.9539843433193628 -0.2998564201439152 0
    outer loop
      vertex 76.95268691213303 -71.97396418979768 4.9995
      vertex 77.10061828650265 -72.4446034876543 10
      vertex 76.95268691213303 -71.97396418979768 10
    endloop
  endfacet
  facet normal -0.8467241992282877 -0.532032076515331 0
    outer loop
      vertex 76.48331296093568 -71.10838237440103 4.9995
      vertex 76.745786034715 -71.52610587834916 10
      vertex 76.48331296093568 -71.10838237440103 10
    endloop
  endfacet
  facet normal -0.684079593329303 -0.7294073690266745 0
    outer loop
      vertex 76.07952339412549 -70.64319484718955 4.9995
      vertex 76.16957749141005 -70.72765268633952 10
      vertex 76.07952339412549 -70.64319484718955 10
    endloop
  endfacet
  facet normal -0.7717378533872014 -0.6359407878484556 0
    outer loop
      vertex 76.16957749141005 -70.72765268633952 4.9995
      vertex 76.48331296093568 -71.10838237440103 10
      vertex 76.16957749141005 -70.72765268633952 10
    endloop
  endfacet
  facet normal -0.9078073571269936 -0.4193874131946535 0
    outer loop
      vertex 76.745786034715 -71.52610587834916 4.9995
      vertex 76.95268691213303 -71.97396418979768 10
      vertex 76.745786034715 -71.52610587834916 10
    endloop
  endfacet
  facet normal 0.8314696123025567 0.5555702330195853 0
    outer loop
      vertex 78.8451505843609 79.52164570954363 0
      vertex 78.8451505843609 79.52164570954363 10
      vertex 79.11611652351681 79.11611652351681 0
    endloop
  endfacet
  facet normal 0.5555702330195853 0.8314696123025567 0
    outer loop
      vertex 79.52164570954363 78.8451505843609 0
      vertex 79.11611652351681 79.11611652351681 0
      vertex 79.11611652351681 79.11611652351681 10
    endloop
  endfacet
  facet normal 0.9807852804032298 0.19509032201613197 0
    outer loop
      vertex 78.8451505843609 79.52164570954363 0
      vertex 78.75 80 0
      vertex 78.75 80 10
    endloop
  endfacet
  facet normal 0.19509032201613197 0.9807852804032298 0
    outer loop
      vertex 80 78.75 0
      vertex 79.52164570954363 78.8451505843609 0
      vertex 79.52164570954363 78.8451505843609 10
    endloop
  endfacet
  facet normal 0.9807852804032298 -0.19509032201613197 0
    outer loop
      vertex 78.75 80 0
      vertex 78.8451505843609 80.47835429045637 0
      vertex 78.8451505843609 80.47835429045637 10
    endloop
  endfacet
  facet normal 0.8314696123025567 -0.5555702330195853 0
    outer loop
      vertex 78.8451505843609 80.47835429045637 0
      vertex 79.11611652351681 80.88388347648319 0
      vertex 79.11611652351681 80.88388347648319 10
    endloop
  endfacet
  facet normal 0.5555702330195853 -0.8314696123025567 0
    outer loop
      vertex 79.52164570954363 81.1548494156391 0
      vertex 79.52164570954363 81.1548494156391 10
      vertex 79.11611652351681 80.88388347648319 0
    endloop
  endfacet
  facet normal 0.19509032201613197 -0.9807852804032298 0
    outer loop
      vertex 80 81.25 0
      vertex 80 81.25 10
      vertex 79.52164570954363 81.1548494156391 0
    endloop
  endfacet
  facet normal -0.19509032201613197 0.9807852804032298 0
    outer loop
      vertex 80 78.75 0
      vertex 80 78.75 10
      vertex 80.47835429045637 78.8451505843609 0
    endloop
  endfacet
  facet normal -0.5555702330195853 0.8314696123025567 0
    outer loop
      vertex 80.47835429045637 78.8451505843609 0
      vertex 80.47835429045637 78.8451505843609 10
      vertex 80.88388347648319 79.11611652351681 0
    endloop
  endfacet
  facet normal -0.8314696123025567 0.5555702330195853 0
    outer loop
      vertex 80.88388347648319 79.11611652351681 0
      vertex 80.88388347648319 79.11611652351681 10
      vertex 81.1548494156391 79.52164570954363 0
    endloop
  endfacet
  facet normal -0.9807852804032298 0.19509032201613197 0
    outer loop
      vertex 81.25 80 0
      vertex 81.1548494156391 79.52164570954363 0
      vertex 81.1548494156391 79.52164570954363 10
    endloop
  endfacet
  facet normal -0.19509032201613197 -0.9807852804032298 0
    outer loop
      vertex 80 81.25 0
      vertex 80.47835429045637 81.1548494156391 0
      vertex 80.47835429045637 81.1548494156391 10
    endloop
  endfacet
  facet normal -0.5555702330195853 -0.8314696123025567 0
    outer loop
      vertex 80.47835429045637 81.1548494156391 0
      vertex 80.88388347648319 80.88388347648319 0
      vertex 80.88388347648319 80.88388347648319 10
    endloop
  endfacet
  facet normal -0.8314696123025567 -0.5555702330195853 0
    outer loop
      vertex 80.88388347648319 80.88388347648319 0
      vertex 81.1548494156391 80.47835429045637 0
      vertex 81.1548494156391 80.47835429045637 10
    endloop
  endfacet
  facet normal -0.9807852804032298 -0.19509032201613197 0
    outer loop
      vertex 81.1548494156391 80.47835429045637 0
      vertex 81.25 80 0
      vertex 81.25 80 10
    endloop
  endfacet
  facet normal 0.8314696123025567 0.5555702330195853 0
    outer loop
      vertex 79.11611652351681 79.11611652351681 0
      vertex 78.8451505843609 79.52164570954363 10
      vertex 79.11611652351681 79.11611652351681 10
    endloop
  endfacet
  facet normal 0.5555702330195853 0.8314696123025567 0
    outer loop
      vertex 79.52164570954363 78.8451505843609 0
      vertex 79.11611652351681 79.11611652351681 10
      vertex 79.52164570954363 78.8451505843609 10
    endloop
  endfacet
  facet normal 0.9807852804032298 0.19509032201613197 0
    outer loop
      vertex 78.8451505843609 79.52164570954363 0
      vertex 78.75 80 10
      vertex 78.8451505843609 79.52164570954363 10
    endloop
  endfacet
  facet normal 0.19509032201613197 0.9807852804032298 0
    outer loop
      vertex 80 78.75 0
      vertex 79.52164570954363 78.8451505843609 10
      vertex 80 78.75 10
    endloop
  endfacet
  facet normal 0.9807852804032298 -0.19509032201613197 0
    outer loop
      vertex 78.75 80 0
      vertex 78.8451505843609 80.47835429045637 10
      vertex 78.75 80 10
    endloop
  endfacet
  facet normal 0.8314696123025567 -0.5555702330195853 0
    outer loop
      vertex 78.8451505843609 80.47835429045637 0
      vertex 79.11611652351681 80.88388347648319 10
      vertex 78.8451505843609 80.47835429045637 10
    endloop
  endfacet
  facet normal 0.5555702330195853 -0.8314696123025567 0
    outer loop
      vertex 79.52164570954363 81.1548494156391 10
      vertex 79.11611652351681 80.88388347648319 10
      vertex 79.11611652351681 80.88388347648319 0
    endloop
  endfacet
  facet normal 0.19509032201613197 -0.9807852804032298 0
    outer loop
      vertex 79.52164570954363 81.1548494156391 0
      vertex 80 81.25 10
      vertex 79.52164570954363 81.1548494156391 10
    endloop
  endfacet
  facet normal -0.19509032201613197 0.9807852804032298 0
    outer loop
      vertex 80.47835429045637 78.8451505843609 0
      vertex 80 78.75 10
      vertex 80.47835429045637 78.8451505843609 10
    endloop
  endfacet
  facet normal -0.5555702330195853 0.8314696123025567 0
    outer loop
      vertex 80.47835429045637 78.8451505843609 10
      vertex 80.88388347648319 79.11611652351681 10
      vertex 80.88388347648319 79.11611652351681 0
    endloop
  endfacet
  facet normal -0.8314696123025567 0.5555702330195853 0
    outer loop
      vertex 81.1548494156391 79.52164570954363 0
      vertex 80.88388347648319 79.11611652351681 10
      vertex 81.1548494156391 79.52164570954363 10
    endloop
  endfacet
  facet normal -0.9807852804032298 0.19509032201613197 0
    outer loop
      vertex 81.25 80 0
      vertex 81.1548494156391 79.52164570954363 10
      vertex 81.25 80 10
    endloop
  endfacet
  facet normal -0.19509032201613197 -0.9807852804032298 0
    outer loop
      vertex 80 81.25 0
      vertex 80.47835429045637 81.1548494156391 10
      vertex 80 81.25 10
    endloop
  endfacet
  facet normal -0.5555702330195853 -0.8314696123025567 0
    outer loop
      vertex 80.88388347648319 80.88388347648319 10
      vertex 80.47835429045637 81.1548494156391 10
      vertex 80.47835429045637 81.1548494156391 0
    endloop
  endfacet
  facet normal -0.9807852804032298 -0.19509032201613197 0
    outer loop
      vertex 81.1548494156391 80.47835429045637 0
      vertex 81.25 80 10
      vertex 81.1548494156391 80.47835429045637 10
    endloop
  endfacet
  facet normal -0.8314696123025567 -0.5555702330195853 0
    outer loop
      vertex 80.88388347648319 80.88388347648319 0
      vertex 81.1548494156391 80.47835429045637 10
      vertex 80.88388347648319 80.88388347648319 10
    endloop
  endfacet
  facet normal 0.5555702330195853 0.8314696123025567 0
    outer loop
      vertex 79.11611652351681 -80.88388347648319 0
      vertex 79.11611652351681 -80.88388347648319 10
      vertex 79.52164570954363 -81.1548494156391 0
    endloop
  endfacet
  facet normal 0.8314696123025567 0.5555702330195853 0
    outer loop
      vertex 79.11611652351681 -80.88388347648319 0
      vertex 78.8451505843609 -80.47835429045637 0
      vertex 78.8451505843609 -80.47835429045637 10
    endloop
  endfacet
  facet normal 0.9807852804032298 0.19509032201613197 0
    outer loop
      vertex 78.8451505843609 -80.47835429045637 0
      vertex 78.75 -80 0
      vertex 78.75 -80 10
    endloop
  endfacet
  facet normal 0.19509032201613197 0.9807852804032298 0
    outer loop
      vertex 79.52164570954363 -81.1548494156391 0
      vertex 79.52164570954363 -81.1548494156391 10
      vertex 80 -81.25 0
    endloop
  endfacet
  facet normal 0.9807852804032298 -0.19509032201613197 0
    outer loop
      vertex 78.8451505843609 -79.52164570954363 10
      vertex 78.75 -80 0
      vertex 78.8451505843609 -79.52164570954363 0
    endloop
  endfacet
  facet normal 0.8314696123025567 -0.5555702330195853 0
    outer loop
      vertex 79.11611652351681 -79.11611652351681 10
      vertex 78.8451505843609 -79.52164570954363 0
      vertex 79.11611652351681 -79.11611652351681 0
    endloop
  endfacet
  facet normal 0.5555702330195853 -0.8314696123025567 0
    outer loop
      vertex 79.52164570954363 -78.8451505843609 10
      vertex 79.11611652351681 -79.11611652351681 0
      vertex 79.52164570954363 -78.8451505843609 0
    endloop
  endfacet
  facet normal 0.19509032201613197 -0.9807852804032298 0
    outer loop
      vertex 80 -78.75 10
      vertex 79.52164570954363 -78.8451505843609 0
      vertex 80 -78.75 0
    endloop
  endfacet
  facet normal -0.19509032201613197 0.9807852804032298 0
    outer loop
      vertex 80 -81.25 10
      vertex 80.47835429045637 -81.1548494156391 0
      vertex 80 -81.25 0
    endloop
  endfacet
  facet normal -0.5555702330195853 0.8314696123025567 0
    outer loop
      vertex 80.47835429045637 -81.1548494156391 0
      vertex 80.47835429045637 -81.1548494156391 10
      vertex 80.88388347648319 -80.88388347648319 0
    endloop
  endfacet
  facet normal -0.8314696123025567 0.5555702330195853 0
    outer loop
      vertex 81.1548494156391 -80.47835429045637 0
      vertex 80.88388347648319 -80.88388347648319 0
      vertex 80.88388347648319 -80.88388347648319 10
    endloop
  endfacet
  facet normal -0.9807852804032298 0.19509032201613197 0
    outer loop
      vertex 81.1548494156391 -80.47835429045637 10
      vertex 81.25 -80 0
      vertex 81.1548494156391 -80.47835429045637 0
    endloop
  endfacet
  facet normal -0.19509032201613197 -0.9807852804032298 0
    outer loop
      vertex 80.47835429045637 -78.8451505843609 0
      vertex 80.47835429045637 -78.8451505843609 10
      vertex 80 -78.75 0
    endloop
  endfacet
  facet normal -0.5555702330195853 -0.8314696123025567 0
    outer loop
      vertex 80.47835429045637 -78.8451505843609 0
      vertex 80.88388347648319 -79.11611652351681 0
      vertex 80.88388347648319 -79.11611652351681 10
    endloop
  endfacet
  facet normal -0.9807852804032298 -0.19509032201613197 0
    outer loop
      vertex 81.25 -80 10
      vertex 81.1548494156391 -79.52164570954363 0
      vertex 81.25 -80 0
    endloop
  endfacet
  facet normal -0.8314696123025567 -0.5555702330195853 0
    outer loop
      vertex 81.1548494156391 -79.52164570954363 10
      vertex 80.88388347648319 -79.11611652351681 0
      vertex 81.1548494156391 -79.52164570954363 0
    endloop
  endfacet
  facet normal 0.5555702330195853 0.8314696123025567 0
    outer loop
      vertex 79.52164570954363 -81.1548494156391 0
      vertex 79.11611652351681 -80.88388347648319 10
      vertex 79.52164570954363 -81.1548494156391 10
    endloop
  endfacet
  facet normal 0.8314696123025567 0.5555702330195853 0
    outer loop
      vertex 79.11611652351681 -80.88388347648319 0
      vertex 78.8451505843609 -80.47835429045637 10
      vertex 79.11611652351681 -80.88388347648319 10
    endloop
  endfacet
  facet normal 0.9807852804032298 0.19509032201613197 0
    outer loop
      vertex 78.8451505843609 -80.47835429045637 0
      vertex 78.75 -80 10
      vertex 78.8451505843609 -80.47835429045637 10
    endloop
  endfacet
  facet normal 0.19509032201613197 0.9807852804032298 0
    outer loop
      vertex 80 -81.25 0
      vertex 79.52164570954363 -81.1548494156391 10
      vertex 80 -81.25 10
    endloop
  endfacet
  facet normal 0.9807852804032298 -0.19509032201613197 0
    outer loop
      vertex 78.8451505843609 -79.52164570954363 10
      vertex 78.75 -80 10
      vertex 78.75 -80 0
    endloop
  endfacet
  facet normal 0.8314696123025567 -0.5555702330195853 0
    outer loop
      vertex 78.8451505843609 -79.52164570954363 0
      vertex 79.11611652351681 -79.11611652351681 10
      vertex 78.8451505843609 -79.52164570954363 10
    endloop
  endfacet
  facet normal 0.5555702330195853 -0.8314696123025567 0
    outer loop
      vertex 79.11611652351681 -79.11611652351681 0
      vertex 79.52164570954363 -78.8451505843609 10
      vertex 79.11611652351681 -79.11611652351681 10
    endloop
  endfacet
  facet normal 0.19509032201613197 -0.9807852804032298 0
    outer loop
      vertex 79.52164570954363 -78.8451505843609 0
      vertex 80 -78.75 10
      vertex 79.52164570954363 -78.8451505843609 10
    endloop
  endfacet
  facet normal -0.19509032201613197 0.9807852804032298 0
    outer loop
      vertex 80.47835429045637 -81.1548494156391 0
      vertex 80 -81.25 10
      vertex 80.47835429045637 -81.1548494156391 10
    endloop
  endfacet
  facet normal -0.5555702330195853 0.8314696123025567 0
    outer loop
      vertex 80.47835429045637 -81.1548494156391 10
      vertex 80.88388347648319 -80.88388347648319 10
      vertex 80.88388347648319 -80.88388347648319 0
    endloop
  endfacet
  facet normal -0.8314696123025567 0.5555702330195853 0
    outer loop
      vertex 81.1548494156391 -80.47835429045637 0
      vertex 80.88388347648319 -80.88388347648319 10
      vertex 81.1548494156391 -80.47835429045637 10
    endloop
  endfacet
  facet normal -0.9807852804032298 0.19509032201613197 0
    outer loop
      vertex 81.25 -80 0
      vertex 81.1548494156391 -80.47835429045637 10
      vertex 81.25 -80 10
    endloop
  endfacet
  facet normal -0.19509032201613197 -0.9807852804032298 0
    outer loop
      vertex 80 -78.75 0
      vertex 80.47835429045637 -78.8451505843609 10
      vertex 80 -78.75 10
    endloop
  endfacet
  facet normal -0.5555702330195853 -0.8314696123025567 0
    outer loop
      vertex 80.47835429045637 -78.8451505843609 0
      vertex 80.88388347648319 -79.11611652351681 10
      vertex 80.47835429045637 -78.8451505843609 10
    endloop
  endfacet
  facet normal -0.9807852804032298 -0.19509032201613197 0
    outer loop
      vertex 81.1548494156391 -79.52164570954363 0
      vertex 81.25 -80 10
      vertex 81.1548494156391 -79.52164570954363 10
    endloop
  endfacet
  facet normal -0.8314696123025567 -0.5555702330195853 0
    outer loop
      vertex 80.88388347648319 -79.11611652351681 0
      vertex 81.1548494156391 -79.52164570954363 10
      vertex 80.88388347648319 -79.11611652351681 10
    endloop
  endfacet
  facet normal 0.8314696123025567 0.5555702330195853 0
    outer loop
      vertex -81.1548494156391 79.52164570954363 10
      vertex -80.88388347648319 79.11611652351681 0
      vertex -81.1548494156391 79.52164570954363 0
    endloop
  endfacet
  facet normal 0.9807852804032298 0.19509032201613197 0
    outer loop
      vertex -81.25 80 10
      vertex -81.1548494156391 79.52164570954363 0
      vertex -81.25 80 0
    endloop
  endfacet
  facet normal 0.5555702330195853 0.8314696123025567 0
    outer loop
      vertex -80.88388347648319 79.11611652351681 0
      vertex -80.88388347648319 79.11611652351681 10
      vertex -80.47835429045637 78.8451505843609 0
    endloop
  endfacet
  facet normal 0.19509032201613197 0.9807852804032298 0
    outer loop
      vertex -80.47835429045637 78.8451505843609 0
      vertex -80.47835429045637 78.8451505843609 10
      vertex -80 78.75 0
    endloop
  endfacet
  facet normal 0.9807852804032298 -0.19509032201613197 0
    outer loop
      vertex -81.1548494156391 80.47835429045637 10
      vertex -81.25 80 0
      vertex -81.1548494156391 80.47835429045637 0
    endloop
  endfacet
  facet normal 0.8314696123025567 -0.5555702330195853 0
    outer loop
      vertex -81.1548494156391 80.47835429045637 0
      vertex -80.88388347648319 80.88388347648319 0
      vertex -80.88388347648319 80.88388347648319 10
    endloop
  endfacet
  facet normal 0.5555702330195853 -0.8314696123025567 0
    outer loop
      vertex -80.47835429045637 81.1548494156391 0
      vertex -80.47835429045637 81.1548494156391 10
      vertex -80.88388347648319 80.88388347648319 0
    endloop
  endfacet
  facet normal 0.19509032201613197 -0.9807852804032298 0
    outer loop
      vertex -80 81.25 10
      vertex -80.47835429045637 81.1548494156391 0
      vertex -80 81.25 0
    endloop
  endfacet
  facet normal -0.19509032201613197 0.9807852804032298 0
    outer loop
      vertex -80 78.75 10
      vertex -79.52164570954363 78.8451505843609 0
      vertex -80 78.75 0
    endloop
  endfacet
  facet normal -0.5555702330195853 0.8314696123025567 0
    outer loop
      vertex -79.52164570954363 78.8451505843609 10
      vertex -79.11611652351681 79.11611652351681 0
      vertex -79.52164570954363 78.8451505843609 0
    endloop
  endfacet
  facet normal -0.8314696123025567 0.5555702330195853 0
    outer loop
      vertex -79.11611652351681 79.11611652351681 10
      vertex -78.8451505843609 79.52164570954363 0
      vertex -79.11611652351681 79.11611652351681 0
    endloop
  endfacet
  facet normal -0.9807852804032298 0.19509032201613197 0
    outer loop
      vertex -78.8451505843609 79.52164570954363 10
      vertex -78.75 80 0
      vertex -78.8451505843609 79.52164570954363 0
    endloop
  endfacet
  facet normal -0.19509032201613197 -0.9807852804032298 0
    outer loop
      vertex -79.52164570954363 81.1548494156391 0
      vertex -79.52164570954363 81.1548494156391 10
      vertex -80 81.25 0
    endloop
  endfacet
  facet normal -0.9807852804032298 -0.19509032201613197 0
    outer loop
      vertex -78.8451505843609 80.47835429045637 0
      vertex -78.75 80 0
      vertex -78.75 80 10
    endloop
  endfacet
  facet normal -0.8314696123025567 -0.5555702330195853 0
    outer loop
      vertex -79.11611652351681 80.88388347648319 0
      vertex -78.8451505843609 80.47835429045637 0
      vertex -78.8451505843609 80.47835429045637 10
    endloop
  endfacet
  facet normal -0.5555702330195853 -0.8314696123025567 0
    outer loop
      vertex -79.52164570954363 81.1548494156391 0
      vertex -79.11611652351681 80.88388347648319 0
      vertex -79.11611652351681 80.88388347648319 10
    endloop
  endfacet
  facet normal 0.8314696123025567 0.5555702330195853 0
    outer loop
      vertex -80.88388347648319 79.11611652351681 0
      vertex -81.1548494156391 79.52164570954363 10
      vertex -80.88388347648319 79.11611652351681 10
    endloop
  endfacet
  facet normal 0.9807852804032298 0.19509032201613197 0
    outer loop
      vertex -81.1548494156391 79.52164570954363 0
      vertex -81.25 80 10
      vertex -81.1548494156391 79.52164570954363 10
    endloop
  endfacet
  facet normal 0.5555702330195853 0.8314696123025567 0
    outer loop
      vertex -80.47835429045637 78.8451505843609 0
      vertex -80.88388347648319 79.11611652351681 10
      vertex -80.47835429045637 78.8451505843609 10
    endloop
  endfacet
  facet normal 0.19509032201613197 0.9807852804032298 0
    outer loop
      vertex -80 78.75 0
      vertex -80.47835429045637 78.8451505843609 10
      vertex -80 78.75 10
    endloop
  endfacet
  facet normal 0.9807852804032298 -0.19509032201613197 0
    outer loop
      vertex -81.25 80 0
      vertex -81.1548494156391 80.47835429045637 10
      vertex -81.25 80 10
    endloop
  endfacet
  facet normal 0.8314696123025567 -0.5555702330195853 0
    outer loop
      vertex -81.1548494156391 80.47835429045637 0
      vertex -80.88388347648319 80.88388347648319 10
      vertex -81.1548494156391 80.47835429045637 10
    endloop
  endfacet
  facet normal 0.5555702330195853 -0.8314696123025567 0
    outer loop
      vertex -80.47835429045637 81.1548494156391 10
      vertex -80.88388347648319 80.88388347648319 10
      vertex -80.88388347648319 80.88388347648319 0
    endloop
  endfacet
  facet normal 0.19509032201613197 -0.9807852804032298 0
    outer loop
      vertex -80.47835429045637 81.1548494156391 0
      vertex -80 81.25 10
      vertex -80.47835429045637 81.1548494156391 10
    endloop
  endfacet
  facet normal -0.19509032201613197 0.9807852804032298 0
    outer loop
      vertex -79.52164570954363 78.8451505843609 0
      vertex -80 78.75 10
      vertex -79.52164570954363 78.8451505843609 10
    endloop
  endfacet
  facet normal -0.5555702330195853 0.8314696123025567 0
    outer loop
      vertex -79.11611652351681 79.11611652351681 0
      vertex -79.52164570954363 78.8451505843609 10
      vertex -79.11611652351681 79.11611652351681 10
    endloop
  endfacet
  facet normal -0.8314696123025567 0.5555702330195853 0
    outer loop
      vertex -78.8451505843609 79.52164570954363 0
      vertex -79.11611652351681 79.11611652351681 10
      vertex -78.8451505843609 79.52164570954363 10
    endloop
  endfacet
  facet normal -0.9807852804032298 0.19509032201613197 0
    outer loop
      vertex -78.8451505843609 79.52164570954363 10
      vertex -78.75 80 10
      vertex -78.75 80 0
    endloop
  endfacet
  facet normal -0.19509032201613197 -0.9807852804032298 0
    outer loop
      vertex -80 81.25 0
      vertex -79.52164570954363 81.1548494156391 10
      vertex -80 81.25 10
    endloop
  endfacet
  facet normal -0.9807852804032298 -0.19509032201613197 0
    outer loop
      vertex -78.8451505843609 80.47835429045637 0
      vertex -78.75 80 10
      vertex -78.8451505843609 80.47835429045637 10
    endloop
  endfacet
  facet normal -0.8314696123025567 -0.5555702330195853 0
    outer loop
      vertex -79.11611652351681 80.88388347648319 0
      vertex -78.8451505843609 80.47835429045637 10
      vertex -79.11611652351681 80.88388347648319 10
    endloop
  endfacet
  facet normal -0.5555702330195853 -0.8314696123025567 0
    outer loop
      vertex -79.52164570954363 81.1548494156391 0
      vertex -79.11611652351681 80.88388347648319 10
      vertex -79.52164570954363 81.1548494156391 10
    endloop
  endfacet
  facet normal 0.9807852804032298 0.19509032201613197 0
    outer loop
      vertex -81.1548494156391 -80.47835429045637 0
      vertex -81.25 -80 0
      vertex -81.25 -80 10
    endloop
  endfacet
  facet normal 0.8314696123025567 0.5555702330195853 0
    outer loop
      vertex -80.88388347648319 -80.88388347648319 0
      vertex -81.1548494156391 -80.47835429045637 0
      vertex -81.1548494156391 -80.47835429045637 10
    endloop
  endfacet
  facet normal 0.5555702330195853 0.8314696123025567 0
    outer loop
      vertex -80.47835429045637 -81.1548494156391 0
      vertex -80.88388347648319 -80.88388347648319 0
      vertex -80.88388347648319 -80.88388347648319 10
    endloop
  endfacet
  facet normal 0.19509032201613197 0.9807852804032298 0
    outer loop
      vertex -80 -81.25 0
      vertex -80.47835429045637 -81.1548494156391 0
      vertex -80.47835429045637 -81.1548494156391 10
    endloop
  endfacet
  facet normal 0.9807852804032298 -0.19509032201613197 0
    outer loop
      vertex -81.25 -80 0
      vertex -81.1548494156391 -79.52164570954363 0
      vertex -81.1548494156391 -79.52164570954363 10
    endloop
  endfacet
  facet normal 0.8314696123025567 -0.5555702330195853 0
    outer loop
      vertex -81.1548494156391 -79.52164570954363 0
      vertex -80.88388347648319 -79.11611652351681 0
      vertex -80.88388347648319 -79.11611652351681 10
    endloop
  endfacet
  facet normal 0.5555702330195853 -0.8314696123025567 0
    outer loop
      vertex -80.47835429045637 -78.8451505843609 0
      vertex -80.47835429045637 -78.8451505843609 10
      vertex -80.88388347648319 -79.11611652351681 0
    endloop
  endfacet
  facet normal 0.19509032201613197 -0.9807852804032298 0
    outer loop
      vertex -80 -78.75 0
      vertex -80 -78.75 10
      vertex -80.47835429045637 -78.8451505843609 0
    endloop
  endfacet
  facet normal -0.19509032201613197 0.9807852804032298 0
    outer loop
      vertex -80 -81.25 0
      vertex -80 -81.25 10
      vertex -79.52164570954363 -81.1548494156391 0
    endloop
  endfacet
  facet normal -0.5555702330195853 0.8314696123025567 0
    outer loop
      vertex -79.52164570954363 -81.1548494156391 0
      vertex -79.52164570954363 -81.1548494156391 10
      vertex -79.11611652351681 -80.88388347648319 0
    endloop
  endfacet
  facet normal -0.8314696123025567 0.5555702330195853 0
    outer loop
      vertex -78.8451505843609 -80.47835429045637 0
      vertex -79.11611652351681 -80.88388347648319 0
      vertex -79.11611652351681 -80.88388347648319 10
    endloop
  endfacet
  facet normal -0.9807852804032298 0.19509032201613197 0
    outer loop
      vertex -78.75 -80 0
      vertex -78.8451505843609 -80.47835429045637 0
      vertex -78.8451505843609 -80.47835429045637 10
    endloop
  endfacet
  facet normal -0.19509032201613197 -0.9807852804032298 0
    outer loop
      vertex -80 -78.75 0
      vertex -79.52164570954363 -78.8451505843609 0
      vertex -79.52164570954363 -78.8451505843609 10
    endloop
  endfacet
  facet normal -0.9807852804032298 -0.19509032201613197 0
    outer loop
      vertex -78.8451505843609 -79.52164570954363 0
      vertex -78.75 -80 0
      vertex -78.75 -80 10
    endloop
  endfacet
  facet normal -0.5555702330195853 -0.8314696123025567 0
    outer loop
      vertex -79.52164570954363 -78.8451505843609 0
      vertex -79.11611652351681 -79.11611652351681 0
      vertex -79.11611652351681 -79.11611652351681 10
    endloop
  endfacet
  facet normal -0.8314696123025567 -0.5555702330195853 0
    outer loop
      vertex -78.8451505843609 -79.52164570954363 0
      vertex -78.8451505843609 -79.52164570954363 10
      vertex -79.11611652351681 -79.11611652351681 0
    endloop
  endfacet
  facet normal 0.8314696123025567 0.5555702330195853 0
    outer loop
      vertex -80.88388347648319 -80.88388347648319 0
      vertex -81.1548494156391 -80.47835429045637 10
      vertex -80.88388347648319 -80.88388347648319 10
    endloop
  endfacet
  facet normal 0.9807852804032298 0.19509032201613197 0
    outer loop
      vertex -81.1548494156391 -80.47835429045637 0
      vertex -81.25 -80 10
      vertex -81.1548494156391 -80.47835429045637 10
    endloop
  endfacet
  facet normal 0.5555702330195853 0.8314696123025567 0
    outer loop
      vertex -80.88388347648319 -80.88388347648319 10
      vertex -80.47835429045637 -81.1548494156391 10
      vertex -80.47835429045637 -81.1548494156391 0
    endloop
  endfacet
  facet normal 0.19509032201613197 0.9807852804032298 0
    outer loop
      vertex -80 -81.25 0
      vertex -80.47835429045637 -81.1548494156391 10
      vertex -80 -81.25 10
    endloop
  endfacet
  facet normal 0.9807852804032298 -0.19509032201613197 0
    outer loop
      vertex -81.25 -80 0
      vertex -81.1548494156391 -79.52164570954363 10
      vertex -81.25 -80 10
    endloop
  endfacet
  facet normal 0.8314696123025567 -0.5555702330195853 0
    outer loop
      vertex -81.1548494156391 -79.52164570954363 0
      vertex -80.88388347648319 -79.11611652351681 10
      vertex -81.1548494156391 -79.52164570954363 10
    endloop
  endfacet
  facet normal 0.5555702330195853 -0.8314696123025567 0
    outer loop
      vertex -80.47835429045637 -78.8451505843609 10
      vertex -80.88388347648319 -79.11611652351681 10
      vertex -80.88388347648319 -79.11611652351681 0
    endloop
  endfacet
  facet normal 0.19509032201613197 -0.9807852804032298 0
    outer loop
      vertex -80.47835429045637 -78.8451505843609 0
      vertex -80 -78.75 10
      vertex -80.47835429045637 -78.8451505843609 10
    endloop
  endfacet
  facet normal -0.19509032201613197 0.9807852804032298 0
    outer loop
      vertex -79.52164570954363 -81.1548494156391 0
      vertex -80 -81.25 10
      vertex -79.52164570954363 -81.1548494156391 10
    endloop
  endfacet
  facet normal -0.5555702330195853 0.8314696123025567 0
    outer loop
      vertex -79.11611652351681 -80.88388347648319 0
      vertex -79.52164570954363 -81.1548494156391 10
      vertex -79.11611652351681 -80.88388347648319 10
    endloop
  endfacet
  facet normal -0.8314696123025567 0.5555702330195853 0
    outer loop
      vertex -78.8451505843609 -80.47835429045637 0
      vertex -79.11611652351681 -80.88388347648319 10
      vertex -78.8451505843609 -80.47835429045637 10
    endloop
  endfacet
  facet normal -0.9807852804032298 0.19509032201613197 0
    outer loop
      vertex -78.75 -80 0
      vertex -78.8451505843609 -80.47835429045637 10
      vertex -78.75 -80 10
    endloop
  endfacet
  facet normal -0.19509032201613197 -0.9807852804032298 0
    outer loop
      vertex -80 -78.75 0
      vertex -79.52164570954363 -78.8451505843609 10
      vertex -80 -78.75 10
    endloop
  endfacet
  facet normal -0.9807852804032298 -0.19509032201613197 0
    outer loop
      vertex -78.8451505843609 -79.52164570954363 0
      vertex -78.75 -80 10
      vertex -78.8451505843609 -79.52164570954363 10
    endloop
  endfacet
  facet normal -0.5555702330195853 -0.8314696123025567 0
    outer loop
      vertex -79.52164570954363 -78.8451505843609 0
      vertex -79.11611652351681 -79.11611652351681 10
      vertex -79.52164570954363 -78.8451505843609 10
    endloop
  endfacet
  facet normal -0.8314696123025567 -0.5555702330195853 0
    outer loop
      vertex -79.11611652351681 -79.11611652351681 0
      vertex -78.8451505843609 -79.52164570954363 10
      vertex -79.11611652351681 -79.11611652351681 10
    endloop
  endfacet
endsolid OpenSCAD_Model
