solid OpenSCAD_Model
  facet normal 0 1 0
    outer loop
      vertex -40 74.505 0
      vertex -39.97868018124654 74.505 10
      vertex -39.97868018124654 74.505 0
    endloop
  endfacet
  facet normal -1 0 0
    outer loop
      vertex -39.005 75.5 0
      vertex -39.005 75.49876761068484 0
      vertex -39.005 75.5 10
    endloop
  endfacet
  facet normal 0 1 0
    outer loop
      vertex -40 74.505 0
      vertex -40 74.505 10
      vertex -39.97868018124654 74.505 10
    endloop
  endfacet
  facet normal -1 0 0
    outer loop
      vertex -39.005 75.49876761068484 0
      vertex -39.005 75.49876761068484 10
      vertex -39.005 75.5 10
    endloop
  endfacet
  facet normal 0 -1 0
    outer loop
      vertex -40 -74.505 0
      vertex -39.99876761068484 -74.505 0
      vertex -40 -74.505 10
    endloop
  endfacet
  facet normal -1 0 0
    outer loop
      vertex -39.005 -75.5 0
      vertex -39.005 -75.47868018124653 10
      vertex -39.005 -75.47868018124653 0
    endloop
  endfacet
  facet normal 0 -1 0
    outer loop
      vertex -39.99876761068484 -74.505 0
      vertex -39.99876761068484 -74.505 10
      vertex -40 -74.505 10
    endloop
  endfacet
  facet normal -1 0 0
    outer loop
      vertex -39.005 -75.5 0
      vertex -39.005 -75.5 10
      vertex -39.005 -75.47868018124653 10
    endloop
  endfacet
  facet normal 1 0 0
    outer loop
      vertex 39.005 -75.5 0
      vertex 39.005 -75.49876761068484 0
      vertex 39.005 -75.5 10
    endloop
  endfacet
  facet normal 0 -1 0
    outer loop
      vertex 40 -74.505 0
      vertex 39.97868018124654 -74.505 10
      vertex 39.97868018124654 -74.505 0
    endloop
  endfacet
  facet normal 1 0 0
    outer loop
      vertex 39.005 -75.49876761068484 0
      vertex 39.005 -75.49876761068484 10
      vertex 39.005 -75.5 10
    endloop
  endfacet
  facet normal 0 -1 0
    outer loop
      vertex 40 -74.505 0
      vertex 40 -74.505 10
      vertex 39.97868018124654 -74.505 10
    endloop
  endfacet
  facet normal 1 0 0
    outer loop
      vertex 39.005 75.5 0
      vertex 39.005 75.47868018124653 10
      vertex 39.005 75.47868018124653 0
    endloop
  endfacet
  facet normal 0 1 0
    outer loop
      vertex 40 74.505 0
      vertex 39.99876761068484 74.505 0
      vertex 40 74.505 10
    endloop
  endfacet
  facet normal 1 0 0
    outer loop
      vertex 39.005 75.5 0
      vertex 39.005 75.5 10
      vertex 39.005 75.47868018124653 10
    endloop
  endfacet
  facet normal 0 1 0
    outer loop
      vertex 39.99876761068484 74.505 0
      vertex 39.99876761068484 74.505 10
      vertex 40 74.505 10
    endloop
  endfacet
  facet normal -0.9927088740980545 -0.12053668025531901 0
    outer loop
      vertex -39.97868018124654 74.505 0
      vertex -39.97868018124654 74.505 10
      vertex -39.99270887409806 74.62053668025533 0
    endloop
  endfacet
  facet normal -0.93501624268541 0.3546048870425488 0
    outer loop
      vertex -39.99270887409806 74.62053668025533 0
      vertex -39.99270887409806 74.62053668025533 10
      vertex -39.822983865893654 75.06806474673115 0
    endloop
  endfacet
  facet normal -0.6631226582408039 0.7485107481710934 0
    outer loop
      vertex -39.822983865893654 75.06806474673115 0
      vertex -39.822983865893654 75.06806474673115 10
      vertex -39.46472317204377 75.38545602565321 0
    endloop
  endfacet
  facet normal -0.23931566428754736 0.9709418174260547 0
    outer loop
      vertex -39.46472317204377 75.38545602565321 0
      vertex -39.46472317204377 75.38545602565321 10
      vertex -39.005 75.49876761068484 0
    endloop
  endfacet
  facet normal -0.9927088740980545 -0.12053668025531901 0
    outer loop
      vertex -39.99270887409806 74.62053668025533 0
      vertex -39.97868018124654 74.505 10
      vertex -39.99270887409806 74.62053668025533 10
    endloop
  endfacet
  facet normal -0.93501624268541 0.3546048870425488 0
    outer loop
      vertex -39.822983865893654 75.06806474673115 0
      vertex -39.99270887409806 74.62053668025533 10
      vertex -39.822983865893654 75.06806474673115 10
    endloop
  endfacet
  facet normal -0.6631226582408039 0.7485107481710934 0
    outer loop
      vertex -39.46472317204377 75.38545602565321 0
      vertex -39.822983865893654 75.06806474673115 10
      vertex -39.46472317204377 75.38545602565321 10
    endloop
  endfacet
  facet normal -0.23931566428754736 0.9709418174260547 0
    outer loop
      vertex -39.005 75.49876761068484 0
      vertex -39.46472317204377 75.38545602565321 10
      vertex -39.005 75.49876761068484 10
    endloop
  endfacet
  facet normal -0.9709418174260547 -0.23931566428754736 0
    outer loop
      vertex -39.88545602565321 -74.96472317204376 0
      vertex -39.88545602565321 -74.96472317204376 10
      vertex -39.99876761068484 -74.505 0
    endloop
  endfacet
  facet normal -0.7485107481711065 -0.6631226582407891 0
    outer loop
      vertex -39.88545602565321 -74.96472317204376 0
      vertex -39.56806474673115 -75.32298386589366 0
      vertex -39.56806474673115 -75.32298386589366 10
    endloop
  endfacet
  facet normal -0.35460488704253085 -0.9350162426854166 0
    outer loop
      vertex -39.56806474673115 -75.32298386589366 0
      vertex -39.12053668025532 -75.49270887409806 0
      vertex -39.12053668025532 -75.49270887409806 10
    endloop
  endfacet
  facet normal 0.12053668025539378 -0.9927088740980454 0
    outer loop
      vertex -39.12053668025532 -75.49270887409806 0
      vertex -39.005 -75.47868018124653 0
      vertex -39.005 -75.47868018124653 10
    endloop
  endfacet
  facet normal -0.7485107481711065 -0.6631226582407891 0
    outer loop
      vertex -39.88545602565321 -74.96472317204376 0
      vertex -39.56806474673115 -75.32298386589366 10
      vertex -39.88545602565321 -74.96472317204376 10
    endloop
  endfacet
  facet normal -0.9709418174260547 -0.23931566428754736 0
    outer loop
      vertex -39.99876761068484 -74.505 0
      vertex -39.88545602565321 -74.96472317204376 10
      vertex -39.99876761068484 -74.505 10
    endloop
  endfacet
  facet normal -0.35460488704253085 -0.9350162426854166 0
    outer loop
      vertex -39.56806474673115 -75.32298386589366 0
      vertex -39.12053668025532 -75.49270887409806 10
      vertex -39.56806474673115 -75.32298386589366 10
    endloop
  endfacet
  facet normal 0.12053668025539378 -0.9927088740980454 0
    outer loop
      vertex -39.12053668025532 -75.49270887409806 0
      vertex -39.005 -75.47868018124653 10
      vertex -39.12053668025532 -75.49270887409806 10
    endloop
  endfacet
  facet normal 0.23931566428754736 -0.9709418174260547 0
    outer loop
      vertex 39.005 -75.49876761068484 0
      vertex 39.46472317204377 -75.38545602565321 0
      vertex 39.46472317204377 -75.38545602565321 10
    endloop
  endfacet
  facet normal 0.6631226582408039 -0.7485107481710934 0
    outer loop
      vertex 39.46472317204377 -75.38545602565321 0
      vertex 39.822983865893654 -75.06806474673115 0
      vertex 39.822983865893654 -75.06806474673115 10
    endloop
  endfacet
  facet normal 0.93501624268541 -0.3546048870425488 0
    outer loop
      vertex 39.822983865893654 -75.06806474673115 0
      vertex 39.99270887409806 -74.62053668025533 0
      vertex 39.99270887409806 -74.62053668025533 10
    endloop
  endfacet
  facet normal 0.9927088740980545 0.12053668025531901 0
    outer loop
      vertex 39.99270887409806 -74.62053668025533 0
      vertex 39.97868018124654 -74.505 0
      vertex 39.97868018124654 -74.505 10
    endloop
  endfacet
  facet normal 0.23931566428754736 -0.9709418174260547 0
    outer loop
      vertex 39.005 -75.49876761068484 0
      vertex 39.46472317204377 -75.38545602565321 10
      vertex 39.005 -75.49876761068484 10
    endloop
  endfacet
  facet normal 0.6631226582408039 -0.7485107481710934 0
    outer loop
      vertex 39.46472317204377 -75.38545602565321 0
      vertex 39.822983865893654 -75.06806474673115 10
      vertex 39.46472317204377 -75.38545602565321 10
    endloop
  endfacet
  facet normal 0.93501624268541 -0.3546048870425488 0
    outer loop
      vertex 39.822983865893654 -75.06806474673115 0
      vertex 39.99270887409806 -74.62053668025533 10
      vertex 39.822983865893654 -75.06806474673115 10
    endloop
  endfacet
  facet normal 0.9927088740980545 0.12053668025531901 0
    outer loop
      vertex 39.99270887409806 -74.62053668025533 0
      vertex 39.97868018124654 -74.505 10
      vertex 39.99270887409806 -74.62053668025533 10
    endloop
  endfacet
  facet normal -0.12053668025539378 0.9927088740980454 0
    outer loop
      vertex 39.005 75.47868018124653 0
      vertex 39.005 75.47868018124653 10
      vertex 39.12053668025532 75.49270887409806 0
    endloop
  endfacet
  facet normal 0.35460488704253085 0.9350162426854166 0
    outer loop
      vertex 39.12053668025532 75.49270887409806 0
      vertex 39.12053668025532 75.49270887409806 10
      vertex 39.56806474673115 75.32298386589366 0
    endloop
  endfacet
  facet normal 0.7485107481711065 0.6631226582407891 0
    outer loop
      vertex 39.56806474673115 75.32298386589366 0
      vertex 39.56806474673115 75.32298386589366 10
      vertex 39.88545602565321 74.96472317204376 0
    endloop
  endfacet
  facet normal 0.9709418174260547 0.23931566428754736 0
    outer loop
      vertex 39.99876761068484 74.505 0
      vertex 39.88545602565321 74.96472317204376 0
      vertex 39.88545602565321 74.96472317204376 10
    endloop
  endfacet
  facet normal -0.12053668025539378 0.9927088740980454 0
    outer loop
      vertex 39.12053668025532 75.49270887409806 0
      vertex 39.005 75.47868018124653 10
      vertex 39.12053668025532 75.49270887409806 10
    endloop
  endfacet
  facet normal 0.35460488704253085 0.9350162426854166 0
    outer loop
      vertex 39.56806474673115 75.32298386589366 0
      vertex 39.12053668025532 75.49270887409806 10
      vertex 39.56806474673115 75.32298386589366 10
    endloop
  endfacet
  facet normal 0.9709418174260547 0.23931566428754736 0
    outer loop
      vertex 39.99876761068484 74.505 0
      vertex 39.88545602565321 74.96472317204376 10
      vertex 39.99876761068484 74.505 10
    endloop
  endfacet
  facet normal 0.7485107481711065 0.6631226582407891 0
    outer loop
      vertex 39.88545602565321 74.96472317204376 0
      vertex 39.56806474673115 75.32298386589366 10
      vertex 39.88545602565321 74.96472317204376 10
    endloop
  endfacet
  facet normal 0 0 -1
    outer loop
      vertex -39.56806474673115 -75.32298386589366 0
      vertex -39.005 -75.47868018124653 0
      vertex -39.12053668025532 -75.49270887409806 0
    endloop
  endfacet
  facet normal 0 0 -1
    outer loop
      vertex -39.99876761068484 -74.505 0
      vertex -36.825 -56.25 0
      vertex -30.262500000000003 -56.25 0
    endloop
  endfacet
  facet normal 0 0 -1
    outer loop
      vertex -39.88545602565321 -74.96472317204376 0
      vertex -39.99876761068484 -74.505 0
      vertex 0 -56.25 0
    endloop
  endfacet
  facet normal 0 0 -1
    outer loop
      vertex -39.99876761068484 -74.505 0
      vertex -30.262500000000003 -56.25 0
      vertex 0 -56.25 0
    endloop
  endfacet
  facet normal 0 0 -1
    outer loop
      vertex -40 -74.505 0
      vertex -39.97868018124654 74.505 0
      vertex -39.99876761068484 -74.505 0
    endloop
  endfacet
  facet normal 0 0 -1
    outer loop
      vertex -39.99876761068484 -74.505 0
      vertex -39.97868018124654 74.505 0
      vertex -36.825 -56.25 0
    endloop
  endfacet
  facet normal 0 0 -1
    outer loop
      vertex -36.825 -56.25 0
      vertex -39.97868018124654 74.505 0
      vertex -36.825 -28.125 0
    endloop
  endfacet
  facet normal -1 0 0
    outer loop
      vertex -40 -74.505 0
      vertex -40 -74.505 10
      vertex -40 74.505 0
    endloop
  endfacet
  facet normal 0 0 -1
    outer loop
      vertex -39.88545602565321 -74.96472317204376 0
      vertex -5 -64 0
      vertex -4.941883634852104 -64.47863132857512 0
    endloop
  endfacet
  facet normal 0 0 -1
    outer loop
      vertex -39.88545602565321 -74.96472317204376 0
      vertex -4.941883634852104 -63.52136867142489 0
      vertex -5 -64 0
    endloop
  endfacet
  facet normal 0 0 -1
    outer loop
      vertex -39.88545602565321 -74.96472317204376 0
      vertex -4.941883634852104 -64.47863132857512 0
      vertex -4.77091205130642 -64.92944634408754 0
    endloop
  endfacet
  facet normal 0 0 -1
    outer loop
      vertex -39.88545602565321 -74.96472317204376 0
      vertex -4.77091205130642 -64.92944634408754 0
      vertex -4.497021496342202 -65.32624531648159 0
    endloop
  endfacet
  facet normal 0 0 -1
    outer loop
      vertex -39.88545602565321 -74.96472317204376 0
      vertex -4.77091205130642 -63.07055365591246 0
      vertex -4.941883634852104 -63.52136867142489 0
    endloop
  endfacet
  facet normal 0 0 -1
    outer loop
      vertex -39.88545602565321 -74.96472317204376 0
      vertex -4.497021496342202 -62.67375468351841 0
      vertex -4.77091205130642 -63.07055365591246 0
    endloop
  endfacet
  facet normal 0 0 -1
    outer loop
      vertex -39.88545602565321 -74.96472317204376 0
      vertex -4.497021496342202 -65.32624531648159 0
      vertex -4.136129493462311 -65.64596773178731 0
    endloop
  endfacet
  facet normal 0 0 -1
    outer loop
      vertex -39.88545602565321 -74.96472317204376 0
      vertex -4.136129493462311 -65.64596773178731 0
      vertex -3.709209774085071 -65.87003248537083 0
    endloop
  endfacet
  facet normal 0 0 -1
    outer loop
      vertex -39.88545602565321 -74.96472317204376 0
      vertex -3.709209774085071 -65.87003248537083 0
      vertex -3.2410733605106454 -65.98541774819611 0
    endloop
  endfacet
  facet normal 0 0 -1
    outer loop
      vertex -39.56806474673115 -75.32298386589366 0
      vertex 39.005 -75.49876761068484 0
      vertex -39.005 -75.47868018124653 0
    endloop
  endfacet
  facet normal 0 0 -1
    outer loop
      vertex -39.88545602565321 -74.96472317204376 0
      vertex 39.97868018124654 -74.505 0
      vertex -39.56806474673115 -75.32298386589366 0
    endloop
  endfacet
  facet normal 0 0 -1
    outer loop
      vertex -39.005 -75.5 0
      vertex -39.005 -75.47868018124653 0
      vertex 39.005 -75.5 0
    endloop
  endfacet
  facet normal 0 0 -1
    outer loop
      vertex -39.88545602565321 -74.96472317204376 0
      vertex 0 -56.25 0
      vertex -4.497021496342202 -62.67375468351841 0
    endloop
  endfacet
  facet normal 0 0 -1
    outer loop
      vertex -39.88545602565321 -74.96472317204376 0
      vertex -3.2410733605106454 -65.98541774819611 0
      vertex 39.97868018124654 -74.505 0
    endloop
  endfacet
  facet normal 0 0 -1
    outer loop
      vertex -3 -65.98541774819611 0
      vertex -3 -66 0
      vertex -3.2410733605106454 -65.98541774819611 0
    endloop
  endfacet
  facet normal 0 0 -1
    outer loop
      vertex -3.241073360510646 -62.014582251803894 0
      vertex -3 -62 0
      vertex -3 -62.014582251803894 0
    endloop
  endfacet
  facet normal 0 0 -1
    outer loop
      vertex 0 -56.25 0
      vertex -4.136129493462311 -62.354032268212684 0
      vertex -4.497021496342202 -62.67375468351841 0
    endloop
  endfacet
  facet normal 0 0 -1
    outer loop
      vertex 0 -56.25 0
      vertex -3.709209774085071 -62.12996751462917 0
      vertex -4.136129493462311 -62.354032268212684 0
    endloop
  endfacet
  facet normal 0 0 -1
    outer loop
      vertex 0 -56.25 0
      vertex -3.241073360510646 -62.014582251803894 0
      vertex -3.709209774085071 -62.12996751462917 0
    endloop
  endfacet
  facet normal 0 0 -1
    outer loop
      vertex 0 -56.25 0
      vertex -3 -62 0
      vertex -3.241073360510646 -62.014582251803894 0
    endloop
  endfacet
  facet normal 0 0 1
    outer loop
      vertex -39.56806474673115 -75.32298386589366 10
      vertex -39.12053668025532 -75.49270887409806 10
      vertex -39.005 -75.47868018124653 10
    endloop
  endfacet
  facet normal 0 0 1
    outer loop
      vertex -39.99876761068484 -74.505 10
      vertex -35.9 -71.4 10
      vertex -35.9 -56.25 10
    endloop
  endfacet
  facet normal 0 0 1
    outer loop
      vertex -39.99876761068484 -74.505 10
      vertex -35.9 -56.25 10
      vertex -36.825 -56.25 10
    endloop
  endfacet
  facet normal 0 0 1
    outer loop
      vertex -30.262500000000003 -56.25 10
      vertex -34.8 -56.25 10
      vertex -34.8 -69.305 10
    endloop
  endfacet
  facet normal 0 0 1
    outer loop
      vertex 0 -56.25 10
      vertex -34.798767610684834 -69.305 10
      vertex -34.68545602565321 -69.76472317204377 10
    endloop
  endfacet
  facet normal 0 0 1
    outer loop
      vertex 0 -56.25 10
      vertex -34.8 -69.305 10
      vertex -34.798767610684834 -69.305 10
    endloop
  endfacet
  facet normal 0 0 1
    outer loop
      vertex 0 -56.25 10
      vertex -34.68545602565321 -69.76472317204377 10
      vertex -34.36806474673115 -70.12298386589367 10
    endloop
  endfacet
  facet normal 0 0 1
    outer loop
      vertex 0 -56.25 10
      vertex -34.36806474673115 -70.12298386589367 10
      vertex -33.92053668025532 -70.29270887409807 10
    endloop
  endfacet
  facet normal 0 0 1
    outer loop
      vertex 0 -56.25 10
      vertex -33.92053668025532 -70.29270887409807 10
      vertex -33.805 -70.27868018124654 10
    endloop
  endfacet
  facet normal 0 0 1
    outer loop
      vertex 0 -56.25 10
      vertex -33.805 -70.27868018124654 10
      vertex -33.805 -70.30000000000001 10
    endloop
  endfacet
  facet normal 0 0 1
    outer loop
      vertex -30.262500000000003 -56.25 10
      vertex -34.8 -69.305 10
      vertex 0 -56.25 10
    endloop
  endfacet
  facet normal 0 0 1
    outer loop
      vertex -40 -74.505 10
      vertex -39.99876761068484 -74.505 10
      vertex -40 74.505 10
    endloop
  endfacet
  facet normal 0 0 1
    outer loop
      vertex -39.99876761068484 -74.505 10
      vertex -36.825 -56.25 10
      vertex -39.97868018124654 74.505 10
    endloop
  endfacet
  facet normal 0 0 1
    outer loop
      vertex -36.825 -56.25 10
      vertex -36.825 -28.125 10
      vertex -39.97868018124654 74.505 10
    endloop
  endfacet
  facet normal 0 -1 0
    outer loop
      vertex -39.005 -75.5 0
      vertex 39.005 -75.5 10
      vertex -39.005 -75.5 10
    endloop
  endfacet
  facet normal 0 0 1
    outer loop
      vertex -33.805 -70.30000000000001 10
      vertex -5.645123510239904 -66.2920125688085 10
      vertex -5.944387364909135 -65.89224286109459 10
    endloop
  endfacet
  facet normal 0 0 1
    outer loop
      vertex -33.805 -70.30000000000001 10
      vertex -6.183711983740815 -65.4539525455066 10
      vertex -6.358225407650741 -64.986063948945 10
    endloop
  endfacet
  facet normal 0 0 1
    outer loop
      vertex -33.805 -70.30000000000001 10
      vertex -6.358225407650741 -64.986063948945 10
      vertex -6.464375046583264 -64.4981019339565 10
    endloop
  endfacet
  facet normal 0 0 1
    outer loop
      vertex -33.805 -70.30000000000001 10
      vertex -6.464375046583264 -64.4981019339565 10
      vertex -6.5 -64 10
    endloop
  endfacet
  facet normal 0 0 1
    outer loop
      vertex -33.805 -70.30000000000001 10
      vertex -5.944387364909135 -65.89224286109459 10
      vertex -6.183711983740815 -65.4539525455066 10
    endloop
  endfacet
  facet normal 0 0 1
    outer loop
      vertex -33.805 -70.30000000000001 10
      vertex -6.5 -64 10
      vertex -6.464375046583264 -63.5018980660435 10
    endloop
  endfacet
  facet normal 0 0 1
    outer loop
      vertex -33.805 -70.30000000000001 10
      vertex -6.464375046583264 -63.5018980660435 10
      vertex -6.358225407650741 -63.013936051055 10
    endloop
  endfacet
  facet normal 0 0 1
    outer loop
      vertex -33.805 -70.30000000000001 10
      vertex -6.358225407650741 -63.013936051055 10
      vertex -6.183711983740815 -62.5460474544934 10
    endloop
  endfacet
  facet normal 0 0 1
    outer loop
      vertex -33.805 -70.30000000000001 10
      vertex -6.183711983740815 -62.5460474544934 10
      vertex -5.944387364909135 -62.107757138905406 10
    endloop
  endfacet
  facet normal 0 0 1
    outer loop
      vertex -33.805 -70.30000000000001 10
      vertex -5.944387364909135 -62.107757138905406 10
      vertex -5.645123510239904 -61.707987431191505 10
    endloop
  endfacet
  facet normal 0 0 1
    outer loop
      vertex -39.56806474673115 -75.32298386589366 10
      vertex -39.005 -75.47868018124653 10
      vertex 39.005 -75.49876761068484 10
    endloop
  endfacet
  facet normal 0 0 1
    outer loop
      vertex -39.88545602565321 -74.96472317204376 10
      vertex -39.56806474673115 -75.32298386589366 10
      vertex 39.822983865893654 -75.06806474673115 10
    endloop
  endfacet
  facet normal 0 0 1
    outer loop
      vertex -39.88545602565321 -74.96472317204376 10
      vertex 39.822983865893654 -75.06806474673115 10
      vertex -39.99876761068484 -74.505 10
    endloop
  endfacet
  facet normal 0 0 1
    outer loop
      vertex -39.005 -75.5 10
      vertex 39.005 -75.49876761068484 10
      vertex -39.005 -75.47868018124653 10
    endloop
  endfacet
  facet normal 0 0 1
    outer loop
      vertex -33.805 -70.30000000000001 10
      vertex -5.292012568808497 -66.6451235102399 10
      vertex -5.645123510239904 -66.2920125688085 10
    endloop
  endfacet
  facet normal 0 0 1
    outer loop
      vertex -33.805 -70.30000000000001 10
      vertex -4.892242861094591 -66.94438736490913 10
      vertex -5.292012568808497 -66.6451235102399 10
    endloop
  endfacet
  facet normal 0 0 1
    outer loop
      vertex -33.805 -70.30000000000001 10
      vertex -4.453952545506602 -67.18371198374082 10
      vertex -4.892242861094591 -66.94438736490913 10
    endloop
  endfacet
  facet normal 0 0 1
    outer loop
      vertex -33.805 -70.30000000000001 10
      vertex -3.9860639489450045 -67.35822540765074 10
      vertex -4.453952545506602 -67.18371198374082 10
    endloop
  endfacet
  facet normal 0 0 1
    outer loop
      vertex -33.805 -70.30000000000001 10
      vertex -3.498101933956498 -67.46437504658327 10
      vertex -3.9860639489450045 -67.35822540765074 10
    endloop
  endfacet
  facet normal 0 0 1
    outer loop
      vertex -33.805 -70.30000000000001 10
      vertex -3 -67.5 10
      vertex -3.498101933956498 -67.46437504658327 10
    endloop
  endfacet
  facet normal 0 0 1
    outer loop
      vertex -39.99876761068484 -74.505 10
      vertex 39.822983865893654 -75.06806474673115 10
      vertex -35.9 -71.4 10
    endloop
  endfacet
  facet normal 0 0 1
    outer loop
      vertex -33.805 -70.30000000000001 10
      vertex 3 -67.5 10
      vertex -3 -67.5 10
    endloop
  endfacet
  facet normal 0 0 1
    outer loop
      vertex -33.805 -70.30000000000001 10
      vertex -5.645123510239904 -61.707987431191505 10
      vertex -5.292012568808497 -61.354876489760095 10
    endloop
  endfacet
  facet normal 0 0 1
    outer loop
      vertex -33.805 -70.30000000000001 10
      vertex -5.292012568808497 -61.354876489760095 10
      vertex -4.892242861094592 -61.05561263509087 10
    endloop
  endfacet
  facet normal 0 0 1
    outer loop
      vertex -33.805 -70.30000000000001 10
      vertex -4.892242861094592 -61.05561263509087 10
      vertex -4.453952545506603 -60.816288016259186 10
    endloop
  endfacet
  facet normal 0 0 1
    outer loop
      vertex -33.805 -70.30000000000001 10
      vertex -4.453952545506603 -60.816288016259186 10
      vertex -3.9860639489450036 -60.64177459234926 10
    endloop
  endfacet
  facet normal 0 0 1
    outer loop
      vertex 0 -56.25 10
      vertex -33.805 -70.30000000000001 10
      vertex -3.9860639489450036 -60.64177459234926 10
    endloop
  endfacet
  facet normal 0 0 1
    outer loop
      vertex -33.805 -70.30000000000001 10
      vertex 3.498101933956498 -67.46437504658327 10
      vertex 3 -67.5 10
    endloop
  endfacet
  facet normal 0 0 1
    outer loop
      vertex 0 -56.25 10
      vertex -3.9860639489450036 -60.64177459234926 10
      vertex -3.498101933956498 -60.535624953416736 10
    endloop
  endfacet
  facet normal 0 0 1
    outer loop
      vertex 0 -56.25 10
      vertex -3.498101933956498 -60.535624953416736 10
      vertex -3 -60.5 10
    endloop
  endfacet
  facet normal 0 0 -1
    outer loop
      vertex -36.825 -28.125 0
      vertex -39.97868018124654 74.505 0
      vertex -36.825 0 0
    endloop
  endfacet
  facet normal 0 0 -1
    outer loop
      vertex -40 -74.505 0
      vertex -40 74.505 0
      vertex -39.97868018124654 74.505 0
    endloop
  endfacet
  facet normal 0 0 -1
    outer loop
      vertex -36.825 0 0
      vertex -39.97868018124654 74.505 0
      vertex -36.825 28.125 0
    endloop
  endfacet
  facet normal 0 0 -1
    outer loop
      vertex -36.825 28.125 0
      vertex -39.97868018124654 74.505 0
      vertex -36.825 56.25 0
    endloop
  endfacet
  facet normal 0 0 -1
    outer loop
      vertex -36.825 56.260000000000005 0
      vertex -36.825 56.25 0
      vertex -39.97868018124654 74.505 0
    endloop
  endfacet
  facet normal 0 0 -1
    outer loop
      vertex -36.825 56.260000000000005 0
      vertex -39.97868018124654 74.505 0
      vertex 0 56.260000000000005 0
    endloop
  endfacet
  facet normal 0 0 -1
    outer loop
      vertex -39.97868018124654 74.505 0
      vertex -4.941883634852104 63.52136867142489 0
      vertex -4.77091205130642 63.07055365591246 0
    endloop
  endfacet
  facet normal 0 0 -1
    outer loop
      vertex -39.97868018124654 74.505 0
      vertex -4.77091205130642 63.07055365591246 0
      vertex -4.497021496342202 62.67375468351841 0
    endloop
  endfacet
  facet normal 0 0 -1
    outer loop
      vertex -39.97868018124654 74.505 0
      vertex -5 64 0
      vertex -4.941883634852104 63.52136867142489 0
    endloop
  endfacet
  facet normal 0 0 -1
    outer loop
      vertex -39.97868018124654 74.505 0
      vertex -4.941883634852104 64.47863132857512 0
      vertex -5 64 0
    endloop
  endfacet
  facet normal 0 0 -1
    outer loop
      vertex -39.97868018124654 74.505 0
      vertex -4.77091205130642 64.92944634408754 0
      vertex -4.941883634852104 64.47863132857512 0
    endloop
  endfacet
  facet normal 0 0 -1
    outer loop
      vertex -39.97868018124654 74.505 0
      vertex -4.497021496342202 65.32624531648159 0
      vertex -4.77091205130642 64.92944634408754 0
    endloop
  endfacet
  facet normal 0 0 -1
    outer loop
      vertex -39.97868018124654 74.505 0
      vertex -4.136129493462311 65.64596773178731 0
      vertex -4.497021496342202 65.32624531648159 0
    endloop
  endfacet
  facet normal 0 0 -1
    outer loop
      vertex -39.97868018124654 74.505 0
      vertex -3.709209774085071 65.87003248537083 0
      vertex -4.136129493462311 65.64596773178731 0
    endloop
  endfacet
  facet normal 0 0 -1
    outer loop
      vertex -39.97868018124654 74.505 0
      vertex -3.241073360510646 65.98541774819611 0
      vertex -3.709209774085071 65.87003248537083 0
    endloop
  endfacet
  facet normal 0 0 -1
    outer loop
      vertex -39.97868018124654 74.505 0
      vertex -3 66 0
      vertex -3.241073360510646 65.98541774819611 0
    endloop
  endfacet
  facet normal 0 0 -1
    outer loop
      vertex -39.97868018124654 74.505 0
      vertex -4.497021496342202 62.67375468351841 0
      vertex 0 56.260000000000005 0
    endloop
  endfacet
  facet normal 0 0 -1
    outer loop
      vertex -39.97868018124654 74.505 0
      vertex 3 66 0
      vertex -3 66 0
    endloop
  endfacet
  facet normal 0 0 -1
    outer loop
      vertex -39.97868018124654 74.505 0
      vertex -39.99270887409806 74.62053668025533 0
      vertex 39.56806474673115 75.32298386589366 0
    endloop
  endfacet
  facet normal 0 0 -1
    outer loop
      vertex -39.99270887409806 74.62053668025533 0
      vertex -39.822983865893654 75.06806474673115 0
      vertex 39.56806474673115 75.32298386589366 0
    endloop
  endfacet
  facet normal 0 0 -1
    outer loop
      vertex -39.822983865893654 75.06806474673115 0
      vertex -39.46472317204377 75.38545602565321 0
      vertex 39.56806474673115 75.32298386589366 0
    endloop
  endfacet
  facet normal 0 0 -1
    outer loop
      vertex -39.005 75.5 0
      vertex 39.005 75.47868018124653 0
      vertex -39.005 75.49876761068484 0
    endloop
  endfacet
  facet normal 0 0 -1
    outer loop
      vertex -39.46472317204377 75.38545602565321 0
      vertex -39.005 75.49876761068484 0
      vertex 39.56806474673115 75.32298386589366 0
    endloop
  endfacet
  facet normal 0 0 -1
    outer loop
      vertex -39.97868018124654 74.505 0
      vertex 3.241073360510646 65.98541774819611 0
      vertex 3 66 0
    endloop
  endfacet
  facet normal 0 0 -1
    outer loop
      vertex 0 56.260000000000005 0
      vertex -4.497021496342202 62.67375468351841 0
      vertex -4.136129493462311 62.354032268212684 0
    endloop
  endfacet
  facet normal 0 0 -1
    outer loop
      vertex 0 56.260000000000005 0
      vertex -4.136129493462311 62.354032268212684 0
      vertex -3.709209774085071 62.12996751462917 0
    endloop
  endfacet
  facet normal 0 0 -1
    outer loop
      vertex -3 62.014582251803894 0
      vertex -3 62 0
      vertex -3.2410733605106454 62.014582251803894 0
    endloop
  endfacet
  facet normal 0 0 -1
    outer loop
      vertex -3.241073360510646 65.98541774819611 0
      vertex -3 66 0
      vertex -3 65.98541774819611 0
    endloop
  endfacet
  facet normal 0 0 -1
    outer loop
      vertex 0 56.260000000000005 0
      vertex -3.709209774085071 62.12996751462917 0
      vertex -3.2410733605106454 62.014582251803894 0
    endloop
  endfacet
  facet normal 0 0 -1
    outer loop
      vertex 0 56.260000000000005 0
      vertex -3.2410733605106454 62.014582251803894 0
      vertex -3 62 0
    endloop
  endfacet
  facet normal 0 1 0
    outer loop
      vertex -39.005 75.5 0
      vertex -39.005 75.5 10
      vertex 39.005 75.5 0
    endloop
  endfacet
  facet normal -1 0 0
    outer loop
      vertex -40 -74.505 10
      vertex -40 74.505 10
      vertex -40 74.505 0
    endloop
  endfacet
  facet normal 0 0 1
    outer loop
      vertex -36.825 -28.125 10
      vertex -36.825 0 10
      vertex -39.97868018124654 74.505 10
    endloop
  endfacet
  facet normal 0 0 1
    outer loop
      vertex -39.99876761068484 -74.505 10
      vertex -39.97868018124654 74.505 10
      vertex -40 74.505 10
    endloop
  endfacet
  facet normal 0 0 1
    outer loop
      vertex -36.825 0 10
      vertex -36.825 28.125 10
      vertex -39.97868018124654 74.505 10
    endloop
  endfacet
  facet normal 0 0 1
    outer loop
      vertex -36.825 28.125 10
      vertex -36.825 56.25 10
      vertex -39.97868018124654 74.505 10
    endloop
  endfacet
  facet normal 0 0 1
    outer loop
      vertex -36.825 56.260000000000005 10
      vertex -39.97868018124654 74.505 10
      vertex -36.825 56.25 10
    endloop
  endfacet
  facet normal 0 0 1
    outer loop
      vertex -36.825 56.260000000000005 10
      vertex -35.9 56.260000000000005 10
      vertex -35.9 71.4 10
    endloop
  endfacet
  facet normal 0 0 1
    outer loop
      vertex -36.825 56.260000000000005 10
      vertex -35.9 71.4 10
      vertex -39.97868018124654 74.505 10
    endloop
  endfacet
  facet normal 0 0 1
    outer loop
      vertex -34.8 56.260000000000005 10
      vertex -34.778680181246536 69.305 10
      vertex -34.8 69.305 10
    endloop
  endfacet
  facet normal 0 0 1
    outer loop
      vertex -34.8 56.260000000000005 10
      vertex -34.62298386589365 69.86806474673116 10
      vertex -34.778680181246536 69.305 10
    endloop
  endfacet
  facet normal 0 0 1
    outer loop
      vertex -34.8 56.260000000000005 10
      vertex -34.264723172043766 70.18545602565322 10
      vertex -34.62298386589365 69.86806474673116 10
    endloop
  endfacet
  facet normal 0 0 1
    outer loop
      vertex -34.8 56.260000000000005 10
      vertex -33.805 70.29876761068485 10
      vertex -34.264723172043766 70.18545602565322 10
    endloop
  endfacet
  facet normal 0 0 1
    outer loop
      vertex -34.8 56.260000000000005 10
      vertex -33.635975 70.30000000000001 10
      vertex -33.805 70.29876761068485 10
    endloop
  endfacet
  facet normal 0 0 1
    outer loop
      vertex -34.778680181246536 69.305 10
      vertex -34.62298386589365 69.86806474673116 10
      vertex -34.792708874098054 69.42053668025534 10
    endloop
  endfacet
  facet normal 0 0 1
    outer loop
      vertex -33.805 70.30000000000001 10
      vertex -33.805 70.29876761068485 10
      vertex -33.635975 70.30000000000001 10
    endloop
  endfacet
  facet normal 0 0 1
    outer loop
      vertex 0 56.260000000000005 10
      vertex -33.635975 70.30000000000001 10
      vertex -34.8 56.260000000000005 10
    endloop
  endfacet
  facet normal 0 0 1
    outer loop
      vertex -33.635975 70.30000000000001 10
      vertex -5.645123510239904 61.707987431191505 10
      vertex -5.944387364909135 62.107757138905406 10
    endloop
  endfacet
  facet normal 0 0 1
    outer loop
      vertex -33.635975 70.30000000000001 10
      vertex -6.183711983740815 62.5460474544934 10
      vertex -6.358225407650741 63.013936051055 10
    endloop
  endfacet
  facet normal 0 0 1
    outer loop
      vertex -33.635975 70.30000000000001 10
      vertex -6.358225407650741 63.013936051055 10
      vertex -6.464375046583264 63.5018980660435 10
    endloop
  endfacet
  facet normal 0 0 1
    outer loop
      vertex -33.635975 70.30000000000001 10
      vertex -6.464375046583264 63.5018980660435 10
      vertex -6.5 64 10
    endloop
  endfacet
  facet normal 0 0 1
    outer loop
      vertex -33.635975 70.30000000000001 10
      vertex -5.944387364909135 62.107757138905406 10
      vertex -6.183711983740815 62.5460474544934 10
    endloop
  endfacet
  facet normal 0 0 1
    outer loop
      vertex -33.635975 70.30000000000001 10
      vertex -6.5 64 10
      vertex -6.464375046583264 64.4981019339565 10
    endloop
  endfacet
  facet normal 0 0 1
    outer loop
      vertex -33.635975 70.30000000000001 10
      vertex -6.464375046583264 64.4981019339565 10
      vertex -6.358225407650741 64.986063948945 10
    endloop
  endfacet
  facet normal 0 0 1
    outer loop
      vertex -33.635975 70.30000000000001 10
      vertex -6.358225407650741 64.986063948945 10
      vertex -6.183711983740815 65.4539525455066 10
    endloop
  endfacet
  facet normal 0 0 1
    outer loop
      vertex -33.635975 70.30000000000001 10
      vertex -6.183711983740815 65.4539525455066 10
      vertex -5.944387364909135 65.89224286109459 10
    endloop
  endfacet
  facet normal 0 0 1
    outer loop
      vertex -33.635975 70.30000000000001 10
      vertex -5.944387364909135 65.89224286109459 10
      vertex -5.645123510239904 66.2920125688085 10
    endloop
  endfacet
  facet normal 0 0 1
    outer loop
      vertex -33.635975 70.30000000000001 10
      vertex -5.292012568808497 61.354876489760095 10
      vertex -5.645123510239904 61.707987431191505 10
    endloop
  endfacet
  facet normal 0 0 1
    outer loop
      vertex -33.635975 70.30000000000001 10
      vertex -4.892242861094591 61.05561263509087 10
      vertex -5.292012568808497 61.354876489760095 10
    endloop
  endfacet
  facet normal 0 0 1
    outer loop
      vertex -33.635975 70.30000000000001 10
      vertex -4.453952545506602 60.816288016259186 10
      vertex -4.892242861094591 61.05561263509087 10
    endloop
  endfacet
  facet normal 0 0 1
    outer loop
      vertex 0 56.260000000000005 10
      vertex -4.453952545506602 60.816288016259186 10
      vertex -33.635975 70.30000000000001 10
    endloop
  endfacet
  facet normal 0 0 1
    outer loop
      vertex -33.635975 70.30000000000001 10
      vertex -5.645123510239904 66.2920125688085 10
      vertex -5.292012568808497 66.6451235102399 10
    endloop
  endfacet
  facet normal 0 0 1
    outer loop
      vertex -33.635975 70.30000000000001 10
      vertex -5.292012568808497 66.6451235102399 10
      vertex -4.892242861094592 66.94438736490913 10
    endloop
  endfacet
  facet normal 0 0 1
    outer loop
      vertex -33.635975 70.30000000000001 10
      vertex -4.892242861094592 66.94438736490913 10
      vertex -4.453952545506603 67.18371198374082 10
    endloop
  endfacet
  facet normal 0 0 1
    outer loop
      vertex -33.635975 70.30000000000001 10
      vertex -4.453952545506603 67.18371198374082 10
      vertex -3.9860639489450036 67.35822540765074 10
    endloop
  endfacet
  facet normal 0 0 1
    outer loop
      vertex -33.635975 70.30000000000001 10
      vertex -3.9860639489450036 67.35822540765074 10
      vertex -3.498101933956498 67.46437504658327 10
    endloop
  endfacet
  facet normal 0 0 1
    outer loop
      vertex -39.97868018124654 74.505 10
      vertex 35.9 71.4 10
      vertex -39.99270887409806 74.62053668025533 10
    endloop
  endfacet
  facet normal 0 0 1
    outer loop
      vertex -39.99270887409806 74.62053668025533 10
      vertex 35.9 71.4 10
      vertex -39.822983865893654 75.06806474673115 10
    endloop
  endfacet
  facet normal 0 0 1
    outer loop
      vertex -39.97868018124654 74.505 10
      vertex -35.9 71.4 10
      vertex 35.9 71.4 10
    endloop
  endfacet
  facet normal 0 0 1
    outer loop
      vertex -39.822983865893654 75.06806474673115 10
      vertex 39.56806474673115 75.32298386589366 10
      vertex -39.46472317204377 75.38545602565321 10
    endloop
  endfacet
  facet normal 0 0 1
    outer loop
      vertex -39.005 75.5 10
      vertex -39.005 75.49876761068484 10
      vertex 39.005 75.5 10
    endloop
  endfacet
  facet normal 0 0 1
    outer loop
      vertex -39.46472317204377 75.38545602565321 10
      vertex 39.56806474673115 75.32298386589366 10
      vertex -39.005 75.49876761068484 10
    endloop
  endfacet
  facet normal 0 0 1
    outer loop
      vertex 0 56.260000000000005 10
      vertex -3.9860639489450045 60.64177459234926 10
      vertex -4.453952545506602 60.816288016259186 10
    endloop
  endfacet
  facet normal 0 0 1
    outer loop
      vertex 0 56.260000000000005 10
      vertex -3.498101933956498 60.535624953416736 10
      vertex -3.9860639489450045 60.64177459234926 10
    endloop
  endfacet
  facet normal 0 0 1
    outer loop
      vertex 0 56.260000000000005 10
      vertex -3 60.5 10
      vertex -3.498101933956498 60.535624953416736 10
    endloop
  endfacet
  facet normal 0 0 1
    outer loop
      vertex -33.635975 70.30000000000001 10
      vertex -3.498101933956498 67.46437504658327 10
      vertex 33.805 70.30000000000001 10
    endloop
  endfacet
  facet normal 0 0 -1
    outer loop
      vertex 0 -56.25 0
      vertex 3 -62 0
      vertex -3 -62 0
    endloop
  endfacet
  facet normal 0 0 -1
    outer loop
      vertex 0 -56.25 0
      vertex 3.241073360510646 -62.014582251803894 0
      vertex 3 -62 0
    endloop
  endfacet
  facet normal 0 0 -1
    outer loop
      vertex 0 -56.25 0
      vertex 3.709209774085071 -62.12996751462917 0
      vertex 3.241073360510646 -62.014582251803894 0
    endloop
  endfacet
  facet normal 0 0 -1
    outer loop
      vertex 3 -65.98541774819611 0
      vertex 3.2410733605106454 -65.98541774819611 0
      vertex 3 -66 0
    endloop
  endfacet
  facet normal 0 0 -1
    outer loop
      vertex 3 -62 0
      vertex 3.241073360510646 -62.014582251803894 0
      vertex 3 -62.014582251803894 0
    endloop
  endfacet
  facet normal 0 0 -1
    outer loop
      vertex 39.97868018124654 -74.505 0
      vertex -3.2410733605106454 -65.98541774819611 0
      vertex -3 -66 0
    endloop
  endfacet
  facet normal 0 0 -1
    outer loop
      vertex -39.56806474673115 -75.32298386589366 0
      vertex 39.46472317204377 -75.38545602565321 0
      vertex 39.005 -75.49876761068484 0
    endloop
  endfacet
  facet normal 0 0 -1
    outer loop
      vertex -39.005 -75.47868018124653 0
      vertex 39.005 -75.49876761068484 0
      vertex 39.005 -75.5 0
    endloop
  endfacet
  facet normal 0 0 -1
    outer loop
      vertex -39.56806474673115 -75.32298386589366 0
      vertex 39.822983865893654 -75.06806474673115 0
      vertex 39.46472317204377 -75.38545602565321 0
    endloop
  endfacet
  facet normal 0 0 -1
    outer loop
      vertex -39.56806474673115 -75.32298386589366 0
      vertex 39.99270887409806 -74.62053668025533 0
      vertex 39.822983865893654 -75.06806474673115 0
    endloop
  endfacet
  facet normal 0 0 -1
    outer loop
      vertex -39.56806474673115 -75.32298386589366 0
      vertex 39.97868018124654 -74.505 0
      vertex 39.99270887409806 -74.62053668025533 0
    endloop
  endfacet
  facet normal 0 0 -1
    outer loop
      vertex 39.97868018124654 -74.505 0
      vertex -3 -66 0
      vertex 3 -66 0
    endloop
  endfacet
  facet normal 0 0 -1
    outer loop
      vertex 0 -56.25 0
      vertex 39.97868018124654 -74.505 0
      vertex 3.709209774085071 -62.12996751462917 0
    endloop
  endfacet
  facet normal 0 0 -1
    outer loop
      vertex 39.97868018124654 -74.505 0
      vertex 3 -66 0
      vertex 3.2410733605106454 -65.98541774819611 0
    endloop
  endfacet
  facet normal 0 0 -1
    outer loop
      vertex 39.97868018124654 -74.505 0
      vertex 3.2410733605106454 -65.98541774819611 0
      vertex 3.709209774085071 -65.87003248537083 0
    endloop
  endfacet
  facet normal 0 0 -1
    outer loop
      vertex 39.97868018124654 -74.505 0
      vertex 3.709209774085071 -65.87003248537083 0
      vertex 4.136129493462312 -65.64596773178731 0
    endloop
  endfacet
  facet normal 0 0 -1
    outer loop
      vertex 39.97868018124654 -74.505 0
      vertex 4.136129493462312 -65.64596773178731 0
      vertex 4.497021496342202 -65.32624531648159 0
    endloop
  endfacet
  facet normal 0 0 -1
    outer loop
      vertex 39.97868018124654 -74.505 0
      vertex 4.136129493462311 -62.354032268212684 0
      vertex 3.709209774085071 -62.12996751462917 0
    endloop
  endfacet
  facet normal 0 0 -1
    outer loop
      vertex 39.97868018124654 -74.505 0
      vertex 4.497021496342202 -62.67375468351841 0
      vertex 4.136129493462311 -62.354032268212684 0
    endloop
  endfacet
  facet normal 0 0 -1
    outer loop
      vertex 39.97868018124654 -74.505 0
      vertex 4.497021496342202 -65.32624531648159 0
      vertex 4.77091205130642 -64.92944634408754 0
    endloop
  endfacet
  facet normal 0 0 -1
    outer loop
      vertex 39.97868018124654 -74.505 0
      vertex 4.77091205130642 -64.92944634408754 0
      vertex 4.941883634852104 -64.47863132857512 0
    endloop
  endfacet
  facet normal 0 0 -1
    outer loop
      vertex 39.97868018124654 -74.505 0
      vertex 4.941883634852104 -64.47863132857512 0
      vertex 5 -64 0
    endloop
  endfacet
  facet normal 0 0 -1
    outer loop
      vertex 39.97868018124654 -74.505 0
      vertex 5 -64 0
      vertex 4.941883634852104 -63.52136867142489 0
    endloop
  endfacet
  facet normal 0 0 -1
    outer loop
      vertex 39.97868018124654 -74.505 0
      vertex 4.77091205130642 -63.07055365591246 0
      vertex 4.497021496342202 -62.67375468351841 0
    endloop
  endfacet
  facet normal 0 0 -1
    outer loop
      vertex 39.97868018124654 -74.505 0
      vertex 4.941883634852104 -63.52136867142489 0
      vertex 4.77091205130642 -63.07055365591246 0
    endloop
  endfacet
  facet normal 0 0 -1
    outer loop
      vertex 0 -56.25 0
      vertex 6.5625 -56.25 0
      vertex 39.97868018124654 -74.505 0
    endloop
  endfacet
  facet normal 0 -1 0
    outer loop
      vertex -39.005 -75.5 0
      vertex 39.005 -75.5 0
      vertex 39.005 -75.5 10
    endloop
  endfacet
  facet normal 0 0 -1
    outer loop
      vertex 6.5625 -56.25 0
      vertex 36.825 -56.25 0
      vertex 39.97868018124654 -74.505 0
    endloop
  endfacet
  facet normal 0 0 -1
    outer loop
      vertex 39.97868018124654 -74.505 0
      vertex 36.825 -56.25 0
      vertex 36.834999999999994 -56.25 0
    endloop
  endfacet
  facet normal 0 0 -1
    outer loop
      vertex 40 -74.505 0
      vertex 39.97868018124654 -74.505 0
      vertex 40 74.505 0
    endloop
  endfacet
  facet normal 0 0 -1
    outer loop
      vertex 39.97868018124654 -74.505 0
      vertex 36.834999999999994 -56.25 0
      vertex 39.99876761068484 74.505 0
    endloop
  endfacet
  facet normal 0 0 -1
    outer loop
      vertex 36.834999999999994 -56.25 0
      vertex 36.834999999999994 -28.115 0
      vertex 39.99876761068484 74.505 0
    endloop
  endfacet
  facet normal 0 0 1
    outer loop
      vertex -33.805 -70.30000000000001 10
      vertex 33.805 -70.30000000000001 10
      vertex 3.498101933956498 -67.46437504658327 10
    endloop
  endfacet
  facet normal 0 0 1
    outer loop
      vertex 0 -56.25 10
      vertex -3 -60.5 10
      vertex 3 -60.5 10
    endloop
  endfacet
  facet normal 0 0 1
    outer loop
      vertex 0 -56.25 10
      vertex 3 -60.5 10
      vertex 3.498101933956498 -60.535624953416736 10
    endloop
  endfacet
  facet normal 0 0 1
    outer loop
      vertex 0 -56.25 10
      vertex 3.498101933956498 -60.535624953416736 10
      vertex 3.9860639489450036 -60.64177459234926 10
    endloop
  endfacet
  facet normal 0 0 1
    outer loop
      vertex 0 -56.25 10
      vertex 3.9860639489450036 -60.64177459234926 10
      vertex 4.453952545506603 -60.816288016259186 10
    endloop
  endfacet
  facet normal 0 0 1
    outer loop
      vertex 0 -56.25 10
      vertex 4.453952545506603 -60.816288016259186 10
      vertex 4.892242861094592 -61.05561263509087 10
    endloop
  endfacet
  facet normal 0 0 1
    outer loop
      vertex 0 -56.25 10
      vertex 4.892242861094592 -61.05561263509087 10
      vertex 5.292012568808497 -61.354876489760095 10
    endloop
  endfacet
  facet normal 0 0 1
    outer loop
      vertex -39.56806474673115 -75.32298386589366 10
      vertex 39.005 -75.49876761068484 10
      vertex 39.46472317204377 -75.38545602565321 10
    endloop
  endfacet
  facet normal 0 0 1
    outer loop
      vertex -39.005 -75.5 10
      vertex 39.005 -75.5 10
      vertex 39.005 -75.49876761068484 10
    endloop
  endfacet
  facet normal 0 0 1
    outer loop
      vertex -39.56806474673115 -75.32298386589366 10
      vertex 39.46472317204377 -75.38545602565321 10
      vertex 39.822983865893654 -75.06806474673115 10
    endloop
  endfacet
  facet normal 0 0 1
    outer loop
      vertex 39.97868018124654 -74.505 10
      vertex 35.9 -71.4 10
      vertex -35.9 -71.4 10
    endloop
  endfacet
  facet normal 0 0 1
    outer loop
      vertex 39.822983865893654 -75.06806474673115 10
      vertex 39.99270887409806 -74.62053668025533 10
      vertex -35.9 -71.4 10
    endloop
  endfacet
  facet normal 0 0 1
    outer loop
      vertex 39.99270887409806 -74.62053668025533 10
      vertex 39.97868018124654 -74.505 10
      vertex -35.9 -71.4 10
    endloop
  endfacet
  facet normal 0 0 1
    outer loop
      vertex 33.805 -70.30000000000001 10
      vertex 3.9860639489450045 -67.35822540765074 10
      vertex 3.498101933956498 -67.46437504658327 10
    endloop
  endfacet
  facet normal 0 0 1
    outer loop
      vertex 33.805 -70.30000000000001 10
      vertex 4.453952545506604 -67.1837119837408 10
      vertex 3.9860639489450045 -67.35822540765074 10
    endloop
  endfacet
  facet normal 0 0 1
    outer loop
      vertex 33.805 -70.30000000000001 10
      vertex 4.8922428610945925 -66.94438736490913 10
      vertex 4.453952545506604 -67.1837119837408 10
    endloop
  endfacet
  facet normal 0 0 1
    outer loop
      vertex 33.805 -70.30000000000001 10
      vertex 5.292012568808499 -66.6451235102399 10
      vertex 4.8922428610945925 -66.94438736490913 10
    endloop
  endfacet
  facet normal 0 0 1
    outer loop
      vertex 33.805 -70.30000000000001 10
      vertex 5.645123510239903 -66.2920125688085 10
      vertex 5.292012568808499 -66.6451235102399 10
    endloop
  endfacet
  facet normal 0 0 1
    outer loop
      vertex 0 -56.25 10
      vertex 5.292012568808497 -61.354876489760095 10
      vertex 33.805 -70.30000000000001 10
    endloop
  endfacet
  facet normal 0 0 1
    outer loop
      vertex 33.805 -70.30000000000001 10
      vertex 5.292012568808497 -61.354876489760095 10
      vertex 5.645123510239904 -61.707987431191505 10
    endloop
  endfacet
  facet normal 0 0 1
    outer loop
      vertex 0 -56.25 10
      vertex 33.805 -70.30000000000001 10
      vertex 6.5625 -56.25 10
    endloop
  endfacet
  facet normal 0 0 1
    outer loop
      vertex 33.805 -70.30000000000001 10
      vertex 5.944387364909133 -65.89224286109459 10
      vertex 5.645123510239903 -66.2920125688085 10
    endloop
  endfacet
  facet normal 0 0 1
    outer loop
      vertex 33.805 -70.30000000000001 10
      vertex 6.183711983740814 -65.45395254550661 10
      vertex 5.944387364909133 -65.89224286109459 10
    endloop
  endfacet
  facet normal 0 0 1
    outer loop
      vertex 33.805 -70.30000000000001 10
      vertex 6.358225407650741 -64.986063948945 10
      vertex 6.183711983740814 -65.45395254550661 10
    endloop
  endfacet
  facet normal 0 0 1
    outer loop
      vertex 33.805 -70.30000000000001 10
      vertex 6.464375046583264 -64.4981019339565 10
      vertex 6.358225407650741 -64.986063948945 10
    endloop
  endfacet
  facet normal 0 0 1
    outer loop
      vertex 33.805 -70.30000000000001 10
      vertex 6.5 -64 10
      vertex 6.464375046583264 -64.4981019339565 10
    endloop
  endfacet
  facet normal 0 0 1
    outer loop
      vertex 33.805 -70.30000000000001 10
      vertex 5.944387364909135 -62.107757138905406 10
      vertex 6.183711983740814 -62.5460474544934 10
    endloop
  endfacet
  facet normal 0 0 1
    outer loop
      vertex 33.805 -70.30000000000001 10
      vertex 6.464375046583264 -63.5018980660435 10
      vertex 6.5 -64 10
    endloop
  endfacet
  facet normal 0 0 1
    outer loop
      vertex 33.805 -70.30000000000001 10
      vertex 6.358225407650741 -63.013936051055 10
      vertex 6.464375046583264 -63.5018980660435 10
    endloop
  endfacet
  facet normal 0 0 1
    outer loop
      vertex 33.805 -70.30000000000001 10
      vertex 6.183711983740814 -62.5460474544934 10
      vertex 6.358225407650741 -63.013936051055 10
    endloop
  endfacet
  facet normal 0 0 1
    outer loop
      vertex 33.805 -70.30000000000001 10
      vertex 5.645123510239904 -61.707987431191505 10
      vertex 5.944387364909135 -62.107757138905406 10
    endloop
  endfacet
  facet normal 0 0 1
    outer loop
      vertex 6.5625 -56.25 10
      vertex 33.805 -70.30000000000001 10
      vertex 33.805 -70.29876761068485 10
    endloop
  endfacet
  facet normal 0 0 1
    outer loop
      vertex 6.5625 -56.25 10
      vertex 33.805 -70.29876761068485 10
      vertex 34.264723172043766 -70.18545602565322 10
    endloop
  endfacet
  facet normal 0 0 1
    outer loop
      vertex 6.5625 -56.25 10
      vertex 34.264723172043766 -70.18545602565322 10
      vertex 34.62298386589365 -69.86806474673116 10
    endloop
  endfacet
  facet normal 0 0 1
    outer loop
      vertex 6.5625 -56.25 10
      vertex 34.62298386589365 -69.86806474673116 10
      vertex 34.792708874098054 -69.42053668025534 10
    endloop
  endfacet
  facet normal 0 0 1
    outer loop
      vertex 6.5625 -56.25 10
      vertex 34.792708874098054 -69.42053668025534 10
      vertex 34.778680181246536 -69.305 10
    endloop
  endfacet
  facet normal 0 0 1
    outer loop
      vertex 6.5625 -56.25 10
      vertex 34.778680181246536 -69.305 10
      vertex 34.8 -56.25 10
    endloop
  endfacet
  facet normal 0 0 1
    outer loop
      vertex 34.8 -56.25 10
      vertex 34.778680181246536 -69.305 10
      vertex 34.8 -69.305 10
    endloop
  endfacet
  facet normal 0 0 1
    outer loop
      vertex 39.97868018124654 -74.505 10
      vertex 36.825 -56.25 10
      vertex 35.9 -71.4 10
    endloop
  endfacet
  facet normal 0 0 1
    outer loop
      vertex 36.825 -56.25 10
      vertex 35.9 -56.25 10
      vertex 35.9 -71.4 10
    endloop
  endfacet
  facet normal 0 0 1
    outer loop
      vertex 39.97868018124654 -74.505 10
      vertex 36.834999999999994 -56.25 10
      vertex 36.825 -56.25 10
    endloop
  endfacet
  facet normal 0 0 1
    outer loop
      vertex 39.97868018124654 -74.505 10
      vertex 36.834999999999994 -28.125 10
      vertex 36.834999999999994 -56.25 10
    endloop
  endfacet
  facet normal 1 0 0
    outer loop
      vertex 40 -74.505 0
      vertex 40 74.505 10
      vertex 40 -74.505 10
    endloop
  endfacet
  facet normal 0 0 1
    outer loop
      vertex 39.97868018124654 -74.505 10
      vertex 36.834999999999994 0 10
      vertex 36.834999999999994 -28.125 10
    endloop
  endfacet
  facet normal 0 0 1
    outer loop
      vertex 40 -74.505 10
      vertex 39.99876761068484 74.505 10
      vertex 39.97868018124654 -74.505 10
    endloop
  endfacet
  facet normal 0 0 1
    outer loop
      vertex 39.97868018124654 -74.505 10
      vertex 36.834999999999994 28.125 10
      vertex 36.834999999999994 0 10
    endloop
  endfacet
  facet normal 0 0 -1
    outer loop
      vertex 0 56.260000000000005 0
      vertex -3 62 0
      vertex 3 62 0
    endloop
  endfacet
  facet normal 0 0 -1
    outer loop
      vertex 0 56.260000000000005 0
      vertex 3 62 0
      vertex 3.2410733605106454 62.014582251803894 0
    endloop
  endfacet
  facet normal 0 0 -1
    outer loop
      vertex 0 56.260000000000005 0
      vertex 3.2410733605106454 62.014582251803894 0
      vertex 3.709209774085071 62.12996751462917 0
    endloop
  endfacet
  facet normal 0 0 -1
    outer loop
      vertex 3 62.014582251803894 0
      vertex 3.2410733605106454 62.014582251803894 0
      vertex 3 62 0
    endloop
  endfacet
  facet normal 0 0 -1
    outer loop
      vertex 3 66 0
      vertex 3.241073360510646 65.98541774819611 0
      vertex 3 65.98541774819611 0
    endloop
  endfacet
  facet normal 0 0 -1
    outer loop
      vertex -39.97868018124654 74.505 0
      vertex 39.88545602565321 74.96472317204376 0
      vertex 3.241073360510646 65.98541774819611 0
    endloop
  endfacet
  facet normal 0 0 -1
    outer loop
      vertex 0 56.260000000000005 0
      vertex 3.709209774085071 62.12996751462917 0
      vertex 39.88545602565321 74.96472317204376 0
    endloop
  endfacet
  facet normal 0 0 -1
    outer loop
      vertex -39.005 75.5 0
      vertex 39.005 75.5 0
      vertex 39.005 75.47868018124653 0
    endloop
  endfacet
  facet normal 0 0 -1
    outer loop
      vertex -39.97868018124654 74.505 0
      vertex 39.56806474673115 75.32298386589366 0
      vertex 39.88545602565321 74.96472317204376 0
    endloop
  endfacet
  facet normal 0 0 -1
    outer loop
      vertex -39.005 75.49876761068484 0
      vertex 39.005 75.47868018124653 0
      vertex 39.56806474673115 75.32298386589366 0
    endloop
  endfacet
  facet normal 0 0 -1
    outer loop
      vertex 39.88545602565321 74.96472317204376 0
      vertex 3.709209774085071 62.12996751462917 0
      vertex 4.136129493462312 62.35403226821269 0
    endloop
  endfacet
  facet normal 0 0 -1
    outer loop
      vertex 39.88545602565321 74.96472317204376 0
      vertex 4.136129493462312 62.35403226821269 0
      vertex 4.497021496342202 62.67375468351841 0
    endloop
  endfacet
  facet normal 0 0 -1
    outer loop
      vertex 39.88545602565321 74.96472317204376 0
      vertex 3.709209774085071 65.87003248537083 0
      vertex 3.241073360510646 65.98541774819611 0
    endloop
  endfacet
  facet normal 0 0 -1
    outer loop
      vertex 39.88545602565321 74.96472317204376 0
      vertex 4.136129493462311 65.64596773178731 0
      vertex 3.709209774085071 65.87003248537083 0
    endloop
  endfacet
  facet normal 0 0 -1
    outer loop
      vertex 39.88545602565321 74.96472317204376 0
      vertex 4.497021496342202 65.32624531648159 0
      vertex 4.136129493462311 65.64596773178731 0
    endloop
  endfacet
  facet normal 0 0 -1
    outer loop
      vertex 39.88545602565321 74.96472317204376 0
      vertex 4.497021496342202 62.67375468351841 0
      vertex 4.77091205130642 63.07055365591246 0
    endloop
  endfacet
  facet normal 0 0 -1
    outer loop
      vertex 39.88545602565321 74.96472317204376 0
      vertex 4.77091205130642 63.07055365591246 0
      vertex 4.941883634852104 63.52136867142488 0
    endloop
  endfacet
  facet normal 0 0 -1
    outer loop
      vertex 39.88545602565321 74.96472317204376 0
      vertex 4.77091205130642 64.92944634408754 0
      vertex 4.497021496342202 65.32624531648159 0
    endloop
  endfacet
  facet normal 0 0 -1
    outer loop
      vertex 39.88545602565321 74.96472317204376 0
      vertex 4.941883634852104 64.47863132857512 0
      vertex 4.77091205130642 64.92944634408754 0
    endloop
  endfacet
  facet normal 0 0 -1
    outer loop
      vertex 39.88545602565321 74.96472317204376 0
      vertex 4.941883634852104 63.52136867142488 0
      vertex 5 64 0
    endloop
  endfacet
  facet normal 0 0 -1
    outer loop
      vertex 39.88545602565321 74.96472317204376 0
      vertex 5 64 0
      vertex 4.941883634852104 64.47863132857512 0
    endloop
  endfacet
  facet normal 0 0 -1
    outer loop
      vertex 36.834999999999994 -28.115 0
      vertex 36.834999999999994 0 0
      vertex 39.99876761068484 74.505 0
    endloop
  endfacet
  facet normal 0 0 -1
    outer loop
      vertex 39.97868018124654 -74.505 0
      vertex 39.99876761068484 74.505 0
      vertex 40 74.505 0
    endloop
  endfacet
  facet normal 0 0 -1
    outer loop
      vertex 36.834999999999994 0 0
      vertex 36.834999999999994 28.125 0
      vertex 39.99876761068484 74.505 0
    endloop
  endfacet
  facet normal 1 0 0
    outer loop
      vertex 40 -74.505 0
      vertex 40 74.505 0
      vertex 40 74.505 10
    endloop
  endfacet
  facet normal 0 0 -1
    outer loop
      vertex 0 56.260000000000005 0
      vertex 39.99876761068484 74.505 0
      vertex 36.834999999999994 56.260000000000005 0
    endloop
  endfacet
  facet normal 0 0 -1
    outer loop
      vertex 0 56.260000000000005 0
      vertex 39.88545602565321 74.96472317204376 0
      vertex 39.99876761068484 74.505 0
    endloop
  endfacet
  facet normal 0 0 -1
    outer loop
      vertex 36.834999999999994 28.125 0
      vertex 36.834999999999994 56.260000000000005 0
      vertex 39.99876761068484 74.505 0
    endloop
  endfacet
  facet normal 0 0 -1
    outer loop
      vertex 39.005 75.47868018124653 0
      vertex 39.12053668025532 75.49270887409806 0
      vertex 39.56806474673115 75.32298386589366 0
    endloop
  endfacet
  facet normal 0 1 0
    outer loop
      vertex -39.005 75.5 10
      vertex 39.005 75.5 10
      vertex 39.005 75.5 0
    endloop
  endfacet
  facet normal 0 0 1
    outer loop
      vertex 0 56.260000000000005 10
      vertex 3 60.5 10
      vertex -3 60.5 10
    endloop
  endfacet
  facet normal 0 0 1
    outer loop
      vertex 0 56.260000000000005 10
      vertex 3.498101933956498 60.535624953416736 10
      vertex 3 60.5 10
    endloop
  endfacet
  facet normal 0 0 1
    outer loop
      vertex 0 56.260000000000005 10
      vertex 3.9860639489450045 60.64177459234926 10
      vertex 3.498101933956498 60.535624953416736 10
    endloop
  endfacet
  facet normal 0 0 1
    outer loop
      vertex 0 56.260000000000005 10
      vertex 4.453952545506604 60.816288016259186 10
      vertex 3.9860639489450045 60.64177459234926 10
    endloop
  endfacet
  facet normal 0 0 1
    outer loop
      vertex 0 56.260000000000005 10
      vertex 4.8922428610945925 61.05561263509087 10
      vertex 4.453952545506604 60.816288016259186 10
    endloop
  endfacet
  facet normal 0 0 1
    outer loop
      vertex 0 56.260000000000005 10
      vertex 5.292012568808499 61.354876489760095 10
      vertex 4.8922428610945925 61.05561263509087 10
    endloop
  endfacet
  facet normal 0 0 1
    outer loop
      vertex 33.805 70.30000000000001 10
      vertex -3.498101933956498 67.46437504658327 10
      vertex -3 67.5 10
    endloop
  endfacet
  facet normal 0 0 1
    outer loop
      vertex 0 56.260000000000005 10
      vertex 33.805 70.30000000000001 10
      vertex 5.292012568808499 61.354876489760095 10
    endloop
  endfacet
  facet normal 0 0 1
    outer loop
      vertex 33.805 70.30000000000001 10
      vertex 5.645123510239903 61.7079874311915 10
      vertex 5.292012568808499 61.354876489760095 10
    endloop
  endfacet
  facet normal 0 0 1
    outer loop
      vertex 33.805 70.30000000000001 10
      vertex -3 67.5 10
      vertex 3 67.5 10
    endloop
  endfacet
  facet normal 0 0 1
    outer loop
      vertex -39.822983865893654 75.06806474673115 10
      vertex 35.9 71.4 10
      vertex 39.99876761068484 74.505 10
    endloop
  endfacet
  facet normal 0 0 1
    outer loop
      vertex 33.805 70.30000000000001 10
      vertex 3 67.5 10
      vertex 3.498101933956498 67.46437504658327 10
    endloop
  endfacet
  facet normal 0 0 1
    outer loop
      vertex 33.805 70.30000000000001 10
      vertex 3.498101933956498 67.46437504658327 10
      vertex 3.9860639489450036 67.35822540765074 10
    endloop
  endfacet
  facet normal 0 0 1
    outer loop
      vertex 33.805 70.30000000000001 10
      vertex 3.9860639489450036 67.35822540765074 10
      vertex 4.453952545506603 67.18371198374082 10
    endloop
  endfacet
  facet normal 0 0 1
    outer loop
      vertex 33.805 70.30000000000001 10
      vertex 4.453952545506603 67.18371198374082 10
      vertex 4.892242861094592 66.94438736490913 10
    endloop
  endfacet
  facet normal 0 0 1
    outer loop
      vertex 33.805 70.30000000000001 10
      vertex 4.892242861094592 66.94438736490913 10
      vertex 5.292012568808497 66.6451235102399 10
    endloop
  endfacet
  facet normal 0 0 1
    outer loop
      vertex 33.805 70.30000000000001 10
      vertex 5.292012568808497 66.6451235102399 10
      vertex 5.645123510239904 66.2920125688085 10
    endloop
  endfacet
  facet normal 0 0 1
    outer loop
      vertex -39.005 75.49876761068484 10
      vertex 39.005 75.47868018124653 10
      vertex 39.005 75.5 10
    endloop
  endfacet
  facet normal 0 0 1
    outer loop
      vertex -39.822983865893654 75.06806474673115 10
      vertex 39.99876761068484 74.505 10
      vertex 39.88545602565321 74.96472317204376 10
    endloop
  endfacet
  facet normal 0 0 1
    outer loop
      vertex -39.822983865893654 75.06806474673115 10
      vertex 39.88545602565321 74.96472317204376 10
      vertex 39.56806474673115 75.32298386589366 10
    endloop
  endfacet
  facet normal 0 0 1
    outer loop
      vertex -39.005 75.49876761068484 10
      vertex 39.56806474673115 75.32298386589366 10
      vertex 39.005 75.47868018124653 10
    endloop
  endfacet
  facet normal 0 0 1
    outer loop
      vertex 33.805 70.30000000000001 10
      vertex 5.944387364909133 62.107757138905406 10
      vertex 5.645123510239903 61.7079874311915 10
    endloop
  endfacet
  facet normal 0 0 1
    outer loop
      vertex 33.805 70.30000000000001 10
      vertex 6.183711983740814 62.5460474544934 10
      vertex 5.944387364909133 62.107757138905406 10
    endloop
  endfacet
  facet normal 0 0 1
    outer loop
      vertex 33.805 70.30000000000001 10
      vertex 6.358225407650741 63.013936051055 10
      vertex 6.183711983740814 62.5460474544934 10
    endloop
  endfacet
  facet normal 0 0 1
    outer loop
      vertex 33.805 70.30000000000001 10
      vertex 6.464375046583264 63.5018980660435 10
      vertex 6.358225407650741 63.013936051055 10
    endloop
  endfacet
  facet normal 0 0 1
    outer loop
      vertex 33.805 70.30000000000001 10
      vertex 6.5 64 10
      vertex 6.464375046583264 63.5018980660435 10
    endloop
  endfacet
  facet normal 0 0 1
    outer loop
      vertex 33.805 70.30000000000001 10
      vertex 5.944387364909135 65.89224286109459 10
      vertex 6.183711983740814 65.4539525455066 10
    endloop
  endfacet
  facet normal 0 0 1
    outer loop
      vertex 33.805 70.30000000000001 10
      vertex 6.464375046583264 64.49810193395649 10
      vertex 6.5 64 10
    endloop
  endfacet
  facet normal 0 0 1
    outer loop
      vertex 33.805 70.30000000000001 10
      vertex 6.358225407650741 64.986063948945 10
      vertex 6.464375046583264 64.49810193395649 10
    endloop
  endfacet
  facet normal 0 0 1
    outer loop
      vertex 33.805 70.30000000000001 10
      vertex 6.183711983740814 65.4539525455066 10
      vertex 6.358225407650741 64.986063948945 10
    endloop
  endfacet
  facet normal 0 0 1
    outer loop
      vertex 33.805 70.30000000000001 10
      vertex 5.645123510239904 66.2920125688085 10
      vertex 5.944387364909135 65.89224286109459 10
    endloop
  endfacet
  facet normal 0 0 1
    outer loop
      vertex 39.97868018124654 -74.505 10
      vertex 36.834999999999994 56.260000000000005 10
      vertex 36.834999999999994 28.125 10
    endloop
  endfacet
  facet normal 0 0 1
    outer loop
      vertex 39.97868018124654 -74.505 10
      vertex 39.99876761068484 74.505 10
      vertex 36.834999999999994 56.260000000000005 10
    endloop
  endfacet
  facet normal 0 0 1
    outer loop
      vertex 40 -74.505 10
      vertex 40 74.505 10
      vertex 39.99876761068484 74.505 10
    endloop
  endfacet
  facet normal 0 0 1
    outer loop
      vertex 0 56.260000000000005 10
      vertex 34.8 56.260000000000005 10
      vertex 34.8 69.305 10
    endloop
  endfacet
  facet normal 0 0 1
    outer loop
      vertex 0 56.260000000000005 10
      vertex 33.92053668025532 70.29270887409807 10
      vertex 33.805 70.27868018124654 10
    endloop
  endfacet
  facet normal 0 0 1
    outer loop
      vertex 0 56.260000000000005 10
      vertex 33.805 70.27868018124654 10
      vertex 33.805 70.30000000000001 10
    endloop
  endfacet
  facet normal 0 0 1
    outer loop
      vertex 0 56.260000000000005 10
      vertex 34.36806474673115 70.12298386589367 10
      vertex 33.92053668025532 70.29270887409807 10
    endloop
  endfacet
  facet normal 0 0 1
    outer loop
      vertex 0 56.260000000000005 10
      vertex 34.68545602565321 69.76472317204377 10
      vertex 34.36806474673115 70.12298386589367 10
    endloop
  endfacet
  facet normal 0 0 1
    outer loop
      vertex 0 56.260000000000005 10
      vertex 34.8 69.305 10
      vertex 34.798767610684834 69.305 10
    endloop
  endfacet
  facet normal 0 0 1
    outer loop
      vertex 0 56.260000000000005 10
      vertex 34.798767610684834 69.305 10
      vertex 34.68545602565321 69.76472317204377 10
    endloop
  endfacet
  facet normal 0 0 1
    outer loop
      vertex 36.834999999999994 56.260000000000005 10
      vertex 35.9 71.4 10
      vertex 35.9 56.260000000000005 10
    endloop
  endfacet
  facet normal 0 0 1
    outer loop
      vertex 36.834999999999994 56.260000000000005 10
      vertex 39.99876761068484 74.505 10
      vertex 35.9 71.4 10
    endloop
  endfacet
  facet normal 0 0 1
    outer loop
      vertex 39.005 75.47868018124653 10
      vertex 39.56806474673115 75.32298386589366 10
      vertex 39.12053668025532 75.49270887409806 10
    endloop
  endfacet
  facet normal 0 -1 0
    outer loop
      vertex -36.825 56.260000000000005 0
      vertex 0 56.260000000000005 0
      vertex -35.9 56.260000000000005 6.005
    endloop
  endfacet
  facet normal 1 0 0
    outer loop
      vertex -36.825 56.260000000000005 0
      vertex -36.825 56.260000000000005 10
      vertex -36.825 56.25 0
    endloop
  endfacet
  facet normal 0 -1 0
    outer loop
      vertex 0 56.260000000000005 0
      vertex 0 56.260000000000005 6.005
      vertex -35.9 56.260000000000005 6.005
    endloop
  endfacet
  facet normal 0 -1 0
    outer loop
      vertex -36.825 56.260000000000005 0
      vertex -35.9 56.260000000000005 6.005
      vertex -36.825 56.260000000000005 10
    endloop
  endfacet
  facet normal 1 0 0
    outer loop
      vertex -36.825 56.25 0
      vertex -36.825 56.260000000000005 10
      vertex -36.825 56.25 10
    endloop
  endfacet
  facet normal 0 -1 0
    outer loop
      vertex 0 56.260000000000005 6.01
      vertex -34.8 56.260000000000005 10
      vertex -34.8 56.260000000000005 6.01
    endloop
  endfacet
  facet normal 0 -1 0
    outer loop
      vertex -36.825 56.260000000000005 10
      vertex -35.9 56.260000000000005 6.005
      vertex -35.9 56.260000000000005 10
    endloop
  endfacet
  facet normal 0 -1 0
    outer loop
      vertex 0 56.260000000000005 10
      vertex -34.8 56.260000000000005 10
      vertex 0 56.260000000000005 6.01
    endloop
  endfacet
  facet normal 0 1 0
    outer loop
      vertex 36.834999999999994 -56.25 0
      vertex 36.825 -56.25 0
      vertex 36.825 -56.25 10
    endloop
  endfacet
  facet normal -1 0 0
    outer loop
      vertex 36.834999999999994 -56.25 0
      vertex 36.834999999999994 -56.25 10
      vertex 36.834999999999994 -28.115 0
    endloop
  endfacet
  facet normal -1 0 0
    outer loop
      vertex 36.834999999999994 -28.115 0
      vertex 36.834999999999994 -56.25 10
      vertex 36.834999999999994 -28.115 4.994668562288963
    endloop
  endfacet
  facet normal 0 1 0
    outer loop
      vertex 36.834999999999994 -56.25 0
      vertex 36.825 -56.25 10
      vertex 36.834999999999994 -56.25 10
    endloop
  endfacet
  facet normal -1 0 0
    outer loop
      vertex 36.834999999999994 -28.115 4.994668562288963
      vertex 36.834999999999994 -56.25 10
      vertex 36.834999999999994 -28.125 5.005331437711037
    endloop
  endfacet
  facet normal -1 0 0
    outer loop
      vertex 36.834999999999994 -56.25 10
      vertex 36.834999999999994 -28.125 10
      vertex 36.834999999999994 -28.125 5.005331437711037
    endloop
  endfacet
  facet normal -1 0 0
    outer loop
      vertex 36.834999999999994 -28.115 0
      vertex 36.834999999999994 -28.115 4.994668562288963
      vertex 36.834999999999994 0 0
    endloop
  endfacet
  facet normal -1 0 0
    outer loop
      vertex 36.834999999999994 -28.115 4.994668562288963
      vertex 36.834999999999994 -28.125 10
      vertex 36.834999999999994 0 0
    endloop
  endfacet
  facet normal -1 0 0
    outer loop
      vertex 36.834999999999994 -28.115 4.994668562288963
      vertex 36.834999999999994 -28.125 5.005331437711037
      vertex 36.834999999999994 -28.125 10
    endloop
  endfacet
  facet normal -1 0 0
    outer loop
      vertex 36.834999999999994 -28.125 10
      vertex 36.834999999999994 0 10
      vertex 36.834999999999994 0 0
    endloop
  endfacet
  facet normal -1 0 0
    outer loop
      vertex 36.834999999999994 0 0
      vertex 36.834999999999994 0 10
      vertex 36.834999999999994 28.125 0
    endloop
  endfacet
  facet normal -1 0 0
    outer loop
      vertex 36.834999999999994 28.125 0
      vertex 36.834999999999994 0 10
      vertex 36.834999999999994 28.125 10
    endloop
  endfacet
  facet normal 0 -1 0
    outer loop
      vertex 0 56.260000000000005 0
      vertex 36.834999999999994 56.260000000000005 0
      vertex 0 56.260000000000005 6.005
    endloop
  endfacet
  facet normal -1 0 0
    outer loop
      vertex 36.834999999999994 28.125 0
      vertex 36.834999999999994 28.125 10
      vertex 36.834999999999994 56.260000000000005 0
    endloop
  endfacet
  facet normal 0 -1 0
    outer loop
      vertex 36.834999999999994 56.260000000000005 0
      vertex 35.9 56.260000000000005 6.005
      vertex 0 56.260000000000005 6.005
    endloop
  endfacet
  facet normal 0 -1 0
    outer loop
      vertex 0 56.260000000000005 10
      vertex 0 56.260000000000005 6.01
      vertex 34.8 56.260000000000005 6.01
    endloop
  endfacet
  facet normal 0 -1 0
    outer loop
      vertex 36.834999999999994 56.260000000000005 0
      vertex 36.834999999999994 56.260000000000005 10
      vertex 35.9 56.260000000000005 6.005
    endloop
  endfacet
  facet normal -1 0 0
    outer loop
      vertex 36.834999999999994 56.260000000000005 0
      vertex 36.834999999999994 28.125 10
      vertex 36.834999999999994 56.260000000000005 10
    endloop
  endfacet
  facet normal 0 -1 0
    outer loop
      vertex 0 56.260000000000005 10
      vertex 34.8 56.260000000000005 6.01
      vertex 34.8 56.260000000000005 10
    endloop
  endfacet
  facet normal 0 -1 0
    outer loop
      vertex 36.834999999999994 56.260000000000005 10
      vertex 35.9 56.260000000000005 10
      vertex 35.9 56.260000000000005 6.005
    endloop
  endfacet
  facet normal 0 0 -1
    outer loop
      vertex -30.262500000000003 28.125 0
      vertex -28.262500000000003 34.6875 0
      vertex -8.562500000000004 34.6875 0
    endloop
  endfacet
  facet normal 0 0 -1
    outer loop
      vertex -30.262500000000003 28.125 0
      vertex -30.262500000000003 51.220346715328475 0
      vertex -28.262500000000003 34.6875 0
    endloop
  endfacet
  facet normal 0 0 -1
    outer loop
      vertex -28.262500000000003 34.6875 0
      vertex -30.262500000000003 51.220346715328475 0
      vertex -28.262500000000003 49.6875 0
    endloop
  endfacet
  facet normal 0 0 -1
    outer loop
      vertex -30.262500000000003 51.220346715328475 0
      vertex -31.258049535603718 51.98335913312694 0
      vertex 0 56.25 0
    endloop
  endfacet
  facet normal 0 0 -1
    outer loop
      vertex -31.258049535603718 51.98335913312694 0
      vertex -30.262500000000003 56.25 0
      vertex 0 56.25 0
    endloop
  endfacet
  facet normal 0 1 0
    outer loop
      vertex -30.262500000000003 56.25 0
      vertex -33.2227780883175 56.25 4.510899944102851
      vertex 0 56.25 6.005
    endloop
  endfacet
  facet normal 0 0 -1
    outer loop
      vertex -30.262500000000003 28.125 0
      vertex -8.562500000000004 34.6875 0
      vertex -6.5625 33.154653284671525 0
    endloop
  endfacet
  facet normal 0 0 -1
    outer loop
      vertex -30.262500000000003 28.125 0
      vertex -6.5625 33.154653284671525 0
      vertex 0 28.125 0
    endloop
  endfacet
  facet normal 0 0 -1
    outer loop
      vertex -8.562500000000004 34.6875 0
      vertex -6.5625 44.65100364963503 0
      vertex -6.5625 33.154653284671525 0
    endloop
  endfacet
  facet normal 0 0 -1
    outer loop
      vertex -30.262500000000003 51.220346715328475 0
      vertex 0 56.25 0
      vertex -28.262500000000003 49.6875 0
    endloop
  endfacet
  facet normal 0 0 -1
    outer loop
      vertex -28.262500000000003 49.6875 0
      vertex 0 56.25 0
      vertex -8.562500000000004 49.6875 0
    endloop
  endfacet
  facet normal 0 1 0
    outer loop
      vertex -30.262500000000003 56.25 0
      vertex 0 56.25 6.005
      vertex 0 56.25 0
    endloop
  endfacet
  facet normal 0 0 -1
    outer loop
      vertex -8.562500000000004 34.6875 0
      vertex -8.562500000000004 49.6875 0
      vertex -6.5625 44.65100364963503 0
    endloop
  endfacet
  facet normal 0 0 -1
    outer loop
      vertex -6.5625 44.65100364963503 0
      vertex -8.562500000000004 49.6875 0
      vertex 0 56.25 0
    endloop
  endfacet
  facet normal 0 0 -1
    outer loop
      vertex -6.5625 44.65100364963503 0
      vertex 0 56.25 0
      vertex 0 28.125 0
    endloop
  endfacet
  facet normal 0 0 1
    outer loop
      vertex -30.262500000000003 28.125 10
      vertex -28.262500000000003 28.125 10
      vertex -31.50405405405406 33.44594594594595 10
    endloop
  endfacet
  facet normal 0 0 1
    outer loop
      vertex -31.50405405405406 33.44594594594595 10
      vertex -28.705151377429733 34.34978499510558 10
      vertex -30.262500000000003 34.6875 10
    endloop
  endfacet
  facet normal 0 0 1
    outer loop
      vertex -28.705151377429733 34.34978499510558 10
      vertex -12.0625 34.6875 10
      vertex -28.262500000000003 34.6875 10
    endloop
  endfacet
  facet normal 0 0 1
    outer loop
      vertex -31.50405405405406 33.44594594594595 10
      vertex -6.853118260244429 29.611116103522647 10
      vertex -28.705151377429733 34.34978499510558 10
    endloop
  endfacet
  facet normal 0 1 0
    outer loop
      vertex -30.262500000000003 56.25 8
      vertex -32.025657527881044 56.25 6.01
      vertex -30.262500000000003 56.25 8.217922606924644
    endloop
  endfacet
  facet normal 0 1 0
    outer loop
      vertex -33.2227780883175 56.25 4.510899944102851
      vertex -32.029650325278816 56.25 6.005
      vertex 0 56.25 6.005
    endloop
  endfacet
  facet normal 0 1 0
    outer loop
      vertex -30.262500000000003 56.25 8
      vertex -28.262500000000003 56.25 10
      vertex -32.025657527881044 56.25 6.01
    endloop
  endfacet
  facet normal 0 1 0
    outer loop
      vertex -28.262500000000003 56.25 10
      vertex 0 56.25 10
      vertex -32.025657527881044 56.25 6.01
    endloop
  endfacet
  facet normal 0 0 1
    outer loop
      vertex -30.262500000000003 56.25 10
      vertex -29.795833333333334 49.6875 10
      vertex -28.262500000000003 55.80007395226329 10
    endloop
  endfacet
  facet normal 0 0 1
    outer loop
      vertex -29.795833333333334 49.6875 10
      vertex -28.262500000000003 49.6875 10
      vertex -5.249535151407827 50.623007791747824 10
    endloop
  endfacet
  facet normal 0 0 1
    outer loop
      vertex -29.795833333333334 49.6875 10
      vertex -5.249535151407827 50.623007791747824 10
      vertex -28.262500000000003 55.80007395226329 10
    endloop
  endfacet
  facet normal 0 0 1
    outer loop
      vertex -28.262500000000003 55.80007395226329 10
      vertex -5.249535151407827 50.623007791747824 10
      vertex -28.262500000000003 56.25 10
    endloop
  endfacet
  facet normal 0 0 1
    outer loop
      vertex -31.50405405405406 33.44594594594595 10
      vertex -28.262500000000003 28.125 10
      vertex 0 28.125 10
    endloop
  endfacet
  facet normal 0 0 1
    outer loop
      vertex -28.705151377429733 34.34978499510558 10
      vertex -6.853118260244429 29.611116103522647 10
      vertex -12.0625 34.6875 10
    endloop
  endfacet
  facet normal 0 0 1
    outer loop
      vertex -31.50405405405406 33.44594594594595 10
      vertex 0 28.125 10
      vertex -6.853118260244429 29.611116103522647 10
    endloop
  endfacet
  facet normal 0 0 1
    outer loop
      vertex -6.853118260244429 29.611116103522647 10
      vertex 0 28.125 10
      vertex -6.5625 34.6875 10
    endloop
  endfacet
  facet normal 0 0 1
    outer loop
      vertex -6.5625 34.6875 10
      vertex 0 28.125 10
      vertex -1.53125 34.6875 10
    endloop
  endfacet
  facet normal 0 1 0
    outer loop
      vertex 0 56.25 10
      vertex 0 56.25 6.01
      vertex -32.025657527881044 56.25 6.01
    endloop
  endfacet
  facet normal 0 0 1
    outer loop
      vertex -28.262500000000003 49.6875 10
      vertex -12.0625 49.6875 10
      vertex -5.249535151407827 50.623007791747824 10
    endloop
  endfacet
  facet normal 0 0 1
    outer loop
      vertex -28.262500000000003 56.25 10
      vertex -5.249535151407827 50.623007791747824 10
      vertex 0 56.25 10
    endloop
  endfacet
  facet normal 0 0 1
    outer loop
      vertex -12.0625 49.6875 10
      vertex -6.5625 49.6875 10
      vertex -5.249535151407827 50.623007791747824 10
    endloop
  endfacet
  facet normal 0 0 1
    outer loop
      vertex -5.249535151407827 50.623007791747824 10
      vertex 0 49.6875 10
      vertex 0 56.25 10
    endloop
  endfacet
  facet normal 0 0 -1
    outer loop
      vertex -30.262500000000003 -56.25 0
      vertex -30.262500000000003 -33.15465328467153 0
      vertex -28.262500000000003 -49.6875 0
    endloop
  endfacet
  facet normal 0 0 -1
    outer loop
      vertex -28.262500000000003 -49.6875 0
      vertex -30.262500000000003 -33.15465328467153 0
      vertex -28.262500000000003 -34.6875 0
    endloop
  endfacet
  facet normal 0 0 -1
    outer loop
      vertex -30.262500000000003 -56.25 0
      vertex -28.262500000000003 -49.6875 0
      vertex -8.562500000000004 -49.6875 0
    endloop
  endfacet
  facet normal 0 0 -1
    outer loop
      vertex -30.262500000000003 -33.15465328467153 0
      vertex -31.258049535603718 -32.39164086687306 0
      vertex 0 -28.125 0
    endloop
  endfacet
  facet normal 0 0 -1
    outer loop
      vertex -31.258049535603718 -32.39164086687306 0
      vertex -30.262500000000003 -28.125 0
      vertex 0 -28.125 0
    endloop
  endfacet
  facet normal 0 0 -1
    outer loop
      vertex -30.262500000000003 -56.25 0
      vertex -8.562500000000004 -49.6875 0
      vertex -6.5625 -51.22034671532847 0
    endloop
  endfacet
  facet normal 0 0 -1
    outer loop
      vertex -30.262500000000003 -56.25 0
      vertex -6.5625 -51.22034671532847 0
      vertex 0 -56.25 0
    endloop
  endfacet
  facet normal 0 0 -1
    outer loop
      vertex -8.562500000000004 -49.6875 0
      vertex -8.562500000000004 -34.6875 0
      vertex -6.5625 -39.72399635036497 0
    endloop
  endfacet
  facet normal 0 0 -1
    outer loop
      vertex -8.562500000000004 -49.6875 0
      vertex -6.5625 -39.72399635036497 0
      vertex -6.5625 -51.22034671532847 0
    endloop
  endfacet
  facet normal 0 0 -1
    outer loop
      vertex -6.5625 -39.72399635036497 0
      vertex 0 -28.125 0
      vertex 0 -56.25 0
    endloop
  endfacet
  facet normal 0 0 -1
    outer loop
      vertex -30.262500000000003 -33.15465328467153 0
      vertex 0 -28.125 0
      vertex -28.262500000000003 -34.6875 0
    endloop
  endfacet
  facet normal 0 0 -1
    outer loop
      vertex -28.262500000000003 -34.6875 0
      vertex 0 -28.125 0
      vertex -8.562500000000004 -34.6875 0
    endloop
  endfacet
  facet normal 0 0 -1
    outer loop
      vertex -6.5625 -39.72399635036497 0
      vertex -8.562500000000004 -34.6875 0
      vertex 0 -28.125 0
    endloop
  endfacet
  facet normal 0 0 1
    outer loop
      vertex -31.50405405405406 -50.929054054054056 10
      vertex -28.705151377429733 -50.02521500489442 10
      vertex -30.262500000000003 -49.6875 10
    endloop
  endfacet
  facet normal 0 0 1
    outer loop
      vertex -28.705151377429733 -50.02521500489442 10
      vertex -12.0625 -49.6875 10
      vertex -28.262500000000003 -49.6875 10
    endloop
  endfacet
  facet normal 0 0 1
    outer loop
      vertex -30.262500000000003 -56.25 10
      vertex 0 -56.25 10
      vertex -31.50405405405406 -50.929054054054056 10
    endloop
  endfacet
  facet normal 0 0 1
    outer loop
      vertex -31.50405405405406 -50.929054054054056 10
      vertex -6.853118260244429 -54.76388389647735 10
      vertex -28.705151377429733 -50.02521500489442 10
    endloop
  endfacet
  facet normal 0 0 1
    outer loop
      vertex -30.262500000000003 -28.125 10
      vertex -29.795833333333334 -34.6875 10
      vertex -28.262500000000003 -28.57492604773671 10
    endloop
  endfacet
  facet normal 0 0 1
    outer loop
      vertex -29.795833333333334 -34.6875 10
      vertex -28.262500000000003 -34.6875 10
      vertex -5.249535151407827 -33.75199220825217 10
    endloop
  endfacet
  facet normal 0 0 1
    outer loop
      vertex -29.795833333333334 -34.6875 10
      vertex -5.249535151407827 -33.75199220825217 10
      vertex -28.262500000000003 -28.57492604773671 10
    endloop
  endfacet
  facet normal 0 0 1
    outer loop
      vertex -28.262500000000003 -28.57492604773671 10
      vertex -5.249535151407827 -33.75199220825217 10
      vertex -28.262500000000003 -28.125 10
    endloop
  endfacet
  facet normal 0 0 1
    outer loop
      vertex -28.705151377429733 -50.02521500489442 10
      vertex -6.853118260244429 -54.76388389647735 10
      vertex -12.0625 -49.6875 10
    endloop
  endfacet
  facet normal 0 0 1
    outer loop
      vertex -31.50405405405406 -50.929054054054056 10
      vertex 0 -56.25 10
      vertex -6.853118260244429 -54.76388389647735 10
    endloop
  endfacet
  facet normal 0 0 1
    outer loop
      vertex -6.853118260244429 -54.76388389647735 10
      vertex 0 -56.25 10
      vertex -6.5625 -49.6875 10
    endloop
  endfacet
  facet normal 0 0 1
    outer loop
      vertex -6.5625 -49.6875 10
      vertex 0 -56.25 10
      vertex -1.53125 -49.6875 10
    endloop
  endfacet
  facet normal 0 0 1
    outer loop
      vertex -28.262500000000003 -34.6875 10
      vertex -12.0625 -34.6875 10
      vertex -5.249535151407827 -33.75199220825217 10
    endloop
  endfacet
  facet normal 0 0 1
    outer loop
      vertex -28.262500000000003 -28.125 10
      vertex -5.249535151407827 -33.75199220825217 10
      vertex 0 -28.125 10
    endloop
  endfacet
  facet normal 0 0 1
    outer loop
      vertex -12.0625 -34.6875 10
      vertex -6.5625 -34.6875 10
      vertex -5.249535151407827 -33.75199220825217 10
    endloop
  endfacet
  facet normal 0 0 1
    outer loop
      vertex -5.249535151407827 -33.75199220825217 10
      vertex 0 -34.6875 10
      vertex 0 -28.125 10
    endloop
  endfacet
  facet normal 0 0 -1
    outer loop
      vertex 6.5625 0 0
      vertex 6.5625 23.095346715328475 0
      vertex 8.5625 6.5625 0
    endloop
  endfacet
  facet normal 0 0 -1
    outer loop
      vertex 8.5625 6.5625 0
      vertex 6.5625 23.095346715328475 0
      vertex 8.5625 21.5625 0
    endloop
  endfacet
  facet normal 0 0 -1
    outer loop
      vertex 6.5625 0 0
      vertex 8.5625 6.5625 0
      vertex 28.262500000000003 6.5625 0
    endloop
  endfacet
  facet normal 0 0 -1
    outer loop
      vertex 6.5625 23.095346715328475 0
      vertex 5.566950464396285 23.85835913312694 0
      vertex 36.825 28.125 0
    endloop
  endfacet
  facet normal 0 0 -1
    outer loop
      vertex 6.5625 23.095346715328475 0
      vertex 36.825 28.125 0
      vertex 8.5625 21.5625 0
    endloop
  endfacet
  facet normal 0 0 -1
    outer loop
      vertex 5.566950464396285 23.85835913312694 0
      vertex 6.5625 28.125 0
      vertex 36.825 28.125 0
    endloop
  endfacet
  facet normal 0 0 -1
    outer loop
      vertex 6.5625 0 0
      vertex 28.262500000000003 6.5625 0
      vertex 30.262500000000003 5.029653284671532 0
    endloop
  endfacet
  facet normal 0 0 -1
    outer loop
      vertex 6.5625 0 0
      vertex 30.262500000000003 5.029653284671532 0
      vertex 36.825 0 0
    endloop
  endfacet
  facet normal 0 0 -1
    outer loop
      vertex 28.262500000000003 6.5625 0
      vertex 30.262500000000003 16.52600364963503 0
      vertex 30.262500000000003 5.029653284671532 0
    endloop
  endfacet
  facet normal 0 0 -1
    outer loop
      vertex 28.262500000000003 6.5625 0
      vertex 28.262500000000003 21.5625 0
      vertex 30.262500000000003 16.52600364963503 0
    endloop
  endfacet
  facet normal 0 0 -1
    outer loop
      vertex 8.5625 21.5625 0
      vertex 36.825 28.125 0
      vertex 28.262500000000003 21.5625 0
    endloop
  endfacet
  facet normal 0 0 -1
    outer loop
      vertex 30.262500000000003 16.52600364963503 0
      vertex 36.825 28.125 0
      vertex 36.825 0 0
    endloop
  endfacet
  facet normal 1 0 0
    outer loop
      vertex 36.825 0 0
      vertex 36.825 21.5625 1.6
      vertex 36.825 6.5625 1.6
    endloop
  endfacet
  facet normal 1 0 0
    outer loop
      vertex 36.825 0 0
      vertex 36.825 28.125 0
      vertex 36.825 21.5625 1.6
    endloop
  endfacet
  facet normal 0 0 -1
    outer loop
      vertex 28.262500000000003 21.5625 0
      vertex 36.825 28.125 0
      vertex 30.262500000000003 16.52600364963503 0
    endloop
  endfacet
  facet normal 1 0 0
    outer loop
      vertex 36.825 0 0
      vertex 36.825 6.5625 1.6
      vertex 36.825 0 10
    endloop
  endfacet
  facet normal 1 0 0
    outer loop
      vertex 36.825 28.125 0
      vertex 36.825 28.125 10
      vertex 36.825 21.5625 1.6
    endloop
  endfacet
  facet normal 0 0 1
    outer loop
      vertex 6.5625 0 10
      vertex 8.5625 0 10
      vertex 5.320945945945944 5.320945945945944 10
    endloop
  endfacet
  facet normal 0 0 1
    outer loop
      vertex 5.320945945945944 5.320945945945944 10
      vertex 8.119848622570274 6.22478499510558 10
      vertex 6.5625 6.5625 10
    endloop
  endfacet
  facet normal 0 0 1
    outer loop
      vertex 7.029166666666669 21.5625 10
      vertex 8.5625 27.67507395226329 10
      vertex 6.5625 28.125 10
    endloop
  endfacet
  facet normal 0 0 1
    outer loop
      vertex 5.320945945945944 5.320945945945944 10
      vertex 29.971881739755574 1.4861161035226473 10
      vertex 8.119848622570274 6.22478499510558 10
    endloop
  endfacet
  facet normal 0 0 1
    outer loop
      vertex 8.119848622570274 6.22478499510558 10
      vertex 24.762500000000003 6.5625 10
      vertex 8.5625 6.5625 10
    endloop
  endfacet
  facet normal 0 0 1
    outer loop
      vertex 5.320945945945944 5.320945945945944 10
      vertex 8.5625 0 10
      vertex 34.8 0 10
    endloop
  endfacet
  facet normal 0 0 1
    outer loop
      vertex 7.029166666666669 21.5625 10
      vertex 8.5625 21.5625 10
      vertex 31.575464848592176 22.498007791747824 10
    endloop
  endfacet
  facet normal 0 0 1
    outer loop
      vertex 7.029166666666669 21.5625 10
      vertex 31.575464848592176 22.498007791747824 10
      vertex 8.5625 27.67507395226329 10
    endloop
  endfacet
  facet normal 0 0 1
    outer loop
      vertex 8.5625 27.67507395226329 10
      vertex 31.575464848592176 22.498007791747824 10
      vertex 8.5625 28.125 10
    endloop
  endfacet
  facet normal 1 0 0
    outer loop
      vertex 36.825 21.5625 1.6
      vertex 36.825 28.125 10
      vertex 36.825 21.5625 10
    endloop
  endfacet
  facet normal 0 0 1
    outer loop
      vertex 8.119848622570274 6.22478499510558 10
      vertex 29.971881739755574 1.4861161035226473 10
      vertex 24.762500000000003 6.5625 10
    endloop
  endfacet
  facet normal 0 0 1
    outer loop
      vertex 5.320945945945944 5.320945945945944 10
      vertex 34.8 0 10
      vertex 29.971881739755574 1.4861161035226473 10
    endloop
  endfacet
  facet normal 0 0 1
    outer loop
      vertex 8.5625 21.5625 10
      vertex 24.762500000000003 21.5625 10
      vertex 31.575464848592176 22.498007791747824 10
    endloop
  endfacet
  facet normal 0 0 1
    outer loop
      vertex 8.5625 28.125 10
      vertex 31.575464848592176 22.498007791747824 10
      vertex 34.8 28.125 10
    endloop
  endfacet
  facet normal 0 0 1
    outer loop
      vertex 24.762500000000003 21.5625 10
      vertex 30.262500000000003 21.5625 10
      vertex 31.575464848592176 22.498007791747824 10
    endloop
  endfacet
  facet normal 0 0 1
    outer loop
      vertex 29.971881739755574 1.4861161035226473 10
      vertex 34.8 6.5625 10
      vertex 30.262500000000003 6.5625 10
    endloop
  endfacet
  facet normal 0 0 1
    outer loop
      vertex 29.971881739755574 1.4861161035226473 10
      vertex 34.8 0 10
      vertex 34.8 6.5625 10
    endloop
  endfacet
  facet normal 0 0 1
    outer loop
      vertex 36.825 0 10
      vertex 35.9 3.9642857142857326 10
      vertex 35.9 0 10
    endloop
  endfacet
  facet normal 0 0 1
    outer loop
      vertex 31.575464848592176 22.498007791747824 10
      vertex 34.8 21.923370672097757 10
      vertex 34.8 28.125 10
    endloop
  endfacet
  facet normal 0 0 1
    outer loop
      vertex 36.825 28.125 10
      vertex 35.9 28.125 10
      vertex 35.9 21.72734215885947 10
    endloop
  endfacet
  facet normal 0 0 1
    outer loop
      vertex 36.825 21.5625 10
      vertex 36.825 28.125 10
      vertex 35.9 21.72734215885947 10
    endloop
  endfacet
  facet normal 0 0 -1
    outer loop
      vertex 6.5625 -56.25 0
      vertex 6.5625 -33.15465328467153 0
      vertex 8.5625 -49.6875 0
    endloop
  endfacet
  facet normal 0 0 -1
    outer loop
      vertex 8.5625 -49.6875 0
      vertex 6.5625 -33.15465328467153 0
      vertex 8.5625 -34.6875 0
    endloop
  endfacet
  facet normal 0 0 -1
    outer loop
      vertex 6.5625 -56.25 0
      vertex 8.5625 -49.6875 0
      vertex 28.262500000000003 -49.6875 0
    endloop
  endfacet
  facet normal 0 0 -1
    outer loop
      vertex 6.5625 -33.15465328467153 0
      vertex 5.566950464396285 -32.39164086687306 0
      vertex 36.825 -28.125 0
    endloop
  endfacet
  facet normal 0 0 -1
    outer loop
      vertex 6.5625 -33.15465328467153 0
      vertex 36.825 -28.125 0
      vertex 8.5625 -34.6875 0
    endloop
  endfacet
  facet normal 0 0 -1
    outer loop
      vertex 5.566950464396285 -32.39164086687306 0
      vertex 6.5625 -28.125 0
      vertex 36.825 -28.125 0
    endloop
  endfacet
  facet normal 0 0 -1
    outer loop
      vertex 6.5625 -56.25 0
      vertex 28.262500000000003 -49.6875 0
      vertex 30.262500000000003 -51.22034671532847 0
    endloop
  endfacet
  facet normal 0 0 -1
    outer loop
      vertex 6.5625 -56.25 0
      vertex 30.262500000000003 -51.22034671532847 0
      vertex 36.825 -56.25 0
    endloop
  endfacet
  facet normal 0 0 -1
    outer loop
      vertex 28.262500000000003 -49.6875 0
      vertex 30.262500000000003 -39.72399635036497 0
      vertex 30.262500000000003 -51.22034671532847 0
    endloop
  endfacet
  facet normal 0 0 -1
    outer loop
      vertex 28.262500000000003 -49.6875 0
      vertex 28.262500000000003 -34.6875 0
      vertex 30.262500000000003 -39.72399635036497 0
    endloop
  endfacet
  facet normal 0 0 -1
    outer loop
      vertex 30.262500000000003 -39.72399635036497 0
      vertex 36.825 -28.125 0
      vertex 36.825 -56.25 0
    endloop
  endfacet
  facet normal 1 0 0
    outer loop
      vertex 36.825 -56.25 0
      vertex 36.825 -28.125 0
      vertex 36.825 -34.6875 1.6
    endloop
  endfacet
  facet normal 1 0 0
    outer loop
      vertex 36.825 -56.25 0
      vertex 36.825 -34.6875 1.6
      vertex 36.825 -49.6875 1.6
    endloop
  endfacet
  facet normal 1 0 0
    outer loop
      vertex 36.825 -56.25 0
      vertex 36.825 -49.6875 1.6
      vertex 36.825 -56.25 10
    endloop
  endfacet
  facet normal 0 0 -1
    outer loop
      vertex 8.5625 -34.6875 0
      vertex 36.825 -28.125 0
      vertex 28.262500000000003 -34.6875 0
    endloop
  endfacet
  facet normal 0 0 -1
    outer loop
      vertex 30.262500000000003 -39.72399635036497 0
      vertex 28.262500000000003 -34.6875 0
      vertex 36.825 -28.125 0
    endloop
  endfacet
  facet normal 1 0 0
    outer loop
      vertex 36.825 -28.125 0
      vertex 36.825 -28.125 10
      vertex 36.825 -34.6875 1.6
    endloop
  endfacet
  facet normal 0 0 1
    outer loop
      vertex 5.320945945945944 -50.929054054054056 10
      vertex 8.119848622570274 -50.02521500489442 10
      vertex 6.5625 -49.6875 10
    endloop
  endfacet
  facet normal 0 0 1
    outer loop
      vertex 8.119848622570274 -50.02521500489442 10
      vertex 24.762500000000003 -49.6875 10
      vertex 8.5625 -49.6875 10
    endloop
  endfacet
  facet normal 0 0 1
    outer loop
      vertex 5.320945945945944 -50.929054054054056 10
      vertex 29.971881739755574 -54.76388389647735 10
      vertex 8.119848622570274 -50.02521500489442 10
    endloop
  endfacet
  facet normal 0 0 1
    outer loop
      vertex 6.5625 -56.25 10
      vertex 34.8 -56.25 10
      vertex 5.320945945945944 -50.929054054054056 10
    endloop
  endfacet
  facet normal 0 0 1
    outer loop
      vertex 7.029166666666669 -34.6875 10
      vertex 8.5625 -28.57492604773671 10
      vertex 6.5625 -28.125 10
    endloop
  endfacet
  facet normal 0 0 1
    outer loop
      vertex 7.029166666666669 -34.6875 10
      vertex 8.5625 -34.6875 10
      vertex 31.575464848592176 -33.75199220825217 10
    endloop
  endfacet
  facet normal 0 0 1
    outer loop
      vertex 7.029166666666669 -34.6875 10
      vertex 31.575464848592176 -33.75199220825217 10
      vertex 8.5625 -28.57492604773671 10
    endloop
  endfacet
  facet normal 0 0 1
    outer loop
      vertex 8.5625 -28.57492604773671 10
      vertex 31.575464848592176 -33.75199220825217 10
      vertex 8.5625 -28.125 10
    endloop
  endfacet
  facet normal 0 0 1
    outer loop
      vertex 8.119848622570274 -50.02521500489442 10
      vertex 29.971881739755574 -54.76388389647735 10
      vertex 24.762500000000003 -49.6875 10
    endloop
  endfacet
  facet normal 0 0 1
    outer loop
      vertex 5.320945945945944 -50.929054054054056 10
      vertex 34.8 -56.25 10
      vertex 29.971881739755574 -54.76388389647735 10
    endloop
  endfacet
  facet normal 0 0 1
    outer loop
      vertex 29.971881739755574 -54.76388389647735 10
      vertex 34.8 -49.6875 10
      vertex 30.262500000000003 -49.6875 10
    endloop
  endfacet
  facet normal 0 0 1
    outer loop
      vertex 29.971881739755574 -54.76388389647735 10
      vertex 34.8 -56.25 10
      vertex 34.8 -49.6875 10
    endloop
  endfacet
  facet normal 0 0 1
    outer loop
      vertex 36.825 -56.25 10
      vertex 35.9 -52.28571428571427 10
      vertex 35.9 -56.25 10
    endloop
  endfacet
  facet normal 1 0 0
    outer loop
      vertex 36.825 -34.6875 1.6
      vertex 36.825 -28.125 10
      vertex 36.825 -34.6875 10
    endloop
  endfacet
  facet normal 0 0 1
    outer loop
      vertex 8.5625 -34.6875 10
      vertex 24.762500000000003 -34.6875 10
      vertex 31.575464848592176 -33.75199220825217 10
    endloop
  endfacet
  facet normal 0 0 1
    outer loop
      vertex 8.5625 -28.125 10
      vertex 31.575464848592176 -33.75199220825217 10
      vertex 34.8 -28.125 10
    endloop
  endfacet
  facet normal 0 0 1
    outer loop
      vertex 24.762500000000003 -34.6875 10
      vertex 30.262500000000003 -34.6875 10
      vertex 31.575464848592176 -33.75199220825217 10
    endloop
  endfacet
  facet normal 0 0 1
    outer loop
      vertex 31.575464848592176 -33.75199220825217 10
      vertex 34.8 -34.32662932790224 10
      vertex 34.8 -28.125 10
    endloop
  endfacet
  facet normal 0 0 1
    outer loop
      vertex 36.825 -28.125 10
      vertex 35.9 -28.125 10
      vertex 35.9 -34.52265784114053 10
    endloop
  endfacet
  facet normal 0 0 1
    outer loop
      vertex 36.825 -34.6875 10
      vertex 36.825 -28.125 10
      vertex 35.9 -34.52265784114053 10
    endloop
  endfacet
  facet normal 0 0 -1
    outer loop
      vertex 6.5625 28.125 0
      vertex 8.5625 34.6875 0
      vertex 28.262500000000003 34.6875 0
    endloop
  endfacet
  facet normal 0 0 -1
    outer loop
      vertex 6.5625 28.125 0
      vertex 6.5625 51.220346715328475 0
      vertex 8.5625 34.6875 0
    endloop
  endfacet
  facet normal 0 0 -1
    outer loop
      vertex 8.5625 34.6875 0
      vertex 6.5625 51.220346715328475 0
      vertex 8.5625 49.6875 0
    endloop
  endfacet
  facet normal 0 0 -1
    outer loop
      vertex 6.5625 51.220346715328475 0
      vertex 5.566950464396285 51.98335913312694 0
      vertex 36.825 56.25 0
    endloop
  endfacet
  facet normal 0 0 -1
    outer loop
      vertex 6.5625 51.220346715328475 0
      vertex 36.825 56.25 0
      vertex 8.5625 49.6875 0
    endloop
  endfacet
  facet normal 0 0 -1
    outer loop
      vertex 5.566950464396285 51.98335913312694 0
      vertex 6.5625 56.25 0
      vertex 36.825 56.25 0
    endloop
  endfacet
  facet normal 0 1 0
    outer loop
      vertex 6.5625 56.25 0
      vertex 3.6022219116825056 56.25 4.510899944102851
      vertex 35.9 56.25 6.005
    endloop
  endfacet
  facet normal 0 0 -1
    outer loop
      vertex 6.5625 28.125 0
      vertex 28.262500000000003 34.6875 0
      vertex 30.262500000000003 33.154653284671525 0
    endloop
  endfacet
  facet normal 0 0 -1
    outer loop
      vertex 6.5625 28.125 0
      vertex 30.262500000000003 33.154653284671525 0
      vertex 36.825 28.125 0
    endloop
  endfacet
  facet normal 0 0 -1
    outer loop
      vertex 28.262500000000003 34.6875 0
      vertex 30.262500000000003 44.65100364963503 0
      vertex 30.262500000000003 33.154653284671525 0
    endloop
  endfacet
  facet normal 1 0 0
    outer loop
      vertex 36.825 28.125 0
      vertex 36.825 49.6875 1.6
      vertex 36.825 34.6875 1.6
    endloop
  endfacet
  facet normal 1 0 0
    outer loop
      vertex 36.825 28.125 0
      vertex 36.825 34.6875 1.6
      vertex 36.825 28.125 10
    endloop
  endfacet
  facet normal 0 0 -1
    outer loop
      vertex 8.5625 49.6875 0
      vertex 36.825 56.25 0
      vertex 28.262500000000003 49.6875 0
    endloop
  endfacet
  facet normal 0 0 -1
    outer loop
      vertex 28.262500000000003 34.6875 0
      vertex 28.262500000000003 49.6875 0
      vertex 30.262500000000003 44.65100364963503 0
    endloop
  endfacet
  facet normal 0 1 0
    outer loop
      vertex 6.5625 56.25 0
      vertex 35.9 56.25 6.005
      vertex 36.825 56.25 0
    endloop
  endfacet
  facet normal 0 0 -1
    outer loop
      vertex 36.825 28.125 0
      vertex 30.262500000000003 44.65100364963503 0
      vertex 36.825 56.25 0
    endloop
  endfacet
  facet normal 0 0 -1
    outer loop
      vertex 28.262500000000003 49.6875 0
      vertex 36.825 56.25 0
      vertex 30.262500000000003 44.65100364963503 0
    endloop
  endfacet
  facet normal 1 0 0
    outer loop
      vertex 36.825 28.125 0
      vertex 36.825 56.25 0
      vertex 36.825 49.6875 1.6
    endloop
  endfacet
  facet normal 1 0 0
    outer loop
      vertex 36.825 56.25 0
      vertex 36.825 56.25 10
      vertex 36.825 49.6875 1.6
    endloop
  endfacet
  facet normal 0 0 1
    outer loop
      vertex 6.5625 28.125 10
      vertex 8.5625 28.125 10
      vertex 5.320945945945944 33.44594594594595 10
    endloop
  endfacet
  facet normal 0 0 1
    outer loop
      vertex 5.320945945945944 33.44594594594595 10
      vertex 8.119848622570274 34.34978499510558 10
      vertex 6.5625 34.6875 10
    endloop
  endfacet
  facet normal 0 0 1
    outer loop
      vertex 5.320945945945944 33.44594594594595 10
      vertex 29.971881739755574 29.611116103522647 10
      vertex 8.119848622570274 34.34978499510558 10
    endloop
  endfacet
  facet normal 0 0 1
    outer loop
      vertex 8.119848622570274 34.34978499510558 10
      vertex 24.762500000000003 34.6875 10
      vertex 8.5625 34.6875 10
    endloop
  endfacet
  facet normal 0 0 1
    outer loop
      vertex 8.5625 28.125 10
      vertex 34.8 28.125 10
      vertex 5.320945945945944 33.44594594594595 10
    endloop
  endfacet
  facet normal 0 1 0
    outer loop
      vertex 6.5625 56.25 8
      vertex 4.79934247211896 56.25 6.01
      vertex 6.5625 56.25 8.217922606924644
    endloop
  endfacet
  facet normal 0 1 0
    outer loop
      vertex 3.6022219116825056 56.25 4.510899944102851
      vertex 4.79534967472119 56.25 6.005
      vertex 35.9 56.25 6.005
    endloop
  endfacet
  facet normal 0 1 0
    outer loop
      vertex 6.5625 56.25 8
      vertex 8.5625 56.25 10
      vertex 4.79934247211896 56.25 6.01
    endloop
  endfacet
  facet normal 0 0 1
    outer loop
      vertex 7.029166666666669 49.6875 10
      vertex 8.5625 55.80007395226329 10
      vertex 6.5625 56.25 10
    endloop
  endfacet
  facet normal 0 1 0
    outer loop
      vertex 8.5625 56.25 10
      vertex 34.8 56.25 10
      vertex 4.79934247211896 56.25 6.01
    endloop
  endfacet
  facet normal 0 0 1
    outer loop
      vertex 7.029166666666669 49.6875 10
      vertex 8.5625 49.6875 10
      vertex 31.575464848592176 50.623007791747824 10
    endloop
  endfacet
  facet normal 0 0 1
    outer loop
      vertex 7.029166666666669 49.6875 10
      vertex 31.575464848592176 50.623007791747824 10
      vertex 8.5625 55.80007395226329 10
    endloop
  endfacet
  facet normal 0 0 1
    outer loop
      vertex 8.5625 55.80007395226329 10
      vertex 31.575464848592176 50.623007791747824 10
      vertex 8.5625 56.25 10
    endloop
  endfacet
  facet normal 0 0 1
    outer loop
      vertex 8.119848622570274 34.34978499510558 10
      vertex 29.971881739755574 29.611116103522647 10
      vertex 24.762500000000003 34.6875 10
    endloop
  endfacet
  facet normal 0 0 1
    outer loop
      vertex 5.320945945945944 33.44594594594595 10
      vertex 34.8 28.125 10
      vertex 29.971881739755574 29.611116103522647 10
    endloop
  endfacet
  facet normal 0 0 1
    outer loop
      vertex 29.971881739755574 29.611116103522647 10
      vertex 34.8 34.6875 10
      vertex 30.262500000000003 34.6875 10
    endloop
  endfacet
  facet normal 0 0 1
    outer loop
      vertex 29.971881739755574 29.611116103522647 10
      vertex 34.8 28.125 10
      vertex 34.8 34.6875 10
    endloop
  endfacet
  facet normal 0 0 1
    outer loop
      vertex 36.825 28.125 10
      vertex 35.9 32.08928571428573 10
      vertex 35.9 28.125 10
    endloop
  endfacet
  facet normal 0 1 0
    outer loop
      vertex 34.8 56.25 10
      vertex 34.8 56.25 6.01
      vertex 4.79934247211896 56.25 6.01
    endloop
  endfacet
  facet normal 0 1 0
    outer loop
      vertex 36.825 56.25 0
      vertex 35.9 56.25 6.005
      vertex 35.9 56.25 10
    endloop
  endfacet
  facet normal 0 1 0
    outer loop
      vertex 36.825 56.25 0
      vertex 35.9 56.25 10
      vertex 36.825 56.25 10
    endloop
  endfacet
  facet normal 1 0 0
    outer loop
      vertex 36.825 49.6875 1.6
      vertex 36.825 56.25 10
      vertex 36.825 49.6875 10
    endloop
  endfacet
  facet normal 0 0 1
    outer loop
      vertex 8.5625 49.6875 10
      vertex 24.762500000000003 49.6875 10
      vertex 31.575464848592176 50.623007791747824 10
    endloop
  endfacet
  facet normal 0 0 1
    outer loop
      vertex 8.5625 56.25 10
      vertex 31.575464848592176 50.623007791747824 10
      vertex 34.8 56.25 10
    endloop
  endfacet
  facet normal 0 0 1
    outer loop
      vertex 24.762500000000003 49.6875 10
      vertex 30.262500000000003 49.6875 10
      vertex 31.575464848592176 50.623007791747824 10
    endloop
  endfacet
  facet normal 0 0 1
    outer loop
      vertex 31.575464848592176 50.623007791747824 10
      vertex 34.8 50.04837067209776 10
      vertex 34.8 56.25 10
    endloop
  endfacet
  facet normal 0 0 1
    outer loop
      vertex 36.825 56.25 10
      vertex 35.9 56.25 10
      vertex 35.9 49.85234215885947 10
    endloop
  endfacet
  facet normal 0 0 1
    outer loop
      vertex 36.825 49.6875 10
      vertex 36.825 56.25 10
      vertex 35.9 49.85234215885947 10
    endloop
  endfacet
  facet normal 0 0 -1
    outer loop
      vertex 6.5625 -28.125 0
      vertex 6.5625 -5.029653284671532 0
      vertex 8.5625 -21.5625 0
    endloop
  endfacet
  facet normal 0 0 -1
    outer loop
      vertex 8.5625 -21.5625 0
      vertex 6.5625 -5.029653284671532 0
      vertex 8.5625 -6.5625 0
    endloop
  endfacet
  facet normal 0 0 -1
    outer loop
      vertex 6.5625 -28.125 0
      vertex 8.5625 -21.5625 0
      vertex 28.262500000000003 -21.5625 0
    endloop
  endfacet
  facet normal 0 0 -1
    outer loop
      vertex 6.5625 -5.029653284671532 0
      vertex 5.566950464396285 -4.266640866873061 0
      vertex 36.825 0 0
    endloop
  endfacet
  facet normal 0 0 -1
    outer loop
      vertex 6.5625 -5.029653284671532 0
      vertex 36.825 0 0
      vertex 8.5625 -6.5625 0
    endloop
  endfacet
  facet normal 0 0 -1
    outer loop
      vertex 5.566950464396285 -4.266640866873061 0
      vertex 6.5625 0 0
      vertex 36.825 0 0
    endloop
  endfacet
  facet normal 0 0 -1
    outer loop
      vertex 6.5625 -28.125 0
      vertex 28.262500000000003 -21.5625 0
      vertex 30.262500000000003 -23.095346715328468 0
    endloop
  endfacet
  facet normal 0 0 -1
    outer loop
      vertex 6.5625 -28.125 0
      vertex 30.262500000000003 -23.095346715328468 0
      vertex 36.825 -28.125 0
    endloop
  endfacet
  facet normal 0 0 -1
    outer loop
      vertex 8.5625 -6.5625 0
      vertex 36.825 0 0
      vertex 28.262500000000003 -6.5625 0
    endloop
  endfacet
  facet normal 0 0 -1
    outer loop
      vertex 28.262500000000003 -21.5625 0
      vertex 30.262500000000003 -11.59899635036497 0
      vertex 30.262500000000003 -23.095346715328468 0
    endloop
  endfacet
  facet normal 0 0 -1
    outer loop
      vertex 28.262500000000003 -21.5625 0
      vertex 28.262500000000003 -6.5625 0
      vertex 30.262500000000003 -11.59899635036497 0
    endloop
  endfacet
  facet normal 0 0 -1
    outer loop
      vertex 36.825 -28.125 0
      vertex 30.262500000000003 -11.59899635036497 0
      vertex 36.825 0 0
    endloop
  endfacet
  facet normal 0 0 -1
    outer loop
      vertex 28.262500000000003 -6.5625 0
      vertex 36.825 0 0
      vertex 30.262500000000003 -11.59899635036497 0
    endloop
  endfacet
  facet normal 1 0 0
    outer loop
      vertex 36.825 -28.125 0
      vertex 36.825 0 0
      vertex 36.825 -6.5625 1.6
    endloop
  endfacet
  facet normal 1 0 0
    outer loop
      vertex 36.825 -28.125 0
      vertex 36.825 -6.5625 1.6
      vertex 36.825 -21.5625 1.6
    endloop
  endfacet
  facet normal 1 0 0
    outer loop
      vertex 36.825 -28.125 0
      vertex 36.825 -21.5625 1.6
      vertex 36.825 -28.125 10
    endloop
  endfacet
  facet normal 1 0 0
    outer loop
      vertex 36.825 -6.5625 1.6
      vertex 36.825 0 0
      vertex 36.825 0 10
    endloop
  endfacet
  facet normal 0 0 1
    outer loop
      vertex 6.5625 -28.125 10
      vertex 8.5625 -28.125 10
      vertex 5.320945945945944 -22.804054054054056 10
    endloop
  endfacet
  facet normal 0 0 1
    outer loop
      vertex 5.320945945945944 -22.804054054054056 10
      vertex 8.119848622570274 -21.90021500489442 10
      vertex 6.5625 -21.5625 10
    endloop
  endfacet
  facet normal 0 0 1
    outer loop
      vertex 7.029166666666669 -6.5625 10
      vertex 8.5625 -0.4499260477367102 10
      vertex 6.5625 0 10
    endloop
  endfacet
  facet normal 0 0 1
    outer loop
      vertex 5.320945945945944 -22.804054054054056 10
      vertex 29.971881739755574 -26.638883896477353 10
      vertex 8.119848622570274 -21.90021500489442 10
    endloop
  endfacet
  facet normal 0 0 1
    outer loop
      vertex 8.119848622570274 -21.90021500489442 10
      vertex 24.762500000000003 -21.5625 10
      vertex 8.5625 -21.5625 10
    endloop
  endfacet
  facet normal 0 0 1
    outer loop
      vertex 5.320945945945944 -22.804054054054056 10
      vertex 8.5625 -28.125 10
      vertex 34.8 -28.125 10
    endloop
  endfacet
  facet normal 0 0 1
    outer loop
      vertex 7.029166666666669 -6.5625 10
      vertex 8.5625 -6.5625 10
      vertex 31.575464848592176 -5.626992208252169 10
    endloop
  endfacet
  facet normal 0 0 1
    outer loop
      vertex 7.029166666666669 -6.5625 10
      vertex 31.575464848592176 -5.626992208252169 10
      vertex 8.5625 -0.4499260477367102 10
    endloop
  endfacet
  facet normal 0 0 1
    outer loop
      vertex 8.5625 -0.4499260477367102 10
      vertex 31.575464848592176 -5.626992208252169 10
      vertex 8.5625 0 10
    endloop
  endfacet
  facet normal 1 0 0
    outer loop
      vertex 36.825 -6.5625 1.6
      vertex 36.825 0 10
      vertex 36.825 -6.5625 10
    endloop
  endfacet
  facet normal 0 0 1
    outer loop
      vertex 8.119848622570274 -21.90021500489442 10
      vertex 29.971881739755574 -26.638883896477353 10
      vertex 24.762500000000003 -21.5625 10
    endloop
  endfacet
  facet normal 0 0 1
    outer loop
      vertex 5.320945945945944 -22.804054054054056 10
      vertex 34.8 -28.125 10
      vertex 29.971881739755574 -26.638883896477353 10
    endloop
  endfacet
  facet normal 0 0 1
    outer loop
      vertex 8.5625 -6.5625 10
      vertex 24.762500000000003 -6.5625 10
      vertex 31.575464848592176 -5.626992208252169 10
    endloop
  endfacet
  facet normal 0 0 1
    outer loop
      vertex 31.575464848592176 -5.626992208252169 10
      vertex 34.8 0 10
      vertex 8.5625 0 10
    endloop
  endfacet
  facet normal 0 0 1
    outer loop
      vertex 24.762500000000003 -6.5625 10
      vertex 30.262500000000003 -6.5625 10
      vertex 31.575464848592176 -5.626992208252169 10
    endloop
  endfacet
  facet normal 0 0 1
    outer loop
      vertex 29.971881739755574 -26.638883896477353 10
      vertex 34.8 -21.5625 10
      vertex 30.262500000000003 -21.5625 10
    endloop
  endfacet
  facet normal 0 0 1
    outer loop
      vertex 29.971881739755574 -26.638883896477353 10
      vertex 34.8 -28.125 10
      vertex 34.8 -21.5625 10
    endloop
  endfacet
  facet normal 0 0 1
    outer loop
      vertex 36.825 -28.125 10
      vertex 35.9 -24.160714285714267 10
      vertex 35.9 -28.125 10
    endloop
  endfacet
  facet normal 0 0 1
    outer loop
      vertex 31.575464848592176 -5.626992208252169 10
      vertex 34.8 -6.201629327902239 10
      vertex 34.8 0 10
    endloop
  endfacet
  facet normal 0 0 1
    outer loop
      vertex 36.825 0 10
      vertex 35.9 0 10
      vertex 35.9 -6.3976578411405285 10
    endloop
  endfacet
  facet normal 0 0 1
    outer loop
      vertex 36.825 -6.5625 10
      vertex 36.825 0 10
      vertex 35.9 -6.3976578411405285 10
    endloop
  endfacet
  facet normal 0 0 -1
    outer loop
      vertex -30.262500000000003 -28.125 0
      vertex -28.262500000000003 -21.5625 0
      vertex -8.562500000000004 -21.5625 0
    endloop
  endfacet
  facet normal 0 0 -1
    outer loop
      vertex -30.262500000000003 -28.125 0
      vertex -30.262500000000003 -5.029653284671532 0
      vertex -28.262500000000003 -21.5625 0
    endloop
  endfacet
  facet normal 0 0 -1
    outer loop
      vertex -30.262500000000003 -5.029653284671532 0
      vertex -28.262500000000003 -6.5625 0
      vertex -28.262500000000003 -21.5625 0
    endloop
  endfacet
  facet normal 0 0 -1
    outer loop
      vertex -30.262500000000003 -5.029653284671532 0
      vertex -31.258049535603718 -4.266640866873061 0
      vertex 0 0 0
    endloop
  endfacet
  facet normal 0 0 -1
    outer loop
      vertex -31.258049535603718 -4.266640866873061 0
      vertex -30.262500000000003 0 0
      vertex 0 0 0
    endloop
  endfacet
  facet normal 0 0 -1
    outer loop
      vertex -30.262500000000003 -28.125 0
      vertex -8.562500000000004 -21.5625 0
      vertex -6.5625 -23.095346715328468 0
    endloop
  endfacet
  facet normal 0 0 -1
    outer loop
      vertex -30.262500000000003 -28.125 0
      vertex -6.5625 -23.095346715328468 0
      vertex 0 -28.125 0
    endloop
  endfacet
  facet normal 0 0 -1
    outer loop
      vertex -30.262500000000003 -5.029653284671532 0
      vertex 0 0 0
      vertex -28.262500000000003 -6.5625 0
    endloop
  endfacet
  facet normal 0 0 -1
    outer loop
      vertex -28.262500000000003 -6.5625 0
      vertex 0 0 0
      vertex -8.562500000000004 -6.5625 0
    endloop
  endfacet
  facet normal 0 0 -1
    outer loop
      vertex -8.562500000000004 -21.5625 0
      vertex -8.562500000000004 -6.5625 0
      vertex -6.5625 -11.59899635036497 0
    endloop
  endfacet
  facet normal 0 0 -1
    outer loop
      vertex -8.562500000000004 -21.5625 0
      vertex -6.5625 -11.59899635036497 0
      vertex -6.5625 -23.095346715328468 0
    endloop
  endfacet
  facet normal 0 0 -1
    outer loop
      vertex -6.5625 -11.59899635036497 0
      vertex -8.562500000000004 -6.5625 0
      vertex 0 0 0
    endloop
  endfacet
  facet normal 0 0 -1
    outer loop
      vertex -6.5625 -11.59899635036497 0
      vertex 0 0 0
      vertex 0 -28.125 0
    endloop
  endfacet
  facet normal 0 0 1
    outer loop
      vertex -30.262500000000003 -28.125 10
      vertex -28.262500000000003 -28.125 10
      vertex -31.50405405405406 -22.804054054054056 10
    endloop
  endfacet
  facet normal 0 0 1
    outer loop
      vertex -31.50405405405406 -22.804054054054056 10
      vertex -28.705151377429733 -21.90021500489442 10
      vertex -30.262500000000003 -21.5625 10
    endloop
  endfacet
  facet normal 0 0 1
    outer loop
      vertex -28.705151377429733 -21.90021500489442 10
      vertex -12.0625 -21.5625 10
      vertex -28.262500000000003 -21.5625 10
    endloop
  endfacet
  facet normal 0 0 1
    outer loop
      vertex -31.50405405405406 -22.804054054054056 10
      vertex -6.853118260244429 -26.638883896477353 10
      vertex -28.705151377429733 -21.90021500489442 10
    endloop
  endfacet
  facet normal 0 0 1
    outer loop
      vertex -29.795833333333334 -6.5625 10
      vertex -28.262500000000003 -0.4499260477367102 10
      vertex -30.262500000000003 0 10
    endloop
  endfacet
  facet normal 0 0 1
    outer loop
      vertex -29.795833333333334 -6.5625 10
      vertex -28.262500000000003 -6.5625 10
      vertex -5.249535151407827 -5.626992208252169 10
    endloop
  endfacet
  facet normal 0 0 1
    outer loop
      vertex -29.795833333333334 -6.5625 10
      vertex -5.249535151407827 -5.626992208252169 10
      vertex -28.262500000000003 -0.4499260477367102 10
    endloop
  endfacet
  facet normal 0 0 1
    outer loop
      vertex -28.262500000000003 -0.4499260477367102 10
      vertex -5.249535151407827 -5.626992208252169 10
      vertex -28.262500000000003 0 10
    endloop
  endfacet
  facet normal 0 0 1
    outer loop
      vertex -31.50405405405406 -22.804054054054056 10
      vertex -28.262500000000003 -28.125 10
      vertex 0 -28.125 10
    endloop
  endfacet
  facet normal 0 0 1
    outer loop
      vertex -28.705151377429733 -21.90021500489442 10
      vertex -6.853118260244429 -26.638883896477353 10
      vertex -12.0625 -21.5625 10
    endloop
  endfacet
  facet normal 0 0 1
    outer loop
      vertex -31.50405405405406 -22.804054054054056 10
      vertex 0 -28.125 10
      vertex -6.853118260244429 -26.638883896477353 10
    endloop
  endfacet
  facet normal 0 0 1
    outer loop
      vertex -28.262500000000003 -6.5625 10
      vertex -12.0625 -6.5625 10
      vertex -5.249535151407827 -5.626992208252169 10
    endloop
  endfacet
  facet normal 0 0 1
    outer loop
      vertex -5.249535151407827 -5.626992208252169 10
      vertex 0 0 10
      vertex -28.262500000000003 0 10
    endloop
  endfacet
  facet normal 0 0 1
    outer loop
      vertex -6.853118260244429 -26.638883896477353 10
      vertex 0 -28.125 10
      vertex -6.5625 -21.5625 10
    endloop
  endfacet
  facet normal 0 0 1
    outer loop
      vertex -6.5625 -21.5625 10
      vertex 0 -28.125 10
      vertex -1.53125 -21.5625 10
    endloop
  endfacet
  facet normal 0 0 1
    outer loop
      vertex -12.0625 -6.5625 10
      vertex -6.5625 -6.5625 10
      vertex -5.249535151407827 -5.626992208252169 10
    endloop
  endfacet
  facet normal 0 0 1
    outer loop
      vertex -5.249535151407827 -5.626992208252169 10
      vertex 0 -6.5625 10
      vertex 0 0 10
    endloop
  endfacet
  facet normal 0 0 -1
    outer loop
      vertex -30.262500000000003 0 0
      vertex -30.262500000000003 23.095346715328475 0
      vertex -28.262500000000003 6.5625 0
    endloop
  endfacet
  facet normal 0 0 -1
    outer loop
      vertex -30.262500000000003 23.095346715328475 0
      vertex -28.262500000000003 21.5625 0
      vertex -28.262500000000003 6.5625 0
    endloop
  endfacet
  facet normal 0 0 -1
    outer loop
      vertex -30.262500000000003 0 0
      vertex -28.262500000000003 6.5625 0
      vertex -8.562500000000004 6.5625 0
    endloop
  endfacet
  facet normal 0 0 -1
    outer loop
      vertex -30.262500000000003 23.095346715328475 0
      vertex -31.258049535603718 23.85835913312694 0
      vertex 0 28.125 0
    endloop
  endfacet
  facet normal 0 0 -1
    outer loop
      vertex -31.258049535603718 23.85835913312694 0
      vertex -30.262500000000003 28.125 0
      vertex 0 28.125 0
    endloop
  endfacet
  facet normal 0 0 -1
    outer loop
      vertex -30.262500000000003 0 0
      vertex -8.562500000000004 6.5625 0
      vertex -6.5625 5.029653284671532 0
    endloop
  endfacet
  facet normal 0 0 -1
    outer loop
      vertex -30.262500000000003 0 0
      vertex -6.5625 5.029653284671532 0
      vertex 0 0 0
    endloop
  endfacet
  facet normal 0 0 -1
    outer loop
      vertex -30.262500000000003 23.095346715328475 0
      vertex 0 28.125 0
      vertex -28.262500000000003 21.5625 0
    endloop
  endfacet
  facet normal 0 0 -1
    outer loop
      vertex -28.262500000000003 21.5625 0
      vertex 0 28.125 0
      vertex -8.562500000000004 21.5625 0
    endloop
  endfacet
  facet normal 0 0 -1
    outer loop
      vertex -8.562500000000004 6.5625 0
      vertex -6.5625 16.52600364963503 0
      vertex -6.5625 5.029653284671532 0
    endloop
  endfacet
  facet normal 0 0 -1
    outer loop
      vertex -8.562500000000004 6.5625 0
      vertex -8.562500000000004 21.5625 0
      vertex -6.5625 16.52600364963503 0
    endloop
  endfacet
  facet normal 0 0 -1
    outer loop
      vertex -6.5625 16.52600364963503 0
      vertex 0 28.125 0
      vertex 0 0 0
    endloop
  endfacet
  facet normal 0 0 -1
    outer loop
      vertex -6.5625 16.52600364963503 0
      vertex -8.562500000000004 21.5625 0
      vertex 0 28.125 0
    endloop
  endfacet
  facet normal 0 0 1
    outer loop
      vertex -30.262500000000003 0 10
      vertex -28.262500000000003 0 10
      vertex -31.50405405405406 5.320945945945944 10
    endloop
  endfacet
  facet normal 0 0 1
    outer loop
      vertex -31.50405405405406 5.320945945945944 10
      vertex -28.705151377429733 6.22478499510558 10
      vertex -30.262500000000003 6.5625 10
    endloop
  endfacet
  facet normal 0 0 1
    outer loop
      vertex -28.705151377429733 6.22478499510558 10
      vertex -12.0625 6.5625 10
      vertex -28.262500000000003 6.5625 10
    endloop
  endfacet
  facet normal 0 0 1
    outer loop
      vertex -31.50405405405406 5.320945945945944 10
      vertex -6.853118260244429 1.4861161035226473 10
      vertex -28.705151377429733 6.22478499510558 10
    endloop
  endfacet
  facet normal 0 0 1
    outer loop
      vertex -30.262500000000003 28.125 10
      vertex -29.795833333333334 21.5625 10
      vertex -28.262500000000003 27.67507395226329 10
    endloop
  endfacet
  facet normal 0 0 1
    outer loop
      vertex -29.795833333333334 21.5625 10
      vertex -28.262500000000003 21.5625 10
      vertex -5.249535151407827 22.498007791747824 10
    endloop
  endfacet
  facet normal 0 0 1
    outer loop
      vertex -29.795833333333334 21.5625 10
      vertex -5.249535151407827 22.498007791747824 10
      vertex -28.262500000000003 27.67507395226329 10
    endloop
  endfacet
  facet normal 0 0 1
    outer loop
      vertex -28.262500000000003 27.67507395226329 10
      vertex -5.249535151407827 22.498007791747824 10
      vertex -28.262500000000003 28.125 10
    endloop
  endfacet
  facet normal 0 0 1
    outer loop
      vertex -31.50405405405406 5.320945945945944 10
      vertex -28.262500000000003 0 10
      vertex 0 0 10
    endloop
  endfacet
  facet normal 0 0 1
    outer loop
      vertex -28.705151377429733 6.22478499510558 10
      vertex -6.853118260244429 1.4861161035226473 10
      vertex -12.0625 6.5625 10
    endloop
  endfacet
  facet normal 0 0 1
    outer loop
      vertex -31.50405405405406 5.320945945945944 10
      vertex 0 0 10
      vertex -6.853118260244429 1.4861161035226473 10
    endloop
  endfacet
  facet normal 0 0 1
    outer loop
      vertex -28.262500000000003 21.5625 10
      vertex -12.0625 21.5625 10
      vertex -5.249535151407827 22.498007791747824 10
    endloop
  endfacet
  facet normal 0 0 1
    outer loop
      vertex -28.262500000000003 28.125 10
      vertex -5.249535151407827 22.498007791747824 10
      vertex 0 28.125 10
    endloop
  endfacet
  facet normal 0 0 1
    outer loop
      vertex -6.853118260244429 1.4861161035226473 10
      vertex 0 0 10
      vertex -6.5625 6.5625 10
    endloop
  endfacet
  facet normal 0 0 1
    outer loop
      vertex -6.5625 6.5625 10
      vertex 0 0 10
      vertex -1.53125 6.5625 10
    endloop
  endfacet
  facet normal 0 0 1
    outer loop
      vertex -12.0625 21.5625 10
      vertex -6.5625 21.5625 10
      vertex -5.249535151407827 22.498007791747824 10
    endloop
  endfacet
  facet normal 0 0 1
    outer loop
      vertex -5.249535151407827 22.498007791747824 10
      vertex 0 21.5625 10
      vertex 0 28.125 10
    endloop
  endfacet
  facet normal 0 1 0
    outer loop
      vertex -30.262500000000003 34.6875 1.6
      vertex -6.5625 34.6875 6.005
      vertex -28.262500000000003 34.6875 1.6
    endloop
  endfacet
  facet normal 0 1 0
    outer loop
      vertex -30.262500000000003 34.6875 1.6
      vertex -30.262500000000003 34.6875 6.005
      vertex -6.5625 34.6875 6.005
    endloop
  endfacet
  facet normal 0 0 1
    outer loop
      vertex -30.262500000000003 34.6875 1.6
      vertex -28.262500000000003 34.6875 1.6
      vertex -28.262500000000003 49.6875 1.6
    endloop
  endfacet
  facet normal 0 0 1
    outer loop
      vertex -30.262500000000003 34.6875 1.6
      vertex -28.262500000000003 49.6875 1.6
      vertex -30.262500000000003 49.6875 1.6
    endloop
  endfacet
  facet normal 0 -1 0
    outer loop
      vertex -30.262500000000003 49.6875 1.6
      vertex -28.262500000000003 49.6875 1.6
      vertex -30.262500000000003 49.6875 6.005
    endloop
  endfacet
  facet normal 0 -1 0
    outer loop
      vertex -28.262500000000003 49.6875 1.6
      vertex -8.562500000000004 49.6875 1.6
      vertex -30.262500000000003 49.6875 6.005
    endloop
  endfacet
  facet normal 0 1 0
    outer loop
      vertex -28.262500000000003 34.6875 1.6
      vertex -6.5625 34.6875 6.005
      vertex -8.562500000000004 34.6875 1.6
    endloop
  endfacet
  facet normal 0 1 0
    outer loop
      vertex -8.562500000000004 34.6875 1.6
      vertex -6.5625 34.6875 6.005
      vertex -6.5625 34.6875 1.6
    endloop
  endfacet
  facet normal 0 0 1
    outer loop
      vertex -8.562500000000004 34.6875 1.6
      vertex -6.5625 49.6875 1.6
      vertex -8.562500000000004 49.6875 1.6
    endloop
  endfacet
  facet normal 0 0 1
    outer loop
      vertex -8.562500000000004 34.6875 1.6
      vertex -6.5625 34.6875 1.6
      vertex -6.5625 49.6875 1.6
    endloop
  endfacet
  facet normal 0 -1 0
    outer loop
      vertex -8.562500000000004 49.6875 1.6
      vertex -6.5625 49.6875 1.6
      vertex -30.262500000000003 49.6875 6.005
    endloop
  endfacet
  facet normal 0 -1 0
    outer loop
      vertex -6.5625 49.6875 1.6
      vertex -6.5625 49.6875 6.005
      vertex -30.262500000000003 49.6875 6.005
    endloop
  endfacet
  facet normal 0 1 0
    outer loop
      vertex -30.262500000000003 34.6875 8
      vertex -28.262500000000003 34.6875 10
      vertex -30.262500000000003 34.6875 6.01
    endloop
  endfacet
  facet normal 0 1 0
    outer loop
      vertex -28.262500000000003 34.6875 10
      vertex -10.0625 34.6875 8
      vertex -30.262500000000003 34.6875 6.01
    endloop
  endfacet
  facet normal 0 -1 0
    outer loop
      vertex -30.262500000000003 49.6875 8
      vertex -30.262500000000003 49.6875 6.01
      vertex -12.0625 49.6875 10
    endloop
  endfacet
  facet normal 0 -1 0
    outer loop
      vertex -30.262500000000003 49.6875 8
      vertex -12.0625 49.6875 10
      vertex -28.262500000000003 49.6875 10
    endloop
  endfacet
  facet normal 0 1 0
    outer loop
      vertex -10.0625 34.6875 8
      vertex -6.5625 34.6875 8
      vertex -30.262500000000003 34.6875 6.01
    endloop
  endfacet
  facet normal 0 1 0
    outer loop
      vertex -6.5625 34.6875 8
      vertex -6.5625 34.6875 6.01
      vertex -30.262500000000003 34.6875 6.01
    endloop
  endfacet
  facet normal 0 1 0
    outer loop
      vertex -28.262500000000003 34.6875 10
      vertex -12.0625 34.6875 10
      vertex -10.0625 34.6875 8
    endloop
  endfacet
  facet normal 0 -1 0
    outer loop
      vertex -10.0625 49.6875 8
      vertex -30.262500000000003 49.6875 6.01
      vertex -6.5625 49.6875 8
    endloop
  endfacet
  facet normal 0 -1 0
    outer loop
      vertex -6.5625 49.6875 8
      vertex -30.262500000000003 49.6875 6.01
      vertex -6.5625 49.6875 6.01
    endloop
  endfacet
  facet normal 0 -1 0
    outer loop
      vertex -10.0625 49.6875 8
      vertex -12.0625 49.6875 10
      vertex -30.262500000000003 49.6875 6.01
    endloop
  endfacet
  facet normal 0 0 1
    outer loop
      vertex -30.262500000000003 -49.6875 1.6
      vertex -28.262500000000003 -49.6875 1.6
      vertex -28.262500000000003 -34.6875 1.6
    endloop
  endfacet
  facet normal 0 0 1
    outer loop
      vertex -30.262500000000003 -49.6875 1.6
      vertex -28.262500000000003 -34.6875 1.6
      vertex -30.262500000000003 -34.6875 1.6
    endloop
  endfacet
  facet normal 0 1 0
    outer loop
      vertex -30.262500000000003 -49.6875 1.6
      vertex -6.5625 -49.6875 6.005
      vertex -28.262500000000003 -49.6875 1.6
    endloop
  endfacet
  facet normal 0 1 0
    outer loop
      vertex -30.262500000000003 -49.6875 1.6
      vertex -30.262500000000003 -49.6875 6.005
      vertex -6.5625 -49.6875 6.005
    endloop
  endfacet
  facet normal 0 -1 0
    outer loop
      vertex -30.262500000000003 -34.6875 1.6
      vertex -28.262500000000003 -34.6875 1.6
      vertex -30.262500000000003 -34.6875 6.005
    endloop
  endfacet
  facet normal 0 -1 0
    outer loop
      vertex -28.262500000000003 -34.6875 1.6
      vertex -8.562500000000004 -34.6875 1.6
      vertex -30.262500000000003 -34.6875 6.005
    endloop
  endfacet
  facet normal 0 0 1
    outer loop
      vertex -8.562500000000004 -49.6875 1.6
      vertex -6.5625 -34.6875 1.6
      vertex -8.562500000000004 -34.6875 1.6
    endloop
  endfacet
  facet normal 0 0 1
    outer loop
      vertex -8.562500000000004 -49.6875 1.6
      vertex -6.5625 -49.6875 1.6
      vertex -6.5625 -34.6875 1.6
    endloop
  endfacet
  facet normal 0 1 0
    outer loop
      vertex -28.262500000000003 -49.6875 1.6
      vertex -6.5625 -49.6875 6.005
      vertex -8.562500000000004 -49.6875 1.6
    endloop
  endfacet
  facet normal 0 1 0
    outer loop
      vertex -8.562500000000004 -49.6875 1.6
      vertex -6.5625 -49.6875 6.005
      vertex -6.5625 -49.6875 1.6
    endloop
  endfacet
  facet normal 0 -1 0
    outer loop
      vertex -8.562500000000004 -34.6875 1.6
      vertex -6.5625 -34.6875 1.6
      vertex -30.262500000000003 -34.6875 6.005
    endloop
  endfacet
  facet normal 0 -1 0
    outer loop
      vertex -6.5625 -34.6875 1.6
      vertex -6.5625 -34.6875 6.005
      vertex -30.262500000000003 -34.6875 6.005
    endloop
  endfacet
  facet normal 0 1 0
    outer loop
      vertex -30.262500000000003 -49.6875 8
      vertex -28.262500000000003 -49.6875 10
      vertex -30.262500000000003 -49.6875 6.01
    endloop
  endfacet
  facet normal 0 1 0
    outer loop
      vertex -28.262500000000003 -49.6875 10
      vertex -10.0625 -49.6875 8
      vertex -30.262500000000003 -49.6875 6.01
    endloop
  endfacet
  facet normal 0 -1 0
    outer loop
      vertex -30.262500000000003 -34.6875 8
      vertex -30.262500000000003 -34.6875 6.01
      vertex -12.0625 -34.6875 10
    endloop
  endfacet
  facet normal 0 -1 0
    outer loop
      vertex -30.262500000000003 -34.6875 8
      vertex -12.0625 -34.6875 10
      vertex -28.262500000000003 -34.6875 10
    endloop
  endfacet
  facet normal 0 1 0
    outer loop
      vertex -10.0625 -49.6875 8
      vertex -6.5625 -49.6875 8
      vertex -30.262500000000003 -49.6875 6.01
    endloop
  endfacet
  facet normal 0 1 0
    outer loop
      vertex -6.5625 -49.6875 8
      vertex -6.5625 -49.6875 6.01
      vertex -30.262500000000003 -49.6875 6.01
    endloop
  endfacet
  facet normal 0 1 0
    outer loop
      vertex -28.262500000000003 -49.6875 10
      vertex -12.0625 -49.6875 10
      vertex -10.0625 -49.6875 8
    endloop
  endfacet
  facet normal 0 -1 0
    outer loop
      vertex -10.0625 -34.6875 8
      vertex -30.262500000000003 -34.6875 6.01
      vertex -6.5625 -34.6875 8
    endloop
  endfacet
  facet normal 0 -1 0
    outer loop
      vertex -6.5625 -34.6875 8
      vertex -30.262500000000003 -34.6875 6.01
      vertex -6.5625 -34.6875 6.01
    endloop
  endfacet
  facet normal 0 -1 0
    outer loop
      vertex -10.0625 -34.6875 8
      vertex -12.0625 -34.6875 10
      vertex -30.262500000000003 -34.6875 6.01
    endloop
  endfacet
  facet normal 0 0 1
    outer loop
      vertex 6.5625 6.5625 1.6
      vertex 8.5625 21.5625 1.6
      vertex 6.5625 21.5625 1.6
    endloop
  endfacet
  facet normal 0 0 1
    outer loop
      vertex 6.5625 6.5625 1.6
      vertex 8.5625 6.5625 1.6
      vertex 8.5625 21.5625 1.6
    endloop
  endfacet
  facet normal 0 -1 0
    outer loop
      vertex 6.5625 21.5625 1.6
      vertex 8.5625 21.5625 1.6
      vertex 6.5625 21.5625 6.005
    endloop
  endfacet
  facet normal 0 1 0
    outer loop
      vertex 6.5625 6.5625 1.6
      vertex 30.262500000000003 6.5625 6.005
      vertex 8.5625 6.5625 1.6
    endloop
  endfacet
  facet normal 0 1 0
    outer loop
      vertex 6.5625 6.5625 1.6
      vertex 6.5625 6.5625 6.005
      vertex 30.262500000000003 6.5625 6.005
    endloop
  endfacet
  facet normal 0 -1 0
    outer loop
      vertex 8.5625 21.5625 1.6
      vertex 28.262500000000003 21.5625 1.6
      vertex 6.5625 21.5625 6.005
    endloop
  endfacet
  facet normal 0 0 1
    outer loop
      vertex 28.262500000000003 6.5625 1.6
      vertex 30.262500000000003 6.5625 1.6
      vertex 30.262500000000003 21.5625 1.6
    endloop
  endfacet
  facet normal 0 0 1
    outer loop
      vertex 28.262500000000003 6.5625 1.6
      vertex 30.262500000000003 21.5625 1.6
      vertex 28.262500000000003 21.5625 1.6
    endloop
  endfacet
  facet normal 0 1 0
    outer loop
      vertex 8.5625 6.5625 1.6
      vertex 30.262500000000003 6.5625 6.005
      vertex 28.262500000000003 6.5625 1.6
    endloop
  endfacet
  facet normal 0 1 0
    outer loop
      vertex 28.262500000000003 6.5625 1.6
      vertex 30.262500000000003 6.5625 6.005
      vertex 30.262500000000003 6.5625 1.6
    endloop
  endfacet
  facet normal 0 -1 0
    outer loop
      vertex 28.262500000000003 21.5625 1.6
      vertex 30.262500000000003 21.5625 1.6
      vertex 6.5625 21.5625 6.005
    endloop
  endfacet
  facet normal 0 -1 0
    outer loop
      vertex 30.262500000000003 21.5625 1.6
      vertex 30.262500000000003 21.5625 6.005
      vertex 6.5625 21.5625 6.005
    endloop
  endfacet
  facet normal 0 1 0
    outer loop
      vertex 6.5625 6.5625 8
      vertex 8.5625 6.5625 10
      vertex 6.5625 6.5625 6.01
    endloop
  endfacet
  facet normal 0 1 0
    outer loop
      vertex 8.5625 6.5625 10
      vertex 26.762500000000003 6.5625 8
      vertex 6.5625 6.5625 6.01
    endloop
  endfacet
  facet normal 0 -1 0
    outer loop
      vertex 6.5625 21.5625 8
      vertex 6.5625 21.5625 6.01
      vertex 24.762500000000003 21.5625 10
    endloop
  endfacet
  facet normal 0 -1 0
    outer loop
      vertex 26.762500000000003 21.5625 8
      vertex 24.762500000000003 21.5625 10
      vertex 6.5625 21.5625 6.01
    endloop
  endfacet
  facet normal 0 -1 0
    outer loop
      vertex 6.5625 21.5625 8
      vertex 24.762500000000003 21.5625 10
      vertex 8.5625 21.5625 10
    endloop
  endfacet
  facet normal 0 1 0
    outer loop
      vertex 30.262500000000003 6.5625 8
      vertex 30.262500000000003 6.5625 6.01
      vertex 6.5625 6.5625 6.01
    endloop
  endfacet
  facet normal 0 1 0
    outer loop
      vertex 26.762500000000003 6.5625 8
      vertex 30.262500000000003 6.5625 8
      vertex 6.5625 6.5625 6.01
    endloop
  endfacet
  facet normal 0 -1 0
    outer loop
      vertex 30.262500000000003 21.5625 8
      vertex 6.5625 21.5625 6.01
      vertex 30.262500000000003 21.5625 6.01
    endloop
  endfacet
  facet normal 0 -1 0
    outer loop
      vertex 26.762500000000003 21.5625 8
      vertex 6.5625 21.5625 6.01
      vertex 30.262500000000003 21.5625 8
    endloop
  endfacet
  facet normal 0 1 0
    outer loop
      vertex 8.5625 6.5625 10
      vertex 24.762500000000003 6.5625 10
      vertex 26.762500000000003 6.5625 8
    endloop
  endfacet
  facet normal 0 0 1
    outer loop
      vertex 6.5625 -49.6875 1.6
      vertex 8.5625 -34.6875 1.6
      vertex 6.5625 -34.6875 1.6
    endloop
  endfacet
  facet normal 0 0 1
    outer loop
      vertex 6.5625 -49.6875 1.6
      vertex 8.5625 -49.6875 1.6
      vertex 8.5625 -34.6875 1.6
    endloop
  endfacet
  facet normal 0 1 0
    outer loop
      vertex 6.5625 -49.6875 1.6
      vertex 30.262500000000003 -49.6875 6.005
      vertex 8.5625 -49.6875 1.6
    endloop
  endfacet
  facet normal 0 1 0
    outer loop
      vertex 6.5625 -49.6875 1.6
      vertex 6.5625 -49.6875 6.005
      vertex 30.262500000000003 -49.6875 6.005
    endloop
  endfacet
  facet normal 0 -1 0
    outer loop
      vertex 6.5625 -34.6875 1.6
      vertex 8.5625 -34.6875 1.6
      vertex 6.5625 -34.6875 6.005
    endloop
  endfacet
  facet normal 0 -1 0
    outer loop
      vertex 8.5625 -34.6875 1.6
      vertex 28.262500000000003 -34.6875 1.6
      vertex 6.5625 -34.6875 6.005
    endloop
  endfacet
  facet normal 0 0 1
    outer loop
      vertex 28.262500000000003 -49.6875 1.6
      vertex 30.262500000000003 -49.6875 1.6
      vertex 30.262500000000003 -34.6875 1.6
    endloop
  endfacet
  facet normal 0 0 1
    outer loop
      vertex 28.262500000000003 -49.6875 1.6
      vertex 30.262500000000003 -34.6875 1.6
      vertex 28.262500000000003 -34.6875 1.6
    endloop
  endfacet
  facet normal 0 1 0
    outer loop
      vertex 8.5625 -49.6875 1.6
      vertex 30.262500000000003 -49.6875 6.005
      vertex 28.262500000000003 -49.6875 1.6
    endloop
  endfacet
  facet normal 0 1 0
    outer loop
      vertex 28.262500000000003 -49.6875 1.6
      vertex 30.262500000000003 -49.6875 6.005
      vertex 30.262500000000003 -49.6875 1.6
    endloop
  endfacet
  facet normal 0 -1 0
    outer loop
      vertex 28.262500000000003 -34.6875 1.6
      vertex 30.262500000000003 -34.6875 1.6
      vertex 6.5625 -34.6875 6.005
    endloop
  endfacet
  facet normal 0 -1 0
    outer loop
      vertex 30.262500000000003 -34.6875 1.6
      vertex 30.262500000000003 -34.6875 6.005
      vertex 6.5625 -34.6875 6.005
    endloop
  endfacet
  facet normal 0 1 0
    outer loop
      vertex 6.5625 -49.6875 8
      vertex 8.5625 -49.6875 10
      vertex 6.5625 -49.6875 6.01
    endloop
  endfacet
  facet normal 0 1 0
    outer loop
      vertex 8.5625 -49.6875 10
      vertex 26.762500000000003 -49.6875 8
      vertex 6.5625 -49.6875 6.01
    endloop
  endfacet
  facet normal 0 -1 0
    outer loop
      vertex 6.5625 -34.6875 8
      vertex 6.5625 -34.6875 6.01
      vertex 24.762500000000003 -34.6875 10
    endloop
  endfacet
  facet normal 0 -1 0
    outer loop
      vertex 26.762500000000003 -34.6875 8
      vertex 24.762500000000003 -34.6875 10
      vertex 6.5625 -34.6875 6.01
    endloop
  endfacet
  facet normal 0 -1 0
    outer loop
      vertex 6.5625 -34.6875 8
      vertex 24.762500000000003 -34.6875 10
      vertex 8.5625 -34.6875 10
    endloop
  endfacet
  facet normal 0 1 0
    outer loop
      vertex 30.262500000000003 -49.6875 8
      vertex 30.262500000000003 -49.6875 6.01
      vertex 6.5625 -49.6875 6.01
    endloop
  endfacet
  facet normal 0 1 0
    outer loop
      vertex 26.762500000000003 -49.6875 8
      vertex 30.262500000000003 -49.6875 8
      vertex 6.5625 -49.6875 6.01
    endloop
  endfacet
  facet normal 0 1 0
    outer loop
      vertex 8.5625 -49.6875 10
      vertex 24.762500000000003 -49.6875 10
      vertex 26.762500000000003 -49.6875 8
    endloop
  endfacet
  facet normal 0 -1 0
    outer loop
      vertex 30.262500000000003 -34.6875 8
      vertex 6.5625 -34.6875 6.01
      vertex 30.262500000000003 -34.6875 6.01
    endloop
  endfacet
  facet normal 0 -1 0
    outer loop
      vertex 26.762500000000003 -34.6875 8
      vertex 6.5625 -34.6875 6.01
      vertex 30.262500000000003 -34.6875 8
    endloop
  endfacet
  facet normal 0 1 0
    outer loop
      vertex 6.5625 34.6875 1.6
      vertex 30.262500000000003 34.6875 6.005
      vertex 8.5625 34.6875 1.6
    endloop
  endfacet
  facet normal 0 1 0
    outer loop
      vertex 6.5625 34.6875 1.6
      vertex 6.5625 34.6875 6.005
      vertex 30.262500000000003 34.6875 6.005
    endloop
  endfacet
  facet normal 0 0 1
    outer loop
      vertex 6.5625 34.6875 1.6
      vertex 8.5625 49.6875 1.6
      vertex 6.5625 49.6875 1.6
    endloop
  endfacet
  facet normal 0 0 1
    outer loop
      vertex 6.5625 34.6875 1.6
      vertex 8.5625 34.6875 1.6
      vertex 8.5625 49.6875 1.6
    endloop
  endfacet
  facet normal 0 -1 0
    outer loop
      vertex 6.5625 49.6875 1.6
      vertex 8.5625 49.6875 1.6
      vertex 6.5625 49.6875 6.005
    endloop
  endfacet
  facet normal 0 -1 0
    outer loop
      vertex 8.5625 49.6875 1.6
      vertex 28.262500000000003 49.6875 1.6
      vertex 6.5625 49.6875 6.005
    endloop
  endfacet
  facet normal 0 1 0
    outer loop
      vertex 8.5625 34.6875 1.6
      vertex 30.262500000000003 34.6875 6.005
      vertex 28.262500000000003 34.6875 1.6
    endloop
  endfacet
  facet normal 0 1 0
    outer loop
      vertex 28.262500000000003 34.6875 1.6
      vertex 30.262500000000003 34.6875 6.005
      vertex 30.262500000000003 34.6875 1.6
    endloop
  endfacet
  facet normal 0 0 1
    outer loop
      vertex 28.262500000000003 34.6875 1.6
      vertex 30.262500000000003 34.6875 1.6
      vertex 30.262500000000003 49.6875 1.6
    endloop
  endfacet
  facet normal 0 0 1
    outer loop
      vertex 28.262500000000003 34.6875 1.6
      vertex 30.262500000000003 49.6875 1.6
      vertex 28.262500000000003 49.6875 1.6
    endloop
  endfacet
  facet normal 0 -1 0
    outer loop
      vertex 28.262500000000003 49.6875 1.6
      vertex 30.262500000000003 49.6875 1.6
      vertex 6.5625 49.6875 6.005
    endloop
  endfacet
  facet normal 0 -1 0
    outer loop
      vertex 30.262500000000003 49.6875 1.6
      vertex 30.262500000000003 49.6875 6.005
      vertex 6.5625 49.6875 6.005
    endloop
  endfacet
  facet normal 0 1 0
    outer loop
      vertex 6.5625 34.6875 8
      vertex 8.5625 34.6875 10
      vertex 6.5625 34.6875 6.01
    endloop
  endfacet
  facet normal 0 1 0
    outer loop
      vertex 8.5625 34.6875 10
      vertex 26.762500000000003 34.6875 8
      vertex 6.5625 34.6875 6.01
    endloop
  endfacet
  facet normal 0 -1 0
    outer loop
      vertex 6.5625 49.6875 8
      vertex 6.5625 49.6875 6.01
      vertex 24.762500000000003 49.6875 10
    endloop
  endfacet
  facet normal 0 -1 0
    outer loop
      vertex 26.762500000000003 49.6875 8
      vertex 24.762500000000003 49.6875 10
      vertex 6.5625 49.6875 6.01
    endloop
  endfacet
  facet normal 0 -1 0
    outer loop
      vertex 6.5625 49.6875 8
      vertex 24.762500000000003 49.6875 10
      vertex 8.5625 49.6875 10
    endloop
  endfacet
  facet normal 0 1 0
    outer loop
      vertex 30.262500000000003 34.6875 8
      vertex 30.262500000000003 34.6875 6.01
      vertex 6.5625 34.6875 6.01
    endloop
  endfacet
  facet normal 0 1 0
    outer loop
      vertex 26.762500000000003 34.6875 8
      vertex 30.262500000000003 34.6875 8
      vertex 6.5625 34.6875 6.01
    endloop
  endfacet
  facet normal 0 1 0
    outer loop
      vertex 8.5625 34.6875 10
      vertex 24.762500000000003 34.6875 10
      vertex 26.762500000000003 34.6875 8
    endloop
  endfacet
  facet normal 0 -1 0
    outer loop
      vertex 26.762500000000003 49.6875 8
      vertex 6.5625 49.6875 6.01
      vertex 30.262500000000003 49.6875 6.01
    endloop
  endfacet
  facet normal 0 -1 0
    outer loop
      vertex 26.762500000000003 49.6875 8
      vertex 30.262500000000003 49.6875 6.01
      vertex 30.262500000000003 49.6875 8
    endloop
  endfacet
  facet normal 0 0 1
    outer loop
      vertex 6.5625 -21.5625 1.6
      vertex 8.5625 -6.5625 1.6
      vertex 6.5625 -6.5625 1.6
    endloop
  endfacet
  facet normal 0 0 1
    outer loop
      vertex 6.5625 -21.5625 1.6
      vertex 8.5625 -21.5625 1.6
      vertex 8.5625 -6.5625 1.6
    endloop
  endfacet
  facet normal 0 1 0
    outer loop
      vertex 6.5625 -21.5625 1.6
      vertex 6.5625 -21.5625 6.005
      vertex 8.5625 -21.5625 1.6
    endloop
  endfacet
  facet normal 0 -1 0
    outer loop
      vertex 6.5625 -6.5625 1.6
      vertex 8.5625 -6.5625 1.6
      vertex 6.5625 -6.5625 6.005
    endloop
  endfacet
  facet normal 0 1 0
    outer loop
      vertex 8.5625 -21.5625 1.6
      vertex 6.5625 -21.5625 6.005
      vertex 30.262500000000003 -21.5625 6.005
    endloop
  endfacet
  facet normal 0 -1 0
    outer loop
      vertex 8.5625 -6.5625 1.6
      vertex 28.262500000000003 -6.5625 1.6
      vertex 6.5625 -6.5625 6.005
    endloop
  endfacet
  facet normal 0 0 1
    outer loop
      vertex 28.262500000000003 -21.5625 1.6
      vertex 30.262500000000003 -21.5625 1.6
      vertex 30.262500000000003 -6.5625 1.6
    endloop
  endfacet
  facet normal 0 0 1
    outer loop
      vertex 28.262500000000003 -21.5625 1.6
      vertex 30.262500000000003 -6.5625 1.6
      vertex 28.262500000000003 -6.5625 1.6
    endloop
  endfacet
  facet normal 0 1 0
    outer loop
      vertex 8.5625 -21.5625 1.6
      vertex 30.262500000000003 -21.5625 6.005
      vertex 28.262500000000003 -21.5625 1.6
    endloop
  endfacet
  facet normal 0 1 0
    outer loop
      vertex 28.262500000000003 -21.5625 1.6
      vertex 30.262500000000003 -21.5625 6.005
      vertex 30.262500000000003 -21.5625 1.6
    endloop
  endfacet
  facet normal 0 -1 0
    outer loop
      vertex 28.262500000000003 -6.5625 1.6
      vertex 30.262500000000003 -6.5625 1.6
      vertex 6.5625 -6.5625 6.005
    endloop
  endfacet
  facet normal 0 -1 0
    outer loop
      vertex 30.262500000000003 -6.5625 1.6
      vertex 30.262500000000003 -6.5625 6.005
      vertex 6.5625 -6.5625 6.005
    endloop
  endfacet
  facet normal 0 1 0
    outer loop
      vertex 6.5625 -21.5625 8
      vertex 8.5625 -21.5625 10
      vertex 6.5625 -21.5625 6.01
    endloop
  endfacet
  facet normal 0 1 0
    outer loop
      vertex 8.5625 -21.5625 10
      vertex 26.762500000000003 -21.5625 8
      vertex 6.5625 -21.5625 6.01
    endloop
  endfacet
  facet normal 0 -1 0
    outer loop
      vertex 6.5625 -6.5625 8
      vertex 6.5625 -6.5625 6.01
      vertex 24.762500000000003 -6.5625 10
    endloop
  endfacet
  facet normal 0 -1 0
    outer loop
      vertex 26.762500000000003 -6.5625 8
      vertex 24.762500000000003 -6.5625 10
      vertex 6.5625 -6.5625 6.01
    endloop
  endfacet
  facet normal 0 -1 0
    outer loop
      vertex 6.5625 -6.5625 8
      vertex 24.762500000000003 -6.5625 10
      vertex 8.5625 -6.5625 10
    endloop
  endfacet
  facet normal 0 1 0
    outer loop
      vertex 30.262500000000003 -21.5625 8
      vertex 30.262500000000003 -21.5625 6.01
      vertex 6.5625 -21.5625 6.01
    endloop
  endfacet
  facet normal 0 1 0
    outer loop
      vertex 26.762500000000003 -21.5625 8
      vertex 30.262500000000003 -21.5625 8
      vertex 6.5625 -21.5625 6.01
    endloop
  endfacet
  facet normal 0 -1 0
    outer loop
      vertex 30.262500000000003 -6.5625 8
      vertex 6.5625 -6.5625 6.01
      vertex 30.262500000000003 -6.5625 6.01
    endloop
  endfacet
  facet normal 0 -1 0
    outer loop
      vertex 26.762500000000003 -6.5625 8
      vertex 6.5625 -6.5625 6.01
      vertex 30.262500000000003 -6.5625 8
    endloop
  endfacet
  facet normal 0 1 0
    outer loop
      vertex 8.5625 -21.5625 10
      vertex 24.762500000000003 -21.5625 10
      vertex 26.762500000000003 -21.5625 8
    endloop
  endfacet
  facet normal 0 0 1
    outer loop
      vertex -30.262500000000003 -21.5625 1.6
      vertex -28.262500000000003 -21.5625 1.6
      vertex -28.262500000000003 -6.5625 1.6
    endloop
  endfacet
  facet normal 0 0 1
    outer loop
      vertex -30.262500000000003 -21.5625 1.6
      vertex -28.262500000000003 -6.5625 1.6
      vertex -30.262500000000003 -6.5625 1.6
    endloop
  endfacet
  facet normal 0 1 0
    outer loop
      vertex -30.262500000000003 -21.5625 1.6
      vertex -6.5625 -21.5625 6.005
      vertex -28.262500000000003 -21.5625 1.6
    endloop
  endfacet
  facet normal 0 1 0
    outer loop
      vertex -30.262500000000003 -21.5625 1.6
      vertex -30.262500000000003 -21.5625 6.005
      vertex -6.5625 -21.5625 6.005
    endloop
  endfacet
  facet normal 0 -1 0
    outer loop
      vertex -30.262500000000003 -6.5625 1.6
      vertex -28.262500000000003 -6.5625 1.6
      vertex -30.262500000000003 -6.5625 6.005
    endloop
  endfacet
  facet normal 0 -1 0
    outer loop
      vertex -28.262500000000003 -6.5625 1.6
      vertex -8.562500000000004 -6.5625 1.6
      vertex -30.262500000000003 -6.5625 6.005
    endloop
  endfacet
  facet normal 0 0 1
    outer loop
      vertex -8.562500000000004 -21.5625 1.6
      vertex -6.5625 -6.5625 1.6
      vertex -8.562500000000004 -6.5625 1.6
    endloop
  endfacet
  facet normal 0 0 1
    outer loop
      vertex -8.562500000000004 -21.5625 1.6
      vertex -6.5625 -21.5625 1.6
      vertex -6.5625 -6.5625 1.6
    endloop
  endfacet
  facet normal 0 1 0
    outer loop
      vertex -28.262500000000003 -21.5625 1.6
      vertex -6.5625 -21.5625 6.005
      vertex -8.562500000000004 -21.5625 1.6
    endloop
  endfacet
  facet normal 0 -1 0
    outer loop
      vertex -8.562500000000004 -6.5625 1.6
      vertex -6.5625 -6.5625 1.6
      vertex -30.262500000000003 -6.5625 6.005
    endloop
  endfacet
  facet normal 0 -1 0
    outer loop
      vertex -6.5625 -6.5625 1.6
      vertex -6.5625 -6.5625 6.005
      vertex -30.262500000000003 -6.5625 6.005
    endloop
  endfacet
  facet normal 0 1 0
    outer loop
      vertex -8.562500000000004 -21.5625 1.6
      vertex -6.5625 -21.5625 6.005
      vertex -6.5625 -21.5625 1.6
    endloop
  endfacet
  facet normal 0 1 0
    outer loop
      vertex -30.262500000000003 -21.5625 8
      vertex -28.262500000000003 -21.5625 10
      vertex -30.262500000000003 -21.5625 6.01
    endloop
  endfacet
  facet normal 0 1 0
    outer loop
      vertex -28.262500000000003 -21.5625 10
      vertex -10.0625 -21.5625 8
      vertex -30.262500000000003 -21.5625 6.01
    endloop
  endfacet
  facet normal 0 -1 0
    outer loop
      vertex -30.262500000000003 -6.5625 8
      vertex -30.262500000000003 -6.5625 6.01
      vertex -12.0625 -6.5625 10
    endloop
  endfacet
  facet normal 0 -1 0
    outer loop
      vertex -30.262500000000003 -6.5625 8
      vertex -12.0625 -6.5625 10
      vertex -28.262500000000003 -6.5625 10
    endloop
  endfacet
  facet normal 0 1 0
    outer loop
      vertex -10.0625 -21.5625 8
      vertex -6.5625 -21.5625 8
      vertex -30.262500000000003 -21.5625 6.01
    endloop
  endfacet
  facet normal 0 1 0
    outer loop
      vertex -6.5625 -21.5625 8
      vertex -6.5625 -21.5625 6.01
      vertex -30.262500000000003 -21.5625 6.01
    endloop
  endfacet
  facet normal 0 -1 0
    outer loop
      vertex -10.0625 -6.5625 8
      vertex -30.262500000000003 -6.5625 6.01
      vertex -6.5625 -6.5625 8
    endloop
  endfacet
  facet normal 0 -1 0
    outer loop
      vertex -6.5625 -6.5625 8
      vertex -30.262500000000003 -6.5625 6.01
      vertex -6.5625 -6.5625 6.01
    endloop
  endfacet
  facet normal 0 1 0
    outer loop
      vertex -28.262500000000003 -21.5625 10
      vertex -12.0625 -21.5625 10
      vertex -10.0625 -21.5625 8
    endloop
  endfacet
  facet normal 0 -1 0
    outer loop
      vertex -10.0625 -6.5625 8
      vertex -12.0625 -6.5625 10
      vertex -30.262500000000003 -6.5625 6.01
    endloop
  endfacet
  facet normal 0 0 1
    outer loop
      vertex -30.262500000000003 6.5625 1.6
      vertex -28.262500000000003 6.5625 1.6
      vertex -28.262500000000003 21.5625 1.6
    endloop
  endfacet
  facet normal 0 0 1
    outer loop
      vertex -30.262500000000003 6.5625 1.6
      vertex -28.262500000000003 21.5625 1.6
      vertex -30.262500000000003 21.5625 1.6
    endloop
  endfacet
  facet normal 0 1 0
    outer loop
      vertex -30.262500000000003 6.5625 1.6
      vertex -6.5625 6.5625 6.005
      vertex -28.262500000000003 6.5625 1.6
    endloop
  endfacet
  facet normal 0 1 0
    outer loop
      vertex -30.262500000000003 6.5625 1.6
      vertex -30.262500000000003 6.5625 6.005
      vertex -6.5625 6.5625 6.005
    endloop
  endfacet
  facet normal 0 -1 0
    outer loop
      vertex -30.262500000000003 21.5625 1.6
      vertex -28.262500000000003 21.5625 1.6
      vertex -30.262500000000003 21.5625 6.005
    endloop
  endfacet
  facet normal 0 -1 0
    outer loop
      vertex -28.262500000000003 21.5625 1.6
      vertex -8.562500000000004 21.5625 1.6
      vertex -30.262500000000003 21.5625 6.005
    endloop
  endfacet
  facet normal 0 0 1
    outer loop
      vertex -8.562500000000004 6.5625 1.6
      vertex -6.5625 21.5625 1.6
      vertex -8.562500000000004 21.5625 1.6
    endloop
  endfacet
  facet normal 0 0 1
    outer loop
      vertex -8.562500000000004 6.5625 1.6
      vertex -6.5625 6.5625 1.6
      vertex -6.5625 21.5625 1.6
    endloop
  endfacet
  facet normal 0 1 0
    outer loop
      vertex -28.262500000000003 6.5625 1.6
      vertex -6.5625 6.5625 6.005
      vertex -8.562500000000004 6.5625 1.6
    endloop
  endfacet
  facet normal 0 -1 0
    outer loop
      vertex -8.562500000000004 21.5625 1.6
      vertex -6.5625 21.5625 1.6
      vertex -30.262500000000003 21.5625 6.005
    endloop
  endfacet
  facet normal 0 -1 0
    outer loop
      vertex -6.5625 21.5625 1.6
      vertex -6.5625 21.5625 6.005
      vertex -30.262500000000003 21.5625 6.005
    endloop
  endfacet
  facet normal 0 1 0
    outer loop
      vertex -8.562500000000004 6.5625 1.6
      vertex -6.5625 6.5625 6.005
      vertex -6.5625 6.5625 1.6
    endloop
  endfacet
  facet normal 0 -1 0
    outer loop
      vertex -30.262500000000003 21.5625 8
      vertex -30.262500000000003 21.5625 6.01
      vertex -8.338465497022769 21.5625 6.01
    endloop
  endfacet
  facet normal 0 1 0
    outer loop
      vertex -30.262500000000003 6.5625 8
      vertex -28.262500000000003 6.5625 10
      vertex -30.262500000000003 6.5625 6.01
    endloop
  endfacet
  facet normal 0 1 0
    outer loop
      vertex -28.262500000000003 6.5625 10
      vertex -10.0625 6.5625 8
      vertex -30.262500000000003 6.5625 6.01
    endloop
  endfacet
  facet normal 0 -1 0
    outer loop
      vertex -30.262500000000003 21.5625 8
      vertex -12.0625 21.5625 10
      vertex -28.262500000000003 21.5625 10
    endloop
  endfacet
  facet normal 0 1 0
    outer loop
      vertex -10.0625 6.5625 8
      vertex -6.5625 6.5625 8
      vertex -30.262500000000003 6.5625 6.01
    endloop
  endfacet
  facet normal 0 1 0
    outer loop
      vertex -6.5625 6.5625 8
      vertex -6.5625 6.5625 6.01
      vertex -30.262500000000003 6.5625 6.01
    endloop
  endfacet
  facet normal 0 -1 0
    outer loop
      vertex -6.5625 21.5625 8
      vertex -8.338465497022769 21.5625 6.01
      vertex -6.5625 21.5625 6.01
    endloop
  endfacet
  facet normal 0 -1 0
    outer loop
      vertex -10.0625 21.5625 8
      vertex -8.338465497022769 21.5625 6.01
      vertex -6.5625 21.5625 8
    endloop
  endfacet
  facet normal 0 1 0
    outer loop
      vertex -28.262500000000003 6.5625 10
      vertex -12.0625 6.5625 10
      vertex -10.0625 6.5625 8
    endloop
  endfacet
  facet normal 0 -1 0
    outer loop
      vertex -30.262500000000003 21.5625 8
      vertex -8.338465497022769 21.5625 6.01
      vertex -12.0625 21.5625 10
    endloop
  endfacet
  facet normal 0 -1 0
    outer loop
      vertex -10.0625 21.5625 8
      vertex -12.0625 21.5625 10
      vertex -8.338465497022769 21.5625 6.01
    endloop
  endfacet
  facet normal 0 1 0
    outer loop
      vertex -28.262500000000003 34.6875 0
      vertex -28.262500000000003 34.6875 1.6
      vertex -8.562500000000004 34.6875 0
    endloop
  endfacet
  facet normal 1 0 0
    outer loop
      vertex -28.262500000000003 34.6875 0
      vertex -28.262500000000003 49.6875 0
      vertex -28.262500000000003 49.6875 1.6
    endloop
  endfacet
  facet normal 1 0 0
    outer loop
      vertex -28.262500000000003 34.6875 0
      vertex -28.262500000000003 49.6875 1.6
      vertex -28.262500000000003 34.6875 1.6
    endloop
  endfacet
  facet normal 0 -1 0
    outer loop
      vertex -28.262500000000003 49.6875 0
      vertex -8.562500000000004 49.6875 1.6
      vertex -28.262500000000003 49.6875 1.6
    endloop
  endfacet
  facet normal 0 1 0
    outer loop
      vertex -28.262500000000003 34.6875 1.6
      vertex -8.562500000000004 34.6875 1.6
      vertex -8.562500000000004 34.6875 0
    endloop
  endfacet
  facet normal 0 -1 0
    outer loop
      vertex -28.262500000000003 49.6875 0
      vertex -8.562500000000004 49.6875 0
      vertex -8.562500000000004 49.6875 1.6
    endloop
  endfacet
  facet normal -1 0 0
    outer loop
      vertex -8.562500000000004 34.6875 0
      vertex -8.562500000000004 34.6875 1.6
      vertex -8.562500000000004 49.6875 0
    endloop
  endfacet
  facet normal -1 0 0
    outer loop
      vertex -8.562500000000004 34.6875 1.6
      vertex -8.562500000000004 49.6875 1.6
      vertex -8.562500000000004 49.6875 0
    endloop
  endfacet
  facet normal 1 0 0
    outer loop
      vertex -28.262500000000003 -49.6875 0
      vertex -28.262500000000003 -34.6875 0
      vertex -28.262500000000003 -34.6875 1.6
    endloop
  endfacet
  facet normal 1 0 0
    outer loop
      vertex -28.262500000000003 -49.6875 0
      vertex -28.262500000000003 -34.6875 1.6
      vertex -28.262500000000003 -49.6875 1.6
    endloop
  endfacet
  facet normal 0 1 0
    outer loop
      vertex -28.262500000000003 -49.6875 0
      vertex -28.262500000000003 -49.6875 1.6
      vertex -8.562500000000004 -49.6875 0
    endloop
  endfacet
  facet normal 0 -1 0
    outer loop
      vertex -28.262500000000003 -34.6875 0
      vertex -8.562500000000004 -34.6875 1.6
      vertex -28.262500000000003 -34.6875 1.6
    endloop
  endfacet
  facet normal 0 1 0
    outer loop
      vertex -28.262500000000003 -49.6875 1.6
      vertex -8.562500000000004 -49.6875 1.6
      vertex -8.562500000000004 -49.6875 0
    endloop
  endfacet
  facet normal -1 0 0
    outer loop
      vertex -8.562500000000004 -49.6875 0
      vertex -8.562500000000004 -49.6875 1.6
      vertex -8.562500000000004 -34.6875 0
    endloop
  endfacet
  facet normal -1 0 0
    outer loop
      vertex -8.562500000000004 -49.6875 1.6
      vertex -8.562500000000004 -34.6875 1.6
      vertex -8.562500000000004 -34.6875 0
    endloop
  endfacet
  facet normal 0 -1 0
    outer loop
      vertex -28.262500000000003 -34.6875 0
      vertex -8.562500000000004 -34.6875 0
      vertex -8.562500000000004 -34.6875 1.6
    endloop
  endfacet
  facet normal 1 0 0
    outer loop
      vertex 8.5625 6.5625 0
      vertex 8.5625 21.5625 0
      vertex 8.5625 21.5625 1.6
    endloop
  endfacet
  facet normal 1 0 0
    outer loop
      vertex 8.5625 6.5625 0
      vertex 8.5625 21.5625 1.6
      vertex 8.5625 6.5625 1.6
    endloop
  endfacet
  facet normal 0 1 0
    outer loop
      vertex 8.5625 6.5625 0
      vertex 8.5625 6.5625 1.6
      vertex 28.262500000000003 6.5625 0
    endloop
  endfacet
  facet normal 0 -1 0
    outer loop
      vertex 8.5625 21.5625 0
      vertex 28.262500000000003 21.5625 1.6
      vertex 8.5625 21.5625 1.6
    endloop
  endfacet
  facet normal 0 1 0
    outer loop
      vertex 8.5625 6.5625 1.6
      vertex 28.262500000000003 6.5625 1.6
      vertex 28.262500000000003 6.5625 0
    endloop
  endfacet
  facet normal -1 0 0
    outer loop
      vertex 28.262500000000003 6.5625 0
      vertex 28.262500000000003 6.5625 1.6
      vertex 28.262500000000003 21.5625 0
    endloop
  endfacet
  facet normal -1 0 0
    outer loop
      vertex 28.262500000000003 6.5625 1.6
      vertex 28.262500000000003 21.5625 1.6
      vertex 28.262500000000003 21.5625 0
    endloop
  endfacet
  facet normal 0 -1 0
    outer loop
      vertex 8.5625 21.5625 0
      vertex 28.262500000000003 21.5625 0
      vertex 28.262500000000003 21.5625 1.6
    endloop
  endfacet
  facet normal 1 0 0
    outer loop
      vertex 8.5625 -49.6875 0
      vertex 8.5625 -34.6875 0
      vertex 8.5625 -34.6875 1.6
    endloop
  endfacet
  facet normal 1 0 0
    outer loop
      vertex 8.5625 -49.6875 0
      vertex 8.5625 -34.6875 1.6
      vertex 8.5625 -49.6875 1.6
    endloop
  endfacet
  facet normal 0 1 0
    outer loop
      vertex 8.5625 -49.6875 0
      vertex 8.5625 -49.6875 1.6
      vertex 28.262500000000003 -49.6875 0
    endloop
  endfacet
  facet normal 0 -1 0
    outer loop
      vertex 8.5625 -34.6875 0
      vertex 28.262500000000003 -34.6875 1.6
      vertex 8.5625 -34.6875 1.6
    endloop
  endfacet
  facet normal 0 1 0
    outer loop
      vertex 8.5625 -49.6875 1.6
      vertex 28.262500000000003 -49.6875 1.6
      vertex 28.262500000000003 -49.6875 0
    endloop
  endfacet
  facet normal -1 0 0
    outer loop
      vertex 28.262500000000003 -49.6875 0
      vertex 28.262500000000003 -49.6875 1.6
      vertex 28.262500000000003 -34.6875 0
    endloop
  endfacet
  facet normal -1 0 0
    outer loop
      vertex 28.262500000000003 -49.6875 1.6
      vertex 28.262500000000003 -34.6875 1.6
      vertex 28.262500000000003 -34.6875 0
    endloop
  endfacet
  facet normal 0 -1 0
    outer loop
      vertex 8.5625 -34.6875 0
      vertex 28.262500000000003 -34.6875 0
      vertex 28.262500000000003 -34.6875 1.6
    endloop
  endfacet
  facet normal 0 1 0
    outer loop
      vertex 8.5625 34.6875 0
      vertex 8.5625 34.6875 1.6
      vertex 28.262500000000003 34.6875 0
    endloop
  endfacet
  facet normal 1 0 0
    outer loop
      vertex 8.5625 34.6875 0
      vertex 8.5625 49.6875 0
      vertex 8.5625 49.6875 1.6
    endloop
  endfacet
  facet normal 1 0 0
    outer loop
      vertex 8.5625 34.6875 0
      vertex 8.5625 49.6875 1.6
      vertex 8.5625 34.6875 1.6
    endloop
  endfacet
  facet normal 0 -1 0
    outer loop
      vertex 8.5625 49.6875 0
      vertex 28.262500000000003 49.6875 1.6
      vertex 8.5625 49.6875 1.6
    endloop
  endfacet
  facet normal 0 1 0
    outer loop
      vertex 8.5625 34.6875 1.6
      vertex 28.262500000000003 34.6875 1.6
      vertex 28.262500000000003 34.6875 0
    endloop
  endfacet
  facet normal 0 -1 0
    outer loop
      vertex 8.5625 49.6875 0
      vertex 28.262500000000003 49.6875 0
      vertex 28.262500000000003 49.6875 1.6
    endloop
  endfacet
  facet normal -1 0 0
    outer loop
      vertex 28.262500000000003 34.6875 0
      vertex 28.262500000000003 34.6875 1.6
      vertex 28.262500000000003 49.6875 0
    endloop
  endfacet
  facet normal -1 0 0
    outer loop
      vertex 28.262500000000003 34.6875 1.6
      vertex 28.262500000000003 49.6875 1.6
      vertex 28.262500000000003 49.6875 0
    endloop
  endfacet
  facet normal 1 0 0
    outer loop
      vertex 8.5625 -21.5625 0
      vertex 8.5625 -6.5625 0
      vertex 8.5625 -6.5625 1.6
    endloop
  endfacet
  facet normal 1 0 0
    outer loop
      vertex 8.5625 -21.5625 0
      vertex 8.5625 -6.5625 1.6
      vertex 8.5625 -21.5625 1.6
    endloop
  endfacet
  facet normal 0 1 0
    outer loop
      vertex 8.5625 -21.5625 0
      vertex 8.5625 -21.5625 1.6
      vertex 28.262500000000003 -21.5625 0
    endloop
  endfacet
  facet normal 0 -1 0
    outer loop
      vertex 8.5625 -6.5625 0
      vertex 28.262500000000003 -6.5625 1.6
      vertex 8.5625 -6.5625 1.6
    endloop
  endfacet
  facet normal 0 1 0
    outer loop
      vertex 8.5625 -21.5625 1.6
      vertex 28.262500000000003 -21.5625 1.6
      vertex 28.262500000000003 -21.5625 0
    endloop
  endfacet
  facet normal 0 -1 0
    outer loop
      vertex 8.5625 -6.5625 0
      vertex 28.262500000000003 -6.5625 0
      vertex 28.262500000000003 -6.5625 1.6
    endloop
  endfacet
  facet normal -1 0 0
    outer loop
      vertex 28.262500000000003 -21.5625 0
      vertex 28.262500000000003 -21.5625 1.6
      vertex 28.262500000000003 -6.5625 0
    endloop
  endfacet
  facet normal -1 0 0
    outer loop
      vertex 28.262500000000003 -21.5625 1.6
      vertex 28.262500000000003 -6.5625 1.6
      vertex 28.262500000000003 -6.5625 0
    endloop
  endfacet
  facet normal 0 1 0
    outer loop
      vertex -28.262500000000003 -21.5625 0
      vertex -28.262500000000003 -21.5625 1.6
      vertex -8.562500000000004 -21.5625 0
    endloop
  endfacet
  facet normal 1 0 0
    outer loop
      vertex -28.262500000000003 -21.5625 0
      vertex -28.262500000000003 -6.5625 0
      vertex -28.262500000000003 -6.5625 1.6
    endloop
  endfacet
  facet normal 1 0 0
    outer loop
      vertex -28.262500000000003 -21.5625 0
      vertex -28.262500000000003 -6.5625 1.6
      vertex -28.262500000000003 -21.5625 1.6
    endloop
  endfacet
  facet normal 0 -1 0
    outer loop
      vertex -28.262500000000003 -6.5625 0
      vertex -8.562500000000004 -6.5625 1.6
      vertex -28.262500000000003 -6.5625 1.6
    endloop
  endfacet
  facet normal 0 1 0
    outer loop
      vertex -28.262500000000003 -21.5625 1.6
      vertex -8.562500000000004 -21.5625 1.6
      vertex -8.562500000000004 -21.5625 0
    endloop
  endfacet
  facet normal 0 -1 0
    outer loop
      vertex -28.262500000000003 -6.5625 0
      vertex -8.562500000000004 -6.5625 0
      vertex -8.562500000000004 -6.5625 1.6
    endloop
  endfacet
  facet normal -1 0 0
    outer loop
      vertex -8.562500000000004 -21.5625 0
      vertex -8.562500000000004 -21.5625 1.6
      vertex -8.562500000000004 -6.5625 0
    endloop
  endfacet
  facet normal -1 0 0
    outer loop
      vertex -8.562500000000004 -21.5625 1.6
      vertex -8.562500000000004 -6.5625 1.6
      vertex -8.562500000000004 -6.5625 0
    endloop
  endfacet
  facet normal 1 0 0
    outer loop
      vertex -28.262500000000003 6.5625 0
      vertex -28.262500000000003 21.5625 0
      vertex -28.262500000000003 21.5625 1.6
    endloop
  endfacet
  facet normal 1 0 0
    outer loop
      vertex -28.262500000000003 6.5625 0
      vertex -28.262500000000003 21.5625 1.6
      vertex -28.262500000000003 6.5625 1.6
    endloop
  endfacet
  facet normal 0 1 0
    outer loop
      vertex -28.262500000000003 6.5625 0
      vertex -28.262500000000003 6.5625 1.6
      vertex -8.562500000000004 6.5625 0
    endloop
  endfacet
  facet normal 0 -1 0
    outer loop
      vertex -28.262500000000003 21.5625 0
      vertex -8.562500000000004 21.5625 1.6
      vertex -28.262500000000003 21.5625 1.6
    endloop
  endfacet
  facet normal 0 1 0
    outer loop
      vertex -28.262500000000003 6.5625 1.6
      vertex -8.562500000000004 6.5625 1.6
      vertex -8.562500000000004 6.5625 0
    endloop
  endfacet
  facet normal 0 -1 0
    outer loop
      vertex -28.262500000000003 21.5625 0
      vertex -8.562500000000004 21.5625 0
      vertex -8.562500000000004 21.5625 1.6
    endloop
  endfacet
  facet normal -1 0 0
    outer loop
      vertex -8.562500000000004 6.5625 0
      vertex -8.562500000000004 6.5625 1.6
      vertex -8.562500000000004 21.5625 0
    endloop
  endfacet
  facet normal -1 0 0
    outer loop
      vertex -8.562500000000004 6.5625 1.6
      vertex -8.562500000000004 21.5625 1.6
      vertex -8.562500000000004 21.5625 0
    endloop
  endfacet
  facet normal 0 0 -1
    outer loop
      vertex -36.825 28.125 0
      vertex -30.262500000000003 51.220346715328475 0
      vertex -30.262500000000003 28.125 0
    endloop
  endfacet
  facet normal 0 0 -1
    outer loop
      vertex -36.825 28.125 0
      vertex -36.825 56.25 0
      vertex -31.258049535603718 51.98335913312694 0
    endloop
  endfacet
  facet normal 0 0 -1
    outer loop
      vertex -36.825 28.125 0
      vertex -31.258049535603718 51.98335913312694 0
      vertex -30.262500000000003 51.220346715328475 0
    endloop
  endfacet
  facet normal 0 0 -1
    outer loop
      vertex -36.825 56.25 0
      vertex -30.262500000000003 56.25 0
      vertex -31.258049535603718 51.98335913312694 0
    endloop
  endfacet
  facet normal 0 1 0
    outer loop
      vertex -36.825 56.25 0
      vertex -33.2227780883175 56.25 4.510899944102851
      vertex -30.262500000000003 56.25 0
    endloop
  endfacet
  facet normal 0 1 0
    outer loop
      vertex -36.825 56.25 0
      vertex -35.9 56.25 6.005
      vertex -33.2227780883175 56.25 4.510899944102851
    endloop
  endfacet
  facet normal 1 0 0
    outer loop
      vertex -30.262500000000003 34.6875 1.6
      vertex -30.262500000000003 49.6875 1.6
      vertex -30.262500000000003 34.6875 6.005
    endloop
  endfacet
  facet normal 1 0 0
    outer loop
      vertex -30.262500000000003 49.6875 1.6
      vertex -30.262500000000003 49.6875 6.005
      vertex -30.262500000000003 34.6875 6.005
    endloop
  endfacet
  facet normal 0 0 1
    outer loop
      vertex -36.825 28.125 10
      vertex -35.9 28.125 10
      vertex -35.9 56.25 10
    endloop
  endfacet
  facet normal 0 0 1
    outer loop
      vertex -30.262500000000003 28.125 10
      vertex -31.50405405405406 33.44594594594595 10
      vertex -34.8 28.125 10
    endloop
  endfacet
  facet normal 0 1 0
    outer loop
      vertex -36.825 56.25 0
      vertex -36.825 56.25 10
      vertex -35.9 56.25 6.005
    endloop
  endfacet
  facet normal 0 1 0
    outer loop
      vertex -35.9 56.25 6.005
      vertex -32.029650325278816 56.25 6.005
      vertex -33.2227780883175 56.25 4.510899944102851
    endloop
  endfacet
  facet normal 1 0 0
    outer loop
      vertex -30.262500000000003 34.6875 8
      vertex -30.262500000000003 34.6875 6.01
      vertex -30.262500000000003 49.6875 6.01
    endloop
  endfacet
  facet normal 1 0 0
    outer loop
      vertex -30.262500000000003 34.6875 8
      vertex -30.262500000000003 49.6875 6.01
      vertex -30.262500000000003 49.6875 8
    endloop
  endfacet
  facet normal 0 1 0
    outer loop
      vertex -30.262500000000003 56.25 8.217922606924644
      vertex -32.025657527881044 56.25 6.01
      vertex -34.8 56.25 6.01
    endloop
  endfacet
  facet normal 0 1 0
    outer loop
      vertex -36.825 56.25 10
      vertex -35.9 56.25 10
      vertex -35.9 56.25 6.005
    endloop
  endfacet
  facet normal 0 1 0
    outer loop
      vertex -30.262500000000003 56.25 8.217922606924644
      vertex -34.8 56.25 6.01
      vertex -30.262500000000003 56.25 10
    endloop
  endfacet
  facet normal 0 1 0
    outer loop
      vertex -30.262500000000003 56.25 10
      vertex -34.8 56.25 6.01
      vertex -34.8 56.25 10
    endloop
  endfacet
  facet normal 0 0 1
    outer loop
      vertex -36.825 28.125 10
      vertex -35.9 56.25 10
      vertex -36.825 56.25 10
    endloop
  endfacet
  facet normal 0 0 1
    outer loop
      vertex -30.262500000000003 56.25 10
      vertex -34.8 56.25 10
      vertex -34.8 28.125 10
    endloop
  endfacet
  facet normal 0 0 1
    outer loop
      vertex -31.50405405405406 33.44594594594595 10
      vertex -30.262500000000003 56.25 10
      vertex -34.8 28.125 10
    endloop
  endfacet
  facet normal 0 0 1
    outer loop
      vertex -31.50405405405406 33.44594594594595 10
      vertex -30.262500000000003 34.6875 10
      vertex -30.262500000000003 56.25 10
    endloop
  endfacet
  facet normal 0 0 -1
    outer loop
      vertex -36.825 -56.25 0
      vertex -30.262500000000003 -33.15465328467153 0
      vertex -30.262500000000003 -56.25 0
    endloop
  endfacet
  facet normal 0 0 -1
    outer loop
      vertex -36.825 -56.25 0
      vertex -36.825 -28.125 0
      vertex -31.258049535603718 -32.39164086687306 0
    endloop
  endfacet
  facet normal 0 0 -1
    outer loop
      vertex -36.825 -56.25 0
      vertex -31.258049535603718 -32.39164086687306 0
      vertex -30.262500000000003 -33.15465328467153 0
    endloop
  endfacet
  facet normal 1 0 0
    outer loop
      vertex -30.262500000000003 -49.6875 1.6
      vertex -30.262500000000003 -34.6875 1.6
      vertex -30.262500000000003 -49.6875 6.005
    endloop
  endfacet
  facet normal 1 0 0
    outer loop
      vertex -30.262500000000003 -34.6875 1.6
      vertex -30.262500000000003 -34.6875 6.005
      vertex -30.262500000000003 -49.6875 6.005
    endloop
  endfacet
  facet normal 0 0 -1
    outer loop
      vertex -36.825 -28.125 0
      vertex -30.262500000000003 -28.125 0
      vertex -31.258049535603718 -32.39164086687306 0
    endloop
  endfacet
  facet normal 1 0 0
    outer loop
      vertex -30.262500000000003 -49.6875 8
      vertex -30.262500000000003 -49.6875 6.01
      vertex -30.262500000000003 -34.6875 6.01
    endloop
  endfacet
  facet normal 1 0 0
    outer loop
      vertex -30.262500000000003 -49.6875 8
      vertex -30.262500000000003 -34.6875 6.01
      vertex -30.262500000000003 -34.6875 8
    endloop
  endfacet
  facet normal 0 0 1
    outer loop
      vertex -36.825 -56.25 10
      vertex -35.9 -56.25 10
      vertex -35.9 -28.125 10
    endloop
  endfacet
  facet normal 0 0 1
    outer loop
      vertex -30.262500000000003 -56.25 10
      vertex -31.50405405405406 -50.929054054054056 10
      vertex -34.8 -56.25 10
    endloop
  endfacet
  facet normal 0 0 1
    outer loop
      vertex -31.50405405405406 -50.929054054054056 10
      vertex -30.262500000000003 -28.125 10
      vertex -34.8 -56.25 10
    endloop
  endfacet
  facet normal 0 0 1
    outer loop
      vertex -31.50405405405406 -50.929054054054056 10
      vertex -30.262500000000003 -49.6875 10
      vertex -30.262500000000003 -28.125 10
    endloop
  endfacet
  facet normal 0 0 1
    outer loop
      vertex -36.825 -56.25 10
      vertex -35.9 -28.125 10
      vertex -36.825 -28.125 10
    endloop
  endfacet
  facet normal 0 0 1
    outer loop
      vertex -30.262500000000003 -28.125 10
      vertex -34.8 -28.125 10
      vertex -34.8 -56.25 10
    endloop
  endfacet
  facet normal 0 0 -1
    outer loop
      vertex 0 0 0
      vertex 6.5625 23.095346715328475 0
      vertex 6.5625 0 0
    endloop
  endfacet
  facet normal 0 0 -1
    outer loop
      vertex 0 0 0
      vertex 0 28.125 0
      vertex 5.566950464396285 23.85835913312694 0
    endloop
  endfacet
  facet normal 0 0 -1
    outer loop
      vertex 0 0 0
      vertex 5.566950464396285 23.85835913312694 0
      vertex 6.5625 23.095346715328475 0
    endloop
  endfacet
  facet normal 0 0 -1
    outer loop
      vertex 0 28.125 0
      vertex 6.5625 28.125 0
      vertex 5.566950464396285 23.85835913312694 0
    endloop
  endfacet
  facet normal 1 0 0
    outer loop
      vertex 6.5625 6.5625 1.6
      vertex 6.5625 21.5625 1.6
      vertex 6.5625 6.5625 6.005
    endloop
  endfacet
  facet normal 1 0 0
    outer loop
      vertex 6.5625 21.5625 1.6
      vertex 6.5625 21.5625 6.005
      vertex 6.5625 6.5625 6.005
    endloop
  endfacet
  facet normal 1 0 0
    outer loop
      vertex 6.5625 6.5625 8
      vertex 6.5625 6.5625 6.01
      vertex 6.5625 21.5625 6.01
    endloop
  endfacet
  facet normal 1 0 0
    outer loop
      vertex 6.5625 6.5625 8
      vertex 6.5625 21.5625 6.01
      vertex 6.5625 21.5625 8
    endloop
  endfacet
  facet normal 0 0 1
    outer loop
      vertex 0 0 10
      vertex 6.5625 0 10
      vertex 5.320945945945944 5.320945945945944 10
    endloop
  endfacet
  facet normal 0 0 1
    outer loop
      vertex 0 0 10
      vertex 6.5625 28.125 10
      vertex 0 21.5625 10
    endloop
  endfacet
  facet normal 0 0 1
    outer loop
      vertex 0 0 10
      vertex 5.320945945945944 5.320945945945944 10
      vertex 6.5625 28.125 10
    endloop
  endfacet
  facet normal 0 0 1
    outer loop
      vertex 5.320945945945944 5.320945945945944 10
      vertex 6.5625 6.5625 10
      vertex 6.5625 28.125 10
    endloop
  endfacet
  facet normal 0 0 1
    outer loop
      vertex 0 21.5625 10
      vertex 6.5625 28.125 10
      vertex 0 28.125 10
    endloop
  endfacet
  facet normal 0 0 -1
    outer loop
      vertex 0 -56.25 0
      vertex 6.5625 -33.15465328467153 0
      vertex 6.5625 -56.25 0
    endloop
  endfacet
  facet normal 0 0 -1
    outer loop
      vertex 0 -56.25 0
      vertex 0 -28.125 0
      vertex 5.566950464396285 -32.39164086687306 0
    endloop
  endfacet
  facet normal 0 0 -1
    outer loop
      vertex 0 -56.25 0
      vertex 5.566950464396285 -32.39164086687306 0
      vertex 6.5625 -33.15465328467153 0
    endloop
  endfacet
  facet normal 1 0 0
    outer loop
      vertex 6.5625 -49.6875 1.6
      vertex 6.5625 -34.6875 1.6
      vertex 6.5625 -49.6875 6.005
    endloop
  endfacet
  facet normal 1 0 0
    outer loop
      vertex 6.5625 -34.6875 1.6
      vertex 6.5625 -34.6875 6.005
      vertex 6.5625 -49.6875 6.005
    endloop
  endfacet
  facet normal 0 0 -1
    outer loop
      vertex 0 -28.125 0
      vertex 6.5625 -28.125 0
      vertex 5.566950464396285 -32.39164086687306 0
    endloop
  endfacet
  facet normal 1 0 0
    outer loop
      vertex 6.5625 -49.6875 8
      vertex 6.5625 -49.6875 6.01
      vertex 6.5625 -34.6875 6.01
    endloop
  endfacet
  facet normal 1 0 0
    outer loop
      vertex 6.5625 -49.6875 8
      vertex 6.5625 -34.6875 6.01
      vertex 6.5625 -34.6875 8
    endloop
  endfacet
  facet normal 0 0 1
    outer loop
      vertex 0 -56.25 10
      vertex 6.5625 -56.25 10
      vertex 5.320945945945944 -50.929054054054056 10
    endloop
  endfacet
  facet normal 0 0 1
    outer loop
      vertex 0 -56.25 10
      vertex 6.5625 -28.125 10
      vertex 0 -34.6875 10
    endloop
  endfacet
  facet normal 0 0 1
    outer loop
      vertex 0 -56.25 10
      vertex 5.320945945945944 -50.929054054054056 10
      vertex 6.5625 -28.125 10
    endloop
  endfacet
  facet normal 0 0 1
    outer loop
      vertex 5.320945945945944 -50.929054054054056 10
      vertex 6.5625 -49.6875 10
      vertex 6.5625 -28.125 10
    endloop
  endfacet
  facet normal 0 0 1
    outer loop
      vertex 0 -34.6875 10
      vertex 6.5625 -28.125 10
      vertex 0 -28.125 10
    endloop
  endfacet
  facet normal 0 0 -1
    outer loop
      vertex 0 28.125 0
      vertex 6.5625 51.220346715328475 0
      vertex 6.5625 28.125 0
    endloop
  endfacet
  facet normal 0 0 -1
    outer loop
      vertex 0 28.125 0
      vertex 0 56.25 0
      vertex 5.566950464396285 51.98335913312694 0
    endloop
  endfacet
  facet normal 0 0 -1
    outer loop
      vertex 0 28.125 0
      vertex 5.566950464396285 51.98335913312694 0
      vertex 6.5625 51.220346715328475 0
    endloop
  endfacet
  facet normal 0 0 -1
    outer loop
      vertex 0 56.25 0
      vertex 6.5625 56.25 0
      vertex 5.566950464396285 51.98335913312694 0
    endloop
  endfacet
  facet normal 0 1 0
    outer loop
      vertex 0 56.25 0
      vertex 3.6022219116825056 56.25 4.510899944102851
      vertex 6.5625 56.25 0
    endloop
  endfacet
  facet normal 0 1 0
    outer loop
      vertex 0 56.25 0
      vertex 0 56.25 6.005
      vertex 3.6022219116825056 56.25 4.510899944102851
    endloop
  endfacet
  facet normal 1 0 0
    outer loop
      vertex 6.5625 34.6875 1.6
      vertex 6.5625 49.6875 1.6
      vertex 6.5625 34.6875 6.005
    endloop
  endfacet
  facet normal 1 0 0
    outer loop
      vertex 6.5625 49.6875 1.6
      vertex 6.5625 49.6875 6.005
      vertex 6.5625 34.6875 6.005
    endloop
  endfacet
  facet normal 0 0 1
    outer loop
      vertex 0 28.125 10
      vertex 6.5625 28.125 10
      vertex 5.320945945945944 33.44594594594595 10
    endloop
  endfacet
  facet normal 0 1 0
    outer loop
      vertex 0 56.25 6.005
      vertex 4.79534967472119 56.25 6.005
      vertex 3.6022219116825056 56.25 4.510899944102851
    endloop
  endfacet
  facet normal 0 1 0
    outer loop
      vertex 6.5625 56.25 8.217922606924644
      vertex 4.79934247211896 56.25 6.01
      vertex 0 56.25 6.01
    endloop
  endfacet
  facet normal 1 0 0
    outer loop
      vertex 6.5625 34.6875 8
      vertex 6.5625 34.6875 6.01
      vertex 6.5625 49.6875 6.01
    endloop
  endfacet
  facet normal 1 0 0
    outer loop
      vertex 6.5625 34.6875 8
      vertex 6.5625 49.6875 6.01
      vertex 6.5625 49.6875 8
    endloop
  endfacet
  facet normal 0 1 0
    outer loop
      vertex 6.5625 56.25 8.217922606924644
      vertex 0 56.25 6.01
      vertex 6.5625 56.25 10
    endloop
  endfacet
  facet normal 0 1 0
    outer loop
      vertex 0 56.25 10
      vertex 6.5625 56.25 10
      vertex 0 56.25 6.01
    endloop
  endfacet
  facet normal 0 0 1
    outer loop
      vertex 0 28.125 10
      vertex 6.5625 56.25 10
      vertex 0 49.6875 10
    endloop
  endfacet
  facet normal 0 0 1
    outer loop
      vertex 0 28.125 10
      vertex 5.320945945945944 33.44594594594595 10
      vertex 6.5625 56.25 10
    endloop
  endfacet
  facet normal 0 0 1
    outer loop
      vertex 0 49.6875 10
      vertex 6.5625 56.25 10
      vertex 0 56.25 10
    endloop
  endfacet
  facet normal 0 0 1
    outer loop
      vertex 5.320945945945944 33.44594594594595 10
      vertex 6.5625 34.6875 10
      vertex 6.5625 56.25 10
    endloop
  endfacet
  facet normal 0 0 -1
    outer loop
      vertex 0 -28.125 0
      vertex 6.5625 -5.029653284671532 0
      vertex 6.5625 -28.125 0
    endloop
  endfacet
  facet normal 0 0 -1
    outer loop
      vertex 0 -28.125 0
      vertex 0 0 0
      vertex 5.566950464396285 -4.266640866873061 0
    endloop
  endfacet
  facet normal 0 0 -1
    outer loop
      vertex 0 -28.125 0
      vertex 5.566950464396285 -4.266640866873061 0
      vertex 6.5625 -5.029653284671532 0
    endloop
  endfacet
  facet normal 0 0 -1
    outer loop
      vertex 5.566950464396285 -4.266640866873061 0
      vertex 0 0 0
      vertex 6.5625 0 0
    endloop
  endfacet
  facet normal 1 0 0
    outer loop
      vertex 6.5625 -21.5625 1.6
      vertex 6.5625 -6.5625 1.6
      vertex 6.5625 -21.5625 6.005
    endloop
  endfacet
  facet normal 1 0 0
    outer loop
      vertex 6.5625 -6.5625 1.6
      vertex 6.5625 -6.5625 6.005
      vertex 6.5625 -21.5625 6.005
    endloop
  endfacet
  facet normal 1 0 0
    outer loop
      vertex 6.5625 -21.5625 8
      vertex 6.5625 -21.5625 6.01
      vertex 6.5625 -6.5625 6.01
    endloop
  endfacet
  facet normal 1 0 0
    outer loop
      vertex 6.5625 -21.5625 8
      vertex 6.5625 -6.5625 6.01
      vertex 6.5625 -6.5625 8
    endloop
  endfacet
  facet normal 0 0 1
    outer loop
      vertex 0 -28.125 10
      vertex 6.5625 -28.125 10
      vertex 5.320945945945944 -22.804054054054056 10
    endloop
  endfacet
  facet normal 0 0 1
    outer loop
      vertex 0 -28.125 10
      vertex 6.5625 0 10
      vertex 0 -6.5625 10
    endloop
  endfacet
  facet normal 0 0 1
    outer loop
      vertex 0 -28.125 10
      vertex 5.320945945945944 -22.804054054054056 10
      vertex 6.5625 0 10
    endloop
  endfacet
  facet normal 0 0 1
    outer loop
      vertex 0 -6.5625 10
      vertex 6.5625 0 10
      vertex 0 0 10
    endloop
  endfacet
  facet normal 0 0 1
    outer loop
      vertex 5.320945945945944 -22.804054054054056 10
      vertex 6.5625 -21.5625 10
      vertex 6.5625 0 10
    endloop
  endfacet
  facet normal 0 0 -1
    outer loop
      vertex -36.825 -28.125 0
      vertex -30.262500000000003 -5.029653284671532 0
      vertex -30.262500000000003 -28.125 0
    endloop
  endfacet
  facet normal 0 0 -1
    outer loop
      vertex -36.825 -28.125 0
      vertex -36.825 0 0
      vertex -31.258049535603718 -4.266640866873061 0
    endloop
  endfacet
  facet normal 0 0 -1
    outer loop
      vertex -36.825 -28.125 0
      vertex -31.258049535603718 -4.266640866873061 0
      vertex -30.262500000000003 -5.029653284671532 0
    endloop
  endfacet
  facet normal 0 0 -1
    outer loop
      vertex -31.258049535603718 -4.266640866873061 0
      vertex -36.825 0 0
      vertex -30.262500000000003 0 0
    endloop
  endfacet
  facet normal 1 0 0
    outer loop
      vertex -30.262500000000003 -21.5625 1.6
      vertex -30.262500000000003 -6.5625 1.6
      vertex -30.262500000000003 -21.5625 6.005
    endloop
  endfacet
  facet normal 1 0 0
    outer loop
      vertex -30.262500000000003 -6.5625 1.6
      vertex -30.262500000000003 -6.5625 6.005
      vertex -30.262500000000003 -21.5625 6.005
    endloop
  endfacet
  facet normal 1 0 0
    outer loop
      vertex -30.262500000000003 -21.5625 8
      vertex -30.262500000000003 -21.5625 6.01
      vertex -30.262500000000003 -6.5625 6.01
    endloop
  endfacet
  facet normal 1 0 0
    outer loop
      vertex -30.262500000000003 -21.5625 8
      vertex -30.262500000000003 -6.5625 6.01
      vertex -30.262500000000003 -6.5625 8
    endloop
  endfacet
  facet normal 0 0 1
    outer loop
      vertex -30.262500000000003 -28.125 10
      vertex -31.50405405405406 -22.804054054054056 10
      vertex -34.8 -28.125 10
    endloop
  endfacet
  facet normal 0 0 1
    outer loop
      vertex -36.825 -28.125 10
      vertex -35.9 -28.125 10
      vertex -35.9 0 10
    endloop
  endfacet
  facet normal 0 0 1
    outer loop
      vertex -36.825 -28.125 10
      vertex -35.9 0 10
      vertex -36.825 0 10
    endloop
  endfacet
  facet normal 0 0 1
    outer loop
      vertex -31.50405405405406 -22.804054054054056 10
      vertex -30.262500000000003 0 10
      vertex -34.8 -28.125 10
    endloop
  endfacet
  facet normal 0 0 1
    outer loop
      vertex -31.50405405405406 -22.804054054054056 10
      vertex -30.262500000000003 -21.5625 10
      vertex -30.262500000000003 0 10
    endloop
  endfacet
  facet normal 0 0 1
    outer loop
      vertex -30.262500000000003 0 10
      vertex -34.8 0 10
      vertex -34.8 -28.125 10
    endloop
  endfacet
  facet normal 0 0 -1
    outer loop
      vertex -36.825 0 0
      vertex -30.262500000000003 23.095346715328475 0
      vertex -30.262500000000003 0 0
    endloop
  endfacet
  facet normal 0 0 -1
    outer loop
      vertex -36.825 0 0
      vertex -36.825 28.125 0
      vertex -31.258049535603718 23.85835913312694 0
    endloop
  endfacet
  facet normal 0 0 -1
    outer loop
      vertex -36.825 0 0
      vertex -31.258049535603718 23.85835913312694 0
      vertex -30.262500000000003 23.095346715328475 0
    endloop
  endfacet
  facet normal 0 0 -1
    outer loop
      vertex -36.825 28.125 0
      vertex -30.262500000000003 28.125 0
      vertex -31.258049535603718 23.85835913312694 0
    endloop
  endfacet
  facet normal 1 0 0
    outer loop
      vertex -30.262500000000003 6.5625 1.6
      vertex -30.262500000000003 21.5625 1.6
      vertex -30.262500000000003 6.5625 6.005
    endloop
  endfacet
  facet normal 1 0 0
    outer loop
      vertex -30.262500000000003 21.5625 1.6
      vertex -30.262500000000003 21.5625 6.005
      vertex -30.262500000000003 6.5625 6.005
    endloop
  endfacet
  facet normal 1 0 0
    outer loop
      vertex -30.262500000000003 6.5625 8
      vertex -30.262500000000003 6.5625 6.01
      vertex -30.262500000000003 21.5625 6.01
    endloop
  endfacet
  facet normal 1 0 0
    outer loop
      vertex -30.262500000000003 6.5625 8
      vertex -30.262500000000003 21.5625 6.01
      vertex -30.262500000000003 21.5625 8
    endloop
  endfacet
  facet normal 0 0 1
    outer loop
      vertex -36.825 0 10
      vertex -35.9 0 10
      vertex -35.9 28.125 10
    endloop
  endfacet
  facet normal 0 0 1
    outer loop
      vertex -36.825 0 10
      vertex -35.9 28.125 10
      vertex -36.825 28.125 10
    endloop
  endfacet
  facet normal 0 0 1
    outer loop
      vertex -30.262500000000003 0 10
      vertex -31.50405405405406 5.320945945945944 10
      vertex -34.8 0 10
    endloop
  endfacet
  facet normal 0 0 1
    outer loop
      vertex -30.262500000000003 28.125 10
      vertex -34.8 28.125 10
      vertex -34.8 0 10
    endloop
  endfacet
  facet normal 0 0 1
    outer loop
      vertex -31.50405405405406 5.320945945945944 10
      vertex -30.262500000000003 28.125 10
      vertex -34.8 0 10
    endloop
  endfacet
  facet normal 0 0 1
    outer loop
      vertex -31.50405405405406 5.320945945945944 10
      vertex -30.262500000000003 6.5625 10
      vertex -30.262500000000003 28.125 10
    endloop
  endfacet
  facet normal 0 0 -1
    outer loop
      vertex -6.5625 33.154653284671525 0
      vertex -6.5625 44.65100364963503 0
      vertex 0 28.125 0
    endloop
  endfacet
  facet normal -1 0 0
    outer loop
      vertex -6.5625 34.6875 1.6
      vertex -6.5625 49.6875 6.005
      vertex -6.5625 49.6875 1.6
    endloop
  endfacet
  facet normal -1 0 0
    outer loop
      vertex -6.5625 34.6875 1.6
      vertex -6.5625 34.6875 6.005
      vertex -6.5625 49.6875 6.005
    endloop
  endfacet
  facet normal 0 0 1
    outer loop
      vertex -1.53125 34.6875 10
      vertex 0 28.125 10
      vertex 0 49.6875 10
    endloop
  endfacet
  facet normal -1 0 0
    outer loop
      vertex -6.5625 49.6875 8
      vertex -6.5625 49.6875 6.01
      vertex -6.5625 34.6875 6.01
    endloop
  endfacet
  facet normal -1 0 0
    outer loop
      vertex -6.5625 34.6875 8
      vertex -6.5625 49.6875 8
      vertex -6.5625 34.6875 6.01
    endloop
  endfacet
  facet normal 0 0 1
    outer loop
      vertex -6.5625 34.6875 10
      vertex -1.53125 34.6875 10
      vertex -6.5625 49.6875 10
    endloop
  endfacet
  facet normal 0 0 1
    outer loop
      vertex -1.53125 34.6875 10
      vertex -5.249535151407827 50.623007791747824 10
      vertex -6.5625 49.6875 10
    endloop
  endfacet
  facet normal 0 0 1
    outer loop
      vertex -1.53125 34.6875 10
      vertex 0 49.6875 10
      vertex -5.249535151407827 50.623007791747824 10
    endloop
  endfacet
  facet normal 0 0 -1
    outer loop
      vertex -6.5625 -51.22034671532847 0
      vertex -6.5625 -39.72399635036497 0
      vertex 0 -56.25 0
    endloop
  endfacet
  facet normal -1 0 0
    outer loop
      vertex -6.5625 -49.6875 1.6
      vertex -6.5625 -34.6875 6.005
      vertex -6.5625 -34.6875 1.6
    endloop
  endfacet
  facet normal -1 0 0
    outer loop
      vertex -6.5625 -49.6875 1.6
      vertex -6.5625 -49.6875 6.005
      vertex -6.5625 -34.6875 6.005
    endloop
  endfacet
  facet normal -1 0 0
    outer loop
      vertex -6.5625 -34.6875 8
      vertex -6.5625 -34.6875 6.01
      vertex -6.5625 -49.6875 6.01
    endloop
  endfacet
  facet normal -1 0 0
    outer loop
      vertex -6.5625 -49.6875 8
      vertex -6.5625 -34.6875 8
      vertex -6.5625 -49.6875 6.01
    endloop
  endfacet
  facet normal 0 0 1
    outer loop
      vertex -6.5625 -49.6875 10
      vertex -1.53125 -49.6875 10
      vertex -6.5625 -34.6875 10
    endloop
  endfacet
  facet normal 0 0 1
    outer loop
      vertex -1.53125 -49.6875 10
      vertex -5.249535151407827 -33.75199220825217 10
      vertex -6.5625 -34.6875 10
    endloop
  endfacet
  facet normal 0 0 1
    outer loop
      vertex -1.53125 -49.6875 10
      vertex 0 -56.25 10
      vertex 0 -34.6875 10
    endloop
  endfacet
  facet normal 0 0 1
    outer loop
      vertex -1.53125 -49.6875 10
      vertex 0 -34.6875 10
      vertex -5.249535151407827 -33.75199220825217 10
    endloop
  endfacet
  facet normal 0 0 -1
    outer loop
      vertex 30.262500000000003 5.029653284671532 0
      vertex 30.262500000000003 16.52600364963503 0
      vertex 36.825 0 0
    endloop
  endfacet
  facet normal -1 0 0
    outer loop
      vertex 30.262500000000003 6.5625 1.6
      vertex 30.262500000000003 21.5625 6.005
      vertex 30.262500000000003 21.5625 1.6
    endloop
  endfacet
  facet normal -1 0 0
    outer loop
      vertex 30.262500000000003 6.5625 1.6
      vertex 30.262500000000003 6.5625 6.005
      vertex 30.262500000000003 21.5625 6.005
    endloop
  endfacet
  facet normal 1 0 0
    outer loop
      vertex 36.825 6.5625 1.6
      vertex 36.825 21.5625 1.6
      vertex 36.825 0 10
    endloop
  endfacet
  facet normal -1 0 0
    outer loop
      vertex 30.262500000000003 21.5625 8
      vertex 30.262500000000003 21.5625 6.01
      vertex 30.262500000000003 6.5625 6.01
    endloop
  endfacet
  facet normal -1 0 0
    outer loop
      vertex 30.262500000000003 6.5625 8
      vertex 30.262500000000003 21.5625 8
      vertex 30.262500000000003 6.5625 6.01
    endloop
  endfacet
  facet normal 1 0 0
    outer loop
      vertex 36.825 21.5625 1.6
      vertex 36.825 21.5625 10
      vertex 36.825 0 10
    endloop
  endfacet
  facet normal 0 0 1
    outer loop
      vertex 30.262500000000003 6.5625 10
      vertex 34.8 21.923370672097757 10
      vertex 30.262500000000003 21.5625 10
    endloop
  endfacet
  facet normal 0 0 1
    outer loop
      vertex 30.262500000000003 6.5625 10
      vertex 34.8 6.5625 10
      vertex 34.8 21.923370672097757 10
    endloop
  endfacet
  facet normal 0 0 1
    outer loop
      vertex 36.825 0 10
      vertex 36.825 21.5625 10
      vertex 35.9 3.9642857142857326 10
    endloop
  endfacet
  facet normal 0 0 1
    outer loop
      vertex 36.825 21.5625 10
      vertex 35.9 21.72734215885947 10
      vertex 35.9 3.9642857142857326 10
    endloop
  endfacet
  facet normal 0 0 1
    outer loop
      vertex 30.262500000000003 21.5625 10
      vertex 34.8 21.923370672097757 10
      vertex 31.575464848592176 22.498007791747824 10
    endloop
  endfacet
  facet normal 0 0 -1
    outer loop
      vertex 30.262500000000003 -51.22034671532847 0
      vertex 30.262500000000003 -39.72399635036497 0
      vertex 36.825 -56.25 0
    endloop
  endfacet
  facet normal -1 0 0
    outer loop
      vertex 30.262500000000003 -49.6875 1.6
      vertex 30.262500000000003 -34.6875 6.005
      vertex 30.262500000000003 -34.6875 1.6
    endloop
  endfacet
  facet normal -1 0 0
    outer loop
      vertex 30.262500000000003 -49.6875 1.6
      vertex 30.262500000000003 -49.6875 6.005
      vertex 30.262500000000003 -34.6875 6.005
    endloop
  endfacet
  facet normal 1 0 0
    outer loop
      vertex 36.825 -49.6875 1.6
      vertex 36.825 -34.6875 1.6
      vertex 36.825 -56.25 10
    endloop
  endfacet
  facet normal -1 0 0
    outer loop
      vertex 30.262500000000003 -34.6875 8
      vertex 30.262500000000003 -34.6875 6.01
      vertex 30.262500000000003 -49.6875 6.01
    endloop
  endfacet
  facet normal -1 0 0
    outer loop
      vertex 30.262500000000003 -49.6875 8
      vertex 30.262500000000003 -34.6875 8
      vertex 30.262500000000003 -49.6875 6.01
    endloop
  endfacet
  facet normal 1 0 0
    outer loop
      vertex 36.825 -34.6875 1.6
      vertex 36.825 -34.6875 10
      vertex 36.825 -56.25 10
    endloop
  endfacet
  facet normal 0 0 1
    outer loop
      vertex 30.262500000000003 -49.6875 10
      vertex 34.8 -34.32662932790224 10
      vertex 30.262500000000003 -34.6875 10
    endloop
  endfacet
  facet normal 0 0 1
    outer loop
      vertex 30.262500000000003 -49.6875 10
      vertex 34.8 -49.6875 10
      vertex 34.8 -34.32662932790224 10
    endloop
  endfacet
  facet normal 0 0 1
    outer loop
      vertex 36.825 -56.25 10
      vertex 36.825 -34.6875 10
      vertex 35.9 -52.28571428571427 10
    endloop
  endfacet
  facet normal 0 0 1
    outer loop
      vertex 36.825 -34.6875 10
      vertex 35.9 -34.52265784114053 10
      vertex 35.9 -52.28571428571427 10
    endloop
  endfacet
  facet normal 0 0 1
    outer loop
      vertex 30.262500000000003 -34.6875 10
      vertex 34.8 -34.32662932790224 10
      vertex 31.575464848592176 -33.75199220825217 10
    endloop
  endfacet
  facet normal 0 0 -1
    outer loop
      vertex 30.262500000000003 33.154653284671525 0
      vertex 30.262500000000003 44.65100364963503 0
      vertex 36.825 28.125 0
    endloop
  endfacet
  facet normal 1 0 0
    outer loop
      vertex 36.825 34.6875 1.6
      vertex 36.825 49.6875 1.6
      vertex 36.825 28.125 10
    endloop
  endfacet
  facet normal -1 0 0
    outer loop
      vertex 30.262500000000003 34.6875 1.6
      vertex 30.262500000000003 49.6875 6.005
      vertex 30.262500000000003 49.6875 1.6
    endloop
  endfacet
  facet normal -1 0 0
    outer loop
      vertex 30.262500000000003 34.6875 1.6
      vertex 30.262500000000003 34.6875 6.005
      vertex 30.262500000000003 49.6875 6.005
    endloop
  endfacet
  facet normal 0 0 1
    outer loop
      vertex 36.825 28.125 10
      vertex 36.825 49.6875 10
      vertex 35.9 32.08928571428573 10
    endloop
  endfacet
  facet normal -1 0 0
    outer loop
      vertex 30.262500000000003 49.6875 8
      vertex 30.262500000000003 49.6875 6.01
      vertex 30.262500000000003 34.6875 6.01
    endloop
  endfacet
  facet normal -1 0 0
    outer loop
      vertex 30.262500000000003 34.6875 8
      vertex 30.262500000000003 49.6875 8
      vertex 30.262500000000003 34.6875 6.01
    endloop
  endfacet
  facet normal 1 0 0
    outer loop
      vertex 36.825 49.6875 1.6
      vertex 36.825 49.6875 10
      vertex 36.825 28.125 10
    endloop
  endfacet
  facet normal 0 0 1
    outer loop
      vertex 30.262500000000003 34.6875 10
      vertex 34.8 50.04837067209776 10
      vertex 30.262500000000003 49.6875 10
    endloop
  endfacet
  facet normal 0 0 1
    outer loop
      vertex 30.262500000000003 34.6875 10
      vertex 34.8 34.6875 10
      vertex 34.8 50.04837067209776 10
    endloop
  endfacet
  facet normal 0 0 1
    outer loop
      vertex 30.262500000000003 49.6875 10
      vertex 34.8 50.04837067209776 10
      vertex 31.575464848592176 50.623007791747824 10
    endloop
  endfacet
  facet normal 0 0 1
    outer loop
      vertex 36.825 49.6875 10
      vertex 35.9 49.85234215885947 10
      vertex 35.9 32.08928571428573 10
    endloop
  endfacet
  facet normal 0 0 -1
    outer loop
      vertex 30.262500000000003 -23.095346715328468 0
      vertex 30.262500000000003 -11.59899635036497 0
      vertex 36.825 -28.125 0
    endloop
  endfacet
  facet normal -1 0 0
    outer loop
      vertex 30.262500000000003 -21.5625 1.6
      vertex 30.262500000000003 -6.5625 6.005
      vertex 30.262500000000003 -6.5625 1.6
    endloop
  endfacet
  facet normal -1 0 0
    outer loop
      vertex 30.262500000000003 -21.5625 1.6
      vertex 30.262500000000003 -21.5625 6.005
      vertex 30.262500000000003 -6.5625 6.005
    endloop
  endfacet
  facet normal 1 0 0
    outer loop
      vertex 36.825 -21.5625 1.6
      vertex 36.825 -6.5625 1.6
      vertex 36.825 -28.125 10
    endloop
  endfacet
  facet normal -1 0 0
    outer loop
      vertex 30.262500000000003 -6.5625 8
      vertex 30.262500000000003 -6.5625 6.01
      vertex 30.262500000000003 -21.5625 6.01
    endloop
  endfacet
  facet normal -1 0 0
    outer loop
      vertex 30.262500000000003 -21.5625 8
      vertex 30.262500000000003 -6.5625 8
      vertex 30.262500000000003 -21.5625 6.01
    endloop
  endfacet
  facet normal 1 0 0
    outer loop
      vertex 36.825 -6.5625 1.6
      vertex 36.825 -6.5625 10
      vertex 36.825 -28.125 10
    endloop
  endfacet
  facet normal 0 0 1
    outer loop
      vertex 36.825 -28.125 10
      vertex 36.825 -6.5625 10
      vertex 35.9 -24.160714285714267 10
    endloop
  endfacet
  facet normal 0 0 1
    outer loop
      vertex 30.262500000000003 -21.5625 10
      vertex 34.8 -6.201629327902239 10
      vertex 30.262500000000003 -6.5625 10
    endloop
  endfacet
  facet normal 0 0 1
    outer loop
      vertex 30.262500000000003 -21.5625 10
      vertex 34.8 -21.5625 10
      vertex 34.8 -6.201629327902239 10
    endloop
  endfacet
  facet normal 0 0 1
    outer loop
      vertex 30.262500000000003 -6.5625 10
      vertex 34.8 -6.201629327902239 10
      vertex 31.575464848592176 -5.626992208252169 10
    endloop
  endfacet
  facet normal 0 0 1
    outer loop
      vertex 36.825 -6.5625 10
      vertex 35.9 -6.3976578411405285 10
      vertex 35.9 -24.160714285714267 10
    endloop
  endfacet
  facet normal 0 0 -1
    outer loop
      vertex -6.5625 -23.095346715328468 0
      vertex -6.5625 -11.59899635036497 0
      vertex 0 -28.125 0
    endloop
  endfacet
  facet normal -1 0 0
    outer loop
      vertex -6.5625 -21.5625 1.6
      vertex -6.5625 -6.5625 6.005
      vertex -6.5625 -6.5625 1.6
    endloop
  endfacet
  facet normal -1 0 0
    outer loop
      vertex -6.5625 -21.5625 1.6
      vertex -6.5625 -21.5625 6.005
      vertex -6.5625 -6.5625 6.005
    endloop
  endfacet
  facet normal -1 0 0
    outer loop
      vertex -6.5625 -6.5625 8
      vertex -6.5625 -6.5625 6.01
      vertex -6.5625 -21.5625 6.01
    endloop
  endfacet
  facet normal -1 0 0
    outer loop
      vertex -6.5625 -21.5625 8
      vertex -6.5625 -6.5625 8
      vertex -6.5625 -21.5625 6.01
    endloop
  endfacet
  facet normal 0 0 1
    outer loop
      vertex -6.5625 -21.5625 10
      vertex -1.53125 -21.5625 10
      vertex -6.5625 -6.5625 10
    endloop
  endfacet
  facet normal 0 0 1
    outer loop
      vertex -1.53125 -21.5625 10
      vertex -5.249535151407827 -5.626992208252169 10
      vertex -6.5625 -6.5625 10
    endloop
  endfacet
  facet normal 0 0 1
    outer loop
      vertex -1.53125 -21.5625 10
      vertex 0 -28.125 10
      vertex 0 -6.5625 10
    endloop
  endfacet
  facet normal 0 0 1
    outer loop
      vertex -1.53125 -21.5625 10
      vertex 0 -6.5625 10
      vertex -5.249535151407827 -5.626992208252169 10
    endloop
  endfacet
  facet normal 0 0 -1
    outer loop
      vertex -6.5625 5.029653284671532 0
      vertex -6.5625 16.52600364963503 0
      vertex 0 0 0
    endloop
  endfacet
  facet normal -1 0 0
    outer loop
      vertex -6.5625 6.5625 1.6
      vertex -6.5625 21.5625 6.005
      vertex -6.5625 21.5625 1.6
    endloop
  endfacet
  facet normal -1 0 0
    outer loop
      vertex -6.5625 6.5625 1.6
      vertex -6.5625 6.5625 6.005
      vertex -6.5625 21.5625 6.005
    endloop
  endfacet
  facet normal -1 0 0
    outer loop
      vertex -6.5625 21.5625 8
      vertex -6.5625 21.5625 6.01
      vertex -6.5625 6.5625 6.01
    endloop
  endfacet
  facet normal -1 0 0
    outer loop
      vertex -6.5625 6.5625 8
      vertex -6.5625 21.5625 8
      vertex -6.5625 6.5625 6.01
    endloop
  endfacet
  facet normal 0 0 1
    outer loop
      vertex -1.53125 6.5625 10
      vertex 0 0 10
      vertex 0 21.5625 10
    endloop
  endfacet
  facet normal 0 0 1
    outer loop
      vertex -6.5625 6.5625 10
      vertex -1.53125 6.5625 10
      vertex -6.5625 21.5625 10
    endloop
  endfacet
  facet normal 0 0 1
    outer loop
      vertex -1.53125 6.5625 10
      vertex -5.249535151407827 22.498007791747824 10
      vertex -6.5625 21.5625 10
    endloop
  endfacet
  facet normal 0 0 1
    outer loop
      vertex -1.53125 6.5625 10
      vertex 0 21.5625 10
      vertex -5.249535151407827 22.498007791747824 10
    endloop
  endfacet
  facet normal 0 0 1
    outer loop
      vertex -30.262500000000003 34.6875 10
      vertex -29.795833333333334 49.6875 10
      vertex -30.262500000000003 56.25 10
    endloop
  endfacet
  facet normal 0.7071067811865475 0 -0.7071067811865475
    outer loop
      vertex -30.262500000000003 34.6875 8
      vertex -30.262500000000003 49.6875 8
      vertex -28.262500000000003 34.6875 10
    endloop
  endfacet
  facet normal 0 1 0
    outer loop
      vertex -30.262500000000003 56.25 8
      vertex -30.262500000000003 56.25 8.217922606924644
      vertex -28.262500000000003 56.25 10
    endloop
  endfacet
  facet normal 0.7071067811865475 0 -0.7071067811865475
    outer loop
      vertex -28.262500000000003 34.6875 10
      vertex -30.262500000000003 49.6875 8
      vertex -28.262500000000003 49.6875 10
    endloop
  endfacet
  facet normal 0 0 1
    outer loop
      vertex -30.262500000000003 34.6875 10
      vertex -28.705151377429733 34.34978499510558 10
      vertex -29.795833333333334 49.6875 10
    endloop
  endfacet
  facet normal 0 0 1
    outer loop
      vertex -28.705151377429733 34.34978499510558 10
      vertex -28.262500000000003 34.6875 10
      vertex -29.795833333333334 49.6875 10
    endloop
  endfacet
  facet normal 0 0 1
    outer loop
      vertex -28.262500000000003 34.6875 10
      vertex -28.262500000000003 49.6875 10
      vertex -29.795833333333334 49.6875 10
    endloop
  endfacet
  facet normal 0 1 0
    outer loop
      vertex -30.262500000000003 56.25 8.217922606924644
      vertex -30.262500000000003 56.25 10
      vertex -28.262500000000003 56.25 10
    endloop
  endfacet
  facet normal 0 0 1
    outer loop
      vertex -30.262500000000003 56.25 10
      vertex -28.262500000000003 55.80007395226329 10
      vertex -28.262500000000003 56.25 10
    endloop
  endfacet
  facet normal 0.7071067811865475 0 -0.7071067811865475
    outer loop
      vertex -30.262500000000003 -49.6875 8
      vertex -30.262500000000003 -34.6875 8
      vertex -28.262500000000003 -49.6875 10
    endloop
  endfacet
  facet normal 0.7071067811865475 0 -0.7071067811865475
    outer loop
      vertex -28.262500000000003 -49.6875 10
      vertex -30.262500000000003 -34.6875 8
      vertex -28.262500000000003 -34.6875 10
    endloop
  endfacet
  facet normal 0 0 1
    outer loop
      vertex -30.262500000000003 -49.6875 10
      vertex -28.705151377429733 -50.02521500489442 10
      vertex -29.795833333333334 -34.6875 10
    endloop
  endfacet
  facet normal 0 0 1
    outer loop
      vertex -28.705151377429733 -50.02521500489442 10
      vertex -28.262500000000003 -49.6875 10
      vertex -29.795833333333334 -34.6875 10
    endloop
  endfacet
  facet normal 0 0 1
    outer loop
      vertex -28.262500000000003 -49.6875 10
      vertex -28.262500000000003 -34.6875 10
      vertex -29.795833333333334 -34.6875 10
    endloop
  endfacet
  facet normal 0 0 1
    outer loop
      vertex -30.262500000000003 -49.6875 10
      vertex -29.795833333333334 -34.6875 10
      vertex -30.262500000000003 -28.125 10
    endloop
  endfacet
  facet normal 0 0 1
    outer loop
      vertex -30.262500000000003 -28.125 10
      vertex -28.262500000000003 -28.57492604773671 10
      vertex -28.262500000000003 -28.125 10
    endloop
  endfacet
  facet normal 0.7071067811865475 0 -0.7071067811865475
    outer loop
      vertex 6.5625 6.5625 8
      vertex 6.5625 21.5625 8
      vertex 8.5625 6.5625 10
    endloop
  endfacet
  facet normal 0.7071067811865475 0 -0.7071067811865475
    outer loop
      vertex 8.5625 6.5625 10
      vertex 6.5625 21.5625 8
      vertex 8.5625 21.5625 10
    endloop
  endfacet
  facet normal 0 0 1
    outer loop
      vertex 6.5625 6.5625 10
      vertex 8.119848622570274 6.22478499510558 10
      vertex 7.029166666666669 21.5625 10
    endloop
  endfacet
  facet normal 0 0 1
    outer loop
      vertex 6.5625 6.5625 10
      vertex 7.029166666666669 21.5625 10
      vertex 6.5625 28.125 10
    endloop
  endfacet
  facet normal 0 0 1
    outer loop
      vertex 8.119848622570274 6.22478499510558 10
      vertex 8.5625 6.5625 10
      vertex 7.029166666666669 21.5625 10
    endloop
  endfacet
  facet normal 0 0 1
    outer loop
      vertex 8.5625 6.5625 10
      vertex 8.5625 21.5625 10
      vertex 7.029166666666669 21.5625 10
    endloop
  endfacet
  facet normal 0 0 1
    outer loop
      vertex 6.5625 28.125 10
      vertex 8.5625 27.67507395226329 10
      vertex 8.5625 28.125 10
    endloop
  endfacet
  facet normal 0.7071067811865475 0 -0.7071067811865475
    outer loop
      vertex 6.5625 -49.6875 8
      vertex 6.5625 -34.6875 8
      vertex 8.5625 -49.6875 10
    endloop
  endfacet
  facet normal 0.7071067811865475 0 -0.7071067811865475
    outer loop
      vertex 8.5625 -49.6875 10
      vertex 6.5625 -34.6875 8
      vertex 8.5625 -34.6875 10
    endloop
  endfacet
  facet normal 0 0 1
    outer loop
      vertex 6.5625 -49.6875 10
      vertex 8.119848622570274 -50.02521500489442 10
      vertex 7.029166666666669 -34.6875 10
    endloop
  endfacet
  facet normal 0 0 1
    outer loop
      vertex 8.119848622570274 -50.02521500489442 10
      vertex 8.5625 -49.6875 10
      vertex 7.029166666666669 -34.6875 10
    endloop
  endfacet
  facet normal 0 0 1
    outer loop
      vertex 8.5625 -49.6875 10
      vertex 8.5625 -34.6875 10
      vertex 7.029166666666669 -34.6875 10
    endloop
  endfacet
  facet normal 0 0 1
    outer loop
      vertex 6.5625 -49.6875 10
      vertex 7.029166666666669 -34.6875 10
      vertex 6.5625 -28.125 10
    endloop
  endfacet
  facet normal 0 0 1
    outer loop
      vertex 8.5625 -28.57492604773671 10
      vertex 8.5625 -28.125 10
      vertex 6.5625 -28.125 10
    endloop
  endfacet
  facet normal 0.7071067811865475 0 -0.7071067811865475
    outer loop
      vertex 6.5625 34.6875 8
      vertex 6.5625 49.6875 8
      vertex 8.5625 34.6875 10
    endloop
  endfacet
  facet normal 0 1 0
    outer loop
      vertex 6.5625 56.25 8
      vertex 6.5625 56.25 8.217922606924644
      vertex 8.5625 56.25 10
    endloop
  endfacet
  facet normal 0.7071067811865475 0 -0.7071067811865475
    outer loop
      vertex 8.5625 34.6875 10
      vertex 6.5625 49.6875 8
      vertex 8.5625 49.6875 10
    endloop
  endfacet
  facet normal 0 0 1
    outer loop
      vertex 6.5625 34.6875 10
      vertex 8.119848622570274 34.34978499510558 10
      vertex 7.029166666666669 49.6875 10
    endloop
  endfacet
  facet normal 0 0 1
    outer loop
      vertex 6.5625 34.6875 10
      vertex 7.029166666666669 49.6875 10
      vertex 6.5625 56.25 10
    endloop
  endfacet
  facet normal 0 0 1
    outer loop
      vertex 8.119848622570274 34.34978499510558 10
      vertex 8.5625 34.6875 10
      vertex 7.029166666666669 49.6875 10
    endloop
  endfacet
  facet normal 0 0 1
    outer loop
      vertex 8.5625 34.6875 10
      vertex 8.5625 49.6875 10
      vertex 7.029166666666669 49.6875 10
    endloop
  endfacet
  facet normal 0 1 0
    outer loop
      vertex 6.5625 56.25 8.217922606924644
      vertex 6.5625 56.25 10
      vertex 8.5625 56.25 10
    endloop
  endfacet
  facet normal 0 0 1
    outer loop
      vertex 6.5625 56.25 10
      vertex 8.5625 55.80007395226329 10
      vertex 8.5625 56.25 10
    endloop
  endfacet
  facet normal 0.7071067811865475 0 -0.7071067811865475
    outer loop
      vertex 6.5625 -21.5625 8
      vertex 6.5625 -6.5625 8
      vertex 8.5625 -21.5625 10
    endloop
  endfacet
  facet normal 0.7071067811865475 0 -0.7071067811865475
    outer loop
      vertex 8.5625 -21.5625 10
      vertex 6.5625 -6.5625 8
      vertex 8.5625 -6.5625 10
    endloop
  endfacet
  facet normal 0 0 1
    outer loop
      vertex 6.5625 -21.5625 10
      vertex 8.119848622570274 -21.90021500489442 10
      vertex 7.029166666666669 -6.5625 10
    endloop
  endfacet
  facet normal 0 0 1
    outer loop
      vertex 8.119848622570274 -21.90021500489442 10
      vertex 8.5625 -21.5625 10
      vertex 7.029166666666669 -6.5625 10
    endloop
  endfacet
  facet normal 0 0 1
    outer loop
      vertex 8.5625 -21.5625 10
      vertex 8.5625 -6.5625 10
      vertex 7.029166666666669 -6.5625 10
    endloop
  endfacet
  facet normal 0 0 1
    outer loop
      vertex 6.5625 -21.5625 10
      vertex 7.029166666666669 -6.5625 10
      vertex 6.5625 0 10
    endloop
  endfacet
  facet normal 0 0 1
    outer loop
      vertex 8.5625 -0.4499260477367102 10
      vertex 8.5625 0 10
      vertex 6.5625 0 10
    endloop
  endfacet
  facet normal 0 0 1
    outer loop
      vertex -30.262500000000003 -21.5625 10
      vertex -29.795833333333334 -6.5625 10
      vertex -30.262500000000003 0 10
    endloop
  endfacet
  facet normal 0.7071067811865475 0 -0.7071067811865475
    outer loop
      vertex -30.262500000000003 -21.5625 8
      vertex -30.262500000000003 -6.5625 8
      vertex -28.262500000000003 -21.5625 10
    endloop
  endfacet
  facet normal 0.7071067811865475 0 -0.7071067811865475
    outer loop
      vertex -30.262500000000003 -6.5625 8
      vertex -28.262500000000003 -6.5625 10
      vertex -28.262500000000003 -21.5625 10
    endloop
  endfacet
  facet normal 0 0 1
    outer loop
      vertex -30.262500000000003 -21.5625 10
      vertex -28.705151377429733 -21.90021500489442 10
      vertex -29.795833333333334 -6.5625 10
    endloop
  endfacet
  facet normal 0 0 1
    outer loop
      vertex -28.705151377429733 -21.90021500489442 10
      vertex -28.262500000000003 -21.5625 10
      vertex -29.795833333333334 -6.5625 10
    endloop
  endfacet
  facet normal 0 0 1
    outer loop
      vertex -28.262500000000003 -21.5625 10
      vertex -28.262500000000003 -6.5625 10
      vertex -29.795833333333334 -6.5625 10
    endloop
  endfacet
  facet normal 0 0 1
    outer loop
      vertex -28.262500000000003 -0.4499260477367102 10
      vertex -28.262500000000003 0 10
      vertex -30.262500000000003 0 10
    endloop
  endfacet
  facet normal 0 0 1
    outer loop
      vertex -30.262500000000003 6.5625 10
      vertex -29.795833333333334 21.5625 10
      vertex -30.262500000000003 28.125 10
    endloop
  endfacet
  facet normal 0.7071067811865475 0 -0.7071067811865475
    outer loop
      vertex -30.262500000000003 6.5625 8
      vertex -30.262500000000003 21.5625 8
      vertex -28.262500000000003 6.5625 10
    endloop
  endfacet
  facet normal 0.7071067811865475 0 -0.7071067811865475
    outer loop
      vertex -30.262500000000003 21.5625 8
      vertex -28.262500000000003 21.5625 10
      vertex -28.262500000000003 6.5625 10
    endloop
  endfacet
  facet normal 0 0 1
    outer loop
      vertex -30.262500000000003 6.5625 10
      vertex -28.705151377429733 6.22478499510558 10
      vertex -29.795833333333334 21.5625 10
    endloop
  endfacet
  facet normal 0 0 1
    outer loop
      vertex -28.705151377429733 6.22478499510558 10
      vertex -28.262500000000003 6.5625 10
      vertex -29.795833333333334 21.5625 10
    endloop
  endfacet
  facet normal 0 0 1
    outer loop
      vertex -28.262500000000003 6.5625 10
      vertex -28.262500000000003 21.5625 10
      vertex -29.795833333333334 21.5625 10
    endloop
  endfacet
  facet normal 0 0 1
    outer loop
      vertex -30.262500000000003 28.125 10
      vertex -28.262500000000003 27.67507395226329 10
      vertex -28.262500000000003 28.125 10
    endloop
  endfacet
  facet normal -0.7071067811865475 0 -0.7071067811865475
    outer loop
      vertex -10.0625 34.6875 8
      vertex -12.0625 49.6875 10
      vertex -10.0625 49.6875 8
    endloop
  endfacet
  facet normal -0.7071067811865475 0 -0.7071067811865475
    outer loop
      vertex -10.0625 34.6875 8
      vertex -12.0625 34.6875 10
      vertex -12.0625 49.6875 10
    endloop
  endfacet
  facet normal 0 0 1
    outer loop
      vertex -12.0625 34.6875 10
      vertex -6.5625 49.6875 10
      vertex -12.0625 49.6875 10
    endloop
  endfacet
  facet normal 0 0 -1
    outer loop
      vertex -10.0625 34.6875 8
      vertex -10.0625 49.6875 8
      vertex -6.5625 34.6875 8
    endloop
  endfacet
  facet normal 0 0 -1
    outer loop
      vertex -6.5625 34.6875 8
      vertex -10.0625 49.6875 8
      vertex -6.5625 49.6875 8
    endloop
  endfacet
  facet normal 0 0 1
    outer loop
      vertex -12.0625 34.6875 10
      vertex -6.853118260244429 29.611116103522647 10
      vertex -6.5625 49.6875 10
    endloop
  endfacet
  facet normal 0 0 1
    outer loop
      vertex -6.853118260244429 29.611116103522647 10
      vertex -6.5625 34.6875 10
      vertex -6.5625 49.6875 10
    endloop
  endfacet
  facet normal -0.7071067811865475 0 -0.7071067811865475
    outer loop
      vertex -10.0625 -49.6875 8
      vertex -12.0625 -34.6875 10
      vertex -10.0625 -34.6875 8
    endloop
  endfacet
  facet normal -0.7071067811865475 0 -0.7071067811865475
    outer loop
      vertex -10.0625 -49.6875 8
      vertex -12.0625 -49.6875 10
      vertex -12.0625 -34.6875 10
    endloop
  endfacet
  facet normal 0 0 1
    outer loop
      vertex -12.0625 -49.6875 10
      vertex -6.5625 -34.6875 10
      vertex -12.0625 -34.6875 10
    endloop
  endfacet
  facet normal 0 0 -1
    outer loop
      vertex -10.0625 -49.6875 8
      vertex -10.0625 -34.6875 8
      vertex -6.5625 -49.6875 8
    endloop
  endfacet
  facet normal 0 0 -1
    outer loop
      vertex -6.5625 -49.6875 8
      vertex -10.0625 -34.6875 8
      vertex -6.5625 -34.6875 8
    endloop
  endfacet
  facet normal 0 0 1
    outer loop
      vertex -12.0625 -49.6875 10
      vertex -6.853118260244429 -54.76388389647735 10
      vertex -6.5625 -34.6875 10
    endloop
  endfacet
  facet normal 0 0 1
    outer loop
      vertex -6.853118260244429 -54.76388389647735 10
      vertex -6.5625 -49.6875 10
      vertex -6.5625 -34.6875 10
    endloop
  endfacet
  facet normal 0 0 -1
    outer loop
      vertex 26.762500000000003 6.5625 8
      vertex 26.762500000000003 21.5625 8
      vertex 30.262500000000003 6.5625 8
    endloop
  endfacet
  facet normal 0 0 -1
    outer loop
      vertex 26.762500000000003 21.5625 8
      vertex 30.262500000000003 21.5625 8
      vertex 30.262500000000003 6.5625 8
    endloop
  endfacet
  facet normal -0.7071067811865475 0 -0.7071067811865475
    outer loop
      vertex 26.762500000000003 6.5625 8
      vertex 24.762500000000003 21.5625 10
      vertex 26.762500000000003 21.5625 8
    endloop
  endfacet
  facet normal -0.7071067811865475 0 -0.7071067811865475
    outer loop
      vertex 26.762500000000003 6.5625 8
      vertex 24.762500000000003 6.5625 10
      vertex 24.762500000000003 21.5625 10
    endloop
  endfacet
  facet normal 0 0 1
    outer loop
      vertex 24.762500000000003 6.5625 10
      vertex 30.262500000000003 21.5625 10
      vertex 24.762500000000003 21.5625 10
    endloop
  endfacet
  facet normal 0 0 1
    outer loop
      vertex 24.762500000000003 6.5625 10
      vertex 29.971881739755574 1.4861161035226473 10
      vertex 30.262500000000003 21.5625 10
    endloop
  endfacet
  facet normal 0 0 1
    outer loop
      vertex 29.971881739755574 1.4861161035226473 10
      vertex 30.262500000000003 6.5625 10
      vertex 30.262500000000003 21.5625 10
    endloop
  endfacet
  facet normal 0 0 -1
    outer loop
      vertex 26.762500000000003 -49.6875 8
      vertex 26.762500000000003 -34.6875 8
      vertex 30.262500000000003 -49.6875 8
    endloop
  endfacet
  facet normal 0 0 -1
    outer loop
      vertex 30.262500000000003 -49.6875 8
      vertex 26.762500000000003 -34.6875 8
      vertex 30.262500000000003 -34.6875 8
    endloop
  endfacet
  facet normal -0.7071067811865475 0 -0.7071067811865475
    outer loop
      vertex 26.762500000000003 -49.6875 8
      vertex 24.762500000000003 -34.6875 10
      vertex 26.762500000000003 -34.6875 8
    endloop
  endfacet
  facet normal -0.7071067811865475 0 -0.7071067811865475
    outer loop
      vertex 26.762500000000003 -49.6875 8
      vertex 24.762500000000003 -49.6875 10
      vertex 24.762500000000003 -34.6875 10
    endloop
  endfacet
  facet normal 0 0 1
    outer loop
      vertex 24.762500000000003 -49.6875 10
      vertex 30.262500000000003 -34.6875 10
      vertex 24.762500000000003 -34.6875 10
    endloop
  endfacet
  facet normal 0 0 1
    outer loop
      vertex 24.762500000000003 -49.6875 10
      vertex 29.971881739755574 -54.76388389647735 10
      vertex 30.262500000000003 -34.6875 10
    endloop
  endfacet
  facet normal 0 0 1
    outer loop
      vertex 29.971881739755574 -54.76388389647735 10
      vertex 30.262500000000003 -49.6875 10
      vertex 30.262500000000003 -34.6875 10
    endloop
  endfacet
  facet normal 0 0 -1
    outer loop
      vertex 26.762500000000003 34.6875 8
      vertex 26.762500000000003 49.6875 8
      vertex 30.262500000000003 34.6875 8
    endloop
  endfacet
  facet normal 0 0 -1
    outer loop
      vertex 30.262500000000003 34.6875 8
      vertex 26.762500000000003 49.6875 8
      vertex 30.262500000000003 49.6875 8
    endloop
  endfacet
  facet normal -0.7071067811865475 0 -0.7071067811865475
    outer loop
      vertex 26.762500000000003 34.6875 8
      vertex 24.762500000000003 49.6875 10
      vertex 26.762500000000003 49.6875 8
    endloop
  endfacet
  facet normal -0.7071067811865475 0 -0.7071067811865475
    outer loop
      vertex 26.762500000000003 34.6875 8
      vertex 24.762500000000003 34.6875 10
      vertex 24.762500000000003 49.6875 10
    endloop
  endfacet
  facet normal 0 0 1
    outer loop
      vertex 24.762500000000003 34.6875 10
      vertex 30.262500000000003 49.6875 10
      vertex 24.762500000000003 49.6875 10
    endloop
  endfacet
  facet normal 0 0 1
    outer loop
      vertex 24.762500000000003 34.6875 10
      vertex 29.971881739755574 29.611116103522647 10
      vertex 30.262500000000003 49.6875 10
    endloop
  endfacet
  facet normal 0 0 1
    outer loop
      vertex 29.971881739755574 29.611116103522647 10
      vertex 30.262500000000003 34.6875 10
      vertex 30.262500000000003 49.6875 10
    endloop
  endfacet
  facet normal 0 0 -1
    outer loop
      vertex 26.762500000000003 -21.5625 8
      vertex 26.762500000000003 -6.5625 8
      vertex 30.262500000000003 -21.5625 8
    endloop
  endfacet
  facet normal 0 0 -1
    outer loop
      vertex 26.762500000000003 -6.5625 8
      vertex 30.262500000000003 -6.5625 8
      vertex 30.262500000000003 -21.5625 8
    endloop
  endfacet
  facet normal -0.7071067811865475 0 -0.7071067811865475
    outer loop
      vertex 26.762500000000003 -21.5625 8
      vertex 24.762500000000003 -6.5625 10
      vertex 26.762500000000003 -6.5625 8
    endloop
  endfacet
  facet normal -0.7071067811865475 0 -0.7071067811865475
    outer loop
      vertex 26.762500000000003 -21.5625 8
      vertex 24.762500000000003 -21.5625 10
      vertex 24.762500000000003 -6.5625 10
    endloop
  endfacet
  facet normal 0 0 1
    outer loop
      vertex 24.762500000000003 -21.5625 10
      vertex 30.262500000000003 -6.5625 10
      vertex 24.762500000000003 -6.5625 10
    endloop
  endfacet
  facet normal 0 0 1
    outer loop
      vertex 24.762500000000003 -21.5625 10
      vertex 29.971881739755574 -26.638883896477353 10
      vertex 30.262500000000003 -6.5625 10
    endloop
  endfacet
  facet normal 0 0 1
    outer loop
      vertex 29.971881739755574 -26.638883896477353 10
      vertex 30.262500000000003 -21.5625 10
      vertex 30.262500000000003 -6.5625 10
    endloop
  endfacet
  facet normal -0.7071067811865475 0 -0.7071067811865475
    outer loop
      vertex -10.0625 -21.5625 8
      vertex -12.0625 -6.5625 10
      vertex -10.0625 -6.5625 8
    endloop
  endfacet
  facet normal -0.7071067811865475 0 -0.7071067811865475
    outer loop
      vertex -10.0625 -21.5625 8
      vertex -12.0625 -21.5625 10
      vertex -12.0625 -6.5625 10
    endloop
  endfacet
  facet normal 0 0 1
    outer loop
      vertex -12.0625 -21.5625 10
      vertex -6.5625 -6.5625 10
      vertex -12.0625 -6.5625 10
    endloop
  endfacet
  facet normal 0 0 -1
    outer loop
      vertex -10.0625 -21.5625 8
      vertex -10.0625 -6.5625 8
      vertex -6.5625 -21.5625 8
    endloop
  endfacet
  facet normal 0 0 -1
    outer loop
      vertex -10.0625 -6.5625 8
      vertex -6.5625 -6.5625 8
      vertex -6.5625 -21.5625 8
    endloop
  endfacet
  facet normal 0 0 1
    outer loop
      vertex -12.0625 -21.5625 10
      vertex -6.853118260244429 -26.638883896477353 10
      vertex -6.5625 -6.5625 10
    endloop
  endfacet
  facet normal 0 0 1
    outer loop
      vertex -6.853118260244429 -26.638883896477353 10
      vertex -6.5625 -21.5625 10
      vertex -6.5625 -6.5625 10
    endloop
  endfacet
  facet normal -0.7071067811865475 0 -0.7071067811865475
    outer loop
      vertex -10.0625 6.5625 8
      vertex -12.0625 21.5625 10
      vertex -10.0625 21.5625 8
    endloop
  endfacet
  facet normal -0.7071067811865475 0 -0.7071067811865475
    outer loop
      vertex -10.0625 6.5625 8
      vertex -12.0625 6.5625 10
      vertex -12.0625 21.5625 10
    endloop
  endfacet
  facet normal 0 0 1
    outer loop
      vertex -12.0625 6.5625 10
      vertex -6.5625 21.5625 10
      vertex -12.0625 21.5625 10
    endloop
  endfacet
  facet normal 0 0 -1
    outer loop
      vertex -10.0625 6.5625 8
      vertex -10.0625 21.5625 8
      vertex -6.5625 6.5625 8
    endloop
  endfacet
  facet normal 0 0 -1
    outer loop
      vertex -10.0625 21.5625 8
      vertex -6.5625 21.5625 8
      vertex -6.5625 6.5625 8
    endloop
  endfacet
  facet normal 0 0 1
    outer loop
      vertex -12.0625 6.5625 10
      vertex -6.853118260244429 1.4861161035226473 10
      vertex -6.5625 21.5625 10
    endloop
  endfacet
  facet normal 0 0 1
    outer loop
      vertex -6.853118260244429 1.4861161035226473 10
      vertex -6.5625 6.5625 10
      vertex -6.5625 21.5625 10
    endloop
  endfacet
  facet normal -1 0 0
    outer loop
      vertex 3 -66 4.9995
      vertex 3 -65.98541774819611 0
      vertex 3 -66 0
    endloop
  endfacet
  facet normal -1 0 0
    outer loop
      vertex 3 -62.014582251803894 4.9995
      vertex 3 -62 0
      vertex 3 -62.014582251803894 0
    endloop
  endfacet
  facet normal -1 0 0
    outer loop
      vertex 3 -66 4.9995
      vertex 3 -65.98541774819611 4.9995
      vertex 3 -65.98541774819611 0
    endloop
  endfacet
  facet normal -1 0 0
    outer loop
      vertex 3 -62.014582251803894 4.9995
      vertex 3 -62 4.9995
      vertex 3 -62 0
    endloop
  endfacet
  facet normal -1 0 0
    outer loop
      vertex 3 62 4.9995
      vertex 3 62.014582251803894 0
      vertex 3 62 0
    endloop
  endfacet
  facet normal -1 0 0
    outer loop
      vertex 3 65.98541774819611 4.9995
      vertex 3 66 0
      vertex 3 65.98541774819611 0
    endloop
  endfacet
  facet normal -1 0 0
    outer loop
      vertex 3 62 4.9995
      vertex 3 62.014582251803894 4.9995
      vertex 3 62.014582251803894 0
    endloop
  endfacet
  facet normal -1 0 0
    outer loop
      vertex 3 65.98541774819611 4.9995
      vertex 3 66 4.9995
      vertex 3 66 0
    endloop
  endfacet
  facet normal 1 0 0
    outer loop
      vertex -3 62.014582251803894 4.9995
      vertex -3 62 0
      vertex -3 62.014582251803894 0
    endloop
  endfacet
  facet normal 1 0 0
    outer loop
      vertex -3 66 4.9995
      vertex -3 65.98541774819611 0
      vertex -3 66 0
    endloop
  endfacet
  facet normal 0 1 0
    outer loop
      vertex -3 62 4.9995
      vertex 3 62 0
      vertex -3 62 0
    endloop
  endfacet
  facet normal 1 0 0
    outer loop
      vertex -3 62.014582251803894 4.9995
      vertex -3 62 4.9995
      vertex -3 62 0
    endloop
  endfacet
  facet normal 1 0 0
    outer loop
      vertex -3 65.98541774819611 4.9995
      vertex -3 65.98541774819611 0
      vertex -3 66 4.9995
    endloop
  endfacet
  facet normal 0 -1 0
    outer loop
      vertex -3 66 4.9995
      vertex -3 66 0
      vertex 3 66 4.9995
    endloop
  endfacet
  facet normal 0 -1 0
    outer loop
      vertex 3 66 4.9995
      vertex -3 66 0
      vertex 3 66 0
    endloop
  endfacet
  facet normal 0 1 0
    outer loop
      vertex -3 62 4.9995
      vertex 3 62 4.9995
      vertex 3 62 0
    endloop
  endfacet
  facet normal 1 0 0
    outer loop
      vertex -3 -65.98541774819611 4.9995
      vertex -3 -66 0
      vertex -3 -65.98541774819611 0
    endloop
  endfacet
  facet normal 1 0 0
    outer loop
      vertex -3 -62 4.9995
      vertex -3 -62.014582251803894 0
      vertex -3 -62 0
    endloop
  endfacet
  facet normal 0 1 0
    outer loop
      vertex -3 -66 4.9995
      vertex 3 -66 0
      vertex -3 -66 0
    endloop
  endfacet
  facet normal 1 0 0
    outer loop
      vertex -3 -65.98541774819611 4.9995
      vertex -3 -66 4.9995
      vertex -3 -66 0
    endloop
  endfacet
  facet normal 1 0 0
    outer loop
      vertex -3 -62.014582251803894 4.9995
      vertex -3 -62.014582251803894 0
      vertex -3 -62 4.9995
    endloop
  endfacet
  facet normal 0 -1 0
    outer loop
      vertex -3 -62 4.9995
      vertex -3 -62 0
      vertex 3 -62 4.9995
    endloop
  endfacet
  facet normal 0 -1 0
    outer loop
      vertex 3 -62 4.9995
      vertex -3 -62 0
      vertex 3 -62 0
    endloop
  endfacet
  facet normal 0 1 0
    outer loop
      vertex -3 -66 4.9995
      vertex 3 -66 4.9995
      vertex 3 -66 0
    endloop
  endfacet
  facet normal 0.9350162426854157 0.3546048870425332 0
    outer loop
      vertex -4.941883634852104 63.52136867142489 4.9995
      vertex -4.77091205130642 63.07055365591246 0
      vertex -4.941883634852104 63.52136867142489 0
    endloop
  endfacet
  facet normal 0.8229838658936557 0.568064746731157 0
    outer loop
      vertex -4.77091205130642 63.07055365591246 4.9995
      vertex -4.497021496342202 62.67375468351841 0
      vertex -4.77091205130642 63.07055365591246 0
    endloop
  endfacet
  facet normal 0.6631226582407996 0.7485107481710972 0
    outer loop
      vertex -4.497021496342202 62.67375468351841 4.9995
      vertex -4.136129493462311 62.354032268212684 0
      vertex -4.497021496342202 62.67375468351841 0
    endloop
  endfacet
  facet normal 0.4647231720437612 0.8854560256532138 0
    outer loop
      vertex -4.136129493462311 62.354032268212684 4.9995
      vertex -3.709209774085071 62.12996751462917 0
      vertex -4.136129493462311 62.354032268212684 0
    endloop
  endfacet
  facet normal 0.9927088740980538 0.12053668025532396 0
    outer loop
      vertex -5 64 4.9995
      vertex -4.941883634852104 63.52136867142489 0
      vertex -5 64 0
    endloop
  endfacet
  facet normal 0.9927088740980541 -0.12053668025532221 0
    outer loop
      vertex -4.941883634852104 64.47863132857512 4.9995
      vertex -5 64 0
      vertex -4.941883634852104 64.47863132857512 0
    endloop
  endfacet
  facet normal 0.935016242685414 -0.35460488704253806 0
    outer loop
      vertex -4.77091205130642 64.92944634408754 4.9995
      vertex -4.941883634852104 64.47863132857512 0
      vertex -4.77091205130642 64.92944634408754 0
    endloop
  endfacet
  facet normal 0.8229838658936557 -0.568064746731157 0
    outer loop
      vertex -4.497021496342202 65.32624531648159 4.9995
      vertex -4.77091205130642 64.92944634408754 0
      vertex -4.497021496342202 65.32624531648159 0
    endloop
  endfacet
  facet normal 0.6631226582407913 -0.7485107481711045 0
    outer loop
      vertex -4.136129493462311 65.64596773178731 4.9995
      vertex -4.497021496342202 65.32624531648159 0
      vertex -4.136129493462311 65.64596773178731 0
    endloop
  endfacet
  facet normal 0.4647231720437728 -0.8854560256532078 0
    outer loop
      vertex -3.709209774085071 65.87003248537083 4.9995
      vertex -4.136129493462311 65.64596773178731 0
      vertex -3.709209774085071 65.87003248537083 0
    endloop
  endfacet
  facet normal 0.2393156642875565 0.9709418174260522 0
    outer loop
      vertex -3.709209774085071 62.12996751462917 4.9995
      vertex -3.2410733605106454 62.014582251803894 0
      vertex -3.709209774085071 62.12996751462917 0
    endloop
  endfacet
  facet normal 0 1 0
    outer loop
      vertex -3.2410733605106454 62.014582251803894 4.9995
      vertex -3 62.014582251803894 0
      vertex -3.2410733605106454 62.014582251803894 0
    endloop
  endfacet
  facet normal 0.23931566428757062 -0.9709418174260489 0
    outer loop
      vertex -3.241073360510646 65.98541774819611 4.9995
      vertex -3.709209774085071 65.87003248537083 0
      vertex -3.241073360510646 65.98541774819611 0
    endloop
  endfacet
  facet normal 0 -1 0
    outer loop
      vertex -3 65.98541774819611 4.9995
      vertex -3.241073360510646 65.98541774819611 0
      vertex -3 65.98541774819611 0
    endloop
  endfacet
  facet normal 0.9927088740980538 0.12053668025532396 0
    outer loop
      vertex -4.941883634852104 63.52136867142489 4.9995
      vertex -4.941883634852104 63.52136867142489 0
      vertex -5 64 4.9995
    endloop
  endfacet
  facet normal 0.9350162426854157 0.3546048870425332 0
    outer loop
      vertex -4.941883634852104 63.52136867142489 4.9995
      vertex -4.77091205130642 63.07055365591246 4.9995
      vertex -4.77091205130642 63.07055365591246 0
    endloop
  endfacet
  facet normal 0.8229838658936557 0.568064746731157 0
    outer loop
      vertex -4.77091205130642 63.07055365591246 4.9995
      vertex -4.497021496342202 62.67375468351841 4.9995
      vertex -4.497021496342202 62.67375468351841 0
    endloop
  endfacet
  facet normal 0.6631226582407996 0.7485107481710972 0
    outer loop
      vertex -4.497021496342202 62.67375468351841 4.9995
      vertex -4.136129493462311 62.354032268212684 4.9995
      vertex -4.136129493462311 62.354032268212684 0
    endloop
  endfacet
  facet normal 0.4647231720437612 0.8854560256532138 0
    outer loop
      vertex -4.136129493462311 62.354032268212684 4.9995
      vertex -3.709209774085071 62.12996751462917 4.9995
      vertex -3.709209774085071 62.12996751462917 0
    endloop
  endfacet
  facet normal 0.9927088740980541 -0.12053668025532221 0
    outer loop
      vertex -5 64 4.9995
      vertex -5 64 0
      vertex -4.941883634852104 64.47863132857512 4.9995
    endloop
  endfacet
  facet normal 0.935016242685414 -0.35460488704253806 0
    outer loop
      vertex -4.941883634852104 64.47863132857512 4.9995
      vertex -4.941883634852104 64.47863132857512 0
      vertex -4.77091205130642 64.92944634408754 4.9995
    endloop
  endfacet
  facet normal 0.8229838658936557 -0.568064746731157 0
    outer loop
      vertex -4.77091205130642 64.92944634408754 4.9995
      vertex -4.77091205130642 64.92944634408754 0
      vertex -4.497021496342202 65.32624531648159 4.9995
    endloop
  endfacet
  facet normal 0.6631226582407913 -0.7485107481711045 0
    outer loop
      vertex -4.497021496342202 65.32624531648159 4.9995
      vertex -4.497021496342202 65.32624531648159 0
      vertex -4.136129493462311 65.64596773178731 4.9995
    endloop
  endfacet
  facet normal 0.4647231720437728 -0.8854560256532078 0
    outer loop
      vertex -4.136129493462311 65.64596773178731 4.9995
      vertex -4.136129493462311 65.64596773178731 0
      vertex -3.709209774085071 65.87003248537083 4.9995
    endloop
  endfacet
  facet normal 0.2393156642875565 0.9709418174260522 0
    outer loop
      vertex -3.709209774085071 62.12996751462917 4.9995
      vertex -3.2410733605106454 62.014582251803894 4.9995
      vertex -3.2410733605106454 62.014582251803894 0
    endloop
  endfacet
  facet normal 0 1 0
    outer loop
      vertex -3.2410733605106454 62.014582251803894 4.9995
      vertex -3 62.014582251803894 4.9995
      vertex -3 62.014582251803894 0
    endloop
  endfacet
  facet normal 0.23931566428757062 -0.9709418174260489 0
    outer loop
      vertex -3.709209774085071 65.87003248537083 4.9995
      vertex -3.709209774085071 65.87003248537083 0
      vertex -3.241073360510646 65.98541774819611 4.9995
    endloop
  endfacet
  facet normal 0 -1 0
    outer loop
      vertex -3.241073360510646 65.98541774819611 4.9995
      vertex -3.241073360510646 65.98541774819611 0
      vertex -3 65.98541774819611 4.9995
    endloop
  endfacet
  facet normal 0.8229838658936557 0.568064746731157 0
    outer loop
      vertex -4.77091205130642 -64.92944634408754 4.9995
      vertex -4.497021496342202 -65.32624531648159 0
      vertex -4.77091205130642 -64.92944634408754 0
    endloop
  endfacet
  facet normal 0.6631226582407913 0.7485107481711045 0
    outer loop
      vertex -4.497021496342202 -65.32624531648159 4.9995
      vertex -4.136129493462311 -65.64596773178731 0
      vertex -4.497021496342202 -65.32624531648159 0
    endloop
  endfacet
  facet normal 0.935016242685414 0.35460488704253806 0
    outer loop
      vertex -4.941883634852104 -64.47863132857512 4.9995
      vertex -4.77091205130642 -64.92944634408754 0
      vertex -4.941883634852104 -64.47863132857512 0
    endloop
  endfacet
  facet normal 0.9927088740980541 0.12053668025532221 0
    outer loop
      vertex -5 -64 4.9995
      vertex -4.941883634852104 -64.47863132857512 0
      vertex -5 -64 0
    endloop
  endfacet
  facet normal 0.4647231720437728 0.8854560256532078 0
    outer loop
      vertex -4.136129493462311 -65.64596773178731 4.9995
      vertex -3.709209774085071 -65.87003248537083 0
      vertex -4.136129493462311 -65.64596773178731 0
    endloop
  endfacet
  facet normal 0.9927088740980538 -0.12053668025532396 0
    outer loop
      vertex -4.941883634852104 -63.52136867142489 4.9995
      vertex -5 -64 0
      vertex -4.941883634852104 -63.52136867142489 0
    endloop
  endfacet
  facet normal 0.9350162426854157 -0.3546048870425332 0
    outer loop
      vertex -4.77091205130642 -63.07055365591246 4.9995
      vertex -4.941883634852104 -63.52136867142489 0
      vertex -4.77091205130642 -63.07055365591246 0
    endloop
  endfacet
  facet normal 0.8229838658936557 -0.568064746731157 0
    outer loop
      vertex -4.497021496342202 -62.67375468351841 4.9995
      vertex -4.77091205130642 -63.07055365591246 0
      vertex -4.497021496342202 -62.67375468351841 0
    endloop
  endfacet
  facet normal 0.6631226582407996 -0.7485107481710972 0
    outer loop
      vertex -4.136129493462311 -62.354032268212684 4.9995
      vertex -4.497021496342202 -62.67375468351841 0
      vertex -4.136129493462311 -62.354032268212684 0
    endloop
  endfacet
  facet normal 0.4647231720437612 -0.8854560256532138 0
    outer loop
      vertex -3.709209774085071 -62.12996751462917 4.9995
      vertex -4.136129493462311 -62.354032268212684 0
      vertex -3.709209774085071 -62.12996751462917 0
    endloop
  endfacet
  facet normal 0.2393156642875704 0.9709418174260489 0
    outer loop
      vertex -3.709209774085071 -65.87003248537083 4.9995
      vertex -3.2410733605106454 -65.98541774819611 0
      vertex -3.709209774085071 -65.87003248537083 0
    endloop
  endfacet
  facet normal 0 1 0
    outer loop
      vertex -3.2410733605106454 -65.98541774819611 4.9995
      vertex -3 -65.98541774819611 0
      vertex -3.2410733605106454 -65.98541774819611 0
    endloop
  endfacet
  facet normal 0.2393156642875567 -0.9709418174260522 0
    outer loop
      vertex -3.241073360510646 -62.014582251803894 4.9995
      vertex -3.709209774085071 -62.12996751462917 0
      vertex -3.241073360510646 -62.014582251803894 0
    endloop
  endfacet
  facet normal 0 -1 0
    outer loop
      vertex -3 -62.014582251803894 4.9995
      vertex -3.241073360510646 -62.014582251803894 0
      vertex -3 -62.014582251803894 0
    endloop
  endfacet
  facet normal 0.8229838658936557 0.568064746731157 0
    outer loop
      vertex -4.77091205130642 -64.92944634408754 4.9995
      vertex -4.497021496342202 -65.32624531648159 4.9995
      vertex -4.497021496342202 -65.32624531648159 0
    endloop
  endfacet
  facet normal 0.9927088740980541 0.12053668025532221 0
    outer loop
      vertex -4.941883634852104 -64.47863132857512 4.9995
      vertex -4.941883634852104 -64.47863132857512 0
      vertex -5 -64 4.9995
    endloop
  endfacet
  facet normal 0.935016242685414 0.35460488704253806 0
    outer loop
      vertex -4.77091205130642 -64.92944634408754 4.9995
      vertex -4.77091205130642 -64.92944634408754 0
      vertex -4.941883634852104 -64.47863132857512 4.9995
    endloop
  endfacet
  facet normal 0.9927088740980538 -0.12053668025532396 0
    outer loop
      vertex -5 -64 4.9995
      vertex -5 -64 0
      vertex -4.941883634852104 -63.52136867142489 4.9995
    endloop
  endfacet
  facet normal 0.6631226582407913 0.7485107481711045 0
    outer loop
      vertex -4.497021496342202 -65.32624531648159 4.9995
      vertex -4.136129493462311 -65.64596773178731 4.9995
      vertex -4.136129493462311 -65.64596773178731 0
    endloop
  endfacet
  facet normal 0.4647231720437728 0.8854560256532078 0
    outer loop
      vertex -4.136129493462311 -65.64596773178731 4.9995
      vertex -3.709209774085071 -65.87003248537083 4.9995
      vertex -3.709209774085071 -65.87003248537083 0
    endloop
  endfacet
  facet normal 0.9350162426854157 -0.3546048870425332 0
    outer loop
      vertex -4.941883634852104 -63.52136867142489 4.9995
      vertex -4.941883634852104 -63.52136867142489 0
      vertex -4.77091205130642 -63.07055365591246 4.9995
    endloop
  endfacet
  facet normal 0.8229838658936557 -0.568064746731157 0
    outer loop
      vertex -4.77091205130642 -63.07055365591246 4.9995
      vertex -4.77091205130642 -63.07055365591246 0
      vertex -4.497021496342202 -62.67375468351841 4.9995
    endloop
  endfacet
  facet normal 0.6631226582407996 -0.7485107481710972 0
    outer loop
      vertex -4.497021496342202 -62.67375468351841 4.9995
      vertex -4.497021496342202 -62.67375468351841 0
      vertex -4.136129493462311 -62.354032268212684 4.9995
    endloop
  endfacet
  facet normal 0.4647231720437612 -0.8854560256532138 0
    outer loop
      vertex -4.136129493462311 -62.354032268212684 4.9995
      vertex -4.136129493462311 -62.354032268212684 0
      vertex -3.709209774085071 -62.12996751462917 4.9995
    endloop
  endfacet
  facet normal 0.2393156642875704 0.9709418174260489 0
    outer loop
      vertex -3.709209774085071 -65.87003248537083 4.9995
      vertex -3.2410733605106454 -65.98541774819611 4.9995
      vertex -3.2410733605106454 -65.98541774819611 0
    endloop
  endfacet
  facet normal 0 1 0
    outer loop
      vertex -3.2410733605106454 -65.98541774819611 4.9995
      vertex -3 -65.98541774819611 4.9995
      vertex -3 -65.98541774819611 0
    endloop
  endfacet
  facet normal 0.2393156642875567 -0.9709418174260522 0
    outer loop
      vertex -3.709209774085071 -62.12996751462917 4.9995
      vertex -3.709209774085071 -62.12996751462917 0
      vertex -3.241073360510646 -62.014582251803894 4.9995
    endloop
  endfacet
  facet normal 0 -1 0
    outer loop
      vertex -3.241073360510646 -62.014582251803894 4.9995
      vertex -3.241073360510646 -62.014582251803894 0
      vertex -3 -62.014582251803894 4.9995
    endloop
  endfacet
  facet normal 0 1 0
    outer loop
      vertex 3 62.014582251803894 4.9995
      vertex 3.2410733605106454 62.014582251803894 0
      vertex 3 62.014582251803894 0
    endloop
  endfacet
  facet normal -0.2393156642875565 0.9709418174260522 0
    outer loop
      vertex 3.2410733605106454 62.014582251803894 4.9995
      vertex 3.709209774085071 62.12996751462917 0
      vertex 3.2410733605106454 62.014582251803894 0
    endloop
  endfacet
  facet normal 0 -1 0
    outer loop
      vertex 3.241073360510646 65.98541774819611 4.9995
      vertex 3 65.98541774819611 0
      vertex 3.241073360510646 65.98541774819611 0
    endloop
  endfacet
  facet normal -0.23931566428757062 -0.9709418174260489 0
    outer loop
      vertex 3.709209774085071 65.87003248537083 4.9995
      vertex 3.241073360510646 65.98541774819611 0
      vertex 3.709209774085071 65.87003248537083 0
    endloop
  endfacet
  facet normal -0.464723172043772 0.8854560256532081 0
    outer loop
      vertex 3.709209774085071 62.12996751462917 4.9995
      vertex 4.136129493462312 62.35403226821269 0
      vertex 3.709209774085071 62.12996751462917 0
    endloop
  endfacet
  facet normal -0.6631226582407923 0.7485107481711037 0
    outer loop
      vertex 4.136129493462312 62.35403226821269 4.9995
      vertex 4.497021496342202 62.67375468351841 0
      vertex 4.136129493462312 62.35403226821269 0
    endloop
  endfacet
  facet normal -0.8229838658936557 0.568064746731157 0
    outer loop
      vertex 4.497021496342202 62.67375468351841 4.9995
      vertex 4.77091205130642 63.07055365591246 0
      vertex 4.497021496342202 62.67375468351841 0
    endloop
  endfacet
  facet normal -0.935016242685414 0.35460488704253806 0
    outer loop
      vertex 4.77091205130642 63.07055365591246 4.9995
      vertex 4.941883634852104 63.52136867142488 0
      vertex 4.77091205130642 63.07055365591246 0
    endloop
  endfacet
  facet normal -0.9927088740980541 0.12053668025532221 0
    outer loop
      vertex 4.941883634852104 63.52136867142488 4.9995
      vertex 5 64 0
      vertex 4.941883634852104 63.52136867142488 0
    endloop
  endfacet
  facet normal -0.4647231720437728 -0.8854560256532078 0
    outer loop
      vertex 4.136129493462311 65.64596773178731 4.9995
      vertex 3.709209774085071 65.87003248537083 0
      vertex 4.136129493462311 65.64596773178731 0
    endloop
  endfacet
  facet normal -0.9927088740980541 -0.12053668025532221 0
    outer loop
      vertex 5 64 4.9995
      vertex 4.941883634852104 64.47863132857512 0
      vertex 5 64 0
    endloop
  endfacet
  facet normal -0.935016242685414 -0.35460488704253806 0
    outer loop
      vertex 4.941883634852104 64.47863132857512 4.9995
      vertex 4.77091205130642 64.92944634408754 0
      vertex 4.941883634852104 64.47863132857512 0
    endloop
  endfacet
  facet normal -0.6631226582407913 -0.7485107481711045 0
    outer loop
      vertex 4.497021496342202 65.32624531648159 4.9995
      vertex 4.136129493462311 65.64596773178731 0
      vertex 4.497021496342202 65.32624531648159 0
    endloop
  endfacet
  facet normal -0.8229838658936557 -0.568064746731157 0
    outer loop
      vertex 4.77091205130642 64.92944634408754 4.9995
      vertex 4.497021496342202 65.32624531648159 0
      vertex 4.77091205130642 64.92944634408754 0
    endloop
  endfacet
  facet normal 0 1 0
    outer loop
      vertex 3 62.014582251803894 4.9995
      vertex 3.2410733605106454 62.014582251803894 4.9995
      vertex 3.2410733605106454 62.014582251803894 0
    endloop
  endfacet
  facet normal -0.2393156642875565 0.9709418174260522 0
    outer loop
      vertex 3.2410733605106454 62.014582251803894 4.9995
      vertex 3.709209774085071 62.12996751462917 4.9995
      vertex 3.709209774085071 62.12996751462917 0
    endloop
  endfacet
  facet normal 0 -1 0
    outer loop
      vertex 3 65.98541774819611 4.9995
      vertex 3 65.98541774819611 0
      vertex 3.241073360510646 65.98541774819611 4.9995
    endloop
  endfacet
  facet normal -0.23931566428757062 -0.9709418174260489 0
    outer loop
      vertex 3.241073360510646 65.98541774819611 4.9995
      vertex 3.241073360510646 65.98541774819611 0
      vertex 3.709209774085071 65.87003248537083 4.9995
    endloop
  endfacet
  facet normal -0.464723172043772 0.8854560256532081 0
    outer loop
      vertex 3.709209774085071 62.12996751462917 4.9995
      vertex 4.136129493462312 62.35403226821269 4.9995
      vertex 4.136129493462312 62.35403226821269 0
    endloop
  endfacet
  facet normal -0.6631226582407923 0.7485107481711037 0
    outer loop
      vertex 4.136129493462312 62.35403226821269 4.9995
      vertex 4.497021496342202 62.67375468351841 4.9995
      vertex 4.497021496342202 62.67375468351841 0
    endloop
  endfacet
  facet normal -0.8229838658936557 0.568064746731157 0
    outer loop
      vertex 4.497021496342202 62.67375468351841 4.9995
      vertex 4.77091205130642 63.07055365591246 4.9995
      vertex 4.77091205130642 63.07055365591246 0
    endloop
  endfacet
  facet normal -0.935016242685414 0.35460488704253806 0
    outer loop
      vertex 4.77091205130642 63.07055365591246 4.9995
      vertex 4.941883634852104 63.52136867142488 4.9995
      vertex 4.941883634852104 63.52136867142488 0
    endloop
  endfacet
  facet normal -0.4647231720437728 -0.8854560256532078 0
    outer loop
      vertex 3.709209774085071 65.87003248537083 4.9995
      vertex 3.709209774085071 65.87003248537083 0
      vertex 4.136129493462311 65.64596773178731 4.9995
    endloop
  endfacet
  facet normal -0.6631226582407913 -0.7485107481711045 0
    outer loop
      vertex 4.136129493462311 65.64596773178731 4.9995
      vertex 4.136129493462311 65.64596773178731 0
      vertex 4.497021496342202 65.32624531648159 4.9995
    endloop
  endfacet
  facet normal -0.9927088740980541 0.12053668025532221 0
    outer loop
      vertex 4.941883634852104 63.52136867142488 4.9995
      vertex 5 64 4.9995
      vertex 5 64 0
    endloop
  endfacet
  facet normal -0.935016242685414 -0.35460488704253806 0
    outer loop
      vertex 4.941883634852104 64.47863132857512 4.9995
      vertex 4.77091205130642 64.92944634408754 4.9995
      vertex 4.77091205130642 64.92944634408754 0
    endloop
  endfacet
  facet normal -0.9927088740980541 -0.12053668025532221 0
    outer loop
      vertex 5 64 4.9995
      vertex 4.941883634852104 64.47863132857512 4.9995
      vertex 4.941883634852104 64.47863132857512 0
    endloop
  endfacet
  facet normal -0.8229838658936557 -0.568064746731157 0
    outer loop
      vertex 4.497021496342202 65.32624531648159 4.9995
      vertex 4.497021496342202 65.32624531648159 0
      vertex 4.77091205130642 64.92944634408754 4.9995
    endloop
  endfacet
  facet normal 0 1 0
    outer loop
      vertex 3 -65.98541774819611 4.9995
      vertex 3.2410733605106454 -65.98541774819611 0
      vertex 3 -65.98541774819611 0
    endloop
  endfacet
  facet normal -0.2393156642875704 0.9709418174260489 0
    outer loop
      vertex 3.2410733605106454 -65.98541774819611 4.9995
      vertex 3.709209774085071 -65.87003248537083 0
      vertex 3.2410733605106454 -65.98541774819611 0
    endloop
  endfacet
  facet normal 0 -1 0
    outer loop
      vertex 3.241073360510646 -62.014582251803894 4.9995
      vertex 3 -62.014582251803894 0
      vertex 3.241073360510646 -62.014582251803894 0
    endloop
  endfacet
  facet normal -0.2393156642875567 -0.9709418174260522 0
    outer loop
      vertex 3.709209774085071 -62.12996751462917 4.9995
      vertex 3.241073360510646 -62.014582251803894 0
      vertex 3.709209774085071 -62.12996751462917 0
    endloop
  endfacet
  facet normal -0.464723172043772 0.8854560256532081 0
    outer loop
      vertex 3.709209774085071 -65.87003248537083 4.9995
      vertex 4.136129493462312 -65.64596773178731 0
      vertex 3.709209774085071 -65.87003248537083 0
    endloop
  endfacet
  facet normal -0.6631226582407923 0.7485107481711037 0
    outer loop
      vertex 4.136129493462312 -65.64596773178731 4.9995
      vertex 4.497021496342202 -65.32624531648159 0
      vertex 4.136129493462312 -65.64596773178731 0
    endloop
  endfacet
  facet normal -0.8229838658936557 0.568064746731157 0
    outer loop
      vertex 4.497021496342202 -65.32624531648159 4.9995
      vertex 4.77091205130642 -64.92944634408754 0
      vertex 4.497021496342202 -65.32624531648159 0
    endloop
  endfacet
  facet normal -0.935016242685414 0.35460488704253806 0
    outer loop
      vertex 4.77091205130642 -64.92944634408754 4.9995
      vertex 4.941883634852104 -64.47863132857512 0
      vertex 4.77091205130642 -64.92944634408754 0
    endloop
  endfacet
  facet normal -0.9927088740980541 0.12053668025532221 0
    outer loop
      vertex 4.941883634852104 -64.47863132857512 4.9995
      vertex 5 -64 0
      vertex 4.941883634852104 -64.47863132857512 0
    endloop
  endfacet
  facet normal -0.9927088740980538 -0.12053668025532396 0
    outer loop
      vertex 5 -64 4.9995
      vertex 4.941883634852104 -63.52136867142489 0
      vertex 5 -64 0
    endloop
  endfacet
  facet normal -0.4647231720437612 -0.8854560256532138 0
    outer loop
      vertex 4.136129493462311 -62.354032268212684 4.9995
      vertex 3.709209774085071 -62.12996751462917 0
      vertex 4.136129493462311 -62.354032268212684 0
    endloop
  endfacet
  facet normal -0.6631226582407996 -0.7485107481710972 0
    outer loop
      vertex 4.497021496342202 -62.67375468351841 4.9995
      vertex 4.136129493462311 -62.354032268212684 0
      vertex 4.497021496342202 -62.67375468351841 0
    endloop
  endfacet
  facet normal -0.8229838658936557 -0.568064746731157 0
    outer loop
      vertex 4.77091205130642 -63.07055365591246 4.9995
      vertex 4.497021496342202 -62.67375468351841 0
      vertex 4.77091205130642 -63.07055365591246 0
    endloop
  endfacet
  facet normal -0.9350162426854157 -0.3546048870425332 0
    outer loop
      vertex 4.941883634852104 -63.52136867142489 4.9995
      vertex 4.77091205130642 -63.07055365591246 0
      vertex 4.941883634852104 -63.52136867142489 0
    endloop
  endfacet
  facet normal 0 1 0
    outer loop
      vertex 3 -65.98541774819611 4.9995
      vertex 3.2410733605106454 -65.98541774819611 4.9995
      vertex 3.2410733605106454 -65.98541774819611 0
    endloop
  endfacet
  facet normal -0.2393156642875704 0.9709418174260489 0
    outer loop
      vertex 3.2410733605106454 -65.98541774819611 4.9995
      vertex 3.709209774085071 -65.87003248537083 4.9995
      vertex 3.709209774085071 -65.87003248537083 0
    endloop
  endfacet
  facet normal 0 -1 0
    outer loop
      vertex 3 -62.014582251803894 4.9995
      vertex 3 -62.014582251803894 0
      vertex 3.241073360510646 -62.014582251803894 4.9995
    endloop
  endfacet
  facet normal -0.2393156642875567 -0.9709418174260522 0
    outer loop
      vertex 3.241073360510646 -62.014582251803894 4.9995
      vertex 3.241073360510646 -62.014582251803894 0
      vertex 3.709209774085071 -62.12996751462917 4.9995
    endloop
  endfacet
  facet normal -0.464723172043772 0.8854560256532081 0
    outer loop
      vertex 3.709209774085071 -65.87003248537083 4.9995
      vertex 4.136129493462312 -65.64596773178731 4.9995
      vertex 4.136129493462312 -65.64596773178731 0
    endloop
  endfacet
  facet normal -0.6631226582407923 0.7485107481711037 0
    outer loop
      vertex 4.136129493462312 -65.64596773178731 4.9995
      vertex 4.497021496342202 -65.32624531648159 4.9995
      vertex 4.497021496342202 -65.32624531648159 0
    endloop
  endfacet
  facet normal -0.8229838658936557 0.568064746731157 0
    outer loop
      vertex 4.497021496342202 -65.32624531648159 4.9995
      vertex 4.77091205130642 -64.92944634408754 4.9995
      vertex 4.77091205130642 -64.92944634408754 0
    endloop
  endfacet
  facet normal -0.935016242685414 0.35460488704253806 0
    outer loop
      vertex 4.77091205130642 -64.92944634408754 4.9995
      vertex 4.941883634852104 -64.47863132857512 4.9995
      vertex 4.941883634852104 -64.47863132857512 0
    endloop
  endfacet
  facet normal -0.9927088740980541 0.12053668025532221 0
    outer loop
      vertex 4.941883634852104 -64.47863132857512 4.9995
      vertex 5 -64 4.9995
      vertex 5 -64 0
    endloop
  endfacet
  facet normal -0.4647231720437612 -0.8854560256532138 0
    outer loop
      vertex 3.709209774085071 -62.12996751462917 4.9995
      vertex 3.709209774085071 -62.12996751462917 0
      vertex 4.136129493462311 -62.354032268212684 4.9995
    endloop
  endfacet
  facet normal -0.6631226582407996 -0.7485107481710972 0
    outer loop
      vertex 4.136129493462311 -62.354032268212684 4.9995
      vertex 4.136129493462311 -62.354032268212684 0
      vertex 4.497021496342202 -62.67375468351841 4.9995
    endloop
  endfacet
  facet normal -0.8229838658936557 -0.568064746731157 0
    outer loop
      vertex 4.497021496342202 -62.67375468351841 4.9995
      vertex 4.497021496342202 -62.67375468351841 0
      vertex 4.77091205130642 -63.07055365591246 4.9995
    endloop
  endfacet
  facet normal -0.9350162426854157 -0.3546048870425332 0
    outer loop
      vertex 4.77091205130642 -63.07055365591246 4.9995
      vertex 4.77091205130642 -63.07055365591246 0
      vertex 4.941883634852104 -63.52136867142489 4.9995
    endloop
  endfacet
  facet normal -0.9927088740980538 -0.12053668025532396 0
    outer loop
      vertex 5 -64 4.9995
      vertex 4.941883634852104 -63.52136867142489 4.9995
      vertex 4.941883634852104 -63.52136867142489 0
    endloop
  endfacet
  facet normal 0 0 1
    outer loop
      vertex -3 60.5 4.9995
      vertex 3 60.5 4.9995
      vertex -3 62 4.9995
    endloop
  endfacet
  facet normal 0 0 1
    outer loop
      vertex -3 66 4.9995
      vertex 3 66 4.9995
      vertex -3 67.5 4.9995
    endloop
  endfacet
  facet normal 0 1 0
    outer loop
      vertex -3 60.5 4.9995
      vertex -3 60.5 6.005
      vertex 3 60.5 6.005
    endloop
  endfacet
  facet normal 0 -1 0
    outer loop
      vertex -3 67.5 4.9995
      vertex 3 67.5 4.9995
      vertex -3 67.5 6.005
    endloop
  endfacet
  facet normal 0 1 0
    outer loop
      vertex -3 60.5 6.01
      vertex -3 60.5 10
      vertex 3 60.5 6.01
    endloop
  endfacet
  facet normal 0 -1 0
    outer loop
      vertex -3 67.5 6.01
      vertex 3 67.5 10
      vertex -3 67.5 10
    endloop
  endfacet
  facet normal 0 0 1
    outer loop
      vertex -3 62 4.9995
      vertex 3 60.5 4.9995
      vertex 3 62 4.9995
    endloop
  endfacet
  facet normal 0 0 1
    outer loop
      vertex -3 67.5 4.9995
      vertex 3 66 4.9995
      vertex 3 67.5 4.9995
    endloop
  endfacet
  facet normal 0 1 0
    outer loop
      vertex -3 60.5 4.9995
      vertex 3 60.5 6.005
      vertex 3 60.5 4.9995
    endloop
  endfacet
  facet normal 0 -1 0
    outer loop
      vertex -3 67.5 6.005
      vertex 3 67.5 4.9995
      vertex 3 67.5 6.005
    endloop
  endfacet
  facet normal 0 -1 0
    outer loop
      vertex -3 67.5 6.01
      vertex 3 67.5 6.01
      vertex 3 67.5 10
    endloop
  endfacet
  facet normal 0 1 0
    outer loop
      vertex 3 60.5 6.01
      vertex -3 60.5 10
      vertex 3 60.5 10
    endloop
  endfacet
  facet normal 0 0 1
    outer loop
      vertex -3 -67.5 4.9995
      vertex 3 -67.5 4.9995
      vertex -3 -66 4.9995
    endloop
  endfacet
  facet normal 0 0 1
    outer loop
      vertex -3 -62 4.9995
      vertex 3 -62 4.9995
      vertex -3 -60.5 4.9995
    endloop
  endfacet
  facet normal 0 1 0
    outer loop
      vertex -3 -67.5 4.9995
      vertex -3 -67.5 6.005
      vertex 3 -67.5 6.005
    endloop
  endfacet
  facet normal 0 -1 0
    outer loop
      vertex -3 -60.5 4.9995
      vertex 3 -60.5 4.9995
      vertex -3 -60.5 6.005
    endloop
  endfacet
  facet normal 0 1 0
    outer loop
      vertex -3 -67.5 6.01
      vertex -3 -67.5 10
      vertex 3 -67.5 6.01
    endloop
  endfacet
  facet normal 0 -1 0
    outer loop
      vertex -3 -60.5 6.01
      vertex 3 -60.5 10
      vertex -3 -60.5 10
    endloop
  endfacet
  facet normal 0 0 1
    outer loop
      vertex -3 -66 4.9995
      vertex 3 -67.5 4.9995
      vertex 3 -66 4.9995
    endloop
  endfacet
  facet normal 0 0 1
    outer loop
      vertex -3 -60.5 4.9995
      vertex 3 -62 4.9995
      vertex 3 -60.5 4.9995
    endloop
  endfacet
  facet normal 0 1 0
    outer loop
      vertex -3 -67.5 4.9995
      vertex 3 -67.5 6.005
      vertex 3 -67.5 4.9995
    endloop
  endfacet
  facet normal 0 -1 0
    outer loop
      vertex -3 -60.5 6.005
      vertex 3 -60.5 4.9995
      vertex 3 -60.5 6.005
    endloop
  endfacet
  facet normal 0 -1 0
    outer loop
      vertex -3 -60.5 6.01
      vertex 3 -60.5 6.01
      vertex 3 -60.5 10
    endloop
  endfacet
  facet normal 0 1 0
    outer loop
      vertex 3 -67.5 6.01
      vertex -3 -67.5 10
      vertex 3 -67.5 10
    endloop
  endfacet
  facet normal 0 0 1
    outer loop
      vertex -6.358225407650741 -64.986063948945 4.9995
      vertex -6.358225407650741 -63.013936051055 4.9995
      vertex -6.464375046583264 -64.4981019339565 4.9995
    endloop
  endfacet
  facet normal 0 0 1
    outer loop
      vertex -6.183711983740815 -65.4539525455066 4.9995
      vertex -6.183711983740815 -62.5460474544934 4.9995
      vertex -6.358225407650741 -64.986063948945 4.9995
    endloop
  endfacet
  facet normal 0 0 1
    outer loop
      vertex -6.183711983740815 -65.4539525455066 4.9995
      vertex -5.944387364909135 -65.89224286109459 4.9995
      vertex -5.944387364909135 -62.107757138905406 4.9995
    endloop
  endfacet
  facet normal 0 0 1
    outer loop
      vertex -5.944387364909135 -65.89224286109459 4.9995
      vertex -5.645123510239904 -66.2920125688085 4.9995
      vertex -5.645123510239904 -61.707987431191505 4.9995
    endloop
  endfacet
  facet normal 0 0 1
    outer loop
      vertex -4.892242861094591 -66.94438736490913 4.9995
      vertex -4.941883634852104 -64.47863132857512 4.9995
      vertex -5.292012568808497 -66.6451235102399 4.9995
    endloop
  endfacet
  facet normal 0 0 1
    outer loop
      vertex -5.292012568808497 -66.6451235102399 4.9995
      vertex -4.941883634852104 -64.47863132857512 4.9995
      vertex -5 -64 4.9995
    endloop
  endfacet
  facet normal 0 0 1
    outer loop
      vertex -5.645123510239904 -66.2920125688085 4.9995
      vertex -5.292012568808497 -66.6451235102399 4.9995
      vertex -5.292012568808497 -61.354876489760095 4.9995
    endloop
  endfacet
  facet normal 0 0 1
    outer loop
      vertex -4.892242861094591 -66.94438736490913 4.9995
      vertex -4.453952545506602 -67.18371198374082 4.9995
      vertex -4.497021496342202 -65.32624531648159 4.9995
    endloop
  endfacet
  facet normal 0 0 1
    outer loop
      vertex -4.453952545506602 -67.18371198374082 4.9995
      vertex -3.9860639489450045 -67.35822540765074 4.9995
      vertex -4.136129493462311 -65.64596773178731 4.9995
    endloop
  endfacet
  facet normal 0 0 1
    outer loop
      vertex -3.9860639489450045 -67.35822540765074 4.9995
      vertex -3.498101933956498 -67.46437504658327 4.9995
      vertex -3.709209774085071 -65.87003248537083 4.9995
    endloop
  endfacet
  facet normal 0 0 1
    outer loop
      vertex -3.498101933956498 -67.46437504658327 4.9995
      vertex -3 -67.5 4.9995
      vertex -3.2410733605106454 -65.98541774819611 4.9995
    endloop
  endfacet
  facet normal 0 0 1
    outer loop
      vertex -3 -67.5 4.9995
      vertex -3 -66 4.9995
      vertex -3.2410733605106454 -65.98541774819611 4.9995
    endloop
  endfacet
  facet normal 0 0 1
    outer loop
      vertex -4.892242861094591 -66.94438736490913 4.9995
      vertex -4.497021496342202 -65.32624531648159 4.9995
      vertex -4.77091205130642 -64.92944634408754 4.9995
    endloop
  endfacet
  facet normal 0 0 1
    outer loop
      vertex -4.941883634852104 -63.52136867142489 4.9995
      vertex -4.77091205130642 -63.07055365591246 4.9995
      vertex -4.892242861094592 -61.05561263509087 4.9995
    endloop
  endfacet
  facet normal 0 0 1
    outer loop
      vertex -4.497021496342202 -62.67375468351841 4.9995
      vertex -4.136129493462311 -62.354032268212684 4.9995
      vertex -4.453952545506603 -60.816288016259186 4.9995
    endloop
  endfacet
  facet normal 0 0 1
    outer loop
      vertex -3.2410733605106454 -65.98541774819611 4.9995
      vertex -3 -66 4.9995
      vertex -3 -65.98541774819611 4.9995
    endloop
  endfacet
  facet normal 0 0 1
    outer loop
      vertex -3.241073360510646 -62.014582251803894 4.9995
      vertex -3 -62.014582251803894 4.9995
      vertex -3 -62 4.9995
    endloop
  endfacet
  facet normal 0 0 1
    outer loop
      vertex -3.241073360510646 -62.014582251803894 4.9995
      vertex -3 -62 4.9995
      vertex -3 -60.5 4.9995
    endloop
  endfacet
  facet normal 0 0 1
    outer loop
      vertex -6.464375046583264 63.5018980660435 4.9995
      vertex -6.358225407650741 63.013936051055 4.9995
      vertex -6.358225407650741 64.986063948945 4.9995
    endloop
  endfacet
  facet normal 0 0 1
    outer loop
      vertex -6.358225407650741 63.013936051055 4.9995
      vertex -6.183711983740815 62.5460474544934 4.9995
      vertex -6.183711983740815 65.4539525455066 4.9995
    endloop
  endfacet
  facet normal 0 0 1
    outer loop
      vertex -5.944387364909135 62.107757138905406 4.9995
      vertex -5.944387364909135 65.89224286109459 4.9995
      vertex -6.183711983740815 62.5460474544934 4.9995
    endloop
  endfacet
  facet normal 0 0 1
    outer loop
      vertex -5.944387364909135 62.107757138905406 4.9995
      vertex -5.645123510239904 61.707987431191505 4.9995
      vertex -5.645123510239904 66.2920125688085 4.9995
    endloop
  endfacet
  facet normal 0 0 1
    outer loop
      vertex -5.292012568808497 61.354876489760095 4.9995
      vertex -4.892242861094591 61.05561263509087 4.9995
      vertex -4.941883634852104 63.52136867142489 4.9995
    endloop
  endfacet
  facet normal 0 0 1
    outer loop
      vertex -5.645123510239904 61.707987431191505 4.9995
      vertex -5.292012568808497 61.354876489760095 4.9995
      vertex -5.292012568808497 66.6451235102399 4.9995
    endloop
  endfacet
  facet normal 0 0 1
    outer loop
      vertex -5.292012568808497 61.354876489760095 4.9995
      vertex -4.941883634852104 63.52136867142489 4.9995
      vertex -5 64 4.9995
    endloop
  endfacet
  facet normal 0 0 1
    outer loop
      vertex -4.453952545506602 60.816288016259186 4.9995
      vertex -3.9860639489450045 60.64177459234926 4.9995
      vertex -4.136129493462311 62.354032268212684 4.9995
    endloop
  endfacet
  facet normal 0 0 1
    outer loop
      vertex -3.9860639489450045 60.64177459234926 4.9995
      vertex -3.498101933956498 60.535624953416736 4.9995
      vertex -3.709209774085071 62.12996751462917 4.9995
    endloop
  endfacet
  facet normal 0 0 1
    outer loop
      vertex -3.498101933956498 60.535624953416736 4.9995
      vertex -3 60.5 4.9995
      vertex -3.2410733605106454 62.014582251803894 4.9995
    endloop
  endfacet
  facet normal 0 0 1
    outer loop
      vertex -4.892242861094591 61.05561263509087 4.9995
      vertex -4.497021496342202 62.67375468351841 4.9995
      vertex -4.77091205130642 63.07055365591246 4.9995
    endloop
  endfacet
  facet normal 0 0 1
    outer loop
      vertex -4.892242861094591 61.05561263509087 4.9995
      vertex -4.453952545506602 60.816288016259186 4.9995
      vertex -4.497021496342202 62.67375468351841 4.9995
    endloop
  endfacet
  facet normal 0 0 1
    outer loop
      vertex -4.941883634852104 64.47863132857512 4.9995
      vertex -4.77091205130642 64.92944634408754 4.9995
      vertex -4.892242861094592 66.94438736490913 4.9995
    endloop
  endfacet
  facet normal 0 0 1
    outer loop
      vertex -4.497021496342202 65.32624531648159 4.9995
      vertex -4.136129493462311 65.64596773178731 4.9995
      vertex -4.453952545506603 67.18371198374082 4.9995
    endloop
  endfacet
  facet normal 0 0 1
    outer loop
      vertex -3 60.5 4.9995
      vertex -3 62 4.9995
      vertex -3.2410733605106454 62.014582251803894 4.9995
    endloop
  endfacet
  facet normal 0 0 1
    outer loop
      vertex -3.2410733605106454 62.014582251803894 4.9995
      vertex -3 62 4.9995
      vertex -3 62.014582251803894 4.9995
    endloop
  endfacet
  facet normal 0 0 1
    outer loop
      vertex -3.241073360510646 65.98541774819611 4.9995
      vertex -3 65.98541774819611 4.9995
      vertex -3 66 4.9995
    endloop
  endfacet
  facet normal 0 0 1
    outer loop
      vertex -3.241073360510646 65.98541774819611 4.9995
      vertex -3 66 4.9995
      vertex -3 67.5 4.9995
    endloop
  endfacet
  facet normal 0 0 1
    outer loop
      vertex -6.464375046583264 63.5018980660435 4.9995
      vertex -6.464375046583264 64.4981019339565 4.9995
      vertex -6.5 64 4.9995
    endloop
  endfacet
  facet normal 0 0 1
    outer loop
      vertex -6.464375046583264 63.5018980660435 4.9995
      vertex -6.358225407650741 64.986063948945 4.9995
      vertex -6.464375046583264 64.4981019339565 4.9995
    endloop
  endfacet
  facet normal 0 0 1
    outer loop
      vertex -6.358225407650741 63.013936051055 4.9995
      vertex -6.183711983740815 65.4539525455066 4.9995
      vertex -6.358225407650741 64.986063948945 4.9995
    endloop
  endfacet
  facet normal 0 0 1
    outer loop
      vertex -6.183711983740815 62.5460474544934 4.9995
      vertex -5.944387364909135 65.89224286109459 4.9995
      vertex -6.183711983740815 65.4539525455066 4.9995
    endloop
  endfacet
  facet normal 0 0 1
    outer loop
      vertex -5.944387364909135 62.107757138905406 4.9995
      vertex -5.645123510239904 66.2920125688085 4.9995
      vertex -5.944387364909135 65.89224286109459 4.9995
    endloop
  endfacet
  facet normal 0 0 1
    outer loop
      vertex -5.645123510239904 61.707987431191505 4.9995
      vertex -5.292012568808497 66.6451235102399 4.9995
      vertex -5.645123510239904 66.2920125688085 4.9995
    endloop
  endfacet
  facet normal 0 0 1
    outer loop
      vertex -5.292012568808497 61.354876489760095 4.9995
      vertex -5 64 4.9995
      vertex -4.892242861094592 66.94438736490913 4.9995
    endloop
  endfacet
  facet normal 0 0 1
    outer loop
      vertex -5.292012568808497 61.354876489760095 4.9995
      vertex -4.892242861094592 66.94438736490913 4.9995
      vertex -5.292012568808497 66.6451235102399 4.9995
    endloop
  endfacet
  facet normal 0 0 1
    outer loop
      vertex -4.892242861094591 61.05561263509087 4.9995
      vertex -4.77091205130642 63.07055365591246 4.9995
      vertex -4.941883634852104 63.52136867142489 4.9995
    endloop
  endfacet
  facet normal 0 0 1
    outer loop
      vertex -4.497021496342202 62.67375468351841 4.9995
      vertex -4.453952545506602 60.816288016259186 4.9995
      vertex -4.136129493462311 62.354032268212684 4.9995
    endloop
  endfacet
  facet normal 0 0 1
    outer loop
      vertex -3.9860639489450045 60.64177459234926 4.9995
      vertex -3.709209774085071 62.12996751462917 4.9995
      vertex -4.136129493462311 62.354032268212684 4.9995
    endloop
  endfacet
  facet normal 0 0 1
    outer loop
      vertex -5 64 4.9995
      vertex -4.941883634852104 64.47863132857512 4.9995
      vertex -4.892242861094592 66.94438736490913 4.9995
    endloop
  endfacet
  facet normal 0 0 1
    outer loop
      vertex -4.77091205130642 64.92944634408754 4.9995
      vertex -4.497021496342202 65.32624531648159 4.9995
      vertex -4.892242861094592 66.94438736490913 4.9995
    endloop
  endfacet
  facet normal 0 0 1
    outer loop
      vertex -3.498101933956498 60.535624953416736 4.9995
      vertex -3.2410733605106454 62.014582251803894 4.9995
      vertex -3.709209774085071 62.12996751462917 4.9995
    endloop
  endfacet
  facet normal 0 0 1
    outer loop
      vertex -4.497021496342202 65.32624531648159 4.9995
      vertex -4.453952545506603 67.18371198374082 4.9995
      vertex -4.892242861094592 66.94438736490913 4.9995
    endloop
  endfacet
  facet normal 0 0 1
    outer loop
      vertex -4.136129493462311 65.64596773178731 4.9995
      vertex -3.709209774085071 65.87003248537083 4.9995
      vertex -4.453952545506603 67.18371198374082 4.9995
    endloop
  endfacet
  facet normal 0 0 1
    outer loop
      vertex -3.709209774085071 65.87003248537083 4.9995
      vertex -3.9860639489450036 67.35822540765074 4.9995
      vertex -4.453952545506603 67.18371198374082 4.9995
    endloop
  endfacet
  facet normal 0 0 1
    outer loop
      vertex -3.709209774085071 65.87003248537083 4.9995
      vertex -3.241073360510646 65.98541774819611 4.9995
      vertex -3.9860639489450036 67.35822540765074 4.9995
    endloop
  endfacet
  facet normal 0 0 1
    outer loop
      vertex -3.241073360510646 65.98541774819611 4.9995
      vertex -3.498101933956498 67.46437504658327 4.9995
      vertex -3.9860639489450036 67.35822540765074 4.9995
    endloop
  endfacet
  facet normal 0 0 1
    outer loop
      vertex -3.241073360510646 65.98541774819611 4.9995
      vertex -3 67.5 4.9995
      vertex -3.498101933956498 67.46437504658327 4.9995
    endloop
  endfacet
  facet normal 0.5992776665113437 0.8005412409243627 0
    outer loop
      vertex -5.292012568808497 61.354876489760095 4.9995
      vertex -4.892242861094591 61.05561263509087 6.005
      vertex -4.892242861094591 61.05561263509087 4.9995
    endloop
  endfacet
  facet normal 0.9974521146102534 0.07133918319923366 0
    outer loop
      vertex -6.464375046583264 63.5018980660435 4.9995
      vertex -6.5 64 4.9995
      vertex -6.464375046583264 63.5018980660435 6.005
    endloop
  endfacet
  facet normal 0.9771468659711595 0.21256528955297635 0
    outer loop
      vertex -6.464375046583264 63.5018980660435 4.9995
      vertex -6.358225407650741 63.013936051055 6.005
      vertex -6.358225407650741 63.013936051055 4.9995
    endloop
  endfacet
  facet normal 0.9974521146102534 -0.07133918319923264 0
    outer loop
      vertex -6.5 64 4.9995
      vertex -6.464375046583264 64.4981019339565 4.9995
      vertex -6.5 64 6.005
    endloop
  endfacet
  facet normal 0.977146865971159 -0.21256528955297932 0
    outer loop
      vertex -6.464375046583264 64.4981019339565 4.9995
      vertex -6.358225407650741 64.986063948945 4.9995
      vertex -6.464375046583264 64.4981019339565 6.005
    endloop
  endfacet
  facet normal 0.9369497249997608 -0.3494641795991007 0
    outer loop
      vertex -6.358225407650741 64.986063948945 4.9995
      vertex -6.183711983740815 65.4539525455066 4.9995
      vertex -6.358225407650741 64.986063948945 6.005
    endloop
  endfacet
  facet normal 0.877678989567257 0.4792489867200544 0
    outer loop
      vertex -5.944387364909135 62.107757138905406 4.9995
      vertex -6.183711983740815 62.5460474544934 4.9995
      vertex -5.944387364909135 62.107757138905406 6.005
    endloop
  endfacet
  facet normal 0.8005412409243563 0.5992776665113524 0
    outer loop
      vertex -5.944387364909135 62.107757138905406 4.9995
      vertex -5.645123510239904 61.707987431191505 6.005
      vertex -5.645123510239904 61.707987431191505 4.9995
    endloop
  endfacet
  facet normal 0.9369497249997626 0.3494641795990961 0
    outer loop
      vertex -6.358225407650741 63.013936051055 4.9995
      vertex -6.183711983740815 62.5460474544934 6.005
      vertex -6.183711983740815 62.5460474544934 4.9995
    endloop
  endfacet
  facet normal 0.7071067811865502 0.7071067811865449 0
    outer loop
      vertex -5.645123510239904 61.707987431191505 4.9995
      vertex -5.292012568808497 61.354876489760095 6.005
      vertex -5.292012568808497 61.354876489760095 4.9995
    endloop
  endfacet
  facet normal 0.877678989567257 -0.4792489867200544 0
    outer loop
      vertex -6.183711983740815 65.4539525455066 4.9995
      vertex -5.944387364909135 65.89224286109459 4.9995
      vertex -6.183711983740815 65.4539525455066 6.005
    endloop
  endfacet
  facet normal 0.8005412409243665 -0.5992776665113387 0
    outer loop
      vertex -5.944387364909135 65.89224286109459 4.9995
      vertex -5.645123510239904 66.2920125688085 4.9995
      vertex -5.944387364909135 65.89224286109459 6.005
    endloop
  endfacet
  facet normal 0.5992776665113437 0.8005412409243627 0
    outer loop
      vertex -5.292012568808497 61.354876489760095 4.9995
      vertex -5.292012568808497 61.354876489760095 6.005
      vertex -4.892242861094591 61.05561263509087 6.005
    endloop
  endfacet
  facet normal 0.9369497249997626 0.3494641795990961 0
    outer loop
      vertex -6.358225407650741 63.013936051055 4.9995
      vertex -6.358225407650741 63.013936051055 6.005
      vertex -6.183711983740815 62.5460474544934 6.005
    endloop
  endfacet
  facet normal 0.9771468659711595 0.21256528955297635 0
    outer loop
      vertex -6.464375046583264 63.5018980660435 4.9995
      vertex -6.464375046583264 63.5018980660435 6.005
      vertex -6.358225407650741 63.013936051055 6.005
    endloop
  endfacet
  facet normal 0.9974521146102534 0.07133918319923366 0
    outer loop
      vertex -6.5 64 4.9995
      vertex -6.5 64 6.005
      vertex -6.464375046583264 63.5018980660435 6.005
    endloop
  endfacet
  facet normal 0.9974521146102534 -0.07133918319923264 0
    outer loop
      vertex -6.464375046583264 64.4981019339565 4.9995
      vertex -6.464375046583264 64.4981019339565 6.005
      vertex -6.5 64 6.005
    endloop
  endfacet
  facet normal 0.977146865971159 -0.21256528955297932 0
    outer loop
      vertex -6.358225407650741 64.986063948945 4.9995
      vertex -6.358225407650741 64.986063948945 6.005
      vertex -6.464375046583264 64.4981019339565 6.005
    endloop
  endfacet
  facet normal 0.877678989567257 0.4792489867200544 0
    outer loop
      vertex -5.944387364909135 62.107757138905406 6.005
      vertex -6.183711983740815 62.5460474544934 4.9995
      vertex -6.183711983740815 62.5460474544934 6.005
    endloop
  endfacet
  facet normal 0.8005412409243563 0.5992776665113524 0
    outer loop
      vertex -5.944387364909135 62.107757138905406 4.9995
      vertex -5.944387364909135 62.107757138905406 6.005
      vertex -5.645123510239904 61.707987431191505 6.005
    endloop
  endfacet
  facet normal 0.7071067811865502 0.7071067811865449 0
    outer loop
      vertex -5.645123510239904 61.707987431191505 4.9995
      vertex -5.645123510239904 61.707987431191505 6.005
      vertex -5.292012568808497 61.354876489760095 6.005
    endloop
  endfacet
  facet normal 0.9369497249997608 -0.3494641795991007 0
    outer loop
      vertex -6.183711983740815 65.4539525455066 4.9995
      vertex -6.183711983740815 65.4539525455066 6.005
      vertex -6.358225407650741 64.986063948945 6.005
    endloop
  endfacet
  facet normal 0.877678989567257 -0.4792489867200544 0
    outer loop
      vertex -5.944387364909135 65.89224286109459 4.9995
      vertex -5.944387364909135 65.89224286109459 6.005
      vertex -6.183711983740815 65.4539525455066 6.005
    endloop
  endfacet
  facet normal 0.707106781186536 -0.7071067811865591 0
    outer loop
      vertex -5.645123510239904 66.2920125688085 4.9995
      vertex -5.292012568808497 66.6451235102399 4.9995
      vertex -5.645123510239904 66.2920125688085 6.005
    endloop
  endfacet
  facet normal 0.5992776665113538 -0.8005412409243553 0
    outer loop
      vertex -5.292012568808497 66.6451235102399 4.9995
      vertex -4.892242861094592 66.94438736490913 4.9995
      vertex -5.292012568808497 66.6451235102399 6.005
    endloop
  endfacet
  facet normal 0.8005412409243665 -0.5992776665113387 0
    outer loop
      vertex -5.645123510239904 66.2920125688085 4.9995
      vertex -5.645123510239904 66.2920125688085 6.005
      vertex -5.944387364909135 65.89224286109459 6.005
    endloop
  endfacet
  facet normal 0.707106781186536 -0.7071067811865591 0
    outer loop
      vertex -5.292012568808497 66.6451235102399 4.9995
      vertex -5.292012568808497 66.6451235102399 6.005
      vertex -5.645123510239904 66.2920125688085 6.005
    endloop
  endfacet
  facet normal 0.5992776665113538 -0.8005412409243553 0
    outer loop
      vertex -4.892242861094592 66.94438736490913 4.9995
      vertex -4.892242861094592 66.94438736490913 6.005
      vertex -5.292012568808497 66.6451235102399 6.005
    endloop
  endfacet
  facet normal 0.47924898672005795 0.877678989567255 0
    outer loop
      vertex -4.892242861094591 61.05561263509087 4.9995
      vertex -4.453952545506602 60.816288016259186 6.005
      vertex -4.453952545506602 60.816288016259186 4.9995
    endloop
  endfacet
  facet normal 0.34946417959910275 0.93694972499976 0
    outer loop
      vertex -4.453952545506602 60.816288016259186 4.9995
      vertex -3.9860639489450045 60.64177459234926 6.005
      vertex -3.9860639489450045 60.64177459234926 4.9995
    endloop
  endfacet
  facet normal 0.21256528955297202 0.9771468659711605 0
    outer loop
      vertex -3.9860639489450045 60.64177459234926 4.9995
      vertex -3.498101933956498 60.535624953416736 6.005
      vertex -3.498101933956498 60.535624953416736 4.9995
    endloop
  endfacet
  facet normal 0.07133918319923366 0.9974521146102534 0
    outer loop
      vertex -3.498101933956498 60.535624953416736 4.9995
      vertex -3 60.5 6.005
      vertex -3 60.5 4.9995
    endloop
  endfacet
  facet normal 0.47924898672005795 0.877678989567255 0
    outer loop
      vertex -4.892242861094591 61.05561263509087 4.9995
      vertex -4.892242861094591 61.05561263509087 6.005
      vertex -4.453952545506602 60.816288016259186 6.005
    endloop
  endfacet
  facet normal 0.34946417959910275 0.93694972499976 0
    outer loop
      vertex -4.453952545506602 60.816288016259186 4.9995
      vertex -4.453952545506602 60.816288016259186 6.005
      vertex -3.9860639489450045 60.64177459234926 6.005
    endloop
  endfacet
  facet normal 0.21256528955297202 0.9771468659711605 0
    outer loop
      vertex -3.9860639489450045 60.64177459234926 4.9995
      vertex -3.9860639489450045 60.64177459234926 6.005
      vertex -3.498101933956498 60.535624953416736 6.005
    endloop
  endfacet
  facet normal 0.07133918319923366 0.9974521146102534 0
    outer loop
      vertex -3.498101933956498 60.535624953416736 4.9995
      vertex -3.498101933956498 60.535624953416736 6.005
      vertex -3 60.5 6.005
    endloop
  endfacet
  facet normal 0.47924898672006894 -0.877678989567249 0
    outer loop
      vertex -4.892242861094592 66.94438736490913 4.9995
      vertex -4.453952545506603 67.18371198374082 4.9995
      vertex -4.892242861094592 66.94438736490913 6.005
    endloop
  endfacet
  facet normal 0.3494641795990766 -0.9369497249997697 0
    outer loop
      vertex -4.453952545506603 67.18371198374082 4.9995
      vertex -3.9860639489450036 67.35822540765074 4.9995
      vertex -4.453952545506603 67.18371198374082 6.005
    endloop
  endfacet
  facet normal 0.2125652895529996 -0.9771468659711546 0
    outer loop
      vertex -3.9860639489450036 67.35822540765074 4.9995
      vertex -3.498101933956498 67.46437504658327 4.9995
      vertex -3.9860639489450036 67.35822540765074 6.005
    endloop
  endfacet
  facet normal 0.0713391831992195 -0.9974521146102544 0
    outer loop
      vertex -3.498101933956498 67.46437504658327 4.9995
      vertex -3 67.5 4.9995
      vertex -3.498101933956498 67.46437504658327 6.005
    endloop
  endfacet
  facet normal 0.47924898672006894 -0.877678989567249 0
    outer loop
      vertex -4.892242861094592 66.94438736490913 6.005
      vertex -4.453952545506603 67.18371198374082 4.9995
      vertex -4.453952545506603 67.18371198374082 6.005
    endloop
  endfacet
  facet normal 0.3494641795990766 -0.9369497249997697 0
    outer loop
      vertex -3.9860639489450036 67.35822540765074 4.9995
      vertex -3.9860639489450036 67.35822540765074 6.005
      vertex -4.453952545506603 67.18371198374082 6.005
    endloop
  endfacet
  facet normal 0.2125652895529996 -0.9771468659711546 0
    outer loop
      vertex -3.498101933956498 67.46437504658327 4.9995
      vertex -3.498101933956498 67.46437504658327 6.005
      vertex -3.9860639489450036 67.35822540765074 6.005
    endloop
  endfacet
  facet normal 0.0713391831992195 -0.9974521146102544 0
    outer loop
      vertex -3 67.5 4.9995
      vertex -3 67.5 6.005
      vertex -3.498101933956498 67.46437504658327 6.005
    endloop
  endfacet
  facet normal 0.5992776665113438 0.8005412409243629 0
    outer loop
      vertex -5.292012568808497 61.354876489760095 6.01
      vertex -5.292012568808497 61.354876489760095 10
      vertex -4.892242861094591 61.05561263509087 6.01
    endloop
  endfacet
  facet normal 0.9369497249997626 0.34946417959909604 0
    outer loop
      vertex -6.358225407650741 63.013936051055 6.01
      vertex -6.358225407650741 63.013936051055 10
      vertex -6.183711983740815 62.5460474544934 6.01
    endloop
  endfacet
  facet normal 0.9771468659711595 0.21256528955297635 0
    outer loop
      vertex -6.464375046583264 63.5018980660435 6.01
      vertex -6.464375046583264 63.5018980660435 10
      vertex -6.358225407650741 63.013936051055 6.01
    endloop
  endfacet
  facet normal 0.9974521146102535 0.07133918319923367 0
    outer loop
      vertex -6.464375046583264 63.5018980660435 6.01
      vertex -6.5 64 6.01
      vertex -6.5 64 10
    endloop
  endfacet
  facet normal 0.9974521146102535 -0.07133918319923266 0
    outer loop
      vertex -6.5 64 6.01
      vertex -6.464375046583264 64.4981019339565 6.01
      vertex -6.464375046583264 64.4981019339565 10
    endloop
  endfacet
  facet normal 0.9771468659711591 -0.21256528955297932 0
    outer loop
      vertex -6.464375046583264 64.4981019339565 6.01
      vertex -6.358225407650741 64.986063948945 6.01
      vertex -6.358225407650741 64.986063948945 10
    endloop
  endfacet
  facet normal 0.877678989567257 0.4792489867200544 0
    outer loop
      vertex -5.944387364909135 62.107757138905406 6.01
      vertex -6.183711983740815 62.5460474544934 6.01
      vertex -6.183711983740815 62.5460474544934 10
    endloop
  endfacet
  facet normal 0.8005412409243563 0.5992776665113523 0
    outer loop
      vertex -5.944387364909135 62.107757138905406 6.01
      vertex -5.944387364909135 62.107757138905406 10
      vertex -5.645123510239904 61.707987431191505 6.01
    endloop
  endfacet
  facet normal 0.7071067811865502 0.7071067811865448 0
    outer loop
      vertex -5.645123510239904 61.707987431191505 6.01
      vertex -5.645123510239904 61.707987431191505 10
      vertex -5.292012568808497 61.354876489760095 6.01
    endloop
  endfacet
  facet normal 0.9369497249997609 -0.34946417959910075 0
    outer loop
      vertex -6.358225407650741 64.986063948945 6.01
      vertex -6.183711983740815 65.4539525455066 6.01
      vertex -6.183711983740815 65.4539525455066 10
    endloop
  endfacet
  facet normal 0.877678989567257 -0.4792489867200544 0
    outer loop
      vertex -6.183711983740815 65.4539525455066 6.01
      vertex -5.944387364909135 65.89224286109459 6.01
      vertex -5.944387364909135 65.89224286109459 10
    endloop
  endfacet
  facet normal 0.8005412409243665 -0.5992776665113387 0
    outer loop
      vertex -5.944387364909135 65.89224286109459 6.01
      vertex -5.645123510239904 66.2920125688085 6.01
      vertex -5.645123510239904 66.2920125688085 10
    endloop
  endfacet
  facet normal 0.7071067811865359 -0.707106781186559 0
    outer loop
      vertex -5.645123510239904 66.2920125688085 6.01
      vertex -5.292012568808497 66.6451235102399 6.01
      vertex -5.292012568808497 66.6451235102399 10
    endloop
  endfacet
  facet normal 0.5992776665113537 -0.8005412409243552 0
    outer loop
      vertex -5.292012568808497 66.6451235102399 6.01
      vertex -4.892242861094592 66.94438736490913 6.01
      vertex -4.892242861094592 66.94438736490913 10
    endloop
  endfacet
  facet normal 0.479248986720058 0.877678989567255 0
    outer loop
      vertex -4.892242861094591 61.05561263509087 6.01
      vertex -4.892242861094591 61.05561263509087 10
      vertex -4.453952545506602 60.816288016259186 6.01
    endloop
  endfacet
  facet normal 0.34946417959910275 0.93694972499976 0
    outer loop
      vertex -4.453952545506602 60.816288016259186 6.01
      vertex -4.453952545506602 60.816288016259186 10
      vertex -3.9860639489450045 60.64177459234926 6.01
    endloop
  endfacet
  facet normal 0.21256528955297205 0.9771468659711605 0
    outer loop
      vertex -3.9860639489450045 60.64177459234926 6.01
      vertex -3.9860639489450045 60.64177459234926 10
      vertex -3.498101933956498 60.535624953416736 6.01
    endloop
  endfacet
  facet normal 0.07133918319923367 0.9974521146102535 0
    outer loop
      vertex -3.498101933956498 60.535624953416736 6.01
      vertex -3.498101933956498 60.535624953416736 10
      vertex -3 60.5 6.01
    endloop
  endfacet
  facet normal 0.47924898672006894 -0.877678989567249 0
    outer loop
      vertex -4.892242861094592 66.94438736490913 6.01
      vertex -4.453952545506603 67.18371198374082 6.01
      vertex -4.453952545506603 67.18371198374082 10
    endloop
  endfacet
  facet normal 0.34946417959907666 -0.9369497249997699 0
    outer loop
      vertex -4.453952545506603 67.18371198374082 6.01
      vertex -3.9860639489450036 67.35822540765074 6.01
      vertex -3.9860639489450036 67.35822540765074 10
    endloop
  endfacet
  facet normal 0.21256528955299955 -0.9771468659711545 0
    outer loop
      vertex -3.9860639489450036 67.35822540765074 6.01
      vertex -3.498101933956498 67.46437504658327 6.01
      vertex -3.498101933956498 67.46437504658327 10
    endloop
  endfacet
  facet normal 0.07133918319921952 -0.9974521146102545 0
    outer loop
      vertex -3.498101933956498 67.46437504658327 6.01
      vertex -3 67.5 6.01
      vertex -3 67.5 10
    endloop
  endfacet
  facet normal 0.5992776665113438 0.8005412409243629 0
    outer loop
      vertex -4.892242861094591 61.05561263509087 6.01
      vertex -5.292012568808497 61.354876489760095 10
      vertex -4.892242861094591 61.05561263509087 10
    endloop
  endfacet
  facet normal 0.9974521146102535 0.07133918319923367 0
    outer loop
      vertex -6.464375046583264 63.5018980660435 6.01
      vertex -6.5 64 10
      vertex -6.464375046583264 63.5018980660435 10
    endloop
  endfacet
  facet normal 0.9771468659711595 0.21256528955297635 0
    outer loop
      vertex -6.358225407650741 63.013936051055 6.01
      vertex -6.464375046583264 63.5018980660435 10
      vertex -6.358225407650741 63.013936051055 10
    endloop
  endfacet
  facet normal 0.9974521146102535 -0.07133918319923266 0
    outer loop
      vertex -6.5 64 6.01
      vertex -6.464375046583264 64.4981019339565 10
      vertex -6.5 64 10
    endloop
  endfacet
  facet normal 0.9771468659711591 -0.21256528955297932 0
    outer loop
      vertex -6.464375046583264 64.4981019339565 6.01
      vertex -6.358225407650741 64.986063948945 10
      vertex -6.464375046583264 64.4981019339565 10
    endloop
  endfacet
  facet normal 0.9369497249997609 -0.34946417959910075 0
    outer loop
      vertex -6.358225407650741 64.986063948945 6.01
      vertex -6.183711983740815 65.4539525455066 10
      vertex -6.358225407650741 64.986063948945 10
    endloop
  endfacet
  facet normal 0.877678989567257 0.4792489867200544 0
    outer loop
      vertex -5.944387364909135 62.107757138905406 6.01
      vertex -6.183711983740815 62.5460474544934 10
      vertex -5.944387364909135 62.107757138905406 10
    endloop
  endfacet
  facet normal 0.8005412409243563 0.5992776665113523 0
    outer loop
      vertex -5.645123510239904 61.707987431191505 6.01
      vertex -5.944387364909135 62.107757138905406 10
      vertex -5.645123510239904 61.707987431191505 10
    endloop
  endfacet
  facet normal 0.9369497249997626 0.34946417959909604 0
    outer loop
      vertex -6.183711983740815 62.5460474544934 6.01
      vertex -6.358225407650741 63.013936051055 10
      vertex -6.183711983740815 62.5460474544934 10
    endloop
  endfacet
  facet normal 0.7071067811865502 0.7071067811865448 0
    outer loop
      vertex -5.292012568808497 61.354876489760095 6.01
      vertex -5.645123510239904 61.707987431191505 10
      vertex -5.292012568808497 61.354876489760095 10
    endloop
  endfacet
  facet normal 0.877678989567257 -0.4792489867200544 0
    outer loop
      vertex -6.183711983740815 65.4539525455066 6.01
      vertex -5.944387364909135 65.89224286109459 10
      vertex -6.183711983740815 65.4539525455066 10
    endloop
  endfacet
  facet normal 0.8005412409243665 -0.5992776665113387 0
    outer loop
      vertex -5.944387364909135 65.89224286109459 6.01
      vertex -5.645123510239904 66.2920125688085 10
      vertex -5.944387364909135 65.89224286109459 10
    endloop
  endfacet
  facet normal 0.7071067811865359 -0.707106781186559 0
    outer loop
      vertex -5.645123510239904 66.2920125688085 6.01
      vertex -5.292012568808497 66.6451235102399 10
      vertex -5.645123510239904 66.2920125688085 10
    endloop
  endfacet
  facet normal 0.5992776665113537 -0.8005412409243552 0
    outer loop
      vertex -5.292012568808497 66.6451235102399 6.01
      vertex -4.892242861094592 66.94438736490913 10
      vertex -5.292012568808497 66.6451235102399 10
    endloop
  endfacet
  facet normal 0.479248986720058 0.877678989567255 0
    outer loop
      vertex -4.453952545506602 60.816288016259186 6.01
      vertex -4.892242861094591 61.05561263509087 10
      vertex -4.453952545506602 60.816288016259186 10
    endloop
  endfacet
  facet normal 0.34946417959910275 0.93694972499976 0
    outer loop
      vertex -3.9860639489450045 60.64177459234926 6.01
      vertex -4.453952545506602 60.816288016259186 10
      vertex -3.9860639489450045 60.64177459234926 10
    endloop
  endfacet
  facet normal 0.21256528955297205 0.9771468659711605 0
    outer loop
      vertex -3.498101933956498 60.535624953416736 6.01
      vertex -3.9860639489450045 60.64177459234926 10
      vertex -3.498101933956498 60.535624953416736 10
    endloop
  endfacet
  facet normal 0.07133918319923367 0.9974521146102535 0
    outer loop
      vertex -3 60.5 6.01
      vertex -3.498101933956498 60.535624953416736 10
      vertex -3 60.5 10
    endloop
  endfacet
  facet normal 0.47924898672006894 -0.877678989567249 0
    outer loop
      vertex -4.892242861094592 66.94438736490913 6.01
      vertex -4.453952545506603 67.18371198374082 10
      vertex -4.892242861094592 66.94438736490913 10
    endloop
  endfacet
  facet normal 0.34946417959907666 -0.9369497249997699 0
    outer loop
      vertex -4.453952545506603 67.18371198374082 6.01
      vertex -3.9860639489450036 67.35822540765074 10
      vertex -4.453952545506603 67.18371198374082 10
    endloop
  endfacet
  facet normal 0.21256528955299955 -0.9771468659711545 0
    outer loop
      vertex -3.9860639489450036 67.35822540765074 6.01
      vertex -3.498101933956498 67.46437504658327 10
      vertex -3.9860639489450036 67.35822540765074 10
    endloop
  endfacet
  facet normal 0.07133918319921952 -0.9974521146102545 0
    outer loop
      vertex -3.498101933956498 67.46437504658327 6.01
      vertex -3 67.5 10
      vertex -3.498101933956498 67.46437504658327 10
    endloop
  endfacet
  facet normal 0 0 1
    outer loop
      vertex -6.464375046583264 -64.4981019339565 4.9995
      vertex -6.464375046583264 -63.5018980660435 4.9995
      vertex -6.5 -64 4.9995
    endloop
  endfacet
  facet normal 0 0 1
    outer loop
      vertex -6.464375046583264 -64.4981019339565 4.9995
      vertex -6.358225407650741 -63.013936051055 4.9995
      vertex -6.464375046583264 -63.5018980660435 4.9995
    endloop
  endfacet
  facet normal 0 0 1
    outer loop
      vertex -6.358225407650741 -64.986063948945 4.9995
      vertex -6.183711983740815 -62.5460474544934 4.9995
      vertex -6.358225407650741 -63.013936051055 4.9995
    endloop
  endfacet
  facet normal 0 0 1
    outer loop
      vertex -5.292012568808497 -66.6451235102399 4.9995
      vertex -5 -64 4.9995
      vertex -4.892242861094592 -61.05561263509087 4.9995
    endloop
  endfacet
  facet normal 0 0 1
    outer loop
      vertex -6.183711983740815 -65.4539525455066 4.9995
      vertex -5.944387364909135 -62.107757138905406 4.9995
      vertex -6.183711983740815 -62.5460474544934 4.9995
    endloop
  endfacet
  facet normal 0 0 1
    outer loop
      vertex -5.944387364909135 -65.89224286109459 4.9995
      vertex -5.645123510239904 -61.707987431191505 4.9995
      vertex -5.944387364909135 -62.107757138905406 4.9995
    endloop
  endfacet
  facet normal 0 0 1
    outer loop
      vertex -5.645123510239904 -66.2920125688085 4.9995
      vertex -5.292012568808497 -61.354876489760095 4.9995
      vertex -5.645123510239904 -61.707987431191505 4.9995
    endloop
  endfacet
  facet normal 0 0 1
    outer loop
      vertex -5.292012568808497 -66.6451235102399 4.9995
      vertex -4.892242861094592 -61.05561263509087 4.9995
      vertex -5.292012568808497 -61.354876489760095 4.9995
    endloop
  endfacet
  facet normal 0 0 1
    outer loop
      vertex -3.9860639489450045 -67.35822540765074 4.9995
      vertex -3.709209774085071 -65.87003248537083 4.9995
      vertex -4.136129493462311 -65.64596773178731 4.9995
    endloop
  endfacet
  facet normal 0 0 1
    outer loop
      vertex -3.498101933956498 -67.46437504658327 4.9995
      vertex -3.2410733605106454 -65.98541774819611 4.9995
      vertex -3.709209774085071 -65.87003248537083 4.9995
    endloop
  endfacet
  facet normal 0 0 1
    outer loop
      vertex -4.892242861094591 -66.94438736490913 4.9995
      vertex -4.77091205130642 -64.92944634408754 4.9995
      vertex -4.941883634852104 -64.47863132857512 4.9995
    endloop
  endfacet
  facet normal 0 0 1
    outer loop
      vertex -4.497021496342202 -65.32624531648159 4.9995
      vertex -4.453952545506602 -67.18371198374082 4.9995
      vertex -4.136129493462311 -65.64596773178731 4.9995
    endloop
  endfacet
  facet normal 0 0 1
    outer loop
      vertex -5 -64 4.9995
      vertex -4.941883634852104 -63.52136867142489 4.9995
      vertex -4.892242861094592 -61.05561263509087 4.9995
    endloop
  endfacet
  facet normal 0 0 1
    outer loop
      vertex -4.77091205130642 -63.07055365591246 4.9995
      vertex -4.497021496342202 -62.67375468351841 4.9995
      vertex -4.892242861094592 -61.05561263509087 4.9995
    endloop
  endfacet
  facet normal 0 0 1
    outer loop
      vertex -4.497021496342202 -62.67375468351841 4.9995
      vertex -4.453952545506603 -60.816288016259186 4.9995
      vertex -4.892242861094592 -61.05561263509087 4.9995
    endloop
  endfacet
  facet normal 0 0 1
    outer loop
      vertex -4.136129493462311 -62.354032268212684 4.9995
      vertex -3.709209774085071 -62.12996751462917 4.9995
      vertex -4.453952545506603 -60.816288016259186 4.9995
    endloop
  endfacet
  facet normal 0 0 1
    outer loop
      vertex -3.9860639489450036 -60.64177459234926 4.9995
      vertex -3.709209774085071 -62.12996751462917 4.9995
      vertex -3.241073360510646 -62.014582251803894 4.9995
    endloop
  endfacet
  facet normal 0 0 1
    outer loop
      vertex -4.453952545506603 -60.816288016259186 4.9995
      vertex -3.709209774085071 -62.12996751462917 4.9995
      vertex -3.9860639489450036 -60.64177459234926 4.9995
    endloop
  endfacet
  facet normal 0 0 1
    outer loop
      vertex -3.9860639489450036 -60.64177459234926 4.9995
      vertex -3.241073360510646 -62.014582251803894 4.9995
      vertex -3.498101933956498 -60.535624953416736 4.9995
    endloop
  endfacet
  facet normal 0 0 1
    outer loop
      vertex -3.498101933956498 -60.535624953416736 4.9995
      vertex -3.241073360510646 -62.014582251803894 4.9995
      vertex -3 -60.5 4.9995
    endloop
  endfacet
  facet normal 0.8005412409243665 0.5992776665113387 0
    outer loop
      vertex -5.944387364909135 -65.89224286109459 4.9995
      vertex -5.645123510239904 -66.2920125688085 6.005
      vertex -5.645123510239904 -66.2920125688085 4.9995
    endloop
  endfacet
  facet normal 0.707106781186536 0.7071067811865591 0
    outer loop
      vertex -5.645123510239904 -66.2920125688085 4.9995
      vertex -5.292012568808497 -66.6451235102399 6.005
      vertex -5.292012568808497 -66.6451235102399 4.9995
    endloop
  endfacet
  facet normal 0.599277666511353 0.800541240924356 0
    outer loop
      vertex -4.892242861094591 -66.94438736490913 4.9995
      vertex -5.292012568808497 -66.6451235102399 4.9995
      vertex -4.892242861094591 -66.94438736490913 6.005
    endloop
  endfacet
  facet normal 0.707106781186536 0.7071067811865591 0
    outer loop
      vertex -5.645123510239904 -66.2920125688085 4.9995
      vertex -5.645123510239904 -66.2920125688085 6.005
      vertex -5.292012568808497 -66.6451235102399 6.005
    endloop
  endfacet
  facet normal 0.599277666511353 0.800541240924356 0
    outer loop
      vertex -5.292012568808497 -66.6451235102399 4.9995
      vertex -5.292012568808497 -66.6451235102399 6.005
      vertex -4.892242861094591 -66.94438736490913 6.005
    endloop
  endfacet
  facet normal 0.9974521146102534 0.07133918319923264 0
    outer loop
      vertex -6.464375046583264 -64.4981019339565 4.9995
      vertex -6.5 -64 4.9995
      vertex -6.464375046583264 -64.4981019339565 6.005
    endloop
  endfacet
  facet normal 0.977146865971159 0.21256528955297932 0
    outer loop
      vertex -6.358225407650741 -64.986063948945 4.9995
      vertex -6.464375046583264 -64.4981019339565 4.9995
      vertex -6.358225407650741 -64.986063948945 6.005
    endloop
  endfacet
  facet normal 0.9974521146102534 -0.07133918319923366 0
    outer loop
      vertex -6.5 -64 4.9995
      vertex -6.464375046583264 -63.5018980660435 4.9995
      vertex -6.5 -64 6.005
    endloop
  endfacet
  facet normal 0.9771468659711595 -0.21256528955297635 0
    outer loop
      vertex -6.464375046583264 -63.5018980660435 4.9995
      vertex -6.358225407650741 -63.013936051055 4.9995
      vertex -6.464375046583264 -63.5018980660435 6.005
    endloop
  endfacet
  facet normal 0.9369497249997626 -0.3494641795990961 0
    outer loop
      vertex -6.358225407650741 -63.013936051055 4.9995
      vertex -6.183711983740815 -62.5460474544934 4.9995
      vertex -6.358225407650741 -63.013936051055 6.005
    endloop
  endfacet
  facet normal 0.877678989567257 0.4792489867200544 0
    outer loop
      vertex -6.183711983740815 -65.4539525455066 4.9995
      vertex -5.944387364909135 -65.89224286109459 6.005
      vertex -5.944387364909135 -65.89224286109459 4.9995
    endloop
  endfacet
  facet normal 0.9369497249997608 0.3494641795991007 0
    outer loop
      vertex -6.183711983740815 -65.4539525455066 4.9995
      vertex -6.358225407650741 -64.986063948945 4.9995
      vertex -6.183711983740815 -65.4539525455066 6.005
    endloop
  endfacet
  facet normal 0.877678989567257 -0.4792489867200544 0
    outer loop
      vertex -6.183711983740815 -62.5460474544934 4.9995
      vertex -5.944387364909135 -62.107757138905406 4.9995
      vertex -6.183711983740815 -62.5460474544934 6.005
    endloop
  endfacet
  facet normal 0.8005412409243563 -0.5992776665113524 0
    outer loop
      vertex -5.944387364909135 -62.107757138905406 4.9995
      vertex -5.645123510239904 -61.707987431191505 4.9995
      vertex -5.944387364909135 -62.107757138905406 6.005
    endloop
  endfacet
  facet normal 0.7071067811865502 -0.7071067811865449 0
    outer loop
      vertex -5.645123510239904 -61.707987431191505 4.9995
      vertex -5.292012568808497 -61.354876489760095 4.9995
      vertex -5.645123510239904 -61.707987431191505 6.005
    endloop
  endfacet
  facet normal 0.5992776665113447 -0.8005412409243622 0
    outer loop
      vertex -5.292012568808497 -61.354876489760095 4.9995
      vertex -4.892242861094592 -61.05561263509087 4.9995
      vertex -5.292012568808497 -61.354876489760095 6.005
    endloop
  endfacet
  facet normal 0.9369497249997608 0.3494641795991007 0
    outer loop
      vertex -6.358225407650741 -64.986063948945 4.9995
      vertex -6.358225407650741 -64.986063948945 6.005
      vertex -6.183711983740815 -65.4539525455066 6.005
    endloop
  endfacet
  facet normal 0.977146865971159 0.21256528955297932 0
    outer loop
      vertex -6.464375046583264 -64.4981019339565 4.9995
      vertex -6.464375046583264 -64.4981019339565 6.005
      vertex -6.358225407650741 -64.986063948945 6.005
    endloop
  endfacet
  facet normal 0.9974521146102534 0.07133918319923264 0
    outer loop
      vertex -6.5 -64 4.9995
      vertex -6.5 -64 6.005
      vertex -6.464375046583264 -64.4981019339565 6.005
    endloop
  endfacet
  facet normal 0.9974521146102534 -0.07133918319923366 0
    outer loop
      vertex -6.464375046583264 -63.5018980660435 4.9995
      vertex -6.464375046583264 -63.5018980660435 6.005
      vertex -6.5 -64 6.005
    endloop
  endfacet
  facet normal 0.9771468659711595 -0.21256528955297635 0
    outer loop
      vertex -6.358225407650741 -63.013936051055 4.9995
      vertex -6.358225407650741 -63.013936051055 6.005
      vertex -6.464375046583264 -63.5018980660435 6.005
    endloop
  endfacet
  facet normal 0.877678989567257 0.4792489867200544 0
    outer loop
      vertex -6.183711983740815 -65.4539525455066 4.9995
      vertex -6.183711983740815 -65.4539525455066 6.005
      vertex -5.944387364909135 -65.89224286109459 6.005
    endloop
  endfacet
  facet normal 0.8005412409243665 0.5992776665113387 0
    outer loop
      vertex -5.944387364909135 -65.89224286109459 4.9995
      vertex -5.944387364909135 -65.89224286109459 6.005
      vertex -5.645123510239904 -66.2920125688085 6.005
    endloop
  endfacet
  facet normal 0.9369497249997626 -0.3494641795990961 0
    outer loop
      vertex -6.183711983740815 -62.5460474544934 4.9995
      vertex -6.183711983740815 -62.5460474544934 6.005
      vertex -6.358225407650741 -63.013936051055 6.005
    endloop
  endfacet
  facet normal 0.877678989567257 -0.4792489867200544 0
    outer loop
      vertex -6.183711983740815 -62.5460474544934 6.005
      vertex -5.944387364909135 -62.107757138905406 4.9995
      vertex -5.944387364909135 -62.107757138905406 6.005
    endloop
  endfacet
  facet normal 0.8005412409243563 -0.5992776665113524 0
    outer loop
      vertex -5.645123510239904 -61.707987431191505 4.9995
      vertex -5.645123510239904 -61.707987431191505 6.005
      vertex -5.944387364909135 -62.107757138905406 6.005
    endloop
  endfacet
  facet normal 0.7071067811865502 -0.7071067811865449 0
    outer loop
      vertex -5.292012568808497 -61.354876489760095 4.9995
      vertex -5.292012568808497 -61.354876489760095 6.005
      vertex -5.645123510239904 -61.707987431191505 6.005
    endloop
  endfacet
  facet normal 0.5992776665113447 -0.8005412409243622 0
    outer loop
      vertex -4.892242861094592 -61.05561263509087 4.9995
      vertex -4.892242861094592 -61.05561263509087 6.005
      vertex -5.292012568808497 -61.354876489760095 6.005
    endloop
  endfacet
  facet normal 0.47924898672006894 0.877678989567249 0
    outer loop
      vertex -4.892242861094591 -66.94438736490913 4.9995
      vertex -4.453952545506602 -67.18371198374082 6.005
      vertex -4.453952545506602 -67.18371198374082 4.9995
    endloop
  endfacet
  facet normal 0.34946417959907783 0.9369497249997694 0
    outer loop
      vertex -4.453952545506602 -67.18371198374082 4.9995
      vertex -3.9860639489450045 -67.35822540765074 6.005
      vertex -3.9860639489450045 -67.35822540765074 4.9995
    endloop
  endfacet
  facet normal 0.21256528955299922 0.9771468659711547 0
    outer loop
      vertex -3.9860639489450045 -67.35822540765074 4.9995
      vertex -3.498101933956498 -67.46437504658327 6.005
      vertex -3.498101933956498 -67.46437504658327 4.9995
    endloop
  endfacet
  facet normal 0.0713391831992195 0.9974521146102544 0
    outer loop
      vertex -3.498101933956498 -67.46437504658327 4.9995
      vertex -3 -67.5 6.005
      vertex -3 -67.5 4.9995
    endloop
  endfacet
  facet normal 0.47924898672006894 0.877678989567249 0
    outer loop
      vertex -4.892242861094591 -66.94438736490913 4.9995
      vertex -4.892242861094591 -66.94438736490913 6.005
      vertex -4.453952545506602 -67.18371198374082 6.005
    endloop
  endfacet
  facet normal 0.21256528955299922 0.9771468659711547 0
    outer loop
      vertex -3.9860639489450045 -67.35822540765074 4.9995
      vertex -3.9860639489450045 -67.35822540765074 6.005
      vertex -3.498101933956498 -67.46437504658327 6.005
    endloop
  endfacet
  facet normal 0.34946417959907783 0.9369497249997694 0
    outer loop
      vertex -4.453952545506602 -67.18371198374082 4.9995
      vertex -4.453952545506602 -67.18371198374082 6.005
      vertex -3.9860639489450045 -67.35822540765074 6.005
    endloop
  endfacet
  facet normal 0.0713391831992195 0.9974521146102544 0
    outer loop
      vertex -3.498101933956498 -67.46437504658327 4.9995
      vertex -3.498101933956498 -67.46437504658327 6.005
      vertex -3 -67.5 6.005
    endloop
  endfacet
  facet normal 0.47924898672005795 -0.877678989567255 0
    outer loop
      vertex -4.892242861094592 -61.05561263509087 4.9995
      vertex -4.453952545506603 -60.816288016259186 4.9995
      vertex -4.892242861094592 -61.05561263509087 6.005
    endloop
  endfacet
  facet normal 0.3494641795991016 -0.9369497249997606 0
    outer loop
      vertex -4.453952545506603 -60.816288016259186 4.9995
      vertex -3.9860639489450036 -60.64177459234926 4.9995
      vertex -4.453952545506603 -60.816288016259186 6.005
    endloop
  endfacet
  facet normal 0.2125652895529724 -0.9771468659711605 0
    outer loop
      vertex -3.9860639489450036 -60.64177459234926 4.9995
      vertex -3.498101933956498 -60.535624953416736 4.9995
      vertex -3.9860639489450036 -60.64177459234926 6.005
    endloop
  endfacet
  facet normal 0.07133918319923366 -0.9974521146102534 0
    outer loop
      vertex -3.498101933956498 -60.535624953416736 4.9995
      vertex -3 -60.5 4.9995
      vertex -3.498101933956498 -60.535624953416736 6.005
    endloop
  endfacet
  facet normal 0.47924898672005795 -0.877678989567255 0
    outer loop
      vertex -4.892242861094592 -61.05561263509087 6.005
      vertex -4.453952545506603 -60.816288016259186 4.9995
      vertex -4.453952545506603 -60.816288016259186 6.005
    endloop
  endfacet
  facet normal 0.3494641795991016 -0.9369497249997606 0
    outer loop
      vertex -3.9860639489450036 -60.64177459234926 4.9995
      vertex -3.9860639489450036 -60.64177459234926 6.005
      vertex -4.453952545506603 -60.816288016259186 6.005
    endloop
  endfacet
  facet normal 0.2125652895529724 -0.9771468659711605 0
    outer loop
      vertex -3.498101933956498 -60.535624953416736 4.9995
      vertex -3.498101933956498 -60.535624953416736 6.005
      vertex -3.9860639489450036 -60.64177459234926 6.005
    endloop
  endfacet
  facet normal 0.07133918319923366 -0.9974521146102534 0
    outer loop
      vertex -3 -60.5 4.9995
      vertex -3 -60.5 6.005
      vertex -3.498101933956498 -60.535624953416736 6.005
    endloop
  endfacet
  facet normal 0.7071067811865359 0.707106781186559 0
    outer loop
      vertex -5.645123510239904 -66.2920125688085 6.01
      vertex -5.645123510239904 -66.2920125688085 10
      vertex -5.292012568808497 -66.6451235102399 6.01
    endloop
  endfacet
  facet normal 0.5992776665113528 0.8005412409243559 0
    outer loop
      vertex -4.892242861094591 -66.94438736490913 6.01
      vertex -5.292012568808497 -66.6451235102399 6.01
      vertex -5.292012568808497 -66.6451235102399 10
    endloop
  endfacet
  facet normal 0.9369497249997609 0.34946417959910075 0
    outer loop
      vertex -6.183711983740815 -65.4539525455066 6.01
      vertex -6.358225407650741 -64.986063948945 6.01
      vertex -6.358225407650741 -64.986063948945 10
    endloop
  endfacet
  facet normal 0.9771468659711591 0.21256528955297932 0
    outer loop
      vertex -6.358225407650741 -64.986063948945 6.01
      vertex -6.464375046583264 -64.4981019339565 6.01
      vertex -6.464375046583264 -64.4981019339565 10
    endloop
  endfacet
  facet normal 0.9974521146102535 0.07133918319923266 0
    outer loop
      vertex -6.464375046583264 -64.4981019339565 6.01
      vertex -6.5 -64 6.01
      vertex -6.5 -64 10
    endloop
  endfacet
  facet normal 0.9974521146102535 -0.07133918319923367 0
    outer loop
      vertex -6.5 -64 6.01
      vertex -6.464375046583264 -63.5018980660435 6.01
      vertex -6.464375046583264 -63.5018980660435 10
    endloop
  endfacet
  facet normal 0.9771468659711595 -0.21256528955297635 0
    outer loop
      vertex -6.464375046583264 -63.5018980660435 6.01
      vertex -6.358225407650741 -63.013936051055 6.01
      vertex -6.358225407650741 -63.013936051055 10
    endloop
  endfacet
  facet normal 0.877678989567257 0.4792489867200544 0
    outer loop
      vertex -6.183711983740815 -65.4539525455066 6.01
      vertex -6.183711983740815 -65.4539525455066 10
      vertex -5.944387364909135 -65.89224286109459 6.01
    endloop
  endfacet
  facet normal 0.8005412409243665 0.5992776665113387 0
    outer loop
      vertex -5.944387364909135 -65.89224286109459 6.01
      vertex -5.944387364909135 -65.89224286109459 10
      vertex -5.645123510239904 -66.2920125688085 6.01
    endloop
  endfacet
  facet normal 0.9369497249997626 -0.34946417959909604 0
    outer loop
      vertex -6.358225407650741 -63.013936051055 6.01
      vertex -6.183711983740815 -62.5460474544934 6.01
      vertex -6.183711983740815 -62.5460474544934 10
    endloop
  endfacet
  facet normal 0.877678989567257 -0.4792489867200544 0
    outer loop
      vertex -6.183711983740815 -62.5460474544934 6.01
      vertex -5.944387364909135 -62.107757138905406 6.01
      vertex -5.944387364909135 -62.107757138905406 10
    endloop
  endfacet
  facet normal 0.8005412409243563 -0.5992776665113523 0
    outer loop
      vertex -5.944387364909135 -62.107757138905406 6.01
      vertex -5.645123510239904 -61.707987431191505 6.01
      vertex -5.645123510239904 -61.707987431191505 10
    endloop
  endfacet
  facet normal 0.7071067811865502 -0.7071067811865448 0
    outer loop
      vertex -5.645123510239904 -61.707987431191505 6.01
      vertex -5.292012568808497 -61.354876489760095 6.01
      vertex -5.292012568808497 -61.354876489760095 10
    endloop
  endfacet
  facet normal 0.5992776665113447 -0.8005412409243622 0
    outer loop
      vertex -5.292012568808497 -61.354876489760095 6.01
      vertex -4.892242861094592 -61.05561263509087 6.01
      vertex -4.892242861094592 -61.05561263509087 10
    endloop
  endfacet
  facet normal 0.47924898672006894 0.877678989567249 0
    outer loop
      vertex -4.892242861094591 -66.94438736490913 6.01
      vertex -4.892242861094591 -66.94438736490913 10
      vertex -4.453952545506602 -67.18371198374082 6.01
    endloop
  endfacet
  facet normal 0.21256528955299922 0.9771468659711546 0
    outer loop
      vertex -3.9860639489450045 -67.35822540765074 6.01
      vertex -3.9860639489450045 -67.35822540765074 10
      vertex -3.498101933956498 -67.46437504658327 6.01
    endloop
  endfacet
  facet normal 0.34946417959907783 0.9369497249997694 0
    outer loop
      vertex -4.453952545506602 -67.18371198374082 6.01
      vertex -4.453952545506602 -67.18371198374082 10
      vertex -3.9860639489450045 -67.35822540765074 6.01
    endloop
  endfacet
  facet normal 0.07133918319921952 0.9974521146102545 0
    outer loop
      vertex -3.498101933956498 -67.46437504658327 6.01
      vertex -3.498101933956498 -67.46437504658327 10
      vertex -3 -67.5 6.01
    endloop
  endfacet
  facet normal 0.479248986720058 -0.877678989567255 0
    outer loop
      vertex -4.892242861094592 -61.05561263509087 6.01
      vertex -4.453952545506603 -60.816288016259186 6.01
      vertex -4.453952545506603 -60.816288016259186 10
    endloop
  endfacet
  facet normal 0.3494641795991016 -0.9369497249997605 0
    outer loop
      vertex -4.453952545506603 -60.816288016259186 6.01
      vertex -3.9860639489450036 -60.64177459234926 6.01
      vertex -3.9860639489450036 -60.64177459234926 10
    endloop
  endfacet
  facet normal 0.2125652895529724 -0.9771468659711605 0
    outer loop
      vertex -3.9860639489450036 -60.64177459234926 6.01
      vertex -3.498101933956498 -60.535624953416736 6.01
      vertex -3.498101933956498 -60.535624953416736 10
    endloop
  endfacet
  facet normal 0.07133918319923367 -0.9974521146102535 0
    outer loop
      vertex -3.498101933956498 -60.535624953416736 6.01
      vertex -3 -60.5 6.01
      vertex -3 -60.5 10
    endloop
  endfacet
  facet normal 0.8005412409243665 0.5992776665113387 0
    outer loop
      vertex -5.645123510239904 -66.2920125688085 6.01
      vertex -5.944387364909135 -65.89224286109459 10
      vertex -5.645123510239904 -66.2920125688085 10
    endloop
  endfacet
  facet normal 0.7071067811865359 0.707106781186559 0
    outer loop
      vertex -5.292012568808497 -66.6451235102399 6.01
      vertex -5.645123510239904 -66.2920125688085 10
      vertex -5.292012568808497 -66.6451235102399 10
    endloop
  endfacet
  facet normal 0.5992776665113528 0.8005412409243559 0
    outer loop
      vertex -4.892242861094591 -66.94438736490913 6.01
      vertex -5.292012568808497 -66.6451235102399 10
      vertex -4.892242861094591 -66.94438736490913 10
    endloop
  endfacet
  facet normal 0.9974521146102535 0.07133918319923266 0
    outer loop
      vertex -6.464375046583264 -64.4981019339565 6.01
      vertex -6.5 -64 10
      vertex -6.464375046583264 -64.4981019339565 10
    endloop
  endfacet
  facet normal 0.9771468659711591 0.21256528955297932 0
    outer loop
      vertex -6.358225407650741 -64.986063948945 6.01
      vertex -6.464375046583264 -64.4981019339565 10
      vertex -6.358225407650741 -64.986063948945 10
    endloop
  endfacet
  facet normal 0.9974521146102535 -0.07133918319923367 0
    outer loop
      vertex -6.5 -64 6.01
      vertex -6.464375046583264 -63.5018980660435 10
      vertex -6.5 -64 10
    endloop
  endfacet
  facet normal 0.9771468659711595 -0.21256528955297635 0
    outer loop
      vertex -6.464375046583264 -63.5018980660435 6.01
      vertex -6.358225407650741 -63.013936051055 10
      vertex -6.464375046583264 -63.5018980660435 10
    endloop
  endfacet
  facet normal 0.9369497249997626 -0.34946417959909604 0
    outer loop
      vertex -6.358225407650741 -63.013936051055 6.01
      vertex -6.183711983740815 -62.5460474544934 10
      vertex -6.358225407650741 -63.013936051055 10
    endloop
  endfacet
  facet normal 0.877678989567257 0.4792489867200544 0
    outer loop
      vertex -5.944387364909135 -65.89224286109459 6.01
      vertex -6.183711983740815 -65.4539525455066 10
      vertex -5.944387364909135 -65.89224286109459 10
    endloop
  endfacet
  facet normal 0.9369497249997609 0.34946417959910075 0
    outer loop
      vertex -6.183711983740815 -65.4539525455066 6.01
      vertex -6.358225407650741 -64.986063948945 10
      vertex -6.183711983740815 -65.4539525455066 10
    endloop
  endfacet
  facet normal 0.877678989567257 -0.4792489867200544 0
    outer loop
      vertex -6.183711983740815 -62.5460474544934 6.01
      vertex -5.944387364909135 -62.107757138905406 10
      vertex -6.183711983740815 -62.5460474544934 10
    endloop
  endfacet
  facet normal 0.8005412409243563 -0.5992776665113523 0
    outer loop
      vertex -5.944387364909135 -62.107757138905406 6.01
      vertex -5.645123510239904 -61.707987431191505 10
      vertex -5.944387364909135 -62.107757138905406 10
    endloop
  endfacet
  facet normal 0.7071067811865502 -0.7071067811865448 0
    outer loop
      vertex -5.645123510239904 -61.707987431191505 6.01
      vertex -5.292012568808497 -61.354876489760095 10
      vertex -5.645123510239904 -61.707987431191505 10
    endloop
  endfacet
  facet normal 0.5992776665113447 -0.8005412409243622 0
    outer loop
      vertex -5.292012568808497 -61.354876489760095 6.01
      vertex -4.892242861094592 -61.05561263509087 10
      vertex -5.292012568808497 -61.354876489760095 10
    endloop
  endfacet
  facet normal 0.47924898672006894 0.877678989567249 0
    outer loop
      vertex -4.453952545506602 -67.18371198374082 6.01
      vertex -4.892242861094591 -66.94438736490913 10
      vertex -4.453952545506602 -67.18371198374082 10
    endloop
  endfacet
  facet normal 0.34946417959907783 0.9369497249997694 0
    outer loop
      vertex -3.9860639489450045 -67.35822540765074 6.01
      vertex -4.453952545506602 -67.18371198374082 10
      vertex -3.9860639489450045 -67.35822540765074 10
    endloop
  endfacet
  facet normal 0.21256528955299922 0.9771468659711546 0
    outer loop
      vertex -3.498101933956498 -67.46437504658327 6.01
      vertex -3.9860639489450045 -67.35822540765074 10
      vertex -3.498101933956498 -67.46437504658327 10
    endloop
  endfacet
  facet normal 0.07133918319921952 0.9974521146102545 0
    outer loop
      vertex -3 -67.5 6.01
      vertex -3.498101933956498 -67.46437504658327 10
      vertex -3 -67.5 10
    endloop
  endfacet
  facet normal 0.479248986720058 -0.877678989567255 0
    outer loop
      vertex -4.892242861094592 -61.05561263509087 6.01
      vertex -4.453952545506603 -60.816288016259186 10
      vertex -4.892242861094592 -61.05561263509087 10
    endloop
  endfacet
  facet normal 0.3494641795991016 -0.9369497249997605 0
    outer loop
      vertex -4.453952545506603 -60.816288016259186 6.01
      vertex -3.9860639489450036 -60.64177459234926 10
      vertex -4.453952545506603 -60.816288016259186 10
    endloop
  endfacet
  facet normal 0.2125652895529724 -0.9771468659711605 0
    outer loop
      vertex -3.9860639489450036 -60.64177459234926 6.01
      vertex -3.498101933956498 -60.535624953416736 10
      vertex -3.9860639489450036 -60.64177459234926 10
    endloop
  endfacet
  facet normal 0.07133918319923367 -0.9974521146102535 0
    outer loop
      vertex -3.498101933956498 -60.535624953416736 6.01
      vertex -3 -60.5 10
      vertex -3.498101933956498 -60.535624953416736 10
    endloop
  endfacet
  facet normal 0 0 1
    outer loop
      vertex 3 -67.5 4.9995
      vertex 3.498101933956498 -67.46437504658327 4.9995
      vertex 3.2410733605106454 -65.98541774819611 4.9995
    endloop
  endfacet
  facet normal 0 0 1
    outer loop
      vertex 3.9860639489450045 -67.35822540765074 4.9995
      vertex 3.709209774085071 -65.87003248537083 4.9995
      vertex 3.2410733605106454 -65.98541774819611 4.9995
    endloop
  endfacet
  facet normal 0 0 1
    outer loop
      vertex 4.453952545506604 -67.1837119837408 4.9995
      vertex 4.136129493462312 -65.64596773178731 4.9995
      vertex 3.709209774085071 -65.87003248537083 4.9995
    endloop
  endfacet
  facet normal 0 0 1
    outer loop
      vertex 4.453952545506604 -67.1837119837408 4.9995
      vertex 4.8922428610945925 -66.94438736490913 4.9995
      vertex 4.497021496342202 -65.32624531648159 4.9995
    endloop
  endfacet
  facet normal 0 0 1
    outer loop
      vertex 3.241073360510646 -62.014582251803894 4.9995
      vertex 3.709209774085071 -62.12996751462917 4.9995
      vertex 3.498101933956498 -60.535624953416736 4.9995
    endloop
  endfacet
  facet normal 0 0 1
    outer loop
      vertex 4.8922428610945925 -66.94438736490913 4.9995
      vertex 4.77091205130642 -64.92944634408754 4.9995
      vertex 4.497021496342202 -65.32624531648159 4.9995
    endloop
  endfacet
  facet normal 0 0 1
    outer loop
      vertex 4.8922428610945925 -66.94438736490913 4.9995
      vertex 5 -64 4.9995
      vertex 4.941883634852104 -64.47863132857512 4.9995
    endloop
  endfacet
  facet normal 0 0 1
    outer loop
      vertex 3.709209774085071 -62.12996751462917 4.9995
      vertex 4.136129493462311 -62.354032268212684 4.9995
      vertex 3.9860639489450036 -60.64177459234926 4.9995
    endloop
  endfacet
  facet normal 0 0 1
    outer loop
      vertex 4.136129493462311 -62.354032268212684 4.9995
      vertex 4.497021496342202 -62.67375468351841 4.9995
      vertex 4.453952545506603 -60.816288016259186 4.9995
    endloop
  endfacet
  facet normal 0 0 1
    outer loop
      vertex 4.77091205130642 -63.07055365591246 4.9995
      vertex 4.941883634852104 -63.52136867142489 4.9995
      vertex 4.892242861094592 -61.05561263509087 4.9995
    endloop
  endfacet
  facet normal 0 0 1
    outer loop
      vertex 4.8922428610945925 -66.94438736490913 4.9995
      vertex 5.292012568808499 -66.6451235102399 4.9995
      vertex 5.292012568808497 -61.354876489760095 4.9995
    endloop
  endfacet
  facet normal 0 0 1
    outer loop
      vertex 4.8922428610945925 -66.94438736490913 4.9995
      vertex 5.292012568808497 -61.354876489760095 4.9995
      vertex 5 -64 4.9995
    endloop
  endfacet
  facet normal 0 0 1
    outer loop
      vertex 5.944387364909133 -65.89224286109459 4.9995
      vertex 6.183711983740814 -65.45395254550661 4.9995
      vertex 6.183711983740814 -62.5460474544934 4.9995
    endloop
  endfacet
  facet normal 0 0 1
    outer loop
      vertex 5.645123510239903 -66.2920125688085 4.9995
      vertex 5.944387364909135 -62.107757138905406 4.9995
      vertex 5.645123510239904 -61.707987431191505 4.9995
    endloop
  endfacet
  facet normal 0 0 1
    outer loop
      vertex 5.944387364909133 -65.89224286109459 4.9995
      vertex 6.183711983740814 -62.5460474544934 4.9995
      vertex 5.944387364909135 -62.107757138905406 4.9995
    endloop
  endfacet
  facet normal 0 0 1
    outer loop
      vertex 6.183711983740814 -65.45395254550661 4.9995
      vertex 6.358225407650741 -64.986063948945 4.9995
      vertex 6.358225407650741 -63.013936051055 4.9995
    endloop
  endfacet
  facet normal 0 0 1
    outer loop
      vertex 6.358225407650741 -64.986063948945 4.9995
      vertex 6.464375046583264 -64.4981019339565 4.9995
      vertex 6.464375046583264 -63.5018980660435 4.9995
    endloop
  endfacet
  facet normal 0 0 1
    outer loop
      vertex 3 60.5 4.9995
      vertex 3.498101933956498 60.535624953416736 4.9995
      vertex 3.2410733605106454 62.014582251803894 4.9995
    endloop
  endfacet
  facet normal 0 0 1
    outer loop
      vertex 3.2410733605106454 62.014582251803894 4.9995
      vertex 3.9860639489450045 60.64177459234926 4.9995
      vertex 3.709209774085071 62.12996751462917 4.9995
    endloop
  endfacet
  facet normal 0 0 1
    outer loop
      vertex 3.709209774085071 62.12996751462917 4.9995
      vertex 4.453952545506604 60.816288016259186 4.9995
      vertex 4.136129493462312 62.35403226821269 4.9995
    endloop
  endfacet
  facet normal 0 0 1
    outer loop
      vertex 4.453952545506604 60.816288016259186 4.9995
      vertex 4.8922428610945925 61.05561263509087 4.9995
      vertex 4.497021496342202 62.67375468351841 4.9995
    endloop
  endfacet
  facet normal 0 0 1
    outer loop
      vertex 4.8922428610945925 61.05561263509087 4.9995
      vertex 4.77091205130642 63.07055365591246 4.9995
      vertex 4.497021496342202 62.67375468351841 4.9995
    endloop
  endfacet
  facet normal 0 0 1
    outer loop
      vertex 4.8922428610945925 61.05561263509087 4.9995
      vertex 5 64 4.9995
      vertex 4.941883634852104 63.52136867142488 4.9995
    endloop
  endfacet
  facet normal 0 0 1
    outer loop
      vertex 4.136129493462311 65.64596773178731 4.9995
      vertex 4.497021496342202 65.32624531648159 4.9995
      vertex 4.453952545506603 67.18371198374082 4.9995
    endloop
  endfacet
  facet normal 0 0 1
    outer loop
      vertex 4.941883634852104 64.47863132857512 4.9995
      vertex 4.892242861094592 66.94438736490913 4.9995
      vertex 4.77091205130642 64.92944634408754 4.9995
    endloop
  endfacet
  facet normal 0 0 1
    outer loop
      vertex 3.241073360510646 65.98541774819611 4.9995
      vertex 3.709209774085071 65.87003248537083 4.9995
      vertex 3.498101933956498 67.46437504658327 4.9995
    endloop
  endfacet
  facet normal 0 0 1
    outer loop
      vertex 3.709209774085071 65.87003248537083 4.9995
      vertex 4.136129493462311 65.64596773178731 4.9995
      vertex 3.9860639489450036 67.35822540765074 4.9995
    endloop
  endfacet
  facet normal 0 0 1
    outer loop
      vertex 4.8922428610945925 61.05561263509087 4.9995
      vertex 5.292012568808499 61.354876489760095 4.9995
      vertex 5.292012568808497 66.6451235102399 4.9995
    endloop
  endfacet
  facet normal 0 0 1
    outer loop
      vertex 5.944387364909133 62.107757138905406 4.9995
      vertex 6.183711983740814 62.5460474544934 4.9995
      vertex 6.183711983740814 65.4539525455066 4.9995
    endloop
  endfacet
  facet normal 0 0 1
    outer loop
      vertex 4.8922428610945925 61.05561263509087 4.9995
      vertex 5.292012568808497 66.6451235102399 4.9995
      vertex 5 64 4.9995
    endloop
  endfacet
  facet normal 0 0 1
    outer loop
      vertex 5.645123510239903 61.7079874311915 4.9995
      vertex 5.944387364909135 65.89224286109459 4.9995
      vertex 5.645123510239904 66.2920125688085 4.9995
    endloop
  endfacet
  facet normal 0 0 1
    outer loop
      vertex 5.944387364909133 62.107757138905406 4.9995
      vertex 6.183711983740814 65.4539525455066 4.9995
      vertex 5.944387364909135 65.89224286109459 4.9995
    endloop
  endfacet
  facet normal 0 0 1
    outer loop
      vertex 6.183711983740814 62.5460474544934 4.9995
      vertex 6.358225407650741 63.013936051055 4.9995
      vertex 6.358225407650741 64.986063948945 4.9995
    endloop
  endfacet
  facet normal 0 0 1
    outer loop
      vertex 6.358225407650741 63.013936051055 4.9995
      vertex 6.464375046583264 63.5018980660435 4.9995
      vertex 6.464375046583264 64.49810193395649 4.9995
    endloop
  endfacet
  facet normal 0 0 1
    outer loop
      vertex 3.2410733605106454 62.014582251803894 4.9995
      vertex 3.498101933956498 60.535624953416736 4.9995
      vertex 3.9860639489450045 60.64177459234926 4.9995
    endloop
  endfacet
  facet normal 0 0 1
    outer loop
      vertex 3.709209774085071 62.12996751462917 4.9995
      vertex 3.9860639489450045 60.64177459234926 4.9995
      vertex 4.453952545506604 60.816288016259186 4.9995
    endloop
  endfacet
  facet normal 0 0 1
    outer loop
      vertex 3 60.5 4.9995
      vertex 3.2410733605106454 62.014582251803894 4.9995
      vertex 3 62 4.9995
    endloop
  endfacet
  facet normal 0 0 1
    outer loop
      vertex 3 62 4.9995
      vertex 3.2410733605106454 62.014582251803894 4.9995
      vertex 3 62.014582251803894 4.9995
    endloop
  endfacet
  facet normal 0 0 1
    outer loop
      vertex 3 65.98541774819611 4.9995
      vertex 3.241073360510646 65.98541774819611 4.9995
      vertex 3 66 4.9995
    endloop
  endfacet
  facet normal 0 0 1
    outer loop
      vertex 4.453952545506604 60.816288016259186 4.9995
      vertex 4.497021496342202 62.67375468351841 4.9995
      vertex 4.136129493462312 62.35403226821269 4.9995
    endloop
  endfacet
  facet normal 0 0 1
    outer loop
      vertex 4.8922428610945925 61.05561263509087 4.9995
      vertex 4.941883634852104 63.52136867142488 4.9995
      vertex 4.77091205130642 63.07055365591246 4.9995
    endloop
  endfacet
  facet normal 0 0 1
    outer loop
      vertex 4.497021496342202 65.32624531648159 4.9995
      vertex 4.77091205130642 64.92944634408754 4.9995
      vertex 4.892242861094592 66.94438736490913 4.9995
    endloop
  endfacet
  facet normal 0 0 1
    outer loop
      vertex 3 66 4.9995
      vertex 3.241073360510646 65.98541774819611 4.9995
      vertex 3 67.5 4.9995
    endloop
  endfacet
  facet normal 0 0 1
    outer loop
      vertex 3.241073360510646 65.98541774819611 4.9995
      vertex 3.498101933956498 67.46437504658327 4.9995
      vertex 3 67.5 4.9995
    endloop
  endfacet
  facet normal 0 0 1
    outer loop
      vertex 3.709209774085071 65.87003248537083 4.9995
      vertex 3.9860639489450036 67.35822540765074 4.9995
      vertex 3.498101933956498 67.46437504658327 4.9995
    endloop
  endfacet
  facet normal 0 0 1
    outer loop
      vertex 4.136129493462311 65.64596773178731 4.9995
      vertex 4.453952545506603 67.18371198374082 4.9995
      vertex 3.9860639489450036 67.35822540765074 4.9995
    endloop
  endfacet
  facet normal 0 0 1
    outer loop
      vertex 4.453952545506603 67.18371198374082 4.9995
      vertex 4.497021496342202 65.32624531648159 4.9995
      vertex 4.892242861094592 66.94438736490913 4.9995
    endloop
  endfacet
  facet normal 0 0 1
    outer loop
      vertex 5.292012568808499 61.354876489760095 4.9995
      vertex 5.645123510239903 61.7079874311915 4.9995
      vertex 5.645123510239904 66.2920125688085 4.9995
    endloop
  endfacet
  facet normal 0 0 1
    outer loop
      vertex 5.645123510239903 61.7079874311915 4.9995
      vertex 5.944387364909133 62.107757138905406 4.9995
      vertex 5.944387364909135 65.89224286109459 4.9995
    endloop
  endfacet
  facet normal 0 0 1
    outer loop
      vertex 5.292012568808499 61.354876489760095 4.9995
      vertex 5.645123510239904 66.2920125688085 4.9995
      vertex 5.292012568808497 66.6451235102399 4.9995
    endloop
  endfacet
  facet normal 0 0 1
    outer loop
      vertex 5 64 4.9995
      vertex 5.292012568808497 66.6451235102399 4.9995
      vertex 4.941883634852104 64.47863132857512 4.9995
    endloop
  endfacet
  facet normal 0 0 1
    outer loop
      vertex 4.941883634852104 64.47863132857512 4.9995
      vertex 5.292012568808497 66.6451235102399 4.9995
      vertex 4.892242861094592 66.94438736490913 4.9995
    endloop
  endfacet
  facet normal 0 0 1
    outer loop
      vertex 6.183711983740814 62.5460474544934 4.9995
      vertex 6.358225407650741 64.986063948945 4.9995
      vertex 6.183711983740814 65.4539525455066 4.9995
    endloop
  endfacet
  facet normal 0 0 1
    outer loop
      vertex 6.358225407650741 63.013936051055 4.9995
      vertex 6.464375046583264 64.49810193395649 4.9995
      vertex 6.358225407650741 64.986063948945 4.9995
    endloop
  endfacet
  facet normal 0 0 1
    outer loop
      vertex 6.464375046583264 63.5018980660435 4.9995
      vertex 6.5 64 4.9995
      vertex 6.464375046583264 64.49810193395649 4.9995
    endloop
  endfacet
  facet normal -0.07133918319923366 0.9974521146102534 0
    outer loop
      vertex 3 60.5 4.9995
      vertex 3.498101933956498 60.535624953416736 6.005
      vertex 3.498101933956498 60.535624953416736 4.9995
    endloop
  endfacet
  facet normal -0.21256528955297202 0.9771468659711605 0
    outer loop
      vertex 3.498101933956498 60.535624953416736 4.9995
      vertex 3.9860639489450045 60.64177459234926 6.005
      vertex 3.9860639489450045 60.64177459234926 4.9995
    endloop
  endfacet
  facet normal -0.3494641795991016 0.9369497249997606 0
    outer loop
      vertex 3.9860639489450045 60.64177459234926 4.9995
      vertex 4.453952545506604 60.816288016259186 6.005
      vertex 4.453952545506604 60.816288016259186 4.9995
    endloop
  endfacet
  facet normal -0.47924898672005795 0.877678989567255 0
    outer loop
      vertex 4.453952545506604 60.816288016259186 4.9995
      vertex 4.8922428610945925 61.05561263509087 6.005
      vertex 4.8922428610945925 61.05561263509087 4.9995
    endloop
  endfacet
  facet normal -0.07133918319923366 0.9974521146102534 0
    outer loop
      vertex 3 60.5 4.9995
      vertex 3 60.5 6.005
      vertex 3.498101933956498 60.535624953416736 6.005
    endloop
  endfacet
  facet normal -0.21256528955297202 0.9771468659711605 0
    outer loop
      vertex 3.498101933956498 60.535624953416736 4.9995
      vertex 3.498101933956498 60.535624953416736 6.005
      vertex 3.9860639489450045 60.64177459234926 6.005
    endloop
  endfacet
  facet normal -0.3494641795991016 0.9369497249997606 0
    outer loop
      vertex 3.9860639489450045 60.64177459234926 4.9995
      vertex 3.9860639489450045 60.64177459234926 6.005
      vertex 4.453952545506604 60.816288016259186 6.005
    endloop
  endfacet
  facet normal -0.47924898672005795 0.877678989567255 0
    outer loop
      vertex 4.453952545506604 60.816288016259186 4.9995
      vertex 4.453952545506604 60.816288016259186 6.005
      vertex 4.8922428610945925 61.05561263509087 6.005
    endloop
  endfacet
  facet normal -0.0713391831992195 -0.9974521146102544 0
    outer loop
      vertex 3 67.5 4.9995
      vertex 3.498101933956498 67.46437504658327 4.9995
      vertex 3 67.5 6.005
    endloop
  endfacet
  facet normal -0.2125652895529996 -0.9771468659711546 0
    outer loop
      vertex 3.498101933956498 67.46437504658327 4.9995
      vertex 3.9860639489450036 67.35822540765074 4.9995
      vertex 3.498101933956498 67.46437504658327 6.005
    endloop
  endfacet
  facet normal -0.3494641795990766 -0.9369497249997697 0
    outer loop
      vertex 3.9860639489450036 67.35822540765074 4.9995
      vertex 4.453952545506603 67.18371198374082 4.9995
      vertex 3.9860639489450036 67.35822540765074 6.005
    endloop
  endfacet
  facet normal -0.47924898672006894 -0.877678989567249 0
    outer loop
      vertex 4.453952545506603 67.18371198374082 4.9995
      vertex 4.892242861094592 66.94438736490913 4.9995
      vertex 4.453952545506603 67.18371198374082 6.005
    endloop
  endfacet
  facet normal -0.0713391831992195 -0.9974521146102544 0
    outer loop
      vertex 3.498101933956498 67.46437504658327 4.9995
      vertex 3.498101933956498 67.46437504658327 6.005
      vertex 3 67.5 6.005
    endloop
  endfacet
  facet normal -0.3494641795990766 -0.9369497249997697 0
    outer loop
      vertex 4.453952545506603 67.18371198374082 4.9995
      vertex 4.453952545506603 67.18371198374082 6.005
      vertex 3.9860639489450036 67.35822540765074 6.005
    endloop
  endfacet
  facet normal -0.2125652895529996 -0.9771468659711546 0
    outer loop
      vertex 3.9860639489450036 67.35822540765074 4.9995
      vertex 3.9860639489450036 67.35822540765074 6.005
      vertex 3.498101933956498 67.46437504658327 6.005
    endloop
  endfacet
  facet normal -0.47924898672006894 -0.877678989567249 0
    outer loop
      vertex 4.453952545506603 67.18371198374082 6.005
      vertex 4.892242861094592 66.94438736490913 4.9995
      vertex 4.892242861094592 66.94438736490913 6.005
    endloop
  endfacet
  facet normal -0.5992776665113437 0.8005412409243627 0
    outer loop
      vertex 4.8922428610945925 61.05561263509087 4.9995
      vertex 5.292012568808499 61.354876489760095 6.005
      vertex 5.292012568808499 61.354876489760095 4.9995
    endloop
  endfacet
  facet normal -0.7071067811865467 0.7071067811865485 0
    outer loop
      vertex 5.292012568808499 61.354876489760095 4.9995
      vertex 5.645123510239903 61.7079874311915 6.005
      vertex 5.645123510239903 61.7079874311915 4.9995
    endloop
  endfacet
  facet normal -0.8005412409243614 0.5992776665113456 0
    outer loop
      vertex 5.645123510239903 61.7079874311915 4.9995
      vertex 5.944387364909133 62.107757138905406 6.005
      vertex 5.944387364909133 62.107757138905406 4.9995
    endloop
  endfacet
  facet normal -0.8776789895672562 0.4792489867200557 0
    outer loop
      vertex 5.944387364909133 62.107757138905406 4.9995
      vertex 6.183711983740814 62.5460474544934 6.005
      vertex 6.183711983740814 62.5460474544934 4.9995
    endloop
  endfacet
  facet normal -0.9369497249997601 -0.34946417959910225 0
    outer loop
      vertex 6.358225407650741 64.986063948945 4.9995
      vertex 6.183711983740814 65.4539525455066 6.005
      vertex 6.183711983740814 65.4539525455066 4.9995
    endloop
  endfacet
  facet normal -0.8776789895672578 -0.47924898672005306 0
    outer loop
      vertex 5.944387364909135 65.89224286109459 4.9995
      vertex 6.183711983740814 65.4539525455066 4.9995
      vertex 5.944387364909135 65.89224286109459 6.005
    endloop
  endfacet
  facet normal -0.936949724999762 0.3494641795990976 0
    outer loop
      vertex 6.183711983740814 62.5460474544934 4.9995
      vertex 6.358225407650741 63.013936051055 6.005
      vertex 6.358225407650741 63.013936051055 4.9995
    endloop
  endfacet
  facet normal -0.9771468659711595 0.21256528955297635 0
    outer loop
      vertex 6.358225407650741 63.013936051055 4.9995
      vertex 6.464375046583264 63.5018980660435 6.005
      vertex 6.464375046583264 63.5018980660435 4.9995
    endloop
  endfacet
  facet normal -0.9974521146102534 0.07133918319923366 0
    outer loop
      vertex 6.464375046583264 63.5018980660435 4.9995
      vertex 6.5 64 6.005
      vertex 6.5 64 4.9995
    endloop
  endfacet
  facet normal -0.9771468659711603 -0.21256528955297344 0
    outer loop
      vertex 6.464375046583264 64.49810193395649 4.9995
      vertex 6.358225407650741 64.986063948945 6.005
      vertex 6.358225407650741 64.986063948945 4.9995
    endloop
  endfacet
  facet normal -0.9974521146102533 -0.07133918319923467 0
    outer loop
      vertex 6.5 64 4.9995
      vertex 6.464375046583264 64.49810193395649 6.005
      vertex 6.464375046583264 64.49810193395649 4.9995
    endloop
  endfacet
  facet normal -0.5992776665113437 0.8005412409243627 0
    outer loop
      vertex 4.8922428610945925 61.05561263509087 4.9995
      vertex 4.8922428610945925 61.05561263509087 6.005
      vertex 5.292012568808499 61.354876489760095 6.005
    endloop
  endfacet
  facet normal -0.7071067811865467 0.7071067811865485 0
    outer loop
      vertex 5.292012568808499 61.354876489760095 4.9995
      vertex 5.292012568808499 61.354876489760095 6.005
      vertex 5.645123510239903 61.7079874311915 6.005
    endloop
  endfacet
  facet normal -0.8005412409243614 0.5992776665113456 0
    outer loop
      vertex 5.645123510239903 61.7079874311915 4.9995
      vertex 5.645123510239903 61.7079874311915 6.005
      vertex 5.944387364909133 62.107757138905406 6.005
    endloop
  endfacet
  facet normal -0.8776789895672562 0.4792489867200557 0
    outer loop
      vertex 5.944387364909133 62.107757138905406 4.9995
      vertex 5.944387364909133 62.107757138905406 6.005
      vertex 6.183711983740814 62.5460474544934 6.005
    endloop
  endfacet
  facet normal -0.936949724999762 0.3494641795990976 0
    outer loop
      vertex 6.183711983740814 62.5460474544934 4.9995
      vertex 6.183711983740814 62.5460474544934 6.005
      vertex 6.358225407650741 63.013936051055 6.005
    endloop
  endfacet
  facet normal -0.8005412409243665 -0.5992776665113387 0
    outer loop
      vertex 5.944387364909135 65.89224286109459 4.9995
      vertex 5.944387364909135 65.89224286109459 6.005
      vertex 5.645123510239904 66.2920125688085 6.005
    endloop
  endfacet
  facet normal -0.8776789895672578 -0.47924898672005306 0
    outer loop
      vertex 6.183711983740814 65.4539525455066 4.9995
      vertex 6.183711983740814 65.4539525455066 6.005
      vertex 5.944387364909135 65.89224286109459 6.005
    endloop
  endfacet
  facet normal -0.9771468659711595 0.21256528955297635 0
    outer loop
      vertex 6.358225407650741 63.013936051055 4.9995
      vertex 6.358225407650741 63.013936051055 6.005
      vertex 6.464375046583264 63.5018980660435 6.005
    endloop
  endfacet
  facet normal -0.9974521146102534 0.07133918319923366 0
    outer loop
      vertex 6.464375046583264 63.5018980660435 4.9995
      vertex 6.464375046583264 63.5018980660435 6.005
      vertex 6.5 64 6.005
    endloop
  endfacet
  facet normal -0.9974521146102533 -0.07133918319923467 0
    outer loop
      vertex 6.5 64 4.9995
      vertex 6.5 64 6.005
      vertex 6.464375046583264 64.49810193395649 6.005
    endloop
  endfacet
  facet normal -0.9771468659711603 -0.21256528955297344 0
    outer loop
      vertex 6.464375046583264 64.49810193395649 4.9995
      vertex 6.464375046583264 64.49810193395649 6.005
      vertex 6.358225407650741 64.986063948945 6.005
    endloop
  endfacet
  facet normal -0.9369497249997601 -0.34946417959910225 0
    outer loop
      vertex 6.358225407650741 64.986063948945 4.9995
      vertex 6.358225407650741 64.986063948945 6.005
      vertex 6.183711983740814 65.4539525455066 6.005
    endloop
  endfacet
  facet normal -0.5992776665113538 -0.8005412409243553 0
    outer loop
      vertex 5.292012568808497 66.6451235102399 4.9995
      vertex 4.892242861094592 66.94438736490913 6.005
      vertex 4.892242861094592 66.94438736490913 4.9995
    endloop
  endfacet
  facet normal -0.707106781186536 -0.7071067811865591 0
    outer loop
      vertex 5.292012568808497 66.6451235102399 4.9995
      vertex 5.645123510239904 66.2920125688085 4.9995
      vertex 5.292012568808497 66.6451235102399 6.005
    endloop
  endfacet
  facet normal -0.8005412409243665 -0.5992776665113387 0
    outer loop
      vertex 5.645123510239904 66.2920125688085 4.9995
      vertex 5.944387364909135 65.89224286109459 4.9995
      vertex 5.645123510239904 66.2920125688085 6.005
    endloop
  endfacet
  facet normal -0.5992776665113538 -0.8005412409243553 0
    outer loop
      vertex 5.292012568808497 66.6451235102399 4.9995
      vertex 5.292012568808497 66.6451235102399 6.005
      vertex 4.892242861094592 66.94438736490913 6.005
    endloop
  endfacet
  facet normal -0.707106781186536 -0.7071067811865591 0
    outer loop
      vertex 5.645123510239904 66.2920125688085 4.9995
      vertex 5.645123510239904 66.2920125688085 6.005
      vertex 5.292012568808497 66.6451235102399 6.005
    endloop
  endfacet
  facet normal -0.07133918319923367 0.9974521146102535 0
    outer loop
      vertex 3 60.5 6.01
      vertex 3 60.5 10
      vertex 3.498101933956498 60.535624953416736 6.01
    endloop
  endfacet
  facet normal -0.21256528955297205 0.9771468659711605 0
    outer loop
      vertex 3.498101933956498 60.535624953416736 6.01
      vertex 3.498101933956498 60.535624953416736 10
      vertex 3.9860639489450045 60.64177459234926 6.01
    endloop
  endfacet
  facet normal -0.3494641795991016 0.9369497249997605 0
    outer loop
      vertex 3.9860639489450045 60.64177459234926 6.01
      vertex 3.9860639489450045 60.64177459234926 10
      vertex 4.453952545506604 60.816288016259186 6.01
    endloop
  endfacet
  facet normal -0.479248986720058 0.877678989567255 0
    outer loop
      vertex 4.453952545506604 60.816288016259186 6.01
      vertex 4.453952545506604 60.816288016259186 10
      vertex 4.8922428610945925 61.05561263509087 6.01
    endloop
  endfacet
  facet normal -0.07133918319921952 -0.9974521146102545 0
    outer loop
      vertex 3 67.5 6.01
      vertex 3.498101933956498 67.46437504658327 6.01
      vertex 3.498101933956498 67.46437504658327 10
    endloop
  endfacet
  facet normal -0.34946417959907666 -0.9369497249997699 0
    outer loop
      vertex 3.9860639489450036 67.35822540765074 6.01
      vertex 4.453952545506603 67.18371198374082 6.01
      vertex 4.453952545506603 67.18371198374082 10
    endloop
  endfacet
  facet normal -0.21256528955299955 -0.9771468659711545 0
    outer loop
      vertex 3.498101933956498 67.46437504658327 6.01
      vertex 3.9860639489450036 67.35822540765074 6.01
      vertex 3.9860639489450036 67.35822540765074 10
    endloop
  endfacet
  facet normal -0.47924898672006894 -0.877678989567249 0
    outer loop
      vertex 4.453952545506603 67.18371198374082 6.01
      vertex 4.892242861094592 66.94438736490913 6.01
      vertex 4.892242861094592 66.94438736490913 10
    endloop
  endfacet
  facet normal -0.5992776665113438 0.8005412409243629 0
    outer loop
      vertex 4.8922428610945925 61.05561263509087 6.01
      vertex 4.8922428610945925 61.05561263509087 10
      vertex 5.292012568808499 61.354876489760095 6.01
    endloop
  endfacet
  facet normal -0.7071067811865467 0.7071067811865485 0
    outer loop
      vertex 5.292012568808499 61.354876489760095 6.01
      vertex 5.292012568808499 61.354876489760095 10
      vertex 5.645123510239903 61.7079874311915 6.01
    endloop
  endfacet
  facet normal -0.8005412409243615 0.5992776665113455 0
    outer loop
      vertex 5.645123510239903 61.7079874311915 6.01
      vertex 5.645123510239903 61.7079874311915 10
      vertex 5.944387364909133 62.107757138905406 6.01
    endloop
  endfacet
  facet normal -0.8776789895672562 0.4792489867200557 0
    outer loop
      vertex 5.944387364909133 62.107757138905406 6.01
      vertex 5.944387364909133 62.107757138905406 10
      vertex 6.183711983740814 62.5460474544934 6.01
    endloop
  endfacet
  facet normal -0.936949724999762 0.3494641795990976 0
    outer loop
      vertex 6.183711983740814 62.5460474544934 6.01
      vertex 6.183711983740814 62.5460474544934 10
      vertex 6.358225407650741 63.013936051055 6.01
    endloop
  endfacet
  facet normal -0.8005412409243665 -0.5992776665113387 0
    outer loop
      vertex 5.645123510239904 66.2920125688085 6.01
      vertex 5.944387364909135 65.89224286109459 6.01
      vertex 5.944387364909135 65.89224286109459 10
    endloop
  endfacet
  facet normal -0.8776789895672577 -0.47924898672005295 0
    outer loop
      vertex 5.944387364909135 65.89224286109459 6.01
      vertex 6.183711983740814 65.4539525455066 6.01
      vertex 6.183711983740814 65.4539525455066 10
    endloop
  endfacet
  facet normal -0.9771468659711595 0.21256528955297635 0
    outer loop
      vertex 6.358225407650741 63.013936051055 6.01
      vertex 6.358225407650741 63.013936051055 10
      vertex 6.464375046583264 63.5018980660435 6.01
    endloop
  endfacet
  facet normal -0.9974521146102535 0.07133918319923367 0
    outer loop
      vertex 6.464375046583264 63.5018980660435 6.01
      vertex 6.464375046583264 63.5018980660435 10
      vertex 6.5 64 6.01
    endloop
  endfacet
  facet normal -0.9974521146102533 -0.07133918319923467 0
    outer loop
      vertex 6.5 64 6.01
      vertex 6.5 64 10
      vertex 6.464375046583264 64.49810193395649 6.01
    endloop
  endfacet
  facet normal -0.9771468659711602 -0.2125652895529734 0
    outer loop
      vertex 6.464375046583264 64.49810193395649 6.01
      vertex 6.464375046583264 64.49810193395649 10
      vertex 6.358225407650741 64.986063948945 6.01
    endloop
  endfacet
  facet normal -0.9369497249997603 -0.3494641795991023 0
    outer loop
      vertex 6.358225407650741 64.986063948945 6.01
      vertex 6.358225407650741 64.986063948945 10
      vertex 6.183711983740814 65.4539525455066 6.01
    endloop
  endfacet
  facet normal -0.5992776665113537 -0.8005412409243552 0
    outer loop
      vertex 5.292012568808497 66.6451235102399 6.01
      vertex 5.292012568808497 66.6451235102399 10
      vertex 4.892242861094592 66.94438736490913 6.01
    endloop
  endfacet
  facet normal -0.7071067811865359 -0.707106781186559 0
    outer loop
      vertex 5.292012568808497 66.6451235102399 6.01
      vertex 5.645123510239904 66.2920125688085 6.01
      vertex 5.645123510239904 66.2920125688085 10
    endloop
  endfacet
  facet normal -0.07133918319923367 0.9974521146102535 0
    outer loop
      vertex 3.498101933956498 60.535624953416736 6.01
      vertex 3 60.5 10
      vertex 3.498101933956498 60.535624953416736 10
    endloop
  endfacet
  facet normal -0.21256528955297205 0.9771468659711605 0
    outer loop
      vertex 3.9860639489450045 60.64177459234926 6.01
      vertex 3.498101933956498 60.535624953416736 10
      vertex 3.9860639489450045 60.64177459234926 10
    endloop
  endfacet
  facet normal -0.3494641795991016 0.9369497249997605 0
    outer loop
      vertex 4.453952545506604 60.816288016259186 6.01
      vertex 3.9860639489450045 60.64177459234926 10
      vertex 4.453952545506604 60.816288016259186 10
    endloop
  endfacet
  facet normal -0.479248986720058 0.877678989567255 0
    outer loop
      vertex 4.8922428610945925 61.05561263509087 6.01
      vertex 4.453952545506604 60.816288016259186 10
      vertex 4.8922428610945925 61.05561263509087 10
    endloop
  endfacet
  facet normal -0.07133918319921952 -0.9974521146102545 0
    outer loop
      vertex 3 67.5 6.01
      vertex 3.498101933956498 67.46437504658327 10
      vertex 3 67.5 10
    endloop
  endfacet
  facet normal -0.21256528955299955 -0.9771468659711545 0
    outer loop
      vertex 3.498101933956498 67.46437504658327 6.01
      vertex 3.9860639489450036 67.35822540765074 10
      vertex 3.498101933956498 67.46437504658327 10
    endloop
  endfacet
  facet normal -0.34946417959907666 -0.9369497249997699 0
    outer loop
      vertex 3.9860639489450036 67.35822540765074 6.01
      vertex 4.453952545506603 67.18371198374082 10
      vertex 3.9860639489450036 67.35822540765074 10
    endloop
  endfacet
  facet normal -0.47924898672006894 -0.877678989567249 0
    outer loop
      vertex 4.453952545506603 67.18371198374082 6.01
      vertex 4.892242861094592 66.94438736490913 10
      vertex 4.453952545506603 67.18371198374082 10
    endloop
  endfacet
  facet normal -0.5992776665113438 0.8005412409243629 0
    outer loop
      vertex 5.292012568808499 61.354876489760095 6.01
      vertex 4.8922428610945925 61.05561263509087 10
      vertex 5.292012568808499 61.354876489760095 10
    endloop
  endfacet
  facet normal -0.7071067811865467 0.7071067811865485 0
    outer loop
      vertex 5.645123510239903 61.7079874311915 6.01
      vertex 5.292012568808499 61.354876489760095 10
      vertex 5.645123510239903 61.7079874311915 10
    endloop
  endfacet
  facet normal -0.8005412409243615 0.5992776665113455 0
    outer loop
      vertex 5.944387364909133 62.107757138905406 6.01
      vertex 5.645123510239903 61.7079874311915 10
      vertex 5.944387364909133 62.107757138905406 10
    endloop
  endfacet
  facet normal -0.8776789895672562 0.4792489867200557 0
    outer loop
      vertex 6.183711983740814 62.5460474544934 6.01
      vertex 5.944387364909133 62.107757138905406 10
      vertex 6.183711983740814 62.5460474544934 10
    endloop
  endfacet
  facet normal -0.9369497249997603 -0.3494641795991023 0
    outer loop
      vertex 6.183711983740814 65.4539525455066 6.01
      vertex 6.358225407650741 64.986063948945 10
      vertex 6.183711983740814 65.4539525455066 10
    endloop
  endfacet
  facet normal -0.8776789895672577 -0.47924898672005295 0
    outer loop
      vertex 5.944387364909135 65.89224286109459 6.01
      vertex 6.183711983740814 65.4539525455066 10
      vertex 5.944387364909135 65.89224286109459 10
    endloop
  endfacet
  facet normal -0.936949724999762 0.3494641795990976 0
    outer loop
      vertex 6.358225407650741 63.013936051055 6.01
      vertex 6.183711983740814 62.5460474544934 10
      vertex 6.358225407650741 63.013936051055 10
    endloop
  endfacet
  facet normal -0.9771468659711595 0.21256528955297635 0
    outer loop
      vertex 6.464375046583264 63.5018980660435 6.01
      vertex 6.358225407650741 63.013936051055 10
      vertex 6.464375046583264 63.5018980660435 10
    endloop
  endfacet
  facet normal -0.9974521146102535 0.07133918319923367 0
    outer loop
      vertex 6.5 64 6.01
      vertex 6.464375046583264 63.5018980660435 10
      vertex 6.5 64 10
    endloop
  endfacet
  facet normal -0.9771468659711602 -0.2125652895529734 0
    outer loop
      vertex 6.358225407650741 64.986063948945 6.01
      vertex 6.464375046583264 64.49810193395649 10
      vertex 6.358225407650741 64.986063948945 10
    endloop
  endfacet
  facet normal -0.9974521146102533 -0.07133918319923467 0
    outer loop
      vertex 6.464375046583264 64.49810193395649 6.01
      vertex 6.5 64 10
      vertex 6.464375046583264 64.49810193395649 10
    endloop
  endfacet
  facet normal -0.5992776665113537 -0.8005412409243552 0
    outer loop
      vertex 4.892242861094592 66.94438736490913 6.01
      vertex 5.292012568808497 66.6451235102399 10
      vertex 4.892242861094592 66.94438736490913 10
    endloop
  endfacet
  facet normal -0.7071067811865359 -0.707106781186559 0
    outer loop
      vertex 5.292012568808497 66.6451235102399 6.01
      vertex 5.645123510239904 66.2920125688085 10
      vertex 5.292012568808497 66.6451235102399 10
    endloop
  endfacet
  facet normal -0.8005412409243665 -0.5992776665113387 0
    outer loop
      vertex 5.645123510239904 66.2920125688085 6.01
      vertex 5.944387364909135 65.89224286109459 10
      vertex 5.645123510239904 66.2920125688085 10
    endloop
  endfacet
  facet normal 0 0 1
    outer loop
      vertex 3 -67.5 4.9995
      vertex 3.2410733605106454 -65.98541774819611 4.9995
      vertex 3 -66 4.9995
    endloop
  endfacet
  facet normal 0 0 1
    outer loop
      vertex 3.498101933956498 -67.46437504658327 4.9995
      vertex 3.9860639489450045 -67.35822540765074 4.9995
      vertex 3.2410733605106454 -65.98541774819611 4.9995
    endloop
  endfacet
  facet normal 0 0 1
    outer loop
      vertex 3.9860639489450045 -67.35822540765074 4.9995
      vertex 4.453952545506604 -67.1837119837408 4.9995
      vertex 3.709209774085071 -65.87003248537083 4.9995
    endloop
  endfacet
  facet normal 0 0 1
    outer loop
      vertex 3 -66 4.9995
      vertex 3.2410733605106454 -65.98541774819611 4.9995
      vertex 3 -65.98541774819611 4.9995
    endloop
  endfacet
  facet normal 0 0 1
    outer loop
      vertex 3 -62.014582251803894 4.9995
      vertex 3.241073360510646 -62.014582251803894 4.9995
      vertex 3 -62 4.9995
    endloop
  endfacet
  facet normal 0 0 1
    outer loop
      vertex 3 -62 4.9995
      vertex 3.241073360510646 -62.014582251803894 4.9995
      vertex 3 -60.5 4.9995
    endloop
  endfacet
  facet normal 0 0 1
    outer loop
      vertex 4.453952545506604 -67.1837119837408 4.9995
      vertex 4.497021496342202 -65.32624531648159 4.9995
      vertex 4.136129493462312 -65.64596773178731 4.9995
    endloop
  endfacet
  facet normal 0 0 1
    outer loop
      vertex 4.8922428610945925 -66.94438736490913 4.9995
      vertex 4.941883634852104 -64.47863132857512 4.9995
      vertex 4.77091205130642 -64.92944634408754 4.9995
    endloop
  endfacet
  facet normal 0 0 1
    outer loop
      vertex 4.453952545506603 -60.816288016259186 4.9995
      vertex 4.497021496342202 -62.67375468351841 4.9995
      vertex 4.892242861094592 -61.05561263509087 4.9995
    endloop
  endfacet
  facet normal 0 0 1
    outer loop
      vertex 4.497021496342202 -62.67375468351841 4.9995
      vertex 4.77091205130642 -63.07055365591246 4.9995
      vertex 4.892242861094592 -61.05561263509087 4.9995
    endloop
  endfacet
  facet normal 0 0 1
    outer loop
      vertex 3.241073360510646 -62.014582251803894 4.9995
      vertex 3.498101933956498 -60.535624953416736 4.9995
      vertex 3 -60.5 4.9995
    endloop
  endfacet
  facet normal 0 0 1
    outer loop
      vertex 3.709209774085071 -62.12996751462917 4.9995
      vertex 3.9860639489450036 -60.64177459234926 4.9995
      vertex 3.498101933956498 -60.535624953416736 4.9995
    endloop
  endfacet
  facet normal 0 0 1
    outer loop
      vertex 4.136129493462311 -62.354032268212684 4.9995
      vertex 4.453952545506603 -60.816288016259186 4.9995
      vertex 3.9860639489450036 -60.64177459234926 4.9995
    endloop
  endfacet
  facet normal 0 0 1
    outer loop
      vertex 5.292012568808499 -66.6451235102399 4.9995
      vertex 5.645123510239903 -66.2920125688085 4.9995
      vertex 5.645123510239904 -61.707987431191505 4.9995
    endloop
  endfacet
  facet normal 0 0 1
    outer loop
      vertex 5.645123510239903 -66.2920125688085 4.9995
      vertex 5.944387364909133 -65.89224286109459 4.9995
      vertex 5.944387364909135 -62.107757138905406 4.9995
    endloop
  endfacet
  facet normal 0 0 1
    outer loop
      vertex 5 -64 4.9995
      vertex 5.292012568808497 -61.354876489760095 4.9995
      vertex 4.941883634852104 -63.52136867142489 4.9995
    endloop
  endfacet
  facet normal 0 0 1
    outer loop
      vertex 5.292012568808499 -66.6451235102399 4.9995
      vertex 5.645123510239904 -61.707987431191505 4.9995
      vertex 5.292012568808497 -61.354876489760095 4.9995
    endloop
  endfacet
  facet normal 0 0 1
    outer loop
      vertex 4.941883634852104 -63.52136867142489 4.9995
      vertex 5.292012568808497 -61.354876489760095 4.9995
      vertex 4.892242861094592 -61.05561263509087 4.9995
    endloop
  endfacet
  facet normal 0 0 1
    outer loop
      vertex 6.183711983740814 -65.45395254550661 4.9995
      vertex 6.358225407650741 -63.013936051055 4.9995
      vertex 6.183711983740814 -62.5460474544934 4.9995
    endloop
  endfacet
  facet normal 0 0 1
    outer loop
      vertex 6.358225407650741 -64.986063948945 4.9995
      vertex 6.464375046583264 -63.5018980660435 4.9995
      vertex 6.358225407650741 -63.013936051055 4.9995
    endloop
  endfacet
  facet normal 0 0 1
    outer loop
      vertex 6.464375046583264 -64.4981019339565 4.9995
      vertex 6.5 -64 4.9995
      vertex 6.464375046583264 -63.5018980660435 4.9995
    endloop
  endfacet
  facet normal -0.0713391831992195 0.9974521146102544 0
    outer loop
      vertex 3 -67.5 4.9995
      vertex 3.498101933956498 -67.46437504658327 6.005
      vertex 3.498101933956498 -67.46437504658327 4.9995
    endloop
  endfacet
  facet normal -0.21256528955299922 0.9771468659711547 0
    outer loop
      vertex 3.498101933956498 -67.46437504658327 4.9995
      vertex 3.9860639489450045 -67.35822540765074 6.005
      vertex 3.9860639489450045 -67.35822540765074 4.9995
    endloop
  endfacet
  facet normal -0.3494641795991016 0.9369497249997606 0
    outer loop
      vertex 3.9860639489450045 -67.35822540765074 4.9995
      vertex 4.453952545506604 -67.1837119837408 6.005
      vertex 4.453952545506604 -67.1837119837408 4.9995
    endloop
  endfacet
  facet normal -0.47924898672004695 0.8776789895672609 0
    outer loop
      vertex 4.453952545506604 -67.1837119837408 4.9995
      vertex 4.8922428610945925 -66.94438736490913 6.005
      vertex 4.8922428610945925 -66.94438736490913 4.9995
    endloop
  endfacet
  facet normal -0.0713391831992195 0.9974521146102544 0
    outer loop
      vertex 3 -67.5 4.9995
      vertex 3 -67.5 6.005
      vertex 3.498101933956498 -67.46437504658327 6.005
    endloop
  endfacet
  facet normal -0.21256528955299922 0.9771468659711547 0
    outer loop
      vertex 3.498101933956498 -67.46437504658327 4.9995
      vertex 3.498101933956498 -67.46437504658327 6.005
      vertex 3.9860639489450045 -67.35822540765074 6.005
    endloop
  endfacet
  facet normal -0.3494641795991016 0.9369497249997606 0
    outer loop
      vertex 3.9860639489450045 -67.35822540765074 4.9995
      vertex 3.9860639489450045 -67.35822540765074 6.005
      vertex 4.453952545506604 -67.1837119837408 6.005
    endloop
  endfacet
  facet normal -0.47924898672004695 0.8776789895672609 0
    outer loop
      vertex 4.453952545506604 -67.1837119837408 4.9995
      vertex 4.453952545506604 -67.1837119837408 6.005
      vertex 4.8922428610945925 -66.94438736490913 6.005
    endloop
  endfacet
  facet normal -0.07133918319923366 -0.9974521146102534 0
    outer loop
      vertex 3 -60.5 4.9995
      vertex 3.498101933956498 -60.535624953416736 4.9995
      vertex 3 -60.5 6.005
    endloop
  endfacet
  facet normal -0.2125652895529724 -0.9771468659711605 0
    outer loop
      vertex 3.498101933956498 -60.535624953416736 4.9995
      vertex 3.9860639489450036 -60.64177459234926 4.9995
      vertex 3.498101933956498 -60.535624953416736 6.005
    endloop
  endfacet
  facet normal -0.3494641795991016 -0.9369497249997606 0
    outer loop
      vertex 3.9860639489450036 -60.64177459234926 4.9995
      vertex 4.453952545506603 -60.816288016259186 4.9995
      vertex 3.9860639489450036 -60.64177459234926 6.005
    endloop
  endfacet
  facet normal -0.47924898672005795 -0.877678989567255 0
    outer loop
      vertex 4.453952545506603 -60.816288016259186 4.9995
      vertex 4.892242861094592 -61.05561263509087 4.9995
      vertex 4.453952545506603 -60.816288016259186 6.005
    endloop
  endfacet
  facet normal -0.07133918319923366 -0.9974521146102534 0
    outer loop
      vertex 3.498101933956498 -60.535624953416736 4.9995
      vertex 3.498101933956498 -60.535624953416736 6.005
      vertex 3 -60.5 6.005
    endloop
  endfacet
  facet normal -0.2125652895529724 -0.9771468659711605 0
    outer loop
      vertex 3.9860639489450036 -60.64177459234926 4.9995
      vertex 3.9860639489450036 -60.64177459234926 6.005
      vertex 3.498101933956498 -60.535624953416736 6.005
    endloop
  endfacet
  facet normal -0.3494641795991016 -0.9369497249997606 0
    outer loop
      vertex 4.453952545506603 -60.816288016259186 4.9995
      vertex 4.453952545506603 -60.816288016259186 6.005
      vertex 3.9860639489450036 -60.64177459234926 6.005
    endloop
  endfacet
  facet normal -0.47924898672005795 -0.877678989567255 0
    outer loop
      vertex 4.453952545506603 -60.816288016259186 6.005
      vertex 4.892242861094592 -61.05561263509087 4.9995
      vertex 4.892242861094592 -61.05561263509087 6.005
    endloop
  endfacet
  facet normal -0.599277666511353 0.800541240924356 0
    outer loop
      vertex 4.8922428610945925 -66.94438736490913 4.9995
      vertex 5.292012568808499 -66.6451235102399 6.005
      vertex 5.292012568808499 -66.6451235102399 4.9995
    endloop
  endfacet
  facet normal -0.7071067811865395 0.7071067811865555 0
    outer loop
      vertex 5.292012568808499 -66.6451235102399 4.9995
      vertex 5.645123510239903 -66.2920125688085 6.005
      vertex 5.645123510239903 -66.2920125688085 4.9995
    endloop
  endfacet
  facet normal -0.599277666511353 0.800541240924356 0
    outer loop
      vertex 4.8922428610945925 -66.94438736490913 4.9995
      vertex 4.8922428610945925 -66.94438736490913 6.005
      vertex 5.292012568808499 -66.6451235102399 6.005
    endloop
  endfacet
  facet normal -0.7071067811865395 0.7071067811865555 0
    outer loop
      vertex 5.292012568808499 -66.6451235102399 4.9995
      vertex 5.292012568808499 -66.6451235102399 6.005
      vertex 5.645123510239903 -66.2920125688085 6.005
    endloop
  endfacet
  facet normal -0.8005412409243665 0.5992776665113387 0
    outer loop
      vertex 5.645123510239903 -66.2920125688085 4.9995
      vertex 5.645123510239903 -66.2920125688085 6.005
      vertex 5.944387364909133 -65.89224286109459 6.005
    endloop
  endfacet
  facet normal -0.8005412409243665 0.5992776665113387 0
    outer loop
      vertex 5.645123510239903 -66.2920125688085 4.9995
      vertex 5.944387364909133 -65.89224286109459 6.005
      vertex 5.944387364909133 -65.89224286109459 4.9995
    endloop
  endfacet
  facet normal -0.8776789895672497 0.4792489867200677 0
    outer loop
      vertex 5.944387364909133 -65.89224286109459 4.9995
      vertex 6.183711983740814 -65.45395254550661 6.005
      vertex 6.183711983740814 -65.45395254550661 4.9995
    endloop
  endfacet
  facet normal -0.7071067811865502 -0.7071067811865449 0
    outer loop
      vertex 5.292012568808497 -61.354876489760095 4.9995
      vertex 5.645123510239904 -61.707987431191505 4.9995
      vertex 5.292012568808497 -61.354876489760095 6.005
    endloop
  endfacet
  facet normal -0.936949724999762 -0.3494641795990976 0
    outer loop
      vertex 6.183711983740814 -62.5460474544934 4.9995
      vertex 6.358225407650741 -63.013936051055 4.9995
      vertex 6.183711983740814 -62.5460474544934 6.005
    endloop
  endfacet
  facet normal -0.8005412409243563 -0.5992776665113524 0
    outer loop
      vertex 5.645123510239904 -61.707987431191505 4.9995
      vertex 5.944387364909135 -62.107757138905406 4.9995
      vertex 5.645123510239904 -61.707987431191505 6.005
    endloop
  endfacet
  facet normal -0.8776789895672578 -0.47924898672005306 0
    outer loop
      vertex 6.183711983740814 -62.5460474544934 4.9995
      vertex 5.944387364909135 -62.107757138905406 6.005
      vertex 5.944387364909135 -62.107757138905406 4.9995
    endloop
  endfacet
  facet normal -0.9369497249997637 0.349464179599093 0
    outer loop
      vertex 6.183711983740814 -65.45395254550661 4.9995
      vertex 6.358225407650741 -64.986063948945 6.005
      vertex 6.358225407650741 -64.986063948945 4.9995
    endloop
  endfacet
  facet normal -0.977146865971159 0.21256528955297932 0
    outer loop
      vertex 6.358225407650741 -64.986063948945 4.9995
      vertex 6.464375046583264 -64.4981019339565 6.005
      vertex 6.464375046583264 -64.4981019339565 4.9995
    endloop
  endfacet
  facet normal -0.9974521146102534 0.07133918319923264 0
    outer loop
      vertex 6.464375046583264 -64.4981019339565 4.9995
      vertex 6.5 -64 6.005
      vertex 6.5 -64 4.9995
    endloop
  endfacet
  facet normal -0.9771468659711595 -0.21256528955297635 0
    outer loop
      vertex 6.358225407650741 -63.013936051055 4.9995
      vertex 6.464375046583264 -63.5018980660435 4.9995
      vertex 6.358225407650741 -63.013936051055 6.005
    endloop
  endfacet
  facet normal -0.9974521146102534 -0.07133918319923366 0
    outer loop
      vertex 6.5 -64 4.9995
      vertex 6.464375046583264 -63.5018980660435 6.005
      vertex 6.464375046583264 -63.5018980660435 4.9995
    endloop
  endfacet
  facet normal -0.5992776665113447 -0.8005412409243622 0
    outer loop
      vertex 4.892242861094592 -61.05561263509087 4.9995
      vertex 5.292012568808497 -61.354876489760095 4.9995
      vertex 4.892242861094592 -61.05561263509087 6.005
    endloop
  endfacet
  facet normal -0.8776789895672497 0.4792489867200677 0
    outer loop
      vertex 5.944387364909133 -65.89224286109459 4.9995
      vertex 5.944387364909133 -65.89224286109459 6.005
      vertex 6.183711983740814 -65.45395254550661 6.005
    endloop
  endfacet
  facet normal -0.9369497249997637 0.349464179599093 0
    outer loop
      vertex 6.183711983740814 -65.45395254550661 4.9995
      vertex 6.183711983740814 -65.45395254550661 6.005
      vertex 6.358225407650741 -64.986063948945 6.005
    endloop
  endfacet
  facet normal -0.7071067811865502 -0.7071067811865449 0
    outer loop
      vertex 5.645123510239904 -61.707987431191505 4.9995
      vertex 5.645123510239904 -61.707987431191505 6.005
      vertex 5.292012568808497 -61.354876489760095 6.005
    endloop
  endfacet
  facet normal -0.8005412409243563 -0.5992776665113524 0
    outer loop
      vertex 5.944387364909135 -62.107757138905406 4.9995
      vertex 5.944387364909135 -62.107757138905406 6.005
      vertex 5.645123510239904 -61.707987431191505 6.005
    endloop
  endfacet
  facet normal -0.8776789895672578 -0.47924898672005306 0
    outer loop
      vertex 6.183711983740814 -62.5460474544934 4.9995
      vertex 6.183711983740814 -62.5460474544934 6.005
      vertex 5.944387364909135 -62.107757138905406 6.005
    endloop
  endfacet
  facet normal -0.977146865971159 0.21256528955297932 0
    outer loop
      vertex 6.358225407650741 -64.986063948945 4.9995
      vertex 6.358225407650741 -64.986063948945 6.005
      vertex 6.464375046583264 -64.4981019339565 6.005
    endloop
  endfacet
  facet normal -0.9974521146102534 0.07133918319923264 0
    outer loop
      vertex 6.464375046583264 -64.4981019339565 4.9995
      vertex 6.464375046583264 -64.4981019339565 6.005
      vertex 6.5 -64 6.005
    endloop
  endfacet
  facet normal -0.9974521146102534 -0.07133918319923366 0
    outer loop
      vertex 6.5 -64 4.9995
      vertex 6.5 -64 6.005
      vertex 6.464375046583264 -63.5018980660435 6.005
    endloop
  endfacet
  facet normal -0.9771468659711595 -0.21256528955297635 0
    outer loop
      vertex 6.464375046583264 -63.5018980660435 4.9995
      vertex 6.464375046583264 -63.5018980660435 6.005
      vertex 6.358225407650741 -63.013936051055 6.005
    endloop
  endfacet
  facet normal -0.936949724999762 -0.3494641795990976 0
    outer loop
      vertex 6.358225407650741 -63.013936051055 4.9995
      vertex 6.358225407650741 -63.013936051055 6.005
      vertex 6.183711983740814 -62.5460474544934 6.005
    endloop
  endfacet
  facet normal -0.5992776665113447 -0.8005412409243622 0
    outer loop
      vertex 5.292012568808497 -61.354876489760095 4.9995
      vertex 5.292012568808497 -61.354876489760095 6.005
      vertex 4.892242861094592 -61.05561263509087 6.005
    endloop
  endfacet
  facet normal -0.07133918319921952 0.9974521146102545 0
    outer loop
      vertex 3 -67.5 6.01
      vertex 3 -67.5 10
      vertex 3.498101933956498 -67.46437504658327 6.01
    endloop
  endfacet
  facet normal -0.21256528955299922 0.9771468659711546 0
    outer loop
      vertex 3.498101933956498 -67.46437504658327 6.01
      vertex 3.498101933956498 -67.46437504658327 10
      vertex 3.9860639489450045 -67.35822540765074 6.01
    endloop
  endfacet
  facet normal -0.3494641795991016 0.9369497249997605 0
    outer loop
      vertex 3.9860639489450045 -67.35822540765074 6.01
      vertex 3.9860639489450045 -67.35822540765074 10
      vertex 4.453952545506604 -67.1837119837408 6.01
    endloop
  endfacet
  facet normal -0.47924898672004695 0.877678989567261 0
    outer loop
      vertex 4.453952545506604 -67.1837119837408 6.01
      vertex 4.453952545506604 -67.1837119837408 10
      vertex 4.8922428610945925 -66.94438736490913 6.01
    endloop
  endfacet
  facet normal -0.07133918319923367 -0.9974521146102535 0
    outer loop
      vertex 3 -60.5 6.01
      vertex 3.498101933956498 -60.535624953416736 6.01
      vertex 3.498101933956498 -60.535624953416736 10
    endloop
  endfacet
  facet normal -0.2125652895529724 -0.9771468659711605 0
    outer loop
      vertex 3.498101933956498 -60.535624953416736 6.01
      vertex 3.9860639489450036 -60.64177459234926 6.01
      vertex 3.9860639489450036 -60.64177459234926 10
    endloop
  endfacet
  facet normal -0.3494641795991016 -0.9369497249997605 0
    outer loop
      vertex 3.9860639489450036 -60.64177459234926 6.01
      vertex 4.453952545506603 -60.816288016259186 6.01
      vertex 4.453952545506603 -60.816288016259186 10
    endloop
  endfacet
  facet normal -0.479248986720058 -0.877678989567255 0
    outer loop
      vertex 4.453952545506603 -60.816288016259186 6.01
      vertex 4.892242861094592 -61.05561263509087 6.01
      vertex 4.892242861094592 -61.05561263509087 10
    endloop
  endfacet
  facet normal -0.5992776665113528 0.8005412409243559 0
    outer loop
      vertex 4.8922428610945925 -66.94438736490913 6.01
      vertex 4.8922428610945925 -66.94438736490913 10
      vertex 5.292012568808499 -66.6451235102399 6.01
    endloop
  endfacet
  facet normal -0.7071067811865396 0.7071067811865556 0
    outer loop
      vertex 5.292012568808499 -66.6451235102399 6.01
      vertex 5.292012568808499 -66.6451235102399 10
      vertex 5.645123510239903 -66.2920125688085 6.01
    endloop
  endfacet
  facet normal -0.8005412409243665 0.5992776665113387 0
    outer loop
      vertex 5.645123510239903 -66.2920125688085 6.01
      vertex 5.645123510239903 -66.2920125688085 10
      vertex 5.944387364909133 -65.89224286109459 6.01
    endloop
  endfacet
  facet normal -0.8776789895672497 0.47924898672006777 0
    outer loop
      vertex 5.944387364909133 -65.89224286109459 6.01
      vertex 5.944387364909133 -65.89224286109459 10
      vertex 6.183711983740814 -65.45395254550661 6.01
    endloop
  endfacet
  facet normal -0.9369497249997637 0.34946417959909293 0
    outer loop
      vertex 6.183711983740814 -65.45395254550661 6.01
      vertex 6.183711983740814 -65.45395254550661 10
      vertex 6.358225407650741 -64.986063948945 6.01
    endloop
  endfacet
  facet normal -0.7071067811865502 -0.7071067811865448 0
    outer loop
      vertex 5.292012568808497 -61.354876489760095 6.01
      vertex 5.645123510239904 -61.707987431191505 6.01
      vertex 5.645123510239904 -61.707987431191505 10
    endloop
  endfacet
  facet normal -0.8005412409243563 -0.5992776665113523 0
    outer loop
      vertex 5.645123510239904 -61.707987431191505 6.01
      vertex 5.944387364909135 -62.107757138905406 6.01
      vertex 5.944387364909135 -62.107757138905406 10
    endloop
  endfacet
  facet normal -0.8776789895672577 -0.47924898672005295 0
    outer loop
      vertex 6.183711983740814 -62.5460474544934 6.01
      vertex 6.183711983740814 -62.5460474544934 10
      vertex 5.944387364909135 -62.107757138905406 6.01
    endloop
  endfacet
  facet normal -0.9771468659711591 0.21256528955297932 0
    outer loop
      vertex 6.358225407650741 -64.986063948945 6.01
      vertex 6.358225407650741 -64.986063948945 10
      vertex 6.464375046583264 -64.4981019339565 6.01
    endloop
  endfacet
  facet normal -0.9974521146102535 0.07133918319923266 0
    outer loop
      vertex 6.464375046583264 -64.4981019339565 6.01
      vertex 6.464375046583264 -64.4981019339565 10
      vertex 6.5 -64 6.01
    endloop
  endfacet
  facet normal -0.9974521146102535 -0.07133918319923367 0
    outer loop
      vertex 6.5 -64 6.01
      vertex 6.5 -64 10
      vertex 6.464375046583264 -63.5018980660435 6.01
    endloop
  endfacet
  facet normal -0.9771468659711595 -0.21256528955297635 0
    outer loop
      vertex 6.358225407650741 -63.013936051055 6.01
      vertex 6.464375046583264 -63.5018980660435 6.01
      vertex 6.464375046583264 -63.5018980660435 10
    endloop
  endfacet
  facet normal -0.936949724999762 -0.3494641795990976 0
    outer loop
      vertex 6.183711983740814 -62.5460474544934 6.01
      vertex 6.358225407650741 -63.013936051055 6.01
      vertex 6.358225407650741 -63.013936051055 10
    endloop
  endfacet
  facet normal -0.5992776665113447 -0.8005412409243622 0
    outer loop
      vertex 4.892242861094592 -61.05561263509087 6.01
      vertex 5.292012568808497 -61.354876489760095 6.01
      vertex 5.292012568808497 -61.354876489760095 10
    endloop
  endfacet
  facet normal -0.07133918319921952 0.9974521146102545 0
    outer loop
      vertex 3.498101933956498 -67.46437504658327 6.01
      vertex 3 -67.5 10
      vertex 3.498101933956498 -67.46437504658327 10
    endloop
  endfacet
  facet normal -0.21256528955299922 0.9771468659711546 0
    outer loop
      vertex 3.9860639489450045 -67.35822540765074 6.01
      vertex 3.498101933956498 -67.46437504658327 10
      vertex 3.9860639489450045 -67.35822540765074 10
    endloop
  endfacet
  facet normal -0.3494641795991016 0.9369497249997605 0
    outer loop
      vertex 4.453952545506604 -67.1837119837408 6.01
      vertex 3.9860639489450045 -67.35822540765074 10
      vertex 4.453952545506604 -67.1837119837408 10
    endloop
  endfacet
  facet normal -0.47924898672004695 0.877678989567261 0
    outer loop
      vertex 4.8922428610945925 -66.94438736490913 6.01
      vertex 4.453952545506604 -67.1837119837408 10
      vertex 4.8922428610945925 -66.94438736490913 10
    endloop
  endfacet
  facet normal -0.07133918319923367 -0.9974521146102535 0
    outer loop
      vertex 3 -60.5 6.01
      vertex 3.498101933956498 -60.535624953416736 10
      vertex 3 -60.5 10
    endloop
  endfacet
  facet normal -0.2125652895529724 -0.9771468659711605 0
    outer loop
      vertex 3.498101933956498 -60.535624953416736 6.01
      vertex 3.9860639489450036 -60.64177459234926 10
      vertex 3.498101933956498 -60.535624953416736 10
    endloop
  endfacet
  facet normal -0.3494641795991016 -0.9369497249997605 0
    outer loop
      vertex 3.9860639489450036 -60.64177459234926 6.01
      vertex 4.453952545506603 -60.816288016259186 10
      vertex 3.9860639489450036 -60.64177459234926 10
    endloop
  endfacet
  facet normal -0.479248986720058 -0.877678989567255 0
    outer loop
      vertex 4.453952545506603 -60.816288016259186 6.01
      vertex 4.892242861094592 -61.05561263509087 10
      vertex 4.453952545506603 -60.816288016259186 10
    endloop
  endfacet
  facet normal -0.5992776665113528 0.8005412409243559 0
    outer loop
      vertex 5.292012568808499 -66.6451235102399 6.01
      vertex 4.8922428610945925 -66.94438736490913 10
      vertex 5.292012568808499 -66.6451235102399 10
    endloop
  endfacet
  facet normal -0.7071067811865396 0.7071067811865556 0
    outer loop
      vertex 5.645123510239903 -66.2920125688085 6.01
      vertex 5.292012568808499 -66.6451235102399 10
      vertex 5.645123510239903 -66.2920125688085 10
    endloop
  endfacet
  facet normal -0.8005412409243665 0.5992776665113387 0
    outer loop
      vertex 5.944387364909133 -65.89224286109459 6.01
      vertex 5.645123510239903 -66.2920125688085 10
      vertex 5.944387364909133 -65.89224286109459 10
    endloop
  endfacet
  facet normal -0.8776789895672497 0.47924898672006777 0
    outer loop
      vertex 6.183711983740814 -65.45395254550661 6.01
      vertex 5.944387364909133 -65.89224286109459 10
      vertex 6.183711983740814 -65.45395254550661 10
    endloop
  endfacet
  facet normal -0.7071067811865502 -0.7071067811865448 0
    outer loop
      vertex 5.292012568808497 -61.354876489760095 6.01
      vertex 5.645123510239904 -61.707987431191505 10
      vertex 5.292012568808497 -61.354876489760095 10
    endloop
  endfacet
  facet normal -0.936949724999762 -0.3494641795990976 0
    outer loop
      vertex 6.183711983740814 -62.5460474544934 6.01
      vertex 6.358225407650741 -63.013936051055 10
      vertex 6.183711983740814 -62.5460474544934 10
    endloop
  endfacet
  facet normal -0.8005412409243563 -0.5992776665113523 0
    outer loop
      vertex 5.645123510239904 -61.707987431191505 6.01
      vertex 5.944387364909135 -62.107757138905406 10
      vertex 5.645123510239904 -61.707987431191505 10
    endloop
  endfacet
  facet normal -0.8776789895672577 -0.47924898672005295 0
    outer loop
      vertex 5.944387364909135 -62.107757138905406 6.01
      vertex 6.183711983740814 -62.5460474544934 10
      vertex 5.944387364909135 -62.107757138905406 10
    endloop
  endfacet
  facet normal -0.9369497249997637 0.34946417959909293 0
    outer loop
      vertex 6.358225407650741 -64.986063948945 6.01
      vertex 6.183711983740814 -65.45395254550661 10
      vertex 6.358225407650741 -64.986063948945 10
    endloop
  endfacet
  facet normal -0.9771468659711591 0.21256528955297932 0
    outer loop
      vertex 6.464375046583264 -64.4981019339565 6.01
      vertex 6.358225407650741 -64.986063948945 10
      vertex 6.464375046583264 -64.4981019339565 10
    endloop
  endfacet
  facet normal -0.9974521146102535 0.07133918319923266 0
    outer loop
      vertex 6.5 -64 6.01
      vertex 6.464375046583264 -64.4981019339565 10
      vertex 6.5 -64 10
    endloop
  endfacet
  facet normal -0.9771468659711595 -0.21256528955297635 0
    outer loop
      vertex 6.358225407650741 -63.013936051055 6.01
      vertex 6.464375046583264 -63.5018980660435 10
      vertex 6.358225407650741 -63.013936051055 10
    endloop
  endfacet
  facet normal -0.9974521146102535 -0.07133918319923367 0
    outer loop
      vertex 6.464375046583264 -63.5018980660435 6.01
      vertex 6.5 -64 10
      vertex 6.464375046583264 -63.5018980660435 10
    endloop
  endfacet
  facet normal -0.5992776665113447 -0.8005412409243622 0
    outer loop
      vertex 4.892242861094592 -61.05561263509087 6.01
      vertex 5.292012568808497 -61.354876489760095 10
      vertex 4.892242861094592 -61.05561263509087 10
    endloop
  endfacet
  facet normal 0 1 0
    outer loop
      vertex -34.8 69.305 6.01
      vertex -34.8 69.305 10
      vertex -34.778680181246536 69.305 6.01
    endloop
  endfacet
  facet normal -1 0 0
    outer loop
      vertex -33.805 70.30000000000001 6.01
      vertex -33.805 70.29876761068485 6.01
      vertex -33.805 70.29876761068485 10
    endloop
  endfacet
  facet normal 0 1 0
    outer loop
      vertex -34.778680181246536 69.305 6.01
      vertex -34.8 69.305 10
      vertex -34.778680181246536 69.305 10
    endloop
  endfacet
  facet normal -1 0 0
    outer loop
      vertex -33.805 70.30000000000001 6.01
      vertex -33.805 70.29876761068485 10
      vertex -33.805 70.30000000000001 10
    endloop
  endfacet
  facet normal 0 -1 0
    outer loop
      vertex -34.8 -69.305 6.01
      vertex -34.798767610684834 -69.305 6.01
      vertex -34.798767610684834 -69.305 10
    endloop
  endfacet
  facet normal -1 0 0
    outer loop
      vertex -33.805 -70.30000000000001 6.01
      vertex -33.805 -70.30000000000001 10
      vertex -33.805 -70.27868018124654 6.01
    endloop
  endfacet
  facet normal 0 -1 0
    outer loop
      vertex -34.8 -69.305 6.01
      vertex -34.798767610684834 -69.305 10
      vertex -34.8 -69.305 10
    endloop
  endfacet
  facet normal -1 0 0
    outer loop
      vertex -33.805 -70.27868018124654 6.01
      vertex -33.805 -70.30000000000001 10
      vertex -33.805 -70.27868018124654 10
    endloop
  endfacet
  facet normal 1 0 0
    outer loop
      vertex 33.805 -70.30000000000001 6.01
      vertex 33.805 -70.29876761068485 6.01
      vertex 33.805 -70.29876761068485 10
    endloop
  endfacet
  facet normal 0 -1 0
    outer loop
      vertex 34.8 -69.305 6.01
      vertex 34.8 -69.305 10
      vertex 34.778680181246536 -69.305 6.01
    endloop
  endfacet
  facet normal 1 0 0
    outer loop
      vertex 33.805 -70.30000000000001 6.01
      vertex 33.805 -70.29876761068485 10
      vertex 33.805 -70.30000000000001 10
    endloop
  endfacet
  facet normal 0 -1 0
    outer loop
      vertex 34.778680181246536 -69.305 6.01
      vertex 34.8 -69.305 10
      vertex 34.778680181246536 -69.305 10
    endloop
  endfacet
  facet normal 1 0 0
    outer loop
      vertex 33.805 70.27868018124654 6.01
      vertex 33.805 70.30000000000001 6.01
      vertex 33.805 70.30000000000001 10
    endloop
  endfacet
  facet normal 0 1 0
    outer loop
      vertex 34.8 69.305 6.01
      vertex 34.798767610684834 69.305 6.01
      vertex 34.798767610684834 69.305 10
    endloop
  endfacet
  facet normal 1 0 0
    outer loop
      vertex 33.805 70.27868018124654 6.01
      vertex 33.805 70.30000000000001 10
      vertex 33.805 70.27868018124654 10
    endloop
  endfacet
  facet normal 0 1 0
    outer loop
      vertex 34.8 69.305 6.01
      vertex 34.798767610684834 69.305 10
      vertex 34.8 69.305 10
    endloop
  endfacet
  facet normal -0.9927088740980545 -0.12053668025531901 0
    outer loop
      vertex -34.778680181246536 69.305 6.01
      vertex -34.778680181246536 69.305 10
      vertex -34.792708874098054 69.42053668025534 6.01
    endloop
  endfacet
  facet normal -0.9350162426854098 0.3546048870425487 0
    outer loop
      vertex -34.792708874098054 69.42053668025534 6.01
      vertex -34.792708874098054 69.42053668025534 10
      vertex -34.62298386589365 69.86806474673116 6.01
    endloop
  endfacet
  facet normal -0.6631226582408039 0.7485107481710935 0
    outer loop
      vertex -34.62298386589365 69.86806474673116 6.01
      vertex -34.62298386589365 69.86806474673116 10
      vertex -34.264723172043766 70.18545602565322 6.01
    endloop
  endfacet
  facet normal -0.23931566428754733 0.9709418174260546 0
    outer loop
      vertex -34.264723172043766 70.18545602565322 6.01
      vertex -34.264723172043766 70.18545602565322 10
      vertex -33.805 70.29876761068485 6.01
    endloop
  endfacet
  facet normal -0.9927088740980545 -0.12053668025531901 0
    outer loop
      vertex -34.792708874098054 69.42053668025534 6.01
      vertex -34.778680181246536 69.305 10
      vertex -34.792708874098054 69.42053668025534 10
    endloop
  endfacet
  facet normal -0.9350162426854098 0.3546048870425487 0
    outer loop
      vertex -34.62298386589365 69.86806474673116 6.01
      vertex -34.792708874098054 69.42053668025534 10
      vertex -34.62298386589365 69.86806474673116 10
    endloop
  endfacet
  facet normal -0.6631226582408039 0.7485107481710935 0
    outer loop
      vertex -34.264723172043766 70.18545602565322 6.01
      vertex -34.62298386589365 69.86806474673116 10
      vertex -34.264723172043766 70.18545602565322 10
    endloop
  endfacet
  facet normal -0.23931566428754733 0.9709418174260546 0
    outer loop
      vertex -33.805 70.29876761068485 6.01
      vertex -34.264723172043766 70.18545602565322 10
      vertex -33.805 70.29876761068485 10
    endloop
  endfacet
  facet normal -0.9709418174260546 -0.23931566428754733 0
    outer loop
      vertex -34.798767610684834 -69.305 6.01
      vertex -34.68545602565321 -69.76472317204377 6.01
      vertex -34.68545602565321 -69.76472317204377 10
    endloop
  endfacet
  facet normal -0.7485107481711065 -0.6631226582407891 0
    outer loop
      vertex -34.68545602565321 -69.76472317204377 6.01
      vertex -34.36806474673115 -70.12298386589367 6.01
      vertex -34.36806474673115 -70.12298386589367 10
    endloop
  endfacet
  facet normal -0.35460488704253085 -0.9350162426854166 0
    outer loop
      vertex -34.36806474673115 -70.12298386589367 6.01
      vertex -33.92053668025532 -70.29270887409807 6.01
      vertex -33.92053668025532 -70.29270887409807 10
    endloop
  endfacet
  facet normal 0.12053668025539377 -0.9927088740980453 0
    outer loop
      vertex -33.92053668025532 -70.29270887409807 6.01
      vertex -33.805 -70.27868018124654 6.01
      vertex -33.805 -70.27868018124654 10
    endloop
  endfacet
  facet normal -0.7485107481711065 -0.6631226582407891 0
    outer loop
      vertex -34.68545602565321 -69.76472317204377 6.01
      vertex -34.36806474673115 -70.12298386589367 10
      vertex -34.68545602565321 -69.76472317204377 10
    endloop
  endfacet
  facet normal -0.9709418174260546 -0.23931566428754733 0
    outer loop
      vertex -34.798767610684834 -69.305 6.01
      vertex -34.68545602565321 -69.76472317204377 10
      vertex -34.798767610684834 -69.305 10
    endloop
  endfacet
  facet normal -0.35460488704253085 -0.9350162426854166 0
    outer loop
      vertex -34.36806474673115 -70.12298386589367 6.01
      vertex -33.92053668025532 -70.29270887409807 10
      vertex -34.36806474673115 -70.12298386589367 10
    endloop
  endfacet
  facet normal 0.12053668025539377 -0.9927088740980453 0
    outer loop
      vertex -33.92053668025532 -70.29270887409807 6.01
      vertex -33.805 -70.27868018124654 10
      vertex -33.92053668025532 -70.29270887409807 10
    endloop
  endfacet
  facet normal 0.23931566428754733 -0.9709418174260546 0
    outer loop
      vertex 33.805 -70.29876761068485 6.01
      vertex 34.264723172043766 -70.18545602565322 6.01
      vertex 34.264723172043766 -70.18545602565322 10
    endloop
  endfacet
  facet normal 0.6631226582408039 -0.7485107481710935 0
    outer loop
      vertex 34.264723172043766 -70.18545602565322 6.01
      vertex 34.62298386589365 -69.86806474673116 6.01
      vertex 34.62298386589365 -69.86806474673116 10
    endloop
  endfacet
  facet normal 0.9350162426854098 -0.3546048870425487 0
    outer loop
      vertex 34.62298386589365 -69.86806474673116 6.01
      vertex 34.792708874098054 -69.42053668025534 6.01
      vertex 34.792708874098054 -69.42053668025534 10
    endloop
  endfacet
  facet normal 0.9927088740980545 0.12053668025531901 0
    outer loop
      vertex 34.792708874098054 -69.42053668025534 6.01
      vertex 34.778680181246536 -69.305 6.01
      vertex 34.778680181246536 -69.305 10
    endloop
  endfacet
  facet normal 0.23931566428754733 -0.9709418174260546 0
    outer loop
      vertex 33.805 -70.29876761068485 6.01
      vertex 34.264723172043766 -70.18545602565322 10
      vertex 33.805 -70.29876761068485 10
    endloop
  endfacet
  facet normal 0.6631226582408039 -0.7485107481710935 0
    outer loop
      vertex 34.264723172043766 -70.18545602565322 6.01
      vertex 34.62298386589365 -69.86806474673116 10
      vertex 34.264723172043766 -70.18545602565322 10
    endloop
  endfacet
  facet normal 0.9350162426854098 -0.3546048870425487 0
    outer loop
      vertex 34.62298386589365 -69.86806474673116 6.01
      vertex 34.792708874098054 -69.42053668025534 10
      vertex 34.62298386589365 -69.86806474673116 10
    endloop
  endfacet
  facet normal 0.9927088740980545 0.12053668025531901 0
    outer loop
      vertex 34.792708874098054 -69.42053668025534 6.01
      vertex 34.778680181246536 -69.305 10
      vertex 34.792708874098054 -69.42053668025534 10
    endloop
  endfacet
  facet normal -0.12053668025539377 0.9927088740980453 0
    outer loop
      vertex 33.805 70.27868018124654 6.01
      vertex 33.805 70.27868018124654 10
      vertex 33.92053668025532 70.29270887409807 6.01
    endloop
  endfacet
  facet normal 0.35460488704253085 0.9350162426854166 0
    outer loop
      vertex 33.92053668025532 70.29270887409807 6.01
      vertex 33.92053668025532 70.29270887409807 10
      vertex 34.36806474673115 70.12298386589367 6.01
    endloop
  endfacet
  facet normal 0.7485107481711065 0.6631226582407891 0
    outer loop
      vertex 34.36806474673115 70.12298386589367 6.01
      vertex 34.36806474673115 70.12298386589367 10
      vertex 34.68545602565321 69.76472317204377 6.01
    endloop
  endfacet
  facet normal 0.9709418174260546 0.23931566428754733 0
    outer loop
      vertex 34.68545602565321 69.76472317204377 6.01
      vertex 34.68545602565321 69.76472317204377 10
      vertex 34.798767610684834 69.305 6.01
    endloop
  endfacet
  facet normal -0.12053668025539377 0.9927088740980453 0
    outer loop
      vertex 33.92053668025532 70.29270887409807 6.01
      vertex 33.805 70.27868018124654 10
      vertex 33.92053668025532 70.29270887409807 10
    endloop
  endfacet
  facet normal 0.35460488704253085 0.9350162426854166 0
    outer loop
      vertex 34.36806474673115 70.12298386589367 6.01
      vertex 33.92053668025532 70.29270887409807 10
      vertex 34.36806474673115 70.12298386589367 10
    endloop
  endfacet
  facet normal 0.9709418174260546 0.23931566428754733 0
    outer loop
      vertex 34.798767610684834 69.305 6.01
      vertex 34.68545602565321 69.76472317204377 10
      vertex 34.798767610684834 69.305 10
    endloop
  endfacet
  facet normal 0.7485107481711065 0.6631226582407891 0
    outer loop
      vertex 34.68545602565321 69.76472317204377 6.01
      vertex 34.36806474673115 70.12298386589367 10
      vertex 34.68545602565321 69.76472317204377 10
    endloop
  endfacet
  facet normal 0 0 -1
    outer loop
      vertex -34.36806474673115 -70.12298386589367 6.01
      vertex -33.805 -70.27868018124654 6.01
      vertex -33.92053668025532 -70.29270887409807 6.01
    endloop
  endfacet
  facet normal 0 0 -1
    outer loop
      vertex -34.798767610684834 -69.305 6.01
      vertex -30.262500000000003 -49.6875 6.01
      vertex -34.68545602565321 -69.76472317204377 6.01
    endloop
  endfacet
  facet normal 0 0 -1
    outer loop
      vertex -34.798767610684834 -69.305 6.01
      vertex -30.262500000000003 -34.6875 6.01
      vertex -30.262500000000003 -49.6875 6.01
    endloop
  endfacet
  facet normal 0 0 -1
    outer loop
      vertex -34.798767610684834 -69.305 6.01
      vertex -30.262500000000003 -21.5625 6.01
      vertex -30.262500000000003 -34.6875 6.01
    endloop
  endfacet
  facet normal 0 0 -1
    outer loop
      vertex -34.68545602565321 -69.76472317204377 6.01
      vertex -30.262500000000003 -49.6875 6.01
      vertex -3.9860639489450036 -60.64177459234926 6.01
    endloop
  endfacet
  facet normal 0 0 -1
    outer loop
      vertex -34.8 -69.305 6.01
      vertex -34.8 56.25 6.01
      vertex -34.798767610684834 -69.305 6.01
    endloop
  endfacet
  facet normal -1 0 0
    outer loop
      vertex -34.8 -69.305 6.01
      vertex -34.8 -69.305 10
      vertex -34.8 56.25 6.01
    endloop
  endfacet
  facet normal 0 0 -1
    outer loop
      vertex -34.798767610684834 -69.305 6.01
      vertex -34.8 56.25 6.01
      vertex -30.262500000000003 -21.5625 6.01
    endloop
  endfacet
  facet normal 0 0 -1
    outer loop
      vertex -30.262500000000003 -34.6875 6.01
      vertex -30.262500000000003 -21.5625 6.01
      vertex -6.5625 -34.6875 6.01
    endloop
  endfacet
  facet normal 0 0 -1
    outer loop
      vertex -30.262500000000003 -6.5625 6.01
      vertex -30.262500000000003 6.5625 6.01
      vertex -6.5625 -6.5625 6.01
    endloop
  endfacet
  facet normal -1 0 0
    outer loop
      vertex -34.8 -69.305 10
      vertex -34.8 -56.25 10
      vertex -34.8 56.25 6.01
    endloop
  endfacet
  facet normal -1 0 0
    outer loop
      vertex -34.8 -56.25 10
      vertex -34.8 -28.125 10
      vertex -34.8 56.25 6.01
    endloop
  endfacet
  facet normal 0 0 -1
    outer loop
      vertex -34.68545602565321 -69.76472317204377 6.01
      vertex -6.358225407650741 -64.986063948945 6.01
      vertex -6.183711983740815 -65.4539525455066 6.01
    endloop
  endfacet
  facet normal 0 0 -1
    outer loop
      vertex -34.68545602565321 -69.76472317204377 6.01
      vertex -6.464375046583264 -64.4981019339565 6.01
      vertex -6.358225407650741 -64.986063948945 6.01
    endloop
  endfacet
  facet normal 0 0 -1
    outer loop
      vertex -34.68545602565321 -69.76472317204377 6.01
      vertex -6.5 -64 6.01
      vertex -6.464375046583264 -64.4981019339565 6.01
    endloop
  endfacet
  facet normal 0 0 -1
    outer loop
      vertex -34.68545602565321 -69.76472317204377 6.01
      vertex -5.944387364909135 -65.89224286109459 6.01
      vertex -5.645123510239904 -66.2920125688085 6.01
    endloop
  endfacet
  facet normal 0 0 -1
    outer loop
      vertex -34.68545602565321 -69.76472317204377 6.01
      vertex -5.645123510239904 -66.2920125688085 6.01
      vertex -5.292012568808497 -66.6451235102399 6.01
    endloop
  endfacet
  facet normal 0 0 -1
    outer loop
      vertex -34.68545602565321 -69.76472317204377 6.01
      vertex -6.183711983740815 -65.4539525455066 6.01
      vertex -5.944387364909135 -65.89224286109459 6.01
    endloop
  endfacet
  facet normal 0 0 -1
    outer loop
      vertex -34.68545602565321 -69.76472317204377 6.01
      vertex -6.464375046583264 -63.5018980660435 6.01
      vertex -6.5 -64 6.01
    endloop
  endfacet
  facet normal 0 0 -1
    outer loop
      vertex -34.68545602565321 -69.76472317204377 6.01
      vertex -6.358225407650741 -63.013936051055 6.01
      vertex -6.464375046583264 -63.5018980660435 6.01
    endloop
  endfacet
  facet normal 0 0 -1
    outer loop
      vertex -34.68545602565321 -69.76472317204377 6.01
      vertex -6.183711983740815 -62.5460474544934 6.01
      vertex -6.358225407650741 -63.013936051055 6.01
    endloop
  endfacet
  facet normal 0 0 -1
    outer loop
      vertex -34.68545602565321 -69.76472317204377 6.01
      vertex -5.944387364909135 -62.107757138905406 6.01
      vertex -6.183711983740815 -62.5460474544934 6.01
    endloop
  endfacet
  facet normal 0 0 -1
    outer loop
      vertex -34.68545602565321 -69.76472317204377 6.01
      vertex -5.645123510239904 -61.707987431191505 6.01
      vertex -5.944387364909135 -62.107757138905406 6.01
    endloop
  endfacet
  facet normal 0 0 -1
    outer loop
      vertex -34.68545602565321 -69.76472317204377 6.01
      vertex -5.292012568808497 -61.354876489760095 6.01
      vertex -5.645123510239904 -61.707987431191505 6.01
    endloop
  endfacet
  facet normal 0 0 -1
    outer loop
      vertex -34.68545602565321 -69.76472317204377 6.01
      vertex -5.292012568808497 -66.6451235102399 6.01
      vertex -4.892242861094591 -66.94438736490913 6.01
    endloop
  endfacet
  facet normal 0 0 -1
    outer loop
      vertex -34.68545602565321 -69.76472317204377 6.01
      vertex -4.892242861094591 -66.94438736490913 6.01
      vertex -4.453952545506602 -67.18371198374082 6.01
    endloop
  endfacet
  facet normal 0 0 -1
    outer loop
      vertex -34.68545602565321 -69.76472317204377 6.01
      vertex -4.453952545506602 -67.18371198374082 6.01
      vertex -3.9860639489450045 -67.35822540765074 6.01
    endloop
  endfacet
  facet normal 0 0 -1
    outer loop
      vertex -34.68545602565321 -69.76472317204377 6.01
      vertex -3.9860639489450045 -67.35822540765074 6.01
      vertex -3.498101933956498 -67.46437504658327 6.01
    endloop
  endfacet
  facet normal 0 0 -1
    outer loop
      vertex -34.68545602565321 -69.76472317204377 6.01
      vertex -3.498101933956498 -67.46437504658327 6.01
      vertex -3 -67.5 6.01
    endloop
  endfacet
  facet normal 0 0 -1
    outer loop
      vertex -34.36806474673115 -70.12298386589367 6.01
      vertex 33.805 -70.29876761068485 6.01
      vertex -33.805 -70.27868018124654 6.01
    endloop
  endfacet
  facet normal 0 0 -1
    outer loop
      vertex -33.805 -70.30000000000001 6.01
      vertex -33.805 -70.27868018124654 6.01
      vertex 33.805 -70.30000000000001 6.01
    endloop
  endfacet
  facet normal 0 0 -1
    outer loop
      vertex -34.68545602565321 -69.76472317204377 6.01
      vertex 34.778680181246536 -69.305 6.01
      vertex -34.36806474673115 -70.12298386589367 6.01
    endloop
  endfacet
  facet normal 0 0 -1
    outer loop
      vertex -34.68545602565321 -69.76472317204377 6.01
      vertex -4.892242861094592 -61.05561263509087 6.01
      vertex -5.292012568808497 -61.354876489760095 6.01
    endloop
  endfacet
  facet normal 0 0 -1
    outer loop
      vertex -34.68545602565321 -69.76472317204377 6.01
      vertex -4.453952545506603 -60.816288016259186 6.01
      vertex -4.892242861094592 -61.05561263509087 6.01
    endloop
  endfacet
  facet normal 0 0 -1
    outer loop
      vertex -34.68545602565321 -69.76472317204377 6.01
      vertex -3.9860639489450036 -60.64177459234926 6.01
      vertex -4.453952545506603 -60.816288016259186 6.01
    endloop
  endfacet
  facet normal 0 0 -1
    outer loop
      vertex -3.9860639489450036 -60.64177459234926 6.01
      vertex -30.262500000000003 -49.6875 6.01
      vertex -6.5625 -49.6875 6.01
    endloop
  endfacet
  facet normal 0 0 -1
    outer loop
      vertex -34.68545602565321 -69.76472317204377 6.01
      vertex -3 -67.5 6.01
      vertex 34.778680181246536 -69.305 6.01
    endloop
  endfacet
  facet normal 0 0 -1
    outer loop
      vertex -3.9860639489450036 -60.64177459234926 6.01
      vertex 6.5625 -21.5625 6.01
      vertex -3.498101933956498 -60.535624953416736 6.01
    endloop
  endfacet
  facet normal 0 0 -1
    outer loop
      vertex -3.9860639489450036 -60.64177459234926 6.01
      vertex -6.5625 -49.6875 6.01
      vertex 6.5625 -21.5625 6.01
    endloop
  endfacet
  facet normal 0 -1 0
    outer loop
      vertex -33.805 -70.30000000000001 6.01
      vertex 33.805 -70.30000000000001 10
      vertex -33.805 -70.30000000000001 10
    endloop
  endfacet
  facet normal 0 0 -1
    outer loop
      vertex -6.5625 -34.6875 6.01
      vertex -30.262500000000003 -21.5625 6.01
      vertex -6.5625 -21.5625 6.01
    endloop
  endfacet
  facet normal 0 0 -1
    outer loop
      vertex -6.5625 -49.6875 6.01
      vertex -6.5625 -34.6875 6.01
      vertex 6.5625 -21.5625 6.01
    endloop
  endfacet
  facet normal 0 0 -1
    outer loop
      vertex -6.5625 -34.6875 6.01
      vertex -6.5625 -21.5625 6.01
      vertex 6.5625 -21.5625 6.01
    endloop
  endfacet
  facet normal 0 0 -1
    outer loop
      vertex -6.5625 -21.5625 6.01
      vertex -6.5625 -6.5625 6.01
      vertex 6.5625 21.5625 6.01
    endloop
  endfacet
  facet normal 0 0 -1
    outer loop
      vertex -30.262500000000003 -6.5625 6.01
      vertex -30.262500000000003 -21.5625 6.01
      vertex -34.8 56.25 6.01
    endloop
  endfacet
  facet normal 0 0 -1
    outer loop
      vertex -30.262500000000003 -6.5625 6.01
      vertex -34.8 56.25 6.01
      vertex -30.262500000000003 6.5625 6.01
    endloop
  endfacet
  facet normal 0 0 -1
    outer loop
      vertex -30.262500000000003 21.5625 6.01
      vertex -30.262500000000003 6.5625 6.01
      vertex -34.8 56.25 6.01
    endloop
  endfacet
  facet normal 0 0 -1
    outer loop
      vertex -30.262500000000003 34.6875 6.01
      vertex -30.262500000000003 21.5625 6.01
      vertex -34.8 56.25 6.01
    endloop
  endfacet
  facet normal 0 0 -1
    outer loop
      vertex -30.262500000000003 34.6875 6.01
      vertex -8.338465497022769 21.5625 6.01
      vertex -30.262500000000003 21.5625 6.01
    endloop
  endfacet
  facet normal -1 0 0
    outer loop
      vertex -34.8 -28.125 10
      vertex -34.8 0 10
      vertex -34.8 56.25 6.01
    endloop
  endfacet
  facet normal -1 0 0
    outer loop
      vertex -34.8 0 10
      vertex -34.8 28.125 10
      vertex -34.8 56.25 6.01
    endloop
  endfacet
  facet normal 0 0 -1
    outer loop
      vertex -30.262500000000003 34.6875 6.01
      vertex -34.8 56.25 6.01
      vertex -30.262500000000003 49.6875 6.01
    endloop
  endfacet
  facet normal 0 0 -1
    outer loop
      vertex -30.262500000000003 49.6875 6.01
      vertex -34.8 56.25 6.01
      vertex -32.025657527881044 56.25 6.01
    endloop
  endfacet
  facet normal -1 0 0
    outer loop
      vertex -34.8 69.305 6.01
      vertex -34.8 56.260000000000005 6.01
      vertex -34.8 69.305 10
    endloop
  endfacet
  facet normal 0 0 -1
    outer loop
      vertex -32.025657527881044 56.25 6.01
      vertex 0 56.25 6.01
      vertex -30.262500000000003 49.6875 6.01
    endloop
  endfacet
  facet normal 0 0 -1
    outer loop
      vertex -34.8 69.305 6.01
      vertex 0 56.260000000000005 6.01
      vertex -34.8 56.260000000000005 6.01
    endloop
  endfacet
  facet normal 0 0 -1
    outer loop
      vertex -34.8 69.305 6.01
      vertex -34.778680181246536 69.305 6.01
      vertex 0 56.260000000000005 6.01
    endloop
  endfacet
  facet normal -1 0 0
    outer loop
      vertex -34.8 56.25 6.01
      vertex -34.8 28.125 10
      vertex -34.8 56.25 10
    endloop
  endfacet
  facet normal -1 0 0
    outer loop
      vertex -34.8 56.260000000000005 10
      vertex -34.8 69.305 10
      vertex -34.8 56.260000000000005 6.01
    endloop
  endfacet
  facet normal 0 1 0
    outer loop
      vertex -33.805 70.30000000000001 6.01
      vertex -33.805 70.30000000000001 10
      vertex -33.635975 70.30000000000001 10
    endloop
  endfacet
  facet normal 0 0 -1
    outer loop
      vertex -6.5625 -6.5625 6.01
      vertex -30.262500000000003 6.5625 6.01
      vertex -6.5625 6.5625 6.01
    endloop
  endfacet
  facet normal 0 0 -1
    outer loop
      vertex -30.262500000000003 34.6875 6.01
      vertex -6.5625 34.6875 6.01
      vertex -8.338465497022769 21.5625 6.01
    endloop
  endfacet
  facet normal 0 0 -1
    outer loop
      vertex -6.5625 -6.5625 6.01
      vertex -6.5625 6.5625 6.01
      vertex 6.5625 21.5625 6.01
    endloop
  endfacet
  facet normal 0 0 -1
    outer loop
      vertex -6.5625 21.5625 6.01
      vertex 0 56.25 6.01
      vertex -6.5625 6.5625 6.01
    endloop
  endfacet
  facet normal 0 0 -1
    outer loop
      vertex -8.338465497022769 21.5625 6.01
      vertex 0 56.25 6.01
      vertex -6.5625 21.5625 6.01
    endloop
  endfacet
  facet normal 0 0 -1
    outer loop
      vertex -6.5625 34.6875 6.01
      vertex 0 56.25 6.01
      vertex -8.338465497022769 21.5625 6.01
    endloop
  endfacet
  facet normal 0 0 -1
    outer loop
      vertex -30.262500000000003 49.6875 6.01
      vertex 0 56.25 6.01
      vertex -6.5625 49.6875 6.01
    endloop
  endfacet
  facet normal 0 0 -1
    outer loop
      vertex -34.778680181246536 69.305 6.01
      vertex -6.183711983740815 62.5460474544934 6.01
      vertex -5.944387364909135 62.107757138905406 6.01
    endloop
  endfacet
  facet normal 0 0 -1
    outer loop
      vertex -34.778680181246536 69.305 6.01
      vertex -6.464375046583264 63.5018980660435 6.01
      vertex -6.358225407650741 63.013936051055 6.01
    endloop
  endfacet
  facet normal 0 0 -1
    outer loop
      vertex -34.778680181246536 69.305 6.01
      vertex -6.358225407650741 63.013936051055 6.01
      vertex -6.183711983740815 62.5460474544934 6.01
    endloop
  endfacet
  facet normal 0 0 -1
    outer loop
      vertex -34.778680181246536 69.305 6.01
      vertex -6.5 64 6.01
      vertex -6.464375046583264 63.5018980660435 6.01
    endloop
  endfacet
  facet normal 0 0 -1
    outer loop
      vertex -34.778680181246536 69.305 6.01
      vertex -6.464375046583264 64.4981019339565 6.01
      vertex -6.5 64 6.01
    endloop
  endfacet
  facet normal 0 0 -1
    outer loop
      vertex -34.778680181246536 69.305 6.01
      vertex -5.944387364909135 62.107757138905406 6.01
      vertex -5.645123510239904 61.707987431191505 6.01
    endloop
  endfacet
  facet normal 0 0 -1
    outer loop
      vertex -34.778680181246536 69.305 6.01
      vertex -5.645123510239904 61.707987431191505 6.01
      vertex -5.292012568808497 61.354876489760095 6.01
    endloop
  endfacet
  facet normal 0 0 -1
    outer loop
      vertex -34.778680181246536 69.305 6.01
      vertex -6.358225407650741 64.986063948945 6.01
      vertex -6.464375046583264 64.4981019339565 6.01
    endloop
  endfacet
  facet normal 0 0 -1
    outer loop
      vertex -34.778680181246536 69.305 6.01
      vertex -6.183711983740815 65.4539525455066 6.01
      vertex -6.358225407650741 64.986063948945 6.01
    endloop
  endfacet
  facet normal 0 0 -1
    outer loop
      vertex -34.778680181246536 69.305 6.01
      vertex -5.944387364909135 65.89224286109459 6.01
      vertex -6.183711983740815 65.4539525455066 6.01
    endloop
  endfacet
  facet normal 0 0 -1
    outer loop
      vertex -34.778680181246536 69.305 6.01
      vertex -5.645123510239904 66.2920125688085 6.01
      vertex -5.944387364909135 65.89224286109459 6.01
    endloop
  endfacet
  facet normal 0 0 -1
    outer loop
      vertex -34.778680181246536 69.305 6.01
      vertex -5.292012568808497 66.6451235102399 6.01
      vertex -5.645123510239904 66.2920125688085 6.01
    endloop
  endfacet
  facet normal 0 0 -1
    outer loop
      vertex -34.778680181246536 69.305 6.01
      vertex -5.292012568808497 61.354876489760095 6.01
      vertex -4.892242861094591 61.05561263509087 6.01
    endloop
  endfacet
  facet normal 0 0 -1
    outer loop
      vertex -34.778680181246536 69.305 6.01
      vertex -4.892242861094591 61.05561263509087 6.01
      vertex 0 56.260000000000005 6.01
    endloop
  endfacet
  facet normal 0 0 -1
    outer loop
      vertex -34.778680181246536 69.305 6.01
      vertex -4.892242861094592 66.94438736490913 6.01
      vertex -5.292012568808497 66.6451235102399 6.01
    endloop
  endfacet
  facet normal 0 0 -1
    outer loop
      vertex -34.778680181246536 69.305 6.01
      vertex -4.453952545506603 67.18371198374082 6.01
      vertex -4.892242861094592 66.94438736490913 6.01
    endloop
  endfacet
  facet normal 0 0 -1
    outer loop
      vertex -34.778680181246536 69.305 6.01
      vertex -3.9860639489450036 67.35822540765074 6.01
      vertex -4.453952545506603 67.18371198374082 6.01
    endloop
  endfacet
  facet normal 0 0 -1
    outer loop
      vertex -34.778680181246536 69.305 6.01
      vertex -3.498101933956498 67.46437504658327 6.01
      vertex -3.9860639489450036 67.35822540765074 6.01
    endloop
  endfacet
  facet normal 0 0 -1
    outer loop
      vertex -34.778680181246536 69.305 6.01
      vertex -3 67.5 6.01
      vertex -3.498101933956498 67.46437504658327 6.01
    endloop
  endfacet
  facet normal 0 0 -1
    outer loop
      vertex -34.778680181246536 69.305 6.01
      vertex 3 67.5 6.01
      vertex -3 67.5 6.01
    endloop
  endfacet
  facet normal 0 0 -1
    outer loop
      vertex -34.778680181246536 69.305 6.01
      vertex -34.792708874098054 69.42053668025534 6.01
      vertex 34.36806474673115 70.12298386589367 6.01
    endloop
  endfacet
  facet normal 0 0 -1
    outer loop
      vertex -34.792708874098054 69.42053668025534 6.01
      vertex -34.62298386589365 69.86806474673116 6.01
      vertex 34.36806474673115 70.12298386589367 6.01
    endloop
  endfacet
  facet normal 0 0 -1
    outer loop
      vertex -34.62298386589365 69.86806474673116 6.01
      vertex -34.264723172043766 70.18545602565322 6.01
      vertex 34.36806474673115 70.12298386589367 6.01
    endloop
  endfacet
  facet normal 0 0 -1
    outer loop
      vertex -33.805 70.30000000000001 6.01
      vertex 33.805 70.27868018124654 6.01
      vertex -33.805 70.29876761068485 6.01
    endloop
  endfacet
  facet normal 0 0 -1
    outer loop
      vertex -34.264723172043766 70.18545602565322 6.01
      vertex -33.805 70.29876761068485 6.01
      vertex 34.36806474673115 70.12298386589367 6.01
    endloop
  endfacet
  facet normal 0 1 0
    outer loop
      vertex -33.805 70.30000000000001 6.01
      vertex -33.635975 70.30000000000001 10
      vertex 33.805 70.30000000000001 6.01
    endloop
  endfacet
  facet normal 0 0 -1
    outer loop
      vertex -6.5625 49.6875 6.01
      vertex 0 56.25 6.01
      vertex -6.5625 34.6875 6.01
    endloop
  endfacet
  facet normal 0 0 -1
    outer loop
      vertex -4.892242861094591 61.05561263509087 6.01
      vertex -4.453952545506602 60.816288016259186 6.01
      vertex 0 56.260000000000005 6.01
    endloop
  endfacet
  facet normal 0 0 -1
    outer loop
      vertex -4.453952545506602 60.816288016259186 6.01
      vertex -3.9860639489450045 60.64177459234926 6.01
      vertex 0 56.260000000000005 6.01
    endloop
  endfacet
  facet normal 0 0 -1
    outer loop
      vertex -3.9860639489450045 60.64177459234926 6.01
      vertex -3.498101933956498 60.535624953416736 6.01
      vertex 0 56.260000000000005 6.01
    endloop
  endfacet
  facet normal 0 0 -1
    outer loop
      vertex -3.498101933956498 60.535624953416736 6.01
      vertex -3 60.5 6.01
      vertex 0 56.260000000000005 6.01
    endloop
  endfacet
  facet normal 0 0 -1
    outer loop
      vertex 3.498101933956498 -60.535624953416736 6.01
      vertex 6.5625 -49.6875 6.01
      vertex 3.9860639489450036 -60.64177459234926 6.01
    endloop
  endfacet
  facet normal 0 0 -1
    outer loop
      vertex 3.9860639489450036 -60.64177459234926 6.01
      vertex 6.5625 -49.6875 6.01
      vertex 4.453952545506603 -60.816288016259186 6.01
    endloop
  endfacet
  facet normal 0 0 -1
    outer loop
      vertex 4.453952545506603 -60.816288016259186 6.01
      vertex 6.5625 -49.6875 6.01
      vertex 4.892242861094592 -61.05561263509087 6.01
    endloop
  endfacet
  facet normal 0 0 -1
    outer loop
      vertex 4.892242861094592 -61.05561263509087 6.01
      vertex 6.5625 -49.6875 6.01
      vertex 5.292012568808497 -61.354876489760095 6.01
    endloop
  endfacet
  facet normal 0 0 -1
    outer loop
      vertex 5.645123510239904 -61.707987431191505 6.01
      vertex 6.5625 -49.6875 6.01
      vertex 5.944387364909135 -62.107757138905406 6.01
    endloop
  endfacet
  facet normal 0 0 -1
    outer loop
      vertex 6.183711983740814 -62.5460474544934 6.01
      vertex 5.944387364909135 -62.107757138905406 6.01
      vertex 6.5625 -49.6875 6.01
    endloop
  endfacet
  facet normal 0 0 -1
    outer loop
      vertex 5.292012568808497 -61.354876489760095 6.01
      vertex 6.5625 -49.6875 6.01
      vertex 5.645123510239904 -61.707987431191505 6.01
    endloop
  endfacet
  facet normal 0 0 -1
    outer loop
      vertex 6.5 -64 6.01
      vertex 6.464375046583264 -63.5018980660435 6.01
      vertex 6.5625 -49.6875 6.01
    endloop
  endfacet
  facet normal 0 0 -1
    outer loop
      vertex 6.183711983740814 -62.5460474544934 6.01
      vertex 6.5625 -49.6875 6.01
      vertex 6.358225407650741 -63.013936051055 6.01
    endloop
  endfacet
  facet normal 0 0 -1
    outer loop
      vertex 6.358225407650741 -63.013936051055 6.01
      vertex 6.5625 -49.6875 6.01
      vertex 6.464375046583264 -63.5018980660435 6.01
    endloop
  endfacet
  facet normal 0 0 -1
    outer loop
      vertex -3.498101933956498 -60.535624953416736 6.01
      vertex 6.5625 -21.5625 6.01
      vertex -3 -60.5 6.01
    endloop
  endfacet
  facet normal 0 0 -1
    outer loop
      vertex -3 -60.5 6.01
      vertex 6.5625 -34.6875 6.01
      vertex 3 -60.5 6.01
    endloop
  endfacet
  facet normal 0 0 -1
    outer loop
      vertex 3 -60.5 6.01
      vertex 6.5625 -34.6875 6.01
      vertex 3.498101933956498 -60.535624953416736 6.01
    endloop
  endfacet
  facet normal 0 0 -1
    outer loop
      vertex -3 -60.5 6.01
      vertex 6.5625 -21.5625 6.01
      vertex 6.5625 -34.6875 6.01
    endloop
  endfacet
  facet normal 0 0 -1
    outer loop
      vertex 3.498101933956498 -60.535624953416736 6.01
      vertex 6.5625 -34.6875 6.01
      vertex 6.5625 -49.6875 6.01
    endloop
  endfacet
  facet normal 0 0 -1
    outer loop
      vertex -34.36806474673115 -70.12298386589367 6.01
      vertex 34.264723172043766 -70.18545602565322 6.01
      vertex 33.805 -70.29876761068485 6.01
    endloop
  endfacet
  facet normal 0 0 -1
    outer loop
      vertex -33.805 -70.27868018124654 6.01
      vertex 33.805 -70.29876761068485 6.01
      vertex 33.805 -70.30000000000001 6.01
    endloop
  endfacet
  facet normal 0 0 -1
    outer loop
      vertex -34.36806474673115 -70.12298386589367 6.01
      vertex 34.62298386589365 -69.86806474673116 6.01
      vertex 34.264723172043766 -70.18545602565322 6.01
    endloop
  endfacet
  facet normal 0 0 -1
    outer loop
      vertex -34.36806474673115 -70.12298386589367 6.01
      vertex 34.792708874098054 -69.42053668025534 6.01
      vertex 34.62298386589365 -69.86806474673116 6.01
    endloop
  endfacet
  facet normal 0 0 -1
    outer loop
      vertex -34.36806474673115 -70.12298386589367 6.01
      vertex 34.778680181246536 -69.305 6.01
      vertex 34.792708874098054 -69.42053668025534 6.01
    endloop
  endfacet
  facet normal 0 0 -1
    outer loop
      vertex -3 -67.5 6.01
      vertex 3 -67.5 6.01
      vertex 34.778680181246536 -69.305 6.01
    endloop
  endfacet
  facet normal 0 0 -1
    outer loop
      vertex 3 -67.5 6.01
      vertex 3.498101933956498 -67.46437504658327 6.01
      vertex 34.778680181246536 -69.305 6.01
    endloop
  endfacet
  facet normal 0 0 -1
    outer loop
      vertex 3.498101933956498 -67.46437504658327 6.01
      vertex 3.9860639489450045 -67.35822540765074 6.01
      vertex 34.778680181246536 -69.305 6.01
    endloop
  endfacet
  facet normal 0 0 -1
    outer loop
      vertex 3.9860639489450045 -67.35822540765074 6.01
      vertex 4.453952545506604 -67.1837119837408 6.01
      vertex 34.778680181246536 -69.305 6.01
    endloop
  endfacet
  facet normal 0 0 -1
    outer loop
      vertex 4.453952545506604 -67.1837119837408 6.01
      vertex 4.8922428610945925 -66.94438736490913 6.01
      vertex 34.778680181246536 -69.305 6.01
    endloop
  endfacet
  facet normal 0 0 -1
    outer loop
      vertex 4.8922428610945925 -66.94438736490913 6.01
      vertex 5.292012568808499 -66.6451235102399 6.01
      vertex 34.778680181246536 -69.305 6.01
    endloop
  endfacet
  facet normal 0 0 -1
    outer loop
      vertex 5.292012568808499 -66.6451235102399 6.01
      vertex 5.645123510239903 -66.2920125688085 6.01
      vertex 34.778680181246536 -69.305 6.01
    endloop
  endfacet
  facet normal 0 0 -1
    outer loop
      vertex 5.645123510239903 -66.2920125688085 6.01
      vertex 5.944387364909133 -65.89224286109459 6.01
      vertex 34.778680181246536 -69.305 6.01
    endloop
  endfacet
  facet normal 0 0 -1
    outer loop
      vertex 5.944387364909133 -65.89224286109459 6.01
      vertex 6.183711983740814 -65.45395254550661 6.01
      vertex 34.778680181246536 -69.305 6.01
    endloop
  endfacet
  facet normal 0 0 -1
    outer loop
      vertex 6.183711983740814 -65.45395254550661 6.01
      vertex 6.358225407650741 -64.986063948945 6.01
      vertex 34.778680181246536 -69.305 6.01
    endloop
  endfacet
  facet normal 0 0 -1
    outer loop
      vertex 6.358225407650741 -64.986063948945 6.01
      vertex 6.464375046583264 -64.4981019339565 6.01
      vertex 34.778680181246536 -69.305 6.01
    endloop
  endfacet
  facet normal 0 0 -1
    outer loop
      vertex 6.464375046583264 -64.4981019339565 6.01
      vertex 6.5 -64 6.01
      vertex 34.778680181246536 -69.305 6.01
    endloop
  endfacet
  facet normal 0 0 -1
    outer loop
      vertex 6.5 -64 6.01
      vertex 6.5625 -49.6875 6.01
      vertex 34.778680181246536 -69.305 6.01
    endloop
  endfacet
  facet normal 0 -1 0
    outer loop
      vertex -33.805 -70.30000000000001 6.01
      vertex 33.805 -70.30000000000001 6.01
      vertex 33.805 -70.30000000000001 10
    endloop
  endfacet
  facet normal 0 0 -1
    outer loop
      vertex -6.5625 -21.5625 6.01
      vertex 6.5625 -6.5625 6.01
      vertex 6.5625 -21.5625 6.01
    endloop
  endfacet
  facet normal 0 0 -1
    outer loop
      vertex 6.5625 -6.5625 6.01
      vertex -6.5625 -21.5625 6.01
      vertex 6.5625 6.5625 6.01
    endloop
  endfacet
  facet normal 0 0 -1
    outer loop
      vertex 6.5625 -34.6875 6.01
      vertex 6.5625 -21.5625 6.01
      vertex 30.262500000000003 -34.6875 6.01
    endloop
  endfacet
  facet normal 0 0 -1
    outer loop
      vertex 6.5625 -6.5625 6.01
      vertex 6.5625 6.5625 6.01
      vertex 30.262500000000003 -6.5625 6.01
    endloop
  endfacet
  facet normal 0 0 -1
    outer loop
      vertex 34.778680181246536 -69.305 6.01
      vertex 6.5625 -49.6875 6.01
      vertex 30.262500000000003 -49.6875 6.01
    endloop
  endfacet
  facet normal 0 0 -1
    outer loop
      vertex 34.778680181246536 -69.305 6.01
      vertex 30.262500000000003 -49.6875 6.01
      vertex 30.262500000000003 -34.6875 6.01
    endloop
  endfacet
  facet normal 1 0 0
    outer loop
      vertex 34.8 -69.305 6.01
      vertex 34.8 -56.25 10
      vertex 34.8 -69.305 10
    endloop
  endfacet
  facet normal 1 0 0
    outer loop
      vertex 34.8 -69.305 6.01
      vertex 34.8 -49.6875 10
      vertex 34.8 -56.25 10
    endloop
  endfacet
  facet normal 1 0 0
    outer loop
      vertex 34.8 -69.305 6.01
      vertex 34.8 -34.32662932790224 10
      vertex 34.8 -49.6875 10
    endloop
  endfacet
  facet normal 1 0 0
    outer loop
      vertex 34.8 -69.305 6.01
      vertex 34.8 -28.125 10
      vertex 34.8 -34.32662932790224 10
    endloop
  endfacet
  facet normal 0 0 -1
    outer loop
      vertex 30.262500000000003 -34.6875 6.01
      vertex 6.5625 -21.5625 6.01
      vertex 30.262500000000003 -21.5625 6.01
    endloop
  endfacet
  facet normal 0 0 -1
    outer loop
      vertex 34.8 -69.305 6.01
      vertex 34.778680181246536 -69.305 6.01
      vertex 34.8 56.25 6.01
    endloop
  endfacet
  facet normal 0 0 -1
    outer loop
      vertex 34.778680181246536 -69.305 6.01
      vertex 30.262500000000003 -34.6875 6.01
      vertex 34.8 56.25 6.01
    endloop
  endfacet
  facet normal 1 0 0
    outer loop
      vertex 34.8 -69.305 6.01
      vertex 34.8 56.25 6.01
      vertex 34.8 -28.125 10
    endloop
  endfacet
  facet normal 0 0 -1
    outer loop
      vertex 6.5625 6.5625 6.01
      vertex -6.5625 -21.5625 6.01
      vertex 6.5625 21.5625 6.01
    endloop
  endfacet
  facet normal 0 0 -1
    outer loop
      vertex 6.5625 34.6875 6.01
      vertex 6.5625 21.5625 6.01
      vertex -6.5625 6.5625 6.01
    endloop
  endfacet
  facet normal 0 0 -1
    outer loop
      vertex 6.5625 34.6875 6.01
      vertex -6.5625 6.5625 6.01
      vertex 6.5625 49.6875 6.01
    endloop
  endfacet
  facet normal 0 0 -1
    outer loop
      vertex 6.5625 49.6875 6.01
      vertex -6.5625 6.5625 6.01
      vertex 0 56.25 6.01
    endloop
  endfacet
  facet normal 0 0 -1
    outer loop
      vertex 6.5625 21.5625 6.01
      vertex 6.5625 34.6875 6.01
      vertex 30.262500000000003 21.5625 6.01
    endloop
  endfacet
  facet normal 0 0 -1
    outer loop
      vertex 6.5625 49.6875 6.01
      vertex 0 56.25 6.01
      vertex 4.79934247211896 56.25 6.01
    endloop
  endfacet
  facet normal 0 0 -1
    outer loop
      vertex -3 60.5 6.01
      vertex 3 60.5 6.01
      vertex 0 56.260000000000005 6.01
    endloop
  endfacet
  facet normal 0 0 -1
    outer loop
      vertex -34.778680181246536 69.305 6.01
      vertex 34.68545602565321 69.76472317204377 6.01
      vertex 3 67.5 6.01
    endloop
  endfacet
  facet normal 0 0 -1
    outer loop
      vertex 6.5625 49.6875 6.01
      vertex 4.79934247211896 56.25 6.01
      vertex 30.262500000000003 49.6875 6.01
    endloop
  endfacet
  facet normal 0 0 -1
    outer loop
      vertex 3 60.5 6.01
      vertex 34.8 56.260000000000005 6.01
      vertex 0 56.260000000000005 6.01
    endloop
  endfacet
  facet normal 0 0 -1
    outer loop
      vertex 3 60.5 6.01
      vertex 3.498101933956498 60.535624953416736 6.01
      vertex 34.8 56.260000000000005 6.01
    endloop
  endfacet
  facet normal 0 0 -1
    outer loop
      vertex 3.498101933956498 60.535624953416736 6.01
      vertex 3.9860639489450045 60.64177459234926 6.01
      vertex 34.8 56.260000000000005 6.01
    endloop
  endfacet
  facet normal 0 0 -1
    outer loop
      vertex 3.9860639489450045 60.64177459234926 6.01
      vertex 4.453952545506604 60.816288016259186 6.01
      vertex 34.8 56.260000000000005 6.01
    endloop
  endfacet
  facet normal 0 0 -1
    outer loop
      vertex 4.453952545506604 60.816288016259186 6.01
      vertex 4.8922428610945925 61.05561263509087 6.01
      vertex 34.8 56.260000000000005 6.01
    endloop
  endfacet
  facet normal 0 0 -1
    outer loop
      vertex 4.8922428610945925 61.05561263509087 6.01
      vertex 5.292012568808499 61.354876489760095 6.01
      vertex 34.8 56.260000000000005 6.01
    endloop
  endfacet
  facet normal 0 0 -1
    outer loop
      vertex -34.778680181246536 69.305 6.01
      vertex 34.36806474673115 70.12298386589367 6.01
      vertex 34.68545602565321 69.76472317204377 6.01
    endloop
  endfacet
  facet normal 0 0 -1
    outer loop
      vertex -33.805 70.30000000000001 6.01
      vertex 33.805 70.30000000000001 6.01
      vertex 33.805 70.27868018124654 6.01
    endloop
  endfacet
  facet normal 0 0 -1
    outer loop
      vertex -33.805 70.29876761068485 6.01
      vertex 33.805 70.27868018124654 6.01
      vertex 34.36806474673115 70.12298386589367 6.01
    endloop
  endfacet
  facet normal 0 0 -1
    outer loop
      vertex 3 67.5 6.01
      vertex 34.68545602565321 69.76472317204377 6.01
      vertex 3.498101933956498 67.46437504658327 6.01
    endloop
  endfacet
  facet normal 0 0 -1
    outer loop
      vertex 3.498101933956498 67.46437504658327 6.01
      vertex 34.68545602565321 69.76472317204377 6.01
      vertex 3.9860639489450036 67.35822540765074 6.01
    endloop
  endfacet
  facet normal 0 0 -1
    outer loop
      vertex 3.9860639489450036 67.35822540765074 6.01
      vertex 34.68545602565321 69.76472317204377 6.01
      vertex 4.453952545506603 67.18371198374082 6.01
    endloop
  endfacet
  facet normal 0 0 -1
    outer loop
      vertex 4.453952545506603 67.18371198374082 6.01
      vertex 34.68545602565321 69.76472317204377 6.01
      vertex 4.892242861094592 66.94438736490913 6.01
    endloop
  endfacet
  facet normal 0 0 -1
    outer loop
      vertex 5.292012568808497 66.6451235102399 6.01
      vertex 4.892242861094592 66.94438736490913 6.01
      vertex 34.68545602565321 69.76472317204377 6.01
    endloop
  endfacet
  facet normal 0 0 -1
    outer loop
      vertex 5.292012568808499 61.354876489760095 6.01
      vertex 5.645123510239903 61.7079874311915 6.01
      vertex 34.8 56.260000000000005 6.01
    endloop
  endfacet
  facet normal 0 0 -1
    outer loop
      vertex 5.645123510239903 61.7079874311915 6.01
      vertex 5.944387364909133 62.107757138905406 6.01
      vertex 34.8 56.260000000000005 6.01
    endloop
  endfacet
  facet normal 0 0 -1
    outer loop
      vertex 5.944387364909133 62.107757138905406 6.01
      vertex 6.183711983740814 62.5460474544934 6.01
      vertex 34.8 56.260000000000005 6.01
    endloop
  endfacet
  facet normal 0 0 -1
    outer loop
      vertex 6.183711983740814 62.5460474544934 6.01
      vertex 6.358225407650741 63.013936051055 6.01
      vertex 34.8 56.260000000000005 6.01
    endloop
  endfacet
  facet normal 0 0 -1
    outer loop
      vertex 6.358225407650741 63.013936051055 6.01
      vertex 6.464375046583264 63.5018980660435 6.01
      vertex 34.68545602565321 69.76472317204377 6.01
    endloop
  endfacet
  facet normal 0 0 -1
    outer loop
      vertex 6.464375046583264 63.5018980660435 6.01
      vertex 6.5 64 6.01
      vertex 34.68545602565321 69.76472317204377 6.01
    endloop
  endfacet
  facet normal 0 0 -1
    outer loop
      vertex 5.944387364909135 65.89224286109459 6.01
      vertex 34.68545602565321 69.76472317204377 6.01
      vertex 6.183711983740814 65.4539525455066 6.01
    endloop
  endfacet
  facet normal 0 0 -1
    outer loop
      vertex 5.292012568808497 66.6451235102399 6.01
      vertex 34.68545602565321 69.76472317204377 6.01
      vertex 5.645123510239904 66.2920125688085 6.01
    endloop
  endfacet
  facet normal 0 0 -1
    outer loop
      vertex 5.645123510239904 66.2920125688085 6.01
      vertex 34.68545602565321 69.76472317204377 6.01
      vertex 5.944387364909135 65.89224286109459 6.01
    endloop
  endfacet
  facet normal 0 0 -1
    outer loop
      vertex 6.5 64 6.01
      vertex 6.464375046583264 64.49810193395649 6.01
      vertex 34.68545602565321 69.76472317204377 6.01
    endloop
  endfacet
  facet normal 0 0 -1
    outer loop
      vertex 6.464375046583264 64.49810193395649 6.01
      vertex 6.358225407650741 64.986063948945 6.01
      vertex 34.68545602565321 69.76472317204377 6.01
    endloop
  endfacet
  facet normal 0 0 -1
    outer loop
      vertex 6.358225407650741 64.986063948945 6.01
      vertex 6.183711983740814 65.4539525455066 6.01
      vertex 34.68545602565321 69.76472317204377 6.01
    endloop
  endfacet
  facet normal 0 1 0
    outer loop
      vertex 33.805 70.30000000000001 6.01
      vertex -33.635975 70.30000000000001 10
      vertex 33.805 70.30000000000001 10
    endloop
  endfacet
  facet normal 0 0 -1
    outer loop
      vertex 30.262500000000003 -6.5625 6.01
      vertex 6.5625 6.5625 6.01
      vertex 30.262500000000003 6.5625 6.01
    endloop
  endfacet
  facet normal 0 0 -1
    outer loop
      vertex 30.262500000000003 21.5625 6.01
      vertex 6.5625 34.6875 6.01
      vertex 30.262500000000003 34.6875 6.01
    endloop
  endfacet
  facet normal 0 0 -1
    outer loop
      vertex 30.262500000000003 -34.6875 6.01
      vertex 30.262500000000003 -21.5625 6.01
      vertex 34.8 56.25 6.01
    endloop
  endfacet
  facet normal 0 0 -1
    outer loop
      vertex 30.262500000000003 -21.5625 6.01
      vertex 30.262500000000003 -6.5625 6.01
      vertex 34.8 56.25 6.01
    endloop
  endfacet
  facet normal 0 0 -1
    outer loop
      vertex 30.262500000000003 -6.5625 6.01
      vertex 30.262500000000003 6.5625 6.01
      vertex 34.8 56.25 6.01
    endloop
  endfacet
  facet normal 0 0 -1
    outer loop
      vertex 30.262500000000003 6.5625 6.01
      vertex 30.262500000000003 21.5625 6.01
      vertex 34.8 56.25 6.01
    endloop
  endfacet
  facet normal 0 0 -1
    outer loop
      vertex 30.262500000000003 21.5625 6.01
      vertex 30.262500000000003 34.6875 6.01
      vertex 34.8 56.25 6.01
    endloop
  endfacet
  facet normal 1 0 0
    outer loop
      vertex 34.8 -28.125 10
      vertex 34.8 56.25 6.01
      vertex 34.8 -21.5625 10
    endloop
  endfacet
  facet normal 1 0 0
    outer loop
      vertex 34.8 -21.5625 10
      vertex 34.8 56.25 6.01
      vertex 34.8 -6.201629327902239 10
    endloop
  endfacet
  facet normal 1 0 0
    outer loop
      vertex 34.8 0 10
      vertex 34.8 -6.201629327902239 10
      vertex 34.8 56.25 6.01
    endloop
  endfacet
  facet normal 1 0 0
    outer loop
      vertex 34.8 0 10
      vertex 34.8 56.25 6.01
      vertex 34.8 6.5625 10
    endloop
  endfacet
  facet normal 1 0 0
    outer loop
      vertex 34.8 6.5625 10
      vertex 34.8 56.25 6.01
      vertex 34.8 21.923370672097757 10
    endloop
  endfacet
  facet normal 1 0 0
    outer loop
      vertex 34.8 28.125 10
      vertex 34.8 21.923370672097757 10
      vertex 34.8 56.25 6.01
    endloop
  endfacet
  facet normal 0 0 -1
    outer loop
      vertex 30.262500000000003 49.6875 6.01
      vertex 4.79934247211896 56.25 6.01
      vertex 34.8 56.25 6.01
    endloop
  endfacet
  facet normal 0 0 -1
    outer loop
      vertex 6.358225407650741 63.013936051055 6.01
      vertex 34.68545602565321 69.76472317204377 6.01
      vertex 34.8 56.260000000000005 6.01
    endloop
  endfacet
  facet normal 0 0 -1
    outer loop
      vertex 30.262500000000003 49.6875 6.01
      vertex 34.8 56.25 6.01
      vertex 30.262500000000003 34.6875 6.01
    endloop
  endfacet
  facet normal 0 0 -1
    outer loop
      vertex 34.68545602565321 69.76472317204377 6.01
      vertex 34.798767610684834 69.305 6.01
      vertex 34.8 56.260000000000005 6.01
    endloop
  endfacet
  facet normal 0 0 -1
    outer loop
      vertex 34.8 69.305 6.01
      vertex 34.8 56.260000000000005 6.01
      vertex 34.798767610684834 69.305 6.01
    endloop
  endfacet
  facet normal 0 0 -1
    outer loop
      vertex 33.805 70.27868018124654 6.01
      vertex 33.92053668025532 70.29270887409807 6.01
      vertex 34.36806474673115 70.12298386589367 6.01
    endloop
  endfacet
  facet normal 1 0 0
    outer loop
      vertex 34.8 69.305 6.01
      vertex 34.8 69.305 10
      vertex 34.8 56.260000000000005 6.01
    endloop
  endfacet
  facet normal 1 0 0
    outer loop
      vertex 34.8 28.125 10
      vertex 34.8 56.25 6.01
      vertex 34.8 34.6875 10
    endloop
  endfacet
  facet normal 1 0 0
    outer loop
      vertex 34.8 34.6875 10
      vertex 34.8 56.25 6.01
      vertex 34.8 50.04837067209776 10
    endloop
  endfacet
  facet normal 1 0 0
    outer loop
      vertex 34.8 56.25 10
      vertex 34.8 50.04837067209776 10
      vertex 34.8 56.25 6.01
    endloop
  endfacet
  facet normal 1 0 0
    outer loop
      vertex 34.8 56.260000000000005 10
      vertex 34.8 56.260000000000005 6.01
      vertex 34.8 69.305 10
    endloop
  endfacet
  facet normal 0 0 1
    outer loop
      vertex -35.9 -71.4 6.005
      vertex -30.262500000000003 -49.6875 6.005
      vertex -30.262500000000003 -34.6875 6.005
    endloop
  endfacet
  facet normal 0 0 1
    outer loop
      vertex -35.9 -71.4 6.005
      vertex -30.262500000000003 -34.6875 6.005
      vertex -30.262500000000003 -21.5625 6.005
    endloop
  endfacet
  facet normal 0 0 1
    outer loop
      vertex -35.9 -71.4 6.005
      vertex -6.5625 -49.6875 6.005
      vertex -30.262500000000003 -49.6875 6.005
    endloop
  endfacet
  facet normal 1 0 0
    outer loop
      vertex -35.9 -71.4 6.005
      vertex -35.9 -56.25 10
      vertex -35.9 -71.4 10
    endloop
  endfacet
  facet normal 1 0 0
    outer loop
      vertex -35.9 -71.4 6.005
      vertex -35.9 -28.125 10
      vertex -35.9 -56.25 10
    endloop
  endfacet
  facet normal 0 0 1
    outer loop
      vertex -35.9 -71.4 6.005
      vertex -30.262500000000003 -21.5625 6.005
      vertex -30.262500000000003 -6.5625 6.005
    endloop
  endfacet
  facet normal 0 0 1
    outer loop
      vertex -35.9 -71.4 6.005
      vertex -30.262500000000003 -6.5625 6.005
      vertex -30.262500000000003 6.5625 6.005
    endloop
  endfacet
  facet normal 0 0 1
    outer loop
      vertex -35.9 -71.4 6.005
      vertex -30.262500000000003 6.5625 6.005
      vertex -35.9 56.25 6.005
    endloop
  endfacet
  facet normal 1 0 0
    outer loop
      vertex -35.9 -71.4 6.005
      vertex -35.9 56.25 6.005
      vertex -35.9 -28.125 10
    endloop
  endfacet
  facet normal 0 0 1
    outer loop
      vertex -30.262500000000003 -21.5625 6.005
      vertex -30.262500000000003 -34.6875 6.005
      vertex -6.5625 -21.5625 6.005
    endloop
  endfacet
  facet normal 0 0 1
    outer loop
      vertex -35.9 -71.4 6.005
      vertex -6.464375046583264 -64.4981019339565 6.005
      vertex -6.5 -64 6.005
    endloop
  endfacet
  facet normal 0 0 1
    outer loop
      vertex -35.9 -71.4 6.005
      vertex -6.5 -64 6.005
      vertex -6.464375046583264 -63.5018980660435 6.005
    endloop
  endfacet
  facet normal 0 0 1
    outer loop
      vertex -35.9 -71.4 6.005
      vertex -4.453952545506602 -67.18371198374082 6.005
      vertex -4.892242861094591 -66.94438736490913 6.005
    endloop
  endfacet
  facet normal 0 0 1
    outer loop
      vertex -35.9 -71.4 6.005
      vertex -6.183711983740815 -65.4539525455066 6.005
      vertex -6.358225407650741 -64.986063948945 6.005
    endloop
  endfacet
  facet normal 0 0 1
    outer loop
      vertex -35.9 -71.4 6.005
      vertex -5.944387364909135 -65.89224286109459 6.005
      vertex -6.183711983740815 -65.4539525455066 6.005
    endloop
  endfacet
  facet normal 0 0 1
    outer loop
      vertex -35.9 -71.4 6.005
      vertex -5.645123510239904 -66.2920125688085 6.005
      vertex -5.944387364909135 -65.89224286109459 6.005
    endloop
  endfacet
  facet normal 0 0 1
    outer loop
      vertex -35.9 -71.4 6.005
      vertex -6.358225407650741 -64.986063948945 6.005
      vertex -6.464375046583264 -64.4981019339565 6.005
    endloop
  endfacet
  facet normal 0 0 1
    outer loop
      vertex -35.9 -71.4 6.005
      vertex -5.292012568808497 -66.6451235102399 6.005
      vertex -5.645123510239904 -66.2920125688085 6.005
    endloop
  endfacet
  facet normal 0 0 1
    outer loop
      vertex -35.9 -71.4 6.005
      vertex -4.892242861094591 -66.94438736490913 6.005
      vertex -5.292012568808497 -66.6451235102399 6.005
    endloop
  endfacet
  facet normal 0 0 1
    outer loop
      vertex -35.9 -71.4 6.005
      vertex -6.358225407650741 -63.013936051055 6.005
      vertex -6.5625 -49.6875 6.005
    endloop
  endfacet
  facet normal 0 0 1
    outer loop
      vertex -35.9 -71.4 6.005
      vertex -6.464375046583264 -63.5018980660435 6.005
      vertex -6.358225407650741 -63.013936051055 6.005
    endloop
  endfacet
  facet normal 0 0 1
    outer loop
      vertex -35.9 -71.4 6.005
      vertex -3.9860639489450045 -67.35822540765074 6.005
      vertex -4.453952545506602 -67.18371198374082 6.005
    endloop
  endfacet
  facet normal 0 0 1
    outer loop
      vertex -35.9 -71.4 6.005
      vertex -3.498101933956498 -67.46437504658327 6.005
      vertex -3.9860639489450045 -67.35822540765074 6.005
    endloop
  endfacet
  facet normal 0 1 0
    outer loop
      vertex -35.9 -71.4 6.005
      vertex -35.9 -71.4 10
      vertex 35.9 -71.4 6.005
    endloop
  endfacet
  facet normal 0 0 1
    outer loop
      vertex -35.9 -71.4 6.005
      vertex 35.9 -71.4 6.005
      vertex -3.498101933956498 -67.46437504658327 6.005
    endloop
  endfacet
  facet normal 0 0 1
    outer loop
      vertex -6.358225407650741 -63.013936051055 6.005
      vertex -6.183711983740815 -62.5460474544934 6.005
      vertex 6.5625 -21.5625 6.005
    endloop
  endfacet
  facet normal 0 0 1
    outer loop
      vertex -6.183711983740815 -62.5460474544934 6.005
      vertex -5.944387364909135 -62.107757138905406 6.005
      vertex 6.5625 -21.5625 6.005
    endloop
  endfacet
  facet normal 0 0 1
    outer loop
      vertex -5.944387364909135 -62.107757138905406 6.005
      vertex -5.645123510239904 -61.707987431191505 6.005
      vertex 6.5625 -21.5625 6.005
    endloop
  endfacet
  facet normal 0 0 1
    outer loop
      vertex -5.645123510239904 -61.707987431191505 6.005
      vertex -5.292012568808497 -61.354876489760095 6.005
      vertex 6.5625 -21.5625 6.005
    endloop
  endfacet
  facet normal 0 0 1
    outer loop
      vertex -5.292012568808497 -61.354876489760095 6.005
      vertex -4.892242861094592 -61.05561263509087 6.005
      vertex 6.5625 -21.5625 6.005
    endloop
  endfacet
  facet normal 0 0 1
    outer loop
      vertex -4.892242861094592 -61.05561263509087 6.005
      vertex -4.453952545506603 -60.816288016259186 6.005
      vertex 6.5625 -21.5625 6.005
    endloop
  endfacet
  facet normal 0 0 1
    outer loop
      vertex -4.453952545506603 -60.816288016259186 6.005
      vertex -3.9860639489450036 -60.64177459234926 6.005
      vertex 6.5625 -21.5625 6.005
    endloop
  endfacet
  facet normal 0 0 1
    outer loop
      vertex -3.9860639489450036 -60.64177459234926 6.005
      vertex -3.498101933956498 -60.535624953416736 6.005
      vertex 6.5625 -21.5625 6.005
    endloop
  endfacet
  facet normal 0 0 1
    outer loop
      vertex -6.358225407650741 -63.013936051055 6.005
      vertex 6.5625 -21.5625 6.005
      vertex -6.5625 -49.6875 6.005
    endloop
  endfacet
  facet normal 0 0 1
    outer loop
      vertex -30.262500000000003 -34.6875 6.005
      vertex -6.5625 -34.6875 6.005
      vertex -6.5625 -21.5625 6.005
    endloop
  endfacet
  facet normal 0 0 1
    outer loop
      vertex -30.262500000000003 -6.5625 6.005
      vertex -6.5625 -6.5625 6.005
      vertex -6.5625 6.5625 6.005
    endloop
  endfacet
  facet normal 0 0 1
    outer loop
      vertex -6.5625 -34.6875 6.005
      vertex -6.5625 -49.6875 6.005
      vertex 6.5625 -21.5625 6.005
    endloop
  endfacet
  facet normal 0 0 1
    outer loop
      vertex -6.5625 -34.6875 6.005
      vertex 6.5625 -21.5625 6.005
      vertex -6.5625 -21.5625 6.005
    endloop
  endfacet
  facet normal 0 0 1
    outer loop
      vertex -6.5625 -21.5625 6.005
      vertex 6.5625 -21.5625 6.005
      vertex -6.5625 -6.5625 6.005
    endloop
  endfacet
  facet normal 0 0 1
    outer loop
      vertex -30.262500000000003 6.5625 6.005
      vertex -30.262500000000003 21.5625 6.005
      vertex -35.9 56.25 6.005
    endloop
  endfacet
  facet normal 0 0 1
    outer loop
      vertex -30.262500000000003 34.6875 6.005
      vertex -35.9 56.25 6.005
      vertex -30.262500000000003 21.5625 6.005
    endloop
  endfacet
  facet normal 0 0 1
    outer loop
      vertex -30.262500000000003 -6.5625 6.005
      vertex -6.5625 6.5625 6.005
      vertex -30.262500000000003 6.5625 6.005
    endloop
  endfacet
  facet normal 0 0 1
    outer loop
      vertex -30.262500000000003 34.6875 6.005
      vertex -30.262500000000003 21.5625 6.005
      vertex -6.5625 34.6875 6.005
    endloop
  endfacet
  facet normal 1 0 0
    outer loop
      vertex -35.9 -28.125 10
      vertex -35.9 56.25 6.005
      vertex -35.9 0 10
    endloop
  endfacet
  facet normal 1 0 0
    outer loop
      vertex -35.9 0 10
      vertex -35.9 56.25 6.005
      vertex -35.9 28.125 10
    endloop
  endfacet
  facet normal 0 0 1
    outer loop
      vertex -30.262500000000003 34.6875 6.005
      vertex -30.262500000000003 49.6875 6.005
      vertex -35.9 56.25 6.005
    endloop
  endfacet
  facet normal 0 0 1
    outer loop
      vertex -30.262500000000003 49.6875 6.005
      vertex -32.029650325278816 56.25 6.005
      vertex -35.9 56.25 6.005
    endloop
  endfacet
  facet normal 1 0 0
    outer loop
      vertex -35.9 71.4 6.005
      vertex -35.9 71.4 10
      vertex -35.9 56.260000000000005 6.005
    endloop
  endfacet
  facet normal 0 0 1
    outer loop
      vertex 0 56.25 6.005
      vertex -32.029650325278816 56.25 6.005
      vertex -30.262500000000003 49.6875 6.005
    endloop
  endfacet
  facet normal 0 0 1
    outer loop
      vertex -35.9 71.4 6.005
      vertex -35.9 56.260000000000005 6.005
      vertex -6.5 64 6.005
    endloop
  endfacet
  facet normal 1 0 0
    outer loop
      vertex -35.9 28.125 10
      vertex -35.9 56.25 6.005
      vertex -35.9 56.25 10
    endloop
  endfacet
  facet normal 1 0 0
    outer loop
      vertex -35.9 56.260000000000005 10
      vertex -35.9 56.260000000000005 6.005
      vertex -35.9 71.4 10
    endloop
  endfacet
  facet normal 0 0 1
    outer loop
      vertex -30.262500000000003 21.5625 6.005
      vertex -6.5625 21.5625 6.005
      vertex -6.5625 34.6875 6.005
    endloop
  endfacet
  facet normal 0 0 1
    outer loop
      vertex -6.5625 -6.5625 6.005
      vertex 6.5625 6.5625 6.005
      vertex -6.5625 6.5625 6.005
    endloop
  endfacet
  facet normal 0 0 1
    outer loop
      vertex -6.5625 21.5625 6.005
      vertex -6.5625 6.5625 6.005
      vertex 6.5625 6.5625 6.005
    endloop
  endfacet
  facet normal 0 0 1
    outer loop
      vertex -6.5625 34.6875 6.005
      vertex -6.5625 21.5625 6.005
      vertex 4.79534967472119 56.25 6.005
    endloop
  endfacet
  facet normal 0 0 1
    outer loop
      vertex -6.5625 49.6875 6.005
      vertex 0 56.25 6.005
      vertex -30.262500000000003 49.6875 6.005
    endloop
  endfacet
  facet normal 0 0 1
    outer loop
      vertex -6.464375046583264 63.5018980660435 6.005
      vertex -6.5 64 6.005
      vertex -35.9 56.260000000000005 6.005
    endloop
  endfacet
  facet normal 0 0 1
    outer loop
      vertex -5.944387364909135 62.107757138905406 6.005
      vertex -35.9 56.260000000000005 6.005
      vertex -5.645123510239904 61.707987431191505 6.005
    endloop
  endfacet
  facet normal 0 0 1
    outer loop
      vertex -6.358225407650741 63.013936051055 6.005
      vertex -35.9 56.260000000000005 6.005
      vertex -6.183711983740815 62.5460474544934 6.005
    endloop
  endfacet
  facet normal 0 0 1
    outer loop
      vertex -5.944387364909135 62.107757138905406 6.005
      vertex -6.183711983740815 62.5460474544934 6.005
      vertex -35.9 56.260000000000005 6.005
    endloop
  endfacet
  facet normal 0 0 1
    outer loop
      vertex -6.464375046583264 63.5018980660435 6.005
      vertex -35.9 56.260000000000005 6.005
      vertex -6.358225407650741 63.013936051055 6.005
    endloop
  endfacet
  facet normal 0 0 1
    outer loop
      vertex -5.292012568808497 61.354876489760095 6.005
      vertex -35.9 56.260000000000005 6.005
      vertex -4.892242861094591 61.05561263509087 6.005
    endloop
  endfacet
  facet normal 0 0 1
    outer loop
      vertex -5.645123510239904 61.707987431191505 6.005
      vertex -35.9 56.260000000000005 6.005
      vertex -5.292012568808497 61.354876489760095 6.005
    endloop
  endfacet
  facet normal 0 0 1
    outer loop
      vertex -4.892242861094591 61.05561263509087 6.005
      vertex -35.9 56.260000000000005 6.005
      vertex -4.453952545506602 60.816288016259186 6.005
    endloop
  endfacet
  facet normal 0 0 1
    outer loop
      vertex -35.9 71.4 6.005
      vertex -6.5 64 6.005
      vertex -6.464375046583264 64.4981019339565 6.005
    endloop
  endfacet
  facet normal 0 0 1
    outer loop
      vertex -35.9 71.4 6.005
      vertex -6.464375046583264 64.4981019339565 6.005
      vertex -6.358225407650741 64.986063948945 6.005
    endloop
  endfacet
  facet normal 0 0 1
    outer loop
      vertex -35.9 71.4 6.005
      vertex -6.358225407650741 64.986063948945 6.005
      vertex -6.183711983740815 65.4539525455066 6.005
    endloop
  endfacet
  facet normal 0 0 1
    outer loop
      vertex -35.9 71.4 6.005
      vertex -6.183711983740815 65.4539525455066 6.005
      vertex -5.944387364909135 65.89224286109459 6.005
    endloop
  endfacet
  facet normal 0 0 1
    outer loop
      vertex -35.9 71.4 6.005
      vertex -5.944387364909135 65.89224286109459 6.005
      vertex -5.645123510239904 66.2920125688085 6.005
    endloop
  endfacet
  facet normal 0 0 1
    outer loop
      vertex -35.9 71.4 6.005
      vertex -5.645123510239904 66.2920125688085 6.005
      vertex -5.292012568808497 66.6451235102399 6.005
    endloop
  endfacet
  facet normal 0 0 1
    outer loop
      vertex -35.9 71.4 6.005
      vertex -5.292012568808497 66.6451235102399 6.005
      vertex -4.892242861094592 66.94438736490913 6.005
    endloop
  endfacet
  facet normal 0 0 1
    outer loop
      vertex -35.9 71.4 6.005
      vertex -4.892242861094592 66.94438736490913 6.005
      vertex -4.453952545506603 67.18371198374082 6.005
    endloop
  endfacet
  facet normal 0 0 1
    outer loop
      vertex -4.453952545506602 60.816288016259186 6.005
      vertex -35.9 56.260000000000005 6.005
      vertex -3.9860639489450045 60.64177459234926 6.005
    endloop
  endfacet
  facet normal 0 0 1
    outer loop
      vertex -3.9860639489450045 60.64177459234926 6.005
      vertex -35.9 56.260000000000005 6.005
      vertex -3.498101933956498 60.535624953416736 6.005
    endloop
  endfacet
  facet normal 0 0 1
    outer loop
      vertex -3.498101933956498 60.535624953416736 6.005
      vertex -35.9 56.260000000000005 6.005
      vertex -3 60.5 6.005
    endloop
  endfacet
  facet normal 0 0 1
    outer loop
      vertex -3 60.5 6.005
      vertex -35.9 56.260000000000005 6.005
      vertex 0 56.260000000000005 6.005
    endloop
  endfacet
  facet normal 0 0 1
    outer loop
      vertex -35.9 71.4 6.005
      vertex -4.453952545506603 67.18371198374082 6.005
      vertex -3.9860639489450036 67.35822540765074 6.005
    endloop
  endfacet
  facet normal 0 0 1
    outer loop
      vertex -35.9 71.4 6.005
      vertex -3.9860639489450036 67.35822540765074 6.005
      vertex -3.498101933956498 67.46437504658327 6.005
    endloop
  endfacet
  facet normal 0 0 1
    outer loop
      vertex -35.9 71.4 6.005
      vertex -3.498101933956498 67.46437504658327 6.005
      vertex -3 67.5 6.005
    endloop
  endfacet
  facet normal 0 0 1
    outer loop
      vertex -35.9 71.4 6.005
      vertex -3 67.5 6.005
      vertex 3 67.5 6.005
    endloop
  endfacet
  facet normal 0 0 1
    outer loop
      vertex -6.5625 49.6875 6.005
      vertex -6.5625 34.6875 6.005
      vertex 4.79534967472119 56.25 6.005
    endloop
  endfacet
  facet normal 0 0 1
    outer loop
      vertex 0 56.25 6.005
      vertex -6.5625 49.6875 6.005
      vertex 4.79534967472119 56.25 6.005
    endloop
  endfacet
  facet normal 0 0 1
    outer loop
      vertex -35.9 71.4 6.005
      vertex 3 67.5 6.005
      vertex 3.498101933956498 67.46437504658327 6.005
    endloop
  endfacet
  facet normal 0 -1 0
    outer loop
      vertex -35.9 71.4 6.005
      vertex 35.9 71.4 10
      vertex -35.9 71.4 10
    endloop
  endfacet
  facet normal 0 0 1
    outer loop
      vertex -3 -60.5 6.005
      vertex 3 -60.5 6.005
      vertex 6.5625 -49.6875 6.005
    endloop
  endfacet
  facet normal 0 0 1
    outer loop
      vertex 3 -60.5 6.005
      vertex 3.498101933956498 -60.535624953416736 6.005
      vertex 6.5625 -49.6875 6.005
    endloop
  endfacet
  facet normal 0 0 1
    outer loop
      vertex 3.498101933956498 -60.535624953416736 6.005
      vertex 3.9860639489450036 -60.64177459234926 6.005
      vertex 6.5625 -49.6875 6.005
    endloop
  endfacet
  facet normal 0 0 1
    outer loop
      vertex -3.498101933956498 -67.46437504658327 6.005
      vertex 35.9 -71.4 6.005
      vertex -3 -67.5 6.005
    endloop
  endfacet
  facet normal 0 0 1
    outer loop
      vertex -3.498101933956498 -60.535624953416736 6.005
      vertex -3 -60.5 6.005
      vertex 6.5625 -21.5625 6.005
    endloop
  endfacet
  facet normal 0 0 1
    outer loop
      vertex -3 -60.5 6.005
      vertex 6.5625 -49.6875 6.005
      vertex 6.5625 -34.6875 6.005
    endloop
  endfacet
  facet normal 0 0 1
    outer loop
      vertex -3 -60.5 6.005
      vertex 6.5625 -34.6875 6.005
      vertex 6.5625 -21.5625 6.005
    endloop
  endfacet
  facet normal 0 0 1
    outer loop
      vertex -3 -67.5 6.005
      vertex 35.9 -71.4 6.005
      vertex 3 -67.5 6.005
    endloop
  endfacet
  facet normal 0 0 1
    outer loop
      vertex 3 -67.5 6.005
      vertex 35.9 -71.4 6.005
      vertex 3.498101933956498 -67.46437504658327 6.005
    endloop
  endfacet
  facet normal 0 0 1
    outer loop
      vertex 3.498101933956498 -67.46437504658327 6.005
      vertex 35.9 -71.4 6.005
      vertex 3.9860639489450045 -67.35822540765074 6.005
    endloop
  endfacet
  facet normal 0 0 1
    outer loop
      vertex 3.9860639489450045 -67.35822540765074 6.005
      vertex 35.9 -71.4 6.005
      vertex 4.453952545506604 -67.1837119837408 6.005
    endloop
  endfacet
  facet normal 0 0 1
    outer loop
      vertex 3.9860639489450036 -60.64177459234926 6.005
      vertex 4.453952545506603 -60.816288016259186 6.005
      vertex 30.262500000000003 -49.6875 6.005
    endloop
  endfacet
  facet normal 0 0 1
    outer loop
      vertex 4.453952545506603 -60.816288016259186 6.005
      vertex 4.892242861094592 -61.05561263509087 6.005
      vertex 30.262500000000003 -49.6875 6.005
    endloop
  endfacet
  facet normal 0 0 1
    outer loop
      vertex 4.453952545506604 -67.1837119837408 6.005
      vertex 35.9 -71.4 6.005
      vertex 4.8922428610945925 -66.94438736490913 6.005
    endloop
  endfacet
  facet normal 0 0 1
    outer loop
      vertex 4.8922428610945925 -66.94438736490913 6.005
      vertex 35.9 -71.4 6.005
      vertex 5.292012568808499 -66.6451235102399 6.005
    endloop
  endfacet
  facet normal 0 0 1
    outer loop
      vertex 5.292012568808499 -66.6451235102399 6.005
      vertex 35.9 -71.4 6.005
      vertex 5.645123510239903 -66.2920125688085 6.005
    endloop
  endfacet
  facet normal 0 0 1
    outer loop
      vertex 5.645123510239903 -66.2920125688085 6.005
      vertex 35.9 -71.4 6.005
      vertex 5.944387364909133 -65.89224286109459 6.005
    endloop
  endfacet
  facet normal 0 0 1
    outer loop
      vertex 5.944387364909133 -65.89224286109459 6.005
      vertex 35.9 -71.4 6.005
      vertex 6.183711983740814 -65.45395254550661 6.005
    endloop
  endfacet
  facet normal 0 0 1
    outer loop
      vertex 6.183711983740814 -65.45395254550661 6.005
      vertex 35.9 -71.4 6.005
      vertex 6.358225407650741 -64.986063948945 6.005
    endloop
  endfacet
  facet normal 0 0 1
    outer loop
      vertex 6.358225407650741 -64.986063948945 6.005
      vertex 35.9 -71.4 6.005
      vertex 6.464375046583264 -64.4981019339565 6.005
    endloop
  endfacet
  facet normal 0 0 1
    outer loop
      vertex 6.464375046583264 -64.4981019339565 6.005
      vertex 35.9 -71.4 6.005
      vertex 6.5 -64 6.005
    endloop
  endfacet
  facet normal 0 0 1
    outer loop
      vertex 6.5 -64 6.005
      vertex 35.9 -71.4 6.005
      vertex 6.464375046583264 -63.5018980660435 6.005
    endloop
  endfacet
  facet normal 0 0 1
    outer loop
      vertex 4.892242861094592 -61.05561263509087 6.005
      vertex 5.292012568808497 -61.354876489760095 6.005
      vertex 35.9 -71.4 6.005
    endloop
  endfacet
  facet normal 0 0 1
    outer loop
      vertex 5.292012568808497 -61.354876489760095 6.005
      vertex 5.645123510239904 -61.707987431191505 6.005
      vertex 35.9 -71.4 6.005
    endloop
  endfacet
  facet normal 0 0 1
    outer loop
      vertex 5.645123510239904 -61.707987431191505 6.005
      vertex 5.944387364909135 -62.107757138905406 6.005
      vertex 35.9 -71.4 6.005
    endloop
  endfacet
  facet normal 0 0 1
    outer loop
      vertex 6.358225407650741 -63.013936051055 6.005
      vertex 6.464375046583264 -63.5018980660435 6.005
      vertex 35.9 -71.4 6.005
    endloop
  endfacet
  facet normal 0 0 1
    outer loop
      vertex 6.183711983740814 -62.5460474544934 6.005
      vertex 6.358225407650741 -63.013936051055 6.005
      vertex 35.9 -71.4 6.005
    endloop
  endfacet
  facet normal 0 0 1
    outer loop
      vertex 6.183711983740814 -62.5460474544934 6.005
      vertex 35.9 -71.4 6.005
      vertex 5.944387364909135 -62.107757138905406 6.005
    endloop
  endfacet
  facet normal 0 0 1
    outer loop
      vertex 3.9860639489450036 -60.64177459234926 6.005
      vertex 30.262500000000003 -49.6875 6.005
      vertex 6.5625 -49.6875 6.005
    endloop
  endfacet
  facet normal 0 1 0
    outer loop
      vertex 35.9 -71.4 6.005
      vertex -35.9 -71.4 10
      vertex 35.9 -71.4 10
    endloop
  endfacet
  facet normal 0 0 1
    outer loop
      vertex 6.5625 -21.5625 6.005
      vertex 6.5625 -6.5625 6.005
      vertex -6.5625 -6.5625 6.005
    endloop
  endfacet
  facet normal 0 0 1
    outer loop
      vertex 6.5625 -6.5625 6.005
      vertex 6.5625 6.5625 6.005
      vertex -6.5625 -6.5625 6.005
    endloop
  endfacet
  facet normal 0 0 1
    outer loop
      vertex 30.262500000000003 -21.5625 6.005
      vertex 6.5625 -21.5625 6.005
      vertex 6.5625 -34.6875 6.005
    endloop
  endfacet
  facet normal 0 0 1
    outer loop
      vertex 4.892242861094592 -61.05561263509087 6.005
      vertex 35.9 -71.4 6.005
      vertex 30.262500000000003 -49.6875 6.005
    endloop
  endfacet
  facet normal 0 0 1
    outer loop
      vertex 35.9 -71.4 6.005
      vertex 30.262500000000003 -34.6875 6.005
      vertex 30.262500000000003 -49.6875 6.005
    endloop
  endfacet
  facet normal 0 0 1
    outer loop
      vertex 35.9 -71.4 6.005
      vertex 30.262500000000003 -21.5625 6.005
      vertex 30.262500000000003 -34.6875 6.005
    endloop
  endfacet
  facet normal 0 0 1
    outer loop
      vertex 6.5625 -34.6875 6.005
      vertex 30.262500000000003 -34.6875 6.005
      vertex 30.262500000000003 -21.5625 6.005
    endloop
  endfacet
  facet normal 0 0 1
    outer loop
      vertex 6.5625 -6.5625 6.005
      vertex 30.262500000000003 -6.5625 6.005
      vertex 30.262500000000003 6.5625 6.005
    endloop
  endfacet
  facet normal 0 0 1
    outer loop
      vertex 35.9 -71.4 6.005
      vertex 30.262500000000003 -6.5625 6.005
      vertex 30.262500000000003 -21.5625 6.005
    endloop
  endfacet
  facet normal 0 0 1
    outer loop
      vertex 35.9 -71.4 6.005
      vertex 30.262500000000003 6.5625 6.005
      vertex 30.262500000000003 -6.5625 6.005
    endloop
  endfacet
  facet normal -1 0 0
    outer loop
      vertex 35.9 -71.4 6.005
      vertex 35.9 -71.4 10
      vertex 35.9 56.25 6.005
    endloop
  endfacet
  facet normal 0 0 1
    outer loop
      vertex 35.9 -71.4 6.005
      vertex 30.262500000000003 21.5625 6.005
      vertex 30.262500000000003 6.5625 6.005
    endloop
  endfacet
  facet normal -1 0 0
    outer loop
      vertex 35.9 -56.25 10
      vertex 35.9 56.25 6.005
      vertex 35.9 -71.4 10
    endloop
  endfacet
  facet normal -1 0 0
    outer loop
      vertex 35.9 -56.25 10
      vertex 35.9 -52.28571428571427 10
      vertex 35.9 56.25 6.005
    endloop
  endfacet
  facet normal -1 0 0
    outer loop
      vertex 35.9 -52.28571428571427 10
      vertex 35.9 -34.52265784114053 10
      vertex 35.9 56.25 6.005
    endloop
  endfacet
  facet normal -1 0 0
    outer loop
      vertex 35.9 -28.125 10
      vertex 35.9 56.25 6.005
      vertex 35.9 -34.52265784114053 10
    endloop
  endfacet
  facet normal 0 0 1
    outer loop
      vertex -6.5625 21.5625 6.005
      vertex 6.5625 6.5625 6.005
      vertex 6.5625 21.5625 6.005
    endloop
  endfacet
  facet normal 0 0 1
    outer loop
      vertex -6.5625 21.5625 6.005
      vertex 6.5625 21.5625 6.005
      vertex 6.5625 34.6875 6.005
    endloop
  endfacet
  facet normal 0 0 1
    outer loop
      vertex 6.5625 34.6875 6.005
      vertex 6.5625 49.6875 6.005
      vertex -6.5625 21.5625 6.005
    endloop
  endfacet
  facet normal 0 0 1
    outer loop
      vertex 6.5625 -6.5625 6.005
      vertex 30.262500000000003 6.5625 6.005
      vertex 6.5625 6.5625 6.005
    endloop
  endfacet
  facet normal 0 0 1
    outer loop
      vertex 6.5625 34.6875 6.005
      vertex 6.5625 21.5625 6.005
      vertex 30.262500000000003 34.6875 6.005
    endloop
  endfacet
  facet normal 0 0 1
    outer loop
      vertex 6.5625 49.6875 6.005
      vertex 4.79534967472119 56.25 6.005
      vertex -6.5625 21.5625 6.005
    endloop
  endfacet
  facet normal 0 0 1
    outer loop
      vertex -3 60.5 6.005
      vertex 0 56.260000000000005 6.005
      vertex 3 60.5 6.005
    endloop
  endfacet
  facet normal 0 0 1
    outer loop
      vertex 3 60.5 6.005
      vertex 0 56.260000000000005 6.005
      vertex 3.498101933956498 60.535624953416736 6.005
    endloop
  endfacet
  facet normal 0 0 1
    outer loop
      vertex 3.498101933956498 60.535624953416736 6.005
      vertex 0 56.260000000000005 6.005
      vertex 3.9860639489450045 60.64177459234926 6.005
    endloop
  endfacet
  facet normal 0 0 1
    outer loop
      vertex -35.9 71.4 6.005
      vertex 3.498101933956498 67.46437504658327 6.005
      vertex 35.9 71.4 6.005
    endloop
  endfacet
  facet normal 0 0 1
    outer loop
      vertex 35.9 56.25 6.005
      vertex 4.79534967472119 56.25 6.005
      vertex 6.5625 49.6875 6.005
    endloop
  endfacet
  facet normal 0 0 1
    outer loop
      vertex 3.9860639489450045 60.64177459234926 6.005
      vertex 0 56.260000000000005 6.005
      vertex 35.9 71.4 6.005
    endloop
  endfacet
  facet normal 0 0 1
    outer loop
      vertex 3.9860639489450045 60.64177459234926 6.005
      vertex 35.9 71.4 6.005
      vertex 4.453952545506604 60.816288016259186 6.005
    endloop
  endfacet
  facet normal 0 0 1
    outer loop
      vertex 3.498101933956498 67.46437504658327 6.005
      vertex 3.9860639489450036 67.35822540765074 6.005
      vertex 35.9 71.4 6.005
    endloop
  endfacet
  facet normal 0 0 1
    outer loop
      vertex 3.9860639489450036 67.35822540765074 6.005
      vertex 4.453952545506603 67.18371198374082 6.005
      vertex 35.9 71.4 6.005
    endloop
  endfacet
  facet normal 0 0 1
    outer loop
      vertex 4.453952545506604 60.816288016259186 6.005
      vertex 35.9 71.4 6.005
      vertex 4.8922428610945925 61.05561263509087 6.005
    endloop
  endfacet
  facet normal 0 0 1
    outer loop
      vertex 4.8922428610945925 61.05561263509087 6.005
      vertex 35.9 71.4 6.005
      vertex 5.292012568808499 61.354876489760095 6.005
    endloop
  endfacet
  facet normal 0 0 1
    outer loop
      vertex 5.292012568808499 61.354876489760095 6.005
      vertex 35.9 71.4 6.005
      vertex 5.645123510239903 61.7079874311915 6.005
    endloop
  endfacet
  facet normal 0 0 1
    outer loop
      vertex 5.645123510239903 61.7079874311915 6.005
      vertex 35.9 71.4 6.005
      vertex 5.944387364909133 62.107757138905406 6.005
    endloop
  endfacet
  facet normal 0 0 1
    outer loop
      vertex 5.944387364909133 62.107757138905406 6.005
      vertex 35.9 71.4 6.005
      vertex 6.183711983740814 62.5460474544934 6.005
    endloop
  endfacet
  facet normal 0 0 1
    outer loop
      vertex 6.183711983740814 62.5460474544934 6.005
      vertex 35.9 71.4 6.005
      vertex 6.358225407650741 63.013936051055 6.005
    endloop
  endfacet
  facet normal 0 0 1
    outer loop
      vertex 6.358225407650741 63.013936051055 6.005
      vertex 35.9 71.4 6.005
      vertex 6.464375046583264 63.5018980660435 6.005
    endloop
  endfacet
  facet normal 0 0 1
    outer loop
      vertex 5.292012568808497 66.6451235102399 6.005
      vertex 35.9 71.4 6.005
      vertex 4.892242861094592 66.94438736490913 6.005
    endloop
  endfacet
  facet normal 0 0 1
    outer loop
      vertex 5.292012568808497 66.6451235102399 6.005
      vertex 5.645123510239904 66.2920125688085 6.005
      vertex 35.9 71.4 6.005
    endloop
  endfacet
  facet normal 0 0 1
    outer loop
      vertex 6.464375046583264 64.49810193395649 6.005
      vertex 35.9 71.4 6.005
      vertex 6.358225407650741 64.986063948945 6.005
    endloop
  endfacet
  facet normal 0 0 1
    outer loop
      vertex 5.645123510239904 66.2920125688085 6.005
      vertex 5.944387364909135 65.89224286109459 6.005
      vertex 35.9 71.4 6.005
    endloop
  endfacet
  facet normal 0 0 1
    outer loop
      vertex 5.944387364909135 65.89224286109459 6.005
      vertex 6.183711983740814 65.4539525455066 6.005
      vertex 35.9 71.4 6.005
    endloop
  endfacet
  facet normal 0 0 1
    outer loop
      vertex 6.358225407650741 64.986063948945 6.005
      vertex 35.9 71.4 6.005
      vertex 6.183711983740814 65.4539525455066 6.005
    endloop
  endfacet
  facet normal 0 0 1
    outer loop
      vertex 4.453952545506603 67.18371198374082 6.005
      vertex 4.892242861094592 66.94438736490913 6.005
      vertex 35.9 71.4 6.005
    endloop
  endfacet
  facet normal 0 0 1
    outer loop
      vertex 6.464375046583264 63.5018980660435 6.005
      vertex 35.9 71.4 6.005
      vertex 6.5 64 6.005
    endloop
  endfacet
  facet normal 0 0 1
    outer loop
      vertex 6.5 64 6.005
      vertex 35.9 71.4 6.005
      vertex 6.464375046583264 64.49810193395649 6.005
    endloop
  endfacet
  facet normal 0 -1 0
    outer loop
      vertex -35.9 71.4 6.005
      vertex 35.9 71.4 6.005
      vertex 35.9 71.4 10
    endloop
  endfacet
  facet normal 0 0 1
    outer loop
      vertex 6.5625 21.5625 6.005
      vertex 30.262500000000003 21.5625 6.005
      vertex 30.262500000000003 34.6875 6.005
    endloop
  endfacet
  facet normal 0 0 1
    outer loop
      vertex 35.9 -71.4 6.005
      vertex 35.9 56.25 6.005
      vertex 30.262500000000003 21.5625 6.005
    endloop
  endfacet
  facet normal 0 0 1
    outer loop
      vertex 30.262500000000003 21.5625 6.005
      vertex 35.9 56.25 6.005
      vertex 30.262500000000003 34.6875 6.005
    endloop
  endfacet
  facet normal -1 0 0
    outer loop
      vertex 35.9 -28.125 10
      vertex 35.9 -24.160714285714267 10
      vertex 35.9 56.25 6.005
    endloop
  endfacet
  facet normal -1 0 0
    outer loop
      vertex 35.9 -24.160714285714267 10
      vertex 35.9 -6.3976578411405285 10
      vertex 35.9 56.25 6.005
    endloop
  endfacet
  facet normal -1 0 0
    outer loop
      vertex 35.9 -6.3976578411405285 10
      vertex 35.9 0 10
      vertex 35.9 56.25 6.005
    endloop
  endfacet
  facet normal -1 0 0
    outer loop
      vertex 35.9 0 10
      vertex 35.9 3.9642857142857326 10
      vertex 35.9 56.25 6.005
    endloop
  endfacet
  facet normal -1 0 0
    outer loop
      vertex 35.9 3.9642857142857326 10
      vertex 35.9 21.72734215885947 10
      vertex 35.9 56.25 6.005
    endloop
  endfacet
  facet normal -1 0 0
    outer loop
      vertex 35.9 28.125 10
      vertex 35.9 56.25 6.005
      vertex 35.9 21.72734215885947 10
    endloop
  endfacet
  facet normal 0 0 1
    outer loop
      vertex 30.262500000000003 49.6875 6.005
      vertex 35.9 56.25 6.005
      vertex 6.5625 49.6875 6.005
    endloop
  endfacet
  facet normal 0 0 1
    outer loop
      vertex 35.9 71.4 6.005
      vertex 0 56.260000000000005 6.005
      vertex 35.9 56.260000000000005 6.005
    endloop
  endfacet
  facet normal 0 0 1
    outer loop
      vertex 30.262500000000003 49.6875 6.005
      vertex 30.262500000000003 34.6875 6.005
      vertex 35.9 56.25 6.005
    endloop
  endfacet
  facet normal -1 0 0
    outer loop
      vertex 35.9 71.4 6.005
      vertex 35.9 56.260000000000005 6.005
      vertex 35.9 71.4 10
    endloop
  endfacet
  facet normal -1 0 0
    outer loop
      vertex 35.9 28.125 10
      vertex 35.9 32.08928571428573 10
      vertex 35.9 56.25 6.005
    endloop
  endfacet
  facet normal -1 0 0
    outer loop
      vertex 35.9 32.08928571428573 10
      vertex 35.9 49.85234215885947 10
      vertex 35.9 56.25 6.005
    endloop
  endfacet
  facet normal -1 0 0
    outer loop
      vertex 35.9 56.25 6.005
      vertex 35.9 49.85234215885947 10
      vertex 35.9 56.25 10
    endloop
  endfacet
  facet normal -1 0 0
    outer loop
      vertex 35.9 56.260000000000005 6.005
      vertex 35.9 56.260000000000005 10
      vertex 35.9 71.4 10
    endloop
  endfacet
endsolid OpenSCAD_Model
