solid OpenSCAD_Model
  facet normal 0 1 0
    outer loop
      vertex -100 99.99499999999999 0
      vertex -99.99688871182816 99.99499999999999 82.3
      vertex -99.99688871182816 99.99499999999999 0
    endloop
  endfacet
  facet normal -1 0 0
    outer loop
      vertex -89.99499999999999 110 0
      vertex -89.99499999999999 109.99987530778472 0
      vertex -89.99499999999999 110 82.3
    endloop
  endfacet
  facet normal 0 1 0
    outer loop
      vertex -100 99.99499999999999 0
      vertex -100 99.99499999999999 82.3
      vertex -99.99688871182816 99.99499999999999 82.3
    endloop
  endfacet
  facet normal -1 0 0
    outer loop
      vertex -89.99499999999999 109.99987530778472 0
      vertex -89.99499999999999 109.99987530778472 82.3
      vertex -89.99499999999999 110 82.3
    endloop
  endfacet
  facet normal 0 -1 0
    outer loop
      vertex -100 -99.99499999999999 0
      vertex -99.99987530778472 -99.99499999999999 0
      vertex -100 -99.99499999999999 82.3
    endloop
  endfacet
  facet normal -1 0 0
    outer loop
      vertex -89.99499999999999 -110 0
      vertex -89.99499999999999 -109.99688871182816 82.3
      vertex -89.99499999999999 -109.99688871182816 0
    endloop
  endfacet
  facet normal 0 -1 0
    outer loop
      vertex -99.99987530778472 -99.99499999999999 0
      vertex -99.99987530778472 -99.99499999999999 82.3
      vertex -100 -99.99499999999999 82.3
    endloop
  endfacet
  facet normal -1 0 0
    outer loop
      vertex -89.99499999999999 -110 0
      vertex -89.99499999999999 -110 82.3
      vertex -89.99499999999999 -109.99688871182816 82.3
    endloop
  endfacet
  facet normal 1 0 0
    outer loop
      vertex 89.99499999999999 -110 0
      vertex 89.99499999999999 -109.99987530778472 0
      vertex 89.99499999999999 -110 82.3
    endloop
  endfacet
  facet normal 0 -1 0
    outer loop
      vertex 100 -99.99499999999999 0
      vertex 99.99688871182816 -99.99499999999999 82.3
      vertex 99.99688871182816 -99.99499999999999 0
    endloop
  endfacet
  facet normal 1 0 0
    outer loop
      vertex 89.99499999999999 -109.99987530778472 0
      vertex 89.99499999999999 -109.99987530778472 82.3
      vertex 89.99499999999999 -110 82.3
    endloop
  endfacet
  facet normal 0 -1 0
    outer loop
      vertex 100 -99.99499999999999 0
      vertex 100 -99.99499999999999 82.3
      vertex 99.99688871182816 -99.99499999999999 82.3
    endloop
  endfacet
  facet normal 1 0 0
    outer loop
      vertex 89.99499999999999 110 0
      vertex 89.99499999999999 109.99688871182816 82.3
      vertex 89.99499999999999 109.99688871182816 0
    endloop
  endfacet
  facet normal 0 1 0
    outer loop
      vertex 100 99.99499999999999 0
      vertex 99.99987530778472 99.99499999999999 0
      vertex 100 99.99499999999999 82.3
    endloop
  endfacet
  facet normal 1 0 0
    outer loop
      vertex 89.99499999999999 110 0
      vertex 89.99499999999999 110 82.3
      vertex 89.99499999999999 109.99688871182816 82.3
    endloop
  endfacet
  facet normal 0 1 0
    outer loop
      vertex 99.99987530778472 99.99499999999999 0
      vertex 99.99987530778472 99.99499999999999 82.3
      vertex 100 99.99499999999999 82.3
    endloop
  endfacet
  facet normal -1 0 0
    outer loop
      vertex -99.99688871182816 99.99499999999999 0
      vertex -99.99688871182816 99.99499999999999 82.3
      vertex -99.99688871182816 100.2395562242981 0
    endloop
  endfacet
  facet normal -0.998756921218922 0.04984588566070249 0
    outer loop
      vertex -99.99688871182816 100.2395562242981 0
      vertex -99.99688871182816 100.2395562242981 82.3
      vertex -99.9720100097836 100.7380482368001 0
    endloop
  endfacet
  facet normal -0.9950307753654024 0.0995678465958058 0
    outer loop
      vertex -99.9720100097836 100.7380482368001 0
      vertex -99.9720100097836 100.7380482368001 82.3
      vertex -99.92231445806772 101.23468048352132 0
    endloop
  endfacet
  facet normal -0.9888308262251295 0.1490422661761678 0
    outer loop
      vertex -99.92231445806772 101.23468048352132 0
      vertex -99.92231445806772 101.23468048352132 82.3
      vertex -99.8479256076522 101.72821825844596 0
    endloop
  endfacet
  facet normal -0.9801724878485425 0.19814614319940352 0
    outer loop
      vertex -99.8479256076522 101.72821825844596 0
      vertex -99.8479256076522 101.72821825844596 82.3
      vertex -99.74902840094005 102.2174345489027 0
    endloop
  endfacet
  facet normal -0.9690772862290787 0.24675739769029076 0
    outer loop
      vertex -99.74902840094005 102.2174345489027 0
      vertex -99.74902840094005 102.2174345489027 82.3
      vertex -99.62586871196962 102.70111308611148 0
    endloop
  endfacet
  facet normal -0.9555728057861418 0.29475517441090116 0
    outer loop
      vertex -99.62586871196962 102.70111308611148 0
      vertex -99.62586871196962 102.70111308611148 82.3
      vertex -99.47875273513299 103.17805136901936 0
    endloop
  endfacet
  facet normal -0.9396926207859014 0.34202014332568775 0
    outer loop
      vertex -99.47875273513299 103.17805136901936 0
      vertex -99.47875273513299 103.17805136901936 82.3
      vertex -99.30804622392847 103.64706365390761 0
    endloop
  endfacet
  facet normal -0.9214762118704168 0.38843479627467287 0
    outer loop
      vertex -99.30804622392847 103.64706365390761 0
      vertex -99.30804622392847 103.64706365390761 82.3
      vertex -99.11417358163985 104.10698390233742 0
    endloop
  endfacet
  facet normal -0.9009688679024139 0.4338837391175687 0
    outer loop
      vertex -99.11417358163985 104.10698390233742 0
      vertex -99.11417358163985 104.10698390233742 82.3
      vertex -98.89761680620279 104.55666868010516 0
    endloop
  endfacet
  facet normal -0.8782215733702282 0.4782539786213188 0
    outer loop
      vertex -98.89761680620279 104.55666868010516 0
      vertex -98.89761680620279 104.55666868010516 82.3
      vertex -98.65891429188223 104.99499999999999 0
    endloop
  endfacet
  facet normal -0.8532908816321583 0.5214352033794938 0
    outer loop
      vertex -98.65891429188223 104.99499999999999 0
      vertex -98.65891429188223 104.99499999999999 82.3
      vertex -98.39865949073922 105.42088810129624 0
    endloop
  endfacet
  facet normal -0.8262387743159902 0.5633200580636288 0
    outer loop
      vertex -98.39865949073922 105.42088810129624 0
      vertex -98.39865949073922 105.42088810129624 82.3
      vertex -98.11749943721571 105.83327415907024 0
    endloop
  endfacet
  facet normal -0.7971325072229222 0.6038044103254779 0
    outer loop
      vertex -98.11749943721571 105.83327415907024 0
      vertex -98.11749943721571 105.83327415907024 82.3
      vertex -97.81613313950497 106.23113291660592 0
    endloop
  endfacet
  facet normal -0.7660444431189857 0.6427876096865304 0
    outer loop
      vertex -97.81613313950497 106.23113291660592 0
      vertex -97.81613313950497 106.23113291660592 82.3
      vertex -97.49530984170701 106.61347523434456 0
    endloop
  endfacet
  facet normal -0.7330518718298217 0.6801727377709244 0
    outer loop
      vertex -97.49530984170701 106.61347523434456 0
      vertex -97.49530984170701 106.61347523434456 82.3
      vertex -97.15582716108977 106.97935054904158 0
    endloop
  endfacet
  facet normal -0.6982368180860703 0.715866849259721 0
    outer loop
      vertex -97.15582716108977 106.97935054904158 0
      vertex -97.15582716108977 106.97935054904158 82.3
      vertex -96.7985291050869 107.32784923701655 0
    endloop
  endfacet
  facet normal -0.6616858375968591 0.7497812029677344 0
    outer loop
      vertex -96.7985291050869 107.32784923701655 0
      vertex -96.7985291050869 107.32784923701655 82.3
      vertex -96.42430397296225 107.65810487562096 0
    endloop
  endfacet
  facet normal -0.6234898018587357 0.7818314824680281 0
    outer loop
      vertex -96.42430397296225 107.65810487562096 0
      vertex -96.42430397296225 107.65810487562096 82.3
      vertex -96.03408214735802 107.96929639730145 0
    endloop
  endfacet
  facet normal -0.583743672234794 0.8119380057158536 0
    outer loop
      vertex -96.03408214735802 107.96929639730145 0
      vertex -96.03408214735802 107.96929639730145 82.3
      vertex -95.62883378121685 108.2606501309031 0
    endloop
  endfacet
  facet normal -0.5425462638657654 0.8400259231507675 0
    outer loop
      vertex -95.62883378121685 108.2606501309031 0
      vertex -95.62883378121685 108.2606501309031 82.3
      vertex -95.20956638582877 108.53144172513788 0
    endloop
  endfacet
  facet normal -0.4999999999999983 0.8660254037844396 0
    outer loop
      vertex -95.20956638582877 108.53144172513788 0
      vertex -95.20956638582877 108.53144172513788 82.3
      vertex -94.77732232599939 108.78099794943599 0
    endloop
  endfacet
  facet normal -0.4562106573531503 0.889871808811475 0
    outer loop
      vertex -94.77732232599939 108.78099794943599 0
      vertex -94.77732232599939 108.78099794943599 82.3
      vertex -94.33317622856676 109.0086983677032 0
    endloop
  endfacet
  facet normal -0.41128710313061145 0.9115058523116731 0
    outer loop
      vertex -94.33317622856676 109.0086983677032 0
      vertex -94.33317622856676 109.0086983677032 82.3
      vertex -93.87823231070969 109.21397688082277 0
    endloop
  endfacet
  facet normal -0.3653410243663983 0.930873748644203 0
    outer loop
      vertex -93.87823231070969 109.21397688082277 0
      vertex -93.87823231070969 109.21397688082277 82.3
      vertex -93.41362163468995 109.39632313406693 0
    endloop
  endfacet
  facet normal -0.31848665025167805 0.9479273461671339 0
    outer loop
      vertex -93.41362163468995 109.39632313406693 0
      vertex -93.41362163468995 109.39632313406693 82.3
      vertex -92.94049929585314 109.55528378591926 0
    endloop
  endfacet
  facet normal -0.2708404681430188 0.9626242469500081 0
    outer loop
      vertex -92.94049929585314 109.55528378591926 0
      vertex -92.94049929585314 109.55528378591926 82.3
      vertex -92.46004155087984 109.69046363515307 0
    endloop
  endfacet
  facet normal -0.22252093395632622 0.9749279121818208 0
    outer loop
      vertex -92.46004155087984 109.69046363515307 0
      vertex -92.46004155087984 109.69046363515307 82.3
      vertex -91.97344289342597 109.80152660336393 0
    endloop
  endfacet
  facet normal -0.1736481776669095 0.9848077530122117 0
    outer loop
      vertex -91.97344289342597 109.80152660336393 0
      vertex -91.97344289342597 109.80152660336393 82.3
      vertex -91.4819130844235 109.88819657051353 0
    endloop
  endfacet
  facet normal -0.12434370464749755 0.9922392066001706 0
    outer loop
      vertex -91.4819130844235 109.88819657051353 0
      vertex -91.4819130844235 109.88819657051353 82.3
      vertex -90.98667414442411 109.95025806140767 0
    endloop
  endfacet
  facet normal -0.07473009358642176 0.9972037971811804 0
    outer loop
      vertex -90.98667414442411 109.95025806140767 0
      vertex -90.98667414442411 109.95025806140767 82.3
      vertex -90.48895731546358 109.98755678140141 0
    endloop
  endfacet
  facet normal -0.024930691738070138 0.9996891820008164 0
    outer loop
      vertex -90.48895731546358 109.98755678140141 0
      vertex -90.48895731546358 109.98755678140141 82.3
      vertex -89.99499999999999 109.99987530778472 0
    endloop
  endfacet
  facet normal -1 0 0
    outer loop
      vertex -99.99688871182816 100.2395562242981 0
      vertex -99.99688871182816 99.99499999999999 82.3
      vertex -99.99688871182816 100.2395562242981 82.3
    endloop
  endfacet
  facet normal -0.998756921218922 0.04984588566070249 0
    outer loop
      vertex -99.9720100097836 100.7380482368001 0
      vertex -99.99688871182816 100.2395562242981 82.3
      vertex -99.9720100097836 100.7380482368001 82.3
    endloop
  endfacet
  facet normal -0.9950307753654024 0.0995678465958058 0
    outer loop
      vertex -99.92231445806772 101.23468048352132 0
      vertex -99.9720100097836 100.7380482368001 82.3
      vertex -99.92231445806772 101.23468048352132 82.3
    endloop
  endfacet
  facet normal -0.9888308262251295 0.1490422661761678 0
    outer loop
      vertex -99.8479256076522 101.72821825844596 0
      vertex -99.92231445806772 101.23468048352132 82.3
      vertex -99.8479256076522 101.72821825844596 82.3
    endloop
  endfacet
  facet normal -0.9801724878485425 0.19814614319940352 0
    outer loop
      vertex -99.74902840094005 102.2174345489027 0
      vertex -99.8479256076522 101.72821825844596 82.3
      vertex -99.74902840094005 102.2174345489027 82.3
    endloop
  endfacet
  facet normal -0.9690772862290787 0.24675739769029076 0
    outer loop
      vertex -99.62586871196962 102.70111308611148 0
      vertex -99.74902840094005 102.2174345489027 82.3
      vertex -99.62586871196962 102.70111308611148 82.3
    endloop
  endfacet
  facet normal -0.9555728057861418 0.29475517441090116 0
    outer loop
      vertex -99.47875273513299 103.17805136901936 0
      vertex -99.62586871196962 102.70111308611148 82.3
      vertex -99.47875273513299 103.17805136901936 82.3
    endloop
  endfacet
  facet normal -0.9396926207859014 0.34202014332568775 0
    outer loop
      vertex -99.30804622392847 103.64706365390761 0
      vertex -99.47875273513299 103.17805136901936 82.3
      vertex -99.30804622392847 103.64706365390761 82.3
    endloop
  endfacet
  facet normal -0.9214762118704168 0.38843479627467287 0
    outer loop
      vertex -99.11417358163985 104.10698390233742 0
      vertex -99.30804622392847 103.64706365390761 82.3
      vertex -99.11417358163985 104.10698390233742 82.3
    endloop
  endfacet
  facet normal -0.9009688679024139 0.4338837391175687 0
    outer loop
      vertex -98.89761680620279 104.55666868010516 0
      vertex -99.11417358163985 104.10698390233742 82.3
      vertex -98.89761680620279 104.55666868010516 82.3
    endloop
  endfacet
  facet normal -0.8782215733702282 0.4782539786213188 0
    outer loop
      vertex -98.65891429188223 104.99499999999999 0
      vertex -98.89761680620279 104.55666868010516 82.3
      vertex -98.65891429188223 104.99499999999999 82.3
    endloop
  endfacet
  facet normal -0.8532908816321583 0.5214352033794938 0
    outer loop
      vertex -98.39865949073922 105.42088810129624 0
      vertex -98.65891429188223 104.99499999999999 82.3
      vertex -98.39865949073922 105.42088810129624 82.3
    endloop
  endfacet
  facet normal -0.8262387743159902 0.5633200580636288 0
    outer loop
      vertex -98.11749943721571 105.83327415907024 0
      vertex -98.39865949073922 105.42088810129624 82.3
      vertex -98.11749943721571 105.83327415907024 82.3
    endloop
  endfacet
  facet normal -0.7971325072229222 0.6038044103254779 0
    outer loop
      vertex -97.81613313950497 106.23113291660592 0
      vertex -98.11749943721571 105.83327415907024 82.3
      vertex -97.81613313950497 106.23113291660592 82.3
    endloop
  endfacet
  facet normal -0.7660444431189857 0.6427876096865304 0
    outer loop
      vertex -97.49530984170701 106.61347523434456 0
      vertex -97.81613313950497 106.23113291660592 82.3
      vertex -97.49530984170701 106.61347523434456 82.3
    endloop
  endfacet
  facet normal -0.7330518718298217 0.6801727377709244 0
    outer loop
      vertex -97.15582716108977 106.97935054904158 0
      vertex -97.49530984170701 106.61347523434456 82.3
      vertex -97.15582716108977 106.97935054904158 82.3
    endloop
  endfacet
  facet normal -0.6982368180860703 0.715866849259721 0
    outer loop
      vertex -96.7985291050869 107.32784923701655 0
      vertex -97.15582716108977 106.97935054904158 82.3
      vertex -96.7985291050869 107.32784923701655 82.3
    endloop
  endfacet
  facet normal -0.6616858375968591 0.7497812029677344 0
    outer loop
      vertex -96.42430397296225 107.65810487562096 0
      vertex -96.7985291050869 107.32784923701655 82.3
      vertex -96.42430397296225 107.65810487562096 82.3
    endloop
  endfacet
  facet normal -0.6234898018587357 0.7818314824680281 0
    outer loop
      vertex -96.03408214735802 107.96929639730145 0
      vertex -96.42430397296225 107.65810487562096 82.3
      vertex -96.03408214735802 107.96929639730145 82.3
    endloop
  endfacet
  facet normal -0.583743672234794 0.8119380057158536 0
    outer loop
      vertex -95.62883378121685 108.2606501309031 0
      vertex -96.03408214735802 107.96929639730145 82.3
      vertex -95.62883378121685 108.2606501309031 82.3
    endloop
  endfacet
  facet normal -0.5425462638657654 0.8400259231507675 0
    outer loop
      vertex -95.20956638582877 108.53144172513788 0
      vertex -95.62883378121685 108.2606501309031 82.3
      vertex -95.20956638582877 108.53144172513788 82.3
    endloop
  endfacet
  facet normal -0.4999999999999983 0.8660254037844396 0
    outer loop
      vertex -94.77732232599939 108.78099794943599 0
      vertex -95.20956638582877 108.53144172513788 82.3
      vertex -94.77732232599939 108.78099794943599 82.3
    endloop
  endfacet
  facet normal -0.4562106573531503 0.889871808811475 0
    outer loop
      vertex -94.33317622856676 109.0086983677032 0
      vertex -94.77732232599939 108.78099794943599 82.3
      vertex -94.33317622856676 109.0086983677032 82.3
    endloop
  endfacet
  facet normal -0.41128710313061145 0.9115058523116731 0
    outer loop
      vertex -93.87823231070969 109.21397688082277 0
      vertex -94.33317622856676 109.0086983677032 82.3
      vertex -93.87823231070969 109.21397688082277 82.3
    endloop
  endfacet
  facet normal -0.3653410243663983 0.930873748644203 0
    outer loop
      vertex -93.41362163468995 109.39632313406693 0
      vertex -93.87823231070969 109.21397688082277 82.3
      vertex -93.41362163468995 109.39632313406693 82.3
    endloop
  endfacet
  facet normal -0.31848665025167805 0.9479273461671339 0
    outer loop
      vertex -92.94049929585314 109.55528378591926 0
      vertex -93.41362163468995 109.39632313406693 82.3
      vertex -92.94049929585314 109.55528378591926 82.3
    endloop
  endfacet
  facet normal -0.2708404681430188 0.9626242469500081 0
    outer loop
      vertex -92.46004155087984 109.69046363515307 0
      vertex -92.94049929585314 109.55528378591926 82.3
      vertex -92.46004155087984 109.69046363515307 82.3
    endloop
  endfacet
  facet normal -0.22252093395632622 0.9749279121818208 0
    outer loop
      vertex -91.97344289342597 109.80152660336393 0
      vertex -92.46004155087984 109.69046363515307 82.3
      vertex -91.97344289342597 109.80152660336393 82.3
    endloop
  endfacet
  facet normal -0.1736481776669095 0.9848077530122117 0
    outer loop
      vertex -91.4819130844235 109.88819657051353 0
      vertex -91.97344289342597 109.80152660336393 82.3
      vertex -91.4819130844235 109.88819657051353 82.3
    endloop
  endfacet
  facet normal -0.12434370464749755 0.9922392066001706 0
    outer loop
      vertex -90.98667414442411 109.95025806140767 0
      vertex -91.4819130844235 109.88819657051353 82.3
      vertex -90.98667414442411 109.95025806140767 82.3
    endloop
  endfacet
  facet normal -0.07473009358642176 0.9972037971811804 0
    outer loop
      vertex -90.48895731546358 109.98755678140141 0
      vertex -90.98667414442411 109.95025806140767 82.3
      vertex -90.48895731546358 109.98755678140141 82.3
    endloop
  endfacet
  facet normal -0.024930691738070138 0.9996891820008164 0
    outer loop
      vertex -89.99499999999999 109.99987530778472 0
      vertex -90.48895731546358 109.98755678140141 82.3
      vertex -89.99499999999999 109.99987530778472 82.3
    endloop
  endfacet
  facet normal -0.7497812029677344 -0.6616858375968591 0
    outer loop
      vertex -97.32784923701655 -106.7985291050869 0
      vertex -97.32784923701655 -106.7985291050869 82.3
      vertex -97.65810487562096 -106.42430397296225 0
    endloop
  endfacet
  facet normal -0.715866849259721 -0.6982368180860703 0
    outer loop
      vertex -97.32784923701655 -106.7985291050869 0
      vertex -96.97935054904158 -107.15582716108977 0
      vertex -96.97935054904158 -107.15582716108977 82.3
    endloop
  endfacet
  facet normal -0.8660254037844396 -0.4999999999999983 0
    outer loop
      vertex -98.53144172513788 -105.20956638582877 0
      vertex -98.53144172513788 -105.20956638582877 82.3
      vertex -98.78099794943599 -104.77732232599939 0
    endloop
  endfacet
  facet normal -0.930873748644203 -0.3653410243663983 0
    outer loop
      vertex -99.39632313406693 -103.41362163468995 0
      vertex -99.21397688082277 -103.87823231070969 0
      vertex -99.21397688082277 -103.87823231070969 82.3
    endloop
  endfacet
  facet normal -0.9479273461671339 -0.31848665025167805 0
    outer loop
      vertex -99.39632313406693 -103.41362163468995 0
      vertex -99.39632313406693 -103.41362163468995 82.3
      vertex -99.55528378591926 -102.94049929585314 0
    endloop
  endfacet
  facet normal -0.889871808811475 -0.4562106573531503 0
    outer loop
      vertex -99.0086983677032 -104.33317622856676 0
      vertex -98.78099794943599 -104.77732232599939 0
      vertex -98.78099794943599 -104.77732232599939 82.3
    endloop
  endfacet
  facet normal -0.9115058523116731 -0.41128710313061145 0
    outer loop
      vertex -99.0086983677032 -104.33317622856676 0
      vertex -99.0086983677032 -104.33317622856676 82.3
      vertex -99.21397688082277 -103.87823231070969 0
    endloop
  endfacet
  facet normal -0.8119380057158536 -0.583743672234794 0
    outer loop
      vertex -97.96929639730145 -106.03408214735802 0
      vertex -97.96929639730145 -106.03408214735802 82.3
      vertex -98.2606501309031 -105.62883378121685 0
    endloop
  endfacet
  facet normal -0.7818314824680281 -0.6234898018587357 0
    outer loop
      vertex -97.65810487562096 -106.42430397296225 0
      vertex -97.65810487562096 -106.42430397296225 82.3
      vertex -97.96929639730145 -106.03408214735802 0
    endloop
  endfacet
  facet normal -0.8400259231507675 -0.5425462638657654 0
    outer loop
      vertex -98.53144172513788 -105.20956638582877 0
      vertex -98.2606501309031 -105.62883378121685 0
      vertex -98.2606501309031 -105.62883378121685 82.3
    endloop
  endfacet
  facet normal -0.5633200580636288 -0.8262387743159902 0
    outer loop
      vertex -95.42088810129624 -108.39865949073922 0
      vertex -95.42088810129624 -108.39865949073922 82.3
      vertex -95.83327415907024 -108.11749943721571 0
    endloop
  endfacet
  facet normal -0.6427876096865304 -0.7660444431189857 0
    outer loop
      vertex -96.61347523434456 -107.49530984170701 0
      vertex -96.23113291660592 -107.81613313950497 0
      vertex -96.23113291660592 -107.81613313950497 82.3
    endloop
  endfacet
  facet normal -0.6801727377709244 -0.7330518718298217 0
    outer loop
      vertex -96.97935054904158 -107.15582716108977 0
      vertex -96.61347523434456 -107.49530984170701 0
      vertex -96.61347523434456 -107.49530984170701 82.3
    endloop
  endfacet
  facet normal -0.6038044103254779 -0.7971325072229222 0
    outer loop
      vertex -96.23113291660592 -107.81613313950497 0
      vertex -95.83327415907024 -108.11749943721571 0
      vertex -95.83327415907024 -108.11749943721571 82.3
    endloop
  endfacet
  facet normal -0.5214352033794938 -0.8532908816321583 0
    outer loop
      vertex -95.42088810129624 -108.39865949073922 0
      vertex -94.99499999999999 -108.65891429188223 0
      vertex -94.99499999999999 -108.65891429188223 82.3
    endloop
  endfacet
  facet normal -0.4782539786213188 -0.8782215733702282 0
    outer loop
      vertex -94.99499999999999 -108.65891429188223 0
      vertex -94.55666868010516 -108.89761680620279 0
      vertex -94.55666868010516 -108.89761680620279 82.3
    endloop
  endfacet
  facet normal -0.38843479627467287 -0.9214762118704168 0
    outer loop
      vertex -94.10698390233742 -109.11417358163985 0
      vertex -93.64706365390761 -109.30804622392847 0
      vertex -93.64706365390761 -109.30804622392847 82.3
    endloop
  endfacet
  facet normal -0.4338837391175687 -0.9009688679024139 0
    outer loop
      vertex -94.55666868010516 -108.89761680620279 0
      vertex -94.10698390233742 -109.11417358163985 0
      vertex -94.10698390233742 -109.11417358163985 82.3
    endloop
  endfacet
  facet normal -0.9749279121818208 -0.22252093395632622 0
    outer loop
      vertex -99.69046363515307 -102.46004155087984 0
      vertex -99.69046363515307 -102.46004155087984 82.3
      vertex -99.80152660336393 -101.97344289342597 0
    endloop
  endfacet
  facet normal -0.9626242469500081 -0.2708404681430188 0
    outer loop
      vertex -99.69046363515307 -102.46004155087984 0
      vertex -99.55528378591926 -102.94049929585314 0
      vertex -99.55528378591926 -102.94049929585314 82.3
    endloop
  endfacet
  facet normal -0.9848077530122117 -0.1736481776669095 0
    outer loop
      vertex -99.80152660336393 -101.97344289342597 0
      vertex -99.80152660336393 -101.97344289342597 82.3
      vertex -99.88819657051353 -101.4819130844235 0
    endloop
  endfacet
  facet normal -0.9922392066001706 -0.12434370464749755 0
    outer loop
      vertex -99.88819657051353 -101.4819130844235 0
      vertex -99.88819657051353 -101.4819130844235 82.3
      vertex -99.95025806140767 -100.98667414442411 0
    endloop
  endfacet
  facet normal -0.9972037971811804 -0.07473009358642176 0
    outer loop
      vertex -99.95025806140767 -100.98667414442411 0
      vertex -99.95025806140767 -100.98667414442411 82.3
      vertex -99.98755678140141 -100.48895731546358 0
    endloop
  endfacet
  facet normal -0.9996891820008164 -0.024930691738070138 0
    outer loop
      vertex -99.98755678140141 -100.48895731546358 0
      vertex -99.98755678140141 -100.48895731546358 82.3
      vertex -99.99987530778472 -99.99499999999999 0
    endloop
  endfacet
  facet normal -0.34202014332568775 -0.9396926207859014 0
    outer loop
      vertex -93.64706365390761 -109.30804622392847 0
      vertex -93.17805136901936 -109.47875273513299 0
      vertex -93.17805136901936 -109.47875273513299 82.3
    endloop
  endfacet
  facet normal -0.29475517441090116 -0.9555728057861418 0
    outer loop
      vertex -93.17805136901936 -109.47875273513299 0
      vertex -92.70111308611148 -109.62586871196962 0
      vertex -92.70111308611148 -109.62586871196962 82.3
    endloop
  endfacet
  facet normal -0.24675739769029076 -0.9690772862290787 0
    outer loop
      vertex -92.70111308611148 -109.62586871196962 0
      vertex -92.2174345489027 -109.74902840094005 0
      vertex -92.2174345489027 -109.74902840094005 82.3
    endloop
  endfacet
  facet normal -0.19814614319940352 -0.9801724878485425 0
    outer loop
      vertex -92.2174345489027 -109.74902840094005 0
      vertex -91.72821825844596 -109.8479256076522 0
      vertex -91.72821825844596 -109.8479256076522 82.3
    endloop
  endfacet
  facet normal -0.1490422661761678 -0.9888308262251295 0
    outer loop
      vertex -91.72821825844596 -109.8479256076522 0
      vertex -91.23468048352132 -109.92231445806772 0
      vertex -91.23468048352132 -109.92231445806772 82.3
    endloop
  endfacet
  facet normal -0.0995678465958058 -0.9950307753654024 0
    outer loop
      vertex -91.23468048352132 -109.92231445806772 0
      vertex -90.7380482368001 -109.9720100097836 0
      vertex -90.7380482368001 -109.9720100097836 82.3
    endloop
  endfacet
  facet normal -0.04984588566070249 -0.998756921218922 0
    outer loop
      vertex -90.7380482368001 -109.9720100097836 0
      vertex -90.2395562242981 -109.99688871182816 0
      vertex -90.2395562242981 -109.99688871182816 82.3
    endloop
  endfacet
  facet normal 0 -1 0
    outer loop
      vertex -90.2395562242981 -109.99688871182816 0
      vertex -89.99499999999999 -109.99688871182816 0
      vertex -89.99499999999999 -109.99688871182816 82.3
    endloop
  endfacet
  facet normal -0.715866849259721 -0.6982368180860703 0
    outer loop
      vertex -97.32784923701655 -106.7985291050869 0
      vertex -96.97935054904158 -107.15582716108977 82.3
      vertex -97.32784923701655 -106.7985291050869 82.3
    endloop
  endfacet
  facet normal -0.8400259231507675 -0.5425462638657654 0
    outer loop
      vertex -98.53144172513788 -105.20956638582877 0
      vertex -98.2606501309031 -105.62883378121685 82.3
      vertex -98.53144172513788 -105.20956638582877 82.3
    endloop
  endfacet
  facet normal -0.8660254037844396 -0.4999999999999983 0
    outer loop
      vertex -98.78099794943599 -104.77732232599939 0
      vertex -98.53144172513788 -105.20956638582877 82.3
      vertex -98.78099794943599 -104.77732232599939 82.3
    endloop
  endfacet
  facet normal -0.930873748644203 -0.3653410243663983 0
    outer loop
      vertex -99.39632313406693 -103.41362163468995 0
      vertex -99.21397688082277 -103.87823231070969 82.3
      vertex -99.39632313406693 -103.41362163468995 82.3
    endloop
  endfacet
  facet normal -0.889871808811475 -0.4562106573531503 0
    outer loop
      vertex -99.0086983677032 -104.33317622856676 0
      vertex -98.78099794943599 -104.77732232599939 82.3
      vertex -99.0086983677032 -104.33317622856676 82.3
    endloop
  endfacet
  facet normal -0.9115058523116731 -0.41128710313061145 0
    outer loop
      vertex -99.21397688082277 -103.87823231070969 0
      vertex -99.0086983677032 -104.33317622856676 82.3
      vertex -99.21397688082277 -103.87823231070969 82.3
    endloop
  endfacet
  facet normal -0.8119380057158536 -0.583743672234794 0
    outer loop
      vertex -98.2606501309031 -105.62883378121685 0
      vertex -97.96929639730145 -106.03408214735802 82.3
      vertex -98.2606501309031 -105.62883378121685 82.3
    endloop
  endfacet
  facet normal -0.7818314824680281 -0.6234898018587357 0
    outer loop
      vertex -97.96929639730145 -106.03408214735802 0
      vertex -97.65810487562096 -106.42430397296225 82.3
      vertex -97.96929639730145 -106.03408214735802 82.3
    endloop
  endfacet
  facet normal -0.7497812029677344 -0.6616858375968591 0
    outer loop
      vertex -97.65810487562096 -106.42430397296225 0
      vertex -97.32784923701655 -106.7985291050869 82.3
      vertex -97.65810487562096 -106.42430397296225 82.3
    endloop
  endfacet
  facet normal -0.6427876096865304 -0.7660444431189857 0
    outer loop
      vertex -96.61347523434456 -107.49530984170701 0
      vertex -96.23113291660592 -107.81613313950497 82.3
      vertex -96.61347523434456 -107.49530984170701 82.3
    endloop
  endfacet
  facet normal -0.6038044103254779 -0.7971325072229222 0
    outer loop
      vertex -96.23113291660592 -107.81613313950497 0
      vertex -95.83327415907024 -108.11749943721571 82.3
      vertex -96.23113291660592 -107.81613313950497 82.3
    endloop
  endfacet
  facet normal -0.6801727377709244 -0.7330518718298217 0
    outer loop
      vertex -96.97935054904158 -107.15582716108977 0
      vertex -96.61347523434456 -107.49530984170701 82.3
      vertex -96.97935054904158 -107.15582716108977 82.3
    endloop
  endfacet
  facet normal -0.5633200580636288 -0.8262387743159902 0
    outer loop
      vertex -95.83327415907024 -108.11749943721571 0
      vertex -95.42088810129624 -108.39865949073922 82.3
      vertex -95.83327415907024 -108.11749943721571 82.3
    endloop
  endfacet
  facet normal -0.5214352033794938 -0.8532908816321583 0
    outer loop
      vertex -95.42088810129624 -108.39865949073922 0
      vertex -94.99499999999999 -108.65891429188223 82.3
      vertex -95.42088810129624 -108.39865949073922 82.3
    endloop
  endfacet
  facet normal -0.4782539786213188 -0.8782215733702282 0
    outer loop
      vertex -94.99499999999999 -108.65891429188223 0
      vertex -94.55666868010516 -108.89761680620279 82.3
      vertex -94.99499999999999 -108.65891429188223 82.3
    endloop
  endfacet
  facet normal -0.38843479627467287 -0.9214762118704168 0
    outer loop
      vertex -94.10698390233742 -109.11417358163985 0
      vertex -93.64706365390761 -109.30804622392847 82.3
      vertex -94.10698390233742 -109.11417358163985 82.3
    endloop
  endfacet
  facet normal -0.4338837391175687 -0.9009688679024139 0
    outer loop
      vertex -94.55666868010516 -108.89761680620279 0
      vertex -94.10698390233742 -109.11417358163985 82.3
      vertex -94.55666868010516 -108.89761680620279 82.3
    endloop
  endfacet
  facet normal -0.9626242469500081 -0.2708404681430188 0
    outer loop
      vertex -99.69046363515307 -102.46004155087984 0
      vertex -99.55528378591926 -102.94049929585314 82.3
      vertex -99.69046363515307 -102.46004155087984 82.3
    endloop
  endfacet
  facet normal -0.9479273461671339 -0.31848665025167805 0
    outer loop
      vertex -99.55528378591926 -102.94049929585314 0
      vertex -99.39632313406693 -103.41362163468995 82.3
      vertex -99.55528378591926 -102.94049929585314 82.3
    endloop
  endfacet
  facet normal -0.9749279121818208 -0.22252093395632622 0
    outer loop
      vertex -99.80152660336393 -101.97344289342597 0
      vertex -99.69046363515307 -102.46004155087984 82.3
      vertex -99.80152660336393 -101.97344289342597 82.3
    endloop
  endfacet
  facet normal -0.9848077530122117 -0.1736481776669095 0
    outer loop
      vertex -99.88819657051353 -101.4819130844235 0
      vertex -99.80152660336393 -101.97344289342597 82.3
      vertex -99.88819657051353 -101.4819130844235 82.3
    endloop
  endfacet
  facet normal -0.9922392066001706 -0.12434370464749755 0
    outer loop
      vertex -99.95025806140767 -100.98667414442411 0
      vertex -99.88819657051353 -101.4819130844235 82.3
      vertex -99.95025806140767 -100.98667414442411 82.3
    endloop
  endfacet
  facet normal -0.9972037971811804 -0.07473009358642176 0
    outer loop
      vertex -99.98755678140141 -100.48895731546358 0
      vertex -99.95025806140767 -100.98667414442411 82.3
      vertex -99.98755678140141 -100.48895731546358 82.3
    endloop
  endfacet
  facet normal -0.9996891820008164 -0.024930691738070138 0
    outer loop
      vertex -99.99987530778472 -99.99499999999999 0
      vertex -99.98755678140141 -100.48895731546358 82.3
      vertex -99.99987530778472 -99.99499999999999 82.3
    endloop
  endfacet
  facet normal -0.34202014332568775 -0.9396926207859014 0
    outer loop
      vertex -93.64706365390761 -109.30804622392847 0
      vertex -93.17805136901936 -109.47875273513299 82.3
      vertex -93.64706365390761 -109.30804622392847 82.3
    endloop
  endfacet
  facet normal -0.29475517441090116 -0.9555728057861418 0
    outer loop
      vertex -93.17805136901936 -109.47875273513299 0
      vertex -92.70111308611148 -109.62586871196962 82.3
      vertex -93.17805136901936 -109.47875273513299 82.3
    endloop
  endfacet
  facet normal -0.24675739769029076 -0.9690772862290787 0
    outer loop
      vertex -92.70111308611148 -109.62586871196962 0
      vertex -92.2174345489027 -109.74902840094005 82.3
      vertex -92.70111308611148 -109.62586871196962 82.3
    endloop
  endfacet
  facet normal -0.19814614319940352 -0.9801724878485425 0
    outer loop
      vertex -92.2174345489027 -109.74902840094005 0
      vertex -91.72821825844596 -109.8479256076522 82.3
      vertex -92.2174345489027 -109.74902840094005 82.3
    endloop
  endfacet
  facet normal -0.1490422661761678 -0.9888308262251295 0
    outer loop
      vertex -91.72821825844596 -109.8479256076522 0
      vertex -91.23468048352132 -109.92231445806772 82.3
      vertex -91.72821825844596 -109.8479256076522 82.3
    endloop
  endfacet
  facet normal -0.0995678465958058 -0.9950307753654024 0
    outer loop
      vertex -91.23468048352132 -109.92231445806772 0
      vertex -90.7380482368001 -109.9720100097836 82.3
      vertex -91.23468048352132 -109.92231445806772 82.3
    endloop
  endfacet
  facet normal -0.04984588566070249 -0.998756921218922 0
    outer loop
      vertex -90.7380482368001 -109.9720100097836 0
      vertex -90.2395562242981 -109.99688871182816 82.3
      vertex -90.7380482368001 -109.9720100097836 82.3
    endloop
  endfacet
  facet normal 0 -1 0
    outer loop
      vertex -90.2395562242981 -109.99688871182816 0
      vertex -89.99499999999999 -109.99688871182816 82.3
      vertex -90.2395562242981 -109.99688871182816 82.3
    endloop
  endfacet
  facet normal 0.024930691738070138 -0.9996891820008164 0
    outer loop
      vertex 89.99499999999999 -109.99987530778472 0
      vertex 90.48895731546358 -109.98755678140141 0
      vertex 90.48895731546358 -109.98755678140141 82.3
    endloop
  endfacet
  facet normal 0.07473009358642176 -0.9972037971811804 0
    outer loop
      vertex 90.48895731546358 -109.98755678140141 0
      vertex 90.98667414442411 -109.95025806140767 0
      vertex 90.98667414442411 -109.95025806140767 82.3
    endloop
  endfacet
  facet normal 0.12434370464749755 -0.9922392066001706 0
    outer loop
      vertex 90.98667414442411 -109.95025806140767 0
      vertex 91.4819130844235 -109.88819657051353 0
      vertex 91.4819130844235 -109.88819657051353 82.3
    endloop
  endfacet
  facet normal 0.1736481776669095 -0.9848077530122117 0
    outer loop
      vertex 91.4819130844235 -109.88819657051353 0
      vertex 91.97344289342597 -109.80152660336393 0
      vertex 91.97344289342597 -109.80152660336393 82.3
    endloop
  endfacet
  facet normal 0.22252093395632622 -0.9749279121818208 0
    outer loop
      vertex 91.97344289342597 -109.80152660336393 0
      vertex 92.46004155087984 -109.69046363515307 0
      vertex 92.46004155087984 -109.69046363515307 82.3
    endloop
  endfacet
  facet normal 0.2708404681430188 -0.9626242469500081 0
    outer loop
      vertex 92.46004155087984 -109.69046363515307 0
      vertex 92.94049929585314 -109.55528378591926 0
      vertex 92.94049929585314 -109.55528378591926 82.3
    endloop
  endfacet
  facet normal 0.31848665025167805 -0.9479273461671339 0
    outer loop
      vertex 92.94049929585314 -109.55528378591926 0
      vertex 93.41362163468995 -109.39632313406693 0
      vertex 93.41362163468995 -109.39632313406693 82.3
    endloop
  endfacet
  facet normal 0.3653410243663983 -0.930873748644203 0
    outer loop
      vertex 93.41362163468995 -109.39632313406693 0
      vertex 93.87823231070969 -109.21397688082277 0
      vertex 93.87823231070969 -109.21397688082277 82.3
    endloop
  endfacet
  facet normal 0.41128710313061145 -0.9115058523116731 0
    outer loop
      vertex 93.87823231070969 -109.21397688082277 0
      vertex 94.33317622856676 -109.0086983677032 0
      vertex 94.33317622856676 -109.0086983677032 82.3
    endloop
  endfacet
  facet normal 0.4562106573531503 -0.889871808811475 0
    outer loop
      vertex 94.33317622856676 -109.0086983677032 0
      vertex 94.77732232599939 -108.78099794943599 0
      vertex 94.77732232599939 -108.78099794943599 82.3
    endloop
  endfacet
  facet normal 0.4999999999999983 -0.8660254037844396 0
    outer loop
      vertex 94.77732232599939 -108.78099794943599 0
      vertex 95.20956638582877 -108.53144172513788 0
      vertex 95.20956638582877 -108.53144172513788 82.3
    endloop
  endfacet
  facet normal 0.5425462638657654 -0.8400259231507675 0
    outer loop
      vertex 95.20956638582877 -108.53144172513788 0
      vertex 95.62883378121685 -108.2606501309031 0
      vertex 95.62883378121685 -108.2606501309031 82.3
    endloop
  endfacet
  facet normal 0.583743672234794 -0.8119380057158536 0
    outer loop
      vertex 95.62883378121685 -108.2606501309031 0
      vertex 96.03408214735802 -107.96929639730145 0
      vertex 96.03408214735802 -107.96929639730145 82.3
    endloop
  endfacet
  facet normal 0.6234898018587357 -0.7818314824680281 0
    outer loop
      vertex 96.03408214735802 -107.96929639730145 0
      vertex 96.42430397296225 -107.65810487562096 0
      vertex 96.42430397296225 -107.65810487562096 82.3
    endloop
  endfacet
  facet normal 0.6616858375968591 -0.7497812029677344 0
    outer loop
      vertex 96.42430397296225 -107.65810487562096 0
      vertex 96.7985291050869 -107.32784923701655 0
      vertex 96.7985291050869 -107.32784923701655 82.3
    endloop
  endfacet
  facet normal 0.6982368180860703 -0.715866849259721 0
    outer loop
      vertex 96.7985291050869 -107.32784923701655 0
      vertex 97.15582716108977 -106.97935054904158 0
      vertex 97.15582716108977 -106.97935054904158 82.3
    endloop
  endfacet
  facet normal 0.7330518718298217 -0.6801727377709244 0
    outer loop
      vertex 97.15582716108977 -106.97935054904158 0
      vertex 97.49530984170701 -106.61347523434456 0
      vertex 97.49530984170701 -106.61347523434456 82.3
    endloop
  endfacet
  facet normal 0.7660444431189857 -0.6427876096865304 0
    outer loop
      vertex 97.49530984170701 -106.61347523434456 0
      vertex 97.81613313950497 -106.23113291660592 0
      vertex 97.81613313950497 -106.23113291660592 82.3
    endloop
  endfacet
  facet normal 0.7971325072229222 -0.6038044103254779 0
    outer loop
      vertex 97.81613313950497 -106.23113291660592 0
      vertex 98.11749943721571 -105.83327415907024 0
      vertex 98.11749943721571 -105.83327415907024 82.3
    endloop
  endfacet
  facet normal 0.8262387743159902 -0.5633200580636288 0
    outer loop
      vertex 98.11749943721571 -105.83327415907024 0
      vertex 98.39865949073922 -105.42088810129624 0
      vertex 98.39865949073922 -105.42088810129624 82.3
    endloop
  endfacet
  facet normal 0.8532908816321583 -0.5214352033794938 0
    outer loop
      vertex 98.39865949073922 -105.42088810129624 0
      vertex 98.65891429188223 -104.99499999999999 0
      vertex 98.65891429188223 -104.99499999999999 82.3
    endloop
  endfacet
  facet normal 0.8782215733702282 -0.4782539786213188 0
    outer loop
      vertex 98.65891429188223 -104.99499999999999 0
      vertex 98.89761680620279 -104.55666868010516 0
      vertex 98.89761680620279 -104.55666868010516 82.3
    endloop
  endfacet
  facet normal 0.9009688679024139 -0.4338837391175687 0
    outer loop
      vertex 98.89761680620279 -104.55666868010516 0
      vertex 99.11417358163985 -104.10698390233742 0
      vertex 99.11417358163985 -104.10698390233742 82.3
    endloop
  endfacet
  facet normal 0.9214762118704168 -0.38843479627467287 0
    outer loop
      vertex 99.11417358163985 -104.10698390233742 0
      vertex 99.30804622392847 -103.64706365390761 0
      vertex 99.30804622392847 -103.64706365390761 82.3
    endloop
  endfacet
  facet normal 0.9396926207859014 -0.34202014332568775 0
    outer loop
      vertex 99.30804622392847 -103.64706365390761 0
      vertex 99.47875273513299 -103.17805136901936 0
      vertex 99.47875273513299 -103.17805136901936 82.3
    endloop
  endfacet
  facet normal 0.9555728057861418 -0.29475517441090116 0
    outer loop
      vertex 99.47875273513299 -103.17805136901936 0
      vertex 99.62586871196962 -102.70111308611148 0
      vertex 99.62586871196962 -102.70111308611148 82.3
    endloop
  endfacet
  facet normal 0.9690772862290787 -0.24675739769029076 0
    outer loop
      vertex 99.62586871196962 -102.70111308611148 0
      vertex 99.74902840094005 -102.2174345489027 0
      vertex 99.74902840094005 -102.2174345489027 82.3
    endloop
  endfacet
  facet normal 0.9801724878485425 -0.19814614319940352 0
    outer loop
      vertex 99.74902840094005 -102.2174345489027 0
      vertex 99.8479256076522 -101.72821825844596 0
      vertex 99.8479256076522 -101.72821825844596 82.3
    endloop
  endfacet
  facet normal 0.9888308262251295 -0.1490422661761678 0
    outer loop
      vertex 99.8479256076522 -101.72821825844596 0
      vertex 99.92231445806772 -101.23468048352132 0
      vertex 99.92231445806772 -101.23468048352132 82.3
    endloop
  endfacet
  facet normal 0.9950307753654024 -0.0995678465958058 0
    outer loop
      vertex 99.92231445806772 -101.23468048352132 0
      vertex 99.9720100097836 -100.7380482368001 0
      vertex 99.9720100097836 -100.7380482368001 82.3
    endloop
  endfacet
  facet normal 0.998756921218922 -0.04984588566070249 0
    outer loop
      vertex 99.9720100097836 -100.7380482368001 0
      vertex 99.99688871182816 -100.2395562242981 0
      vertex 99.99688871182816 -100.2395562242981 82.3
    endloop
  endfacet
  facet normal 1 0 0
    outer loop
      vertex 99.99688871182816 -100.2395562242981 0
      vertex 99.99688871182816 -99.99499999999999 0
      vertex 99.99688871182816 -99.99499999999999 82.3
    endloop
  endfacet
  facet normal 0.024930691738070138 -0.9996891820008164 0
    outer loop
      vertex 89.99499999999999 -109.99987530778472 0
      vertex 90.48895731546358 -109.98755678140141 82.3
      vertex 89.99499999999999 -109.99987530778472 82.3
    endloop
  endfacet
  facet normal 0.07473009358642176 -0.9972037971811804 0
    outer loop
      vertex 90.48895731546358 -109.98755678140141 0
      vertex 90.98667414442411 -109.95025806140767 82.3
      vertex 90.48895731546358 -109.98755678140141 82.3
    endloop
  endfacet
  facet normal 0.12434370464749755 -0.9922392066001706 0
    outer loop
      vertex 90.98667414442411 -109.95025806140767 0
      vertex 91.4819130844235 -109.88819657051353 82.3
      vertex 90.98667414442411 -109.95025806140767 82.3
    endloop
  endfacet
  facet normal 0.1736481776669095 -0.9848077530122117 0
    outer loop
      vertex 91.4819130844235 -109.88819657051353 0
      vertex 91.97344289342597 -109.80152660336393 82.3
      vertex 91.4819130844235 -109.88819657051353 82.3
    endloop
  endfacet
  facet normal 0.22252093395632622 -0.9749279121818208 0
    outer loop
      vertex 91.97344289342597 -109.80152660336393 0
      vertex 92.46004155087984 -109.69046363515307 82.3
      vertex 91.97344289342597 -109.80152660336393 82.3
    endloop
  endfacet
  facet normal 0.2708404681430188 -0.9626242469500081 0
    outer loop
      vertex 92.46004155087984 -109.69046363515307 0
      vertex 92.94049929585314 -109.55528378591926 82.3
      vertex 92.46004155087984 -109.69046363515307 82.3
    endloop
  endfacet
  facet normal 0.31848665025167805 -0.9479273461671339 0
    outer loop
      vertex 92.94049929585314 -109.55528378591926 0
      vertex 93.41362163468995 -109.39632313406693 82.3
      vertex 92.94049929585314 -109.55528378591926 82.3
    endloop
  endfacet
  facet normal 0.3653410243663983 -0.930873748644203 0
    outer loop
      vertex 93.41362163468995 -109.39632313406693 0
      vertex 93.87823231070969 -109.21397688082277 82.3
      vertex 93.41362163468995 -109.39632313406693 82.3
    endloop
  endfacet
  facet normal 0.41128710313061145 -0.9115058523116731 0
    outer loop
      vertex 93.87823231070969 -109.21397688082277 0
      vertex 94.33317622856676 -109.0086983677032 82.3
      vertex 93.87823231070969 -109.21397688082277 82.3
    endloop
  endfacet
  facet normal 0.4562106573531503 -0.889871808811475 0
    outer loop
      vertex 94.33317622856676 -109.0086983677032 0
      vertex 94.77732232599939 -108.78099794943599 82.3
      vertex 94.33317622856676 -109.0086983677032 82.3
    endloop
  endfacet
  facet normal 0.4999999999999983 -0.8660254037844396 0
    outer loop
      vertex 94.77732232599939 -108.78099794943599 0
      vertex 95.20956638582877 -108.53144172513788 82.3
      vertex 94.77732232599939 -108.78099794943599 82.3
    endloop
  endfacet
  facet normal 0.5425462638657654 -0.8400259231507675 0
    outer loop
      vertex 95.20956638582877 -108.53144172513788 0
      vertex 95.62883378121685 -108.2606501309031 82.3
      vertex 95.20956638582877 -108.53144172513788 82.3
    endloop
  endfacet
  facet normal 0.583743672234794 -0.8119380057158536 0
    outer loop
      vertex 95.62883378121685 -108.2606501309031 0
      vertex 96.03408214735802 -107.96929639730145 82.3
      vertex 95.62883378121685 -108.2606501309031 82.3
    endloop
  endfacet
  facet normal 0.6234898018587357 -0.7818314824680281 0
    outer loop
      vertex 96.03408214735802 -107.96929639730145 0
      vertex 96.42430397296225 -107.65810487562096 82.3
      vertex 96.03408214735802 -107.96929639730145 82.3
    endloop
  endfacet
  facet normal 0.6616858375968591 -0.7497812029677344 0
    outer loop
      vertex 96.42430397296225 -107.65810487562096 0
      vertex 96.7985291050869 -107.32784923701655 82.3
      vertex 96.42430397296225 -107.65810487562096 82.3
    endloop
  endfacet
  facet normal 0.6982368180860703 -0.715866849259721 0
    outer loop
      vertex 96.7985291050869 -107.32784923701655 0
      vertex 97.15582716108977 -106.97935054904158 82.3
      vertex 96.7985291050869 -107.32784923701655 82.3
    endloop
  endfacet
  facet normal 0.7330518718298217 -0.6801727377709244 0
    outer loop
      vertex 97.15582716108977 -106.97935054904158 0
      vertex 97.49530984170701 -106.61347523434456 82.3
      vertex 97.15582716108977 -106.97935054904158 82.3
    endloop
  endfacet
  facet normal 0.7660444431189857 -0.6427876096865304 0
    outer loop
      vertex 97.49530984170701 -106.61347523434456 0
      vertex 97.81613313950497 -106.23113291660592 82.3
      vertex 97.49530984170701 -106.61347523434456 82.3
    endloop
  endfacet
  facet normal 0.7971325072229222 -0.6038044103254779 0
    outer loop
      vertex 97.81613313950497 -106.23113291660592 0
      vertex 98.11749943721571 -105.83327415907024 82.3
      vertex 97.81613313950497 -106.23113291660592 82.3
    endloop
  endfacet
  facet normal 0.8262387743159902 -0.5633200580636288 0
    outer loop
      vertex 98.11749943721571 -105.83327415907024 0
      vertex 98.39865949073922 -105.42088810129624 82.3
      vertex 98.11749943721571 -105.83327415907024 82.3
    endloop
  endfacet
  facet normal 0.8532908816321583 -0.5214352033794938 0
    outer loop
      vertex 98.39865949073922 -105.42088810129624 0
      vertex 98.65891429188223 -104.99499999999999 82.3
      vertex 98.39865949073922 -105.42088810129624 82.3
    endloop
  endfacet
  facet normal 0.8782215733702282 -0.4782539786213188 0
    outer loop
      vertex 98.65891429188223 -104.99499999999999 0
      vertex 98.89761680620279 -104.55666868010516 82.3
      vertex 98.65891429188223 -104.99499999999999 82.3
    endloop
  endfacet
  facet normal 0.9009688679024139 -0.4338837391175687 0
    outer loop
      vertex 98.89761680620279 -104.55666868010516 0
      vertex 99.11417358163985 -104.10698390233742 82.3
      vertex 98.89761680620279 -104.55666868010516 82.3
    endloop
  endfacet
  facet normal 0.9214762118704168 -0.38843479627467287 0
    outer loop
      vertex 99.11417358163985 -104.10698390233742 0
      vertex 99.30804622392847 -103.64706365390761 82.3
      vertex 99.11417358163985 -104.10698390233742 82.3
    endloop
  endfacet
  facet normal 0.9396926207859014 -0.34202014332568775 0
    outer loop
      vertex 99.30804622392847 -103.64706365390761 0
      vertex 99.47875273513299 -103.17805136901936 82.3
      vertex 99.30804622392847 -103.64706365390761 82.3
    endloop
  endfacet
  facet normal 0.9555728057861418 -0.29475517441090116 0
    outer loop
      vertex 99.47875273513299 -103.17805136901936 0
      vertex 99.62586871196962 -102.70111308611148 82.3
      vertex 99.47875273513299 -103.17805136901936 82.3
    endloop
  endfacet
  facet normal 0.9690772862290787 -0.24675739769029076 0
    outer loop
      vertex 99.62586871196962 -102.70111308611148 0
      vertex 99.74902840094005 -102.2174345489027 82.3
      vertex 99.62586871196962 -102.70111308611148 82.3
    endloop
  endfacet
  facet normal 0.9801724878485425 -0.19814614319940352 0
    outer loop
      vertex 99.74902840094005 -102.2174345489027 0
      vertex 99.8479256076522 -101.72821825844596 82.3
      vertex 99.74902840094005 -102.2174345489027 82.3
    endloop
  endfacet
  facet normal 0.9888308262251295 -0.1490422661761678 0
    outer loop
      vertex 99.8479256076522 -101.72821825844596 0
      vertex 99.92231445806772 -101.23468048352132 82.3
      vertex 99.8479256076522 -101.72821825844596 82.3
    endloop
  endfacet
  facet normal 0.9950307753654024 -0.0995678465958058 0
    outer loop
      vertex 99.92231445806772 -101.23468048352132 0
      vertex 99.9720100097836 -100.7380482368001 82.3
      vertex 99.92231445806772 -101.23468048352132 82.3
    endloop
  endfacet
  facet normal 0.998756921218922 -0.04984588566070249 0
    outer loop
      vertex 99.9720100097836 -100.7380482368001 0
      vertex 99.99688871182816 -100.2395562242981 82.3
      vertex 99.9720100097836 -100.7380482368001 82.3
    endloop
  endfacet
  facet normal 1 0 0
    outer loop
      vertex 99.99688871182816 -100.2395562242981 0
      vertex 99.99688871182816 -99.99499999999999 82.3
      vertex 99.99688871182816 -100.2395562242981 82.3
    endloop
  endfacet
  facet normal 0 1 0
    outer loop
      vertex 89.99499999999999 109.99688871182816 0
      vertex 89.99499999999999 109.99688871182816 82.3
      vertex 90.2395562242981 109.99688871182816 0
    endloop
  endfacet
  facet normal 0.04984588566070249 0.998756921218922 0
    outer loop
      vertex 90.2395562242981 109.99688871182816 0
      vertex 90.2395562242981 109.99688871182816 82.3
      vertex 90.7380482368001 109.9720100097836 0
    endloop
  endfacet
  facet normal 0.0995678465958058 0.9950307753654024 0
    outer loop
      vertex 90.7380482368001 109.9720100097836 0
      vertex 90.7380482368001 109.9720100097836 82.3
      vertex 91.23468048352132 109.92231445806772 0
    endloop
  endfacet
  facet normal 0.1490422661761678 0.9888308262251295 0
    outer loop
      vertex 91.23468048352132 109.92231445806772 0
      vertex 91.23468048352132 109.92231445806772 82.3
      vertex 91.72821825844596 109.8479256076522 0
    endloop
  endfacet
  facet normal 0.19814614319940352 0.9801724878485425 0
    outer loop
      vertex 91.72821825844596 109.8479256076522 0
      vertex 91.72821825844596 109.8479256076522 82.3
      vertex 92.2174345489027 109.74902840094005 0
    endloop
  endfacet
  facet normal 0.24675739769029076 0.9690772862290787 0
    outer loop
      vertex 92.2174345489027 109.74902840094005 0
      vertex 92.2174345489027 109.74902840094005 82.3
      vertex 92.70111308611148 109.62586871196962 0
    endloop
  endfacet
  facet normal 0.29475517441090116 0.9555728057861418 0
    outer loop
      vertex 92.70111308611148 109.62586871196962 0
      vertex 92.70111308611148 109.62586871196962 82.3
      vertex 93.17805136901936 109.47875273513299 0
    endloop
  endfacet
  facet normal 0.34202014332568775 0.9396926207859014 0
    outer loop
      vertex 93.17805136901936 109.47875273513299 0
      vertex 93.17805136901936 109.47875273513299 82.3
      vertex 93.64706365390761 109.30804622392847 0
    endloop
  endfacet
  facet normal 0.9996891820008164 0.024930691738070138 0
    outer loop
      vertex 99.99987530778472 99.99499999999999 0
      vertex 99.98755678140141 100.48895731546358 0
      vertex 99.98755678140141 100.48895731546358 82.3
    endloop
  endfacet
  facet normal 0.9972037971811804 0.07473009358642176 0
    outer loop
      vertex 99.98755678140141 100.48895731546358 0
      vertex 99.95025806140767 100.98667414442411 0
      vertex 99.95025806140767 100.98667414442411 82.3
    endloop
  endfacet
  facet normal 0.9922392066001706 0.12434370464749755 0
    outer loop
      vertex 99.95025806140767 100.98667414442411 0
      vertex 99.88819657051353 101.4819130844235 0
      vertex 99.88819657051353 101.4819130844235 82.3
    endloop
  endfacet
  facet normal 0.9848077530122117 0.1736481776669095 0
    outer loop
      vertex 99.88819657051353 101.4819130844235 0
      vertex 99.80152660336393 101.97344289342597 0
      vertex 99.80152660336393 101.97344289342597 82.3
    endloop
  endfacet
  facet normal 0.9626242469500081 0.2708404681430188 0
    outer loop
      vertex 99.55528378591926 102.94049929585314 0
      vertex 99.55528378591926 102.94049929585314 82.3
      vertex 99.69046363515307 102.46004155087984 0
    endloop
  endfacet
  facet normal 0.9749279121818208 0.22252093395632622 0
    outer loop
      vertex 99.80152660336393 101.97344289342597 0
      vertex 99.69046363515307 102.46004155087984 0
      vertex 99.69046363515307 102.46004155087984 82.3
    endloop
  endfacet
  facet normal 0.4338837391175687 0.9009688679024139 0
    outer loop
      vertex 94.10698390233742 109.11417358163985 0
      vertex 94.10698390233742 109.11417358163985 82.3
      vertex 94.55666868010516 108.89761680620279 0
    endloop
  endfacet
  facet normal 0.38843479627467287 0.9214762118704168 0
    outer loop
      vertex 93.64706365390761 109.30804622392847 0
      vertex 93.64706365390761 109.30804622392847 82.3
      vertex 94.10698390233742 109.11417358163985 0
    endloop
  endfacet
  facet normal 0.4782539786213188 0.8782215733702282 0
    outer loop
      vertex 94.55666868010516 108.89761680620279 0
      vertex 94.55666868010516 108.89761680620279 82.3
      vertex 94.99499999999999 108.65891429188223 0
    endloop
  endfacet
  facet normal 0.5214352033794938 0.8532908816321583 0
    outer loop
      vertex 94.99499999999999 108.65891429188223 0
      vertex 94.99499999999999 108.65891429188223 82.3
      vertex 95.42088810129624 108.39865949073922 0
    endloop
  endfacet
  facet normal 0.6038044103254779 0.7971325072229222 0
    outer loop
      vertex 95.83327415907024 108.11749943721571 0
      vertex 95.83327415907024 108.11749943721571 82.3
      vertex 96.23113291660592 107.81613313950497 0
    endloop
  endfacet
  facet normal 0.6801727377709244 0.7330518718298217 0
    outer loop
      vertex 96.61347523434456 107.49530984170701 0
      vertex 96.61347523434456 107.49530984170701 82.3
      vertex 96.97935054904158 107.15582716108977 0
    endloop
  endfacet
  facet normal 0.6427876096865304 0.7660444431189857 0
    outer loop
      vertex 96.23113291660592 107.81613313950497 0
      vertex 96.23113291660592 107.81613313950497 82.3
      vertex 96.61347523434456 107.49530984170701 0
    endloop
  endfacet
  facet normal 0.5633200580636288 0.8262387743159902 0
    outer loop
      vertex 95.83327415907024 108.11749943721571 0
      vertex 95.42088810129624 108.39865949073922 0
      vertex 95.42088810129624 108.39865949073922 82.3
    endloop
  endfacet
  facet normal 0.8400259231507675 0.5425462638657654 0
    outer loop
      vertex 98.2606501309031 105.62883378121685 0
      vertex 98.2606501309031 105.62883378121685 82.3
      vertex 98.53144172513788 105.20956638582877 0
    endloop
  endfacet
  facet normal 0.7818314824680281 0.6234898018587357 0
    outer loop
      vertex 97.96929639730145 106.03408214735802 0
      vertex 97.65810487562096 106.42430397296225 0
      vertex 97.65810487562096 106.42430397296225 82.3
    endloop
  endfacet
  facet normal 0.8119380057158536 0.583743672234794 0
    outer loop
      vertex 98.2606501309031 105.62883378121685 0
      vertex 97.96929639730145 106.03408214735802 0
      vertex 97.96929639730145 106.03408214735802 82.3
    endloop
  endfacet
  facet normal 0.9115058523116731 0.41128710313061145 0
    outer loop
      vertex 99.21397688082277 103.87823231070969 0
      vertex 99.0086983677032 104.33317622856676 0
      vertex 99.0086983677032 104.33317622856676 82.3
    endloop
  endfacet
  facet normal 0.889871808811475 0.4562106573531503 0
    outer loop
      vertex 98.78099794943599 104.77732232599939 0
      vertex 98.78099794943599 104.77732232599939 82.3
      vertex 99.0086983677032 104.33317622856676 0
    endloop
  endfacet
  facet normal 0.9479273461671339 0.31848665025167805 0
    outer loop
      vertex 99.55528378591926 102.94049929585314 0
      vertex 99.39632313406693 103.41362163468995 0
      vertex 99.39632313406693 103.41362163468995 82.3
    endloop
  endfacet
  facet normal 0.930873748644203 0.3653410243663983 0
    outer loop
      vertex 99.21397688082277 103.87823231070969 0
      vertex 99.21397688082277 103.87823231070969 82.3
      vertex 99.39632313406693 103.41362163468995 0
    endloop
  endfacet
  facet normal 0.8660254037844396 0.4999999999999983 0
    outer loop
      vertex 98.78099794943599 104.77732232599939 0
      vertex 98.53144172513788 105.20956638582877 0
      vertex 98.53144172513788 105.20956638582877 82.3
    endloop
  endfacet
  facet normal 0.715866849259721 0.6982368180860703 0
    outer loop
      vertex 96.97935054904158 107.15582716108977 0
      vertex 96.97935054904158 107.15582716108977 82.3
      vertex 97.32784923701655 106.7985291050869 0
    endloop
  endfacet
  facet normal 0.7497812029677344 0.6616858375968591 0
    outer loop
      vertex 97.65810487562096 106.42430397296225 0
      vertex 97.32784923701655 106.7985291050869 0
      vertex 97.32784923701655 106.7985291050869 82.3
    endloop
  endfacet
  facet normal 0 1 0
    outer loop
      vertex 90.2395562242981 109.99688871182816 0
      vertex 89.99499999999999 109.99688871182816 82.3
      vertex 90.2395562242981 109.99688871182816 82.3
    endloop
  endfacet
  facet normal 0.04984588566070249 0.998756921218922 0
    outer loop
      vertex 90.7380482368001 109.9720100097836 0
      vertex 90.2395562242981 109.99688871182816 82.3
      vertex 90.7380482368001 109.9720100097836 82.3
    endloop
  endfacet
  facet normal 0.0995678465958058 0.9950307753654024 0
    outer loop
      vertex 91.23468048352132 109.92231445806772 0
      vertex 90.7380482368001 109.9720100097836 82.3
      vertex 91.23468048352132 109.92231445806772 82.3
    endloop
  endfacet
  facet normal 0.1490422661761678 0.9888308262251295 0
    outer loop
      vertex 91.72821825844596 109.8479256076522 0
      vertex 91.23468048352132 109.92231445806772 82.3
      vertex 91.72821825844596 109.8479256076522 82.3
    endloop
  endfacet
  facet normal 0.19814614319940352 0.9801724878485425 0
    outer loop
      vertex 92.2174345489027 109.74902840094005 0
      vertex 91.72821825844596 109.8479256076522 82.3
      vertex 92.2174345489027 109.74902840094005 82.3
    endloop
  endfacet
  facet normal 0.24675739769029076 0.9690772862290787 0
    outer loop
      vertex 92.70111308611148 109.62586871196962 0
      vertex 92.2174345489027 109.74902840094005 82.3
      vertex 92.70111308611148 109.62586871196962 82.3
    endloop
  endfacet
  facet normal 0.29475517441090116 0.9555728057861418 0
    outer loop
      vertex 93.17805136901936 109.47875273513299 0
      vertex 92.70111308611148 109.62586871196962 82.3
      vertex 93.17805136901936 109.47875273513299 82.3
    endloop
  endfacet
  facet normal 0.34202014332568775 0.9396926207859014 0
    outer loop
      vertex 93.64706365390761 109.30804622392847 0
      vertex 93.17805136901936 109.47875273513299 82.3
      vertex 93.64706365390761 109.30804622392847 82.3
    endloop
  endfacet
  facet normal 0.9996891820008164 0.024930691738070138 0
    outer loop
      vertex 99.99987530778472 99.99499999999999 0
      vertex 99.98755678140141 100.48895731546358 82.3
      vertex 99.99987530778472 99.99499999999999 82.3
    endloop
  endfacet
  facet normal 0.9972037971811804 0.07473009358642176 0
    outer loop
      vertex 99.98755678140141 100.48895731546358 0
      vertex 99.95025806140767 100.98667414442411 82.3
      vertex 99.98755678140141 100.48895731546358 82.3
    endloop
  endfacet
  facet normal 0.9922392066001706 0.12434370464749755 0
    outer loop
      vertex 99.95025806140767 100.98667414442411 0
      vertex 99.88819657051353 101.4819130844235 82.3
      vertex 99.95025806140767 100.98667414442411 82.3
    endloop
  endfacet
  facet normal 0.9848077530122117 0.1736481776669095 0
    outer loop
      vertex 99.88819657051353 101.4819130844235 0
      vertex 99.80152660336393 101.97344289342597 82.3
      vertex 99.88819657051353 101.4819130844235 82.3
    endloop
  endfacet
  facet normal 0.9749279121818208 0.22252093395632622 0
    outer loop
      vertex 99.80152660336393 101.97344289342597 0
      vertex 99.69046363515307 102.46004155087984 82.3
      vertex 99.80152660336393 101.97344289342597 82.3
    endloop
  endfacet
  facet normal 0.9479273461671339 0.31848665025167805 0
    outer loop
      vertex 99.55528378591926 102.94049929585314 0
      vertex 99.39632313406693 103.41362163468995 82.3
      vertex 99.55528378591926 102.94049929585314 82.3
    endloop
  endfacet
  facet normal 0.9626242469500081 0.2708404681430188 0
    outer loop
      vertex 99.69046363515307 102.46004155087984 0
      vertex 99.55528378591926 102.94049929585314 82.3
      vertex 99.69046363515307 102.46004155087984 82.3
    endloop
  endfacet
  facet normal 0.4338837391175687 0.9009688679024139 0
    outer loop
      vertex 94.55666868010516 108.89761680620279 0
      vertex 94.10698390233742 109.11417358163985 82.3
      vertex 94.55666868010516 108.89761680620279 82.3
    endloop
  endfacet
  facet normal 0.38843479627467287 0.9214762118704168 0
    outer loop
      vertex 94.10698390233742 109.11417358163985 0
      vertex 93.64706365390761 109.30804622392847 82.3
      vertex 94.10698390233742 109.11417358163985 82.3
    endloop
  endfacet
  facet normal 0.4782539786213188 0.8782215733702282 0
    outer loop
      vertex 94.99499999999999 108.65891429188223 0
      vertex 94.55666868010516 108.89761680620279 82.3
      vertex 94.99499999999999 108.65891429188223 82.3
    endloop
  endfacet
  facet normal 0.5214352033794938 0.8532908816321583 0
    outer loop
      vertex 95.42088810129624 108.39865949073922 0
      vertex 94.99499999999999 108.65891429188223 82.3
      vertex 95.42088810129624 108.39865949073922 82.3
    endloop
  endfacet
  facet normal 0.5633200580636288 0.8262387743159902 0
    outer loop
      vertex 95.83327415907024 108.11749943721571 0
      vertex 95.42088810129624 108.39865949073922 82.3
      vertex 95.83327415907024 108.11749943721571 82.3
    endloop
  endfacet
  facet normal 0.6801727377709244 0.7330518718298217 0
    outer loop
      vertex 96.97935054904158 107.15582716108977 0
      vertex 96.61347523434456 107.49530984170701 82.3
      vertex 96.97935054904158 107.15582716108977 82.3
    endloop
  endfacet
  facet normal 0.6038044103254779 0.7971325072229222 0
    outer loop
      vertex 96.23113291660592 107.81613313950497 0
      vertex 95.83327415907024 108.11749943721571 82.3
      vertex 96.23113291660592 107.81613313950497 82.3
    endloop
  endfacet
  facet normal 0.6427876096865304 0.7660444431189857 0
    outer loop
      vertex 96.61347523434456 107.49530984170701 0
      vertex 96.23113291660592 107.81613313950497 82.3
      vertex 96.61347523434456 107.49530984170701 82.3
    endloop
  endfacet
  facet normal 0.7497812029677344 0.6616858375968591 0
    outer loop
      vertex 97.65810487562096 106.42430397296225 0
      vertex 97.32784923701655 106.7985291050869 82.3
      vertex 97.65810487562096 106.42430397296225 82.3
    endloop
  endfacet
  facet normal 0.7818314824680281 0.6234898018587357 0
    outer loop
      vertex 97.96929639730145 106.03408214735802 0
      vertex 97.65810487562096 106.42430397296225 82.3
      vertex 97.96929639730145 106.03408214735802 82.3
    endloop
  endfacet
  facet normal 0.8119380057158536 0.583743672234794 0
    outer loop
      vertex 98.2606501309031 105.62883378121685 0
      vertex 97.96929639730145 106.03408214735802 82.3
      vertex 98.2606501309031 105.62883378121685 82.3
    endloop
  endfacet
  facet normal 0.9115058523116731 0.41128710313061145 0
    outer loop
      vertex 99.21397688082277 103.87823231070969 0
      vertex 99.0086983677032 104.33317622856676 82.3
      vertex 99.21397688082277 103.87823231070969 82.3
    endloop
  endfacet
  facet normal 0.889871808811475 0.4562106573531503 0
    outer loop
      vertex 99.0086983677032 104.33317622856676 0
      vertex 98.78099794943599 104.77732232599939 82.3
      vertex 99.0086983677032 104.33317622856676 82.3
    endloop
  endfacet
  facet normal 0.930873748644203 0.3653410243663983 0
    outer loop
      vertex 99.39632313406693 103.41362163468995 0
      vertex 99.21397688082277 103.87823231070969 82.3
      vertex 99.39632313406693 103.41362163468995 82.3
    endloop
  endfacet
  facet normal 0.8660254037844396 0.4999999999999983 0
    outer loop
      vertex 98.78099794943599 104.77732232599939 0
      vertex 98.53144172513788 105.20956638582877 82.3
      vertex 98.78099794943599 104.77732232599939 82.3
    endloop
  endfacet
  facet normal 0.8400259231507675 0.5425462638657654 0
    outer loop
      vertex 98.53144172513788 105.20956638582877 0
      vertex 98.2606501309031 105.62883378121685 82.3
      vertex 98.53144172513788 105.20956638582877 82.3
    endloop
  endfacet
  facet normal 0.715866849259721 0.6982368180860703 0
    outer loop
      vertex 97.32784923701655 106.7985291050869 0
      vertex 96.97935054904158 107.15582716108977 82.3
      vertex 97.32784923701655 106.7985291050869 82.3
    endloop
  endfacet
  facet normal 0 0 -1
    outer loop
      vertex -97.65810487562096 -106.42430397296225 0
      vertex -97.96929639730145 -106.03408214735802 0
      vertex -91.7832347028654 -100.24509996837324 0
    endloop
  endfacet
  facet normal 0 0 -1
    outer loop
      vertex -97.32784923701655 -106.7985291050869 0
      vertex -97.65810487562096 -106.42430397296225 0
      vertex -91.65098034270981 -100.71712196172324 0
    endloop
  endfacet
  facet normal 0 0 -1
    outer loop
      vertex -97.96929639730145 -106.03408214735802 0
      vertex -98.2606501309031 -105.62883378121685 0
      vertex -91.65098034270981 -99.28287803827676 0
    endloop
  endfacet
  facet normal 0 0 -1
    outer loop
      vertex -97.32784923701655 -106.7985291050869 0
      vertex -91.39628032326796 -101.13595829978689 0
      vertex -96.97935054904158 -107.15582716108977 0
    endloop
  endfacet
  facet normal 0 0 -1
    outer loop
      vertex -96.97935054904158 -107.15582716108977 0
      vertex -91.03802457980676 -101.4705458074188 0
      vertex -96.61347523434456 -107.49530984170701 0
    endloop
  endfacet
  facet normal 0 0 -1
    outer loop
      vertex -96.23113291660592 -107.81613313950497 0
      vertex -90.12283634405641 -101.79580378454297 0
      vertex -95.83327415907024 -108.11749943721571 0
    endloop
  endfacet
  facet normal 0 0 -1
    outer loop
      vertex -96.61347523434456 -107.49530984170701 0
      vertex -90.60278330190778 -101.69606965981387 0
      vertex -96.23113291660592 -107.81613313950497 0
    endloop
  endfacet
  facet normal 0 0 -1
    outer loop
      vertex -97.96929639730145 -106.03408214735802 0
      vertex -91.7832347028654 -99.75490003162676 0
      vertex -91.7832347028654 -100.24509996837324 0
    endloop
  endfacet
  facet normal 0 0 -1
    outer loop
      vertex -97.96929639730145 -106.03408214735802 0
      vertex -91.65098034270981 -99.28287803827676 0
      vertex -91.7832347028654 -99.75490003162676 0
    endloop
  endfacet
  facet normal 0 0 -1
    outer loop
      vertex -98.2606501309031 -105.62883378121685 0
      vertex -91.39628032326796 -98.86404170021311 0
      vertex -91.65098034270981 -99.28287803827676 0
    endloop
  endfacet
  facet normal 0 0 -1
    outer loop
      vertex -95.42088810129624 -108.39865949073922 0
      vertex -95.83327415907024 -108.11749943721571 0
      vertex -89.63377917650526 -101.76235135782818 0
    endloop
  endfacet
  facet normal 0 0 -1
    outer loop
      vertex -95.42088810129624 -108.39865949073922 0
      vertex -88.77140434220642 -101.31550473570063 0
      vertex -94.99499999999999 -108.65891429188223 0
    endloop
  endfacet
  facet normal 0 0 -1
    outer loop
      vertex -96.97935054904158 -107.15582716108977 0
      vertex -91.39628032326796 -101.13595829978689 0
      vertex -91.03802457980676 -101.4705458074188 0
    endloop
  endfacet
  facet normal 0 0 -1
    outer loop
      vertex -96.61347523434456 -107.49530984170701 0
      vertex -91.03802457980676 -101.4705458074188 0
      vertex -90.60278330190778 -101.69606965981387 0
    endloop
  endfacet
  facet normal 0 0 -1
    outer loop
      vertex -96.23113291660592 -107.81613313950497 0
      vertex -90.60278330190778 -101.69606965981387 0
      vertex -90.12283634405641 -101.79580378454297 0
    endloop
  endfacet
  facet normal 0 0 -1
    outer loop
      vertex -95.83327415907024 -108.11749943721571 0
      vertex -90.12283634405641 -101.79580378454297 0
      vertex -89.63377917650526 -101.76235135782818 0
    endloop
  endfacet
  facet normal 0 0 -1
    outer loop
      vertex -95.42088810129624 -108.39865949073922 0
      vertex -89.63377917650526 -101.76235135782818 0
      vertex -89.17188293208393 -101.59819339312428 0
    endloop
  endfacet
  facet normal 0 0 -1
    outer loop
      vertex -95.42088810129624 -108.39865949073922 0
      vertex -89.17188293208393 -101.59819339312428 0
      vertex -88.77140434220642 -101.31550473570063 0
    endloop
  endfacet
  facet normal 0 0 -1
    outer loop
      vertex -97.32784923701655 -106.7985291050869 0
      vertex -91.65098034270981 -100.71712196172324 0
      vertex -91.39628032326796 -101.13595829978689 0
    endloop
  endfacet
  facet normal 0 0 -1
    outer loop
      vertex -97.65810487562096 -106.42430397296225 0
      vertex -91.7832347028654 -100.24509996837324 0
      vertex -91.65098034270981 -100.71712196172324 0
    endloop
  endfacet
  facet normal 0 0 -1
    outer loop
      vertex -94.99499999999999 -108.65891429188223 0
      vertex -69.63377917650526 -81.76235135782818 0
      vertex -94.55666868010516 -108.89761680620279 0
    endloop
  endfacet
  facet normal 0 0 -1
    outer loop
      vertex -94.55666868010516 -108.89761680620279 0
      vertex -68.77140434220642 -81.31550473570063 0
      vertex -94.10698390233742 -109.11417358163985 0
    endloop
  endfacet
  facet normal 0 0 -1
    outer loop
      vertex -94.99499999999999 -108.65891429188223 0
      vertex -88.77140434220642 -101.31550473570063 0
      vertex -69.63377917650526 -81.76235135782818 0
    endloop
  endfacet
  facet normal 0 0 -1
    outer loop
      vertex -88.46204507181632 -100.93525111006377 0
      vertex -69.63377917650526 -81.76235135782818 0
      vertex -88.77140434220642 -101.31550473570063 0
    endloop
  endfacet
  facet normal 0 0 -1
    outer loop
      vertex -70.12283634405641 -81.79580378454297 0
      vertex -88.46204507181632 -100.93525111006377 0
      vertex -88.26674888277397 -100.48563418808264 0
    endloop
  endfacet
  facet normal 0 0 -1
    outer loop
      vertex -70.60278330190778 -81.69606965981387 0
      vertex -88.2 -100 0
      vertex -88.26674888277397 -99.51436581191736 0
    endloop
  endfacet
  facet normal 0 0 -1
    outer loop
      vertex -70.12283634405641 -81.79580378454297 0
      vertex -88.26674888277397 -100.48563418808264 0
      vertex -88.2 -100 0
    endloop
  endfacet
  facet normal 0 0 -1
    outer loop
      vertex -88.46204507181632 -99.06474888993623 0
      vertex -71.03802457980676 -81.4705458074188 0
      vertex -88.26674888277397 -99.51436581191736 0
    endloop
  endfacet
  facet normal 0 0 -1
    outer loop
      vertex -88.77140434220642 -98.68449526429937 0
      vertex -71.03802457980676 -81.4705458074188 0
      vertex -88.46204507181632 -99.06474888993623 0
    endloop
  endfacet
  facet normal 0 0 -1
    outer loop
      vertex -71.7832347028654 -80.24509996837324 0
      vertex -89.17188293208393 -98.40180660687572 0
      vertex -89.63377917650526 -98.23764864217182 0
    endloop
  endfacet
  facet normal 0 0 -1
    outer loop
      vertex -89.17188293208393 -98.40180660687572 0
      vertex -71.39628032326796 -81.13595829978689 0
      vertex -88.77140434220642 -98.68449526429937 0
    endloop
  endfacet
  facet normal 0 0 -1
    outer loop
      vertex -94.55666868010516 -108.89761680620279 0
      vertex -69.63377917650526 -81.76235135782818 0
      vertex -69.17188293208393 -81.59819339312428 0
    endloop
  endfacet
  facet normal 0 0 -1
    outer loop
      vertex -94.55666868010516 -108.89761680620279 0
      vertex -69.17188293208393 -81.59819339312428 0
      vertex -68.77140434220642 -81.31550473570063 0
    endloop
  endfacet
  facet normal 0 0 -1
    outer loop
      vertex -89.17188293208393 -98.40180660687572 0
      vertex -71.65098034270981 -80.71712196172324 0
      vertex -71.39628032326796 -81.13595829978689 0
    endloop
  endfacet
  facet normal 0 0 -1
    outer loop
      vertex -71.65098034270981 -80.71712196172324 0
      vertex -89.17188293208393 -98.40180660687572 0
      vertex -71.7832347028654 -80.24509996837324 0
    endloop
  endfacet
  facet normal 0 0 -1
    outer loop
      vertex -89.63377917650526 -98.23764864217182 0
      vertex -71.7832347028654 -79.75490003162676 0
      vertex -71.7832347028654 -80.24509996837324 0
    endloop
  endfacet
  facet normal 0 0 -1
    outer loop
      vertex -88.77140434220642 -98.68449526429937 0
      vertex -71.39628032326796 -81.13595829978689 0
      vertex -71.03802457980676 -81.4705458074188 0
    endloop
  endfacet
  facet normal 0 0 -1
    outer loop
      vertex -70.60278330190778 -81.69606965981387 0
      vertex -88.26674888277397 -99.51436581191736 0
      vertex -71.03802457980676 -81.4705458074188 0
    endloop
  endfacet
  facet normal 0 0 -1
    outer loop
      vertex -88.2 -100 0
      vertex -70.60278330190778 -81.69606965981387 0
      vertex -70.12283634405641 -81.79580378454297 0
    endloop
  endfacet
  facet normal 0 0 -1
    outer loop
      vertex -88.46204507181632 -100.93525111006377 0
      vertex -70.12283634405641 -81.79580378454297 0
      vertex -69.63377917650526 -81.76235135782818 0
    endloop
  endfacet
  facet normal 0 0 -1
    outer loop
      vertex -89.63377917650526 -98.23764864217182 0
      vertex -71.65098034270981 -79.28287803827676 0
      vertex -71.7832347028654 -79.75490003162676 0
    endloop
  endfacet
  facet normal 0 0 -1
    outer loop
      vertex -89.63377917650526 -98.23764864217182 0
      vertex -71.39628032326796 -78.86404170021311 0
      vertex -71.65098034270981 -79.28287803827676 0
    endloop
  endfacet
  facet normal 0 0 -1
    outer loop
      vertex -99.0086983677032 -104.33317622856676 0
      vertex -28.471565015306016 -28.94818203498206 0
      vertex -98.78099794943599 -104.77732232599939 0
    endloop
  endfacet
  facet normal 0 0 -1
    outer loop
      vertex -99.95025806140767 -100.98667414442411 0
      vertex -99.98755678140141 -100.48895731546358 0
      vertex -30.68598027523542 -27.915583240941693 0
    endloop
  endfacet
  facet normal 0 0 -1
    outer loop
      vertex -99.98755678140141 -100.48895731546358 0
      vertex -99.99987530778472 -99.99499999999999 0
      vertex -30.68598027523542 -27.915583240941693 0
    endloop
  endfacet
  facet normal 0 0 -1
    outer loop
      vertex -99.39632313406693 -103.41362163468995 0
      vertex -99.55528378591926 -102.94049929585314 0
      vertex -28.471565015306016 -28.94818203498206 0
    endloop
  endfacet
  facet normal 0 0 -1
    outer loop
      vertex -99.69046363515307 -102.46004155087984 0
      vertex -99.80152660336393 -101.97344289342597 0
      vertex -28.471565015306016 -28.94818203498206 0
    endloop
  endfacet
  facet normal 0 0 -1
    outer loop
      vertex -99.69046363515307 -102.46004155087984 0
      vertex -28.471565015306016 -28.94818203498206 0
      vertex -99.55528378591926 -102.94049929585314 0
    endloop
  endfacet
  facet normal 0 0 -1
    outer loop
      vertex -99.80152660336393 -101.97344289342597 0
      vertex -99.88819657051353 -101.4819130844235 0
      vertex -28.471565015306016 -28.94818203498206 0
    endloop
  endfacet
  facet normal 0 0 -1
    outer loop
      vertex -99.39632313406693 -103.41362163468995 0
      vertex -28.471565015306016 -28.94818203498206 0
      vertex -99.21397688082277 -103.87823231070969 0
    endloop
  endfacet
  facet normal 0 0 -1
    outer loop
      vertex -99.0086983677032 -104.33317622856676 0
      vertex -99.21397688082277 -103.87823231070969 0
      vertex -28.471565015306016 -28.94818203498206 0
    endloop
  endfacet
  facet normal 0 0 -1
    outer loop
      vertex -99.88819657051353 -101.4819130844235 0
      vertex -99.95025806140767 -100.98667414442411 0
      vertex -28.471565015306016 -28.94818203498206 0
    endloop
  endfacet
  facet normal 0 0 -1
    outer loop
      vertex -94.10698390233742 -109.11417358163985 0
      vertex -21.631189606246316 -31.57395614066074 0
      vertex -93.64706365390761 -109.30804622392847 0
    endloop
  endfacet
  facet normal 0 0 -1
    outer loop
      vertex -93.64706365390761 -109.30804622392847 0
      vertex -21.631189606246316 -31.57395614066074 0
      vertex -93.17805136901936 -109.47875273513299 0
    endloop
  endfacet
  facet normal 0 0 -1
    outer loop
      vertex -93.17805136901936 -109.47875273513299 0
      vertex -19.294614907189942 -32.28831871568232 0
      vertex -92.70111308611148 -109.62586871196962 0
    endloop
  endfacet
  facet normal 0 0 -1
    outer loop
      vertex -92.70111308611148 -109.62586871196962 0
      vertex -19.294614907189942 -32.28831871568232 0
      vertex -92.2174345489027 -109.74902840094005 0
    endloop
  endfacet
  facet normal 0 0 -1
    outer loop
      vertex -92.2174345489027 -109.74902840094005 0
      vertex -19.294614907189942 -32.28831871568232 0
      vertex -91.72821825844596 -109.8479256076522 0
    endloop
  endfacet
  facet normal 0 0 -1
    outer loop
      vertex -91.72821825844596 -109.8479256076522 0
      vertex -19.294614907189942 -32.28831871568232 0
      vertex -91.23468048352132 -109.92231445806772 0
    endloop
  endfacet
  facet normal 0 0 -1
    outer loop
      vertex -91.23468048352132 -109.92231445806772 0
      vertex -19.294614907189942 -32.28831871568232 0
      vertex -90.7380482368001 -109.9720100097836 0
    endloop
  endfacet
  facet normal 0 0 -1
    outer loop
      vertex -90.7380482368001 -109.9720100097836 0
      vertex -19.294614907189942 -32.28831871568232 0
      vertex -90.2395562242981 -109.99688871182816 0
    endloop
  endfacet
  facet normal 0 0 -1
    outer loop
      vertex -90.2395562242981 -109.99688871182816 0
      vertex -19.294614907189942 -32.28831871568232 0
      vertex -89.99499999999999 -109.99688871182816 0
    endloop
  endfacet
  facet normal 0 0 -1
    outer loop
      vertex -98.53144172513788 -105.20956638582877 0
      vertex -98.78099794943599 -104.77732232599939 0
      vertex -26.22246153911384 -29.902869819675118 0
    endloop
  endfacet
  facet normal 0 0 -1
    outer loop
      vertex -98.53144172513788 -105.20956638582877 0
      vertex -26.22246153911384 -29.902869819675118 0
      vertex -98.2606501309031 -105.62883378121685 0
    endloop
  endfacet
  facet normal 0 0 -1
    outer loop
      vertex -98.2606501309031 -105.62883378121685 0
      vertex -26.22246153911384 -29.902869819675118 0
      vertex -91.39628032326796 -98.86404170021311 0
    endloop
  endfacet
  facet normal 0 0 -1
    outer loop
      vertex -26.22246153911384 -29.902869819675118 0
      vertex -91.03802457980676 -98.5294541925812 0
      vertex -91.39628032326796 -98.86404170021311 0
    endloop
  endfacet
  facet normal 0 0 -1
    outer loop
      vertex -26.22246153911384 -29.902869819675118 0
      vertex -90.60278330190778 -98.30393034018613 0
      vertex -91.03802457980676 -98.5294541925812 0
    endloop
  endfacet
  facet normal 0 0 -1
    outer loop
      vertex -26.22246153911384 -29.902869819675118 0
      vertex -90.12283634405641 -98.20419621545703 0
      vertex -90.60278330190778 -98.30393034018613 0
    endloop
  endfacet
  facet normal 0 0 -1
    outer loop
      vertex -26.22246153911384 -29.902869819675118 0
      vertex -89.63377917650526 -98.23764864217182 0
      vertex -90.12283634405641 -98.20419621545703 0
    endloop
  endfacet
  facet normal 0 0 -1
    outer loop
      vertex -94.10698390233742 -109.11417358163985 0
      vertex -68.77140434220642 -81.31550473570063 0
      vertex -21.631189606246316 -31.57395614066074 0
    endloop
  endfacet
  facet normal 0 0 -1
    outer loop
      vertex -89.63377917650526 -98.23764864217182 0
      vertex -26.22246153911384 -29.902869819675118 0
      vertex -71.39628032326796 -78.86404170021311 0
    endloop
  endfacet
  facet normal 0 0 -1
    outer loop
      vertex -26.22246153911384 -29.902869819675118 0
      vertex -71.03802457980676 -78.5294541925812 0
      vertex -71.39628032326796 -78.86404170021311 0
    endloop
  endfacet
  facet normal 0 0 -1
    outer loop
      vertex -26.22246153911384 -29.902869819675118 0
      vertex -70.60278330190778 -78.30393034018613 0
      vertex -71.03802457980676 -78.5294541925812 0
    endloop
  endfacet
  facet normal 0 0 -1
    outer loop
      vertex -70.60278330190778 -78.30393034018613 0
      vertex -23.94141003279681 -30.778483455013586 0
      vertex -70.12283634405641 -78.20419621545703 0
    endloop
  endfacet
  facet normal 0 0 -1
    outer loop
      vertex -23.94141003279681 -30.778483455013586 0
      vertex -69.63377917650526 -78.23764864217182 0
      vertex -70.12283634405641 -78.20419621545703 0
    endloop
  endfacet
  facet normal 0 0 -1
    outer loop
      vertex -23.94141003279681 -30.778483455013586 0
      vertex -69.17188293208393 -78.40180660687572 0
      vertex -69.63377917650526 -78.23764864217182 0
    endloop
  endfacet
  facet normal 0 0 -1
    outer loop
      vertex -21.631189606246316 -31.57395614066074 0
      vertex -68.77140434220642 -78.68449526429937 0
      vertex -69.17188293208393 -78.40180660687572 0
    endloop
  endfacet
  facet normal 0 0 -1
    outer loop
      vertex -21.631189606246316 -31.57395614066074 0
      vertex -68.77140434220642 -81.31550473570063 0
      vertex -68.46204507181632 -80.93525111006377 0
    endloop
  endfacet
  facet normal 0 0 -1
    outer loop
      vertex -68.26674888277397 -80.48563418808264 0
      vertex -21.631189606246316 -31.57395614066074 0
      vertex -68.46204507181632 -80.93525111006377 0
    endloop
  endfacet
  facet normal 0 0 -1
    outer loop
      vertex -21.631189606246316 -31.57395614066074 0
      vertex -68.26674888277397 -80.48563418808264 0
      vertex -68.2 -80 0
    endloop
  endfacet
  facet normal 0 0 -1
    outer loop
      vertex -68.26674888277397 -79.51436581191736 0
      vertex -21.631189606246316 -31.57395614066074 0
      vertex -68.2 -80 0
    endloop
  endfacet
  facet normal 0 0 -1
    outer loop
      vertex -68.46204507181632 -79.06474888993623 0
      vertex -21.631189606246316 -31.57395614066074 0
      vertex -68.26674888277397 -79.51436581191736 0
    endloop
  endfacet
  facet normal 0 0 -1
    outer loop
      vertex -68.77140434220642 -78.68449526429937 0
      vertex -21.631189606246316 -31.57395614066074 0
      vertex -68.46204507181632 -79.06474888993623 0
    endloop
  endfacet
  facet normal 0 0 -1
    outer loop
      vertex -100 -99.99499999999999 0
      vertex -99.99688871182816 99.99499999999999 0
      vertex -99.99987530778472 -99.99499999999999 0
    endloop
  endfacet
  facet normal 0 0 -1
    outer loop
      vertex -99.99987530778472 -99.99499999999999 0
      vertex -63.94818203498206 6.528434984693984 0
      vertex -62.91558324094169 4.314019724764581 0
    endloop
  endfacet
  facet normal 0 0 -1
    outer loop
      vertex -99.99987530778472 -99.99499999999999 0
      vertex -64.90286981967512 8.77753846088616 0
      vertex -63.94818203498206 6.528434984693984 0
    endloop
  endfacet
  facet normal 0 0 -1
    outer loop
      vertex -99.99987530778472 -99.99499999999999 0
      vertex -67.92070083931975 18.06546730802326 0
      vertex -67.28831871568232 15.705385092810058 0
    endloop
  endfacet
  facet normal 0 0 -1
    outer loop
      vertex -99.99987530778472 -99.99499999999999 0
      vertex -65.77848345501359 11.05858996720319 0
      vertex -64.90286981967512 8.77753846088616 0
    endloop
  endfacet
  facet normal 0 0 -1
    outer loop
      vertex -99.99987530778472 -99.99499999999999 0
      vertex -66.57395614066074 13.368810393753684 0
      vertex -65.77848345501359 11.05858996720319 0
    endloop
  endfacet
  facet normal 0 0 -1
    outer loop
      vertex -99.99987530778472 -99.99499999999999 0
      vertex -67.28831871568232 15.705385092810058 0
      vertex -66.57395614066074 13.368810393753684 0
    endloop
  endfacet
  facet normal 0 0 -1
    outer loop
      vertex -99.99987530778472 -99.99499999999999 0
      vertex -68.4703320513664 20.446181642756848 0
      vertex -67.92070083931975 18.06546730802326 0
    endloop
  endfacet
  facet normal 0 0 -1
    outer loop
      vertex -99.99987530778472 -99.99499999999999 0
      vertex -68.93654271085457 22.844627563314877 0
      vertex -68.4703320513664 20.446181642756848 0
    endloop
  endfacet
  facet normal 0 0 -1
    outer loop
      vertex -99.99987530778472 -99.99499999999999 0
      vertex -69.31876481190993 25.257882932795418 0
      vertex -68.93654271085457 22.844627563314877 0
    endloop
  endfacet
  facet normal 0 0 -1
    outer loop
      vertex -99.99987530778472 -99.99499999999999 0
      vertex -69.8294835181877 30.11704683791123 0
      vertex -69.61653267577913 27.683007571264255 0
    endloop
  endfacet
  facet normal 0 0 -1
    outer loop
      vertex -99.99987530778472 -99.99499999999999 0
      vertex -69.61653267577913 27.683007571264255 0
      vertex -69.31876481190993 25.257882932795418 0
    endloop
  endfacet
  facet normal 0 0 -1
    outer loop
      vertex -99.99987530778472 -99.99499999999999 0
      vertex -69.9573578913367 32.55703523082493 0
      vertex -69.8294835181877 30.11704683791123 0
    endloop
  endfacet
  facet normal 0 0 -1
    outer loop
      vertex -99.99987530778472 -99.99499999999999 0
      vertex -70 35 0
      vertex -69.9573578913367 32.55703523082493 0
    endloop
  endfacet
  facet normal 0 0 -1
    outer loop
      vertex -99.99987530778472 -99.99499999999999 0
      vertex -69.9573578913367 37.44296476917507 0
      vertex -70 35 0
    endloop
  endfacet
  facet normal 0 0 -1
    outer loop
      vertex -99.99987530778472 -99.99499999999999 0
      vertex -52.020137783417596 -11.839142445120075 0
      vertex -50.35378602370558 -13.626085932129811 0
    endloop
  endfacet
  facet normal 0 0 -1
    outer loop
      vertex -99.99987530778472 -99.99499999999999 0
      vertex -50.35378602370558 -13.626085932129811 0
      vertex -48.62608593212981 -15.353786023705581 0
    endloop
  endfacet
  facet normal 0 0 -1
    outer loop
      vertex -99.99987530778472 -99.99499999999999 0
      vertex -46.839142445120075 -17.020137783417596 0
      vertex -44.99513267805775 -18.62311101832846 0
    endloop
  endfacet
  facet normal 0 0 -1
    outer loop
      vertex -99.99987530778472 -99.99499999999999 0
      vertex -44.99513267805775 -18.62311101832846 0
      vertex -43.09630327279608 -20.160752752470536 0
    endloop
  endfacet
  facet normal 0 0 -1
    outer loop
      vertex -99.99987530778472 -99.99499999999999 0
      vertex -48.62608593212981 -15.353786023705581 0
      vertex -46.839142445120075 -17.020137783417596 0
    endloop
  endfacet
  facet normal 0 0 -1
    outer loop
      vertex -99.99987530778472 -99.99499999999999 0
      vertex -59.363366730949814 -2.0943484963243435 0
      vertex -58.03263007885291 -4.143503242952285 0
    endloop
  endfacet
  facet normal 0 0 -1
    outer loop
      vertex -99.99987530778472 -99.99499999999999 0
      vertex -56.63118960624632 -6.144967660473121 0
      vertex -55.160752752470536 -8.096303272796078 0
    endloop
  endfacet
  facet normal 0 0 -1
    outer loop
      vertex -99.99987530778472 -99.99499999999999 0
      vertex -55.160752752470536 -8.096303272796078 0
      vertex -53.62311101832846 -9.99513267805775 0
    endloop
  endfacet
  facet normal 0 0 -1
    outer loop
      vertex -99.99987530778472 -99.99499999999999 0
      vertex -58.03263007885291 -4.143503242952285 0
      vertex -56.63118960624632 -6.144967660473121 0
    endloop
  endfacet
  facet normal 0 0 -1
    outer loop
      vertex -99.99987530778472 -99.99499999999999 0
      vertex -62.91558324094169 4.314019724764581 0
      vertex -61.80633150012489 2.136990604987645 0
    endloop
  endfacet
  facet normal 0 0 -1
    outer loop
      vertex -99.99987530778472 -99.99499999999999 0
      vertex -61.80633150012489 2.136990604987645 0
      vertex -60.6217782649107 0 0
    endloop
  endfacet
  facet normal 0 0 -1
    outer loop
      vertex -99.99987530778472 -99.99499999999999 0
      vertex -60.6217782649107 0 0
      vertex -59.363366730949814 -2.0943484963243435 0
    endloop
  endfacet
  facet normal 0 0 -1
    outer loop
      vertex -99.99987530778472 -99.99499999999999 0
      vertex -53.62311101832846 -9.99513267805775 0
      vertex -52.020137783417596 -11.839142445120075 0
    endloop
  endfacet
  facet normal 0 0 -1
    outer loop
      vertex -99.99987530778472 -99.99499999999999 0
      vertex -41.14496766047312 -21.631189606246323 0
      vertex -39.143503242952285 -23.03263007885291 0
    endloop
  endfacet
  facet normal 0 0 -1
    outer loop
      vertex -99.99987530778472 -99.99499999999999 0
      vertex -39.143503242952285 -23.03263007885291 0
      vertex -37.09434849632434 -24.363366730949814 0
    endloop
  endfacet
  facet normal 0 0 -1
    outer loop
      vertex -99.99987530778472 -99.99499999999999 0
      vertex -37.09434849632434 -24.363366730949814 0
      vertex -35 -25.621778264910702 0
    endloop
  endfacet
  facet normal 0 0 -1
    outer loop
      vertex -99.99987530778472 -99.99499999999999 0
      vertex -43.09630327279608 -20.160752752470536 0
      vertex -41.14496766047312 -21.631189606246323 0
    endloop
  endfacet
  facet normal 0 0 -1
    outer loop
      vertex -99.99987530778472 -99.99499999999999 0
      vertex -32.863009395012355 -26.80633150012489 0
      vertex -30.68598027523542 -27.915583240941693 0
    endloop
  endfacet
  facet normal 0 0 -1
    outer loop
      vertex -99.99987530778472 -99.99499999999999 0
      vertex -35 -25.621778264910702 0
      vertex -32.863009395012355 -26.80633150012489 0
    endloop
  endfacet
  facet normal 0 0 -1
    outer loop
      vertex -99.95025806140767 -100.98667414442411 0
      vertex -30.68598027523542 -27.915583240941693 0
      vertex -28.471565015306016 -28.94818203498206 0
    endloop
  endfacet
  facet normal 0 0 -1
    outer loop
      vertex -98.78099794943599 -104.77732232599939 0
      vertex -28.471565015306016 -28.94818203498206 0
      vertex -26.22246153911384 -29.902869819675118 0
    endloop
  endfacet
  facet normal -1 0 0
    outer loop
      vertex -100 -99.99499999999999 0
      vertex -100 -99.99499999999999 82.3
      vertex -100 99.99499999999999 0
    endloop
  endfacet
  facet normal 0 0 -1
    outer loop
      vertex -89.99499999999999 -110 0
      vertex -89.99499999999999 -109.99688871182816 0
      vertex 89.99499999999999 -110 0
    endloop
  endfacet
  facet normal 0 0 -1
    outer loop
      vertex -93.17805136901936 -109.47875273513299 0
      vertex -21.631189606246316 -31.57395614066074 0
      vertex -19.294614907189942 -32.28831871568232 0
    endloop
  endfacet
  facet normal 0 0 -1
    outer loop
      vertex -89.99499999999999 -109.99688871182816 0
      vertex -19.294614907189942 -32.28831871568232 0
      vertex -16.93453269197674 -32.92070083931975 0
    endloop
  endfacet
  facet normal 0 0 -1
    outer loop
      vertex -89.99499999999999 -109.99688871182816 0
      vertex -16.93453269197674 -32.92070083931975 0
      vertex -14.553818357243154 -33.4703320513664 0
    endloop
  endfacet
  facet normal 0 0 -1
    outer loop
      vertex -89.99499999999999 -109.99688871182816 0
      vertex -14.553818357243154 -33.4703320513664 0
      vertex -12.155372436685123 -33.93654271085457 0
    endloop
  endfacet
  facet normal 0 0 -1
    outer loop
      vertex -89.99499999999999 -109.99688871182816 0
      vertex -12.155372436685123 -33.93654271085457 0
      vertex -9.74211706720458 -34.31876481190993 0
    endloop
  endfacet
  facet normal 0 0 -1
    outer loop
      vertex -89.99499999999999 -109.99688871182816 0
      vertex -9.74211706720458 -34.31876481190993 0
      vertex -7.316992428735743 -34.616532675779126 0
    endloop
  endfacet
  facet normal 0 0 -1
    outer loop
      vertex -89.99499999999999 -109.99688871182816 0
      vertex -7.316992428735743 -34.616532675779126 0
      vertex 68.34901965729019 -79.28287803827676 0
    endloop
  endfacet
  facet normal 0 0 -1
    outer loop
      vertex -70.60278330190778 -78.30393034018613 0
      vertex -26.22246153911384 -29.902869819675118 0
      vertex -23.94141003279681 -30.778483455013586 0
    endloop
  endfacet
  facet normal 0 0 -1
    outer loop
      vertex -69.17188293208393 -78.40180660687572 0
      vertex -23.94141003279681 -30.778483455013586 0
      vertex -21.631189606246316 -31.57395614066074 0
    endloop
  endfacet
  facet normal 0 0 1
    outer loop
      vertex -98.53144172513788 -105.20956638582877 82.3
      vertex -98.2606501309031 -105.62883378121685 82.3
      vertex -98.78099794943599 -104.77732232599939 82.3
    endloop
  endfacet
  facet normal 0 0 1
    outer loop
      vertex -97.65810487562096 -106.42430397296225 82.3
      vertex -98.2606501309031 -105.62883378121685 82.3
      vertex -97.96929639730145 -106.03408214735802 82.3
    endloop
  endfacet
  facet normal 0 0 1
    outer loop
      vertex -97.32784923701655 -106.7985291050869 82.3
      vertex -96.97935054904158 -107.15582716108977 82.3
      vertex -97.01675488434029 -105.2237104911522 82.3
    endloop
  endfacet
  facet normal 0 0 1
    outer loop
      vertex -96.97935054904158 -107.15582716108977 82.3
      vertex -96.95760374996381 -105.30041904566247 82.3
      vertex -97.01675488434029 -105.2237104911522 82.3
    endloop
  endfacet
  facet normal 0 0 1
    outer loop
      vertex -97.32784923701655 -106.7985291050869 82.3
      vertex -97.30445502007979 -104.81325535453624 82.3
      vertex -97.34716351059625 -104.7507961779448 82.3
    endloop
  endfacet
  facet normal 0 0 1
    outer loop
      vertex -96.97935054904158 -107.15582716108977 82.3
      vertex -96.81591569368761 -104.06248533008817 82.3
      vertex -96.95760374996381 -105.30041904566247 82.3
    endloop
  endfacet
  facet normal 0 0 1
    outer loop
      vertex -97.32784923701655 -106.7985291050869 82.3
      vertex -97.01675488434029 -105.2237104911522 82.3
      vertex -97.15373822815859 -102.52339570835541 82.3
    endloop
  endfacet
  facet normal 0 0 1
    outer loop
      vertex -97.65810487562096 -106.42430397296225 82.3
      vertex -97.72362970403667 -100.64113185370734 82.3
      vertex -98.2606501309031 -105.62883378121685 82.3
    endloop
  endfacet
  facet normal 0 0 1
    outer loop
      vertex -97.65810487562096 -106.42430397296225 82.3
      vertex -97.63292862499917 -103.81608385046547 82.3
      vertex -97.72362970403667 -100.64113185370734 82.3
    endloop
  endfacet
  facet normal 0 0 1
    outer loop
      vertex -97.32784923701655 -106.7985291050869 82.3
      vertex -97.47877254591836 -100.60692446546003 82.3
      vertex -97.65810487562096 -106.42430397296225 82.3
    endloop
  endfacet
  facet normal 0 0 1
    outer loop
      vertex -97.32784923701655 -106.7985291050869 82.3
      vertex -97.34716351059625 -104.7507961779448 82.3
      vertex -97.47877254591836 -100.60692446546003 82.3
    endloop
  endfacet
  facet normal 0 0 1
    outer loop
      vertex -97.32784923701655 -106.7985291050869 82.3
      vertex -97.15373822815859 -102.52339570835541 82.3
      vertex -97.30445502007979 -104.81325535453624 82.3
    endloop
  endfacet
  facet normal 0 0 1
    outer loop
      vertex -97.65810487562096 -106.42430397296225 82.3
      vertex -97.5032801431482 -99.7490466365924 82.3
      vertex -97.63292862499917 -103.81608385046547 82.3
    endloop
  endfacet
  facet normal 0 0 1
    outer loop
      vertex -97.01675488434029 -105.2237104911522 82.3
      vertex -97.0788987007808 -102.0136787469874 82.3
      vertex -97.15373822815859 -102.52339570835541 82.3
    endloop
  endfacet
  facet normal 0 0 1
    outer loop
      vertex -96.97935054904158 -107.15582716108977 82.3
      vertex -96.61347523434456 -107.49530984170701 82.3
      vertex -96.64499240118458 -105.68744057385386 82.3
    endloop
  endfacet
  facet normal 0 0 1
    outer loop
      vertex -96.61347523434456 -107.49530984170701 82.3
      vertex -96.23113291660592 -107.81613313950497 82.3
      vertex -96.31363989955715 -106.05322470937942 82.3
    endloop
  endfacet
  facet normal 0 0 1
    outer loop
      vertex -96.23113291660592 -107.81613313950497 82.3
      vertex -96.11107447945369 -105.82436813090959 82.3
      vertex -96.23123853375603 -106.1380137103305 82.3
    endloop
  endfacet
  facet normal 0 0 1
    outer loop
      vertex -96.23113291660592 -107.81613313950497 82.3
      vertex -96.23123853375603 -106.1380137103305 82.3
      vertex -96.31363989955715 -106.05322470937942 82.3
    endloop
  endfacet
  facet normal 0 0 1
    outer loop
      vertex -96.23113291660592 -107.81613313950497 82.3
      vertex -95.83327415907024 -108.11749943721571 82.3
      vertex -95.87688319325818 -106.47802943905094 82.3
    endloop
  endfacet
  facet normal 0 0 1
    outer loop
      vertex -95.42088810129624 -108.39865949073922 82.3
      vertex -95.50624729290288 -106.79579614993783 82.3
      vertex -95.83327415907024 -108.11749943721571 82.3
    endloop
  endfacet
  facet normal 0 0 1
    outer loop
      vertex -96.23113291660592 -107.81613313950497 82.3
      vertex -95.87688319325818 -106.47802943905094 82.3
      vertex -96.11107447945369 -105.82436813090959 82.3
    endloop
  endfacet
  facet normal 0 0 1
    outer loop
      vertex -95.83327415907024 -108.11749943721571 82.3
      vertex -95.75036257944868 -105.90112541355357 82.3
      vertex -95.87688319325818 -106.47802943905094 82.3
    endloop
  endfacet
  facet normal 0 0 1
    outer loop
      vertex -95.83327415907024 -108.11749943721571 82.3
      vertex -95.50624729290288 -106.79579614993783 82.3
      vertex -95.75036257944868 -105.90112541355357 82.3
    endloop
  endfacet
  facet normal 0 0 1
    outer loop
      vertex -95.42088810129624 -108.39865949073922 82.3
      vertex -95.38024193361576 -105.63142080185531 82.3
      vertex -95.50624729290288 -106.79579614993783 82.3
    endloop
  endfacet
  facet normal 0 0 1
    outer loop
      vertex -94.99499999999999 -108.65891429188223 82.3
      vertex -94.55666868010516 -108.89761680620279 82.3
      vertex -94.60090986627733 -107.44007813558743 82.3
    endloop
  endfacet
  facet normal 0 0 1
    outer loop
      vertex -94.55666868010516 -108.89761680620279 82.3
      vertex -94.10698390233742 -109.11417358163985 82.3
      vertex -94.18240298638504 -107.68284418441864 82.3
    endloop
  endfacet
  facet normal 0 0 1
    outer loop
      vertex -94.10698390233742 -109.11417358163985 82.3
      vertex -93.64706365390761 -109.30804622392847 82.3
      vertex -93.75243567611291 -107.90148239531462 82.3
    endloop
  endfacet
  facet normal 0 0 1
    outer loop
      vertex -95.42088810129624 -108.39865949073922 82.3
      vertex -94.99499999999999 -108.65891429188223 82.3
      vertex -95.12055892282659 -107.0908803014042 82.3
    endloop
  endfacet
  facet normal 0 0 1
    outer loop
      vertex -94.99499999999999 -108.65891429188223 82.3
      vertex -95.00672775633426 -107.17358348487335 82.3
      vertex -95.12055892282659 -107.0908803014042 82.3
    endloop
  endfacet
  facet normal 0 0 1
    outer loop
      vertex -94.99499999999999 -108.65891429188223 82.3
      vertex -94.87900524395482 -107.26135708842322 82.3
      vertex -95.00672775633426 -107.17358348487335 82.3
    endloop
  endfacet
  facet normal 0 0 1
    outer loop
      vertex -94.55666868010516 -108.89761680620279 82.3
      vertex -94.46634117670267 -107.52249691394307 82.3
      vertex -94.60090986627733 -107.44007813558743 82.3
    endloop
  endfacet
  facet normal 0 0 1
    outer loop
      vertex -94.99499999999999 -108.65891429188223 82.3
      vertex -94.60090986627733 -107.44007813558743 82.3
      vertex -94.87900524395482 -107.26135708842322 82.3
    endloop
  endfacet
  facet normal 0 0 1
    outer loop
      vertex -95.42088810129624 -108.39865949073922 82.3
      vertex -95.12055892282659 -107.0908803014042 82.3
      vertex -95.38024193361576 -105.63142080185531 82.3
    endloop
  endfacet
  facet normal 0 0 1
    outer loop
      vertex -94.55666868010516 -108.89761680620279 82.3
      vertex -94.18240298638504 -107.68284418441864 82.3
      vertex -94.46634117670267 -107.52249691394307 82.3
    endloop
  endfacet
  facet normal 0 0 1
    outer loop
      vertex -94.10698390233742 -109.11417358163985 82.3
      vertex -93.75243567611291 -107.90148239531462 82.3
      vertex -94.04078572560205 -107.75971022109245 82.3
    endloop
  endfacet
  facet normal 0 0 1
    outer loop
      vertex -94.10698390233742 -109.11417358163985 82.3
      vertex -94.04078572560205 -107.75971022109245 82.3
      vertex -94.18240298638504 -107.68284418441864 82.3
    endloop
  endfacet
  facet normal 0 0 1
    outer loop
      vertex -94.60090986627733 -107.44007813558743 82.3
      vertex -94.46634117670267 -107.52249691394307 82.3
      vertex -94.51847778934092 -105.00509526830466 82.3
    endloop
  endfacet
  facet normal 0 0 1
    outer loop
      vertex -94.18240298638504 -107.68284418441864 82.3
      vertex -94.04078572560205 -107.75971022109245 82.3
      vertex -94.08333907822464 -105.3884170054278 82.3
    endloop
  endfacet
  facet normal 0 0 1
    outer loop
      vertex -96.61347523434456 -107.49530984170701 82.3
      vertex -96.31363989955715 -106.05322470937942 82.3
      vertex -96.51161010790909 -103.63685264965395 82.3
    endloop
  endfacet
  facet normal 0 0 1
    outer loop
      vertex -96.97935054904158 -107.15582716108977 82.3
      vertex -96.64499240118458 -105.68744057385386 82.3
      vertex -96.81591569368761 -104.06248533008817 82.3
    endloop
  endfacet
  facet normal 0 0 1
    outer loop
      vertex -96.61347523434456 -107.49530984170701 82.3
      vertex -96.51161010790909 -103.63685264965395 82.3
      vertex -96.64499240118458 -105.68744057385386 82.3
    endloop
  endfacet
  facet normal 0 0 1
    outer loop
      vertex -96.11107447945369 -105.82436813090959 82.3
      vertex -95.87688319325818 -106.47802943905094 82.3
      vertex -96.09820372573382 -105.61084280523032 82.3
    endloop
  endfacet
  facet normal 0 0 1
    outer loop
      vertex -95.50624729290288 -106.79579614993783 82.3
      vertex -95.73003142202124 -105.35763740622319 82.3
      vertex -95.75036257944868 -105.90112541355357 82.3
    endloop
  endfacet
  facet normal 0 0 1
    outer loop
      vertex -96.64499240118458 -105.68744057385386 82.3
      vertex -96.77373909309198 -103.26420614643816 82.3
      vertex -96.81591569368761 -104.06248533008817 82.3
    endloop
  endfacet
  facet normal 0 0 1
    outer loop
      vertex -96.31363989955715 -106.05322470937942 82.3
      vertex -96.44648495641854 -103.21475380346939 82.3
      vertex -96.51161010790909 -103.63685264965395 82.3
    endloop
  endfacet
  facet normal 0 0 1
    outer loop
      vertex -95.00672775633426 -107.17358348487335 82.3
      vertex -94.87900524395482 -107.26135708842322 82.3
      vertex -94.93887816508423 -104.58974663943869 82.3
    endloop
  endfacet
  facet normal 0 0 1
    outer loop
      vertex -94.60090986627733 -107.44007813558743 82.3
      vertex -94.51847778934092 -105.00509526830466 82.3
      vertex -94.59148833783698 -104.93735137927705 82.3
    endloop
  endfacet
  facet normal 0 0 1
    outer loop
      vertex -95.12055892282659 -107.0908803014042 82.3
      vertex -95.34316894681008 -104.31083029484837 82.3
      vertex -95.38024193361576 -105.63142080185531 82.3
    endloop
  endfacet
  facet normal 0 0 1
    outer loop
      vertex -95.00672775633426 -107.17358348487335 82.3
      vertex -94.93887816508423 -104.58974663943869 82.3
      vertex -95.01637037631357 -104.51029779964968 82.3
    endloop
  endfacet
  facet normal 0 0 1
    outer loop
      vertex -94.18240298638504 -107.68284418441864 82.3
      vertex -94.08333907822464 -105.3884170054278 82.3
      vertex -94.15213284347534 -105.33069218237864 82.3
    endloop
  endfacet
  facet normal 0 0 1
    outer loop
      vertex -99.95025806140767 -100.98667414442411 82.3
      vertex -99.99987530778472 -99.99499999999999 82.3
      vertex -99.98755678140141 -100.48895731546358 82.3
    endloop
  endfacet
  facet normal 0 0 1
    outer loop
      vertex -97.34716351059625 -104.7507961779448 82.3
      vertex -97.36096841227284 -103.28717645637 82.3
      vertex -97.47877254591836 -100.60692446546003 82.3
    endloop
  endfacet
  facet normal 0 0 1
    outer loop
      vertex -97.65810487562096 -106.42430397296225 82.3
      vertex -97.47877254591836 -100.60692446546003 82.3
      vertex -97.5032801431482 -99.7490466365924 82.3
    endloop
  endfacet
  facet normal 0 0 1
    outer loop
      vertex -97.63292862499917 -103.81608385046547 82.3
      vertex -97.5032801431482 -99.7490466365924 82.3
      vertex -97.61902817479805 -102.37601898651985 82.3
    endloop
  endfacet
  facet normal 0 0 1
    outer loop
      vertex -98.2606501309031 -105.62883378121685 82.3
      vertex -97.72362970403667 -100.64113185370734 82.3
      vertex -97.77626773254747 -95.99533901065058 82.3
    endloop
  endfacet
  facet normal 0 0 1
    outer loop
      vertex -93.64706365390761 -109.30804622392847 82.3
      vertex -93.17805136901936 -109.47875273513299 82.3
      vertex -93.31224523600225 -108.09562712548106 82.3
    endloop
  endfacet
  facet normal 0 0 1
    outer loop
      vertex -93.75243567611291 -107.90148239531462 82.3
      vertex -93.64706365390761 -109.30804622392847 82.3
      vertex -93.60352673413317 -107.972530536481 82.3
    endloop
  endfacet
  facet normal 0 0 1
    outer loop
      vertex -93.64706365390761 -109.30804622392847 82.3
      vertex -93.31224523600225 -108.09562712548106 82.3
      vertex -93.60352673413317 -107.972530536481 82.3
    endloop
  endfacet
  facet normal 0 0 1
    outer loop
      vertex -93.17805136901936 -109.47875273513299 82.3
      vertex -93.15575778173441 -108.160521521687 82.3
      vertex -93.31224523600225 -108.09562712548106 82.3
    endloop
  endfacet
  facet normal 0 0 1
    outer loop
      vertex -93.17805136901936 -109.47875273513299 82.3
      vertex -92.86307674543517 -108.26494990545302 82.3
      vertex -93.15575778173441 -108.160521521687 82.3
    endloop
  endfacet
  facet normal 0 0 1
    outer loop
      vertex -92.70111308611148 -109.62586871196962 82.3
      vertex -92.2174345489027 -109.74902840094005 82.3
      vertex -92.40618153587197 -108.40916216460232 82.3
    endloop
  endfacet
  facet normal 0 0 1
    outer loop
      vertex -93.17805136901936 -109.47875273513299 82.3
      vertex -92.70111308611148 -109.62586871196962 82.3
      vertex -92.86307674543517 -108.26494990545302 82.3
    endloop
  endfacet
  facet normal 0 0 1
    outer loop
      vertex -92.70111308611148 -109.62586871196962 82.3
      vertex -92.40618153587197 -108.40916216460232 82.3
      vertex -92.69867569416552 -108.32327813069762 82.3
    endloop
  endfacet
  facet normal 0 0 1
    outer loop
      vertex -92.70111308611148 -109.62586871196962 82.3
      vertex -92.69867569416552 -108.32327813069762 82.3
      vertex -92.86307674543517 -108.26494990545302 82.3
    endloop
  endfacet
  facet normal 0 0 1
    outer loop
      vertex -92.2174345489027 -109.74902840094005 82.3
      vertex -92.2404340414143 -107.90163519628138 82.3
      vertex -92.40618153587197 -108.40916216460232 82.3
    endloop
  endfacet
  facet normal 0 0 1
    outer loop
      vertex -93.31224523600225 -108.09562712548106 82.3
      vertex -93.15575778173441 -108.160521521687 82.3
      vertex -93.17456742181811 -106.06206154969219 82.3
    endloop
  endfacet
  facet normal 0 0 1
    outer loop
      vertex -93.75243567611291 -107.90148239531462 82.3
      vertex -93.60352673413317 -107.972530536481 82.3
      vertex -93.63488136376651 -105.74053497050467 82.3
    endloop
  endfacet
  facet normal 0 0 1
    outer loop
      vertex -93.31224523600225 -108.09562712548106 82.3
      vertex -93.17456742181811 -106.06206154969219 82.3
      vertex -93.23551087673518 -106.02051100567311 82.3
    endloop
  endfacet
  facet normal 0 0 1
    outer loop
      vertex -92.69867569416552 -108.32327813069762 82.3
      vertex -92.70389870078078 -106.35347640903204 82.3
      vertex -92.86307674543517 -108.26494990545302 82.3
    endloop
  endfacet
  facet normal 0 0 1
    outer loop
      vertex -92.86307674543517 -108.26494990545302 82.3
      vertex -92.70389870078078 -106.35347640903204 82.3
      vertex -92.7611266441413 -106.31850514081914 82.3
    endloop
  endfacet
  facet normal 0 0 1
    outer loop
      vertex -92.2174345489027 -109.74902840094005 82.3
      vertex -91.72821825844596 -109.8479256076522 82.3
      vertex -91.94281515428595 -108.5280171531894 82.3
    endloop
  endfacet
  facet normal 0 0 1
    outer loop
      vertex -91.72821825844596 -109.8479256076522 82.3
      vertex -91.23468048352132 -109.92231445806772 82.3
      vertex -91.47423484037192 -108.62131106690502 82.3
    endloop
  endfacet
  facet normal 0 0 1
    outer loop
      vertex -92.2174345489027 -109.74902840094005 82.3
      vertex -91.94281515428595 -108.5280171531894 82.3
      vertex -92.2404340414143 -107.90163519628138 82.3
    endloop
  endfacet
  facet normal 0 0 1
    outer loop
      vertex -91.72821825844596 -109.8479256076522 82.3
      vertex -91.76139185311459 -108.5702053343977 82.3
      vertex -91.94281515428595 -108.5280171531894 82.3
    endloop
  endfacet
  facet normal 0 0 1
    outer loop
      vertex -91.72821825844596 -109.8479256076522 82.3
      vertex -91.47423484037192 -108.62131106690502 82.3
      vertex -91.76139185311459 -108.5702053343977 82.3
    endloop
  endfacet
  facet normal 0 0 1
    outer loop
      vertex -91.23468048352132 -109.92231445806772 82.3
      vertex -90.7380482368001 -109.9720100097836 82.3
      vertex -90.80120787977556 -108.71188725817802 82.3
    endloop
  endfacet
  facet normal 0 0 1
    outer loop
      vertex -91.47423484037192 -108.62131106690502 82.3
      vertex -91.23468048352132 -109.92231445806772 82.3
      vertex -91.283578823616 -108.65430538918099 82.3
    endloop
  endfacet
  facet normal 0 0 1
    outer loop
      vertex -91.23468048352132 -109.92231445806772 82.3
      vertex -90.80120787977556 -108.71188725817802 82.3
      vertex -91.07328200612166 -108.68066966035671 82.3
    endloop
  endfacet
  facet normal 0 0 1
    outer loop
      vertex -91.23468048352132 -109.92231445806772 82.3
      vertex -91.07328200612166 -108.68066966035671 82.3
      vertex -91.283578823616 -108.65430538918099 82.3
    endloop
  endfacet
  facet normal 0 0 1
    outer loop
      vertex -90.7380482368001 -109.9720100097836 82.3
      vertex -90.57959366934999 -108.7275771451803 82.3
      vertex -90.80120787977556 -108.71188725817802 82.3
    endloop
  endfacet
  facet normal 0 0 1
    outer loop
      vertex -92.2404340414143 -107.90163519628138 82.3
      vertex -91.94281515428595 -108.5280171531894 82.3
      vertex -92.22441042419301 -106.79602575586638 82.3
    endloop
  endfacet
  facet normal 0 0 1
    outer loop
      vertex -91.76139185311459 -108.5702053343977 82.3
      vertex -91.47423484037192 -108.62131106690502 82.3
      vertex -91.78450192093112 -106.93627169095498 82.3
    endloop
  endfacet
  facet normal 0 0 1
    outer loop
      vertex -91.283578823616 -108.65430538918099 82.3
      vertex -91.07328200612166 -108.68066966035671 82.3
      vertex -91.24525483489124 -107.04510160363624 82.3
    endloop
  endfacet
  facet normal 0 0 1
    outer loop
      vertex -91.283578823616 -108.65430538918099 82.3
      vertex -91.24525483489124 -107.04510160363624 82.3
      vertex -91.2919005674824 -107.02812394541752 82.3
    endloop
  endfacet
  facet normal 0 0 1
    outer loop
      vertex -90.80120787977556 -108.71188725817802 82.3
      vertex -90.57959366934999 -108.7275771451803 82.3
      vertex -90.74878132418985 -107.21862726314289 82.3
    endloop
  endfacet
  facet normal 0 0 1
    outer loop
      vertex -90.80120787977556 -108.71188725817802 82.3
      vertex -90.74878132418985 -107.21862726314289 82.3
      vertex -90.79199295441073 -107.2052982404612 82.3
    endloop
  endfacet
  facet normal 0 0 1
    outer loop
      vertex -93.75243567611291 -107.90148239531462 82.3
      vertex -93.63488136376651 -105.74053497050467 82.3
      vertex -93.69966773168593 -105.69146120381687 82.3
    endloop
  endfacet
  facet normal 0 0 1
    outer loop
      vertex -90.7380482368001 -109.9720100097836 82.3
      vertex -90.2395562242981 -109.99688871182816 82.3
      vertex -90.31541693954776 -108.74268331713887 82.3
    endloop
  endfacet
  facet normal 0 0 1
    outer loop
      vertex -90.7380482368001 -109.9720100097836 82.3
      vertex -90.31541693954776 -108.74268331713887 82.3
      vertex -90.57959366934999 -108.7275771451803 82.3
    endloop
  endfacet
  facet normal 0 0 1
    outer loop
      vertex -90.2395562242981 -109.99688871182816 82.3
      vertex -90.18512473187376 -108.74643168724666 82.3
      vertex -90.31541693954776 -108.74268331713887 82.3
    endloop
  endfacet
  facet normal 0 0 1
    outer loop
      vertex -90.2395562242981 -109.99688871182816 82.3
      vertex -89.99499999999999 -109.99688871182816 82.3
      vertex -90.18512473187376 -108.74643168724666 82.3
    endloop
  endfacet
  facet normal 0 0 1
    outer loop
      vertex -89.99499999999999 -109.99688871182816 82.3
      vertex -89.9569318756311 -108.74643168724666 82.3
      vertex -90.18512473187376 -108.74643168724666 82.3
    endloop
  endfacet
  facet normal 0 0 1
    outer loop
      vertex -89.99499999999999 -109.99688871182816 82.3
      vertex -89.7050001201305 -108.7438508068516 82.3
      vertex -89.9569318756311 -108.74643168724666 82.3
    endloop
  endfacet
  facet normal 0 0 1
    outer loop
      vertex -90.31541693954776 -108.74268331713887 82.3
      vertex -90.18512473187376 -108.74643168724666 82.3
      vertex -90.26484394966202 -108.22211559804029 82.3
    endloop
  endfacet
  facet normal 0 0 1
    outer loop
      vertex -89.99499999999999 -109.99688871182816 82.3
      vertex -89.26160165548333 -108.35445093757747 82.3
      vertex -89.7050001201305 -108.7438508068516 82.3
    endloop
  endfacet
  facet normal 0 0 1
    outer loop
      vertex -89.9569318756311 -108.74643168724666 82.3
      vertex -89.7050001201305 -108.7438508068516 82.3
      vertex -89.75013455555516 -107.48284882423296 82.3
    endloop
  endfacet
  facet normal 0 0 1
    outer loop
      vertex -89.99499999999999 -109.99688871182816 82.3
      vertex -88.76888377279369 -108.16602177668008 82.3
      vertex -89.26160165548333 -108.35445093757747 82.3
    endloop
  endfacet
  facet normal 0 0 1
    outer loop
      vertex -89.99499999999999 -109.99688871182816 82.3
      vertex -88.75618104217895 -108.61067536137277 82.3
      vertex -88.76888377279369 -108.16602177668008 82.3
    endloop
  endfacet
  facet normal 0 0 1
    outer loop
      vertex -89.26160165548333 -108.35445093757747 82.3
      vertex -88.76888377279369 -108.16602177668008 82.3
      vertex -89.25121867581015 -108.33119836528574 82.3
    endloop
  endfacet
  facet normal 0 0 1
    outer loop
      vertex -89.9569318756311 -108.74643168724666 82.3
      vertex -89.75013455555516 -107.48284882423296 82.3
      vertex -89.78644189081618 -107.47550913806445 82.3
    endloop
  endfacet
  facet normal 0 0 1
    outer loop
      vertex -88.26233341684973 -108.05806985997961 82.3
      vertex -85.88945271792585 -107.72342296686936 82.3
      vertex -87.79740977092237 -107.69872849710504 82.3
    endloop
  endfacet
  facet normal 0 0 1
    outer loop
      vertex -99.0086983677032 -104.33317622856676 82.3
      vertex -98.78099794943599 -104.77732232599939 82.3
      vertex -99.99688871182816 99.99499999999999 82.3
    endloop
  endfacet
  facet normal 0 0 1
    outer loop
      vertex -98.78099794943599 -104.77732232599939 82.3
      vertex -98.2606501309031 -105.62883378121685 82.3
      vertex -99.99688871182816 99.99499999999999 82.3
    endloop
  endfacet
  facet normal 0 0 1
    outer loop
      vertex -99.39632313406693 -103.41362163468995 82.3
      vertex -99.99688871182816 99.99499999999999 82.3
      vertex -99.55528378591926 -102.94049929585314 82.3
    endloop
  endfacet
  facet normal 0 0 1
    outer loop
      vertex -99.39632313406693 -103.41362163468995 82.3
      vertex -99.21397688082277 -103.87823231070969 82.3
      vertex -99.99688871182816 99.99499999999999 82.3
    endloop
  endfacet
  facet normal 0 0 1
    outer loop
      vertex -99.0086983677032 -104.33317622856676 82.3
      vertex -99.99688871182816 99.99499999999999 82.3
      vertex -99.21397688082277 -103.87823231070969 82.3
    endloop
  endfacet
  facet normal 0 0 1
    outer loop
      vertex -99.69046363515307 -102.46004155087984 82.3
      vertex -99.99688871182816 99.99499999999999 82.3
      vertex -99.80152660336393 -101.97344289342597 82.3
    endloop
  endfacet
  facet normal 0 0 1
    outer loop
      vertex -99.69046363515307 -102.46004155087984 82.3
      vertex -99.55528378591926 -102.94049929585314 82.3
      vertex -99.99688871182816 99.99499999999999 82.3
    endloop
  endfacet
  facet normal 0 0 1
    outer loop
      vertex -99.80152660336393 -101.97344289342597 82.3
      vertex -99.99688871182816 99.99499999999999 82.3
      vertex -99.88819657051353 -101.4819130844235 82.3
    endloop
  endfacet
  facet normal 0 0 1
    outer loop
      vertex -99.88819657051353 -101.4819130844235 82.3
      vertex -99.99688871182816 99.99499999999999 82.3
      vertex -99.95025806140767 -100.98667414442411 82.3
    endloop
  endfacet
  facet normal 0 0 1
    outer loop
      vertex -99.95025806140767 -100.98667414442411 82.3
      vertex -99.99688871182816 99.99499999999999 82.3
      vertex -99.99987530778472 -99.99499999999999 82.3
    endloop
  endfacet
  facet normal 0 0 1
    outer loop
      vertex -100 -99.99499999999999 82.3
      vertex -99.99987530778472 -99.99499999999999 82.3
      vertex -100 99.99499999999999 82.3
    endloop
  endfacet
  facet normal 0 0 1
    outer loop
      vertex -98.2606501309031 -105.62883378121685 82.3
      vertex -97.77626773254747 -95.99533901065058 82.3
      vertex -99.99688871182816 99.99499999999999 82.3
    endloop
  endfacet
  facet normal 0 0 1
    outer loop
      vertex -97.7 -95.85079558350154 82.3
      vertex -97.7 95.85079558350154 82.3
      vertex -97.77626773254747 -95.99533901065058 82.3
    endloop
  endfacet
  facet normal 0 -1 0
    outer loop
      vertex -89.99499999999999 -110 0
      vertex 89.99499999999999 -110 82.3
      vertex -89.99499999999999 -110 82.3
    endloop
  endfacet
  facet normal 0 0 1
    outer loop
      vertex -89.99499999999999 -110 82.3
      vertex 89.99499999999999 -109.99987530778472 82.3
      vertex -89.99499999999999 -109.99688871182816 82.3
    endloop
  endfacet
  facet normal 0 0 1
    outer loop
      vertex -89.99499999999999 -109.99688871182816 82.3
      vertex 89.99499999999999 -109.99987530778472 82.3
      vertex -88.75618104217895 -108.61067536137277 82.3
    endloop
  endfacet
  facet normal 0 0 1
    outer loop
      vertex -88.75618104217895 -108.61067536137277 82.3
      vertex 89.99499999999999 -109.99987530778472 82.3
      vertex -88.26233341684973 -108.05806985997961 82.3
    endloop
  endfacet
  facet normal 0 0 1
    outer loop
      vertex -85.8893602314299 -107.72337073734306 82.3
      vertex 85.84797602296851 -107.7 82.3
      vertex -85.84797602296851 -107.7 82.3
    endloop
  endfacet
  facet normal 0 0 1
    outer loop
      vertex -88.26233341684973 -108.05806985997961 82.3
      vertex 89.99499999999999 -109.99987530778472 82.3
      vertex -85.88945271792585 -107.72342296686936 82.3
    endloop
  endfacet
  facet normal 0 0 1
    outer loop
      vertex -85.8893602314299 -107.72337073734306 82.3
      vertex -85.88945271792585 -107.72342296686936 82.3
      vertex 89.99499999999999 -109.99987530778472 82.3
    endloop
  endfacet
  facet normal 0 0 -1
    outer loop
      vertex -99.99987530778472 -99.99499999999999 0
      vertex -68.26674888277397 79.51436581191736 0
      vertex -69.9573578913367 37.44296476917507 0
    endloop
  endfacet
  facet normal 0 0 -1
    outer loop
      vertex -99.99987530778472 -99.99499999999999 0
      vertex -90.12283634405641 98.20419621545703 0
      vertex -71.65098034270981 79.28287803827676 0
    endloop
  endfacet
  facet normal 0 0 -1
    outer loop
      vertex -99.99987530778472 -99.99499999999999 0
      vertex -70.60278330190778 78.30393034018613 0
      vertex -70.12283634405641 78.20419621545703 0
    endloop
  endfacet
  facet normal 0 0 -1
    outer loop
      vertex -99.99987530778472 -99.99499999999999 0
      vertex -70.12283634405641 78.20419621545703 0
      vertex -69.63377917650526 78.23764864217182 0
    endloop
  endfacet
  facet normal 0 0 -1
    outer loop
      vertex -99.99987530778472 -99.99499999999999 0
      vertex -71.65098034270981 79.28287803827676 0
      vertex -71.39628032326796 78.86404170021311 0
    endloop
  endfacet
  facet normal 0 0 -1
    outer loop
      vertex -99.99987530778472 -99.99499999999999 0
      vertex -71.39628032326796 78.86404170021311 0
      vertex -71.03802457980676 78.5294541925812 0
    endloop
  endfacet
  facet normal 0 0 -1
    outer loop
      vertex -99.99987530778472 -99.99499999999999 0
      vertex -71.03802457980676 78.5294541925812 0
      vertex -70.60278330190778 78.30393034018613 0
    endloop
  endfacet
  facet normal 0 0 -1
    outer loop
      vertex -99.99987530778472 -99.99499999999999 0
      vertex -69.63377917650526 78.23764864217182 0
      vertex -69.17188293208393 78.40180660687572 0
    endloop
  endfacet
  facet normal 0 0 -1
    outer loop
      vertex -99.99987530778472 -99.99499999999999 0
      vertex -69.17188293208393 78.40180660687572 0
      vertex -68.77140434220642 78.68449526429937 0
    endloop
  endfacet
  facet normal 0 0 -1
    outer loop
      vertex -99.99987530778472 -99.99499999999999 0
      vertex -68.77140434220642 78.68449526429937 0
      vertex -68.46204507181632 79.06474888993623 0
    endloop
  endfacet
  facet normal 0 0 -1
    outer loop
      vertex -99.99987530778472 -99.99499999999999 0
      vertex -68.46204507181632 79.06474888993623 0
      vertex -68.26674888277397 79.51436581191736 0
    endloop
  endfacet
  facet normal 0 0 -1
    outer loop
      vertex -100 -99.99499999999999 0
      vertex -100 99.99499999999999 0
      vertex -99.99688871182816 99.99499999999999 0
    endloop
  endfacet
  facet normal 0 0 -1
    outer loop
      vertex -99.99987530778472 -99.99499999999999 0
      vertex -99.99688871182816 99.99499999999999 0
      vertex -99.9720100097836 100.7380482368001 0
    endloop
  endfacet
  facet normal 0 0 -1
    outer loop
      vertex -99.99987530778472 -99.99499999999999 0
      vertex -99.9720100097836 100.7380482368001 0
      vertex -99.92231445806772 101.23468048352132 0
    endloop
  endfacet
  facet normal 0 0 -1
    outer loop
      vertex -99.99987530778472 -99.99499999999999 0
      vertex -99.92231445806772 101.23468048352132 0
      vertex -99.8479256076522 101.72821825844596 0
    endloop
  endfacet
  facet normal 0 0 -1
    outer loop
      vertex -99.99987530778472 -99.99499999999999 0
      vertex -91.39628032326796 98.86404170021311 0
      vertex -91.03802457980676 98.5294541925812 0
    endloop
  endfacet
  facet normal 0 0 -1
    outer loop
      vertex -99.99987530778472 -99.99499999999999 0
      vertex -91.03802457980676 98.5294541925812 0
      vertex -90.60278330190778 98.30393034018613 0
    endloop
  endfacet
  facet normal 0 0 -1
    outer loop
      vertex -99.99987530778472 -99.99499999999999 0
      vertex -91.65098034270981 99.28287803827676 0
      vertex -91.39628032326796 98.86404170021311 0
    endloop
  endfacet
  facet normal 0 0 -1
    outer loop
      vertex -99.99987530778472 -99.99499999999999 0
      vertex -91.7832347028654 99.75490003162676 0
      vertex -91.65098034270981 99.28287803827676 0
    endloop
  endfacet
  facet normal 0 0 -1
    outer loop
      vertex -99.99987530778472 -99.99499999999999 0
      vertex -91.7832347028654 100.24509996837324 0
      vertex -91.7832347028654 99.75490003162676 0
    endloop
  endfacet
  facet normal 0 0 -1
    outer loop
      vertex -99.99987530778472 -99.99499999999999 0
      vertex -99.8479256076522 101.72821825844596 0
      vertex -99.74902840094005 102.2174345489027 0
    endloop
  endfacet
  facet normal 0 0 -1
    outer loop
      vertex -99.99987530778472 -99.99499999999999 0
      vertex -99.74902840094005 102.2174345489027 0
      vertex -99.62586871196962 102.70111308611148 0
    endloop
  endfacet
  facet normal 0 0 -1
    outer loop
      vertex -99.99987530778472 -99.99499999999999 0
      vertex -99.62586871196962 102.70111308611148 0
      vertex -99.47875273513299 103.17805136901936 0
    endloop
  endfacet
  facet normal 0 0 -1
    outer loop
      vertex -99.99987530778472 -99.99499999999999 0
      vertex -99.47875273513299 103.17805136901936 0
      vertex -99.30804622392847 103.64706365390761 0
    endloop
  endfacet
  facet normal 0 0 -1
    outer loop
      vertex -99.99987530778472 -99.99499999999999 0
      vertex -99.30804622392847 103.64706365390761 0
      vertex -99.11417358163985 104.10698390233742 0
    endloop
  endfacet
  facet normal 0 0 -1
    outer loop
      vertex -99.99987530778472 -99.99499999999999 0
      vertex -99.11417358163985 104.10698390233742 0
      vertex -98.89761680620279 104.55666868010516 0
    endloop
  endfacet
  facet normal 0 0 -1
    outer loop
      vertex -99.99987530778472 -99.99499999999999 0
      vertex -98.89761680620279 104.55666868010516 0
      vertex -98.65891429188223 104.99499999999999 0
    endloop
  endfacet
  facet normal 0 0 -1
    outer loop
      vertex -99.99987530778472 -99.99499999999999 0
      vertex -98.65891429188223 104.99499999999999 0
      vertex -98.39865949073922 105.42088810129624 0
    endloop
  endfacet
  facet normal 0 0 -1
    outer loop
      vertex -99.99987530778472 -99.99499999999999 0
      vertex -98.39865949073922 105.42088810129624 0
      vertex -98.11749943721571 105.83327415907024 0
    endloop
  endfacet
  facet normal 0 0 -1
    outer loop
      vertex -99.99987530778472 -99.99499999999999 0
      vertex -98.11749943721571 105.83327415907024 0
      vertex -97.81613313950497 106.23113291660592 0
    endloop
  endfacet
  facet normal 0 0 -1
    outer loop
      vertex -99.99987530778472 -99.99499999999999 0
      vertex -97.81613313950497 106.23113291660592 0
      vertex -97.49530984170701 106.61347523434456 0
    endloop
  endfacet
  facet normal 0 0 -1
    outer loop
      vertex -99.99987530778472 -99.99499999999999 0
      vertex -97.49530984170701 106.61347523434456 0
      vertex -97.15582716108977 106.97935054904158 0
    endloop
  endfacet
  facet normal 0 0 -1
    outer loop
      vertex -99.99987530778472 -99.99499999999999 0
      vertex -97.15582716108977 106.97935054904158 0
      vertex -96.7985291050869 107.32784923701655 0
    endloop
  endfacet
  facet normal 0 0 -1
    outer loop
      vertex -99.99987530778472 -99.99499999999999 0
      vertex -96.7985291050869 107.32784923701655 0
      vertex -96.42430397296225 107.65810487562096 0
    endloop
  endfacet
  facet normal 0 0 -1
    outer loop
      vertex -99.99987530778472 -99.99499999999999 0
      vertex -96.42430397296225 107.65810487562096 0
      vertex -96.03408214735802 107.96929639730145 0
    endloop
  endfacet
  facet normal 0 0 -1
    outer loop
      vertex -99.99987530778472 -99.99499999999999 0
      vertex -96.03408214735802 107.96929639730145 0
      vertex -95.62883378121685 108.2606501309031 0
    endloop
  endfacet
  facet normal 0 0 -1
    outer loop
      vertex -99.99987530778472 -99.99499999999999 0
      vertex -95.62883378121685 108.2606501309031 0
      vertex -95.20956638582877 108.53144172513788 0
    endloop
  endfacet
  facet normal 0 0 -1
    outer loop
      vertex -99.99987530778472 -99.99499999999999 0
      vertex -91.4819130844235 109.88819657051353 0
      vertex -91.7832347028654 100.24509996837324 0
    endloop
  endfacet
  facet normal 0 0 -1
    outer loop
      vertex -99.99987530778472 -99.99499999999999 0
      vertex -95.20956638582877 108.53144172513788 0
      vertex -94.77732232599939 108.78099794943599 0
    endloop
  endfacet
  facet normal 0 0 -1
    outer loop
      vertex -99.99987530778472 -99.99499999999999 0
      vertex -94.77732232599939 108.78099794943599 0
      vertex -94.33317622856676 109.0086983677032 0
    endloop
  endfacet
  facet normal 0 0 -1
    outer loop
      vertex -99.99987530778472 -99.99499999999999 0
      vertex -94.33317622856676 109.0086983677032 0
      vertex -93.87823231070969 109.21397688082277 0
    endloop
  endfacet
  facet normal 0 0 -1
    outer loop
      vertex -99.99987530778472 -99.99499999999999 0
      vertex -93.87823231070969 109.21397688082277 0
      vertex -93.41362163468995 109.39632313406693 0
    endloop
  endfacet
  facet normal 0 0 -1
    outer loop
      vertex -99.99987530778472 -99.99499999999999 0
      vertex -93.41362163468995 109.39632313406693 0
      vertex -92.94049929585314 109.55528378591926 0
    endloop
  endfacet
  facet normal 0 0 -1
    outer loop
      vertex -99.99987530778472 -99.99499999999999 0
      vertex -92.94049929585314 109.55528378591926 0
      vertex -92.46004155087984 109.69046363515307 0
    endloop
  endfacet
  facet normal 0 0 -1
    outer loop
      vertex -99.99987530778472 -99.99499999999999 0
      vertex -92.46004155087984 109.69046363515307 0
      vertex -91.97344289342597 109.80152660336393 0
    endloop
  endfacet
  facet normal 0 0 -1
    outer loop
      vertex -99.99987530778472 -99.99499999999999 0
      vertex -91.97344289342597 109.80152660336393 0
      vertex -91.4819130844235 109.88819657051353 0
    endloop
  endfacet
  facet normal 0 0 -1
    outer loop
      vertex -99.99987530778472 -99.99499999999999 0
      vertex -90.60278330190778 98.30393034018613 0
      vertex -90.12283634405641 98.20419621545703 0
    endloop
  endfacet
  facet normal 0 0 -1
    outer loop
      vertex -69.9573578913367 37.44296476917507 0
      vertex -68.26674888277397 79.51436581191736 0
      vertex -69.8294835181877 39.88295316208877 0
    endloop
  endfacet
  facet normal 0 0 -1
    outer loop
      vertex -69.8294835181877 39.88295316208877 0
      vertex -68.26674888277397 79.51436581191736 0
      vertex -69.61653267577913 42.316992428735745 0
    endloop
  endfacet
  facet normal 0 0 -1
    outer loop
      vertex -99.99688871182816 99.99499999999999 0
      vertex -99.99688871182816 100.2395562242981 0
      vertex -99.9720100097836 100.7380482368001 0
    endloop
  endfacet
  facet normal 0 0 -1
    outer loop
      vertex -91.4819130844235 109.88819657051353 0
      vertex -91.65098034270981 100.71712196172324 0
      vertex -91.7832347028654 100.24509996837324 0
    endloop
  endfacet
  facet normal 0 0 -1
    outer loop
      vertex -91.4819130844235 109.88819657051353 0
      vertex -91.39628032326796 101.13595829978689 0
      vertex -91.65098034270981 100.71712196172324 0
    endloop
  endfacet
  facet normal 0 0 -1
    outer loop
      vertex -90.98667414442411 109.95025806140767 0
      vertex -91.03802457980676 101.4705458074188 0
      vertex -91.39628032326796 101.13595829978689 0
    endloop
  endfacet
  facet normal 0 0 -1
    outer loop
      vertex -90.48895731546358 109.98755678140141 0
      vertex -90.60278330190778 101.69606965981387 0
      vertex -91.03802457980676 101.4705458074188 0
    endloop
  endfacet
  facet normal 0 0 -1
    outer loop
      vertex -91.4819130844235 109.88819657051353 0
      vertex -90.98667414442411 109.95025806140767 0
      vertex -91.39628032326796 101.13595829978689 0
    endloop
  endfacet
  facet normal 0 0 -1
    outer loop
      vertex -90.98667414442411 109.95025806140767 0
      vertex -90.48895731546358 109.98755678140141 0
      vertex -91.03802457980676 101.4705458074188 0
    endloop
  endfacet
  facet normal 0 0 -1
    outer loop
      vertex -89.99499999999999 109.99987530778472 0
      vertex -90.12283634405641 101.79580378454297 0
      vertex -90.60278330190778 101.69606965981387 0
    endloop
  endfacet
  facet normal 0 0 -1
    outer loop
      vertex -89.99499999999999 109.99987530778472 0
      vertex -89.63377917650526 101.76235135782818 0
      vertex -90.12283634405641 101.79580378454297 0
    endloop
  endfacet
  facet normal 0 0 -1
    outer loop
      vertex -89.99499999999999 109.99987530778472 0
      vertex -89.17188293208393 101.59819339312428 0
      vertex -89.63377917650526 101.76235135782818 0
    endloop
  endfacet
  facet normal 0 0 -1
    outer loop
      vertex -89.99499999999999 109.99987530778472 0
      vertex -88.77140434220642 101.31550473570063 0
      vertex -89.17188293208393 101.59819339312428 0
    endloop
  endfacet
  facet normal 0 0 -1
    outer loop
      vertex -89.99499999999999 109.99987530778472 0
      vertex -88.46204507181632 100.93525111006377 0
      vertex -88.77140434220642 101.31550473570063 0
    endloop
  endfacet
  facet normal 0 0 -1
    outer loop
      vertex -90.48895731546358 109.98755678140141 0
      vertex -89.99499999999999 109.99987530778472 0
      vertex -90.60278330190778 101.69606965981387 0
    endloop
  endfacet
  facet normal 0 0 -1
    outer loop
      vertex -90.12283634405641 98.20419621545703 0
      vertex -89.63377917650526 98.23764864217182 0
      vertex -71.7832347028654 80.24509996837324 0
    endloop
  endfacet
  facet normal 0 0 -1
    outer loop
      vertex -89.63377917650526 98.23764864217182 0
      vertex -89.17188293208393 98.40180660687572 0
      vertex -71.7832347028654 80.24509996837324 0
    endloop
  endfacet
  facet normal 0 0 -1
    outer loop
      vertex -89.17188293208393 98.40180660687572 0
      vertex -88.77140434220642 98.68449526429937 0
      vertex -71.65098034270981 80.71712196172324 0
    endloop
  endfacet
  facet normal 0 0 -1
    outer loop
      vertex -88.77140434220642 98.68449526429937 0
      vertex -88.46204507181632 99.06474888993623 0
      vertex -71.03802457980676 81.4705458074188 0
    endloop
  endfacet
  facet normal 0 0 -1
    outer loop
      vertex -88.26674888277397 99.51436581191736 0
      vertex -70.60278330190778 81.69606965981387 0
      vertex -88.46204507181632 99.06474888993623 0
    endloop
  endfacet
  facet normal 0 0 -1
    outer loop
      vertex -88.2 100 0
      vertex -70.12283634405641 81.79580378454297 0
      vertex -88.26674888277397 99.51436581191736 0
    endloop
  endfacet
  facet normal 0 0 -1
    outer loop
      vertex -88.26674888277397 100.48563418808264 0
      vertex -69.63377917650526 81.76235135782818 0
      vertex -88.2 100 0
    endloop
  endfacet
  facet normal 0 0 -1
    outer loop
      vertex -88.46204507181632 100.93525111006377 0
      vertex -69.17188293208393 81.59819339312428 0
      vertex -88.26674888277397 100.48563418808264 0
    endloop
  endfacet
  facet normal 0 0 -1
    outer loop
      vertex -90.12283634405641 98.20419621545703 0
      vertex -71.7832347028654 79.75490003162676 0
      vertex -71.65098034270981 79.28287803827676 0
    endloop
  endfacet
  facet normal 0 0 -1
    outer loop
      vertex -90.12283634405641 98.20419621545703 0
      vertex -71.7832347028654 80.24509996837324 0
      vertex -71.7832347028654 79.75490003162676 0
    endloop
  endfacet
  facet normal 0 0 -1
    outer loop
      vertex -71.7832347028654 80.24509996837324 0
      vertex -89.17188293208393 98.40180660687572 0
      vertex -71.65098034270981 80.71712196172324 0
    endloop
  endfacet
  facet normal 0 0 -1
    outer loop
      vertex -71.65098034270981 80.71712196172324 0
      vertex -88.77140434220642 98.68449526429937 0
      vertex -71.39628032326796 81.13595829978689 0
    endloop
  endfacet
  facet normal 0 0 -1
    outer loop
      vertex -88.77140434220642 98.68449526429937 0
      vertex -71.03802457980676 81.4705458074188 0
      vertex -71.39628032326796 81.13595829978689 0
    endloop
  endfacet
  facet normal 0 0 -1
    outer loop
      vertex -70.60278330190778 81.69606965981387 0
      vertex -71.03802457980676 81.4705458074188 0
      vertex -88.46204507181632 99.06474888993623 0
    endloop
  endfacet
  facet normal 0 0 -1
    outer loop
      vertex -70.12283634405641 81.79580378454297 0
      vertex -70.60278330190778 81.69606965981387 0
      vertex -88.26674888277397 99.51436581191736 0
    endloop
  endfacet
  facet normal 0 0 -1
    outer loop
      vertex -69.63377917650526 81.76235135782818 0
      vertex -70.12283634405641 81.79580378454297 0
      vertex -88.2 100 0
    endloop
  endfacet
  facet normal 0 0 -1
    outer loop
      vertex -69.17188293208393 81.59819339312428 0
      vertex -69.63377917650526 81.76235135782818 0
      vertex -88.26674888277397 100.48563418808264 0
    endloop
  endfacet
  facet normal 0 0 -1
    outer loop
      vertex -89.99499999999999 109.99987530778472 0
      vertex -68.77140434220642 81.31550473570063 0
      vertex -69.17188293208393 81.59819339312428 0
    endloop
  endfacet
  facet normal 0 0 -1
    outer loop
      vertex -89.99499999999999 109.99987530778472 0
      vertex -69.17188293208393 81.59819339312428 0
      vertex -88.46204507181632 100.93525111006377 0
    endloop
  endfacet
  facet normal 0 0 -1
    outer loop
      vertex -69.61653267577913 42.316992428735745 0
      vertex -68.26674888277397 79.51436581191736 0
      vertex -69.31876481190993 44.74211706720458 0
    endloop
  endfacet
  facet normal 0 0 -1
    outer loop
      vertex -69.31876481190993 44.74211706720458 0
      vertex -68.26674888277397 79.51436581191736 0
      vertex -68.93654271085457 47.15537243668513 0
    endloop
  endfacet
  facet normal 0 0 -1
    outer loop
      vertex -68.93654271085457 47.15537243668513 0
      vertex -68.26674888277397 79.51436581191736 0
      vertex -68.4703320513664 49.55381835724315 0
    endloop
  endfacet
  facet normal 0 0 -1
    outer loop
      vertex -68.4703320513664 49.55381835724315 0
      vertex -68.26674888277397 79.51436581191736 0
      vertex -67.92070083931975 51.93453269197674 0
    endloop
  endfacet
  facet normal 0 0 -1
    outer loop
      vertex -67.92070083931975 51.93453269197674 0
      vertex -68.26674888277397 79.51436581191736 0
      vertex -67.28831871568232 54.29461490718994 0
    endloop
  endfacet
  facet normal 0 0 -1
    outer loop
      vertex -67.28831871568232 54.29461490718994 0
      vertex -68.26674888277397 79.51436581191736 0
      vertex -66.57395614066074 56.631189606246316 0
    endloop
  endfacet
  facet normal 0 0 -1
    outer loop
      vertex -66.57395614066074 56.631189606246316 0
      vertex -68.26674888277397 79.51436581191736 0
      vertex -65.77848345501359 58.94141003279681 0
    endloop
  endfacet
  facet normal 0 0 -1
    outer loop
      vertex -65.77848345501359 58.94141003279681 0
      vertex -68.26674888277397 79.51436581191736 0
      vertex -64.90286981967512 61.22246153911384 0
    endloop
  endfacet
  facet normal 0 0 -1
    outer loop
      vertex -64.90286981967512 61.22246153911384 0
      vertex -68.26674888277397 79.51436581191736 0
      vertex -63.94818203498206 63.47156501530601 0
    endloop
  endfacet
  facet normal 0 0 -1
    outer loop
      vertex -63.94818203498206 63.47156501530601 0
      vertex -68.26674888277397 79.51436581191736 0
      vertex -62.91558324094169 65.68598027523542 0
    endloop
  endfacet
  facet normal 0 0 -1
    outer loop
      vertex -62.91558324094169 65.68598027523542 0
      vertex -68.26674888277397 79.51436581191736 0
      vertex -61.80633150012489 67.86300939501236 0
    endloop
  endfacet
  facet normal 0 0 -1
    outer loop
      vertex -61.80633150012489 67.86300939501236 0
      vertex -68.26674888277397 79.51436581191736 0
      vertex -60.6217782649107 70 0
    endloop
  endfacet
  facet normal 0 0 -1
    outer loop
      vertex -60.6217782649107 70 0
      vertex -68.26674888277397 79.51436581191736 0
      vertex -59.363366730949814 72.09434849632434 0
    endloop
  endfacet
  facet normal 0 0 -1
    outer loop
      vertex -68.2 80 0
      vertex -56.63118960624632 76.14496766047313 0
      vertex -68.26674888277397 79.51436581191736 0
    endloop
  endfacet
  facet normal 0 0 -1
    outer loop
      vertex -56.63118960624632 76.14496766047313 0
      vertex -68.2 80 0
      vertex -68.26674888277397 80.48563418808264 0
    endloop
  endfacet
  facet normal 0 0 -1
    outer loop
      vertex -68.46204507181632 80.93525111006377 0
      vertex -55.160752752470536 78.09630327279608 0
      vertex -68.26674888277397 80.48563418808264 0
    endloop
  endfacet
  facet normal 0 0 -1
    outer loop
      vertex -68.77140434220642 81.31550473570063 0
      vertex -53.62311101832846 79.99513267805776 0
      vertex -68.46204507181632 80.93525111006377 0
    endloop
  endfacet
  facet normal 0 0 -1
    outer loop
      vertex -59.363366730949814 72.09434849632434 0
      vertex -68.26674888277397 79.51436581191736 0
      vertex -58.03263007885291 74.14350324295228 0
    endloop
  endfacet
  facet normal 0 0 -1
    outer loop
      vertex -58.03263007885291 74.14350324295228 0
      vertex -68.26674888277397 79.51436581191736 0
      vertex -56.63118960624632 76.14496766047313 0
    endloop
  endfacet
  facet normal 0 0 -1
    outer loop
      vertex -56.63118960624632 76.14496766047313 0
      vertex -68.26674888277397 80.48563418808264 0
      vertex -55.160752752470536 78.09630327279608 0
    endloop
  endfacet
  facet normal 0 0 -1
    outer loop
      vertex -55.160752752470536 78.09630327279608 0
      vertex -68.46204507181632 80.93525111006377 0
      vertex -53.62311101832846 79.99513267805776 0
    endloop
  endfacet
  facet normal 0 0 -1
    outer loop
      vertex -68.77140434220642 81.31550473570063 0
      vertex -52.020137783417596 81.83914244512007 0
      vertex -53.62311101832846 79.99513267805776 0
    endloop
  endfacet
  facet normal 0 0 -1
    outer loop
      vertex -89.99499999999999 109.99987530778472 0
      vertex -52.020137783417596 81.83914244512007 0
      vertex -68.77140434220642 81.31550473570063 0
    endloop
  endfacet
  facet normal 0 0 -1
    outer loop
      vertex -89.99499999999999 109.99987530778472 0
      vertex -50.35378602370558 83.62608593212981 0
      vertex -52.020137783417596 81.83914244512007 0
    endloop
  endfacet
  facet normal 0 0 -1
    outer loop
      vertex -89.99499999999999 109.99987530778472 0
      vertex -48.62608593212981 85.35378602370558 0
      vertex -50.35378602370558 83.62608593212981 0
    endloop
  endfacet
  facet normal 0 0 -1
    outer loop
      vertex -89.99499999999999 109.99987530778472 0
      vertex -46.839142445120075 87.0201377834176 0
      vertex -48.62608593212981 85.35378602370558 0
    endloop
  endfacet
  facet normal 0 0 -1
    outer loop
      vertex -89.99499999999999 109.99987530778472 0
      vertex -44.99513267805775 88.62311101832846 0
      vertex -46.839142445120075 87.0201377834176 0
    endloop
  endfacet
  facet normal 0 0 -1
    outer loop
      vertex -89.99499999999999 109.99987530778472 0
      vertex -43.09630327279608 90.16075275247053 0
      vertex -44.99513267805775 88.62311101832846 0
    endloop
  endfacet
  facet normal 0 0 -1
    outer loop
      vertex -89.99499999999999 109.99987530778472 0
      vertex -41.14496766047312 91.63118960624632 0
      vertex -43.09630327279608 90.16075275247053 0
    endloop
  endfacet
  facet normal 0 0 -1
    outer loop
      vertex -89.99499999999999 109.99987530778472 0
      vertex -39.143503242952285 93.03263007885292 0
      vertex -41.14496766047312 91.63118960624632 0
    endloop
  endfacet
  facet normal 0 0 -1
    outer loop
      vertex -89.99499999999999 109.99987530778472 0
      vertex -37.09434849632434 94.36336673094982 0
      vertex -39.143503242952285 93.03263007885292 0
    endloop
  endfacet
  facet normal 0 0 -1
    outer loop
      vertex -89.99499999999999 109.99987530778472 0
      vertex -35 95.6217782649107 0
      vertex -37.09434849632434 94.36336673094982 0
    endloop
  endfacet
  facet normal 0 0 -1
    outer loop
      vertex -89.99499999999999 109.99987530778472 0
      vertex -32.863009395012355 96.80633150012488 0
      vertex -35 95.6217782649107 0
    endloop
  endfacet
  facet normal 0 0 -1
    outer loop
      vertex -89.99499999999999 109.99987530778472 0
      vertex -30.68598027523542 97.91558324094169 0
      vertex -32.863009395012355 96.80633150012488 0
    endloop
  endfacet
  facet normal 0 0 -1
    outer loop
      vertex -89.99499999999999 109.99987530778472 0
      vertex -28.471565015306016 98.94818203498207 0
      vertex -30.68598027523542 97.91558324094169 0
    endloop
  endfacet
  facet normal 0 0 -1
    outer loop
      vertex -89.99499999999999 109.99987530778472 0
      vertex -26.22246153911384 99.90286981967512 0
      vertex -28.471565015306016 98.94818203498207 0
    endloop
  endfacet
  facet normal 0 0 -1
    outer loop
      vertex -89.99499999999999 109.99987530778472 0
      vertex -23.94141003279681 100.77848345501359 0
      vertex -26.22246153911384 99.90286981967512 0
    endloop
  endfacet
  facet normal 0 0 -1
    outer loop
      vertex -89.99499999999999 109.99987530778472 0
      vertex -21.631189606246316 101.57395614066074 0
      vertex -23.94141003279681 100.77848345501359 0
    endloop
  endfacet
  facet normal 0 0 -1
    outer loop
      vertex -89.99499999999999 109.99987530778472 0
      vertex -19.294614907189942 102.28831871568232 0
      vertex -21.631189606246316 101.57395614066074 0
    endloop
  endfacet
  facet normal 0 0 -1
    outer loop
      vertex -89.99499999999999 109.99987530778472 0
      vertex -16.93453269197674 102.92070083931975 0
      vertex -19.294614907189942 102.28831871568232 0
    endloop
  endfacet
  facet normal 0 0 -1
    outer loop
      vertex -89.99499999999999 109.99987530778472 0
      vertex -14.553818357243154 103.4703320513664 0
      vertex -16.93453269197674 102.92070083931975 0
    endloop
  endfacet
  facet normal 0 0 -1
    outer loop
      vertex -89.99499999999999 109.99987530778472 0
      vertex -12.155372436685123 103.93654271085457 0
      vertex -14.553818357243154 103.4703320513664 0
    endloop
  endfacet
  facet normal 0 0 -1
    outer loop
      vertex -89.99499999999999 109.99987530778472 0
      vertex -9.74211706720458 104.31876481190993 0
      vertex -12.155372436685123 103.93654271085457 0
    endloop
  endfacet
  facet normal 0 0 -1
    outer loop
      vertex -89.99499999999999 109.99987530778472 0
      vertex -7.316992428735743 104.61653267577913 0
      vertex -9.74211706720458 104.31876481190993 0
    endloop
  endfacet
  facet normal 0 0 -1
    outer loop
      vertex -89.99499999999999 109.99987530778472 0
      vertex -4.882953162088771 104.8294835181877 0
      vertex -7.316992428735743 104.61653267577913 0
    endloop
  endfacet
  facet normal 0 0 -1
    outer loop
      vertex -89.99499999999999 109.99987530778472 0
      vertex -2.442964769175068 104.9573578913367 0
      vertex -4.882953162088771 104.8294835181877 0
    endloop
  endfacet
  facet normal 0 0 -1
    outer loop
      vertex -89.99499999999999 109.99987530778472 0
      vertex 0 105 0
      vertex -2.442964769175068 104.9573578913367 0
    endloop
  endfacet
  facet normal 0 0 -1
    outer loop
      vertex -89.99499999999999 110 0
      vertex 89.99499999999999 109.99688871182816 0
      vertex -89.99499999999999 109.99987530778472 0
    endloop
  endfacet
  facet normal 0 0 -1
    outer loop
      vertex -89.99499999999999 109.99987530778472 0
      vertex 2.442964769175068 104.9573578913367 0
      vertex 0 105 0
    endloop
  endfacet
  facet normal 0 0 -1
    outer loop
      vertex -89.99499999999999 109.99987530778472 0
      vertex 4.882953162088771 104.8294835181877 0
      vertex 2.442964769175068 104.9573578913367 0
    endloop
  endfacet
  facet normal 0 1 0
    outer loop
      vertex -89.99499999999999 110 0
      vertex -89.99499999999999 110 82.3
      vertex 89.99499999999999 110 0
    endloop
  endfacet
  facet normal -1 0 0
    outer loop
      vertex -100 -99.99499999999999 82.3
      vertex -100 99.99499999999999 82.3
      vertex -100 99.99499999999999 0
    endloop
  endfacet
  facet normal 0 0 1
    outer loop
      vertex -99.99987530778472 -99.99499999999999 82.3
      vertex -99.99688871182816 99.99499999999999 82.3
      vertex -100 99.99499999999999 82.3
    endloop
  endfacet
  facet normal 0 0 1
    outer loop
      vertex -97.77626773254747 -95.99533901065058 82.3
      vertex -98.6250858737626 98.62133896396334 82.3
      vertex -99.99688871182816 99.99499999999999 82.3
    endloop
  endfacet
  facet normal 0 0 1
    outer loop
      vertex -97.77626773254747 -95.99533901065058 82.3
      vertex -97.7 95.85079558350154 82.3
      vertex -97.85223625104939 97.84744246515316 82.3
    endloop
  endfacet
  facet normal 0 0 1
    outer loop
      vertex -97.77626773254747 -95.99533901065058 82.3
      vertex -97.85223625104939 97.84744246515316 82.3
      vertex -98.6250858737626 98.62133896396334 82.3
    endloop
  endfacet
  facet normal 0 0 1
    outer loop
      vertex -98.6250858737626 98.62133896396334 82.3
      vertex -98.63233238339701 98.87499989586695 82.3
      vertex -99.99688871182816 99.99499999999999 82.3
    endloop
  endfacet
  facet normal 0 0 1
    outer loop
      vertex -98.699584977863 99.23429817066548 82.3
      vertex -99.99688871182816 100.2395562242981 82.3
      vertex -98.63233238339701 98.87499989586695 82.3
    endloop
  endfacet
  facet normal 0 0 1
    outer loop
      vertex -98.699584977863 99.23429817066548 82.3
      vertex -98.7357296593537 99.50176788637019 82.3
      vertex -99.99688871182816 100.2395562242981 82.3
    endloop
  endfacet
  facet normal 0 0 1
    outer loop
      vertex -98.699584977863 99.23429817066548 82.3
      vertex -98.63233238339701 98.87499989586695 82.3
      vertex -98.69296518429981 99.22916860800521 82.3
    endloop
  endfacet
  facet normal 0 0 1
    outer loop
      vertex -98.63233238339701 98.87499989586695 82.3
      vertex -99.99688871182816 100.2395562242981 82.3
      vertex -99.99688871182816 99.99499999999999 82.3
    endloop
  endfacet
  facet normal 0 0 1
    outer loop
      vertex -98.73576774192713 99.50180596894363 82.3
      vertex -99.9720100097836 100.7380482368001 82.3
      vertex -99.99688871182816 100.2395562242981 82.3
    endloop
  endfacet
  facet normal 0 0 1
    outer loop
      vertex -99.9720100097836 100.7380482368001 82.3
      vertex -98.74826783014832 100.06063385560192 82.3
      vertex -99.92231445806772 101.23468048352132 82.3
    endloop
  endfacet
  facet normal 0 0 1
    outer loop
      vertex -99.92231445806772 101.23468048352132 82.3
      vertex -98.72651529858001 100.60680794937377 82.3
      vertex -99.8479256076522 101.72821825844596 82.3
    endloop
  endfacet
  facet normal 0 0 1
    outer loop
      vertex -98.7357296593537 99.50176788637019 82.3
      vertex -98.73576774192713 99.50180596894363 82.3
      vertex -99.99688871182816 100.2395562242981 82.3
    endloop
  endfacet
  facet normal 0 0 1
    outer loop
      vertex -98.73576774192713 99.50180596894363 82.3
      vertex -98.7441632814942 99.79568819609227 82.3
      vertex -99.9720100097836 100.7380482368001 82.3
    endloop
  endfacet
  facet normal 0 0 1
    outer loop
      vertex -99.9720100097836 100.7380482368001 82.3
      vertex -98.7441632814942 99.79568819609227 82.3
      vertex -98.74826783014832 100.06063385560192 82.3
    endloop
  endfacet
  facet normal 0 0 1
    outer loop
      vertex -99.92231445806772 101.23468048352132 82.3
      vertex -98.74826783014832 100.06063385560192 82.3
      vertex -98.74041614445694 100.33547871332917 82.3
    endloop
  endfacet
  facet normal 0 0 1
    outer loop
      vertex -98.73083493006267 100.32818921570936 82.3
      vertex -98.72651529858001 100.60680794937377 82.3
      vertex -98.74041614445694 100.33547871332917 82.3
    endloop
  endfacet
  facet normal 0 0 1
    outer loop
      vertex -99.92231445806772 101.23468048352132 82.3
      vertex -98.74041614445694 100.33547871332917 82.3
      vertex -98.72651529858001 100.60680794937377 82.3
    endloop
  endfacet
  facet normal 0 0 1
    outer loop
      vertex -98.72651529858001 100.60680794937377 82.3
      vertex -98.70433969604089 100.86499380121835 82.3
      vertex -99.8479256076522 101.72821825844596 82.3
    endloop
  endfacet
  facet normal 0 0 1
    outer loop
      vertex -98.70433969604089 100.86499380121835 82.3
      vertex -98.67235634114824 101.1407624891109 82.3
      vertex -99.8479256076522 101.72821825844596 82.3
    endloop
  endfacet
  facet normal 0 0 1
    outer loop
      vertex -98.68884786760567 100.8532999485251 82.3
      vertex -98.67235634114824 101.1407624891109 82.3
      vertex -98.70433969604089 100.86499380121835 82.3
    endloop
  endfacet
  facet normal 0 0 1
    outer loop
      vertex -98.67235634114824 101.1407624891109 82.3
      vertex -99.74902840094005 102.2174345489027 82.3
      vertex -99.8479256076522 101.72821825844596 82.3
    endloop
  endfacet
  facet normal 0 0 1
    outer loop
      vertex -99.74902840094005 102.2174345489027 82.3
      vertex -98.58730275504553 101.66254712918739 82.3
      vertex -99.62586871196962 102.70111308611148 82.3
    endloop
  endfacet
  facet normal 0 0 1
    outer loop
      vertex -98.67235634114824 101.1407624891109 82.3
      vertex -98.63736041683957 101.38416448906712 82.3
      vertex -99.74902840094005 102.2174345489027 82.3
    endloop
  endfacet
  facet normal 0 0 1
    outer loop
      vertex -98.63736041683957 101.38416448906712 82.3
      vertex -98.58730275504553 101.66254712918739 82.3
      vertex -99.74902840094005 102.2174345489027 82.3
    endloop
  endfacet
  facet normal 0 0 1
    outer loop
      vertex -99.62586871196962 102.70111308611148 82.3
      vertex -98.54067549217974 101.89266173628855 82.3
      vertex -98.47263831233735 102.17193694622372 82.3
    endloop
  endfacet
  facet normal 0 0 1
    outer loop
      vertex -99.62586871196962 102.70111308611148 82.3
      vertex -98.58730275504553 101.66254712918739 82.3
      vertex -98.54067549217974 101.89266173628855 82.3
    endloop
  endfacet
  facet normal 0 0 1
    outer loop
      vertex -98.63736041683957 101.38416448906712 82.3
      vertex -98.6183565365637 101.36991980029217 82.3
      vertex -98.58730275504553 101.66254712918739 82.3
    endloop
  endfacet
  facet normal 0 0 1
    outer loop
      vertex -98.51960809716468 101.8769668686589 82.3
      vertex -98.47263831233735 102.17193694622372 82.3
      vertex -98.54067549217974 101.89266173628855 82.3
    endloop
  endfacet
  facet normal 0 0 1
    outer loop
      vertex -99.62586871196962 102.70111308611148 82.3
      vertex -98.47263831233735 102.17193694622372 82.3
      vertex -99.47875273513299 103.17805136901936 82.3
    endloop
  endfacet
  facet normal 0 0 1
    outer loop
      vertex -98.47263831233735 102.17193694622372 82.3
      vertex -98.41532754462156 102.3899697207391 82.3
      vertex -99.47875273513299 103.17805136901936 82.3
    endloop
  endfacet
  facet normal 0 0 1
    outer loop
      vertex -98.41532754462156 102.3899697207391 82.3
      vertex -98.3294914283706 102.66850885834974 82.3
      vertex -99.47875273513299 103.17805136901936 82.3
    endloop
  endfacet
  facet normal 0 0 1
    outer loop
      vertex -98.3294914283706 102.66850885834974 82.3
      vertex -98.26225619747603 102.87543762159217 82.3
      vertex -99.30804622392847 103.64706365390761 82.3
    endloop
  endfacet
  facet normal 0 0 1
    outer loop
      vertex -98.39294157804213 102.37337996003221 82.3
      vertex -98.3294914283706 102.66850885834974 82.3
      vertex -98.41532754462156 102.3899697207391 82.3
    endloop
  endfacet
  facet normal 0 0 1
    outer loop
      vertex -98.26225619747603 102.87543762159217 82.3
      vertex -98.2387867377498 102.85812090826438 82.3
      vertex -98.15888568743846 103.15169600813603 82.3
    endloop
  endfacet
  facet normal 0 0 1
    outer loop
      vertex -98.3294914283706 102.66850885834974 82.3
      vertex -99.30804622392847 103.64706365390761 82.3
      vertex -99.47875273513299 103.17805136901936 82.3
    endloop
  endfacet
  facet normal 0 0 1
    outer loop
      vertex -99.30804622392847 103.64706365390761 82.3
      vertex -98.15888568743846 103.15169600813603 82.3
      vertex -99.11417358163985 104.10698390233742 82.3
    endloop
  endfacet
  facet normal 0 0 1
    outer loop
      vertex -98.26225619747603 102.87543762159217 82.3
      vertex -98.15888568743846 103.15169600813603 82.3
      vertex -99.30804622392847 103.64706365390761 82.3
    endloop
  endfacet
  facet normal 0 0 1
    outer loop
      vertex -99.11417358163985 104.10698390233742 82.3
      vertex -98.15888568743846 103.15169600813603 82.3
      vertex -98.08233414587534 103.34831704708118 82.3
    endloop
  endfacet
  facet normal 0 0 1
    outer loop
      vertex -99.11417358163985 104.10698390233742 82.3
      vertex -97.96177542604768 103.62082729995005 82.3
      vertex -98.89761680620279 104.55666868010516 82.3
    endloop
  endfacet
  facet normal 0 0 1
    outer loop
      vertex -99.11417358163985 104.10698390233742 82.3
      vertex -98.08233414587534 103.34831704708118 82.3
      vertex -97.96177542604768 103.62082729995005 82.3
    endloop
  endfacet
  facet normal 0 0 1
    outer loop
      vertex -98.057662640017 103.33017715717659 82.3
      vertex -97.96177542604768 103.62082729995005 82.3
      vertex -98.08233414587534 103.34831704708118 82.3
    endloop
  endfacet
  facet normal 0 0 1
    outer loop
      vertex -97.87639259213684 103.80778962713727 82.3
      vertex -97.85017594649705 103.78856456716679 82.3
      vertex -97.7390709754378 104.07515668355556 82.3
    endloop
  endfacet
  facet normal 0 0 1
    outer loop
      vertex -98.89761680620279 104.55666868010516 82.3
      vertex -97.96177542604768 103.62082729995005 82.3
      vertex -97.87639259213684 103.80778962713727 82.3
    endloop
  endfacet
  facet normal 0 0 1
    outer loop
      vertex -98.89761680620279 104.55666868010516 82.3
      vertex -97.87639259213684 103.80778962713727 82.3
      vertex -97.7390709754378 104.07515668355556 82.3
    endloop
  endfacet
  facet normal 0 0 1
    outer loop
      vertex -98.89761680620279 104.55666868010516 82.3
      vertex -97.7390709754378 104.07515668355556 82.3
      vertex -98.65891429188223 104.99499999999999 82.3
    endloop
  endfacet
  facet normal 0 0 1
    outer loop
      vertex -98.65891429188223 104.99499999999999 82.3
      vertex -97.64523918963411 104.25298769337535 82.3
      vertex -97.49165656940254 104.51388517995956 82.3
    endloop
  endfacet
  facet normal 0 0 1
    outer loop
      vertex -98.65891429188223 104.99499999999999 82.3
      vertex -97.7390709754378 104.07515668355556 82.3
      vertex -97.64523918963411 104.25298769337535 82.3
    endloop
  endfacet
  facet normal 0 0 1
    outer loop
      vertex -97.61701893167623 104.23233040520242 82.3
      vertex -97.49165656940254 104.51388517995956 82.3
      vertex -97.64523918963411 104.25298769337535 82.3
    endloop
  endfacet
  facet normal 0 0 1
    outer loop
      vertex -97.35896722552698 104.66055647724212 82.3
      vertex -97.22040291638262 104.93617763823715 82.3
      vertex -97.38967056911186 104.68300997033127 82.3
    endloop
  endfacet
  facet normal 0 0 1
    outer loop
      vertex -98.65891429188223 104.99499999999999 82.3
      vertex -97.49165656940254 104.51388517995956 82.3
      vertex -98.39865949073922 105.42088810129624 82.3
    endloop
  endfacet
  facet normal 0 0 1
    outer loop
      vertex -97.38967056911186 104.68300997033127 82.3
      vertex -97.22040291638262 104.93617763823715 82.3
      vertex -98.39865949073922 105.42088810129624 82.3
    endloop
  endfacet
  facet normal 0 0 1
    outer loop
      vertex -97.49165656940254 104.51388517995956 82.3
      vertex -97.38967056911186 104.68300997033127 82.3
      vertex -98.39865949073922 105.42088810129624 82.3
    endloop
  endfacet
  facet normal 0 0 1
    outer loop
      vertex -98.39865949073922 105.42088810129624 82.3
      vertex -97.22040291638262 104.93617763823715 82.3
      vertex -98.11749943721571 105.83327415907024 82.3
    endloop
  endfacet
  facet normal 0 0 1
    outer loop
      vertex -98.11749943721571 105.83327415907024 82.3
      vertex -97.22040291638262 104.93617763823715 82.3
      vertex -97.11048083377726 105.09693356020311 82.3
    endloop
  endfacet
  facet normal 0 0 1
    outer loop
      vertex -98.11749943721571 105.83327415907024 82.3
      vertex -97.11048083377726 105.09693356020311 82.3
      vertex -96.92617578193068 105.34117555903163 82.3
    endloop
  endfacet
  facet normal 0 0 1
    outer loop
      vertex -97.07687729039885 105.0723623624409 82.3
      vertex -96.92617578193068 105.34117555903163 82.3
      vertex -97.11048083377726 105.09693356020311 82.3
    endloop
  endfacet
  facet normal 0 0 1
    outer loop
      vertex -97.81613313950497 106.23113291660592 82.3
      vertex -96.92617578193068 105.34117555903163 82.3
      vertex -96.80846695496706 105.4938230790607 82.3
    endloop
  endfacet
  facet normal 0 0 1
    outer loop
      vertex -98.11749943721571 105.83327415907024 82.3
      vertex -96.92617578193068 105.34117555903163 82.3
      vertex -97.81613313950497 106.23113291660592 82.3
    endloop
  endfacet
  facet normal 0 0 1
    outer loop
      vertex -97.81613313950497 106.23113291660592 82.3
      vertex -96.60984149242616 105.7280068850637 82.3
      vertex -97.49530984170701 106.61347523434456 82.3
    endloop
  endfacet
  facet normal 0 0 1
    outer loop
      vertex -97.81613313950497 106.23113291660592 82.3
      vertex -96.80846695496706 105.4938230790607 82.3
      vertex -96.60984149242616 105.7280068850637 82.3
    endloop
  endfacet
  facet normal 0 0 1
    outer loop
      vertex -97.49530984170701 106.61347523434456 82.3
      vertex -96.48443168978771 105.87273751258638 82.3
      vertex -97.15582716108977 106.97935054904158 82.3
    endloop
  endfacet
  facet normal 0 0 1
    outer loop
      vertex -96.77168363953945 105.46690870926398 82.3
      vertex -96.60984149242616 105.7280068850637 82.3
      vertex -96.80846695496706 105.4938230790607 82.3
    endloop
  endfacet
  facet normal 0 0 1
    outer loop
      vertex -97.49530984170701 106.61347523434456 82.3
      vertex -96.60984149242616 105.7280068850637 82.3
      vertex -96.48443168978771 105.87273751258638 82.3
    endloop
  endfacet
  facet normal 0 0 1
    outer loop
      vertex -97.15582716108977 106.97935054904158 82.3
      vertex -96.48443168978771 105.87273751258638 82.3
      vertex -96.27226997127934 106.09579335923115 82.3
    endloop
  endfacet
  facet normal 0 0 1
    outer loop
      vertex -97.15582716108977 106.97935054904158 82.3
      vertex -96.27226997127934 106.09579335923115 82.3
      vertex -96.05515971637523 106.31440872609969 82.3
    endloop
  endfacet
  facet normal 0 0 1
    outer loop
      vertex -96.48443168978771 105.87273751258638 82.3
      vertex -96.44439580551828 105.84340055476807 82.3
      vertex -96.27226997127934 106.09579335923115 82.3
    endloop
  endfacet
  facet normal 0 0 1
    outer loop
      vertex -96.27226997127934 106.09579335923115 82.3
      vertex -96.08781758618635 105.91134097413816 82.3
      vertex -96.05515971637523 106.31440872609969 82.3
    endloop
  endfacet
  facet normal 0 0 1
    outer loop
      vertex -97.15582716108977 106.97935054904158 82.3
      vertex -96.05515971637523 106.31440872609969 82.3
      vertex -96.7985291050869 107.32784923701655 82.3
    endloop
  endfacet
  facet normal 0 0 1
    outer loop
      vertex -96.05515971637523 106.31440872609969 82.3
      vertex -95.77354015448465 106.57287682213332 82.3
      vertex -96.7985291050869 107.32784923701655 82.3
    endloop
  endfacet
  facet normal 0 0 1
    outer loop
      vertex -96.7985291050869 107.32784923701655 82.3
      vertex -95.77354015448465 106.57287682213332 82.3
      vertex -96.42430397296225 107.65810487562096 82.3
    endloop
  endfacet
  facet normal 0 0 1
    outer loop
      vertex -96.42430397296225 107.65810487562096 82.3
      vertex -95.77354015448465 106.57287682213332 82.3
      vertex -95.53691686369191 106.77071776635063 82.3
    endloop
  endfacet
  facet normal 0 0 1
    outer loop
      vertex -96.42430397296225 107.65810487562096 82.3
      vertex -95.53691686369191 106.77071776635063 82.3
      vertex -95.38831676842922 106.89222746127687 82.3
    endloop
  endfacet
  facet normal 0 0 1
    outer loop
      vertex -95.72793094862367 106.53928261385474 82.3
      vertex -95.53691686369191 106.77071776635063 82.3
      vertex -95.77354015448465 106.57287682213332 82.3
    endloop
  endfacet
  facet normal 0 0 1
    outer loop
      vertex -95.38831676842922 106.89222746127687 82.3
      vertex -95.14089269860375 107.07610694854718 82.3
      vertex -96.03408214735802 107.96929639730145 82.3
    endloop
  endfacet
  facet normal 0 0 1
    outer loop
      vertex -96.42430397296225 107.65810487562096 82.3
      vertex -95.38831676842922 106.89222746127687 82.3
      vertex -96.03408214735802 107.96929639730145 82.3
    endloop
  endfacet
  facet normal 0 0 1
    outer loop
      vertex -96.03408214735802 107.96929639730145 82.3
      vertex -95.14089269860375 107.07610694854718 82.3
      vertex -95.62883378121685 108.2606501309031 82.3
    endloop
  endfacet
  facet normal 0 0 1
    outer loop
      vertex -95.34111749036592 106.85733430730367 82.3
      vertex -95.14089269860375 107.07610694854718 82.3
      vertex -95.38831676842922 106.89222746127687 82.3
    endloop
  endfacet
  facet normal 0 0 1
    outer loop
      vertex -94.92862111097874 106.86383536092217 82.3
      vertex -94.8920423604106 107.25297864242229 82.3
      vertex -95.14089269860375 107.07610694854718 82.3
    endloop
  endfacet
  facet normal 0 0 1
    outer loop
      vertex -94.72713915065547 107.35895550034172 82.3
      vertex -94.5083979704793 107.14021432016554 82.3
      vertex -94.46995309918398 107.52045716750953 82.3
    endloop
  endfacet
  facet normal 0 0 1
    outer loop
      vertex -95.62883378121685 108.2606501309031 82.3
      vertex -95.14089269860375 107.07610694854718 82.3
      vertex -94.8920423604106 107.25297864242229 82.3
    endloop
  endfacet
  facet normal 0 0 1
    outer loop
      vertex -95.62883378121685 108.2606501309031 82.3
      vertex -94.8920423604106 107.25297864242229 82.3
      vertex -94.72713915065547 107.35895550034172 82.3
    endloop
  endfacet
  facet normal 0 0 1
    outer loop
      vertex -95.62883378121685 108.2606501309031 82.3
      vertex -94.72713915065547 107.35895550034172 82.3
      vertex -95.20956638582877 108.53144172513788 82.3
    endloop
  endfacet
  facet normal 0 0 1
    outer loop
      vertex -94.72713915065547 107.35895550034172 82.3
      vertex -94.46995309918398 107.52045716750953 82.3
      vertex -95.20956638582877 108.53144172513788 82.3
    endloop
  endfacet
  facet normal 0 0 1
    outer loop
      vertex -94.46995309918398 107.52045716750953 82.3
      vertex -94.29652255871636 107.61839789802548 82.3
      vertex -95.20956638582877 108.53144172513788 82.3
    endloop
  endfacet
  facet normal 0 0 1
    outer loop
      vertex -94.29652255871636 107.61839789802548 82.3
      vertex -94.03222867261753 107.76391744078495 82.3
      vertex -94.77732232599939 108.78099794943599 82.3
    endloop
  endfacet
  facet normal 0 0 1
    outer loop
      vertex -94.03222867261753 107.76391744078495 82.3
      vertex -93.84989114422723 107.85356676766382 82.3
      vertex -94.77732232599939 108.78099794943599 82.3
    endloop
  endfacet
  facet normal 0 0 1
    outer loop
      vertex -94.07352940386983 107.39540474317894 82.3
      vertex -94.03222867261753 107.76391744078495 82.3
      vertex -94.29652255871636 107.61839789802548 82.3
    endloop
  endfacet
  facet normal 0 0 1
    outer loop
      vertex -94.29652255871636 107.61839789802548 82.3
      vertex -94.77732232599939 108.78099794943599 82.3
      vertex -95.20956638582877 108.53144172513788 82.3
    endloop
  endfacet
  facet normal 0 0 1
    outer loop
      vertex -93.84989114422723 107.85356676766382 82.3
      vertex -94.33317622856676 109.0086983677032 82.3
      vertex -94.77732232599939 108.78099794943599 82.3
    endloop
  endfacet
  facet normal 0 0 1
    outer loop
      vertex -93.84989114422723 107.85356676766382 82.3
      vertex -93.57978247119914 107.98256494578696 82.3
      vertex -94.33317622856676 109.0086983677032 82.3
    endloop
  endfacet
  facet normal 0 0 1
    outer loop
      vertex -94.33317622856676 109.0086983677032 82.3
      vertex -93.57978247119914 107.98256494578696 82.3
      vertex -93.3880637955339 108.06358593467034 82.3
    endloop
  endfacet
  facet normal 0 0 1
    outer loop
      vertex -94.33317622856676 109.0086983677032 82.3
      vertex -93.3880637955339 108.06358593467034 82.3
      vertex -93.87823231070969 109.21397688082277 82.3
    endloop
  endfacet
  facet normal 0 0 1
    outer loop
      vertex -93.84989114422723 107.85356676766382 82.3
      vertex -93.62544960207718 107.62912522551377 82.3
      vertex -93.57978247119914 107.98256494578696 82.3
    endloop
  endfacet
  facet normal 0 0 1
    outer loop
      vertex -93.3880637955339 108.06358593467034 82.3
      vertex -93.16563565995266 107.8411577990891 82.3
      vertex -93.11350067233633 108.17559882800265 82.3
    endloop
  endfacet
  facet normal 0 0 1
    outer loop
      vertex -92.91181541353112 108.2475599836442 82.3
      vertex -92.6956027196317 108.03134728974477 82.3
      vertex -92.63422853220932 108.34220152484265 82.3
    endloop
  endfacet
  facet normal 0 0 1
    outer loop
      vertex -93.87823231070969 109.21397688082277 82.3
      vertex -93.3880637955339 108.06358593467034 82.3
      vertex -93.11350067233633 108.17559882800265 82.3
    endloop
  endfacet
  facet normal 0 0 1
    outer loop
      vertex -93.87823231070969 109.21397688082277 82.3
      vertex -92.91181541353112 108.2475599836442 82.3
      vertex -93.41362163468995 109.39632313406693 82.3
    endloop
  endfacet
  facet normal 0 0 1
    outer loop
      vertex -93.87823231070969 109.21397688082277 82.3
      vertex -93.11350067233633 108.17559882800265 82.3
      vertex -92.91181541353112 108.2475599836442 82.3
    endloop
  endfacet
  facet normal 0 0 1
    outer loop
      vertex -92.91181541353112 108.2475599836442 82.3
      vertex -92.63422853220932 108.34220152484265 82.3
      vertex -93.41362163468995 109.39632313406693 82.3
    endloop
  endfacet
  facet normal 0 0 1
    outer loop
      vertex -93.41362163468995 109.39632313406693 82.3
      vertex -92.63422853220932 108.34220152484265 82.3
      vertex -92.42185772174483 108.40455922112183 82.3
    endloop
  endfacet
  facet normal 0 0 1
    outer loop
      vertex -93.41362163468995 109.39632313406693 82.3
      vertex -92.42185772174483 108.40455922112183 82.3
      vertex -92.94049929585314 109.55528378591926 82.3
    endloop
  endfacet
  facet normal 0 0 1
    outer loop
      vertex -92.2168989903557 108.1996004897327 82.3
      vertex -92.14275239417226 108.48152373998307 82.3
      vertex -92.42185772174483 108.40455922112183 82.3
    endloop
  endfacet
  facet normal 0 0 1
    outer loop
      vertex -92.42185772174483 108.40455922112183 82.3
      vertex -92.14275239417226 108.48152373998307 82.3
      vertex -92.94049929585314 109.55528378591926 82.3
    endloop
  endfacet
  facet normal 0 0 1
    outer loop
      vertex -92.94049929585314 109.55528378591926 82.3
      vertex -92.14275239417226 108.48152373998307 82.3
      vertex -91.91881391272854 108.53359840279465 82.3
    endloop
  endfacet
  facet normal 0 0 1
    outer loop
      vertex -92.94049929585314 109.55528378591926 82.3
      vertex -91.91881391272854 108.53359840279465 82.3
      vertex -92.46004155087984 109.69046363515307 82.3
    endloop
  endfacet
  facet normal 0 0 1
    outer loop
      vertex -92.46004155087984 109.69046363515307 82.3
      vertex -91.91881391272854 108.53359840279465 82.3
      vertex -91.63977584479227 108.59266306857447 82.3
    endloop
  endfacet
  facet normal 0 0 1
    outer loop
      vertex -92.46004155087984 109.69046363515307 82.3
      vertex -91.63977584479227 108.59266306857447 82.3
      vertex -91.40318469433313 108.63360677860636 82.3
    endloop
  endfacet
  facet normal 0 0 1
    outer loop
      vertex -91.91881391272854 108.53359840279465 82.3
      vertex -91.7311006610951 108.34588515116121 82.3
      vertex -91.63977584479227 108.59266306857447 82.3
    endloop
  endfacet
  facet normal 0 0 1
    outer loop
      vertex -91.97344289342597 109.80152660336393 82.3
      vertex -91.40318469433313 108.63360677860636 82.3
      vertex -91.12588765093187 108.67463372491194 82.3
    endloop
  endfacet
  facet normal 0 0 1
    outer loop
      vertex -92.46004155087984 109.69046363515307 82.3
      vertex -91.40318469433313 108.63360677860636 82.3
      vertex -91.97344289342597 109.80152660336393 82.3
    endloop
  endfacet
  facet normal 0 0 1
    outer loop
      vertex -91.97344289342597 109.80152660336393 82.3
      vertex -90.87530203582003 108.70338574575798 82.3
      vertex -91.4819130844235 109.88819657051353 82.3
    endloop
  endfacet
  facet normal 0 0 1
    outer loop
      vertex -91.23980672266042 108.47022880693365 82.3
      vertex -91.12588765093187 108.67463372491194 82.3
      vertex -91.40318469433313 108.63360677860636 82.3
    endloop
  endfacet
  facet normal 0 0 1
    outer loop
      vertex -91.97344289342597 109.80152660336393 82.3
      vertex -91.12588765093187 108.67463372491194 82.3
      vertex -90.87530203582003 108.70338574575798 82.3
    endloop
  endfacet
  facet normal 0 0 1
    outer loop
      vertex -90.87530203582003 108.70338574575798 82.3
      vertex -90.74463371628224 108.57271742622018 82.3
      vertex -90.60151785263994 108.7263234750214 82.3
    endloop
  endfacet
  facet normal 0 0 1
    outer loop
      vertex -91.4819130844235 109.88819657051353 82.3
      vertex -90.87530203582003 108.70338574575798 82.3
      vertex -90.60151785263994 108.7263234750214 82.3
    endloop
  endfacet
  facet normal 0 0 1
    outer loop
      vertex -91.4819130844235 109.88819657051353 82.3
      vertex -90.60151785263994 108.7263234750214 82.3
      vertex -90.33526488449391 108.74154837058394 82.3
    endloop
  endfacet
  facet normal 0 0 1
    outer loop
      vertex -91.4819130844235 109.88819657051353 82.3
      vertex -90.33526488449391 108.74154837058394 82.3
      vertex -90.98667414442411 109.95025806140767 82.3
    endloop
  endfacet
  facet normal 0 0 1
    outer loop
      vertex -90.98667414442411 109.95025806140767 82.3
      vertex -90.24721042587771 108.65349391196774 82.3
      vertex -90.0668763442978 108.74643168724666 82.3
    endloop
  endfacet
  facet normal 0 0 1
    outer loop
      vertex -90.98667414442411 109.95025806140767 82.3
      vertex -90.33526488449391 108.74154837058394 82.3
      vertex -90.24721042587771 108.65349391196774 82.3
    endloop
  endfacet
  facet normal 0 0 1
    outer loop
      vertex -90.98667414442411 109.95025806140767 82.3
      vertex -90.0668763442978 108.74643168724666 82.3
      vertex -89.7828477702631 108.74643168724666 82.3
    endloop
  endfacet
  facet normal 0 0 1
    outer loop
      vertex -90.98667414442411 109.95025806140767 82.3
      vertex -89.7828477702631 108.74643168724666 82.3
      vertex -90.48895731546358 109.98755678140141 82.3
    endloop
  endfacet
  facet normal 0 0 1
    outer loop
      vertex -90.48895731546358 109.98755678140141 82.3
      vertex -89.74917253140345 108.712756448387 82.3
      vertex -89.52186486251782 108.73337875393746 82.3
    endloop
  endfacet
  facet normal 0 0 1
    outer loop
      vertex -90.48895731546358 109.98755678140141 82.3
      vertex -89.7828477702631 108.74643168724666 82.3
      vertex -89.74917253140345 108.712756448387 82.3
    endloop
  endfacet
  facet normal 0 0 1
    outer loop
      vertex -90.48895731546358 109.98755678140141 82.3
      vertex -89.21516658731339 108.71376605325122 82.3
      vertex -89.99499999999999 109.99987530778472 82.3
    endloop
  endfacet
  facet normal 0 0 1
    outer loop
      vertex -89.52186486251782 108.73337875393746 82.3
      vertex -89.24126509125644 108.3694817277995 82.3
      vertex -89.21516658731339 108.71376605325122 82.3
    endloop
  endfacet
  facet normal 0 0 1
    outer loop
      vertex -89.99499999999999 109.99987530778472 82.3
      vertex -89.21516658731339 108.71376605325122 82.3
      vertex -88.96836294996565 108.68544797392839 82.3
    endloop
  endfacet
  facet normal 0 0 1
    outer loop
      vertex -89.99499999999999 109.99987530778472 82.3
      vertex -88.96836294996565 108.68544797392839 82.3
      vertex -88.63541065971658 108.64028596750131 82.3
    endloop
  endfacet
  facet normal 0 0 1
    outer loop
      vertex -89.99499999999999 109.99987530778472 82.3
      vertex -88.63541065971658 108.64028596750131 82.3
      vertex -88.63532151983473 108.64027054123763 82.3
    endloop
  endfacet
  facet normal 0 0 1
    outer loop
      vertex -90.48895731546358 109.98755678140141 82.3
      vertex -89.52186486251782 108.73337875393746 82.3
      vertex -89.21516658731339 108.71376605325122 82.3
    endloop
  endfacet
  facet normal 0 0 1
    outer loop
      vertex -88.96836294996565 108.68544797392839 82.3
      vertex -88.74736206493652 108.40249539192386 82.3
      vertex -88.63541065971658 108.64028596750131 82.3
    endloop
  endfacet
  facet normal 0 0 1
    outer loop
      vertex -87.75553495535019 107.76053167350771 82.3
      vertex 85.8893602314299 107.72337073734306 82.3
      vertex -88.63532151983473 108.64027054123763 82.3
    endloop
  endfacet
  facet normal 0 0 1
    outer loop
      vertex -87.75553495535019 107.76053167350771 82.3
      vertex -87.29610129921922 107.7 82.3
      vertex 85.8893602314299 107.72337073734306 82.3
    endloop
  endfacet
  facet normal 0 0 1
    outer loop
      vertex -89.99499999999999 109.99987530778472 82.3
      vertex -88.63532151983473 108.64027054123763 82.3
      vertex 85.8893602314299 107.72337073734306 82.3
    endloop
  endfacet
  facet normal 0 0 1
    outer loop
      vertex -89.99499999999999 110 82.3
      vertex -89.99499999999999 109.99987530778472 82.3
      vertex 89.99499999999999 110 82.3
    endloop
  endfacet
  facet normal 0 0 1
    outer loop
      vertex -87.29610129921922 107.7 82.3
      vertex -85.84797602296851 107.7 82.3
      vertex 85.8893602314299 107.72337073734306 82.3
    endloop
  endfacet
  facet normal 0 0 -1
    outer loop
      vertex -89.99499999999999 -109.99688871182816 0
      vertex 68.96197542019324 -81.4705458074188 0
      vertex 88.60371967673204 -98.86404170021311 0
    endloop
  endfacet
  facet normal 0 0 -1
    outer loop
      vertex -89.99499999999999 -109.99688871182816 0
      vertex 68.2167652971346 -80.24509996837324 0
      vertex 68.34901965729019 -80.71712196172324 0
    endloop
  endfacet
  facet normal 0 0 -1
    outer loop
      vertex -89.99499999999999 -109.99688871182816 0
      vertex 68.2167652971346 -79.75490003162676 0
      vertex 68.2167652971346 -80.24509996837324 0
    endloop
  endfacet
  facet normal 0 0 -1
    outer loop
      vertex -89.99499999999999 -109.99688871182816 0
      vertex 68.34901965729019 -79.28287803827676 0
      vertex 68.2167652971346 -79.75490003162676 0
    endloop
  endfacet
  facet normal 0 0 -1
    outer loop
      vertex -89.99499999999999 -109.99688871182816 0
      vertex 68.60371967673204 -81.13595829978689 0
      vertex 68.96197542019324 -81.4705458074188 0
    endloop
  endfacet
  facet normal 0 0 -1
    outer loop
      vertex -89.99499999999999 -109.99688871182816 0
      vertex 68.34901965729019 -80.71712196172324 0
      vertex 68.60371967673204 -81.13595829978689 0
    endloop
  endfacet
  facet normal 0 0 -1
    outer loop
      vertex -89.99499999999999 -109.99688871182816 0
      vertex 89.99499999999999 -109.99987530778472 0
      vertex 89.99499999999999 -110 0
    endloop
  endfacet
  facet normal 0 0 -1
    outer loop
      vertex -89.99499999999999 -109.99688871182816 0
      vertex 89.39721669809222 -101.69606965981387 0
      vertex 89.99499999999999 -109.99987530778472 0
    endloop
  endfacet
  facet normal 0 0 -1
    outer loop
      vertex -89.99499999999999 -109.99688871182816 0
      vertex 88.2167652971346 -100.24509996837324 0
      vertex 88.34901965729019 -100.71712196172324 0
    endloop
  endfacet
  facet normal 0 0 -1
    outer loop
      vertex -89.99499999999999 -109.99688871182816 0
      vertex 88.2167652971346 -99.75490003162676 0
      vertex 88.2167652971346 -100.24509996837324 0
    endloop
  endfacet
  facet normal 0 0 -1
    outer loop
      vertex -89.99499999999999 -109.99688871182816 0
      vertex 88.60371967673204 -101.13595829978689 0
      vertex 88.96197542019324 -101.4705458074188 0
    endloop
  endfacet
  facet normal 0 0 -1
    outer loop
      vertex -89.99499999999999 -109.99688871182816 0
      vertex 88.96197542019324 -101.4705458074188 0
      vertex 89.39721669809222 -101.69606965981387 0
    endloop
  endfacet
  facet normal 0 0 -1
    outer loop
      vertex -89.99499999999999 -109.99688871182816 0
      vertex 88.34901965729019 -100.71712196172324 0
      vertex 88.60371967673204 -101.13595829978689 0
    endloop
  endfacet
  facet normal 0 0 -1
    outer loop
      vertex -89.99499999999999 -109.99688871182816 0
      vertex 88.34901965729019 -99.28287803827676 0
      vertex 88.2167652971346 -99.75490003162676 0
    endloop
  endfacet
  facet normal 0 0 -1
    outer loop
      vertex -89.99499999999999 -109.99688871182816 0
      vertex 88.60371967673204 -98.86404170021311 0
      vertex 88.34901965729019 -99.28287803827676 0
    endloop
  endfacet
  facet normal 0 -1 0
    outer loop
      vertex -89.99499999999999 -110 0
      vertex 89.99499999999999 -110 0
      vertex 89.99499999999999 -110 82.3
    endloop
  endfacet
  facet normal 0 0 -1
    outer loop
      vertex -7.316992428735743 -34.616532675779126 0
      vertex -4.882953162088771 -34.8294835181877 0
      vertex 68.34901965729019 -79.28287803827676 0
    endloop
  endfacet
  facet normal 0 0 -1
    outer loop
      vertex -4.882953162088771 -34.8294835181877 0
      vertex -2.442964769175068 -34.9573578913367 0
      vertex 68.34901965729019 -79.28287803827676 0
    endloop
  endfacet
  facet normal 0 0 -1
    outer loop
      vertex -2.442964769175068 -34.9573578913367 0
      vertex 0 -35 0
      vertex 68.34901965729019 -79.28287803827676 0
    endloop
  endfacet
  facet normal 0 0 -1
    outer loop
      vertex 0 -35 0
      vertex 2.442964769175068 -34.9573578913367 0
      vertex 68.34901965729019 -79.28287803827676 0
    endloop
  endfacet
  facet normal 0 0 -1
    outer loop
      vertex 2.442964769175068 -34.9573578913367 0
      vertex 4.882953162088771 -34.8294835181877 0
      vertex 68.34901965729019 -79.28287803827676 0
    endloop
  endfacet
  facet normal 0 0 -1
    outer loop
      vertex 4.882953162088771 -34.8294835181877 0
      vertex 7.316992428735743 -34.616532675779126 0
      vertex 68.34901965729019 -79.28287803827676 0
    endloop
  endfacet
  facet normal 0 0 -1
    outer loop
      vertex 7.316992428735743 -34.616532675779126 0
      vertex 9.74211706720458 -34.31876481190993 0
      vertex 68.34901965729019 -79.28287803827676 0
    endloop
  endfacet
  facet normal 0 0 -1
    outer loop
      vertex 9.74211706720458 -34.31876481190993 0
      vertex 12.155372436685123 -33.93654271085457 0
      vertex 68.34901965729019 -79.28287803827676 0
    endloop
  endfacet
  facet normal 0 0 -1
    outer loop
      vertex 12.155372436685123 -33.93654271085457 0
      vertex 14.553818357243154 -33.4703320513664 0
      vertex 68.34901965729019 -79.28287803827676 0
    endloop
  endfacet
  facet normal 0 0 -1
    outer loop
      vertex 14.553818357243154 -33.4703320513664 0
      vertex 16.93453269197674 -32.92070083931975 0
      vertex 68.34901965729019 -79.28287803827676 0
    endloop
  endfacet
  facet normal 0 0 -1
    outer loop
      vertex 16.93453269197674 -32.92070083931975 0
      vertex 19.294614907189942 -32.28831871568232 0
      vertex 68.34901965729019 -79.28287803827676 0
    endloop
  endfacet
  facet normal 0 0 -1
    outer loop
      vertex 19.294614907189942 -32.28831871568232 0
      vertex 21.631189606246316 -31.57395614066074 0
      vertex 68.34901965729019 -79.28287803827676 0
    endloop
  endfacet
  facet normal 0 0 -1
    outer loop
      vertex 21.631189606246316 -31.57395614066074 0
      vertex 23.94141003279681 -30.778483455013586 0
      vertex 68.34901965729019 -79.28287803827676 0
    endloop
  endfacet
  facet normal 0 0 -1
    outer loop
      vertex 23.94141003279681 -30.778483455013586 0
      vertex 26.22246153911384 -29.902869819675118 0
      vertex 68.34901965729019 -79.28287803827676 0
    endloop
  endfacet
  facet normal 0 0 -1
    outer loop
      vertex 26.22246153911384 -29.902869819675118 0
      vertex 28.471565015306016 -28.94818203498206 0
      vertex 68.34901965729019 -79.28287803827676 0
    endloop
  endfacet
  facet normal 0 0 -1
    outer loop
      vertex 28.471565015306016 -28.94818203498206 0
      vertex 30.68598027523542 -27.915583240941693 0
      vertex 68.34901965729019 -79.28287803827676 0
    endloop
  endfacet
  facet normal 0 0 -1
    outer loop
      vertex 30.68598027523542 -27.915583240941693 0
      vertex 32.863009395012355 -26.80633150012489 0
      vertex 68.34901965729019 -79.28287803827676 0
    endloop
  endfacet
  facet normal 0 0 -1
    outer loop
      vertex 32.863009395012355 -26.80633150012489 0
      vertex 35 -25.621778264910702 0
      vertex 68.60371967673204 -78.86404170021311 0
    endloop
  endfacet
  facet normal 0 0 -1
    outer loop
      vertex 35 -25.621778264910702 0
      vertex 37.09434849632434 -24.363366730949814 0
      vertex 68.96197542019324 -78.5294541925812 0
    endloop
  endfacet
  facet normal 0 0 -1
    outer loop
      vertex 37.09434849632434 -24.363366730949814 0
      vertex 39.143503242952285 -23.03263007885291 0
      vertex 68.96197542019324 -78.5294541925812 0
    endloop
  endfacet
  facet normal 0 0 -1
    outer loop
      vertex 39.143503242952285 -23.03263007885291 0
      vertex 41.14496766047312 -21.631189606246323 0
      vertex 69.39721669809222 -78.30393034018613 0
    endloop
  endfacet
  facet normal 0 0 -1
    outer loop
      vertex 32.863009395012355 -26.80633150012489 0
      vertex 68.60371967673204 -78.86404170021311 0
      vertex 68.34901965729019 -79.28287803827676 0
    endloop
  endfacet
  facet normal 0 0 -1
    outer loop
      vertex 35 -25.621778264910702 0
      vertex 68.96197542019324 -78.5294541925812 0
      vertex 68.60371967673204 -78.86404170021311 0
    endloop
  endfacet
  facet normal 0 0 -1
    outer loop
      vertex 69.39721669809222 -78.30393034018613 0
      vertex 68.96197542019324 -78.5294541925812 0
      vertex 39.143503242952285 -23.03263007885291 0
    endloop
  endfacet
  facet normal 0 0 -1
    outer loop
      vertex 43.09630327279608 -20.160752752470536 0
      vertex 69.87716365594359 -78.20419621545703 0
      vertex 69.39721669809222 -78.30393034018613 0
    endloop
  endfacet
  facet normal 0 0 -1
    outer loop
      vertex 70.36622082349474 -78.23764864217182 0
      vertex 69.87716365594359 -78.20419621545703 0
      vertex 48.62608593212981 -15.353786023705581 0
    endloop
  endfacet
  facet normal 0 0 -1
    outer loop
      vertex 70.82811706791607 -78.40180660687572 0
      vertex 70.36622082349474 -78.23764864217182 0
      vertex 53.62311101832846 -9.99513267805775 0
    endloop
  endfacet
  facet normal 0 0 -1
    outer loop
      vertex 68.96197542019324 -81.4705458074188 0
      vertex 69.39721669809222 -81.69606965981387 0
      vertex 88.60371967673204 -98.86404170021311 0
    endloop
  endfacet
  facet normal 0 0 -1
    outer loop
      vertex 69.39721669809222 -81.69606965981387 0
      vertex 69.87716365594359 -81.79580378454297 0
      vertex 88.60371967673204 -98.86404170021311 0
    endloop
  endfacet
  facet normal 0 0 -1
    outer loop
      vertex 69.87716365594359 -81.79580378454297 0
      vertex 70.36622082349474 -81.76235135782818 0
      vertex 88.60371967673204 -98.86404170021311 0
    endloop
  endfacet
  facet normal 0 0 -1
    outer loop
      vertex 70.36622082349474 -81.76235135782818 0
      vertex 70.82811706791607 -81.59819339312428 0
      vertex 88.60371967673204 -98.86404170021311 0
    endloop
  endfacet
  facet normal 0 0 -1
    outer loop
      vertex 70.82811706791607 -81.59819339312428 0
      vertex 71.22859565779358 -81.31550473570063 0
      vertex 88.60371967673204 -98.86404170021311 0
    endloop
  endfacet
  facet normal 0 0 -1
    outer loop
      vertex 71.22859565779358 -81.31550473570063 0
      vertex 71.53795492818368 -80.93525111006377 0
      vertex 88.96197542019324 -98.5294541925812 0
    endloop
  endfacet
  facet normal 0 0 -1
    outer loop
      vertex 71.73325111722603 -80.48563418808264 0
      vertex 89.39721669809222 -98.30393034018613 0
      vertex 71.53795492818368 -80.93525111006377 0
    endloop
  endfacet
  facet normal 0 0 -1
    outer loop
      vertex 71.8 -80 0
      vertex 89.87716365594359 -98.20419621545703 0
      vertex 71.73325111722603 -80.48563418808264 0
    endloop
  endfacet
  facet normal 0 0 -1
    outer loop
      vertex 71.73325111722603 -79.51436581191736 0
      vertex 90.36622082349474 -98.23764864217182 0
      vertex 71.8 -80 0
    endloop
  endfacet
  facet normal 0 0 -1
    outer loop
      vertex 71.22859565779358 -81.31550473570063 0
      vertex 88.96197542019324 -98.5294541925812 0
      vertex 88.60371967673204 -98.86404170021311 0
    endloop
  endfacet
  facet normal 0 0 -1
    outer loop
      vertex 89.39721669809222 -98.30393034018613 0
      vertex 88.96197542019324 -98.5294541925812 0
      vertex 71.53795492818368 -80.93525111006377 0
    endloop
  endfacet
  facet normal 0 0 -1
    outer loop
      vertex 89.87716365594359 -98.20419621545703 0
      vertex 89.39721669809222 -98.30393034018613 0
      vertex 71.73325111722603 -80.48563418808264 0
    endloop
  endfacet
  facet normal 0 0 -1
    outer loop
      vertex 90.36622082349474 -98.23764864217182 0
      vertex 89.87716365594359 -98.20419621545703 0
      vertex 71.8 -80 0
    endloop
  endfacet
  facet normal 0 0 -1
    outer loop
      vertex 89.99499999999999 -109.99987530778472 0
      vertex 90.82811706791607 -101.59819339312428 0
      vertex 90.48895731546358 -109.98755678140141 0
    endloop
  endfacet
  facet normal 0 0 -1
    outer loop
      vertex 89.99499999999999 -109.99987530778472 0
      vertex 89.39721669809222 -101.69606965981387 0
      vertex 89.87716365594359 -101.79580378454297 0
    endloop
  endfacet
  facet normal 0 0 -1
    outer loop
      vertex 89.99499999999999 -109.99987530778472 0
      vertex 89.87716365594359 -101.79580378454297 0
      vertex 90.36622082349474 -101.76235135782818 0
    endloop
  endfacet
  facet normal 0 0 -1
    outer loop
      vertex 89.99499999999999 -109.99987530778472 0
      vertex 90.36622082349474 -101.76235135782818 0
      vertex 90.82811706791607 -101.59819339312428 0
    endloop
  endfacet
  facet normal 0 0 -1
    outer loop
      vertex 90.48895731546358 -109.98755678140141 0
      vertex 91.22859565779358 -101.31550473570063 0
      vertex 90.98667414442411 -109.95025806140767 0
    endloop
  endfacet
  facet normal 0 0 -1
    outer loop
      vertex 90.98667414442411 -109.95025806140767 0
      vertex 91.53795492818368 -100.93525111006377 0
      vertex 91.4819130844235 -109.88819657051353 0
    endloop
  endfacet
  facet normal 0 0 -1
    outer loop
      vertex 90.48895731546358 -109.98755678140141 0
      vertex 90.82811706791607 -101.59819339312428 0
      vertex 91.22859565779358 -101.31550473570063 0
    endloop
  endfacet
  facet normal 0 0 -1
    outer loop
      vertex 90.98667414442411 -109.95025806140767 0
      vertex 91.22859565779358 -101.31550473570063 0
      vertex 91.53795492818368 -100.93525111006377 0
    endloop
  endfacet
  facet normal 0 0 -1
    outer loop
      vertex 91.4819130844235 -109.88819657051353 0
      vertex 91.53795492818368 -100.93525111006377 0
      vertex 91.73325111722603 -100.48563418808264 0
    endloop
  endfacet
  facet normal 0 0 -1
    outer loop
      vertex 91.4819130844235 -109.88819657051353 0
      vertex 91.73325111722603 -100.48563418808264 0
      vertex 91.8 -100 0
    endloop
  endfacet
  facet normal 0 0 -1
    outer loop
      vertex 99.9720100097836 -100.7380482368001 0
      vertex 99.99688871182816 -99.99499999999999 0
      vertex 99.99688871182816 -100.2395562242981 0
    endloop
  endfacet
  facet normal 0 0 -1
    outer loop
      vertex 41.14496766047312 -21.631189606246323 0
      vertex 43.09630327279608 -20.160752752470536 0
      vertex 69.39721669809222 -78.30393034018613 0
    endloop
  endfacet
  facet normal 0 0 -1
    outer loop
      vertex 43.09630327279608 -20.160752752470536 0
      vertex 44.99513267805775 -18.62311101832846 0
      vertex 69.87716365594359 -78.20419621545703 0
    endloop
  endfacet
  facet normal 0 0 -1
    outer loop
      vertex 44.99513267805775 -18.62311101832846 0
      vertex 46.839142445120075 -17.020137783417596 0
      vertex 69.87716365594359 -78.20419621545703 0
    endloop
  endfacet
  facet normal 0 0 -1
    outer loop
      vertex 69.87716365594359 -78.20419621545703 0
      vertex 46.839142445120075 -17.020137783417596 0
      vertex 48.62608593212981 -15.353786023705581 0
    endloop
  endfacet
  facet normal 0 0 -1
    outer loop
      vertex 70.36622082349474 -78.23764864217182 0
      vertex 48.62608593212981 -15.353786023705581 0
      vertex 50.35378602370558 -13.626085932129811 0
    endloop
  endfacet
  facet normal 0 0 -1
    outer loop
      vertex 70.36622082349474 -78.23764864217182 0
      vertex 50.35378602370558 -13.626085932129811 0
      vertex 52.020137783417596 -11.839142445120075 0
    endloop
  endfacet
  facet normal 0 0 -1
    outer loop
      vertex 70.36622082349474 -78.23764864217182 0
      vertex 52.020137783417596 -11.839142445120075 0
      vertex 53.62311101832846 -9.99513267805775 0
    endloop
  endfacet
  facet normal 0 0 -1
    outer loop
      vertex 70.82811706791607 -78.40180660687572 0
      vertex 53.62311101832846 -9.99513267805775 0
      vertex 55.160752752470536 -8.096303272796078 0
    endloop
  endfacet
  facet normal 0 0 -1
    outer loop
      vertex 70.82811706791607 -78.40180660687572 0
      vertex 55.160752752470536 -8.096303272796078 0
      vertex 56.63118960624632 -6.144967660473121 0
    endloop
  endfacet
  facet normal 0 0 -1
    outer loop
      vertex 70.82811706791607 -78.40180660687572 0
      vertex 56.63118960624632 -6.144967660473121 0
      vertex 58.03263007885291 -4.143503242952285 0
    endloop
  endfacet
  facet normal 0 0 -1
    outer loop
      vertex 71.22859565779358 -78.68449526429937 0
      vertex 70.82811706791607 -78.40180660687572 0
      vertex 58.03263007885291 -4.143503242952285 0
    endloop
  endfacet
  facet normal 0 0 -1
    outer loop
      vertex 71.53795492818368 -79.06474888993623 0
      vertex 60.6217782649107 0 0
      vertex 71.73325111722603 -79.51436581191736 0
    endloop
  endfacet
  facet normal 0 0 -1
    outer loop
      vertex 71.22859565779358 -78.68449526429937 0
      vertex 60.6217782649107 0 0
      vertex 71.53795492818368 -79.06474888993623 0
    endloop
  endfacet
  facet normal 0 0 -1
    outer loop
      vertex 59.363366730949814 -2.0943484963243435 0
      vertex 71.22859565779358 -78.68449526429937 0
      vertex 58.03263007885291 -4.143503242952285 0
    endloop
  endfacet
  facet normal 0 0 -1
    outer loop
      vertex 60.6217782649107 0 0
      vertex 71.22859565779358 -78.68449526429937 0
      vertex 59.363366730949814 -2.0943484963243435 0
    endloop
  endfacet
  facet normal 0 0 -1
    outer loop
      vertex 71.73325111722603 -79.51436581191736 0
      vertex 60.6217782649107 0 0
      vertex 61.80633150012489 2.136990604987645 0
    endloop
  endfacet
  facet normal 0 0 -1
    outer loop
      vertex 71.73325111722603 -79.51436581191736 0
      vertex 61.80633150012489 2.136990604987645 0
      vertex 62.91558324094169 4.314019724764581 0
    endloop
  endfacet
  facet normal 0 0 -1
    outer loop
      vertex 71.73325111722603 -79.51436581191736 0
      vertex 62.91558324094169 4.314019724764581 0
      vertex 63.94818203498206 6.528434984693984 0
    endloop
  endfacet
  facet normal 0 0 -1
    outer loop
      vertex 71.73325111722603 -79.51436581191736 0
      vertex 63.94818203498206 6.528434984693984 0
      vertex 64.90286981967512 8.77753846088616 0
    endloop
  endfacet
  facet normal 0 0 -1
    outer loop
      vertex 71.73325111722603 -79.51436581191736 0
      vertex 64.90286981967512 8.77753846088616 0
      vertex 65.77848345501359 11.05858996720319 0
    endloop
  endfacet
  facet normal 0 0 -1
    outer loop
      vertex 71.73325111722603 -79.51436581191736 0
      vertex 65.77848345501359 11.05858996720319 0
      vertex 66.57395614066074 13.368810393753684 0
    endloop
  endfacet
  facet normal 0 0 -1
    outer loop
      vertex 71.73325111722603 -79.51436581191736 0
      vertex 66.57395614066074 13.368810393753684 0
      vertex 67.28831871568232 15.705385092810058 0
    endloop
  endfacet
  facet normal 0 0 -1
    outer loop
      vertex 71.73325111722603 -79.51436581191736 0
      vertex 67.28831871568232 15.705385092810058 0
      vertex 67.92070083931975 18.06546730802326 0
    endloop
  endfacet
  facet normal 0 0 -1
    outer loop
      vertex 71.73325111722603 -79.51436581191736 0
      vertex 67.92070083931975 18.06546730802326 0
      vertex 90.36622082349474 -98.23764864217182 0
    endloop
  endfacet
  facet normal 0 0 -1
    outer loop
      vertex 99.99987530778472 99.99499999999999 0
      vertex 90.82811706791607 -98.40180660687572 0
      vertex 90.36622082349474 -98.23764864217182 0
    endloop
  endfacet
  facet normal 0 0 -1
    outer loop
      vertex 91.4819130844235 -109.88819657051353 0
      vertex 99.99987530778472 99.99499999999999 0
      vertex 91.97344289342597 -109.80152660336393 0
    endloop
  endfacet
  facet normal 0 0 -1
    outer loop
      vertex 91.97344289342597 -109.80152660336393 0
      vertex 99.99987530778472 99.99499999999999 0
      vertex 92.46004155087984 -109.69046363515307 0
    endloop
  endfacet
  facet normal 0 0 -1
    outer loop
      vertex 92.46004155087984 -109.69046363515307 0
      vertex 99.99987530778472 99.99499999999999 0
      vertex 92.94049929585314 -109.55528378591926 0
    endloop
  endfacet
  facet normal 0 0 -1
    outer loop
      vertex 92.94049929585314 -109.55528378591926 0
      vertex 99.99987530778472 99.99499999999999 0
      vertex 93.41362163468995 -109.39632313406693 0
    endloop
  endfacet
  facet normal 0 0 -1
    outer loop
      vertex 93.41362163468995 -109.39632313406693 0
      vertex 99.99987530778472 99.99499999999999 0
      vertex 93.87823231070969 -109.21397688082277 0
    endloop
  endfacet
  facet normal 0 0 -1
    outer loop
      vertex 93.87823231070969 -109.21397688082277 0
      vertex 99.99987530778472 99.99499999999999 0
      vertex 94.33317622856676 -109.0086983677032 0
    endloop
  endfacet
  facet normal 0 0 -1
    outer loop
      vertex 94.33317622856676 -109.0086983677032 0
      vertex 99.99987530778472 99.99499999999999 0
      vertex 94.77732232599939 -108.78099794943599 0
    endloop
  endfacet
  facet normal 0 0 -1
    outer loop
      vertex 94.77732232599939 -108.78099794943599 0
      vertex 99.99987530778472 99.99499999999999 0
      vertex 95.20956638582877 -108.53144172513788 0
    endloop
  endfacet
  facet normal 0 0 -1
    outer loop
      vertex 91.4819130844235 -109.88819657051353 0
      vertex 91.8 -100 0
      vertex 99.99987530778472 99.99499999999999 0
    endloop
  endfacet
  facet normal 0 0 -1
    outer loop
      vertex 95.20956638582877 -108.53144172513788 0
      vertex 99.99987530778472 99.99499999999999 0
      vertex 95.62883378121685 -108.2606501309031 0
    endloop
  endfacet
  facet normal 0 0 -1
    outer loop
      vertex 95.62883378121685 -108.2606501309031 0
      vertex 99.99987530778472 99.99499999999999 0
      vertex 96.03408214735802 -107.96929639730145 0
    endloop
  endfacet
  facet normal 0 0 -1
    outer loop
      vertex 96.03408214735802 -107.96929639730145 0
      vertex 99.99987530778472 99.99499999999999 0
      vertex 96.42430397296225 -107.65810487562096 0
    endloop
  endfacet
  facet normal 0 0 -1
    outer loop
      vertex 96.42430397296225 -107.65810487562096 0
      vertex 99.99987530778472 99.99499999999999 0
      vertex 96.7985291050869 -107.32784923701655 0
    endloop
  endfacet
  facet normal 0 0 -1
    outer loop
      vertex 96.7985291050869 -107.32784923701655 0
      vertex 99.99987530778472 99.99499999999999 0
      vertex 97.15582716108977 -106.97935054904158 0
    endloop
  endfacet
  facet normal 0 0 -1
    outer loop
      vertex 97.15582716108977 -106.97935054904158 0
      vertex 99.99987530778472 99.99499999999999 0
      vertex 97.49530984170701 -106.61347523434456 0
    endloop
  endfacet
  facet normal 0 0 -1
    outer loop
      vertex 97.49530984170701 -106.61347523434456 0
      vertex 99.99987530778472 99.99499999999999 0
      vertex 97.81613313950497 -106.23113291660592 0
    endloop
  endfacet
  facet normal 0 0 -1
    outer loop
      vertex 97.81613313950497 -106.23113291660592 0
      vertex 99.99987530778472 99.99499999999999 0
      vertex 98.11749943721571 -105.83327415907024 0
    endloop
  endfacet
  facet normal 0 0 -1
    outer loop
      vertex 98.11749943721571 -105.83327415907024 0
      vertex 99.99987530778472 99.99499999999999 0
      vertex 98.39865949073922 -105.42088810129624 0
    endloop
  endfacet
  facet normal 0 0 -1
    outer loop
      vertex 98.39865949073922 -105.42088810129624 0
      vertex 99.99987530778472 99.99499999999999 0
      vertex 98.65891429188223 -104.99499999999999 0
    endloop
  endfacet
  facet normal 0 0 -1
    outer loop
      vertex 98.65891429188223 -104.99499999999999 0
      vertex 99.99987530778472 99.99499999999999 0
      vertex 98.89761680620279 -104.55666868010516 0
    endloop
  endfacet
  facet normal 0 0 -1
    outer loop
      vertex 98.89761680620279 -104.55666868010516 0
      vertex 99.99987530778472 99.99499999999999 0
      vertex 99.11417358163985 -104.10698390233742 0
    endloop
  endfacet
  facet normal 0 0 -1
    outer loop
      vertex 99.11417358163985 -104.10698390233742 0
      vertex 99.99987530778472 99.99499999999999 0
      vertex 99.30804622392847 -103.64706365390761 0
    endloop
  endfacet
  facet normal 0 0 -1
    outer loop
      vertex 99.30804622392847 -103.64706365390761 0
      vertex 99.99987530778472 99.99499999999999 0
      vertex 99.47875273513299 -103.17805136901936 0
    endloop
  endfacet
  facet normal 0 0 -1
    outer loop
      vertex 99.47875273513299 -103.17805136901936 0
      vertex 99.99987530778472 99.99499999999999 0
      vertex 99.62586871196962 -102.70111308611148 0
    endloop
  endfacet
  facet normal 0 0 -1
    outer loop
      vertex 99.62586871196962 -102.70111308611148 0
      vertex 99.99987530778472 99.99499999999999 0
      vertex 99.74902840094005 -102.2174345489027 0
    endloop
  endfacet
  facet normal 0 0 -1
    outer loop
      vertex 99.74902840094005 -102.2174345489027 0
      vertex 99.99987530778472 99.99499999999999 0
      vertex 99.8479256076522 -101.72821825844596 0
    endloop
  endfacet
  facet normal 0 0 -1
    outer loop
      vertex 99.99987530778472 99.99499999999999 0
      vertex 91.8 -100 0
      vertex 91.73325111722603 -99.51436581191736 0
    endloop
  endfacet
  facet normal 0 0 -1
    outer loop
      vertex 99.99987530778472 99.99499999999999 0
      vertex 91.73325111722603 -99.51436581191736 0
      vertex 91.53795492818368 -99.06474888993623 0
    endloop
  endfacet
  facet normal 0 0 -1
    outer loop
      vertex 99.99987530778472 99.99499999999999 0
      vertex 91.22859565779358 -98.68449526429937 0
      vertex 90.82811706791607 -98.40180660687572 0
    endloop
  endfacet
  facet normal 0 0 -1
    outer loop
      vertex 99.99987530778472 99.99499999999999 0
      vertex 91.53795492818368 -99.06474888993623 0
      vertex 91.22859565779358 -98.68449526429937 0
    endloop
  endfacet
  facet normal 0 0 -1
    outer loop
      vertex 99.8479256076522 -101.72821825844596 0
      vertex 99.99987530778472 99.99499999999999 0
      vertex 99.92231445806772 -101.23468048352132 0
    endloop
  endfacet
  facet normal 0 0 -1
    outer loop
      vertex 99.92231445806772 -101.23468048352132 0
      vertex 99.99987530778472 99.99499999999999 0
      vertex 99.9720100097836 -100.7380482368001 0
    endloop
  endfacet
  facet normal 0 0 -1
    outer loop
      vertex 99.9720100097836 -100.7380482368001 0
      vertex 99.99987530778472 99.99499999999999 0
      vertex 99.99688871182816 -99.99499999999999 0
    endloop
  endfacet
  facet normal 0 0 -1
    outer loop
      vertex 100 -99.99499999999999 0
      vertex 99.99688871182816 -99.99499999999999 0
      vertex 100 99.99499999999999 0
    endloop
  endfacet
  facet normal 0 0 -1
    outer loop
      vertex 90.36622082349474 -98.23764864217182 0
      vertex 67.92070083931975 18.06546730802326 0
      vertex 68.4703320513664 20.446181642756848 0
    endloop
  endfacet
  facet normal 0 0 -1
    outer loop
      vertex 90.36622082349474 -98.23764864217182 0
      vertex 68.4703320513664 20.446181642756848 0
      vertex 68.93654271085457 22.844627563314877 0
    endloop
  endfacet
  facet normal 0 0 -1
    outer loop
      vertex 90.36622082349474 -98.23764864217182 0
      vertex 68.93654271085457 22.844627563314877 0
      vertex 69.31876481190993 25.257882932795418 0
    endloop
  endfacet
  facet normal 0 0 -1
    outer loop
      vertex 90.36622082349474 -98.23764864217182 0
      vertex 69.31876481190993 25.257882932795418 0
      vertex 69.61653267577913 27.683007571264255 0
    endloop
  endfacet
  facet normal 0 0 -1
    outer loop
      vertex 90.36622082349474 -98.23764864217182 0
      vertex 69.61653267577913 27.683007571264255 0
      vertex 69.8294835181877 30.11704683791123 0
    endloop
  endfacet
  facet normal 0 0 -1
    outer loop
      vertex 90.36622082349474 -98.23764864217182 0
      vertex 69.8294835181877 30.11704683791123 0
      vertex 69.9573578913367 32.55703523082493 0
    endloop
  endfacet
  facet normal 0 0 -1
    outer loop
      vertex 90.36622082349474 -98.23764864217182 0
      vertex 69.9573578913367 32.55703523082493 0
      vertex 70 35 0
    endloop
  endfacet
  facet normal 0 0 -1
    outer loop
      vertex 90.36622082349474 -98.23764864217182 0
      vertex 70 35 0
      vertex 69.9573578913367 37.44296476917507 0
    endloop
  endfacet
  facet normal 0 0 -1
    outer loop
      vertex 90.36622082349474 -98.23764864217182 0
      vertex 69.9573578913367 37.44296476917507 0
      vertex 69.8294835181877 39.88295316208877 0
    endloop
  endfacet
  facet normal 0 0 -1
    outer loop
      vertex 90.36622082349474 -98.23764864217182 0
      vertex 69.61653267577913 42.316992428735745 0
      vertex 69.31876481190993 44.74211706720458 0
    endloop
  endfacet
  facet normal 0 0 -1
    outer loop
      vertex 90.36622082349474 -98.23764864217182 0
      vertex 69.8294835181877 39.88295316208877 0
      vertex 69.61653267577913 42.316992428735745 0
    endloop
  endfacet
  facet normal 0 0 1
    outer loop
      vertex -85.8893602314299 -107.72337073734306 82.3
      vertex 87.29610129921922 -107.7 82.3
      vertex 85.84797602296851 -107.7 82.3
    endloop
  endfacet
  facet normal 0 0 1
    outer loop
      vertex -89.99499999999999 -110 82.3
      vertex 89.99499999999999 -110 82.3
      vertex 89.99499999999999 -109.99987530778472 82.3
    endloop
  endfacet
  facet normal 0 0 1
    outer loop
      vertex -85.8893602314299 -107.72337073734306 82.3
      vertex 89.99499999999999 -109.99987530778472 82.3
      vertex 88.63532151983473 -108.64027054123763 82.3
    endloop
  endfacet
  facet normal 0 0 1
    outer loop
      vertex -85.8893602314299 -107.72337073734306 82.3
      vertex 87.75553495535019 -107.76053167350771 82.3
      vertex 87.29610129921922 -107.7 82.3
    endloop
  endfacet
  facet normal 0 0 1
    outer loop
      vertex -85.8893602314299 -107.72337073734306 82.3
      vertex 88.63532151983473 -108.64027054123763 82.3
      vertex 87.75553495535019 -107.76053167350771 82.3
    endloop
  endfacet
  facet normal 0 0 1
    outer loop
      vertex 88.63541065971658 -108.64028596750131 82.3
      vertex 88.96836294996565 -108.68544797392839 82.3
      vertex 88.74736206493652 -108.40249539192386 82.3
    endloop
  endfacet
  facet normal 0 0 1
    outer loop
      vertex 89.21516658731339 -108.71376605325122 82.3
      vertex 90.48895731546358 -109.98755678140141 82.3
      vertex 89.52186486251782 -108.73337875393746 82.3
    endloop
  endfacet
  facet normal 0 0 1
    outer loop
      vertex 88.63532151983473 -108.64027054123763 82.3
      vertex 89.99499999999999 -109.99987530778472 82.3
      vertex 88.63541065971658 -108.64028596750131 82.3
    endloop
  endfacet
  facet normal 0 0 1
    outer loop
      vertex 88.63541065971658 -108.64028596750131 82.3
      vertex 89.99499999999999 -109.99987530778472 82.3
      vertex 88.96836294996565 -108.68544797392839 82.3
    endloop
  endfacet
  facet normal 0 0 1
    outer loop
      vertex 88.96836294996565 -108.68544797392839 82.3
      vertex 89.99499999999999 -109.99987530778472 82.3
      vertex 89.21516658731339 -108.71376605325122 82.3
    endloop
  endfacet
  facet normal 0 0 1
    outer loop
      vertex 89.21516658731339 -108.71376605325122 82.3
      vertex 89.52186486251782 -108.73337875393746 82.3
      vertex 89.24126509125644 -108.3694817277995 82.3
    endloop
  endfacet
  facet normal 0 0 1
    outer loop
      vertex 89.21516658731339 -108.71376605325122 82.3
      vertex 89.99499999999999 -109.99987530778472 82.3
      vertex 90.48895731546358 -109.98755678140141 82.3
    endloop
  endfacet
  facet normal 0 0 1
    outer loop
      vertex 89.52186486251782 -108.73337875393746 82.3
      vertex 90.48895731546358 -109.98755678140141 82.3
      vertex 89.74917253140345 -108.712756448387 82.3
    endloop
  endfacet
  facet normal 0 0 1
    outer loop
      vertex 89.74917253140345 -108.712756448387 82.3
      vertex 90.48895731546358 -109.98755678140141 82.3
      vertex 89.7828477702631 -108.74643168724666 82.3
    endloop
  endfacet
  facet normal 0 0 1
    outer loop
      vertex 89.7828477702631 -108.74643168724666 82.3
      vertex 90.48895731546358 -109.98755678140141 82.3
      vertex 90.98667414442411 -109.95025806140767 82.3
    endloop
  endfacet
  facet normal 0 0 1
    outer loop
      vertex 89.7828477702631 -108.74643168724666 82.3
      vertex 90.98667414442411 -109.95025806140767 82.3
      vertex 90.0668763442978 -108.74643168724666 82.3
    endloop
  endfacet
  facet normal 0 0 1
    outer loop
      vertex 90.0668763442978 -108.74643168724666 82.3
      vertex 90.98667414442411 -109.95025806140767 82.3
      vertex 90.24721042587771 -108.65349391196774 82.3
    endloop
  endfacet
  facet normal 0 0 1
    outer loop
      vertex 90.33526488449391 -108.74154837058394 82.3
      vertex 90.24721042587771 -108.65349391196774 82.3
      vertex 90.98667414442411 -109.95025806140767 82.3
    endloop
  endfacet
  facet normal 0 0 1
    outer loop
      vertex 90.33526488449391 -108.74154837058394 82.3
      vertex 90.98667414442411 -109.95025806140767 82.3
      vertex 91.4819130844235 -109.88819657051353 82.3
    endloop
  endfacet
  facet normal 0 0 1
    outer loop
      vertex 90.33526488449391 -108.74154837058394 82.3
      vertex 91.4819130844235 -109.88819657051353 82.3
      vertex 90.60151785263994 -108.7263234750214 82.3
    endloop
  endfacet
  facet normal 0 0 1
    outer loop
      vertex 90.60151785263994 -108.7263234750214 82.3
      vertex 91.4819130844235 -109.88819657051353 82.3
      vertex 90.87530203582003 -108.70338574575798 82.3
    endloop
  endfacet
  facet normal 0 0 1
    outer loop
      vertex 90.60151785263994 -108.7263234750214 82.3
      vertex 90.87530203582003 -108.70338574575798 82.3
      vertex 90.74463371628224 -108.57271742622018 82.3
    endloop
  endfacet
  facet normal 0 0 1
    outer loop
      vertex 90.87530203582003 -108.70338574575798 82.3
      vertex 91.97344289342597 -109.80152660336393 82.3
      vertex 91.12588765093187 -108.67463372491194 82.3
    endloop
  endfacet
  facet normal 0 0 1
    outer loop
      vertex 91.12588765093187 -108.67463372491194 82.3
      vertex 91.40318469433313 -108.63360677860636 82.3
      vertex 91.23980672266042 -108.47022880693365 82.3
    endloop
  endfacet
  facet normal 0 0 1
    outer loop
      vertex 90.87530203582003 -108.70338574575798 82.3
      vertex 91.4819130844235 -109.88819657051353 82.3
      vertex 91.97344289342597 -109.80152660336393 82.3
    endloop
  endfacet
  facet normal 0 0 1
    outer loop
      vertex 91.40318469433313 -108.63360677860636 82.3
      vertex 91.97344289342597 -109.80152660336393 82.3
      vertex 92.46004155087984 -109.69046363515307 82.3
    endloop
  endfacet
  facet normal 0 0 1
    outer loop
      vertex 91.12588765093187 -108.67463372491194 82.3
      vertex 91.97344289342597 -109.80152660336393 82.3
      vertex 91.40318469433313 -108.63360677860636 82.3
    endloop
  endfacet
  facet normal 0 0 1
    outer loop
      vertex 91.63977584479227 -108.59266306857447 82.3
      vertex 91.91881391272854 -108.53359840279465 82.3
      vertex 91.7311006610951 -108.34588515116121 82.3
    endloop
  endfacet
  facet normal 0 0 1
    outer loop
      vertex 91.40318469433313 -108.63360677860636 82.3
      vertex 92.46004155087984 -109.69046363515307 82.3
      vertex 91.63977584479227 -108.59266306857447 82.3
    endloop
  endfacet
  facet normal 0 0 1
    outer loop
      vertex 91.63977584479227 -108.59266306857447 82.3
      vertex 92.46004155087984 -109.69046363515307 82.3
      vertex 91.91881391272854 -108.53359840279465 82.3
    endloop
  endfacet
  facet normal 0 0 1
    outer loop
      vertex 91.91881391272854 -108.53359840279465 82.3
      vertex 92.46004155087984 -109.69046363515307 82.3
      vertex 92.94049929585314 -109.55528378591926 82.3
    endloop
  endfacet
  facet normal 0 0 1
    outer loop
      vertex 91.91881391272854 -108.53359840279465 82.3
      vertex 92.94049929585314 -109.55528378591926 82.3
      vertex 92.14275239417226 -108.48152373998307 82.3
    endloop
  endfacet
  facet normal 0 0 1
    outer loop
      vertex 92.14275239417226 -108.48152373998307 82.3
      vertex 92.94049929585314 -109.55528378591926 82.3
      vertex 92.42185772174483 -108.40455922112183 82.3
    endloop
  endfacet
  facet normal 0 0 1
    outer loop
      vertex 92.14275239417226 -108.48152373998307 82.3
      vertex 92.42185772174483 -108.40455922112183 82.3
      vertex 92.2168989903557 -108.1996004897327 82.3
    endloop
  endfacet
  facet normal 0 0 1
    outer loop
      vertex 92.94049929585314 -109.55528378591926 82.3
      vertex 93.41362163468995 -109.39632313406693 82.3
      vertex 92.42185772174483 -108.40455922112183 82.3
    endloop
  endfacet
  facet normal 0 0 1
    outer loop
      vertex 92.42185772174483 -108.40455922112183 82.3
      vertex 93.41362163468995 -109.39632313406693 82.3
      vertex 92.63422853220932 -108.34220152484265 82.3
    endloop
  endfacet
  facet normal 0 0 1
    outer loop
      vertex 92.63422853220932 -108.34220152484265 82.3
      vertex 93.41362163468995 -109.39632313406693 82.3
      vertex 92.91181541353112 -108.2475599836442 82.3
    endloop
  endfacet
  facet normal 0 0 1
    outer loop
      vertex 92.91181541353112 -108.2475599836442 82.3
      vertex 93.87823231070969 -109.21397688082277 82.3
      vertex 93.11350067233633 -108.17559882800265 82.3
    endloop
  endfacet
  facet normal 0 0 1
    outer loop
      vertex 93.41362163468995 -109.39632313406693 82.3
      vertex 93.87823231070969 -109.21397688082277 82.3
      vertex 92.91181541353112 -108.2475599836442 82.3
    endloop
  endfacet
  facet normal 0 0 1
    outer loop
      vertex 93.11350067233633 -108.17559882800265 82.3
      vertex 93.87823231070969 -109.21397688082277 82.3
      vertex 93.3880637955339 -108.06358593467034 82.3
    endloop
  endfacet
  facet normal 0 0 1
    outer loop
      vertex 92.63422853220932 -108.34220152484265 82.3
      vertex 92.91181541353112 -108.2475599836442 82.3
      vertex 92.6956027196317 -108.03134728974477 82.3
    endloop
  endfacet
  facet normal 0 0 1
    outer loop
      vertex 93.11350067233633 -108.17559882800265 82.3
      vertex 93.3880637955339 -108.06358593467034 82.3
      vertex 93.16563565995266 -107.8411577990891 82.3
    endloop
  endfacet
  facet normal 0 0 1
    outer loop
      vertex 93.57978247119914 -107.98256494578696 82.3
      vertex 93.84989114422723 -107.85356676766382 82.3
      vertex 93.62544960207718 -107.62912522551377 82.3
    endloop
  endfacet
  facet normal 0 0 1
    outer loop
      vertex 93.3880637955339 -108.06358593467034 82.3
      vertex 93.87823231070969 -109.21397688082277 82.3
      vertex 94.33317622856676 -109.0086983677032 82.3
    endloop
  endfacet
  facet normal 0 0 1
    outer loop
      vertex 93.3880637955339 -108.06358593467034 82.3
      vertex 94.33317622856676 -109.0086983677032 82.3
      vertex 93.57978247119914 -107.98256494578696 82.3
    endloop
  endfacet
  facet normal 0 0 1
    outer loop
      vertex 93.57978247119914 -107.98256494578696 82.3
      vertex 94.33317622856676 -109.0086983677032 82.3
      vertex 93.84989114422723 -107.85356676766382 82.3
    endloop
  endfacet
  facet normal 0 0 1
    outer loop
      vertex 94.33317622856676 -109.0086983677032 82.3
      vertex 94.77732232599939 -108.78099794943599 82.3
      vertex 93.84989114422723 -107.85356676766382 82.3
    endloop
  endfacet
  facet normal 0 0 1
    outer loop
      vertex 94.77732232599939 -108.78099794943599 82.3
      vertex 95.20956638582877 -108.53144172513788 82.3
      vertex 94.29652255871636 -107.61839789802548 82.3
    endloop
  endfacet
  facet normal 0 0 1
    outer loop
      vertex 94.03222867261753 -107.76391744078495 82.3
      vertex 94.29652255871636 -107.61839789802548 82.3
      vertex 94.07352940386983 -107.39540474317894 82.3
    endloop
  endfacet
  facet normal 0 0 1
    outer loop
      vertex 94.77732232599939 -108.78099794943599 82.3
      vertex 94.03222867261753 -107.76391744078495 82.3
      vertex 93.84989114422723 -107.85356676766382 82.3
    endloop
  endfacet
  facet normal 0 0 1
    outer loop
      vertex 94.77732232599939 -108.78099794943599 82.3
      vertex 94.29652255871636 -107.61839789802548 82.3
      vertex 94.03222867261753 -107.76391744078495 82.3
    endloop
  endfacet
  facet normal 0 0 1
    outer loop
      vertex 95.20956638582877 -108.53144172513788 82.3
      vertex 94.46995309918398 -107.52045716750953 82.3
      vertex 94.29652255871636 -107.61839789802548 82.3
    endloop
  endfacet
  facet normal 0 0 1
    outer loop
      vertex 95.20956638582877 -108.53144172513788 82.3
      vertex 94.72713915065547 -107.35895550034172 82.3
      vertex 94.46995309918398 -107.52045716750953 82.3
    endloop
  endfacet
  facet normal 0 0 1
    outer loop
      vertex 95.20956638582877 -108.53144172513788 82.3
      vertex 95.62883378121685 -108.2606501309031 82.3
      vertex 94.72713915065547 -107.35895550034172 82.3
    endloop
  endfacet
  facet normal 0 0 1
    outer loop
      vertex 94.72713915065547 -107.35895550034172 82.3
      vertex 95.62883378121685 -108.2606501309031 82.3
      vertex 94.8920423604106 -107.25297864242229 82.3
    endloop
  endfacet
  facet normal 0 0 1
    outer loop
      vertex 94.8920423604106 -107.25297864242229 82.3
      vertex 95.62883378121685 -108.2606501309031 82.3
      vertex 95.14089269860375 -107.07610694854718 82.3
    endloop
  endfacet
  facet normal 0 0 1
    outer loop
      vertex 94.46995309918398 -107.52045716750953 82.3
      vertex 94.72713915065547 -107.35895550034172 82.3
      vertex 94.5083979704793 -107.14021432016554 82.3
    endloop
  endfacet
  facet normal 0 0 1
    outer loop
      vertex 94.8920423604106 -107.25297864242229 82.3
      vertex 95.14089269860375 -107.07610694854718 82.3
      vertex 94.92862111097874 -106.86383536092217 82.3
    endloop
  endfacet
  facet normal 0 0 1
    outer loop
      vertex 95.14089269860375 -107.07610694854718 82.3
      vertex 95.38831676842922 -106.89222746127687 82.3
      vertex 95.34111749036592 -106.85733430730367 82.3
    endloop
  endfacet
  facet normal 0 0 1
    outer loop
      vertex 95.14089269860375 -107.07610694854718 82.3
      vertex 95.62883378121685 -108.2606501309031 82.3
      vertex 96.03408214735802 -107.96929639730145 82.3
    endloop
  endfacet
  facet normal 0 0 1
    outer loop
      vertex 96.03408214735802 -107.96929639730145 82.3
      vertex 96.42430397296225 -107.65810487562096 82.3
      vertex 95.38831676842922 -106.89222746127687 82.3
    endloop
  endfacet
  facet normal 0 0 1
    outer loop
      vertex 95.14089269860375 -107.07610694854718 82.3
      vertex 96.03408214735802 -107.96929639730145 82.3
      vertex 95.38831676842922 -106.89222746127687 82.3
    endloop
  endfacet
  facet normal 0 0 1
    outer loop
      vertex 95.53691686369191 -106.77071776635063 82.3
      vertex 95.77354015448465 -106.57287682213332 82.3
      vertex 95.72793094862367 -106.53928261385474 82.3
    endloop
  endfacet
  facet normal 0 0 1
    outer loop
      vertex 95.38831676842922 -106.89222746127687 82.3
      vertex 96.42430397296225 -107.65810487562096 82.3
      vertex 95.53691686369191 -106.77071776635063 82.3
    endloop
  endfacet
  facet normal 0 0 1
    outer loop
      vertex 95.53691686369191 -106.77071776635063 82.3
      vertex 96.42430397296225 -107.65810487562096 82.3
      vertex 95.77354015448465 -106.57287682213332 82.3
    endloop
  endfacet
  facet normal 0 0 1
    outer loop
      vertex 95.77354015448465 -106.57287682213332 82.3
      vertex 96.42430397296225 -107.65810487562096 82.3
      vertex 96.7985291050869 -107.32784923701655 82.3
    endloop
  endfacet
  facet normal 0 0 1
    outer loop
      vertex 95.77354015448465 -106.57287682213332 82.3
      vertex 96.7985291050869 -107.32784923701655 82.3
      vertex 96.05515971637523 -106.31440872609969 82.3
    endloop
  endfacet
  facet normal 0 0 1
    outer loop
      vertex 96.7985291050869 -107.32784923701655 82.3
      vertex 97.15582716108977 -106.97935054904158 82.3
      vertex 96.05515971637523 -106.31440872609969 82.3
    endloop
  endfacet
  facet normal 0 0 1
    outer loop
      vertex 96.05515971637523 -106.31440872609969 82.3
      vertex 96.27226997127934 -106.09579335923115 82.3
      vertex 96.08781758618635 -105.91134097413816 82.3
    endloop
  endfacet
  facet normal 0 0 1
    outer loop
      vertex 96.27226997127934 -106.09579335923115 82.3
      vertex 96.48443168978771 -105.8727375125864 82.3
      vertex 96.44439580551828 -105.84340055476807 82.3
    endloop
  endfacet
  facet normal 0 0 1
    outer loop
      vertex 96.05515971637523 -106.31440872609969 82.3
      vertex 97.15582716108977 -106.97935054904158 82.3
      vertex 96.27226997127934 -106.09579335923115 82.3
    endloop
  endfacet
  facet normal 0 0 1
    outer loop
      vertex 96.27226997127934 -106.09579335923115 82.3
      vertex 97.15582716108977 -106.97935054904158 82.3
      vertex 96.48443168978771 -105.8727375125864 82.3
    endloop
  endfacet
  facet normal 0 0 1
    outer loop
      vertex 96.48443168978771 -105.8727375125864 82.3
      vertex 97.49530984170701 -106.61347523434456 82.3
      vertex 96.60984149242617 -105.72800688506372 82.3
    endloop
  endfacet
  facet normal 0 0 1
    outer loop
      vertex 96.60984149242617 -105.72800688506372 82.3
      vertex 96.80846695496706 -105.4938230790607 82.3
      vertex 96.77168363953945 -105.46690870926398 82.3
    endloop
  endfacet
  facet normal 0 0 1
    outer loop
      vertex 96.48443168978771 -105.8727375125864 82.3
      vertex 97.15582716108977 -106.97935054904158 82.3
      vertex 97.49530984170701 -106.61347523434456 82.3
    endloop
  endfacet
  facet normal 0 0 1
    outer loop
      vertex 96.60984149242617 -105.72800688506372 82.3
      vertex 97.81613313950497 -106.23113291660592 82.3
      vertex 96.80846695496706 -105.4938230790607 82.3
    endloop
  endfacet
  facet normal 0 0 1
    outer loop
      vertex 96.60984149242617 -105.72800688506372 82.3
      vertex 97.49530984170701 -106.61347523434456 82.3
      vertex 97.81613313950497 -106.23113291660592 82.3
    endloop
  endfacet
  facet normal 0 0 1
    outer loop
      vertex 96.92617578193068 -105.34117555903163 82.3
      vertex 97.81613313950497 -106.23113291660592 82.3
      vertex 98.11749943721571 -105.83327415907024 82.3
    endloop
  endfacet
  facet normal 0 0 1
    outer loop
      vertex 96.80846695496706 -105.4938230790607 82.3
      vertex 97.81613313950497 -106.23113291660592 82.3
      vertex 96.92617578193068 -105.34117555903163 82.3
    endloop
  endfacet
  facet normal 0 0 1
    outer loop
      vertex 96.92617578193068 -105.34117555903163 82.3
      vertex 97.11048083377726 -105.09693356020311 82.3
      vertex 97.07687729039885 -105.0723623624409 82.3
    endloop
  endfacet
  facet normal 0 0 1
    outer loop
      vertex 96.92617578193068 -105.34117555903163 82.3
      vertex 98.11749943721571 -105.83327415907024 82.3
      vertex 97.11048083377726 -105.09693356020311 82.3
    endloop
  endfacet
  facet normal 0 0 1
    outer loop
      vertex 97.11048083377726 -105.09693356020311 82.3
      vertex 98.11749943721571 -105.83327415907024 82.3
      vertex 97.22040291638262 -104.93617763823715 82.3
    endloop
  endfacet
  facet normal 0 0 1
    outer loop
      vertex 97.22040291638262 -104.93617763823715 82.3
      vertex 98.11749943721571 -105.83327415907024 82.3
      vertex 98.39865949073922 -105.42088810129624 82.3
    endloop
  endfacet
  facet normal 0 0 1
    outer loop
      vertex 98.39865949073922 -105.42088810129624 82.3
      vertex 97.49165656940254 -104.51388517995956 82.3
      vertex 97.38967056911186 -104.68300997033127 82.3
    endloop
  endfacet
  facet normal 0 0 1
    outer loop
      vertex 97.22040291638262 -104.93617763823715 82.3
      vertex 98.39865949073922 -105.42088810129624 82.3
      vertex 97.38967056911186 -104.68300997033127 82.3
    endloop
  endfacet
  facet normal 0 0 1
    outer loop
      vertex 98.39865949073922 -105.42088810129624 82.3
      vertex 98.65891429188223 -104.99499999999999 82.3
      vertex 97.49165656940254 -104.51388517995956 82.3
    endloop
  endfacet
  facet normal 0 0 1
    outer loop
      vertex 97.22040291638262 -104.93617763823715 82.3
      vertex 97.38967056911186 -104.68300997033127 82.3
      vertex 97.35896722552698 -104.66055647724212 82.3
    endloop
  endfacet
  facet normal 0 0 1
    outer loop
      vertex 97.49165656940254 -104.51388517995956 82.3
      vertex 97.64523918963411 -104.25298769337535 82.3
      vertex 97.61701893167623 -104.23233040520242 82.3
    endloop
  endfacet
  facet normal 0 0 1
    outer loop
      vertex 97.64523918963411 -104.25298769337535 82.3
      vertex 98.65891429188223 -104.99499999999999 82.3
      vertex 97.7390709754378 -104.07515668355556 82.3
    endloop
  endfacet
  facet normal 0 0 1
    outer loop
      vertex 97.49165656940254 -104.51388517995956 82.3
      vertex 98.65891429188223 -104.99499999999999 82.3
      vertex 97.64523918963411 -104.25298769337535 82.3
    endloop
  endfacet
  facet normal 0 0 1
    outer loop
      vertex 97.7390709754378 -104.07515668355556 82.3
      vertex 98.65891429188223 -104.99499999999999 82.3
      vertex 98.89761680620279 -104.55666868010516 82.3
    endloop
  endfacet
  facet normal 0 0 1
    outer loop
      vertex 97.7390709754378 -104.07515668355556 82.3
      vertex 98.89761680620279 -104.55666868010516 82.3
      vertex 97.87639259213684 -103.80778962713727 82.3
    endloop
  endfacet
  facet normal 0 0 1
    outer loop
      vertex 97.87639259213684 -103.80778962713727 82.3
      vertex 98.89761680620279 -104.55666868010516 82.3
      vertex 97.96177542604768 -103.62082729995005 82.3
    endloop
  endfacet
  facet normal 0 0 1
    outer loop
      vertex 97.7390709754378 -104.07515668355556 82.3
      vertex 97.87639259213684 -103.80778962713727 82.3
      vertex 97.85017594649705 -103.78856456716679 82.3
    endloop
  endfacet
  facet normal 0 0 1
    outer loop
      vertex 97.96177542604768 -103.62082729995005 82.3
      vertex 98.08233414587534 -103.34831704708118 82.3
      vertex 98.057662640017 -103.33017715717659 82.3
    endloop
  endfacet
  facet normal 0 0 1
    outer loop
      vertex 97.96177542604768 -103.62082729995005 82.3
      vertex 99.11417358163985 -104.10698390233742 82.3
      vertex 98.08233414587534 -103.34831704708118 82.3
    endloop
  endfacet
  facet normal 0 0 1
    outer loop
      vertex 97.96177542604768 -103.62082729995005 82.3
      vertex 98.89761680620279 -104.55666868010516 82.3
      vertex 99.11417358163985 -104.10698390233742 82.3
    endloop
  endfacet
  facet normal 0 0 1
    outer loop
      vertex 98.08233414587534 -103.34831704708118 82.3
      vertex 99.11417358163985 -104.10698390233742 82.3
      vertex 98.15888568743846 -103.15169600813603 82.3
    endloop
  endfacet
  facet normal 0 0 1
    outer loop
      vertex 98.15888568743846 -103.15169600813603 82.3
      vertex 99.30804622392847 -103.64706365390761 82.3
      vertex 98.26225619747603 -102.87543762159217 82.3
    endloop
  endfacet
  facet normal 0 0 1
    outer loop
      vertex 98.15888568743846 -103.15169600813603 82.3
      vertex 99.11417358163985 -104.10698390233742 82.3
      vertex 99.30804622392847 -103.64706365390761 82.3
    endloop
  endfacet
  facet normal 0 0 1
    outer loop
      vertex 99.30804622392847 -103.64706365390761 82.3
      vertex 99.47875273513299 -103.17805136901936 82.3
      vertex 98.3294914283706 -102.66850885834974 82.3
    endloop
  endfacet
  facet normal 0 0 1
    outer loop
      vertex 98.15888568743846 -103.15169600813603 82.3
      vertex 98.26225619747603 -102.87543762159217 82.3
      vertex 98.2387867377498 -102.85812090826438 82.3
    endloop
  endfacet
  facet normal 0 0 1
    outer loop
      vertex 98.3294914283706 -102.66850885834974 82.3
      vertex 98.41532754462156 -102.3899697207391 82.3
      vertex 98.39294157804213 -102.37337996003221 82.3
    endloop
  endfacet
  facet normal 0 0 1
    outer loop
      vertex 99.30804622392847 -103.64706365390761 82.3
      vertex 98.3294914283706 -102.66850885834974 82.3
      vertex 98.26225619747603 -102.87543762159217 82.3
    endloop
  endfacet
  facet normal 0 0 1
    outer loop
      vertex 99.47875273513299 -103.17805136901936 82.3
      vertex 98.41532754462156 -102.3899697207391 82.3
      vertex 98.3294914283706 -102.66850885834974 82.3
    endloop
  endfacet
  facet normal 0 0 1
    outer loop
      vertex 99.47875273513299 -103.17805136901936 82.3
      vertex 98.47263831233735 -102.17193694622372 82.3
      vertex 98.41532754462156 -102.3899697207391 82.3
    endloop
  endfacet
  facet normal 0 0 1
    outer loop
      vertex 99.47875273513299 -103.17805136901936 82.3
      vertex 99.62586871196962 -102.70111308611148 82.3
      vertex 98.47263831233735 -102.17193694622372 82.3
    endloop
  endfacet
  facet normal 0 0 1
    outer loop
      vertex 98.47263831233735 -102.17193694622372 82.3
      vertex 98.54067549217974 -101.89266173628855 82.3
      vertex 98.51960809716468 -101.8769668686589 82.3
    endloop
  endfacet
  facet normal 0 0 1
    outer loop
      vertex 98.58730275504553 -101.66254712918739 82.3
      vertex 98.63736041683957 -101.38416448906712 82.3
      vertex 98.6183565365637 -101.36991980029217 82.3
    endloop
  endfacet
  facet normal 0 0 1
    outer loop
      vertex 98.54067549217974 -101.89266173628855 82.3
      vertex 99.62586871196962 -102.70111308611148 82.3
      vertex 98.58730275504553 -101.66254712918739 82.3
    endloop
  endfacet
  facet normal 0 0 1
    outer loop
      vertex 98.47263831233735 -102.17193694622372 82.3
      vertex 99.62586871196962 -102.70111308611148 82.3
      vertex 98.54067549217974 -101.89266173628855 82.3
    endloop
  endfacet
  facet normal 0 0 1
    outer loop
      vertex 98.58730275504553 -101.66254712918739 82.3
      vertex 99.74902840094005 -102.2174345489027 82.3
      vertex 98.63736041683957 -101.38416448906712 82.3
    endloop
  endfacet
  facet normal 0 0 1
    outer loop
      vertex 99.74902840094005 -102.2174345489027 82.3
      vertex 98.67235634114824 -101.1407624891109 82.3
      vertex 98.63736041683957 -101.38416448906712 82.3
    endloop
  endfacet
  facet normal 0 0 1
    outer loop
      vertex 98.58730275504553 -101.66254712918739 82.3
      vertex 99.62586871196962 -102.70111308611148 82.3
      vertex 99.74902840094005 -102.2174345489027 82.3
    endloop
  endfacet
  facet normal 0 0 1
    outer loop
      vertex 99.74902840094005 -102.2174345489027 82.3
      vertex 99.8479256076522 -101.72821825844596 82.3
      vertex 98.67235634114824 -101.1407624891109 82.3
    endloop
  endfacet
  facet normal 0 0 1
    outer loop
      vertex 98.67235634114824 -101.1407624891109 82.3
      vertex 98.70433969604089 -100.86499380121835 82.3
      vertex 98.68884786760567 -100.8532999485251 82.3
    endloop
  endfacet
  facet normal 0 0 1
    outer loop
      vertex 99.8479256076522 -101.72821825844596 82.3
      vertex 98.70433969604089 -100.86499380121835 82.3
      vertex 98.67235634114824 -101.1407624891109 82.3
    endloop
  endfacet
  facet normal 0 0 1
    outer loop
      vertex 99.8479256076522 -101.72821825844596 82.3
      vertex 98.72651529858001 -100.60680794937377 82.3
      vertex 98.70433969604089 -100.86499380121835 82.3
    endloop
  endfacet
  facet normal 0 0 1
    outer loop
      vertex 98.72651529858001 -100.60680794937377 82.3
      vertex 99.92231445806772 -101.23468048352132 82.3
      vertex 98.74041614445694 -100.33547871332917 82.3
    endloop
  endfacet
  facet normal 0 0 1
    outer loop
      vertex 98.72651529858001 -100.60680794937377 82.3
      vertex 98.74041614445694 -100.33547871332917 82.3
      vertex 98.73083493006267 -100.32818921570936 82.3
    endloop
  endfacet
  facet normal 0 0 1
    outer loop
      vertex 98.74041614445694 -100.33547871332917 82.3
      vertex 99.92231445806772 -101.23468048352132 82.3
      vertex 98.74826783014832 -100.06063385560192 82.3
    endloop
  endfacet
  facet normal 0 0 1
    outer loop
      vertex 98.74826783014832 -100.06063385560192 82.3
      vertex 99.9720100097836 -100.7380482368001 82.3
      vertex 98.7441632814942 -99.79568819609227 82.3
    endloop
  endfacet
  facet normal 0 0 1
    outer loop
      vertex 98.7441632814942 -99.79568819609227 82.3
      vertex 99.9720100097836 -100.7380482368001 82.3
      vertex 98.73576774192713 -99.50180596894363 82.3
    endloop
  endfacet
  facet normal 0 0 1
    outer loop
      vertex 99.99688871182816 -100.2395562242981 82.3
      vertex 98.7357296593537 -99.50176788637019 82.3
      vertex 98.73576774192713 -99.50180596894363 82.3
    endloop
  endfacet
  facet normal 0 0 1
    outer loop
      vertex 99.8479256076522 -101.72821825844596 82.3
      vertex 99.92231445806772 -101.23468048352132 82.3
      vertex 98.72651529858001 -100.60680794937377 82.3
    endloop
  endfacet
  facet normal 0 0 1
    outer loop
      vertex 98.74826783014832 -100.06063385560192 82.3
      vertex 99.92231445806772 -101.23468048352132 82.3
      vertex 99.9720100097836 -100.7380482368001 82.3
    endloop
  endfacet
  facet normal 0 0 1
    outer loop
      vertex 99.9720100097836 -100.7380482368001 82.3
      vertex 99.99688871182816 -100.2395562242981 82.3
      vertex 98.73576774192713 -99.50180596894363 82.3
    endloop
  endfacet
  facet normal 0 0 1
    outer loop
      vertex 99.99688871182816 -100.2395562242981 82.3
      vertex 99.99688871182816 -99.99499999999999 82.3
      vertex 98.68172408449036 -98.92439159696029 82.3
    endloop
  endfacet
  facet normal 0 0 1
    outer loop
      vertex 98.69296518429981 -99.22916860800521 82.3
      vertex 98.71381496387257 -99.24532473881963 82.3
      vertex 98.68172408449036 -98.92439159696029 82.3
    endloop
  endfacet
  facet normal 0 0 1
    outer loop
      vertex 99.99688871182816 -100.2395562242981 82.3
      vertex 98.71381496387257 -99.24532473881963 82.3
      vertex 98.7357296593537 -99.50176788637019 82.3
    endloop
  endfacet
  facet normal 0 0 1
    outer loop
      vertex 99.99688871182816 -100.2395562242981 82.3
      vertex 98.68172408449036 -98.92439159696029 82.3
      vertex 98.71381496387257 -99.24532473881963 82.3
    endloop
  endfacet
  facet normal 0 0 1
    outer loop
      vertex 99.99688871182816 -99.99499999999999 82.3
      vertex 98.64034920184312 -98.63662296723454 82.3
      vertex 98.68172408449036 -98.92439159696029 82.3
    endloop
  endfacet
  facet normal 1 0 0
    outer loop
      vertex 100 -99.99499999999999 0
      vertex 100 99.99499999999999 82.3
      vertex 100 -99.99499999999999 82.3
    endloop
  endfacet
  facet normal 0 0 1
    outer loop
      vertex 97.85223625104939 -97.84744246515316 82.3
      vertex 98.64034920184312 -98.63662296723454 82.3
      vertex 97.72096548980917 95.89052960531725 82.3
    endloop
  endfacet
  facet normal 0 0 1
    outer loop
      vertex 97.85223625104939 -97.84744246515316 82.3
      vertex 97.72096548980917 95.89052960531725 82.3
      vertex 97.7 -95.85079558350154 82.3
    endloop
  endfacet
  facet normal 0 0 1
    outer loop
      vertex 99.99688871182816 -99.99499999999999 82.3
      vertex 97.72096548980917 95.89052960531725 82.3
      vertex 98.64034920184312 -98.63662296723454 82.3
    endloop
  endfacet
  facet normal 0 0 1
    outer loop
      vertex 100 -99.99499999999999 82.3
      vertex 99.99987530778472 99.99499999999999 82.3
      vertex 99.99688871182816 -99.99499999999999 82.3
    endloop
  endfacet
  facet normal 0 0 -1
    outer loop
      vertex -89.99499999999999 109.99987530778472 0
      vertex 89.99499999999999 109.99688871182816 0
      vertex 4.882953162088771 104.8294835181877 0
    endloop
  endfacet
  facet normal 0 0 -1
    outer loop
      vertex -89.99499999999999 110 0
      vertex 89.99499999999999 110 0
      vertex 89.99499999999999 109.99688871182816 0
    endloop
  endfacet
  facet normal 0 0 -1
    outer loop
      vertex 89.99499999999999 109.99688871182816 0
      vertex 7.316992428735743 104.61653267577913 0
      vertex 4.882953162088771 104.8294835181877 0
    endloop
  endfacet
  facet normal 0 0 -1
    outer loop
      vertex 89.99499999999999 109.99688871182816 0
      vertex 9.74211706720458 104.31876481190993 0
      vertex 7.316992428735743 104.61653267577913 0
    endloop
  endfacet
  facet normal 0 0 -1
    outer loop
      vertex 89.99499999999999 109.99688871182816 0
      vertex 12.155372436685123 103.93654271085457 0
      vertex 9.74211706720458 104.31876481190993 0
    endloop
  endfacet
  facet normal 0 0 -1
    outer loop
      vertex 89.99499999999999 109.99688871182816 0
      vertex 14.553818357243154 103.4703320513664 0
      vertex 12.155372436685123 103.93654271085457 0
    endloop
  endfacet
  facet normal 0 0 -1
    outer loop
      vertex 89.99499999999999 109.99688871182816 0
      vertex 16.93453269197674 102.92070083931975 0
      vertex 14.553818357243154 103.4703320513664 0
    endloop
  endfacet
  facet normal 0 0 -1
    outer loop
      vertex 89.99499999999999 109.99688871182816 0
      vertex 19.294614907189942 102.28831871568232 0
      vertex 16.93453269197674 102.92070083931975 0
    endloop
  endfacet
  facet normal 0 0 -1
    outer loop
      vertex 89.99499999999999 109.99688871182816 0
      vertex 21.631189606246316 101.57395614066074 0
      vertex 19.294614907189942 102.28831871568232 0
    endloop
  endfacet
  facet normal 0 0 -1
    outer loop
      vertex 89.99499999999999 109.99688871182816 0
      vertex 28.471565015306016 98.94818203498207 0
      vertex 26.22246153911384 99.90286981967512 0
    endloop
  endfacet
  facet normal 0 0 -1
    outer loop
      vertex 89.99499999999999 109.99688871182816 0
      vertex 30.68598027523542 97.91558324094169 0
      vertex 28.471565015306016 98.94818203498207 0
    endloop
  endfacet
  facet normal 0 0 -1
    outer loop
      vertex 89.99499999999999 109.99688871182816 0
      vertex 23.94141003279681 100.77848345501359 0
      vertex 21.631189606246316 101.57395614066074 0
    endloop
  endfacet
  facet normal 0 0 -1
    outer loop
      vertex 89.99499999999999 109.99688871182816 0
      vertex 26.22246153911384 99.90286981967512 0
      vertex 23.94141003279681 100.77848345501359 0
    endloop
  endfacet
  facet normal 0 0 -1
    outer loop
      vertex 99.99987530778472 99.99499999999999 0
      vertex 90.36622082349474 -98.23764864217182 0
      vertex 69.31876481190993 44.74211706720458 0
    endloop
  endfacet
  facet normal 0 0 -1
    outer loop
      vertex 99.99688871182816 -99.99499999999999 0
      vertex 99.99987530778472 99.99499999999999 0
      vertex 100 99.99499999999999 0
    endloop
  endfacet
  facet normal 1 0 0
    outer loop
      vertex 100 -99.99499999999999 0
      vertex 100 99.99499999999999 0
      vertex 100 99.99499999999999 82.3
    endloop
  endfacet
  facet normal 0 0 -1
    outer loop
      vertex 61.80633150012489 67.86300939501236 0
      vertex 60.6217782649107 70 0
      vertex 70.36622082349474 78.23764864217182 0
    endloop
  endfacet
  facet normal 0 0 -1
    outer loop
      vertex 59.363366730949814 72.09434849632434 0
      vertex 68.96197542019324 78.5294541925812 0
      vertex 60.6217782649107 70 0
    endloop
  endfacet
  facet normal 0 0 -1
    outer loop
      vertex 69.39721669809222 78.30393034018613 0
      vertex 60.6217782649107 70 0
      vertex 68.96197542019324 78.5294541925812 0
    endloop
  endfacet
  facet normal 0 0 -1
    outer loop
      vertex 60.6217782649107 70 0
      vertex 69.39721669809222 78.30393034018613 0
      vertex 69.87716365594359 78.20419621545703 0
    endloop
  endfacet
  facet normal 0 0 -1
    outer loop
      vertex 60.6217782649107 70 0
      vertex 69.87716365594359 78.20419621545703 0
      vertex 70.36622082349474 78.23764864217182 0
    endloop
  endfacet
  facet normal 0 0 -1
    outer loop
      vertex 61.80633150012489 67.86300939501236 0
      vertex 70.36622082349474 78.23764864217182 0
      vertex 70.82811706791607 78.40180660687572 0
    endloop
  endfacet
  facet normal 0 0 -1
    outer loop
      vertex 61.80633150012489 67.86300939501236 0
      vertex 70.82811706791607 78.40180660687572 0
      vertex 71.22859565779358 78.68449526429937 0
    endloop
  endfacet
  facet normal 0 0 -1
    outer loop
      vertex 59.363366730949814 72.09434849632434 0
      vertex 68.34901965729019 79.28287803827676 0
      vertex 68.60371967673204 78.86404170021311 0
    endloop
  endfacet
  facet normal 0 0 -1
    outer loop
      vertex 59.363366730949814 72.09434849632434 0
      vertex 68.2167652971346 79.75490003162676 0
      vertex 68.34901965729019 79.28287803827676 0
    endloop
  endfacet
  facet normal 0 0 -1
    outer loop
      vertex 59.363366730949814 72.09434849632434 0
      vertex 68.2167652971346 80.24509996837324 0
      vertex 68.2167652971346 79.75490003162676 0
    endloop
  endfacet
  facet normal 0 0 -1
    outer loop
      vertex 59.363366730949814 72.09434849632434 0
      vertex 68.34901965729019 80.71712196172324 0
      vertex 68.2167652971346 80.24509996837324 0
    endloop
  endfacet
  facet normal 0 0 -1
    outer loop
      vertex 59.363366730949814 72.09434849632434 0
      vertex 68.60371967673204 81.13595829978689 0
      vertex 68.34901965729019 80.71712196172324 0
    endloop
  endfacet
  facet normal 0 0 -1
    outer loop
      vertex 59.363366730949814 72.09434849632434 0
      vertex 68.60371967673204 78.86404170021311 0
      vertex 68.96197542019324 78.5294541925812 0
    endloop
  endfacet
  facet normal 0 0 -1
    outer loop
      vertex 99.0086983677032 104.33317622856676 0
      vertex 62.91558324094169 65.68598027523542 0
      vertex 61.80633150012489 67.86300939501236 0
    endloop
  endfacet
  facet normal 0 0 -1
    outer loop
      vertex 61.80633150012489 67.86300939501236 0
      vertex 71.22859565779358 78.68449526429937 0
      vertex 89.87716365594359 98.20419621545703 0
    endloop
  endfacet
  facet normal 0 0 -1
    outer loop
      vertex 89.99499999999999 109.99688871182816 0
      vertex 46.839142445120075 87.0201377834176 0
      vertex 44.99513267805775 88.62311101832846 0
    endloop
  endfacet
  facet normal 0 0 -1
    outer loop
      vertex 89.99499999999999 109.99688871182816 0
      vertex 48.62608593212981 85.35378602370558 0
      vertex 46.839142445120075 87.0201377834176 0
    endloop
  endfacet
  facet normal 0 0 -1
    outer loop
      vertex 89.99499999999999 109.99688871182816 0
      vertex 32.863009395012355 96.80633150012488 0
      vertex 30.68598027523542 97.91558324094169 0
    endloop
  endfacet
  facet normal 0 0 -1
    outer loop
      vertex 89.99499999999999 109.99688871182816 0
      vertex 35 95.6217782649107 0
      vertex 32.863009395012355 96.80633150012488 0
    endloop
  endfacet
  facet normal 0 0 -1
    outer loop
      vertex 89.99499999999999 109.99688871182816 0
      vertex 39.143503242952285 93.03263007885292 0
      vertex 37.09434849632434 94.36336673094982 0
    endloop
  endfacet
  facet normal 0 0 -1
    outer loop
      vertex 89.99499999999999 109.99688871182816 0
      vertex 37.09434849632434 94.36336673094982 0
      vertex 35 95.6217782649107 0
    endloop
  endfacet
  facet normal 0 0 -1
    outer loop
      vertex 89.99499999999999 109.99688871182816 0
      vertex 41.14496766047312 91.63118960624632 0
      vertex 39.143503242952285 93.03263007885292 0
    endloop
  endfacet
  facet normal 0 0 -1
    outer loop
      vertex 89.99499999999999 109.99688871182816 0
      vertex 43.09630327279608 90.16075275247053 0
      vertex 41.14496766047312 91.63118960624632 0
    endloop
  endfacet
  facet normal 0 0 -1
    outer loop
      vertex 89.99499999999999 109.99688871182816 0
      vertex 44.99513267805775 88.62311101832846 0
      vertex 43.09630327279608 90.16075275247053 0
    endloop
  endfacet
  facet normal 0 0 -1
    outer loop
      vertex 89.99499999999999 109.99688871182816 0
      vertex 55.160752752470536 78.09630327279608 0
      vertex 53.62311101832846 79.99513267805776 0
    endloop
  endfacet
  facet normal 0 0 -1
    outer loop
      vertex 90.2395562242981 109.99688871182816 0
      vertex 58.03263007885291 74.14350324295228 0
      vertex 56.63118960624632 76.14496766047313 0
    endloop
  endfacet
  facet normal 0 0 -1
    outer loop
      vertex 89.99499999999999 109.99688871182816 0
      vertex 56.63118960624632 76.14496766047313 0
      vertex 55.160752752470536 78.09630327279608 0
    endloop
  endfacet
  facet normal 0 0 -1
    outer loop
      vertex 89.99499999999999 109.99688871182816 0
      vertex 53.62311101832846 79.99513267805776 0
      vertex 52.020137783417596 81.83914244512007 0
    endloop
  endfacet
  facet normal 0 0 -1
    outer loop
      vertex 89.99499999999999 109.99688871182816 0
      vertex 52.020137783417596 81.83914244512007 0
      vertex 50.35378602370558 83.62608593212981 0
    endloop
  endfacet
  facet normal 0 0 -1
    outer loop
      vertex 89.99499999999999 109.99688871182816 0
      vertex 50.35378602370558 83.62608593212981 0
      vertex 48.62608593212981 85.35378602370558 0
    endloop
  endfacet
  facet normal 0 0 -1
    outer loop
      vertex 93.64706365390761 109.30804622392847 0
      vertex 59.363366730949814 72.09434849632434 0
      vertex 58.03263007885291 74.14350324295228 0
    endloop
  endfacet
  facet normal 0 0 -1
    outer loop
      vertex 94.10698390233742 109.11417358163985 0
      vertex 68.60371967673204 81.13595829978689 0
      vertex 59.363366730949814 72.09434849632434 0
    endloop
  endfacet
  facet normal 0 0 -1
    outer loop
      vertex 99.99987530778472 99.99499999999999 0
      vertex 69.31876481190993 44.74211706720458 0
      vertex 68.93654271085457 47.15537243668513 0
    endloop
  endfacet
  facet normal 0 0 -1
    outer loop
      vertex 99.99987530778472 99.99499999999999 0
      vertex 68.93654271085457 47.15537243668513 0
      vertex 68.4703320513664 49.55381835724315 0
    endloop
  endfacet
  facet normal 0 0 -1
    outer loop
      vertex 99.99987530778472 99.99499999999999 0
      vertex 68.4703320513664 49.55381835724315 0
      vertex 67.92070083931975 51.93453269197674 0
    endloop
  endfacet
  facet normal 0 0 -1
    outer loop
      vertex 99.99987530778472 99.99499999999999 0
      vertex 67.92070083931975 51.93453269197674 0
      vertex 67.28831871568232 54.29461490718994 0
    endloop
  endfacet
  facet normal 0 0 -1
    outer loop
      vertex 99.99987530778472 99.99499999999999 0
      vertex 67.28831871568232 54.29461490718994 0
      vertex 66.57395614066074 56.631189606246316 0
    endloop
  endfacet
  facet normal 0 0 -1
    outer loop
      vertex 99.99987530778472 99.99499999999999 0
      vertex 66.57395614066074 56.631189606246316 0
      vertex 65.77848345501359 58.94141003279681 0
    endloop
  endfacet
  facet normal 0 0 -1
    outer loop
      vertex 99.99987530778472 99.99499999999999 0
      vertex 64.90286981967512 61.22246153911384 0
      vertex 63.94818203498206 63.47156501530601 0
    endloop
  endfacet
  facet normal 0 0 -1
    outer loop
      vertex 99.99987530778472 99.99499999999999 0
      vertex 65.77848345501359 58.94141003279681 0
      vertex 64.90286981967512 61.22246153911384 0
    endloop
  endfacet
  facet normal 0 0 -1
    outer loop
      vertex 99.88819657051353 101.4819130844235 0
      vertex 63.94818203498206 63.47156501530601 0
      vertex 62.91558324094169 65.68598027523542 0
    endloop
  endfacet
  facet normal 0 0 -1
    outer loop
      vertex 89.87716365594359 98.20419621545703 0
      vertex 71.22859565779358 78.68449526429937 0
      vertex 71.53795492818368 79.06474888993623 0
    endloop
  endfacet
  facet normal 0 0 -1
    outer loop
      vertex 89.87716365594359 98.20419621545703 0
      vertex 71.53795492818368 79.06474888993623 0
      vertex 71.73325111722603 79.51436581191736 0
    endloop
  endfacet
  facet normal 0 0 -1
    outer loop
      vertex 89.87716365594359 98.20419621545703 0
      vertex 71.73325111722603 79.51436581191736 0
      vertex 71.8 80 0
    endloop
  endfacet
  facet normal 0 0 -1
    outer loop
      vertex 88.2167652971346 99.75490003162676 0
      vertex 70.82811706791607 81.59819339312428 0
      vertex 70.36622082349474 81.76235135782818 0
    endloop
  endfacet
  facet normal 0 0 -1
    outer loop
      vertex 88.34901965729019 100.71712196172324 0
      vertex 70.36622082349474 81.76235135782818 0
      vertex 69.87716365594359 81.79580378454297 0
    endloop
  endfacet
  facet normal 0 0 -1
    outer loop
      vertex 88.60371967673204 98.86404170021311 0
      vertex 71.22859565779358 81.31550473570063 0
      vertex 70.82811706791607 81.59819339312428 0
    endloop
  endfacet
  facet normal 0 0 -1
    outer loop
      vertex 88.96197542019324 98.5294541925812 0
      vertex 71.53795492818368 80.93525111006377 0
      vertex 71.22859565779358 81.31550473570063 0
    endloop
  endfacet
  facet normal 0 0 -1
    outer loop
      vertex 89.39721669809222 98.30393034018613 0
      vertex 71.8 80 0
      vertex 71.73325111722603 80.48563418808264 0
    endloop
  endfacet
  facet normal 0 0 -1
    outer loop
      vertex 88.96197542019324 98.5294541925812 0
      vertex 71.73325111722603 80.48563418808264 0
      vertex 71.53795492818368 80.93525111006377 0
    endloop
  endfacet
  facet normal 0 0 -1
    outer loop
      vertex 61.80633150012489 67.86300939501236 0
      vertex 89.87716365594359 98.20419621545703 0
      vertex 90.36622082349474 98.23764864217182 0
    endloop
  endfacet
  facet normal 0 0 -1
    outer loop
      vertex 61.80633150012489 67.86300939501236 0
      vertex 90.36622082349474 98.23764864217182 0
      vertex 90.82811706791607 98.40180660687572 0
    endloop
  endfacet
  facet normal 0 0 -1
    outer loop
      vertex 94.10698390233742 109.11417358163985 0
      vertex 68.96197542019324 81.4705458074188 0
      vertex 68.60371967673204 81.13595829978689 0
    endloop
  endfacet
  facet normal 0 0 -1
    outer loop
      vertex 94.55666868010516 108.89761680620279 0
      vertex 69.39721669809222 81.69606965981387 0
      vertex 68.96197542019324 81.4705458074188 0
    endloop
  endfacet
  facet normal 0 0 -1
    outer loop
      vertex 94.55666868010516 108.89761680620279 0
      vertex 69.87716365594359 81.79580378454297 0
      vertex 69.39721669809222 81.69606965981387 0
    endloop
  endfacet
  facet normal 0 0 -1
    outer loop
      vertex 61.80633150012489 67.86300939501236 0
      vertex 90.82811706791607 98.40180660687572 0
      vertex 91.22859565779358 98.68449526429937 0
    endloop
  endfacet
  facet normal 0 0 -1
    outer loop
      vertex 98.2606501309031 105.62883378121685 0
      vertex 61.80633150012489 67.86300939501236 0
      vertex 91.22859565779358 98.68449526429937 0
    endloop
  endfacet
  facet normal 0 0 -1
    outer loop
      vertex 89.39721669809222 98.30393034018613 0
      vertex 71.73325111722603 80.48563418808264 0
      vertex 88.96197542019324 98.5294541925812 0
    endloop
  endfacet
  facet normal 0 0 -1
    outer loop
      vertex 89.87716365594359 98.20419621545703 0
      vertex 71.8 80 0
      vertex 89.39721669809222 98.30393034018613 0
    endloop
  endfacet
  facet normal 0 0 -1
    outer loop
      vertex 70.82811706791607 81.59819339312428 0
      vertex 88.34901965729019 99.28287803827676 0
      vertex 88.60371967673204 98.86404170021311 0
    endloop
  endfacet
  facet normal 0 0 -1
    outer loop
      vertex 70.82811706791607 81.59819339312428 0
      vertex 88.2167652971346 99.75490003162676 0
      vertex 88.34901965729019 99.28287803827676 0
    endloop
  endfacet
  facet normal 0 0 -1
    outer loop
      vertex 88.2167652971346 99.75490003162676 0
      vertex 70.36622082349474 81.76235135782818 0
      vertex 88.2167652971346 100.24509996837324 0
    endloop
  endfacet
  facet normal 0 0 -1
    outer loop
      vertex 70.36622082349474 81.76235135782818 0
      vertex 88.34901965729019 100.71712196172324 0
      vertex 88.2167652971346 100.24509996837324 0
    endloop
  endfacet
  facet normal 0 0 -1
    outer loop
      vertex 69.87716365594359 81.79580378454297 0
      vertex 88.60371967673204 101.13595829978689 0
      vertex 88.34901965729019 100.71712196172324 0
    endloop
  endfacet
  facet normal 0 0 -1
    outer loop
      vertex 71.22859565779358 81.31550473570063 0
      vertex 88.60371967673204 98.86404170021311 0
      vertex 88.96197542019324 98.5294541925812 0
    endloop
  endfacet
  facet normal 0 0 -1
    outer loop
      vertex 99.80152660336393 101.97344289342597 0
      vertex 62.91558324094169 65.68598027523542 0
      vertex 99.69046363515307 102.46004155087984 0
    endloop
  endfacet
  facet normal 0 0 -1
    outer loop
      vertex 99.55528378591926 102.94049929585314 0
      vertex 99.69046363515307 102.46004155087984 0
      vertex 62.91558324094169 65.68598027523542 0
    endloop
  endfacet
  facet normal 0 0 -1
    outer loop
      vertex 99.55528378591926 102.94049929585314 0
      vertex 62.91558324094169 65.68598027523542 0
      vertex 99.39632313406693 103.41362163468995 0
    endloop
  endfacet
  facet normal 0 0 -1
    outer loop
      vertex 99.21397688082277 103.87823231070969 0
      vertex 99.39632313406693 103.41362163468995 0
      vertex 62.91558324094169 65.68598027523542 0
    endloop
  endfacet
  facet normal 0 0 -1
    outer loop
      vertex 98.78099794943599 104.77732232599939 0
      vertex 99.0086983677032 104.33317622856676 0
      vertex 61.80633150012489 67.86300939501236 0
    endloop
  endfacet
  facet normal 0 0 -1
    outer loop
      vertex 98.78099794943599 104.77732232599939 0
      vertex 61.80633150012489 67.86300939501236 0
      vertex 98.53144172513788 105.20956638582877 0
    endloop
  endfacet
  facet normal 0 0 -1
    outer loop
      vertex 99.21397688082277 103.87823231070969 0
      vertex 62.91558324094169 65.68598027523542 0
      vertex 99.0086983677032 104.33317622856676 0
    endloop
  endfacet
  facet normal 0 0 -1
    outer loop
      vertex 98.2606501309031 105.62883378121685 0
      vertex 98.53144172513788 105.20956638582877 0
      vertex 61.80633150012489 67.86300939501236 0
    endloop
  endfacet
  facet normal 0 0 -1
    outer loop
      vertex 89.99499999999999 109.99688871182816 0
      vertex 90.2395562242981 109.99688871182816 0
      vertex 56.63118960624632 76.14496766047313 0
    endloop
  endfacet
  facet normal 0 0 -1
    outer loop
      vertex 90.2395562242981 109.99688871182816 0
      vertex 90.7380482368001 109.9720100097836 0
      vertex 58.03263007885291 74.14350324295228 0
    endloop
  endfacet
  facet normal 0 0 -1
    outer loop
      vertex 91.72821825844596 109.8479256076522 0
      vertex 92.2174345489027 109.74902840094005 0
      vertex 58.03263007885291 74.14350324295228 0
    endloop
  endfacet
  facet normal 0 0 -1
    outer loop
      vertex 92.2174345489027 109.74902840094005 0
      vertex 92.70111308611148 109.62586871196962 0
      vertex 58.03263007885291 74.14350324295228 0
    endloop
  endfacet
  facet normal 0 0 -1
    outer loop
      vertex 90.7380482368001 109.9720100097836 0
      vertex 91.23468048352132 109.92231445806772 0
      vertex 58.03263007885291 74.14350324295228 0
    endloop
  endfacet
  facet normal 0 0 -1
    outer loop
      vertex 91.23468048352132 109.92231445806772 0
      vertex 91.72821825844596 109.8479256076522 0
      vertex 58.03263007885291 74.14350324295228 0
    endloop
  endfacet
  facet normal 0 0 -1
    outer loop
      vertex 92.70111308611148 109.62586871196962 0
      vertex 93.17805136901936 109.47875273513299 0
      vertex 58.03263007885291 74.14350324295228 0
    endloop
  endfacet
  facet normal 0 0 -1
    outer loop
      vertex 93.17805136901936 109.47875273513299 0
      vertex 93.64706365390761 109.30804622392847 0
      vertex 58.03263007885291 74.14350324295228 0
    endloop
  endfacet
  facet normal 0 0 -1
    outer loop
      vertex 93.64706365390761 109.30804622392847 0
      vertex 94.10698390233742 109.11417358163985 0
      vertex 59.363366730949814 72.09434849632434 0
    endloop
  endfacet
  facet normal 0 0 -1
    outer loop
      vertex 94.99499999999999 108.65891429188223 0
      vertex 88.60371967673204 101.13595829978689 0
      vertex 69.87716365594359 81.79580378454297 0
    endloop
  endfacet
  facet normal 0 0 -1
    outer loop
      vertex 94.10698390233742 109.11417358163985 0
      vertex 94.55666868010516 108.89761680620279 0
      vertex 68.96197542019324 81.4705458074188 0
    endloop
  endfacet
  facet normal 0 0 -1
    outer loop
      vertex 94.55666868010516 108.89761680620279 0
      vertex 94.99499999999999 108.65891429188223 0
      vertex 69.87716365594359 81.79580378454297 0
    endloop
  endfacet
  facet normal 0 0 -1
    outer loop
      vertex 99.99987530778472 99.99499999999999 0
      vertex 63.94818203498206 63.47156501530601 0
      vertex 99.98755678140141 100.48895731546358 0
    endloop
  endfacet
  facet normal 0 0 -1
    outer loop
      vertex 99.98755678140141 100.48895731546358 0
      vertex 63.94818203498206 63.47156501530601 0
      vertex 99.95025806140767 100.98667414442411 0
    endloop
  endfacet
  facet normal 0 0 -1
    outer loop
      vertex 99.95025806140767 100.98667414442411 0
      vertex 63.94818203498206 63.47156501530601 0
      vertex 99.88819657051353 101.4819130844235 0
    endloop
  endfacet
  facet normal 0 0 -1
    outer loop
      vertex 99.88819657051353 101.4819130844235 0
      vertex 62.91558324094169 65.68598027523542 0
      vertex 99.80152660336393 101.97344289342597 0
    endloop
  endfacet
  facet normal 0 0 -1
    outer loop
      vertex 98.2606501309031 105.62883378121685 0
      vertex 91.22859565779358 98.68449526429937 0
      vertex 91.53795492818368 99.06474888993623 0
    endloop
  endfacet
  facet normal 0 0 -1
    outer loop
      vertex 97.96929639730145 106.03408214735802 0
      vertex 91.53795492818368 99.06474888993623 0
      vertex 91.73325111722603 99.51436581191736 0
    endloop
  endfacet
  facet normal 0 0 -1
    outer loop
      vertex 97.65810487562096 106.42430397296225 0
      vertex 91.73325111722603 100.48563418808264 0
      vertex 91.53795492818368 100.93525111006377 0
    endloop
  endfacet
  facet normal 0 0 -1
    outer loop
      vertex 97.32784923701655 106.7985291050869 0
      vertex 91.53795492818368 100.93525111006377 0
      vertex 91.22859565779358 101.31550473570063 0
    endloop
  endfacet
  facet normal 0 0 -1
    outer loop
      vertex 95.42088810129624 108.39865949073922 0
      vertex 88.96197542019324 101.4705458074188 0
      vertex 88.60371967673204 101.13595829978689 0
    endloop
  endfacet
  facet normal 0 0 -1
    outer loop
      vertex 95.42088810129624 108.39865949073922 0
      vertex 89.39721669809222 101.69606965981387 0
      vertex 88.96197542019324 101.4705458074188 0
    endloop
  endfacet
  facet normal 0 0 -1
    outer loop
      vertex 95.42088810129624 108.39865949073922 0
      vertex 89.87716365594359 101.79580378454297 0
      vertex 89.39721669809222 101.69606965981387 0
    endloop
  endfacet
  facet normal 0 0 -1
    outer loop
      vertex 95.83327415907024 108.11749943721571 0
      vertex 90.36622082349474 101.76235135782818 0
      vertex 89.87716365594359 101.79580378454297 0
    endloop
  endfacet
  facet normal 0 0 -1
    outer loop
      vertex 96.23113291660592 107.81613313950497 0
      vertex 90.82811706791607 101.59819339312428 0
      vertex 90.36622082349474 101.76235135782818 0
    endloop
  endfacet
  facet normal 0 0 -1
    outer loop
      vertex 96.61347523434456 107.49530984170701 0
      vertex 91.22859565779358 101.31550473570063 0
      vertex 90.82811706791607 101.59819339312428 0
    endloop
  endfacet
  facet normal 0 0 -1
    outer loop
      vertex 94.99499999999999 108.65891429188223 0
      vertex 95.42088810129624 108.39865949073922 0
      vertex 88.60371967673204 101.13595829978689 0
    endloop
  endfacet
  facet normal 0 0 -1
    outer loop
      vertex 95.83327415907024 108.11749943721571 0
      vertex 89.87716365594359 101.79580378454297 0
      vertex 95.42088810129624 108.39865949073922 0
    endloop
  endfacet
  facet normal 0 0 -1
    outer loop
      vertex 97.96929639730145 106.03408214735802 0
      vertex 91.73325111722603 99.51436581191736 0
      vertex 91.8 100 0
    endloop
  endfacet
  facet normal 0 0 -1
    outer loop
      vertex 97.96929639730145 106.03408214735802 0
      vertex 91.8 100 0
      vertex 91.73325111722603 100.48563418808264 0
    endloop
  endfacet
  facet normal 0 0 -1
    outer loop
      vertex 95.83327415907024 108.11749943721571 0
      vertex 96.23113291660592 107.81613313950497 0
      vertex 90.36622082349474 101.76235135782818 0
    endloop
  endfacet
  facet normal 0 0 -1
    outer loop
      vertex 96.23113291660592 107.81613313950497 0
      vertex 96.61347523434456 107.49530984170701 0
      vertex 90.82811706791607 101.59819339312428 0
    endloop
  endfacet
  facet normal 0 0 -1
    outer loop
      vertex 96.97935054904158 107.15582716108977 0
      vertex 97.32784923701655 106.7985291050869 0
      vertex 91.22859565779358 101.31550473570063 0
    endloop
  endfacet
  facet normal 0 0 -1
    outer loop
      vertex 96.61347523434456 107.49530984170701 0
      vertex 96.97935054904158 107.15582716108977 0
      vertex 91.22859565779358 101.31550473570063 0
    endloop
  endfacet
  facet normal 0 0 -1
    outer loop
      vertex 98.2606501309031 105.62883378121685 0
      vertex 91.53795492818368 99.06474888993623 0
      vertex 97.96929639730145 106.03408214735802 0
    endloop
  endfacet
  facet normal 0 0 -1
    outer loop
      vertex 97.65810487562096 106.42430397296225 0
      vertex 91.53795492818368 100.93525111006377 0
      vertex 97.32784923701655 106.7985291050869 0
    endloop
  endfacet
  facet normal 0 0 -1
    outer loop
      vertex 97.96929639730145 106.03408214735802 0
      vertex 91.73325111722603 100.48563418808264 0
      vertex 97.65810487562096 106.42430397296225 0
    endloop
  endfacet
  facet normal 0 1 0
    outer loop
      vertex -89.99499999999999 110 82.3
      vertex 89.99499999999999 110 82.3
      vertex 89.99499999999999 110 0
    endloop
  endfacet
  facet normal 0 0 1
    outer loop
      vertex -89.99499999999999 109.99987530778472 82.3
      vertex 85.8893602314299 107.72337073734306 82.3
      vertex 85.88945271792585 107.72342296686936 82.3
    endloop
  endfacet
  facet normal 0 0 1
    outer loop
      vertex -89.99499999999999 109.99987530778472 82.3
      vertex 85.88945271792585 107.72342296686936 82.3
      vertex 88.26233341684973 108.05806985997961 82.3
    endloop
  endfacet
  facet normal 0 0 1
    outer loop
      vertex -85.84797602296851 107.7 82.3
      vertex 85.84797602296851 107.7 82.3
      vertex 85.8893602314299 107.72337073734306 82.3
    endloop
  endfacet
  facet normal 0 0 1
    outer loop
      vertex -89.99499999999999 109.99987530778472 82.3
      vertex 88.26233341684973 108.05806985997961 82.3
      vertex 88.80639511816669 108.66686389648966 82.3
    endloop
  endfacet
  facet normal 0 0 1
    outer loop
      vertex -89.99499999999999 109.99987530778472 82.3
      vertex 88.80639511816669 108.66686389648966 82.3
      vertex 89.99499999999999 109.99688871182816 82.3
    endloop
  endfacet
  facet normal 0 0 1
    outer loop
      vertex -89.99499999999999 109.99987530778472 82.3
      vertex 89.99499999999999 109.99688871182816 82.3
      vertex 89.99499999999999 110 82.3
    endloop
  endfacet
  facet normal 0 0 1
    outer loop
      vertex 97.7 -95.85079558350154 82.3
      vertex 97.72096548980917 95.89052960531725 82.3
      vertex 97.7 95.85079558350154 82.3
    endloop
  endfacet
  facet normal 0 0 1
    outer loop
      vertex 99.99688871182816 -99.99499999999999 82.3
      vertex 97.72362970403667 100.64113185370734 82.3
      vertex 97.72096548980917 95.89052960531725 82.3
    endloop
  endfacet
  facet normal 0 0 1
    outer loop
      vertex 100 -99.99499999999999 82.3
      vertex 100 99.99499999999999 82.3
      vertex 99.99987530778472 99.99499999999999 82.3
    endloop
  endfacet
  facet normal 0 0 1
    outer loop
      vertex 99.99688871182816 -99.99499999999999 82.3
      vertex 99.99987530778472 99.99499999999999 82.3
      vertex 99.95025806140767 100.98667414442411 82.3
    endloop
  endfacet
  facet normal 0 0 1
    outer loop
      vertex 99.99688871182816 -99.99499999999999 82.3
      vertex 99.95025806140767 100.98667414442411 82.3
      vertex 99.88819657051353 101.4819130844235 82.3
    endloop
  endfacet
  facet normal 0 0 1
    outer loop
      vertex 99.99688871182816 -99.99499999999999 82.3
      vertex 98.2606501309031 105.62883378121685 82.3
      vertex 97.72362970403667 100.64113185370734 82.3
    endloop
  endfacet
  facet normal 0 0 1
    outer loop
      vertex 99.99688871182816 -99.99499999999999 82.3
      vertex 99.88819657051353 101.4819130844235 82.3
      vertex 99.80152660336393 101.97344289342597 82.3
    endloop
  endfacet
  facet normal 0 0 1
    outer loop
      vertex 99.99688871182816 -99.99499999999999 82.3
      vertex 99.69046363515307 102.46004155087984 82.3
      vertex 99.55528378591926 102.94049929585314 82.3
    endloop
  endfacet
  facet normal 0 0 1
    outer loop
      vertex 99.99688871182816 -99.99499999999999 82.3
      vertex 99.80152660336393 101.97344289342597 82.3
      vertex 99.69046363515307 102.46004155087984 82.3
    endloop
  endfacet
  facet normal 0 0 1
    outer loop
      vertex 99.99688871182816 -99.99499999999999 82.3
      vertex 99.21397688082277 103.87823231070969 82.3
      vertex 99.0086983677032 104.33317622856676 82.3
    endloop
  endfacet
  facet normal 0 0 1
    outer loop
      vertex 99.99688871182816 -99.99499999999999 82.3
      vertex 99.39632313406693 103.41362163468995 82.3
      vertex 99.21397688082277 103.87823231070969 82.3
    endloop
  endfacet
  facet normal 0 0 1
    outer loop
      vertex 99.99688871182816 -99.99499999999999 82.3
      vertex 99.55528378591926 102.94049929585314 82.3
      vertex 99.39632313406693 103.41362163468995 82.3
    endloop
  endfacet
  facet normal 0 0 1
    outer loop
      vertex 99.99688871182816 -99.99499999999999 82.3
      vertex 98.53144172513788 105.20956638582877 82.3
      vertex 98.2606501309031 105.62883378121685 82.3
    endloop
  endfacet
  facet normal 0 0 1
    outer loop
      vertex 99.99688871182816 -99.99499999999999 82.3
      vertex 98.78099794943599 104.77732232599939 82.3
      vertex 98.53144172513788 105.20956638582877 82.3
    endloop
  endfacet
  facet normal 0 0 1
    outer loop
      vertex 99.99688871182816 -99.99499999999999 82.3
      vertex 99.0086983677032 104.33317622856676 82.3
      vertex 98.78099794943599 104.77732232599939 82.3
    endloop
  endfacet
  facet normal 0 0 1
    outer loop
      vertex 85.88945271792585 107.72342296686936 82.3
      vertex 87.79740977092237 107.69872849710504 82.3
      vertex 88.26233341684973 108.05806985997961 82.3
    endloop
  endfacet
  facet normal 0 0 1
    outer loop
      vertex 89.78644189081618 107.47550913806445 82.3
      vertex 89.9569318756311 108.74643168724666 82.3
      vertex 89.75013455555516 107.48284882423296 82.3
    endloop
  endfacet
  facet normal 0 0 1
    outer loop
      vertex 89.25121867581015 108.33119836528574 82.3
      vertex 89.42841841525293 108.72803529275389 82.3
      vertex 89.1290893486876 108.7038896101911 82.3
    endloop
  endfacet
  facet normal 0 0 1
    outer loop
      vertex 88.80639511816669 108.66686389648966 82.3
      vertex 89.1290893486876 108.7038896101911 82.3
      vertex 89.99499999999999 109.99688871182816 82.3
    endloop
  endfacet
  facet normal 0 0 1
    outer loop
      vertex 89.75013455555516 107.48284882423296 82.3
      vertex 89.9569318756311 108.74643168724666 82.3
      vertex 89.7050001201305 108.7438508068516 82.3
    endloop
  endfacet
  facet normal 0 0 1
    outer loop
      vertex 89.1290893486876 108.7038896101911 82.3
      vertex 89.42841841525293 108.72803529275389 82.3
      vertex 89.99499999999999 109.99688871182816 82.3
    endloop
  endfacet
  facet normal 0 0 1
    outer loop
      vertex 89.42841841525293 108.72803529275389 82.3
      vertex 89.7050001201305 108.7438508068516 82.3
      vertex 89.99499999999999 109.99688871182816 82.3
    endloop
  endfacet
  facet normal 0 0 1
    outer loop
      vertex 90.26484394966202 108.22211559804029 82.3
      vertex 90.31541693954776 108.74268331713887 82.3
      vertex 90.18512473187376 108.74643168724666 82.3
    endloop
  endfacet
  facet normal 0 0 1
    outer loop
      vertex 89.7050001201305 108.7438508068516 82.3
      vertex 89.9569318756311 108.74643168724666 82.3
      vertex 89.99499999999999 109.99688871182816 82.3
    endloop
  endfacet
  facet normal 0 0 1
    outer loop
      vertex 89.9569318756311 108.74643168724666 82.3
      vertex 90.18512473187376 108.74643168724666 82.3
      vertex 89.99499999999999 109.99688871182816 82.3
    endloop
  endfacet
  facet normal 0 0 1
    outer loop
      vertex 90.18512473187376 108.74643168724666 82.3
      vertex 90.2395562242981 109.99688871182816 82.3
      vertex 89.99499999999999 109.99688871182816 82.3
    endloop
  endfacet
  facet normal 0 0 1
    outer loop
      vertex 90.18512473187376 108.74643168724666 82.3
      vertex 90.31541693954776 108.74268331713887 82.3
      vertex 90.2395562242981 109.99688871182816 82.3
    endloop
  endfacet
  facet normal 0 0 1
    outer loop
      vertex 90.31541693954776 108.74268331713887 82.3
      vertex 90.57959366934999 108.7275771451803 82.3
      vertex 90.7380482368001 109.9720100097836 82.3
    endloop
  endfacet
  facet normal 0 0 1
    outer loop
      vertex 90.31541693954776 108.74268331713887 82.3
      vertex 90.7380482368001 109.9720100097836 82.3
      vertex 90.2395562242981 109.99688871182816 82.3
    endloop
  endfacet
  facet normal 0 0 1
    outer loop
      vertex 93.69966773168593 105.69146120381687 82.3
      vertex 93.75243567611291 107.90148239531462 82.3
      vertex 93.63488136376651 105.74053497050467 82.3
    endloop
  endfacet
  facet normal 0 0 1
    outer loop
      vertex 90.79199295441073 107.2052982404612 82.3
      vertex 90.80120787977556 108.71188725817802 82.3
      vertex 90.74878132418985 107.21862726314289 82.3
    endloop
  endfacet
  facet normal 0 0 1
    outer loop
      vertex 90.57959366934999 108.7275771451803 82.3
      vertex 90.74878132418985 107.21862726314289 82.3
      vertex 90.80120787977556 108.71188725817802 82.3
    endloop
  endfacet
  facet normal 0 0 1
    outer loop
      vertex 91.2919005674824 107.02812394541752 82.3
      vertex 91.283578823616 108.65430538918099 82.3
      vertex 91.24525483489124 107.04510160363624 82.3
    endloop
  endfacet
  facet normal 0 0 1
    outer loop
      vertex 91.24525483489124 107.04510160363624 82.3
      vertex 91.283578823616 108.65430538918099 82.3
      vertex 91.07328200612166 108.68066966035671 82.3
    endloop
  endfacet
  facet normal 0 0 1
    outer loop
      vertex 91.78450192093112 106.93627169095498 82.3
      vertex 91.76139185311459 108.5702053343977 82.3
      vertex 91.47423484037192 108.62131106690502 82.3
    endloop
  endfacet
  facet normal 0 0 1
    outer loop
      vertex 91.94281515428595 108.5280171531894 82.3
      vertex 92.22441042419301 106.79602575586638 82.3
      vertex 92.2404340414143 107.90163519628138 82.3
    endloop
  endfacet
  facet normal 0 0 1
    outer loop
      vertex 90.57959366934999 108.7275771451803 82.3
      vertex 90.80120787977556 108.71188725817802 82.3
      vertex 90.7380482368001 109.9720100097836 82.3
    endloop
  endfacet
  facet normal 0 0 1
    outer loop
      vertex 91.07328200612166 108.68066966035671 82.3
      vertex 91.283578823616 108.65430538918099 82.3
      vertex 91.23468048352132 109.92231445806772 82.3
    endloop
  endfacet
  facet normal 0 0 1
    outer loop
      vertex 90.80120787977556 108.71188725817802 82.3
      vertex 91.07328200612166 108.68066966035671 82.3
      vertex 91.23468048352132 109.92231445806772 82.3
    endloop
  endfacet
  facet normal 0 0 1
    outer loop
      vertex 91.283578823616 108.65430538918099 82.3
      vertex 91.47423484037192 108.62131106690502 82.3
      vertex 91.23468048352132 109.92231445806772 82.3
    endloop
  endfacet
  facet normal 0 0 1
    outer loop
      vertex 90.80120787977556 108.71188725817802 82.3
      vertex 91.23468048352132 109.92231445806772 82.3
      vertex 90.7380482368001 109.9720100097836 82.3
    endloop
  endfacet
  facet normal 0 0 1
    outer loop
      vertex 91.47423484037192 108.62131106690502 82.3
      vertex 91.76139185311459 108.5702053343977 82.3
      vertex 91.72821825844596 109.8479256076522 82.3
    endloop
  endfacet
  facet normal 0 0 1
    outer loop
      vertex 91.94281515428595 108.5280171531894 82.3
      vertex 92.2404340414143 107.90163519628138 82.3
      vertex 92.23348417665389 108.45987068452925 82.3
    endloop
  endfacet
  facet normal 0 0 1
    outer loop
      vertex 91.76139185311459 108.5702053343977 82.3
      vertex 91.94281515428595 108.5280171531894 82.3
      vertex 91.72821825844596 109.8479256076522 82.3
    endloop
  endfacet
  facet normal 0 0 1
    outer loop
      vertex 91.94281515428595 108.5280171531894 82.3
      vertex 92.23348417665389 108.45987068452925 82.3
      vertex 92.2174345489027 109.74902840094005 82.3
    endloop
  endfacet
  facet normal 0 0 1
    outer loop
      vertex 91.23468048352132 109.92231445806772 82.3
      vertex 91.47423484037192 108.62131106690502 82.3
      vertex 91.72821825844596 109.8479256076522 82.3
    endloop
  endfacet
  facet normal 0 0 1
    outer loop
      vertex 91.94281515428595 108.5280171531894 82.3
      vertex 92.2174345489027 109.74902840094005 82.3
      vertex 91.72821825844596 109.8479256076522 82.3
    endloop
  endfacet
  facet normal 0 0 1
    outer loop
      vertex 92.7611266441413 106.31850514081914 82.3
      vertex 92.86307674543517 108.26494990545302 82.3
      vertex 92.70389870078078 106.35347640903204 82.3
    endloop
  endfacet
  facet normal 0 0 1
    outer loop
      vertex 92.70389870078078 106.35347640903204 82.3
      vertex 92.86307674543517 108.26494990545302 82.3
      vertex 92.69867569416552 108.32327813069762 82.3
    endloop
  endfacet
  facet normal 0 0 1
    outer loop
      vertex 93.23551087673518 106.02051100567311 82.3
      vertex 93.31224523600225 108.09562712548106 82.3
      vertex 93.17456742181811 106.06206154969219 82.3
    endloop
  endfacet
  facet normal 0 0 1
    outer loop
      vertex 93.63488136376651 105.74053497050467 82.3
      vertex 93.75243567611291 107.90148239531462 82.3
      vertex 93.60352673413317 107.972530536481 82.3
    endloop
  endfacet
  facet normal 0 0 1
    outer loop
      vertex 93.17456742181811 106.06206154969219 82.3
      vertex 93.31224523600225 108.09562712548106 82.3
      vertex 93.15575778173441 108.160521521687 82.3
    endloop
  endfacet
  facet normal 0 0 1
    outer loop
      vertex 92.23348417665389 108.45987068452925 82.3
      vertex 92.69867569416552 108.32327813069762 82.3
      vertex 92.70111308611148 109.62586871196962 82.3
    endloop
  endfacet
  facet normal 0 0 1
    outer loop
      vertex 92.86307674543517 108.26494990545302 82.3
      vertex 92.70111308611148 109.62586871196962 82.3
      vertex 92.69867569416552 108.32327813069762 82.3
    endloop
  endfacet
  facet normal 0 0 1
    outer loop
      vertex 92.86307674543517 108.26494990545302 82.3
      vertex 93.17805136901936 109.47875273513299 82.3
      vertex 92.70111308611148 109.62586871196962 82.3
    endloop
  endfacet
  facet normal 0 0 1
    outer loop
      vertex 92.23348417665389 108.45987068452925 82.3
      vertex 92.70111308611148 109.62586871196962 82.3
      vertex 92.2174345489027 109.74902840094005 82.3
    endloop
  endfacet
  facet normal 0 0 1
    outer loop
      vertex 92.86307674543517 108.26494990545302 82.3
      vertex 93.15575778173441 108.160521521687 82.3
      vertex 93.17805136901936 109.47875273513299 82.3
    endloop
  endfacet
  facet normal 0 0 1
    outer loop
      vertex 93.15575778173441 108.160521521687 82.3
      vertex 93.31224523600225 108.09562712548106 82.3
      vertex 93.17805136901936 109.47875273513299 82.3
    endloop
  endfacet
  facet normal 0 0 1
    outer loop
      vertex 93.31224523600225 108.09562712548106 82.3
      vertex 93.60352673413317 107.972530536481 82.3
      vertex 93.64706365390761 109.30804622392847 82.3
    endloop
  endfacet
  facet normal 0 0 1
    outer loop
      vertex 93.60352673413317 107.972530536481 82.3
      vertex 93.75243567611291 107.90148239531462 82.3
      vertex 93.64706365390761 109.30804622392847 82.3
    endloop
  endfacet
  facet normal 0 0 1
    outer loop
      vertex 93.31224523600225 108.09562712548106 82.3
      vertex 93.64706365390761 109.30804622392847 82.3
      vertex 93.17805136901936 109.47875273513299 82.3
    endloop
  endfacet
  facet normal 0 0 1
    outer loop
      vertex 97.47877254591836 100.60692446546003 82.3
      vertex 97.37898404995589 104.70073157238356 82.3
      vertex 97.36096841227284 103.28717645637 82.3
    endloop
  endfacet
  facet normal 0 0 1
    outer loop
      vertex 99.99987530778472 99.99499999999999 82.3
      vertex 99.98755678140141 100.48895731546358 82.3
      vertex 99.95025806140767 100.98667414442411 82.3
    endloop
  endfacet
  facet normal 0 0 1
    outer loop
      vertex 94.08333907822464 105.3884170054278 82.3
      vertex 94.15213284347534 105.33069218237864 82.3
      vertex 94.18240298638504 107.68284418441864 82.3
    endloop
  endfacet
  facet normal 0 0 1
    outer loop
      vertex 95.01637037631357 104.51029779964968 82.3
      vertex 95.00672775633426 107.17358348487335 82.3
      vertex 94.93887816508423 104.58974663943869 82.3
    endloop
  endfacet
  facet normal 0 0 1
    outer loop
      vertex 95.34316894681008 104.31083029484837 82.3
      vertex 95.38024193361576 105.63142080185531 82.3
      vertex 95.12055892282659 107.0908803014042 82.3
    endloop
  endfacet
  facet normal 0 0 1
    outer loop
      vertex 94.51847778934092 105.00509526830466 82.3
      vertex 94.59148833783698 104.93735137927705 82.3
      vertex 94.60090986627733 107.44007813558743 82.3
    endloop
  endfacet
  facet normal 0 0 1
    outer loop
      vertex 94.93887816508423 104.58974663943869 82.3
      vertex 95.00672775633426 107.17358348487335 82.3
      vertex 94.87900524395482 107.26135708842322 82.3
    endloop
  endfacet
  facet normal 0 0 1
    outer loop
      vertex 95.38024193361576 105.63142080185531 82.3
      vertex 95.39863714788993 106.88378852886854 82.3
      vertex 95.12055892282659 107.0908803014042 82.3
    endloop
  endfacet
  facet normal 0 0 1
    outer loop
      vertex 96.44648495641854 103.21475380346939 82.3
      vertex 96.51161010790909 103.63685264965395 82.3
      vertex 96.31363989955715 106.05322470937942 82.3
    endloop
  endfacet
  facet normal 0 0 1
    outer loop
      vertex 96.77373909309198 103.26420614643816 82.3
      vertex 96.88621267012515 105.39300064358237 82.3
      vertex 96.64499240118458 105.68744057385386 82.3
    endloop
  endfacet
  facet normal 0 0 1
    outer loop
      vertex 95.73003142202124 105.35763740622319 82.3
      vertex 95.77542711306806 106.57114498721008 82.3
      vertex 95.50624729290288 106.79579614993783 82.3
    endloop
  endfacet
  facet normal 0 0 1
    outer loop
      vertex 95.87688319325818 106.47802943905094 82.3
      vertex 96.09820372573381 105.6108428052301 82.3
      vertex 96.13589387866872 106.23612104110447 82.3
    endloop
  endfacet
  facet normal 0 0 1
    outer loop
      vertex 96.51161010790909 103.63685264965395 82.3
      vertex 96.56808967120024 105.77619105535271 82.3
      vertex 96.31363989955715 106.05322470937942 82.3
    endloop
  endfacet
  facet normal 0 0 1
    outer loop
      vertex 96.64499240118458 105.68744057385386 82.3
      vertex 96.88621267012515 105.39300064358237 82.3
      vertex 96.97935054904158 107.15582716108977 82.3
    endloop
  endfacet
  facet normal 0 0 1
    outer loop
      vertex 96.64499240118458 105.68744057385386 82.3
      vertex 96.61347523434456 107.49530984170701 82.3
      vertex 96.56808967120024 105.77619105535271 82.3
    endloop
  endfacet
  facet normal 0 0 1
    outer loop
      vertex 96.31363989955715 106.05322470937942 82.3
      vertex 96.56808967120024 105.77619105535271 82.3
      vertex 96.61347523434456 107.49530984170701 82.3
    endloop
  endfacet
  facet normal 0 0 1
    outer loop
      vertex 94.08333907822464 105.3884170054278 82.3
      vertex 94.18240298638504 107.68284418441864 82.3
      vertex 94.04078572560205 107.75971022109245 82.3
    endloop
  endfacet
  facet normal 0 0 1
    outer loop
      vertex 94.51847778934092 105.00509526830466 82.3
      vertex 94.60090986627733 107.44007813558743 82.3
      vertex 94.46634117670267 107.52249691394307 82.3
    endloop
  endfacet
  facet normal 0 0 1
    outer loop
      vertex 94.04078572560205 107.75971022109245 82.3
      vertex 94.18240298638504 107.68284418441864 82.3
      vertex 94.10698390233742 109.11417358163985 82.3
    endloop
  endfacet
  facet normal 0 0 1
    outer loop
      vertex 94.04078572560205 107.75971022109245 82.3
      vertex 94.10698390233742 109.11417358163985 82.3
      vertex 93.75243567611291 107.90148239531462 82.3
    endloop
  endfacet
  facet normal 0 0 1
    outer loop
      vertex 94.18240298638504 107.68284418441864 82.3
      vertex 94.46634117670267 107.52249691394307 82.3
      vertex 94.55666868010516 108.89761680620279 82.3
    endloop
  endfacet
  facet normal 0 0 1
    outer loop
      vertex 94.87900524395482 107.26135708842322 82.3
      vertex 94.99499999999999 108.65891429188223 82.3
      vertex 94.60090986627733 107.44007813558743 82.3
    endloop
  endfacet
  facet normal 0 0 1
    outer loop
      vertex 94.46634117670267 107.52249691394307 82.3
      vertex 94.60090986627733 107.44007813558743 82.3
      vertex 94.55666868010516 108.89761680620279 82.3
    endloop
  endfacet
  facet normal 0 0 1
    outer loop
      vertex 94.87900524395482 107.26135708842322 82.3
      vertex 95.00672775633426 107.17358348487335 82.3
      vertex 94.99499999999999 108.65891429188223 82.3
    endloop
  endfacet
  facet normal 0 0 1
    outer loop
      vertex 95.00672775633426 107.17358348487335 82.3
      vertex 95.12055892282659 107.0908803014042 82.3
      vertex 94.99499999999999 108.65891429188223 82.3
    endloop
  endfacet
  facet normal 0 0 1
    outer loop
      vertex 95.12055892282659 107.0908803014042 82.3
      vertex 95.42088810129624 108.39865949073922 82.3
      vertex 94.99499999999999 108.65891429188223 82.3
    endloop
  endfacet
  facet normal 0 0 1
    outer loop
      vertex 93.64706365390761 109.30804622392847 82.3
      vertex 93.75243567611291 107.90148239531462 82.3
      vertex 94.10698390233742 109.11417358163985 82.3
    endloop
  endfacet
  facet normal 0 0 1
    outer loop
      vertex 94.18240298638504 107.68284418441864 82.3
      vertex 94.55666868010516 108.89761680620279 82.3
      vertex 94.10698390233742 109.11417358163985 82.3
    endloop
  endfacet
  facet normal 0 0 1
    outer loop
      vertex 94.60090986627733 107.44007813558743 82.3
      vertex 94.99499999999999 108.65891429188223 82.3
      vertex 94.55666868010516 108.89761680620279 82.3
    endloop
  endfacet
  facet normal 0 0 1
    outer loop
      vertex 95.50624729290288 106.79579614993783 82.3
      vertex 95.42088810129624 108.39865949073922 82.3
      vertex 95.39863714788993 106.88378852886854 82.3
    endloop
  endfacet
  facet normal 0 0 1
    outer loop
      vertex 95.87688319325818 106.47802943905094 82.3
      vertex 96.13589387866872 106.23612104110447 82.3
      vertex 96.23113291660592 107.81613313950497 82.3
    endloop
  endfacet
  facet normal 0 0 1
    outer loop
      vertex 95.87688319325818 106.47802943905094 82.3
      vertex 95.83327415907024 108.11749943721571 82.3
      vertex 95.77542711306806 106.57114498721008 82.3
    endloop
  endfacet
  facet normal 0 0 1
    outer loop
      vertex 95.50624729290288 106.79579614993783 82.3
      vertex 95.77542711306806 106.57114498721008 82.3
      vertex 95.83327415907024 108.11749943721571 82.3
    endloop
  endfacet
  facet normal 0 0 1
    outer loop
      vertex 95.12055892282659 107.0908803014042 82.3
      vertex 95.39863714788993 106.88378852886854 82.3
      vertex 95.42088810129624 108.39865949073922 82.3
    endloop
  endfacet
  facet normal 0 0 1
    outer loop
      vertex 95.50624729290288 106.79579614993783 82.3
      vertex 95.83327415907024 108.11749943721571 82.3
      vertex 95.42088810129624 108.39865949073922 82.3
    endloop
  endfacet
  facet normal 0 0 1
    outer loop
      vertex 95.87688319325818 106.47802943905094 82.3
      vertex 96.23113291660592 107.81613313950497 82.3
      vertex 95.83327415907024 108.11749943721571 82.3
    endloop
  endfacet
  facet normal 0 0 1
    outer loop
      vertex 96.31363989955715 106.05322470937942 82.3
      vertex 96.23113291660592 107.81613313950497 82.3
      vertex 96.13589387866872 106.23612104110447 82.3
    endloop
  endfacet
  facet normal 0 0 1
    outer loop
      vertex 96.31363989955715 106.05322470937942 82.3
      vertex 96.61347523434456 107.49530984170701 82.3
      vertex 96.23113291660592 107.81613313950497 82.3
    endloop
  endfacet
  facet normal 0 0 1
    outer loop
      vertex 96.64499240118458 105.68744057385386 82.3
      vertex 96.97935054904158 107.15582716108977 82.3
      vertex 96.61347523434456 107.49530984170701 82.3
    endloop
  endfacet
  facet normal 0 0 1
    outer loop
      vertex 97.0788987007808 102.0136787469874 82.3
      vertex 97.15373822815859 102.52339570835541 82.3
      vertex 97.01675488434029 105.2237104911522 82.3
    endloop
  endfacet
  facet normal 0 0 1
    outer loop
      vertex 97.61902817479805 102.37601898651985 82.3
      vertex 97.63729130448806 104.2680506108009 82.3
      vertex 97.60927119323371 104.31884322769751 82.3
    endloop
  endfacet
  facet normal 0 0 1
    outer loop
      vertex 97.15373822815859 102.52339570835541 82.3
      vertex 97.25022599365028 104.8925627778889 82.3
      vertex 97.01675488434029 105.2237104911522 82.3
    endloop
  endfacet
  facet normal 0 0 1
    outer loop
      vertex 97.36096841227284 103.28717645637 82.3
      vertex 97.37898404995589 104.70073157238356 82.3
      vertex 97.34716351059625 104.7507961779448 82.3
    endloop
  endfacet
  facet normal 0 0 1
    outer loop
      vertex 97.72362970403667 100.64113185370734 82.3
      vertex 98.2606501309031 105.62883378121685 82.3
      vertex 97.68352864599389 104.18042110379604 82.3
    endloop
  endfacet
  facet normal 0 0 1
    outer loop
      vertex 97.01675488434029 105.2237104911522 82.3
      vertex 97.25022599365028 104.8925627778889 82.3
      vertex 97.32784923701655 106.7985291050869 82.3
    endloop
  endfacet
  facet normal 0 0 1
    outer loop
      vertex 97.63729130448806 104.2680506108009 82.3
      vertex 97.65810487562096 106.42430397296225 82.3
      vertex 97.60927119323371 104.31884322769751 82.3
    endloop
  endfacet
  facet normal 0 0 1
    outer loop
      vertex 97.60927119323371 104.31884322769751 82.3
      vertex 97.65810487562096 106.42430397296225 82.3
      vertex 97.37898404995589 104.70073157238356 82.3
    endloop
  endfacet
  facet normal 0 0 1
    outer loop
      vertex 97.37898404995589 104.70073157238356 82.3
      vertex 97.32784923701655 106.7985291050869 82.3
      vertex 97.34716351059625 104.7507961779448 82.3
    endloop
  endfacet
  facet normal 0 0 1
    outer loop
      vertex 97.34716351059625 104.7507961779448 82.3
      vertex 97.32784923701655 106.7985291050869 82.3
      vertex 97.25022599365028 104.8925627778889 82.3
    endloop
  endfacet
  facet normal 0 0 1
    outer loop
      vertex 97.01675488434029 105.2237104911522 82.3
      vertex 96.97935054904158 107.15582716108977 82.3
      vertex 96.88621267012515 105.39300064358237 82.3
    endloop
  endfacet
  facet normal 0 0 1
    outer loop
      vertex 97.01675488434029 105.2237104911522 82.3
      vertex 97.32784923701655 106.7985291050869 82.3
      vertex 96.97935054904158 107.15582716108977 82.3
    endloop
  endfacet
  facet normal 0 0 1
    outer loop
      vertex 97.37898404995589 104.70073157238356 82.3
      vertex 97.65810487562096 106.42430397296225 82.3
      vertex 97.32784923701655 106.7985291050869 82.3
    endloop
  endfacet
  facet normal 0 0 1
    outer loop
      vertex 97.63729130448806 104.2680506108009 82.3
      vertex 97.68352864599389 104.18042110379604 82.3
      vertex 97.65810487562096 106.42430397296225 82.3
    endloop
  endfacet
  facet normal 0 0 1
    outer loop
      vertex 97.68352864599389 104.18042110379604 82.3
      vertex 97.96929639730145 106.03408214735802 82.3
      vertex 97.65810487562096 106.42430397296225 82.3
    endloop
  endfacet
  facet normal 0 0 1
    outer loop
      vertex 97.68352864599389 104.18042110379604 82.3
      vertex 98.2606501309031 105.62883378121685 82.3
      vertex 97.96929639730145 106.03408214735802 82.3
    endloop
  endfacet
  facet normal 0 0 1
    outer loop
      vertex -82.9211012992192 -94.85687904244087 2.299999999999997
      vertex -71.03802457980676 -81.4705458074188 2.299999999999997
      vertex -83.22626090690802 -94.46114102917238 2.299999999999997
    endloop
  endfacet
  facet normal 0 0 1
    outer loop
      vertex -83.90179627426619 -93.72509670835908 2.299999999999997
      vertex -83.55351504358146 -94.08346962260234 2.299999999999997
      vertex -71.39628032326796 -81.13595829978689 2.299999999999997
    endloop
  endfacet
  facet normal 0 0 1
    outer loop
      vertex -83.22626090690802 -94.46114102917238 2.299999999999997
      vertex -71.03802457980676 -81.4705458074188 2.299999999999997
      vertex -83.55351504358146 -94.08346962260234 2.299999999999997
    endloop
  endfacet
  facet normal 0 0 1
    outer loop
      vertex -82.9211012992192 -94.85687904244087 2.299999999999997
      vertex -82.63903158772716 -95.26939284726352 2.299999999999997
      vertex -70.60278330190778 -81.69606965981387 2.299999999999997
    endloop
  endfacet
  facet normal 0 0 1
    outer loop
      vertex -82.38097182520195 -95.69733690935097 2.299999999999997
      vertex -70.12283634405641 -81.79580378454297 2.299999999999997
      vertex -82.63903158772716 -95.26939284726352 2.299999999999997
    endloop
  endfacet
  facet normal 0 0 1
    outer loop
      vertex -82.14776374895061 -96.13931536412181 2.299999999999997
      vertex -69.63377917650526 -81.76235135782818 2.299999999999997
      vertex -82.38097182520195 -95.69733690935097 2.299999999999997
    endloop
  endfacet
  facet normal 0 0 1
    outer loop
      vertex -84.65683105318992 -93.07085534818009 2.299999999999997
      vertex -84.26996857797876 -93.38719122440024 2.299999999999997
      vertex -71.7832347028654 -79.75490003162676 2.299999999999997
    endloop
  endfacet
  facet normal 0 0 1
    outer loop
      vertex -83.90179627426619 -93.72509670835908 2.299999999999997
      vertex -71.65098034270981 -80.71712196172324 2.299999999999997
      vertex -84.26996857797876 -93.38719122440024 2.299999999999997
    endloop
  endfacet
  facet normal 0 0 1
    outer loop
      vertex -84.26996857797876 -93.38719122440024 2.299999999999997
      vertex -71.65098034270981 -80.71712196172324 2.299999999999997
      vertex -71.7832347028654 -80.24509996837324 2.299999999999997
    endloop
  endfacet
  facet normal 0 0 1
    outer loop
      vertex -84.26996857797876 -93.38719122440024 2.299999999999997
      vertex -71.7832347028654 -80.24509996837324 2.299999999999997
      vertex -71.7832347028654 -79.75490003162676 2.299999999999997
    endloop
  endfacet
  facet normal 0 0 1
    outer loop
      vertex -83.90179627426619 -93.72509670835908 2.299999999999997
      vertex -71.39628032326796 -81.13595829978689 2.299999999999997
      vertex -71.65098034270981 -80.71712196172324 2.299999999999997
    endloop
  endfacet
  facet normal 0 0 1
    outer loop
      vertex -83.55351504358146 -94.08346962260234 2.299999999999997
      vertex -71.03802457980676 -81.4705458074188 2.299999999999997
      vertex -71.39628032326796 -81.13595829978689 2.299999999999997
    endloop
  endfacet
  facet normal 0 0 1
    outer loop
      vertex -84.65683105318992 -93.07085534818009 2.299999999999997
      vertex -71.7832347028654 -79.75490003162676 2.299999999999997
      vertex -71.65098034270981 -79.28287803827676 2.299999999999997
    endloop
  endfacet
  facet normal 0 0 1
    outer loop
      vertex -84.65683105318992 -93.07085534818009 2.299999999999997
      vertex -71.65098034270981 -79.28287803827676 2.299999999999997
      vertex -71.39628032326796 -78.86404170021311 2.299999999999997
    endloop
  endfacet
  facet normal 0 0 1
    outer loop
      vertex -82.9211012992192 -94.85687904244087 2.299999999999997
      vertex -70.60278330190778 -81.69606965981387 2.299999999999997
      vertex -71.03802457980676 -81.4705458074188 2.299999999999997
    endloop
  endfacet
  facet normal 0 0 1
    outer loop
      vertex -82.63903158772716 -95.26939284726352 2.299999999999997
      vertex -70.12283634405641 -81.79580378454297 2.299999999999997
      vertex -70.60278330190778 -81.69606965981387 2.299999999999997
    endloop
  endfacet
  facet normal 0 0 1
    outer loop
      vertex -82.38097182520195 -95.69733690935097 2.299999999999997
      vertex -69.63377917650526 -81.76235135782818 2.299999999999997
      vertex -70.12283634405641 -81.79580378454297 2.299999999999997
    endloop
  endfacet
  facet normal 0 0 1
    outer loop
      vertex -82.14776374895061 -96.13931536412181 2.299999999999997
      vertex -69.17188293208393 -81.59819339312428 2.299999999999997
      vertex -69.63377917650526 -81.76235135782818 2.299999999999997
    endloop
  endfacet
  facet normal 0 0 1
    outer loop
      vertex -82.14776374895061 -96.13931536412181 2.299999999999997
      vertex -68.77140434220642 -81.31550473570063 2.299999999999997
      vertex -69.17188293208393 -81.59819339312428 2.299999999999997
    endloop
  endfacet
  facet normal 0 0 1
    outer loop
      vertex -92.22441042419301 -91.53746502135787 2.299999999999997
      vertex -91.73766658315027 -91.42427759044156 2.299999999999997
      vertex -32.863009395012355 -26.80633150012489 2.299999999999997
    endloop
  endfacet
  facet normal 0 0 1
    outer loop
      vertex -91.73766658315027 -91.42427759044156 2.299999999999997
      vertex -91.24525483489124 -91.33906238354184 2.299999999999997
      vertex -32.863009395012355 -26.80633150012489 2.299999999999997
    endloop
  endfacet
  facet normal 0 0 1
    outer loop
      vertex -91.24525483489124 -91.33906238354184 2.299999999999997
      vertex -90.74878132418985 -91.28209735495145 2.299999999999997
      vertex -32.863009395012355 -26.80633150012489 2.299999999999997
    endloop
  endfacet
  facet normal 0 0 1
    outer loop
      vertex -90.74878132418985 -91.28209735495145 2.299999999999997
      vertex -90.24986544444484 -91.25356831275334 2.299999999999997
      vertex -32.863009395012355 -26.80633150012489 2.299999999999997
    endloop
  endfacet
  facet normal 0 0 1
    outer loop
      vertex -90.24986544444484 -91.25356831275334 2.299999999999997
      vertex -89.75013455555516 -91.25356831275334 2.299999999999997
      vertex -30.68598027523542 -27.915583240941693 2.299999999999997
    endloop
  endfacet
  facet normal 0 0 1
    outer loop
      vertex -89.75013455555516 -91.25356831275334 2.299999999999997
      vertex -89.25121867581015 -91.28209735495145 2.299999999999997
      vertex -30.68598027523542 -27.915583240941693 2.299999999999997
    endloop
  endfacet
  facet normal 0 0 1
    outer loop
      vertex -89.25121867581015 -91.28209735495145 2.299999999999997
      vertex -88.75474516510876 -91.33906238354184 2.299999999999997
      vertex -30.68598027523542 -27.915583240941693 2.299999999999997
    endloop
  endfacet
  facet normal 0 0 1
    outer loop
      vertex -88.75474516510876 -91.33906238354184 2.299999999999997
      vertex -88.26233341684973 -91.42427759044156 2.299999999999997
      vertex -30.68598027523542 -27.915583240941693 2.299999999999997
    endloop
  endfacet
  facet normal 0 0 1
    outer loop
      vertex -88.26233341684973 -91.42427759044156 2.299999999999997
      vertex -87.77558957580699 -91.53746502135787 2.299999999999997
      vertex -30.68598027523542 -27.915583240941693 2.299999999999997
    endloop
  endfacet
  facet normal 0 0 1
    outer loop
      vertex -87.29610129921922 -91.67825548241741 2.299999999999997
      vertex -86.82543257818189 -91.8461897443998 2.299999999999997
      vertex -30.68598027523542 -27.915583240941693 2.299999999999997
    endloop
  endfacet
  facet normal 0 0 1
    outer loop
      vertex -86.82543257818189 -91.8461897443998 2.299999999999997
      vertex -86.36511863623349 -92.04072004064797 2.299999999999997
      vertex -30.68598027523542 -27.915583240941693 2.299999999999997
    endloop
  endfacet
  facet normal 0 0 1
    outer loop
      vertex -87.77558957580699 -91.53746502135787 2.299999999999997
      vertex -87.29610129921922 -91.67825548241741 2.299999999999997
      vertex -30.68598027523542 -27.915583240941693 2.299999999999997
    endloop
  endfacet
  facet normal 0 0 1
    outer loop
      vertex -86.36511863623349 -92.04072004064797 2.299999999999997
      vertex -85.91666092177536 -92.26121185376913 2.299999999999997
      vertex -28.471565015306016 -28.94818203498206 2.299999999999997
    endloop
  endfacet
  facet normal 0 0 1
    outer loop
      vertex -85.91666092177536 -92.26121185376913 2.299999999999997
      vertex -85.48152221065908 -92.5069459852986 2.299999999999997
      vertex -28.471565015306016 -28.94818203498206 2.299999999999997
    endloop
  endfacet
  facet normal 0 0 1
    outer loop
      vertex -85.48152221065908 -92.5069459852986 2.299999999999997
      vertex -85.06112183491577 -92.77712090157573 2.299999999999997
      vertex -28.471565015306016 -28.94818203498206 2.299999999999997
    endloop
  endfacet
  facet normal 0 0 1
    outer loop
      vertex -84.65683105318992 -93.07085534818009 2.299999999999997
      vertex -28.471565015306016 -28.94818203498206 2.299999999999997
      vertex -85.06112183491577 -92.77712090157573 2.299999999999997
    endloop
  endfacet
  facet normal 0 0 1
    outer loop
      vertex -81.2642703406463 -100.49952709504922 2.299999999999997
      vertex -21.631189606246316 -31.57395614066074 2.299999999999997
      vertex -81.25 -100 2.299999999999997
    endloop
  endfacet
  facet normal 0 0 1
    outer loop
      vertex -81.2642703406463 -99.50047290495078 2.299999999999997
      vertex -81.25 -100 2.299999999999997
      vertex -21.631189606246316 -31.57395614066074 2.299999999999997
    endloop
  endfacet
  facet normal 0 0 1
    outer loop
      vertex -81.2642703406463 -99.50047290495078 2.299999999999997
      vertex -21.631189606246316 -31.57395614066074 2.299999999999997
      vertex -81.30703481570019 -99.00257516345776 2.299999999999997
    endloop
  endfacet
  facet normal 0 0 1
    outer loop
      vertex -81.30703481570019 -99.00257516345776 2.299999999999997
      vertex -21.631189606246316 -31.57395614066074 2.299999999999997
      vertex -81.3781539363327 -98.50793081446454 2.299999999999997
    endloop
  endfacet
  facet normal 0 0 1
    outer loop
      vertex -81.47739572675458 -98.01815328502457 2.299999999999997
      vertex -21.631189606246316 -31.57395614066074 2.299999999999997
      vertex -81.60443648087315 -97.5348401276375 2.299999999999997
    endloop
  endfacet
  facet normal 0 0 1
    outer loop
      vertex -81.3781539363327 -98.50793081446454 2.299999999999997
      vertex -21.631189606246316 -31.57395614066074 2.299999999999997
      vertex -81.47739572675458 -98.01815328502457 2.299999999999997
    endloop
  endfacet
  facet normal 0 0 1
    outer loop
      vertex -81.75886181815416 -97.05956780936499 2.299999999999997
      vertex -21.631189606246316 -31.57395614066074 2.299999999999997
      vertex -81.94016803524507 -96.59388656972283 2.299999999999997
    endloop
  endfacet
  facet normal 0 0 1
    outer loop
      vertex -81.94016803524507 -96.59388656972283 2.299999999999997
      vertex -21.631189606246316 -31.57395614066074 2.299999999999997
      vertex -82.14776374895061 -96.13931536412181 2.299999999999997
    endloop
  endfacet
  facet normal 0 0 1
    outer loop
      vertex -81.60443648087315 -97.5348401276375 2.299999999999997
      vertex -21.631189606246316 -31.57395614066074 2.299999999999997
      vertex -81.75886181815416 -97.05956780936499 2.299999999999997
    endloop
  endfacet
  facet normal 0 0 1
    outer loop
      vertex -82.14776374895061 -96.13931536412181 2.299999999999997
      vertex -21.631189606246316 -31.57395614066074 2.299999999999997
      vertex -68.77140434220642 -81.31550473570063 2.299999999999997
    endloop
  endfacet
  facet normal 0 0 1
    outer loop
      vertex -84.65683105318992 -93.07085534818009 2.299999999999997
      vertex -71.39628032326796 -78.86404170021311 2.299999999999997
      vertex -28.471565015306016 -28.94818203498206 2.299999999999997
    endloop
  endfacet
  facet normal 0 0 1
    outer loop
      vertex -28.471565015306016 -28.94818203498206 2.299999999999997
      vertex -71.39628032326796 -78.86404170021311 2.299999999999997
      vertex -71.03802457980676 -78.5294541925812 2.299999999999997
    endloop
  endfacet
  facet normal 0 0 1
    outer loop
      vertex -28.471565015306016 -28.94818203498206 2.299999999999997
      vertex -71.03802457980676 -78.5294541925812 2.299999999999997
      vertex -70.60278330190778 -78.30393034018613 2.299999999999997
    endloop
  endfacet
  facet normal 0 0 1
    outer loop
      vertex -28.471565015306016 -28.94818203498206 2.299999999999997
      vertex -70.60278330190778 -78.30393034018613 2.299999999999997
      vertex -70.12283634405641 -78.20419621545703 2.299999999999997
    endloop
  endfacet
  facet normal 0 0 1
    outer loop
      vertex -26.22246153911384 -29.902869819675118 2.299999999999997
      vertex -70.12283634405641 -78.20419621545703 2.299999999999997
      vertex -69.63377917650526 -78.23764864217182 2.299999999999997
    endloop
  endfacet
  facet normal 0 0 1
    outer loop
      vertex -26.22246153911384 -29.902869819675118 2.299999999999997
      vertex -69.17188293208393 -78.40180660687572 2.299999999999997
      vertex -68.77140434220642 -78.68449526429937 2.299999999999997
    endloop
  endfacet
  facet normal 0 0 1
    outer loop
      vertex -26.22246153911384 -29.902869819675118 2.299999999999997
      vertex -69.63377917650526 -78.23764864217182 2.299999999999997
      vertex -69.17188293208393 -78.40180660687572 2.299999999999997
    endloop
  endfacet
  facet normal 0 0 1
    outer loop
      vertex -23.94141003279681 -30.778483455013586 2.299999999999997
      vertex -68.77140434220642 -78.68449526429937 2.299999999999997
      vertex -68.46204507181632 -79.06474888993623 2.299999999999997
    endloop
  endfacet
  facet normal 0 0 1
    outer loop
      vertex -23.94141003279681 -30.778483455013586 2.299999999999997
      vertex -68.46204507181632 -79.06474888993623 2.299999999999997
      vertex -68.26674888277397 -79.51436581191736 2.299999999999997
    endloop
  endfacet
  facet normal 0 0 1
    outer loop
      vertex -21.631189606246316 -31.57395614066074 2.299999999999997
      vertex -68.46204507181632 -80.93525111006377 2.299999999999997
      vertex -68.77140434220642 -81.31550473570063 2.299999999999997
    endloop
  endfacet
  facet normal 0 0 1
    outer loop
      vertex -21.631189606246316 -31.57395614066074 2.299999999999997
      vertex -68.26674888277397 -80.48563418808264 2.299999999999997
      vertex -68.46204507181632 -80.93525111006377 2.299999999999997
    endloop
  endfacet
  facet normal 0 0 1
    outer loop
      vertex -21.631189606246316 -31.57395614066074 2.299999999999997
      vertex -68.2 -80 2.299999999999997
      vertex -68.26674888277397 -80.48563418808264 2.299999999999997
    endloop
  endfacet
  facet normal 0 0 1
    outer loop
      vertex -21.631189606246316 -31.57395614066074 2.299999999999997
      vertex -68.26674888277397 -79.51436581191736 2.299999999999997
      vertex -68.2 -80 2.299999999999997
    endloop
  endfacet
  facet normal 0 0 1
    outer loop
      vertex -97.7 -95.85079558350154 2.299999999999997
      vertex -97.61902817479805 -95.69733690935097 2.299999999999997
      vertex -90.24986544444484 91.25356831275334 2.299999999999997
    endloop
  endfacet
  facet normal 0 0 1
    outer loop
      vertex -97.61902817479805 -95.69733690935097 2.299999999999997
      vertex -97.36096841227284 -95.26939284726352 2.299999999999997
      vertex -88.26233341684973 91.42427759044156 2.299999999999997
    endloop
  endfacet
  facet normal 0 0 1
    outer loop
      vertex -97.36096841227284 -95.26939284726352 2.299999999999997
      vertex -97.0788987007808 -94.85687904244087 2.299999999999997
      vertex -88.26233341684973 91.42427759044156 2.299999999999997
    endloop
  endfacet
  facet normal 0 0 1
    outer loop
      vertex -97.0788987007808 -94.85687904244087 2.299999999999997
      vertex -96.77373909309198 -94.46114102917238 2.299999999999997
      vertex -88.26233341684973 91.42427759044156 2.299999999999997
    endloop
  endfacet
  facet normal 0 0 1
    outer loop
      vertex -96.77373909309198 -94.46114102917238 2.299999999999997
      vertex -96.44648495641854 -94.08346962260234 2.299999999999997
      vertex -88.26233341684973 91.42427759044156 2.299999999999997
    endloop
  endfacet
  facet normal 0 0 1
    outer loop
      vertex -96.44648495641854 -94.08346962260234 2.299999999999997
      vertex -96.09820372573382 -93.72509670835908 2.299999999999997
      vertex -88.26233341684973 91.42427759044156 2.299999999999997
    endloop
  endfacet
  facet normal 0 0 1
    outer loop
      vertex -96.09820372573382 -93.72509670835908 2.299999999999997
      vertex -95.73003142202124 -93.38719122440024 2.299999999999997
      vertex -88.26233341684973 91.42427759044156 2.299999999999997
    endloop
  endfacet
  facet normal 0 0 1
    outer loop
      vertex -95.73003142202124 -93.38719122440024 2.299999999999997
      vertex -95.34316894681008 -93.07085534818009 2.299999999999997
      vertex -88.26233341684973 91.42427759044156 2.299999999999997
    endloop
  endfacet
  facet normal 0 0 1
    outer loop
      vertex -95.34316894681008 -93.07085534818009 2.299999999999997
      vertex -94.93887816508423 -92.77712090157573 2.299999999999997
      vertex -88.26233341684973 91.42427759044156 2.299999999999997
    endloop
  endfacet
  facet normal 0 0 1
    outer loop
      vertex -94.93887816508423 -92.77712090157573 2.299999999999997
      vertex -94.51847778934092 -92.5069459852986 2.299999999999997
      vertex -88.26233341684973 91.42427759044156 2.299999999999997
    endloop
  endfacet
  facet normal 0 0 1
    outer loop
      vertex -94.51847778934092 -92.5069459852986 2.299999999999997
      vertex -94.08333907822464 -92.26121185376913 2.299999999999997
      vertex -88.26233341684973 91.42427759044156 2.299999999999997
    endloop
  endfacet
  facet normal 0 0 1
    outer loop
      vertex -94.08333907822464 -92.26121185376913 2.299999999999997
      vertex -93.63488136376651 -92.04072004064797 2.299999999999997
      vertex -88.26233341684973 91.42427759044156 2.299999999999997
    endloop
  endfacet
  facet normal 0 0 1
    outer loop
      vertex -93.63488136376651 -92.04072004064797 2.299999999999997
      vertex -93.17456742181811 -91.8461897443998 2.299999999999997
      vertex -88.26233341684973 91.42427759044156 2.299999999999997
    endloop
  endfacet
  facet normal 0 0 1
    outer loop
      vertex -93.17456742181811 -91.8461897443998 2.299999999999997
      vertex -92.70389870078078 -91.67825548241741 2.299999999999997
      vertex -88.26233341684973 91.42427759044156 2.299999999999997
    endloop
  endfacet
  facet normal 0 0 1
    outer loop
      vertex -92.70389870078078 -91.67825548241741 2.299999999999997
      vertex -92.22441042419301 -91.53746502135787 2.299999999999997
      vertex -88.26233341684973 91.42427759044156 2.299999999999997
    endloop
  endfacet
  facet normal 0 0 1
    outer loop
      vertex -92.22441042419301 -91.53746502135787 2.299999999999997
      vertex -66.57395614066074 13.368810393753684 2.299999999999997
      vertex -67.28831871568232 15.705385092810058 2.299999999999997
    endloop
  endfacet
  facet normal 0 0 1
    outer loop
      vertex -92.22441042419301 -91.53746502135787 2.299999999999997
      vertex -67.28831871568232 15.705385092810058 2.299999999999997
      vertex -67.92070083931975 18.06546730802326 2.299999999999997
    endloop
  endfacet
  facet normal 0 0 1
    outer loop
      vertex -92.22441042419301 -91.53746502135787 2.299999999999997
      vertex -67.92070083931975 18.06546730802326 2.299999999999997
      vertex -68.4703320513664 20.446181642756848 2.299999999999997
    endloop
  endfacet
  facet normal 0 0 1
    outer loop
      vertex -92.22441042419301 -91.53746502135787 2.299999999999997
      vertex -68.93654271085457 22.844627563314877 2.299999999999997
      vertex -69.31876481190993 25.257882932795418 2.299999999999997
    endloop
  endfacet
  facet normal 0 0 1
    outer loop
      vertex -92.22441042419301 -91.53746502135787 2.299999999999997
      vertex -68.4703320513664 20.446181642756848 2.299999999999997
      vertex -68.93654271085457 22.844627563314877 2.299999999999997
    endloop
  endfacet
  facet normal 0 0 1
    outer loop
      vertex -92.22441042419301 -91.53746502135787 2.299999999999997
      vertex -69.31876481190993 25.257882932795418 2.299999999999997
      vertex -69.61653267577913 27.683007571264255 2.299999999999997
    endloop
  endfacet
  facet normal 0 0 1
    outer loop
      vertex -92.22441042419301 -91.53746502135787 2.299999999999997
      vertex -69.61653267577913 27.683007571264255 2.299999999999997
      vertex -69.8294835181877 30.11704683791123 2.299999999999997
    endloop
  endfacet
  facet normal 0 0 1
    outer loop
      vertex -92.22441042419301 -91.53746502135787 2.299999999999997
      vertex -69.8294835181877 30.11704683791123 2.299999999999997
      vertex -69.9573578913367 32.55703523082493 2.299999999999997
    endloop
  endfacet
  facet normal 0 0 1
    outer loop
      vertex -92.22441042419301 -91.53746502135787 2.299999999999997
      vertex -69.9573578913367 32.55703523082493 2.299999999999997
      vertex -70 35 2.299999999999997
    endloop
  endfacet
  facet normal 0 0 1
    outer loop
      vertex -92.22441042419301 -91.53746502135787 2.299999999999997
      vertex -70 35 2.299999999999997
      vertex -69.9573578913367 37.44296476917507 2.299999999999997
    endloop
  endfacet
  facet normal 0 0 1
    outer loop
      vertex -92.22441042419301 -91.53746502135787 2.299999999999997
      vertex -69.9573578913367 37.44296476917507 2.299999999999997
      vertex -69.8294835181877 39.88295316208877 2.299999999999997
    endloop
  endfacet
  facet normal 0 0 1
    outer loop
      vertex -92.22441042419301 -91.53746502135787 2.299999999999997
      vertex -69.8294835181877 39.88295316208877 2.299999999999997
      vertex -69.61653267577913 42.316992428735745 2.299999999999997
    endloop
  endfacet
  facet normal 0 0 1
    outer loop
      vertex -92.22441042419301 -91.53746502135787 2.299999999999997
      vertex -69.61653267577913 42.316992428735745 2.299999999999997
      vertex -69.31876481190993 44.74211706720458 2.299999999999997
    endloop
  endfacet
  facet normal 0 0 1
    outer loop
      vertex -92.22441042419301 -91.53746502135787 2.299999999999997
      vertex -46.839142445120075 -17.020137783417596 2.299999999999997
      vertex -48.62608593212981 -15.353786023705581 2.299999999999997
    endloop
  endfacet
  facet normal 0 0 1
    outer loop
      vertex -92.22441042419301 -91.53746502135787 2.299999999999997
      vertex -61.80633150012489 2.136990604987645 2.299999999999997
      vertex -62.91558324094169 4.314019724764581 2.299999999999997
    endloop
  endfacet
  facet normal 0 0 1
    outer loop
      vertex -92.22441042419301 -91.53746502135787 2.299999999999997
      vertex -59.363366730949814 -2.0943484963243435 2.299999999999997
      vertex -60.6217782649107 0 2.299999999999997
    endloop
  endfacet
  facet normal 0 0 1
    outer loop
      vertex -92.22441042419301 -91.53746502135787 2.299999999999997
      vertex -56.63118960624632 -6.144967660473121 2.299999999999997
      vertex -58.03263007885291 -4.143503242952285 2.299999999999997
    endloop
  endfacet
  facet normal 0 0 1
    outer loop
      vertex -92.22441042419301 -91.53746502135787 2.299999999999997
      vertex -58.03263007885291 -4.143503242952285 2.299999999999997
      vertex -59.363366730949814 -2.0943484963243435 2.299999999999997
    endloop
  endfacet
  facet normal 0 0 1
    outer loop
      vertex -92.22441042419301 -91.53746502135787 2.299999999999997
      vertex -60.6217782649107 0 2.299999999999997
      vertex -61.80633150012489 2.136990604987645 2.299999999999997
    endloop
  endfacet
  facet normal 0 0 1
    outer loop
      vertex -92.22441042419301 -91.53746502135787 2.299999999999997
      vertex -55.160752752470536 -8.096303272796078 2.299999999999997
      vertex -56.63118960624632 -6.144967660473121 2.299999999999997
    endloop
  endfacet
  facet normal 0 0 1
    outer loop
      vertex -92.22441042419301 -91.53746502135787 2.299999999999997
      vertex -53.62311101832846 -9.99513267805775 2.299999999999997
      vertex -55.160752752470536 -8.096303272796078 2.299999999999997
    endloop
  endfacet
  facet normal 0 0 1
    outer loop
      vertex -92.22441042419301 -91.53746502135787 2.299999999999997
      vertex -52.020137783417596 -11.839142445120075 2.299999999999997
      vertex -53.62311101832846 -9.99513267805775 2.299999999999997
    endloop
  endfacet
  facet normal 0 0 1
    outer loop
      vertex -92.22441042419301 -91.53746502135787 2.299999999999997
      vertex -50.35378602370558 -13.626085932129811 2.299999999999997
      vertex -52.020137783417596 -11.839142445120075 2.299999999999997
    endloop
  endfacet
  facet normal 0 0 1
    outer loop
      vertex -92.22441042419301 -91.53746502135787 2.299999999999997
      vertex -48.62608593212981 -15.353786023705581 2.299999999999997
      vertex -50.35378602370558 -13.626085932129811 2.299999999999997
    endloop
  endfacet
  facet normal 0 0 1
    outer loop
      vertex -92.22441042419301 -91.53746502135787 2.299999999999997
      vertex -44.99513267805775 -18.62311101832846 2.299999999999997
      vertex -46.839142445120075 -17.020137783417596 2.299999999999997
    endloop
  endfacet
  facet normal 0 0 1
    outer loop
      vertex -92.22441042419301 -91.53746502135787 2.299999999999997
      vertex -43.09630327279608 -20.160752752470536 2.299999999999997
      vertex -44.99513267805775 -18.62311101832846 2.299999999999997
    endloop
  endfacet
  facet normal 0 0 1
    outer loop
      vertex -92.22441042419301 -91.53746502135787 2.299999999999997
      vertex -39.143503242952285 -23.03263007885291 2.299999999999997
      vertex -41.14496766047312 -21.631189606246323 2.299999999999997
    endloop
  endfacet
  facet normal 0 0 1
    outer loop
      vertex -92.22441042419301 -91.53746502135787 2.299999999999997
      vertex -41.14496766047312 -21.631189606246323 2.299999999999997
      vertex -43.09630327279608 -20.160752752470536 2.299999999999997
    endloop
  endfacet
  facet normal 0 0 1
    outer loop
      vertex -90.24986544444484 -91.25356831275334 2.299999999999997
      vertex -30.68598027523542 -27.915583240941693 2.299999999999997
      vertex -32.863009395012355 -26.80633150012489 2.299999999999997
    endloop
  endfacet
  facet normal 0 0 1
    outer loop
      vertex -92.22441042419301 -91.53746502135787 2.299999999999997
      vertex -35 -25.621778264910702 2.299999999999997
      vertex -37.09434849632434 -24.363366730949814 2.299999999999997
    endloop
  endfacet
  facet normal 0 0 1
    outer loop
      vertex -92.22441042419301 -91.53746502135787 2.299999999999997
      vertex -37.09434849632434 -24.363366730949814 2.299999999999997
      vertex -39.143503242952285 -23.03263007885291 2.299999999999997
    endloop
  endfacet
  facet normal 0 0 1
    outer loop
      vertex -92.22441042419301 -91.53746502135787 2.299999999999997
      vertex -32.863009395012355 -26.80633150012489 2.299999999999997
      vertex -35 -25.621778264910702 2.299999999999997
    endloop
  endfacet
  facet normal 0 0 1
    outer loop
      vertex -92.22441042419301 -91.53746502135787 2.299999999999997
      vertex -63.94818203498206 6.528434984693984 2.299999999999997
      vertex -64.90286981967512 8.77753846088616 2.299999999999997
    endloop
  endfacet
  facet normal 0 0 1
    outer loop
      vertex -92.22441042419301 -91.53746502135787 2.299999999999997
      vertex -62.91558324094169 4.314019724764581 2.299999999999997
      vertex -63.94818203498206 6.528434984693984 2.299999999999997
    endloop
  endfacet
  facet normal 0 0 1
    outer loop
      vertex -92.22441042419301 -91.53746502135787 2.299999999999997
      vertex -64.90286981967512 8.77753846088616 2.299999999999997
      vertex -65.77848345501359 11.05858996720319 2.299999999999997
    endloop
  endfacet
  facet normal 0 0 1
    outer loop
      vertex -92.22441042419301 -91.53746502135787 2.299999999999997
      vertex -65.77848345501359 11.05858996720319 2.299999999999997
      vertex -66.57395614066074 13.368810393753684 2.299999999999997
    endloop
  endfacet
  facet normal 1 0 0
    outer loop
      vertex -97.7 -95.85079558350154 2.299999999999997
      vertex -97.7 95.85079558350154 2.299999999999997
      vertex -97.7 -95.85079558350154 82.3
    endloop
  endfacet
  facet normal 0 0 1
    outer loop
      vertex -85.84797602296851 -107.7 2.299999999999997
      vertex 85.84797602296851 -107.7 2.299999999999997
      vertex -85.48152221065908 -107.4930540147014 2.299999999999997
    endloop
  endfacet
  facet normal 0 0 1
    outer loop
      vertex -85.48152221065908 -107.4930540147014 2.299999999999997
      vertex 85.48152221065908 -107.4930540147014 2.299999999999997
      vertex -85.06112183491577 -107.22287909842427 2.299999999999997
    endloop
  endfacet
  facet normal 0 0 1
    outer loop
      vertex -85.06112183491577 -107.22287909842427 2.299999999999997
      vertex 85.06112183491577 -107.22287909842427 2.299999999999997
      vertex -84.65683105318992 -106.92914465181991 2.299999999999997
    endloop
  endfacet
  facet normal 0 0 1
    outer loop
      vertex -84.65683105318992 -106.92914465181991 2.299999999999997
      vertex 84.65683105318992 -106.92914465181991 2.299999999999997
      vertex -84.26996857797876 -106.61280877559976 2.299999999999997
    endloop
  endfacet
  facet normal 0 0 1
    outer loop
      vertex -84.26996857797876 -106.61280877559976 2.299999999999997
      vertex 84.26996857797876 -106.61280877559976 2.299999999999997
      vertex -83.90179627426618 -106.27490329164092 2.299999999999997
    endloop
  endfacet
  facet normal 0 0 1
    outer loop
      vertex -83.90179627426618 -106.27490329164092 2.299999999999997
      vertex 83.90179627426618 -106.27490329164092 2.299999999999997
      vertex -83.55351504358146 -105.91653037739768 2.299999999999997
    endloop
  endfacet
  facet normal 0 0 1
    outer loop
      vertex -83.55351504358146 -105.91653037739768 2.299999999999997
      vertex 83.55351504358146 -105.91653037739766 2.299999999999997
      vertex -83.22626090690802 -105.53885897082762 2.299999999999997
    endloop
  endfacet
  facet normal 0 0 1
    outer loop
      vertex -83.22626090690802 -105.53885897082762 2.299999999999997
      vertex 83.22626090690802 -105.53885897082762 2.299999999999997
      vertex -82.9211012992192 -105.14312095755913 2.299999999999997
    endloop
  endfacet
  facet normal 0 0 1
    outer loop
      vertex -82.9211012992192 -105.14312095755913 2.299999999999997
      vertex 82.9211012992192 -105.14312095755913 2.299999999999997
      vertex -82.63903158772716 -104.73060715273648 2.299999999999997
    endloop
  endfacet
  facet normal 0 0 1
    outer loop
      vertex -82.63903158772716 -104.73060715273648 2.299999999999997
      vertex 82.63903158772716 -104.73060715273648 2.299999999999997
      vertex -82.38097182520195 -104.30266309064903 2.299999999999997
    endloop
  endfacet
  facet normal 0 0 1
    outer loop
      vertex -82.38097182520195 -104.30266309064903 2.299999999999997
      vertex 82.38097182520195 -104.30266309064903 2.299999999999997
      vertex -82.14776374895061 -103.86068463587819 2.299999999999997
    endloop
  endfacet
  facet normal 0 0 1
    outer loop
      vertex -82.14776374895061 -103.86068463587819 2.299999999999997
      vertex 82.14776374895061 -103.86068463587819 2.299999999999997
      vertex -81.94016803524507 -103.40611343027717 2.299999999999997
    endloop
  endfacet
  facet normal 0 0 1
    outer loop
      vertex -81.94016803524507 -103.40611343027717 2.299999999999997
      vertex 81.94016803524507 -103.40611343027717 2.299999999999997
      vertex -81.75886181815416 -102.94043219063501 2.299999999999997
    endloop
  endfacet
  facet normal 0 0 1
    outer loop
      vertex -81.75886181815416 -102.94043219063501 2.299999999999997
      vertex 81.60443648087315 -102.4651598723625 2.299999999999997
      vertex -81.60443648087315 -102.4651598723625 2.299999999999997
    endloop
  endfacet
  facet normal 0 0 1
    outer loop
      vertex -81.60443648087315 -102.4651598723625 2.299999999999997
      vertex 81.47739572675458 -101.98184671497543 2.299999999999997
      vertex -81.47739572675458 -101.98184671497543 2.299999999999997
    endloop
  endfacet
  facet normal 0 0 1
    outer loop
      vertex -81.47739572675458 -101.98184671497543 2.299999999999997
      vertex 81.3781539363327 -101.49206918553546 2.299999999999997
      vertex -81.3781539363327 -101.49206918553546 2.299999999999997
    endloop
  endfacet
  facet normal 0 0 1
    outer loop
      vertex -81.3781539363327 -101.49206918553546 2.299999999999997
      vertex 81.30703481570019 -100.99742483654222 2.299999999999997
      vertex -81.30703481570019 -100.99742483654224 2.299999999999997
    endloop
  endfacet
  facet normal 0 0 1
    outer loop
      vertex -81.30703481570019 -100.99742483654224 2.299999999999997
      vertex 81.2642703406463 -100.49952709504922 2.299999999999997
      vertex -81.2642703406463 -100.49952709504922 2.299999999999997
    endloop
  endfacet
  facet normal 0 0 1
    outer loop
      vertex -81.2642703406463 -100.49952709504922 2.299999999999997
      vertex -16.93453269197674 -32.92070083931975 2.299999999999997
      vertex -19.294614907189942 -32.28831871568232 2.299999999999997
    endloop
  endfacet
  facet normal 0 0 1
    outer loop
      vertex -81.2642703406463 -100.49952709504922 2.299999999999997
      vertex -14.553818357243154 -33.4703320513664 2.299999999999997
      vertex -16.93453269197674 -32.92070083931975 2.299999999999997
    endloop
  endfacet
  facet normal 0 0 1
    outer loop
      vertex -81.2642703406463 -100.49952709504922 2.299999999999997
      vertex -12.155372436685123 -33.93654271085457 2.299999999999997
      vertex -14.553818357243154 -33.4703320513664 2.299999999999997
    endloop
  endfacet
  facet normal 0 0 1
    outer loop
      vertex -81.2642703406463 -100.49952709504922 2.299999999999997
      vertex -9.74211706720458 -34.31876481190993 2.299999999999997
      vertex -12.155372436685123 -33.93654271085457 2.299999999999997
    endloop
  endfacet
  facet normal 0 0 1
    outer loop
      vertex -81.2642703406463 -100.49952709504922 2.299999999999997
      vertex 68.60371967673204 -78.86404170021311 2.299999999999997
      vertex -9.74211706720458 -34.31876481190993 2.299999999999997
    endloop
  endfacet
  facet normal 0 0 1
    outer loop
      vertex -86.36511863623349 -92.04072004064797 2.299999999999997
      vertex -28.471565015306016 -28.94818203498206 2.299999999999997
      vertex -30.68598027523542 -27.915583240941693 2.299999999999997
    endloop
  endfacet
  facet normal 0 0 1
    outer loop
      vertex -81.2642703406463 -100.49952709504922 2.299999999999997
      vertex -19.294614907189942 -32.28831871568232 2.299999999999997
      vertex -21.631189606246316 -31.57395614066074 2.299999999999997
    endloop
  endfacet
  facet normal 0 0 1
    outer loop
      vertex -70.12283634405641 -78.20419621545703 2.299999999999997
      vertex -26.22246153911384 -29.902869819675118 2.299999999999997
      vertex -28.471565015306016 -28.94818203498206 2.299999999999997
    endloop
  endfacet
  facet normal 0 0 1
    outer loop
      vertex -26.22246153911384 -29.902869819675118 2.299999999999997
      vertex -68.77140434220642 -78.68449526429937 2.299999999999997
      vertex -23.94141003279681 -30.778483455013586 2.299999999999997
    endloop
  endfacet
  facet normal 0 0 1
    outer loop
      vertex -23.94141003279681 -30.778483455013586 2.299999999999997
      vertex -68.26674888277397 -79.51436581191736 2.299999999999997
      vertex -21.631189606246316 -31.57395614066074 2.299999999999997
    endloop
  endfacet
  facet normal 0 1 0
    outer loop
      vertex -85.84797602296851 -107.7 2.299999999999997
      vertex -85.84797602296851 -107.7 82.3
      vertex 85.84797602296851 -107.7 82.3
    endloop
  endfacet
  facet normal 0 0 1
    outer loop
      vertex -92.22441042419301 -91.53746502135787 2.299999999999997
      vertex -69.31876481190993 44.74211706720458 2.299999999999997
      vertex -68.93654271085457 47.15537243668513 2.299999999999997
    endloop
  endfacet
  facet normal 0 0 1
    outer loop
      vertex -92.22441042419301 -91.53746502135787 2.299999999999997
      vertex -68.93654271085457 47.15537243668513 2.299999999999997
      vertex -71.39628032326796 78.86404170021311 2.299999999999997
    endloop
  endfacet
  facet normal 0 0 1
    outer loop
      vertex -92.22441042419301 -91.53746502135787 2.299999999999997
      vertex -71.39628032326796 78.86404170021311 2.299999999999997
      vertex -71.65098034270981 79.28287803827676 2.299999999999997
    endloop
  endfacet
  facet normal 0 0 1
    outer loop
      vertex -92.22441042419301 -91.53746502135787 2.299999999999997
      vertex -71.65098034270981 79.28287803827676 2.299999999999997
      vertex -71.7832347028654 79.75490003162676 2.299999999999997
    endloop
  endfacet
  facet normal 0 0 1
    outer loop
      vertex -97.7 -95.85079558350154 2.299999999999997
      vertex -96.44648495641854 94.08346962260234 2.299999999999997
      vertex -96.77373909309198 94.46114102917238 2.299999999999997
    endloop
  endfacet
  facet normal 0 0 1
    outer loop
      vertex -97.7 -95.85079558350154 2.299999999999997
      vertex -97.61902817479805 95.69733690935097 2.299999999999997
      vertex -97.7 95.85079558350154 2.299999999999997
    endloop
  endfacet
  facet normal 0 0 1
    outer loop
      vertex -97.7 -95.85079558350154 2.299999999999997
      vertex -97.36096841227284 95.26939284726352 2.299999999999997
      vertex -97.61902817479805 95.69733690935097 2.299999999999997
    endloop
  endfacet
  facet normal 0 0 1
    outer loop
      vertex -97.7 -95.85079558350154 2.299999999999997
      vertex -97.0788987007808 94.85687904244087 2.299999999999997
      vertex -97.36096841227284 95.26939284726352 2.299999999999997
    endloop
  endfacet
  facet normal 0 0 1
    outer loop
      vertex -97.7 -95.85079558350154 2.299999999999997
      vertex -96.77373909309198 94.46114102917238 2.299999999999997
      vertex -97.0788987007808 94.85687904244087 2.299999999999997
    endloop
  endfacet
  facet normal 0 0 1
    outer loop
      vertex -97.7 -95.85079558350154 2.299999999999997
      vertex -95.73003142202124 93.38719122440024 2.299999999999997
      vertex -96.09820372573382 93.72509670835908 2.299999999999997
    endloop
  endfacet
  facet normal 0 0 1
    outer loop
      vertex -97.7 -95.85079558350154 2.299999999999997
      vertex -96.09820372573382 93.72509670835908 2.299999999999997
      vertex -96.44648495641854 94.08346962260234 2.299999999999997
    endloop
  endfacet
  facet normal 0 0 1
    outer loop
      vertex -97.7 -95.85079558350154 2.299999999999997
      vertex -95.34316894681008 93.07085534818009 2.299999999999997
      vertex -95.73003142202124 93.38719122440024 2.299999999999997
    endloop
  endfacet
  facet normal 0 0 1
    outer loop
      vertex -97.7 -95.85079558350154 2.299999999999997
      vertex -94.93887816508423 92.77712090157573 2.299999999999997
      vertex -95.34316894681008 93.07085534818009 2.299999999999997
    endloop
  endfacet
  facet normal 0 0 1
    outer loop
      vertex -97.7 -95.85079558350154 2.299999999999997
      vertex -94.51847778934092 92.5069459852986 2.299999999999997
      vertex -94.93887816508423 92.77712090157573 2.299999999999997
    endloop
  endfacet
  facet normal 0 0 1
    outer loop
      vertex -97.7 -95.85079558350154 2.299999999999997
      vertex -94.08333907822464 92.26121185376913 2.299999999999997
      vertex -94.51847778934092 92.5069459852986 2.299999999999997
    endloop
  endfacet
  facet normal 0 0 1
    outer loop
      vertex -97.7 -95.85079558350154 2.299999999999997
      vertex -92.22441042419301 91.53746502135787 2.299999999999997
      vertex -92.70389870078078 91.67825548241741 2.299999999999997
    endloop
  endfacet
  facet normal 0 0 1
    outer loop
      vertex -97.7 -95.85079558350154 2.299999999999997
      vertex -91.73766658315027 91.42427759044156 2.299999999999997
      vertex -92.22441042419301 91.53746502135787 2.299999999999997
    endloop
  endfacet
  facet normal 0 0 1
    outer loop
      vertex -97.7 -95.85079558350154 2.299999999999997
      vertex -93.63488136376651 92.04072004064797 2.299999999999997
      vertex -94.08333907822464 92.26121185376913 2.299999999999997
    endloop
  endfacet
  facet normal 0 0 1
    outer loop
      vertex -97.7 -95.85079558350154 2.299999999999997
      vertex -93.17456742181811 91.8461897443998 2.299999999999997
      vertex -93.63488136376651 92.04072004064797 2.299999999999997
    endloop
  endfacet
  facet normal 0 0 1
    outer loop
      vertex -97.7 -95.85079558350154 2.299999999999997
      vertex -92.70389870078078 91.67825548241741 2.299999999999997
      vertex -93.17456742181811 91.8461897443998 2.299999999999997
    endloop
  endfacet
  facet normal 0 0 1
    outer loop
      vertex -97.7 -95.85079558350154 2.299999999999997
      vertex -91.24525483489124 91.33906238354184 2.299999999999997
      vertex -91.73766658315027 91.42427759044156 2.299999999999997
    endloop
  endfacet
  facet normal 0 0 1
    outer loop
      vertex -97.7 -95.85079558350154 2.299999999999997
      vertex -90.74878132418985 91.28209735495145 2.299999999999997
      vertex -91.24525483489124 91.33906238354184 2.299999999999997
    endloop
  endfacet
  facet normal 0 0 1
    outer loop
      vertex -97.7 -95.85079558350154 2.299999999999997
      vertex -90.24986544444484 91.25356831275334 2.299999999999997
      vertex -90.74878132418985 91.28209735495145 2.299999999999997
    endloop
  endfacet
  facet normal 0 0 1
    outer loop
      vertex -97.61902817479805 -95.69733690935097 2.299999999999997
      vertex -89.75013455555516 91.25356831275334 2.299999999999997
      vertex -90.24986544444484 91.25356831275334 2.299999999999997
    endloop
  endfacet
  facet normal 0 0 1
    outer loop
      vertex -97.61902817479805 -95.69733690935097 2.299999999999997
      vertex -89.25121867581015 91.28209735495145 2.299999999999997
      vertex -89.75013455555516 91.25356831275334 2.299999999999997
    endloop
  endfacet
  facet normal 0 0 1
    outer loop
      vertex -97.61902817479805 -95.69733690935097 2.299999999999997
      vertex -88.75474516510876 91.33906238354184 2.299999999999997
      vertex -89.25121867581015 91.28209735495145 2.299999999999997
    endloop
  endfacet
  facet normal 0 0 1
    outer loop
      vertex -97.61902817479805 -95.69733690935097 2.299999999999997
      vertex -88.26233341684973 91.42427759044156 2.299999999999997
      vertex -88.75474516510876 91.33906238354184 2.299999999999997
    endloop
  endfacet
  facet normal 0 0 1
    outer loop
      vertex -92.22441042419301 -91.53746502135787 2.299999999999997
      vertex -87.77558957580699 91.53746502135787 2.299999999999997
      vertex -88.26233341684973 91.42427759044156 2.299999999999997
    endloop
  endfacet
  facet normal 0 0 1
    outer loop
      vertex -92.22441042419301 -91.53746502135787 2.299999999999997
      vertex -87.29610129921922 91.67825548241741 2.299999999999997
      vertex -87.77558957580699 91.53746502135787 2.299999999999997
    endloop
  endfacet
  facet normal 0 0 1
    outer loop
      vertex -92.22441042419301 -91.53746502135787 2.299999999999997
      vertex -86.82543257818189 91.8461897443998 2.299999999999997
      vertex -87.29610129921922 91.67825548241741 2.299999999999997
    endloop
  endfacet
  facet normal 0 0 1
    outer loop
      vertex -92.22441042419301 -91.53746502135787 2.299999999999997
      vertex -86.36511863623349 92.04072004064797 2.299999999999997
      vertex -86.82543257818189 91.8461897443998 2.299999999999997
    endloop
  endfacet
  facet normal 0 0 1
    outer loop
      vertex -92.22441042419301 -91.53746502135787 2.299999999999997
      vertex -85.91666092177536 92.26121185376913 2.299999999999997
      vertex -86.36511863623349 92.04072004064797 2.299999999999997
    endloop
  endfacet
  facet normal 0 0 1
    outer loop
      vertex -92.22441042419301 -91.53746502135787 2.299999999999997
      vertex -85.48152221065908 92.5069459852986 2.299999999999997
      vertex -85.91666092177536 92.26121185376913 2.299999999999997
    endloop
  endfacet
  facet normal 0 0 1
    outer loop
      vertex -92.22441042419301 -91.53746502135787 2.299999999999997
      vertex -85.06112183491577 92.77712090157573 2.299999999999997
      vertex -85.48152221065908 92.5069459852986 2.299999999999997
    endloop
  endfacet
  facet normal 0 0 1
    outer loop
      vertex -92.22441042419301 -91.53746502135787 2.299999999999997
      vertex -84.65683105318992 93.07085534818009 2.299999999999997
      vertex -85.06112183491577 92.77712090157573 2.299999999999997
    endloop
  endfacet
  facet normal 0 0 1
    outer loop
      vertex -92.22441042419301 -91.53746502135787 2.299999999999997
      vertex -84.26996857797876 93.38719122440024 2.299999999999997
      vertex -84.65683105318992 93.07085534818009 2.299999999999997
    endloop
  endfacet
  facet normal 0 0 1
    outer loop
      vertex -92.22441042419301 -91.53746502135787 2.299999999999997
      vertex -83.90179627426618 93.72509670835908 2.299999999999997
      vertex -84.26996857797876 93.38719122440024 2.299999999999997
    endloop
  endfacet
  facet normal 0 0 1
    outer loop
      vertex -92.22441042419301 -91.53746502135787 2.299999999999997
      vertex -83.55351504358146 94.08346962260232 2.299999999999997
      vertex -83.90179627426618 93.72509670835908 2.299999999999997
    endloop
  endfacet
  facet normal 0 0 1
    outer loop
      vertex -92.22441042419301 -91.53746502135787 2.299999999999997
      vertex -83.22626090690802 94.46114102917238 2.299999999999997
      vertex -83.55351504358146 94.08346962260232 2.299999999999997
    endloop
  endfacet
  facet normal 0 0 1
    outer loop
      vertex -92.22441042419301 -91.53746502135787 2.299999999999997
      vertex -82.9211012992192 94.85687904244087 2.299999999999997
      vertex -83.22626090690802 94.46114102917238 2.299999999999997
    endloop
  endfacet
  facet normal 0 0 1
    outer loop
      vertex -92.22441042419301 -91.53746502135787 2.299999999999997
      vertex -82.63903158772716 95.26939284726352 2.299999999999997
      vertex -82.9211012992192 94.85687904244087 2.299999999999997
    endloop
  endfacet
  facet normal 0 0 1
    outer loop
      vertex -92.22441042419301 -91.53746502135787 2.299999999999997
      vertex -82.38097182520195 95.69733690935097 2.299999999999997
      vertex -82.63903158772716 95.26939284726352 2.299999999999997
    endloop
  endfacet
  facet normal 0 0 1
    outer loop
      vertex -92.22441042419301 -91.53746502135787 2.299999999999997
      vertex -82.14776374895061 96.13931536412181 2.299999999999997
      vertex -82.38097182520195 95.69733690935097 2.299999999999997
    endloop
  endfacet
  facet normal 0 0 1
    outer loop
      vertex -92.22441042419301 -91.53746502135787 2.299999999999997
      vertex -81.94016803524507 96.59388656972283 2.299999999999997
      vertex -82.14776374895061 96.13931536412181 2.299999999999997
    endloop
  endfacet
  facet normal 0 0 1
    outer loop
      vertex -92.22441042419301 -91.53746502135787 2.299999999999997
      vertex -81.75886181815416 97.05956780936499 2.299999999999997
      vertex -81.94016803524507 96.59388656972283 2.299999999999997
    endloop
  endfacet
  facet normal 0 0 1
    outer loop
      vertex -92.22441042419301 -91.53746502135787 2.299999999999997
      vertex -81.60443648087315 97.5348401276375 2.299999999999997
      vertex -81.75886181815416 97.05956780936499 2.299999999999997
    endloop
  endfacet
  facet normal 0 0 1
    outer loop
      vertex -92.22441042419301 -91.53746502135787 2.299999999999997
      vertex -71.7832347028654 79.75490003162676 2.299999999999997
      vertex -81.3781539363327 98.50793081446454 2.299999999999997
    endloop
  endfacet
  facet normal 0 0 1
    outer loop
      vertex -92.22441042419301 -91.53746502135787 2.299999999999997
      vertex -81.47739572675458 98.01815328502457 2.299999999999997
      vertex -81.60443648087315 97.5348401276375 2.299999999999997
    endloop
  endfacet
  facet normal 0 0 1
    outer loop
      vertex -92.22441042419301 -91.53746502135787 2.299999999999997
      vertex -81.3781539363327 98.50793081446454 2.299999999999997
      vertex -81.47739572675458 98.01815328502457 2.299999999999997
    endloop
  endfacet
  facet normal 0 0 1
    outer loop
      vertex -68.4703320513664 49.55381835724315 2.299999999999997
      vertex -71.39628032326796 78.86404170021311 2.299999999999997
      vertex -68.93654271085457 47.15537243668513 2.299999999999997
    endloop
  endfacet
  facet normal 0 0 1
    outer loop
      vertex -67.92070083931975 51.93453269197674 2.299999999999997
      vertex -71.39628032326796 78.86404170021311 2.299999999999997
      vertex -68.4703320513664 49.55381835724315 2.299999999999997
    endloop
  endfacet
  facet normal 0 0 1
    outer loop
      vertex -67.28831871568232 54.29461490718994 2.299999999999997
      vertex -71.39628032326796 78.86404170021311 2.299999999999997
      vertex -67.92070083931975 51.93453269197674 2.299999999999997
    endloop
  endfacet
  facet normal 0 0 1
    outer loop
      vertex -66.57395614066074 56.631189606246316 2.299999999999997
      vertex -71.39628032326796 78.86404170021311 2.299999999999997
      vertex -67.28831871568232 54.29461490718994 2.299999999999997
    endloop
  endfacet
  facet normal 0 0 1
    outer loop
      vertex -65.77848345501359 58.94141003279681 2.299999999999997
      vertex -71.39628032326796 78.86404170021311 2.299999999999997
      vertex -66.57395614066074 56.631189606246316 2.299999999999997
    endloop
  endfacet
  facet normal 0 0 1
    outer loop
      vertex -71.03802457980676 78.5294541925812 2.299999999999997
      vertex -65.77848345501359 58.94141003279681 2.299999999999997
      vertex -64.90286981967512 61.22246153911384 2.299999999999997
    endloop
  endfacet
  facet normal 0 0 1
    outer loop
      vertex -70.60278330190778 78.30393034018613 2.299999999999997
      vertex -64.90286981967512 61.22246153911384 2.299999999999997
      vertex -63.94818203498206 63.47156501530601 2.299999999999997
    endloop
  endfacet
  facet normal 0 0 1
    outer loop
      vertex -71.03802457980676 78.5294541925812 2.299999999999997
      vertex -71.39628032326796 78.86404170021311 2.299999999999997
      vertex -65.77848345501359 58.94141003279681 2.299999999999997
    endloop
  endfacet
  facet normal 0 0 1
    outer loop
      vertex -70.60278330190778 78.30393034018613 2.299999999999997
      vertex -71.03802457980676 78.5294541925812 2.299999999999997
      vertex -64.90286981967512 61.22246153911384 2.299999999999997
    endloop
  endfacet
  facet normal 0 0 1
    outer loop
      vertex -62.91558324094169 65.68598027523542 2.299999999999997
      vertex -70.60278330190778 78.30393034018613 2.299999999999997
      vertex -63.94818203498206 63.47156501530601 2.299999999999997
    endloop
  endfacet
  facet normal 0 0 1
    outer loop
      vertex -70.12283634405641 78.20419621545703 2.299999999999997
      vertex -70.60278330190778 78.30393034018613 2.299999999999997
      vertex -62.91558324094169 65.68598027523542 2.299999999999997
    endloop
  endfacet
  facet normal 0 0 1
    outer loop
      vertex -69.63377917650526 78.23764864217182 2.299999999999997
      vertex -70.12283634405641 78.20419621545703 2.299999999999997
      vertex -61.80633150012489 67.86300939501236 2.299999999999997
    endloop
  endfacet
  facet normal 0 0 1
    outer loop
      vertex -69.17188293208393 78.40180660687572 2.299999999999997
      vertex -69.63377917650526 78.23764864217182 2.299999999999997
      vertex -60.6217782649107 70 2.299999999999997
    endloop
  endfacet
  facet normal 0 0 1
    outer loop
      vertex -70.12283634405641 78.20419621545703 2.299999999999997
      vertex -62.91558324094169 65.68598027523542 2.299999999999997
      vertex -61.80633150012489 67.86300939501236 2.299999999999997
    endloop
  endfacet
  facet normal 0 0 1
    outer loop
      vertex -60.6217782649107 70 2.299999999999997
      vertex -69.63377917650526 78.23764864217182 2.299999999999997
      vertex -61.80633150012489 67.86300939501236 2.299999999999997
    endloop
  endfacet
  facet normal 0 0 1
    outer loop
      vertex -68.77140434220642 78.68449526429937 2.299999999999997
      vertex -60.6217782649107 70 2.299999999999997
      vertex -59.363366730949814 72.09434849632434 2.299999999999997
    endloop
  endfacet
  facet normal 0 0 1
    outer loop
      vertex -68.77140434220642 78.68449526429937 2.299999999999997
      vertex -69.17188293208393 78.40180660687572 2.299999999999997
      vertex -60.6217782649107 70 2.299999999999997
    endloop
  endfacet
  facet normal 0 0 1
    outer loop
      vertex -68.77140434220642 78.68449526429937 2.299999999999997
      vertex -59.363366730949814 72.09434849632434 2.299999999999997
      vertex -68.46204507181632 79.06474888993623 2.299999999999997
    endloop
  endfacet
  facet normal 0 0 1
    outer loop
      vertex -68.46204507181632 79.06474888993623 2.299999999999997
      vertex -58.03263007885291 74.14350324295228 2.299999999999997
      vertex -68.26674888277397 79.51436581191736 2.299999999999997
    endloop
  endfacet
  facet normal 0 0 1
    outer loop
      vertex -56.63118960624632 76.14496766047313 2.299999999999997
      vertex -68.2 80 2.299999999999997
      vertex -68.26674888277397 79.51436581191736 2.299999999999997
    endloop
  endfacet
  facet normal 0 0 1
    outer loop
      vertex -68.2 80 2.299999999999997
      vertex -53.62311101832846 79.99513267805776 2.299999999999997
      vertex -68.26674888277397 80.48563418808264 2.299999999999997
    endloop
  endfacet
  facet normal 0 0 1
    outer loop
      vertex -68.26674888277397 80.48563418808264 2.299999999999997
      vertex -53.62311101832846 79.99513267805776 2.299999999999997
      vertex -68.46204507181632 80.93525111006377 2.299999999999997
    endloop
  endfacet
  facet normal 0 0 1
    outer loop
      vertex -68.46204507181632 80.93525111006377 2.299999999999997
      vertex -52.020137783417596 81.83914244512007 2.299999999999997
      vertex -68.77140434220642 81.31550473570063 2.299999999999997
    endloop
  endfacet
  facet normal 0 0 1
    outer loop
      vertex -58.03263007885291 74.14350324295228 2.299999999999997
      vertex -68.46204507181632 79.06474888993623 2.299999999999997
      vertex -59.363366730949814 72.09434849632434 2.299999999999997
    endloop
  endfacet
  facet normal 0 0 1
    outer loop
      vertex -56.63118960624632 76.14496766047313 2.299999999999997
      vertex -68.26674888277397 79.51436581191736 2.299999999999997
      vertex -58.03263007885291 74.14350324295228 2.299999999999997
    endloop
  endfacet
  facet normal 0 0 1
    outer loop
      vertex -55.160752752470536 78.09630327279608 2.299999999999997
      vertex -68.2 80 2.299999999999997
      vertex -56.63118960624632 76.14496766047313 2.299999999999997
    endloop
  endfacet
  facet normal 0 0 1
    outer loop
      vertex -53.62311101832846 79.99513267805776 2.299999999999997
      vertex -68.2 80 2.299999999999997
      vertex -55.160752752470536 78.09630327279608 2.299999999999997
    endloop
  endfacet
  facet normal 0 0 1
    outer loop
      vertex -52.020137783417596 81.83914244512007 2.299999999999997
      vertex -68.46204507181632 80.93525111006377 2.299999999999997
      vertex -53.62311101832846 79.99513267805776 2.299999999999997
    endloop
  endfacet
  facet normal 0 0 1
    outer loop
      vertex -50.35378602370558 83.62608593212981 2.299999999999997
      vertex -68.77140434220642 81.31550473570063 2.299999999999997
      vertex -52.020137783417596 81.83914244512007 2.299999999999997
    endloop
  endfacet
  facet normal 0 0 1
    outer loop
      vertex -81.3781539363327 98.50793081446454 2.299999999999997
      vertex -71.7832347028654 79.75490003162676 2.299999999999997
      vertex -71.7832347028654 80.24509996837324 2.299999999999997
    endloop
  endfacet
  facet normal 0 0 1
    outer loop
      vertex -81.3781539363327 98.50793081446454 2.299999999999997
      vertex -71.7832347028654 80.24509996837324 2.299999999999997
      vertex -71.65098034270981 80.71712196172324 2.299999999999997
    endloop
  endfacet
  facet normal 0 0 1
    outer loop
      vertex -81.3781539363327 98.50793081446454 2.299999999999997
      vertex -71.65098034270981 80.71712196172324 2.299999999999997
      vertex -71.39628032326796 81.13595829978689 2.299999999999997
    endloop
  endfacet
  facet normal 0 0 1
    outer loop
      vertex -81.3781539363327 98.50793081446454 2.299999999999997
      vertex -71.39628032326796 81.13595829978689 2.299999999999997
      vertex -71.03802457980676 81.4705458074188 2.299999999999997
    endloop
  endfacet
  facet normal 0 0 1
    outer loop
      vertex -81.3781539363327 98.50793081446454 2.299999999999997
      vertex -71.03802457980676 81.4705458074188 2.299999999999997
      vertex -70.60278330190778 81.69606965981387 2.299999999999997
    endloop
  endfacet
  facet normal 0 0 1
    outer loop
      vertex -81.3781539363327 98.50793081446454 2.299999999999997
      vertex -70.60278330190778 81.69606965981387 2.299999999999997
      vertex -70.12283634405641 81.79580378454297 2.299999999999997
    endloop
  endfacet
  facet normal 0 0 1
    outer loop
      vertex -81.3781539363327 98.50793081446454 2.299999999999997
      vertex -70.12283634405641 81.79580378454297 2.299999999999997
      vertex -69.63377917650526 81.76235135782818 2.299999999999997
    endloop
  endfacet
  facet normal 0 0 1
    outer loop
      vertex -81.3781539363327 98.50793081446454 2.299999999999997
      vertex -69.17188293208393 81.59819339312428 2.299999999999997
      vertex -68.77140434220642 81.31550473570063 2.299999999999997
    endloop
  endfacet
  facet normal 0 0 1
    outer loop
      vertex -81.3781539363327 98.50793081446454 2.299999999999997
      vertex -69.63377917650526 81.76235135782818 2.299999999999997
      vertex -69.17188293208393 81.59819339312428 2.299999999999997
    endloop
  endfacet
  facet normal 0 0 1
    outer loop
      vertex -81.3781539363327 98.50793081446454 2.299999999999997
      vertex -68.77140434220642 81.31550473570063 2.299999999999997
      vertex -50.35378602370558 83.62608593212981 2.299999999999997
    endloop
  endfacet
  facet normal 0 0 1
    outer loop
      vertex -81.3781539363327 98.50793081446454 2.299999999999997
      vertex -26.22246153911384 99.90286981967512 2.299999999999997
      vertex -81.30703481570019 99.00257516345776 2.299999999999997
    endloop
  endfacet
  facet normal 0 0 1
    outer loop
      vertex -81.30703481570019 99.00257516345776 2.299999999999997
      vertex -26.22246153911384 99.90286981967512 2.299999999999997
      vertex -81.2642703406463 99.50047290495078 2.299999999999997
    endloop
  endfacet
  facet normal 0 0 1
    outer loop
      vertex -81.2642703406463 99.50047290495078 2.299999999999997
      vertex -26.22246153911384 99.90286981967512 2.299999999999997
      vertex -81.25 100 2.299999999999997
    endloop
  endfacet
  facet normal 0 0 1
    outer loop
      vertex -81.3781539363327 98.50793081446454 2.299999999999997
      vertex -50.35378602370558 83.62608593212981 2.299999999999997
      vertex -48.62608593212981 85.35378602370558 2.299999999999997
    endloop
  endfacet
  facet normal 0 0 1
    outer loop
      vertex -81.3781539363327 98.50793081446454 2.299999999999997
      vertex -48.62608593212981 85.35378602370558 2.299999999999997
      vertex -46.839142445120075 87.0201377834176 2.299999999999997
    endloop
  endfacet
  facet normal 0 0 1
    outer loop
      vertex -81.3781539363327 98.50793081446454 2.299999999999997
      vertex -46.839142445120075 87.0201377834176 2.299999999999997
      vertex -44.99513267805775 88.62311101832846 2.299999999999997
    endloop
  endfacet
  facet normal 0 0 1
    outer loop
      vertex -81.3781539363327 98.50793081446454 2.299999999999997
      vertex -44.99513267805775 88.62311101832846 2.299999999999997
      vertex -43.09630327279608 90.16075275247053 2.299999999999997
    endloop
  endfacet
  facet normal 0 0 1
    outer loop
      vertex -81.3781539363327 98.50793081446454 2.299999999999997
      vertex -43.09630327279608 90.16075275247053 2.299999999999997
      vertex -41.14496766047312 91.63118960624632 2.299999999999997
    endloop
  endfacet
  facet normal 0 0 1
    outer loop
      vertex -81.3781539363327 98.50793081446454 2.299999999999997
      vertex -41.14496766047312 91.63118960624632 2.299999999999997
      vertex -39.143503242952285 93.03263007885292 2.299999999999997
    endloop
  endfacet
  facet normal 0 0 1
    outer loop
      vertex -81.3781539363327 98.50793081446454 2.299999999999997
      vertex -39.143503242952285 93.03263007885292 2.299999999999997
      vertex -37.09434849632434 94.36336673094982 2.299999999999997
    endloop
  endfacet
  facet normal 0 0 1
    outer loop
      vertex -81.3781539363327 98.50793081446454 2.299999999999997
      vertex -37.09434849632434 94.36336673094982 2.299999999999997
      vertex -35 95.6217782649107 2.299999999999997
    endloop
  endfacet
  facet normal 0 0 1
    outer loop
      vertex -81.2642703406463 100.49952709504922 2.299999999999997
      vertex -81.25 100 2.299999999999997
      vertex -23.94141003279681 100.77848345501359 2.299999999999997
    endloop
  endfacet
  facet normal 0 0 1
    outer loop
      vertex -81.2642703406463 100.49952709504922 2.299999999999997
      vertex -23.94141003279681 100.77848345501359 2.299999999999997
      vertex -81.30703481570019 100.99742483654224 2.299999999999997
    endloop
  endfacet
  facet normal 0 0 1
    outer loop
      vertex -81.30703481570019 100.99742483654224 2.299999999999997
      vertex -21.631189606246316 101.57395614066074 2.299999999999997
      vertex -81.3781539363327 101.49206918553546 2.299999999999997
    endloop
  endfacet
  facet normal 0 0 1
    outer loop
      vertex -81.47739572675458 101.98184671497543 2.299999999999997
      vertex -19.294614907189942 102.28831871568232 2.299999999999997
      vertex -81.60443648087315 102.4651598723625 2.299999999999997
    endloop
  endfacet
  facet normal 0 0 1
    outer loop
      vertex -81.3781539363327 101.49206918553546 2.299999999999997
      vertex -19.294614907189942 102.28831871568232 2.299999999999997
      vertex -81.47739572675458 101.98184671497543 2.299999999999997
    endloop
  endfacet
  facet normal 0 0 1
    outer loop
      vertex -81.75886181815416 102.94043219063501 2.299999999999997
      vertex -81.60443648087315 102.4651598723625 2.299999999999997
      vertex -16.93453269197674 102.92070083931975 2.299999999999997
    endloop
  endfacet
  facet normal 0 0 1
    outer loop
      vertex -81.75886181815416 102.94043219063501 2.299999999999997
      vertex -14.553818357243154 103.4703320513664 2.299999999999997
      vertex -81.94016803524507 103.40611343027717 2.299999999999997
    endloop
  endfacet
  facet normal 0 0 1
    outer loop
      vertex -82.14776374895061 103.86068463587819 2.299999999999997
      vertex -81.94016803524507 103.40611343027717 2.299999999999997
      vertex -14.553818357243154 103.4703320513664 2.299999999999997
    endloop
  endfacet
  facet normal 0 0 1
    outer loop
      vertex -82.14776374895061 103.86068463587819 2.299999999999997
      vertex -12.155372436685123 103.93654271085457 2.299999999999997
      vertex -82.38097182520195 104.30266309064903 2.299999999999997
    endloop
  endfacet
  facet normal 0 0 1
    outer loop
      vertex -82.63903158772716 104.73060715273648 2.299999999999997
      vertex -82.38097182520195 104.30266309064903 2.299999999999997
      vertex -9.74211706720458 104.31876481190993 2.299999999999997
    endloop
  endfacet
  facet normal 0 0 1
    outer loop
      vertex -82.9211012992192 105.14312095755913 2.299999999999997
      vertex -82.63903158772716 104.73060715273648 2.299999999999997
      vertex -4.882953162088771 104.8294835181877 2.299999999999997
    endloop
  endfacet
  facet normal 0 0 1
    outer loop
      vertex -81.3781539363327 98.50793081446454 2.299999999999997
      vertex -35 95.6217782649107 2.299999999999997
      vertex -32.863009395012355 96.80633150012488 2.299999999999997
    endloop
  endfacet
  facet normal 0 0 1
    outer loop
      vertex -81.3781539363327 98.50793081446454 2.299999999999997
      vertex -32.863009395012355 96.80633150012488 2.299999999999997
      vertex -30.68598027523542 97.91558324094169 2.299999999999997
    endloop
  endfacet
  facet normal 0 0 1
    outer loop
      vertex -81.3781539363327 98.50793081446454 2.299999999999997
      vertex -30.68598027523542 97.91558324094169 2.299999999999997
      vertex -28.471565015306016 98.94818203498207 2.299999999999997
    endloop
  endfacet
  facet normal 0 0 1
    outer loop
      vertex -81.3781539363327 98.50793081446454 2.299999999999997
      vertex -28.471565015306016 98.94818203498207 2.299999999999997
      vertex -26.22246153911384 99.90286981967512 2.299999999999997
    endloop
  endfacet
  facet normal 0 0 1
    outer loop
      vertex -81.25 100 2.299999999999997
      vertex -26.22246153911384 99.90286981967512 2.299999999999997
      vertex -23.94141003279681 100.77848345501359 2.299999999999997
    endloop
  endfacet
  facet normal 0 0 1
    outer loop
      vertex -81.30703481570019 100.99742483654224 2.299999999999997
      vertex -23.94141003279681 100.77848345501359 2.299999999999997
      vertex -21.631189606246316 101.57395614066074 2.299999999999997
    endloop
  endfacet
  facet normal 0 0 1
    outer loop
      vertex -81.3781539363327 101.49206918553546 2.299999999999997
      vertex -21.631189606246316 101.57395614066074 2.299999999999997
      vertex -19.294614907189942 102.28831871568232 2.299999999999997
    endloop
  endfacet
  facet normal 0 0 1
    outer loop
      vertex -81.60443648087315 102.4651598723625 2.299999999999997
      vertex -19.294614907189942 102.28831871568232 2.299999999999997
      vertex -16.93453269197674 102.92070083931975 2.299999999999997
    endloop
  endfacet
  facet normal 0 0 1
    outer loop
      vertex -81.75886181815416 102.94043219063501 2.299999999999997
      vertex -16.93453269197674 102.92070083931975 2.299999999999997
      vertex -14.553818357243154 103.4703320513664 2.299999999999997
    endloop
  endfacet
  facet normal 0 0 1
    outer loop
      vertex -82.14776374895061 103.86068463587819 2.299999999999997
      vertex -14.553818357243154 103.4703320513664 2.299999999999997
      vertex -12.155372436685123 103.93654271085457 2.299999999999997
    endloop
  endfacet
  facet normal 0 0 1
    outer loop
      vertex -82.38097182520195 104.30266309064903 2.299999999999997
      vertex -12.155372436685123 103.93654271085457 2.299999999999997
      vertex -9.74211706720458 104.31876481190993 2.299999999999997
    endloop
  endfacet
  facet normal 0 0 1
    outer loop
      vertex -82.63903158772716 104.73060715273648 2.299999999999997
      vertex -9.74211706720458 104.31876481190993 2.299999999999997
      vertex -7.316992428735743 104.61653267577913 2.299999999999997
    endloop
  endfacet
  facet normal 0 0 1
    outer loop
      vertex -82.63903158772716 104.73060715273648 2.299999999999997
      vertex -7.316992428735743 104.61653267577913 2.299999999999997
      vertex -4.882953162088771 104.8294835181877 2.299999999999997
    endloop
  endfacet
  facet normal 0 0 1
    outer loop
      vertex -82.9211012992192 105.14312095755913 2.299999999999997
      vertex -4.882953162088771 104.8294835181877 2.299999999999997
      vertex -2.442964769175068 104.9573578913367 2.299999999999997
    endloop
  endfacet
  facet normal 0 0 1
    outer loop
      vertex -82.9211012992192 105.14312095755913 2.299999999999997
      vertex -2.442964769175068 104.9573578913367 2.299999999999997
      vertex 0 105 2.299999999999997
    endloop
  endfacet
  facet normal 0 0 1
    outer loop
      vertex -84.65683105318992 106.92914465181991 2.299999999999997
      vertex -84.26996857797876 106.61280877559976 2.299999999999997
      vertex 84.26996857797876 106.61280877559976 2.299999999999997
    endloop
  endfacet
  facet normal 0 0 1
    outer loop
      vertex -85.06112183491577 107.22287909842427 2.299999999999997
      vertex -84.65683105318992 106.92914465181991 2.299999999999997
      vertex 84.65683105318992 106.92914465181991 2.299999999999997
    endloop
  endfacet
  facet normal 0 0 1
    outer loop
      vertex -85.48152221065908 107.4930540147014 2.299999999999997
      vertex -85.06112183491577 107.22287909842427 2.299999999999997
      vertex 85.06112183491577 107.22287909842427 2.299999999999997
    endloop
  endfacet
  facet normal 0 0 1
    outer loop
      vertex -85.84797602296851 107.7 2.299999999999997
      vertex -85.48152221065908 107.4930540147014 2.299999999999997
      vertex 85.48152221065908 107.4930540147014 2.299999999999997
    endloop
  endfacet
  facet normal 0 0 1
    outer loop
      vertex -83.22626090690802 105.53885897082762 2.299999999999997
      vertex -82.9211012992192 105.14312095755913 2.299999999999997
      vertex 82.9211012992192 105.14312095755913 2.299999999999997
    endloop
  endfacet
  facet normal 0 0 1
    outer loop
      vertex -83.22626090690802 105.53885897082762 2.299999999999997
      vertex 83.22626090690802 105.53885897082762 2.299999999999997
      vertex -83.55351504358146 105.91653037739766 2.299999999999997
    endloop
  endfacet
  facet normal 0 0 1
    outer loop
      vertex -83.90179627426619 106.27490329164092 2.299999999999997
      vertex -83.55351504358146 105.91653037739766 2.299999999999997
      vertex 83.55351504358146 105.91653037739766 2.299999999999997
    endloop
  endfacet
  facet normal 0 0 1
    outer loop
      vertex -83.90179627426619 106.27490329164092 2.299999999999997
      vertex 83.90179627426618 106.27490329164092 2.299999999999997
      vertex -84.26996857797876 106.61280877559976 2.299999999999997
    endloop
  endfacet
  facet normal 0 -1 0
    outer loop
      vertex -85.84797602296851 107.7 2.299999999999997
      vertex 85.84797602296851 107.7 2.299999999999997
      vertex -85.84797602296851 107.7 82.3
    endloop
  endfacet
  facet normal 1 0 0
    outer loop
      vertex -97.7 -95.85079558350154 82.3
      vertex -97.7 95.85079558350154 2.299999999999997
      vertex -97.7 95.85079558350154 82.3
    endloop
  endfacet
  facet normal 0 0 1
    outer loop
      vertex -81.2642703406463 -100.49952709504922 2.299999999999997
      vertex 68.60371967673204 -81.13595829978689 2.299999999999997
      vertex 68.34901965729019 -80.71712196172324 2.299999999999997
    endloop
  endfacet
  facet normal 0 0 1
    outer loop
      vertex -81.2642703406463 -100.49952709504922 2.299999999999997
      vertex 68.34901965729019 -80.71712196172324 2.299999999999997
      vertex 68.2167652971346 -80.24509996837324 2.299999999999997
    endloop
  endfacet
  facet normal 0 0 1
    outer loop
      vertex -81.2642703406463 -100.49952709504922 2.299999999999997
      vertex 68.2167652971346 -80.24509996837324 2.299999999999997
      vertex 68.2167652971346 -79.75490003162676 2.299999999999997
    endloop
  endfacet
  facet normal 0 0 1
    outer loop
      vertex -81.2642703406463 -100.49952709504922 2.299999999999997
      vertex 68.2167652971346 -79.75490003162676 2.299999999999997
      vertex 68.34901965729019 -79.28287803827676 2.299999999999997
    endloop
  endfacet
  facet normal 0 0 1
    outer loop
      vertex -81.2642703406463 -100.49952709504922 2.299999999999997
      vertex 68.34901965729019 -79.28287803827676 2.299999999999997
      vertex 68.60371967673204 -78.86404170021311 2.299999999999997
    endloop
  endfacet
  facet normal 0 0 1
    outer loop
      vertex -81.2642703406463 -100.49952709504922 2.299999999999997
      vertex 81.3781539363327 -98.50793081446454 2.299999999999997
      vertex 70.36622082349474 -81.76235135782818 2.299999999999997
    endloop
  endfacet
  facet normal 0 0 1
    outer loop
      vertex -81.2642703406463 -100.49952709504922 2.299999999999997
      vertex 68.96197542019324 -81.4705458074188 2.299999999999997
      vertex 68.60371967673204 -81.13595829978689 2.299999999999997
    endloop
  endfacet
  facet normal 0 0 1
    outer loop
      vertex -81.2642703406463 -100.49952709504922 2.299999999999997
      vertex 69.39721669809222 -81.69606965981387 2.299999999999997
      vertex 68.96197542019324 -81.4705458074188 2.299999999999997
    endloop
  endfacet
  facet normal 0 0 1
    outer loop
      vertex -81.2642703406463 -100.49952709504922 2.299999999999997
      vertex 69.87716365594359 -81.79580378454297 2.299999999999997
      vertex 69.39721669809222 -81.69606965981387 2.299999999999997
    endloop
  endfacet
  facet normal 0 0 1
    outer loop
      vertex -81.2642703406463 -100.49952709504922 2.299999999999997
      vertex 70.36622082349474 -81.76235135782818 2.299999999999997
      vertex 69.87716365594359 -81.79580378454297 2.299999999999997
    endloop
  endfacet
  facet normal 0 0 1
    outer loop
      vertex -83.90179627426618 -106.27490329164092 2.299999999999997
      vertex 84.26996857797876 -106.61280877559976 2.299999999999997
      vertex 83.90179627426618 -106.27490329164092 2.299999999999997
    endloop
  endfacet
  facet normal 0 0 1
    outer loop
      vertex -83.55351504358146 -105.91653037739768 2.299999999999997
      vertex 83.90179627426618 -106.27490329164092 2.299999999999997
      vertex 83.55351504358146 -105.91653037739766 2.299999999999997
    endloop
  endfacet
  facet normal 0 0 1
    outer loop
      vertex -82.63903158772716 -104.73060715273648 2.299999999999997
      vertex 82.9211012992192 -105.14312095755913 2.299999999999997
      vertex 82.63903158772716 -104.73060715273648 2.299999999999997
    endloop
  endfacet
  facet normal 0 0 1
    outer loop
      vertex -83.22626090690802 -105.53885897082762 2.299999999999997
      vertex 83.55351504358146 -105.91653037739766 2.299999999999997
      vertex 83.22626090690802 -105.53885897082762 2.299999999999997
    endloop
  endfacet
  facet normal 0 0 1
    outer loop
      vertex -82.9211012992192 -105.14312095755913 2.299999999999997
      vertex 83.22626090690802 -105.53885897082762 2.299999999999997
      vertex 82.9211012992192 -105.14312095755913 2.299999999999997
    endloop
  endfacet
  facet normal 0 0 1
    outer loop
      vertex -82.38097182520195 -104.30266309064903 2.299999999999997
      vertex 82.63903158772716 -104.73060715273648 2.299999999999997
      vertex 82.38097182520195 -104.30266309064903 2.299999999999997
    endloop
  endfacet
  facet normal 0 0 1
    outer loop
      vertex -82.14776374895061 -103.86068463587819 2.299999999999997
      vertex 82.38097182520195 -104.30266309064903 2.299999999999997
      vertex 82.14776374895061 -103.86068463587819 2.299999999999997
    endloop
  endfacet
  facet normal 0 0 1
    outer loop
      vertex -81.94016803524507 -103.40611343027717 2.299999999999997
      vertex 82.14776374895061 -103.86068463587819 2.299999999999997
      vertex 81.94016803524507 -103.40611343027717 2.299999999999997
    endloop
  endfacet
  facet normal 0 0 1
    outer loop
      vertex -85.48152221065908 -107.4930540147014 2.299999999999997
      vertex 85.84797602296851 -107.7 2.299999999999997
      vertex 85.48152221065908 -107.4930540147014 2.299999999999997
    endloop
  endfacet
  facet normal 0 0 1
    outer loop
      vertex -85.06112183491577 -107.22287909842427 2.299999999999997
      vertex 85.48152221065908 -107.4930540147014 2.299999999999997
      vertex 85.06112183491577 -107.22287909842427 2.299999999999997
    endloop
  endfacet
  facet normal 0 0 1
    outer loop
      vertex -84.65683105318992 -106.92914465181991 2.299999999999997
      vertex 85.06112183491577 -107.22287909842427 2.299999999999997
      vertex 84.65683105318992 -106.92914465181991 2.299999999999997
    endloop
  endfacet
  facet normal 0 0 1
    outer loop
      vertex -84.26996857797876 -106.61280877559976 2.299999999999997
      vertex 84.65683105318992 -106.92914465181991 2.299999999999997
      vertex 84.26996857797876 -106.61280877559976 2.299999999999997
    endloop
  endfacet
  facet normal 0 0 1
    outer loop
      vertex -81.75886181815416 -102.94043219063501 2.299999999999997
      vertex 81.94016803524507 -103.40611343027717 2.299999999999997
      vertex 81.75886181815416 -102.94043219063501 2.299999999999997
    endloop
  endfacet
  facet normal 0 0 1
    outer loop
      vertex -81.75886181815416 -102.94043219063501 2.299999999999997
      vertex 81.75886181815416 -102.94043219063501 2.299999999999997
      vertex 81.60443648087315 -102.4651598723625 2.299999999999997
    endloop
  endfacet
  facet normal 0 0 1
    outer loop
      vertex -81.60443648087315 -102.4651598723625 2.299999999999997
      vertex 81.60443648087315 -102.4651598723625 2.299999999999997
      vertex 81.47739572675458 -101.98184671497543 2.299999999999997
    endloop
  endfacet
  facet normal 0 0 1
    outer loop
      vertex -81.47739572675458 -101.98184671497543 2.299999999999997
      vertex 81.47739572675458 -101.98184671497543 2.299999999999997
      vertex 81.3781539363327 -101.49206918553546 2.299999999999997
    endloop
  endfacet
  facet normal 0 0 1
    outer loop
      vertex -81.3781539363327 -101.49206918553546 2.299999999999997
      vertex 81.3781539363327 -101.49206918553546 2.299999999999997
      vertex 81.30703481570019 -100.99742483654222 2.299999999999997
    endloop
  endfacet
  facet normal 0 0 1
    outer loop
      vertex -81.30703481570019 -100.99742483654224 2.299999999999997
      vertex 81.30703481570019 -100.99742483654222 2.299999999999997
      vertex 81.2642703406463 -100.49952709504922 2.299999999999997
    endloop
  endfacet
  facet normal 0 0 1
    outer loop
      vertex -81.2642703406463 -100.49952709504922 2.299999999999997
      vertex 81.2642703406463 -100.49952709504922 2.299999999999997
      vertex 81.25 -100 2.299999999999997
    endloop
  endfacet
  facet normal 0 0 1
    outer loop
      vertex -81.2642703406463 -100.49952709504922 2.299999999999997
      vertex 81.25 -100 2.299999999999997
      vertex 81.2642703406463 -99.50047290495078 2.299999999999997
    endloop
  endfacet
  facet normal 0 0 1
    outer loop
      vertex -81.2642703406463 -100.49952709504922 2.299999999999997
      vertex 81.2642703406463 -99.50047290495078 2.299999999999997
      vertex 81.30703481570019 -99.00257516345778 2.299999999999997
    endloop
  endfacet
  facet normal 0 0 1
    outer loop
      vertex -81.2642703406463 -100.49952709504922 2.299999999999997
      vertex 81.30703481570019 -99.00257516345778 2.299999999999997
      vertex 81.3781539363327 -98.50793081446454 2.299999999999997
    endloop
  endfacet
  facet normal 0 1 0
    outer loop
      vertex -85.84797602296851 -107.7 2.299999999999997
      vertex 85.84797602296851 -107.7 82.3
      vertex 85.84797602296851 -107.7 2.299999999999997
    endloop
  endfacet
  facet normal 0 0 1
    outer loop
      vertex -7.316992428735743 -34.616532675779126 2.299999999999997
      vertex -9.74211706720458 -34.31876481190993 2.299999999999997
      vertex 68.60371967673204 -78.86404170021311 2.299999999999997
    endloop
  endfacet
  facet normal 0 0 1
    outer loop
      vertex -4.882953162088771 -34.8294835181877 2.299999999999997
      vertex -7.316992428735743 -34.616532675779126 2.299999999999997
      vertex 68.60371967673204 -78.86404170021311 2.299999999999997
    endloop
  endfacet
  facet normal 0 0 1
    outer loop
      vertex -2.442964769175068 -34.9573578913367 2.299999999999997
      vertex -4.882953162088771 -34.8294835181877 2.299999999999997
      vertex 68.60371967673204 -78.86404170021311 2.299999999999997
    endloop
  endfacet
  facet normal 0 0 1
    outer loop
      vertex 0 -35 2.299999999999997
      vertex -2.442964769175068 -34.9573578913367 2.299999999999997
      vertex 68.60371967673204 -78.86404170021311 2.299999999999997
    endloop
  endfacet
  facet normal 0 0 1
    outer loop
      vertex 2.442964769175068 -34.9573578913367 2.299999999999997
      vertex 0 -35 2.299999999999997
      vertex 68.60371967673204 -78.86404170021311 2.299999999999997
    endloop
  endfacet
  facet normal 0 0 1
    outer loop
      vertex 4.882953162088771 -34.8294835181877 2.299999999999997
      vertex 2.442964769175068 -34.9573578913367 2.299999999999997
      vertex 68.60371967673204 -78.86404170021311 2.299999999999997
    endloop
  endfacet
  facet normal 0 0 1
    outer loop
      vertex 7.316992428735743 -34.616532675779126 2.299999999999997
      vertex 4.882953162088771 -34.8294835181877 2.299999999999997
      vertex 68.60371967673204 -78.86404170021311 2.299999999999997
    endloop
  endfacet
  facet normal 0 0 1
    outer loop
      vertex 9.74211706720458 -34.31876481190993 2.299999999999997
      vertex 7.316992428735743 -34.616532675779126 2.299999999999997
      vertex 68.60371967673204 -78.86404170021311 2.299999999999997
    endloop
  endfacet
  facet normal 0 0 1
    outer loop
      vertex 12.155372436685123 -33.93654271085457 2.299999999999997
      vertex 9.74211706720458 -34.31876481190993 2.299999999999997
      vertex 68.60371967673204 -78.86404170021311 2.299999999999997
    endloop
  endfacet
  facet normal 0 0 1
    outer loop
      vertex 14.553818357243154 -33.4703320513664 2.299999999999997
      vertex 12.155372436685123 -33.93654271085457 2.299999999999997
      vertex 68.60371967673204 -78.86404170021311 2.299999999999997
    endloop
  endfacet
  facet normal 0 0 1
    outer loop
      vertex 16.93453269197674 -32.92070083931975 2.299999999999997
      vertex 14.553818357243154 -33.4703320513664 2.299999999999997
      vertex 68.60371967673204 -78.86404170021311 2.299999999999997
    endloop
  endfacet
  facet normal 0 0 1
    outer loop
      vertex 19.294614907189942 -32.28831871568232 2.299999999999997
      vertex 16.93453269197674 -32.92070083931975 2.299999999999997
      vertex 68.60371967673204 -78.86404170021311 2.299999999999997
    endloop
  endfacet
  facet normal 0 0 1
    outer loop
      vertex 21.631189606246316 -31.57395614066074 2.299999999999997
      vertex 19.294614907189942 -32.28831871568232 2.299999999999997
      vertex 68.60371967673204 -78.86404170021311 2.299999999999997
    endloop
  endfacet
  facet normal 0 0 1
    outer loop
      vertex 23.94141003279681 -30.778483455013586 2.299999999999997
      vertex 21.631189606246316 -31.57395614066074 2.299999999999997
      vertex 68.60371967673204 -78.86404170021311 2.299999999999997
    endloop
  endfacet
  facet normal 0 0 1
    outer loop
      vertex 26.22246153911384 -29.902869819675118 2.299999999999997
      vertex 23.94141003279681 -30.778483455013586 2.299999999999997
      vertex 68.60371967673204 -78.86404170021311 2.299999999999997
    endloop
  endfacet
  facet normal 0 0 1
    outer loop
      vertex 28.471565015306016 -28.94818203498206 2.299999999999997
      vertex 26.22246153911384 -29.902869819675118 2.299999999999997
      vertex 68.60371967673204 -78.86404170021311 2.299999999999997
    endloop
  endfacet
  facet normal 0 0 1
    outer loop
      vertex 30.68598027523542 -27.915583240941693 2.299999999999997
      vertex 28.471565015306016 -28.94818203498206 2.299999999999997
      vertex 68.60371967673204 -78.86404170021311 2.299999999999997
    endloop
  endfacet
  facet normal 0 0 1
    outer loop
      vertex 32.863009395012355 -26.80633150012489 2.299999999999997
      vertex 30.68598027523542 -27.915583240941693 2.299999999999997
      vertex 68.60371967673204 -78.86404170021311 2.299999999999997
    endloop
  endfacet
  facet normal 0 0 1
    outer loop
      vertex 35 -25.621778264910702 2.299999999999997
      vertex 32.863009395012355 -26.80633150012489 2.299999999999997
      vertex 68.96197542019324 -78.5294541925812 2.299999999999997
    endloop
  endfacet
  facet normal 0 0 1
    outer loop
      vertex 37.09434849632434 -24.363366730949814 2.299999999999997
      vertex 35 -25.621778264910702 2.299999999999997
      vertex 68.96197542019324 -78.5294541925812 2.299999999999997
    endloop
  endfacet
  facet normal 0 0 1
    outer loop
      vertex 39.143503242952285 -23.03263007885291 2.299999999999997
      vertex 37.09434849632434 -24.363366730949814 2.299999999999997
      vertex 69.39721669809222 -78.30393034018613 2.299999999999997
    endloop
  endfacet
  facet normal 0 0 1
    outer loop
      vertex 41.14496766047312 -21.631189606246323 2.299999999999997
      vertex 39.143503242952285 -23.03263007885291 2.299999999999997
      vertex 69.39721669809222 -78.30393034018613 2.299999999999997
    endloop
  endfacet
  facet normal 0 0 1
    outer loop
      vertex 81.3781539363327 -98.50793081446454 2.299999999999997
      vertex 70.82811706791607 -81.59819339312428 2.299999999999997
      vertex 70.36622082349474 -81.76235135782818 2.299999999999997
    endloop
  endfacet
  facet normal 0 0 1
    outer loop
      vertex 81.3781539363327 -98.50793081446454 2.299999999999997
      vertex 71.22859565779358 -81.31550473570063 2.299999999999997
      vertex 70.82811706791607 -81.59819339312428 2.299999999999997
    endloop
  endfacet
  facet normal 0 0 1
    outer loop
      vertex 81.3781539363327 -98.50793081446454 2.299999999999997
      vertex 71.53795492818368 -80.93525111006377 2.299999999999997
      vertex 71.22859565779358 -81.31550473570063 2.299999999999997
    endloop
  endfacet
  facet normal 0 0 1
    outer loop
      vertex 81.3781539363327 -98.50793081446454 2.299999999999997
      vertex 71.73325111722603 -80.48563418808264 2.299999999999997
      vertex 71.53795492818368 -80.93525111006377 2.299999999999997
    endloop
  endfacet
  facet normal 0 0 1
    outer loop
      vertex 81.3781539363327 -98.50793081446454 2.299999999999997
      vertex 71.8 -80 2.299999999999997
      vertex 71.73325111722603 -80.48563418808264 2.299999999999997
    endloop
  endfacet
  facet normal 0 0 1
    outer loop
      vertex 68.60371967673204 -78.86404170021311 2.299999999999997
      vertex 68.96197542019324 -78.5294541925812 2.299999999999997
      vertex 32.863009395012355 -26.80633150012489 2.299999999999997
    endloop
  endfacet
  facet normal 0 0 1
    outer loop
      vertex 68.96197542019324 -78.5294541925812 2.299999999999997
      vertex 69.39721669809222 -78.30393034018613 2.299999999999997
      vertex 37.09434849632434 -24.363366730949814 2.299999999999997
    endloop
  endfacet
  facet normal 0 0 1
    outer loop
      vertex 43.09630327279608 -20.160752752470536 2.299999999999997
      vertex 69.39721669809222 -78.30393034018613 2.299999999999997
      vertex 69.87716365594359 -78.20419621545703 2.299999999999997
    endloop
  endfacet
  facet normal 0 0 1
    outer loop
      vertex 69.87716365594359 -78.20419621545703 2.299999999999997
      vertex 70.36622082349474 -78.23764864217182 2.299999999999997
      vertex 48.62608593212981 -15.353786023705581 2.299999999999997
    endloop
  endfacet
  facet normal 0 0 1
    outer loop
      vertex 70.36622082349474 -78.23764864217182 2.299999999999997
      vertex 70.82811706791607 -78.40180660687572 2.299999999999997
      vertex 52.020137783417596 -11.839142445120075 2.299999999999997
    endloop
  endfacet
  facet normal 0 0 1
    outer loop
      vertex 43.09630327279608 -20.160752752470536 2.299999999999997
      vertex 41.14496766047312 -21.631189606246323 2.299999999999997
      vertex 69.39721669809222 -78.30393034018613 2.299999999999997
    endloop
  endfacet
  facet normal 0 0 1
    outer loop
      vertex 44.99513267805775 -18.62311101832846 2.299999999999997
      vertex 43.09630327279608 -20.160752752470536 2.299999999999997
      vertex 69.87716365594359 -78.20419621545703 2.299999999999997
    endloop
  endfacet
  facet normal 0 0 1
    outer loop
      vertex 69.87716365594359 -78.20419621545703 2.299999999999997
      vertex 46.839142445120075 -17.020137783417596 2.299999999999997
      vertex 44.99513267805775 -18.62311101832846 2.299999999999997
    endloop
  endfacet
  facet normal 0 0 1
    outer loop
      vertex 69.87716365594359 -78.20419621545703 2.299999999999997
      vertex 48.62608593212981 -15.353786023705581 2.299999999999997
      vertex 46.839142445120075 -17.020137783417596 2.299999999999997
    endloop
  endfacet
  facet normal 0 0 1
    outer loop
      vertex 70.36622082349474 -78.23764864217182 2.299999999999997
      vertex 50.35378602370558 -13.626085932129811 2.299999999999997
      vertex 48.62608593212981 -15.353786023705581 2.299999999999997
    endloop
  endfacet
  facet normal 0 0 1
    outer loop
      vertex 70.36622082349474 -78.23764864217182 2.299999999999997
      vertex 52.020137783417596 -11.839142445120075 2.299999999999997
      vertex 50.35378602370558 -13.626085932129811 2.299999999999997
    endloop
  endfacet
  facet normal 0 0 1
    outer loop
      vertex 52.020137783417596 -11.839142445120075 2.299999999999997
      vertex 70.82811706791607 -78.40180660687572 2.299999999999997
      vertex 53.62311101832846 -9.99513267805775 2.299999999999997
    endloop
  endfacet
  facet normal 0 0 1
    outer loop
      vertex 70.82811706791607 -78.40180660687572 2.299999999999997
      vertex 55.160752752470536 -8.096303272796078 2.299999999999997
      vertex 53.62311101832846 -9.99513267805775 2.299999999999997
    endloop
  endfacet
  facet normal 0 0 1
    outer loop
      vertex 70.82811706791607 -78.40180660687572 2.299999999999997
      vertex 56.63118960624632 -6.144967660473121 2.299999999999997
      vertex 55.160752752470536 -8.096303272796078 2.299999999999997
    endloop
  endfacet
  facet normal 0 0 1
    outer loop
      vertex 70.82811706791607 -78.40180660687572 2.299999999999997
      vertex 58.03263007885291 -4.143503242952285 2.299999999999997
      vertex 56.63118960624632 -6.144967660473121 2.299999999999997
    endloop
  endfacet
  facet normal 0 0 1
    outer loop
      vertex 70.82811706791607 -78.40180660687572 2.299999999999997
      vertex 71.22859565779358 -78.68449526429937 2.299999999999997
      vertex 58.03263007885291 -4.143503242952285 2.299999999999997
    endloop
  endfacet
  facet normal 0 0 1
    outer loop
      vertex 71.53795492818368 -79.06474888993623 2.299999999999997
      vertex 62.91558324094169 4.314019724764581 2.299999999999997
      vertex 71.22859565779358 -78.68449526429937 2.299999999999997
    endloop
  endfacet
  facet normal 0 0 1
    outer loop
      vertex 71.8 -80 2.299999999999997
      vertex 63.94818203498206 6.528434984693984 2.299999999999997
      vertex 71.73325111722603 -79.51436581191736 2.299999999999997
    endloop
  endfacet
  facet normal 0 0 1
    outer loop
      vertex 71.73325111722603 -79.51436581191736 2.299999999999997
      vertex 63.94818203498206 6.528434984693984 2.299999999999997
      vertex 71.53795492818368 -79.06474888993623 2.299999999999997
    endloop
  endfacet
  facet normal 0 0 1
    outer loop
      vertex 81.3781539363327 -98.50793081446454 2.299999999999997
      vertex 68.93654271085457 22.844627563314877 2.299999999999997
      vertex 71.8 -80 2.299999999999997
    endloop
  endfacet
  facet normal 0 0 1
    outer loop
      vertex 58.03263007885291 -4.143503242952285 2.299999999999997
      vertex 71.22859565779358 -78.68449526429937 2.299999999999997
      vertex 59.363366730949814 -2.0943484963243435 2.299999999999997
    endloop
  endfacet
  facet normal 0 0 1
    outer loop
      vertex 59.363366730949814 -2.0943484963243435 2.299999999999997
      vertex 71.22859565779358 -78.68449526429937 2.299999999999997
      vertex 60.6217782649107 0 2.299999999999997
    endloop
  endfacet
  facet normal 0 0 1
    outer loop
      vertex 71.22859565779358 -78.68449526429937 2.299999999999997
      vertex 61.80633150012489 2.136990604987645 2.299999999999997
      vertex 60.6217782649107 0 2.299999999999997
    endloop
  endfacet
  facet normal 0 0 1
    outer loop
      vertex 71.22859565779358 -78.68449526429937 2.299999999999997
      vertex 62.91558324094169 4.314019724764581 2.299999999999997
      vertex 61.80633150012489 2.136990604987645 2.299999999999997
    endloop
  endfacet
  facet normal 0 0 1
    outer loop
      vertex 71.53795492818368 -79.06474888993623 2.299999999999997
      vertex 63.94818203498206 6.528434984693984 2.299999999999997
      vertex 62.91558324094169 4.314019724764581 2.299999999999997
    endloop
  endfacet
  facet normal 0 0 1
    outer loop
      vertex 71.8 -80 2.299999999999997
      vertex 64.90286981967512 8.77753846088616 2.299999999999997
      vertex 63.94818203498206 6.528434984693984 2.299999999999997
    endloop
  endfacet
  facet normal 0 0 1
    outer loop
      vertex 71.8 -80 2.299999999999997
      vertex 65.77848345501359 11.05858996720319 2.299999999999997
      vertex 64.90286981967512 8.77753846088616 2.299999999999997
    endloop
  endfacet
  facet normal 0 0 1
    outer loop
      vertex 71.8 -80 2.299999999999997
      vertex 66.57395614066074 13.368810393753684 2.299999999999997
      vertex 65.77848345501359 11.05858996720319 2.299999999999997
    endloop
  endfacet
  facet normal 0 0 1
    outer loop
      vertex 71.8 -80 2.299999999999997
      vertex 67.28831871568232 15.705385092810058 2.299999999999997
      vertex 66.57395614066074 13.368810393753684 2.299999999999997
    endloop
  endfacet
  facet normal 0 0 1
    outer loop
      vertex 71.8 -80 2.299999999999997
      vertex 67.92070083931975 18.06546730802326 2.299999999999997
      vertex 67.28831871568232 15.705385092810058 2.299999999999997
    endloop
  endfacet
  facet normal 0 0 1
    outer loop
      vertex 71.8 -80 2.299999999999997
      vertex 68.4703320513664 20.446181642756848 2.299999999999997
      vertex 67.92070083931975 18.06546730802326 2.299999999999997
    endloop
  endfacet
  facet normal 0 0 1
    outer loop
      vertex 81.3781539363327 -98.50793081446454 2.299999999999997
      vertex 69.31876481190993 25.257882932795418 2.299999999999997
      vertex 68.93654271085457 22.844627563314877 2.299999999999997
    endloop
  endfacet
  facet normal 0 0 1
    outer loop
      vertex 81.3781539363327 -98.50793081446454 2.299999999999997
      vertex 69.61653267577913 27.683007571264255 2.299999999999997
      vertex 69.31876481190993 25.257882932795418 2.299999999999997
    endloop
  endfacet
  facet normal 0 0 1
    outer loop
      vertex 71.8 -80 2.299999999999997
      vertex 68.93654271085457 22.844627563314877 2.299999999999997
      vertex 68.4703320513664 20.446181642756848 2.299999999999997
    endloop
  endfacet
  facet normal 0 0 1
    outer loop
      vertex 81.3781539363327 -98.50793081446454 2.299999999999997
      vertex 69.8294835181877 30.11704683791123 2.299999999999997
      vertex 69.61653267577913 27.683007571264255 2.299999999999997
    endloop
  endfacet
  facet normal 0 0 1
    outer loop
      vertex 81.3781539363327 -98.50793081446454 2.299999999999997
      vertex 69.9573578913367 32.55703523082493 2.299999999999997
      vertex 69.8294835181877 30.11704683791123 2.299999999999997
    endloop
  endfacet
  facet normal 0 0 1
    outer loop
      vertex 81.3781539363327 -98.50793081446454 2.299999999999997
      vertex 70 35 2.299999999999997
      vertex 69.9573578913367 32.55703523082493 2.299999999999997
    endloop
  endfacet
  facet normal 0 0 1
    outer loop
      vertex 81.3781539363327 -98.50793081446454 2.299999999999997
      vertex 69.9573578913367 37.44296476917507 2.299999999999997
      vertex 70 35 2.299999999999997
    endloop
  endfacet
  facet normal 0 0 1
    outer loop
      vertex 81.3781539363327 -98.50793081446454 2.299999999999997
      vertex 69.8294835181877 39.88295316208877 2.299999999999997
      vertex 69.9573578913367 37.44296476917507 2.299999999999997
    endloop
  endfacet
  facet normal 0 0 1
    outer loop
      vertex 81.3781539363327 -98.50793081446454 2.299999999999997
      vertex 81.47739572675458 -98.01815328502457 2.299999999999997
      vertex 92.22441042419301 91.53746502135787 2.299999999999997
    endloop
  endfacet
  facet normal 0 0 1
    outer loop
      vertex 81.47739572675458 -98.01815328502457 2.299999999999997
      vertex 81.60443648087315 -97.5348401276375 2.299999999999997
      vertex 92.22441042419301 91.53746502135787 2.299999999999997
    endloop
  endfacet
  facet normal 0 0 1
    outer loop
      vertex 81.60443648087315 -97.5348401276375 2.299999999999997
      vertex 81.75886181815416 -97.05956780936499 2.299999999999997
      vertex 92.22441042419301 91.53746502135787 2.299999999999997
    endloop
  endfacet
  facet normal 0 0 1
    outer loop
      vertex 81.75886181815416 -97.05956780936499 2.299999999999997
      vertex 81.94016803524507 -96.59388656972283 2.299999999999997
      vertex 92.22441042419301 91.53746502135787 2.299999999999997
    endloop
  endfacet
  facet normal 0 0 1
    outer loop
      vertex 81.94016803524507 -96.59388656972283 2.299999999999997
      vertex 82.14776374895061 -96.13931536412181 2.299999999999997
      vertex 92.22441042419301 91.53746502135787 2.299999999999997
    endloop
  endfacet
  facet normal 0 0 1
    outer loop
      vertex 82.14776374895061 -96.13931536412181 2.299999999999997
      vertex 82.38097182520195 -95.69733690935097 2.299999999999997
      vertex 92.22441042419301 91.53746502135787 2.299999999999997
    endloop
  endfacet
  facet normal 0 0 1
    outer loop
      vertex 82.38097182520195 -95.69733690935097 2.299999999999997
      vertex 82.63903158772716 -95.26939284726352 2.299999999999997
      vertex 92.22441042419301 91.53746502135787 2.299999999999997
    endloop
  endfacet
  facet normal 0 0 1
    outer loop
      vertex 82.63903158772716 -95.26939284726352 2.299999999999997
      vertex 82.9211012992192 -94.85687904244087 2.299999999999997
      vertex 92.22441042419301 91.53746502135787 2.299999999999997
    endloop
  endfacet
  facet normal 0 0 1
    outer loop
      vertex 82.9211012992192 -94.85687904244087 2.299999999999997
      vertex 83.22626090690802 -94.46114102917238 2.299999999999997
      vertex 92.22441042419301 91.53746502135787 2.299999999999997
    endloop
  endfacet
  facet normal 0 0 1
    outer loop
      vertex 83.22626090690802 -94.46114102917238 2.299999999999997
      vertex 83.55351504358146 -94.08346962260234 2.299999999999997
      vertex 92.22441042419301 91.53746502135787 2.299999999999997
    endloop
  endfacet
  facet normal 0 0 1
    outer loop
      vertex 83.55351504358146 -94.08346962260234 2.299999999999997
      vertex 83.90179627426618 -93.72509670835908 2.299999999999997
      vertex 92.22441042419301 91.53746502135787 2.299999999999997
    endloop
  endfacet
  facet normal 0 0 1
    outer loop
      vertex 83.90179627426618 -93.72509670835908 2.299999999999997
      vertex 84.26996857797876 -93.38719122440024 2.299999999999997
      vertex 92.22441042419301 91.53746502135787 2.299999999999997
    endloop
  endfacet
  facet normal 0 0 1
    outer loop
      vertex 84.26996857797876 -93.38719122440024 2.299999999999997
      vertex 84.65683105318992 -93.07085534818009 2.299999999999997
      vertex 92.22441042419301 91.53746502135787 2.299999999999997
    endloop
  endfacet
  facet normal 0 0 1
    outer loop
      vertex 84.65683105318992 -93.07085534818009 2.299999999999997
      vertex 85.06112183491577 -92.77712090157573 2.299999999999997
      vertex 92.22441042419301 91.53746502135787 2.299999999999997
    endloop
  endfacet
  facet normal 0 0 1
    outer loop
      vertex 85.06112183491577 -92.77712090157573 2.299999999999997
      vertex 85.48152221065908 -92.5069459852986 2.299999999999997
      vertex 92.22441042419301 91.53746502135787 2.299999999999997
    endloop
  endfacet
  facet normal 0 0 1
    outer loop
      vertex 85.48152221065908 -92.5069459852986 2.299999999999997
      vertex 85.91666092177536 -92.26121185376913 2.299999999999997
      vertex 92.22441042419301 91.53746502135787 2.299999999999997
    endloop
  endfacet
  facet normal 0 0 1
    outer loop
      vertex 85.91666092177536 -92.26121185376913 2.299999999999997
      vertex 86.36511863623349 -92.04072004064797 2.299999999999997
      vertex 92.22441042419301 91.53746502135787 2.299999999999997
    endloop
  endfacet
  facet normal 0 0 1
    outer loop
      vertex 86.36511863623349 -92.04072004064797 2.299999999999997
      vertex 86.82543257818189 -91.8461897443998 2.299999999999997
      vertex 92.22441042419301 91.53746502135787 2.299999999999997
    endloop
  endfacet
  facet normal 0 0 1
    outer loop
      vertex 86.82543257818189 -91.8461897443998 2.299999999999997
      vertex 87.29610129921922 -91.67825548241741 2.299999999999997
      vertex 92.22441042419301 91.53746502135787 2.299999999999997
    endloop
  endfacet
  facet normal 0 0 1
    outer loop
      vertex 87.29610129921922 -91.67825548241741 2.299999999999997
      vertex 87.77558957580699 -91.53746502135787 2.299999999999997
      vertex 92.22441042419301 91.53746502135787 2.299999999999997
    endloop
  endfacet
  facet normal 0 0 1
    outer loop
      vertex 87.77558957580699 -91.53746502135787 2.299999999999997
      vertex 88.26233341684973 -91.42427759044156 2.299999999999997
      vertex 92.22441042419301 91.53746502135787 2.299999999999997
    endloop
  endfacet
  facet normal 0 0 1
    outer loop
      vertex 88.26233341684973 -91.42427759044156 2.299999999999997
      vertex 88.75474516510876 -91.33906238354184 2.299999999999997
      vertex 97.61902817479805 95.69733690935097 2.299999999999997
    endloop
  endfacet
  facet normal 0 0 1
    outer loop
      vertex 88.75474516510876 -91.33906238354184 2.299999999999997
      vertex 89.25121867581015 -91.28209735495145 2.299999999999997
      vertex 97.61902817479805 95.69733690935097 2.299999999999997
    endloop
  endfacet
  facet normal 0 0 1
    outer loop
      vertex 89.25121867581015 -91.28209735495145 2.299999999999997
      vertex 89.75013455555516 -91.25356831275334 2.299999999999997
      vertex 97.61902817479805 95.69733690935097 2.299999999999997
    endloop
  endfacet
  facet normal 0 0 1
    outer loop
      vertex 89.75013455555516 -91.25356831275334 2.299999999999997
      vertex 90.24986544444484 -91.25356831275334 2.299999999999997
      vertex 97.61902817479805 95.69733690935097 2.299999999999997
    endloop
  endfacet
  facet normal 0 0 1
    outer loop
      vertex 90.24986544444484 -91.25356831275334 2.299999999999997
      vertex 90.74878132418985 -91.28209735495145 2.299999999999997
      vertex 97.7 95.85079558350154 2.299999999999997
    endloop
  endfacet
  facet normal 0 0 1
    outer loop
      vertex 90.74878132418985 -91.28209735495145 2.299999999999997
      vertex 91.24525483489124 -91.33906238354184 2.299999999999997
      vertex 97.7 95.85079558350154 2.299999999999997
    endloop
  endfacet
  facet normal 0 0 1
    outer loop
      vertex 91.24525483489124 -91.33906238354184 2.299999999999997
      vertex 91.73766658315027 -91.42427759044156 2.299999999999997
      vertex 97.7 95.85079558350154 2.299999999999997
    endloop
  endfacet
  facet normal 0 0 1
    outer loop
      vertex 92.70389870078078 -91.67825548241741 2.299999999999997
      vertex 93.17456742181811 -91.8461897443998 2.299999999999997
      vertex 97.7 95.85079558350154 2.299999999999997
    endloop
  endfacet
  facet normal 0 0 1
    outer loop
      vertex 93.63488136376651 -92.04072004064797 2.299999999999997
      vertex 97.7 95.85079558350154 2.299999999999997
      vertex 93.17456742181811 -91.8461897443998 2.299999999999997
    endloop
  endfacet
  facet normal 0 0 1
    outer loop
      vertex 93.63488136376651 -92.04072004064797 2.299999999999997
      vertex 94.08333907822464 -92.26121185376913 2.299999999999997
      vertex 97.7 95.85079558350154 2.299999999999997
    endloop
  endfacet
  facet normal 0 0 1
    outer loop
      vertex 91.73766658315027 -91.42427759044156 2.299999999999997
      vertex 92.22441042419301 -91.53746502135787 2.299999999999997
      vertex 97.7 95.85079558350154 2.299999999999997
    endloop
  endfacet
  facet normal 0 0 1
    outer loop
      vertex 92.22441042419301 -91.53746502135787 2.299999999999997
      vertex 92.70389870078078 -91.67825548241741 2.299999999999997
      vertex 97.7 95.85079558350154 2.299999999999997
    endloop
  endfacet
  facet normal 0 0 1
    outer loop
      vertex 94.08333907822464 -92.26121185376913 2.299999999999997
      vertex 94.51847778934092 -92.5069459852986 2.299999999999997
      vertex 97.7 95.85079558350154 2.299999999999997
    endloop
  endfacet
  facet normal 0 0 1
    outer loop
      vertex 94.51847778934092 -92.5069459852986 2.299999999999997
      vertex 94.93887816508423 -92.77712090157573 2.299999999999997
      vertex 97.7 95.85079558350154 2.299999999999997
    endloop
  endfacet
  facet normal 0 0 1
    outer loop
      vertex 95.34316894681008 -93.07085534818009 2.299999999999997
      vertex 97.7 95.85079558350154 2.299999999999997
      vertex 94.93887816508423 -92.77712090157573 2.299999999999997
    endloop
  endfacet
  facet normal 0 0 1
    outer loop
      vertex 95.34316894681008 -93.07085534818009 2.299999999999997
      vertex 95.73003142202124 -93.38719122440024 2.299999999999997
      vertex 97.7 95.85079558350154 2.299999999999997
    endloop
  endfacet
  facet normal 0 0 1
    outer loop
      vertex 96.09820372573381 -93.72509670835908 2.299999999999997
      vertex 96.44648495641854 -94.08346962260234 2.299999999999997
      vertex 97.7 95.85079558350154 2.299999999999997
    endloop
  endfacet
  facet normal 0 0 1
    outer loop
      vertex 95.73003142202124 -93.38719122440024 2.299999999999997
      vertex 96.09820372573381 -93.72509670835908 2.299999999999997
      vertex 97.7 95.85079558350154 2.299999999999997
    endloop
  endfacet
  facet normal 0 0 1
    outer loop
      vertex 96.77373909309198 -94.46114102917238 2.299999999999997
      vertex 97.0788987007808 -94.85687904244087 2.299999999999997
      vertex 97.7 95.85079558350154 2.299999999999997
    endloop
  endfacet
  facet normal 0 0 1
    outer loop
      vertex 97.0788987007808 -94.85687904244087 2.299999999999997
      vertex 97.36096841227284 -95.26939284726352 2.299999999999997
      vertex 97.7 95.85079558350154 2.299999999999997
    endloop
  endfacet
  facet normal 0 0 1
    outer loop
      vertex 97.61902817479805 -95.69733690935097 2.299999999999997
      vertex 97.7 95.85079558350154 2.299999999999997
      vertex 97.36096841227284 -95.26939284726352 2.299999999999997
    endloop
  endfacet
  facet normal 0 0 1
    outer loop
      vertex 97.61902817479805 -95.69733690935097 2.299999999999997
      vertex 97.7 -95.85079558350154 2.299999999999997
      vertex 97.7 95.85079558350154 2.299999999999997
    endloop
  endfacet
  facet normal 0 0 1
    outer loop
      vertex 96.44648495641854 -94.08346962260234 2.299999999999997
      vertex 96.77373909309198 -94.46114102917238 2.299999999999997
      vertex 97.7 95.85079558350154 2.299999999999997
    endloop
  endfacet
  facet normal -1 0 0
    outer loop
      vertex 97.7 -95.85079558350154 2.299999999999997
      vertex 97.7 -95.85079558350154 82.3
      vertex 97.7 95.85079558350154 82.3
    endloop
  endfacet
  facet normal 0 0 1
    outer loop
      vertex -82.9211012992192 105.14312095755913 2.299999999999997
      vertex 0 105 2.299999999999997
      vertex 82.9211012992192 105.14312095755913 2.299999999999997
    endloop
  endfacet
  facet normal 0 0 1
    outer loop
      vertex -83.22626090690802 105.53885897082762 2.299999999999997
      vertex 82.9211012992192 105.14312095755913 2.299999999999997
      vertex 83.22626090690802 105.53885897082762 2.299999999999997
    endloop
  endfacet
  facet normal 0 0 1
    outer loop
      vertex -83.55351504358146 105.91653037739766 2.299999999999997
      vertex 83.22626090690802 105.53885897082762 2.299999999999997
      vertex 83.55351504358146 105.91653037739766 2.299999999999997
    endloop
  endfacet
  facet normal 0 0 1
    outer loop
      vertex -83.90179627426619 106.27490329164092 2.299999999999997
      vertex 83.55351504358146 105.91653037739766 2.299999999999997
      vertex 83.90179627426618 106.27490329164092 2.299999999999997
    endloop
  endfacet
  facet normal 0 0 1
    outer loop
      vertex -84.26996857797876 106.61280877559976 2.299999999999997
      vertex 83.90179627426618 106.27490329164092 2.299999999999997
      vertex 84.26996857797876 106.61280877559976 2.299999999999997
    endloop
  endfacet
  facet normal 0 0 1
    outer loop
      vertex -84.65683105318992 106.92914465181991 2.299999999999997
      vertex 84.26996857797876 106.61280877559976 2.299999999999997
      vertex 84.65683105318992 106.92914465181991 2.299999999999997
    endloop
  endfacet
  facet normal 0 0 1
    outer loop
      vertex 82.9211012992192 105.14312095755913 2.299999999999997
      vertex 0 105 2.299999999999997
      vertex 2.442964769175068 104.9573578913367 2.299999999999997
    endloop
  endfacet
  facet normal 0 0 1
    outer loop
      vertex 82.9211012992192 105.14312095755913 2.299999999999997
      vertex 2.442964769175068 104.9573578913367 2.299999999999997
      vertex 4.882953162088771 104.8294835181877 2.299999999999997
    endloop
  endfacet
  facet normal 0 0 1
    outer loop
      vertex -85.06112183491577 107.22287909842427 2.299999999999997
      vertex 84.65683105318992 106.92914465181991 2.299999999999997
      vertex 85.06112183491577 107.22287909842427 2.299999999999997
    endloop
  endfacet
  facet normal 0 0 1
    outer loop
      vertex -85.48152221065908 107.4930540147014 2.299999999999997
      vertex 85.06112183491577 107.22287909842427 2.299999999999997
      vertex 85.48152221065908 107.4930540147014 2.299999999999997
    endloop
  endfacet
  facet normal 0 0 1
    outer loop
      vertex -85.84797602296851 107.7 2.299999999999997
      vertex 85.48152221065908 107.4930540147014 2.299999999999997
      vertex 85.84797602296851 107.7 2.299999999999997
    endloop
  endfacet
  facet normal 0 0 1
    outer loop
      vertex 82.63903158772716 104.73060715273648 2.299999999999997
      vertex 4.882953162088771 104.8294835181877 2.299999999999997
      vertex 7.316992428735743 104.61653267577913 2.299999999999997
    endloop
  endfacet
  facet normal 0 0 1
    outer loop
      vertex 82.63903158772716 104.73060715273648 2.299999999999997
      vertex 7.316992428735743 104.61653267577913 2.299999999999997
      vertex 9.74211706720458 104.31876481190993 2.299999999999997
    endloop
  endfacet
  facet normal 0 0 1
    outer loop
      vertex 82.38097182520195 104.30266309064903 2.299999999999997
      vertex 9.74211706720458 104.31876481190993 2.299999999999997
      vertex 12.155372436685123 103.93654271085457 2.299999999999997
    endloop
  endfacet
  facet normal 0 0 1
    outer loop
      vertex 82.14776374895061 103.86068463587819 2.299999999999997
      vertex 12.155372436685123 103.93654271085457 2.299999999999997
      vertex 14.553818357243154 103.4703320513664 2.299999999999997
    endloop
  endfacet
  facet normal 0 0 1
    outer loop
      vertex 81.75886181815416 102.94043219063501 2.299999999999997
      vertex 16.93453269197674 102.92070083931975 2.299999999999997
      vertex 19.294614907189942 102.28831871568232 2.299999999999997
    endloop
  endfacet
  facet normal 0 0 1
    outer loop
      vertex 81.60443648087315 102.4651598723625 2.299999999999997
      vertex 19.294614907189942 102.28831871568232 2.299999999999997
      vertex 21.631189606246316 101.57395614066074 2.299999999999997
    endloop
  endfacet
  facet normal 0 0 1
    outer loop
      vertex 81.47739572675458 101.98184671497543 2.299999999999997
      vertex 21.631189606246316 101.57395614066074 2.299999999999997
      vertex 23.94141003279681 100.77848345501359 2.299999999999997
    endloop
  endfacet
  facet normal 0 0 1
    outer loop
      vertex 81.94016803524507 103.40611343027717 2.299999999999997
      vertex 14.553818357243154 103.4703320513664 2.299999999999997
      vertex 16.93453269197674 102.92070083931975 2.299999999999997
    endloop
  endfacet
  facet normal 0 0 1
    outer loop
      vertex 81.2642703406463 100.49952709504922 2.299999999999997
      vertex 28.471565015306016 98.94818203498207 2.299999999999997
      vertex 30.68598027523542 97.91558324094169 2.299999999999997
    endloop
  endfacet
  facet normal 0 0 1
    outer loop
      vertex 81.30703481570019 100.99742483654222 2.299999999999997
      vertex 23.94141003279681 100.77848345501359 2.299999999999997
      vertex 26.22246153911384 99.90286981967512 2.299999999999997
    endloop
  endfacet
  facet normal 0 0 1
    outer loop
      vertex 81.2642703406463 100.49952709504922 2.299999999999997
      vertex 26.22246153911384 99.90286981967512 2.299999999999997
      vertex 28.471565015306016 98.94818203498207 2.299999999999997
    endloop
  endfacet
  facet normal 0 0 1
    outer loop
      vertex 81.2642703406463 100.49952709504922 2.299999999999997
      vertex 30.68598027523542 97.91558324094169 2.299999999999997
      vertex 32.863009395012355 96.80633150012488 2.299999999999997
    endloop
  endfacet
  facet normal 0 0 1
    outer loop
      vertex 81.2642703406463 100.49952709504922 2.299999999999997
      vertex 32.863009395012355 96.80633150012488 2.299999999999997
      vertex 35 95.6217782649107 2.299999999999997
    endloop
  endfacet
  facet normal 0 0 1
    outer loop
      vertex 81.3781539363327 -98.50793081446454 2.299999999999997
      vertex 92.22441042419301 91.53746502135787 2.299999999999997
      vertex 69.8294835181877 39.88295316208877 2.299999999999997
    endloop
  endfacet
  facet normal 0 0 1
    outer loop
      vertex 88.26233341684973 -91.42427759044156 2.299999999999997
      vertex 92.70389870078078 91.67825548241741 2.299999999999997
      vertex 92.22441042419301 91.53746502135787 2.299999999999997
    endloop
  endfacet
  facet normal 0 0 1
    outer loop
      vertex 88.26233341684973 -91.42427759044156 2.299999999999997
      vertex 93.17456742181811 91.8461897443998 2.299999999999997
      vertex 92.70389870078078 91.67825548241741 2.299999999999997
    endloop
  endfacet
  facet normal 0 0 1
    outer loop
      vertex 88.26233341684973 -91.42427759044156 2.299999999999997
      vertex 93.63488136376651 92.04072004064797 2.299999999999997
      vertex 93.17456742181811 91.8461897443998 2.299999999999997
    endloop
  endfacet
  facet normal 0 0 1
    outer loop
      vertex 88.26233341684973 -91.42427759044156 2.299999999999997
      vertex 94.08333907822464 92.26121185376913 2.299999999999997
      vertex 93.63488136376651 92.04072004064797 2.299999999999997
    endloop
  endfacet
  facet normal 0 0 1
    outer loop
      vertex 88.26233341684973 -91.42427759044156 2.299999999999997
      vertex 94.51847778934092 92.5069459852986 2.299999999999997
      vertex 94.08333907822464 92.26121185376913 2.299999999999997
    endloop
  endfacet
  facet normal 0 0 1
    outer loop
      vertex 88.26233341684973 -91.42427759044156 2.299999999999997
      vertex 94.93887816508423 92.77712090157573 2.299999999999997
      vertex 94.51847778934092 92.5069459852986 2.299999999999997
    endloop
  endfacet
  facet normal 0 0 1
    outer loop
      vertex 88.26233341684973 -91.42427759044156 2.299999999999997
      vertex 95.34316894681008 93.07085534818009 2.299999999999997
      vertex 94.93887816508423 92.77712090157573 2.299999999999997
    endloop
  endfacet
  facet normal 0 0 1
    outer loop
      vertex 88.26233341684973 -91.42427759044156 2.299999999999997
      vertex 95.73003142202124 93.38719122440024 2.299999999999997
      vertex 95.34316894681008 93.07085534818009 2.299999999999997
    endloop
  endfacet
  facet normal 0 0 1
    outer loop
      vertex 88.26233341684973 -91.42427759044156 2.299999999999997
      vertex 96.09820372573382 93.72509670835908 2.299999999999997
      vertex 95.73003142202124 93.38719122440024 2.299999999999997
    endloop
  endfacet
  facet normal 0 0 1
    outer loop
      vertex 88.26233341684973 -91.42427759044156 2.299999999999997
      vertex 96.44648495641854 94.08346962260232 2.299999999999997
      vertex 96.09820372573382 93.72509670835908 2.299999999999997
    endloop
  endfacet
  facet normal 0 0 1
    outer loop
      vertex 88.26233341684973 -91.42427759044156 2.299999999999997
      vertex 96.77373909309198 94.46114102917238 2.299999999999997
      vertex 96.44648495641854 94.08346962260232 2.299999999999997
    endloop
  endfacet
  facet normal 0 0 1
    outer loop
      vertex 88.26233341684973 -91.42427759044156 2.299999999999997
      vertex 97.0788987007808 94.85687904244087 2.299999999999997
      vertex 96.77373909309198 94.46114102917238 2.299999999999997
    endloop
  endfacet
  facet normal 0 0 1
    outer loop
      vertex 88.26233341684973 -91.42427759044156 2.299999999999997
      vertex 97.36096841227284 95.26939284726352 2.299999999999997
      vertex 97.0788987007808 94.85687904244087 2.299999999999997
    endloop
  endfacet
  facet normal 0 0 1
    outer loop
      vertex 88.26233341684973 -91.42427759044156 2.299999999999997
      vertex 97.61902817479805 95.69733690935097 2.299999999999997
      vertex 97.36096841227284 95.26939284726352 2.299999999999997
    endloop
  endfacet
  facet normal 0 0 1
    outer loop
      vertex 90.24986544444484 -91.25356831275334 2.299999999999997
      vertex 97.7 95.85079558350154 2.299999999999997
      vertex 97.61902817479805 95.69733690935097 2.299999999999997
    endloop
  endfacet
  facet normal -1 0 0
    outer loop
      vertex 97.7 -95.85079558350154 2.299999999999997
      vertex 97.7 95.85079558350154 82.3
      vertex 97.7 95.85079558350154 2.299999999999997
    endloop
  endfacet
  facet normal 0 0 1
    outer loop
      vertex 68.60371967673204 78.86404170021311 2.299999999999997
      vertex 60.6217782649107 70 2.299999999999997
      vertex 61.80633150012489 67.86300939501236 2.299999999999997
    endloop
  endfacet
  facet normal 0 0 1
    outer loop
      vertex 59.363366730949814 72.09434849632434 2.299999999999997
      vertex 60.6217782649107 70 2.299999999999997
      vertex 68.2167652971346 80.24509996837324 2.299999999999997
    endloop
  endfacet
  facet normal 0 0 1
    outer loop
      vertex 68.60371967673204 78.86404170021311 2.299999999999997
      vertex 61.80633150012489 67.86300939501236 2.299999999999997
      vertex 68.96197542019324 78.5294541925812 2.299999999999997
    endloop
  endfacet
  facet normal 0 0 1
    outer loop
      vertex 68.96197542019324 78.5294541925812 2.299999999999997
      vertex 61.80633150012489 67.86300939501236 2.299999999999997
      vertex 69.39721669809222 78.30393034018613 2.299999999999997
    endloop
  endfacet
  facet normal 0 0 1
    outer loop
      vertex 69.39721669809222 78.30393034018613 2.299999999999997
      vertex 61.80633150012489 67.86300939501236 2.299999999999997
      vertex 69.87716365594359 78.20419621545703 2.299999999999997
    endloop
  endfacet
  facet normal 0 0 1
    outer loop
      vertex 69.87716365594359 78.20419621545703 2.299999999999997
      vertex 61.80633150012489 67.86300939501236 2.299999999999997
      vertex 70.36622082349474 78.23764864217182 2.299999999999997
    endloop
  endfacet
  facet normal 0 0 1
    outer loop
      vertex 61.80633150012489 67.86300939501236 2.299999999999997
      vertex 70.82811706791607 78.40180660687572 2.299999999999997
      vertex 70.36622082349474 78.23764864217182 2.299999999999997
    endloop
  endfacet
  facet normal 0 0 1
    outer loop
      vertex 61.80633150012489 67.86300939501236 2.299999999999997
      vertex 71.22859565779358 78.68449526429937 2.299999999999997
      vertex 70.82811706791607 78.40180660687572 2.299999999999997
    endloop
  endfacet
  facet normal 0 0 1
    outer loop
      vertex 59.363366730949814 72.09434849632434 2.299999999999997
      vertex 68.2167652971346 80.24509996837324 2.299999999999997
      vertex 68.34901965729019 80.71712196172324 2.299999999999997
    endloop
  endfacet
  facet normal 0 0 1
    outer loop
      vertex 59.363366730949814 72.09434849632434 2.299999999999997
      vertex 68.34901965729019 80.71712196172324 2.299999999999997
      vertex 68.60371967673204 81.13595829978689 2.299999999999997
    endloop
  endfacet
  facet normal 0 0 1
    outer loop
      vertex 60.6217782649107 70 2.299999999999997
      vertex 68.60371967673204 78.86404170021311 2.299999999999997
      vertex 68.34901965729019 79.28287803827676 2.299999999999997
    endloop
  endfacet
  facet normal 0 0 1
    outer loop
      vertex 60.6217782649107 70 2.299999999999997
      vertex 68.34901965729019 79.28287803827676 2.299999999999997
      vertex 68.2167652971346 79.75490003162676 2.299999999999997
    endloop
  endfacet
  facet normal 0 0 1
    outer loop
      vertex 60.6217782649107 70 2.299999999999997
      vertex 68.2167652971346 79.75490003162676 2.299999999999997
      vertex 68.2167652971346 80.24509996837324 2.299999999999997
    endloop
  endfacet
  facet normal 0 0 1
    outer loop
      vertex 81.2642703406463 99.50047290495078 2.299999999999997
      vertex 58.03263007885291 74.14350324295228 2.299999999999997
      vertex 59.363366730949814 72.09434849632434 2.299999999999997
    endloop
  endfacet
  facet normal 0 0 1
    outer loop
      vertex 85.06112183491577 92.77712090157573 2.299999999999997
      vertex 61.80633150012489 67.86300939501236 2.299999999999997
      vertex 62.91558324094169 65.68598027523542 2.299999999999997
    endloop
  endfacet
  facet normal 0 0 1
    outer loop
      vertex 86.82543257818189 91.8461897443998 2.299999999999997
      vertex 62.91558324094169 65.68598027523542 2.299999999999997
      vertex 63.94818203498206 63.47156501530601 2.299999999999997
    endloop
  endfacet
  facet normal 0 0 1
    outer loop
      vertex 89.75013455555516 91.25356831275334 2.299999999999997
      vertex 63.94818203498206 63.47156501530601 2.299999999999997
      vertex 64.90286981967512 61.22246153911384 2.299999999999997
    endloop
  endfacet
  facet normal 0 0 1
    outer loop
      vertex 92.22441042419301 91.53746502135787 2.299999999999997
      vertex 65.77848345501359 58.94141003279681 2.299999999999997
      vertex 66.57395614066074 56.631189606246316 2.299999999999997
    endloop
  endfacet
  facet normal 0 0 1
    outer loop
      vertex 92.22441042419301 91.53746502135787 2.299999999999997
      vertex 64.90286981967512 61.22246153911384 2.299999999999997
      vertex 65.77848345501359 58.94141003279681 2.299999999999997
    endloop
  endfacet
  facet normal 0 0 1
    outer loop
      vertex 84.65683105318992 93.07085534818009 2.299999999999997
      vertex 71.22859565779358 78.68449526429937 2.299999999999997
      vertex 61.80633150012489 67.86300939501236 2.299999999999997
    endloop
  endfacet
  facet normal 0 0 1
    outer loop
      vertex 81.2642703406463 100.49952709504922 2.299999999999997
      vertex 37.09434849632434 94.36336673094982 2.299999999999997
      vertex 39.143503242952285 93.03263007885292 2.299999999999997
    endloop
  endfacet
  facet normal 0 0 1
    outer loop
      vertex 81.2642703406463 100.49952709504922 2.299999999999997
      vertex 39.143503242952285 93.03263007885292 2.299999999999997
      vertex 41.14496766047312 91.63118960624632 2.299999999999997
    endloop
  endfacet
  facet normal 0 0 1
    outer loop
      vertex 81.2642703406463 100.49952709504922 2.299999999999997
      vertex 41.14496766047312 91.63118960624632 2.299999999999997
      vertex 43.09630327279608 90.16075275247053 2.299999999999997
    endloop
  endfacet
  facet normal 0 0 1
    outer loop
      vertex 81.2642703406463 100.49952709504922 2.299999999999997
      vertex 52.020137783417596 81.83914244512007 2.299999999999997
      vertex 53.62311101832846 79.99513267805776 2.299999999999997
    endloop
  endfacet
  facet normal 0 0 1
    outer loop
      vertex 81.2642703406463 100.49952709504922 2.299999999999997
      vertex 50.35378602370558 83.62608593212981 2.299999999999997
      vertex 52.020137783417596 81.83914244512007 2.299999999999997
    endloop
  endfacet
  facet normal 0 0 1
    outer loop
      vertex 81.2642703406463 100.49952709504922 2.299999999999997
      vertex 44.99513267805775 88.62311101832846 2.299999999999997
      vertex 46.839142445120075 87.0201377834176 2.299999999999997
    endloop
  endfacet
  facet normal 0 0 1
    outer loop
      vertex 81.2642703406463 100.49952709504922 2.299999999999997
      vertex 46.839142445120075 87.0201377834176 2.299999999999997
      vertex 48.62608593212981 85.35378602370558 2.299999999999997
    endloop
  endfacet
  facet normal 0 0 1
    outer loop
      vertex 81.2642703406463 100.49952709504922 2.299999999999997
      vertex 43.09630327279608 90.16075275247053 2.299999999999997
      vertex 44.99513267805775 88.62311101832846 2.299999999999997
    endloop
  endfacet
  facet normal 0 0 1
    outer loop
      vertex 81.2642703406463 100.49952709504922 2.299999999999997
      vertex 48.62608593212981 85.35378602370558 2.299999999999997
      vertex 50.35378602370558 83.62608593212981 2.299999999999997
    endloop
  endfacet
  facet normal 0 0 1
    outer loop
      vertex 81.2642703406463 100.49952709504922 2.299999999999997
      vertex 35 95.6217782649107 2.299999999999997
      vertex 37.09434849632434 94.36336673094982 2.299999999999997
    endloop
  endfacet
  facet normal 0 0 1
    outer loop
      vertex 81.75886181815416 102.94043219063501 2.299999999999997
      vertex 81.94016803524507 103.40611343027717 2.299999999999997
      vertex 16.93453269197674 102.92070083931975 2.299999999999997
    endloop
  endfacet
  facet normal 0 0 1
    outer loop
      vertex 81.60443648087315 102.4651598723625 2.299999999999997
      vertex 81.75886181815416 102.94043219063501 2.299999999999997
      vertex 19.294614907189942 102.28831871568232 2.299999999999997
    endloop
  endfacet
  facet normal 0 0 1
    outer loop
      vertex 81.30703481570019 100.99742483654222 2.299999999999997
      vertex 81.3781539363327 101.49206918553546 2.299999999999997
      vertex 23.94141003279681 100.77848345501359 2.299999999999997
    endloop
  endfacet
  facet normal 0 0 1
    outer loop
      vertex 81.47739572675458 101.98184671497543 2.299999999999997
      vertex 81.60443648087315 102.4651598723625 2.299999999999997
      vertex 21.631189606246316 101.57395614066074 2.299999999999997
    endloop
  endfacet
  facet normal 0 0 1
    outer loop
      vertex 81.3781539363327 101.49206918553546 2.299999999999997
      vertex 81.47739572675458 101.98184671497543 2.299999999999997
      vertex 23.94141003279681 100.77848345501359 2.299999999999997
    endloop
  endfacet
  facet normal 0 0 1
    outer loop
      vertex 82.63903158772716 104.73060715273648 2.299999999999997
      vertex 82.9211012992192 105.14312095755913 2.299999999999997
      vertex 4.882953162088771 104.8294835181877 2.299999999999997
    endloop
  endfacet
  facet normal 0 0 1
    outer loop
      vertex 82.38097182520195 104.30266309064903 2.299999999999997
      vertex 82.63903158772716 104.73060715273648 2.299999999999997
      vertex 9.74211706720458 104.31876481190993 2.299999999999997
    endloop
  endfacet
  facet normal 0 0 1
    outer loop
      vertex 82.14776374895061 103.86068463587819 2.299999999999997
      vertex 82.38097182520195 104.30266309064903 2.299999999999997
      vertex 12.155372436685123 103.93654271085457 2.299999999999997
    endloop
  endfacet
  facet normal 0 0 1
    outer loop
      vertex 81.94016803524507 103.40611343027717 2.299999999999997
      vertex 82.14776374895061 103.86068463587819 2.299999999999997
      vertex 14.553818357243154 103.4703320513664 2.299999999999997
    endloop
  endfacet
  facet normal 0 0 1
    outer loop
      vertex 81.2642703406463 100.49952709504922 2.299999999999997
      vertex 56.63118960624632 76.14496766047313 2.299999999999997
      vertex 58.03263007885291 74.14350324295228 2.299999999999997
    endloop
  endfacet
  facet normal 0 0 1
    outer loop
      vertex 81.2642703406463 100.49952709504922 2.299999999999997
      vertex 55.160752752470536 78.09630327279608 2.299999999999997
      vertex 56.63118960624632 76.14496766047313 2.299999999999997
    endloop
  endfacet
  facet normal 0 0 1
    outer loop
      vertex 81.2642703406463 100.49952709504922 2.299999999999997
      vertex 53.62311101832846 79.99513267805776 2.299999999999997
      vertex 55.160752752470536 78.09630327279608 2.299999999999997
    endloop
  endfacet
  facet normal 0 0 1
    outer loop
      vertex 82.14776374895061 96.13931536412181 2.299999999999997
      vertex 59.363366730949814 72.09434849632434 2.299999999999997
      vertex 68.60371967673204 81.13595829978689 2.299999999999997
    endloop
  endfacet
  facet normal 0 0 1
    outer loop
      vertex 82.14776374895061 96.13931536412181 2.299999999999997
      vertex 68.60371967673204 81.13595829978689 2.299999999999997
      vertex 68.96197542019324 81.4705458074188 2.299999999999997
    endloop
  endfacet
  facet normal 0 0 1
    outer loop
      vertex 82.14776374895061 96.13931536412181 2.299999999999997
      vertex 68.96197542019324 81.4705458074188 2.299999999999997
      vertex 69.39721669809222 81.69606965981387 2.299999999999997
    endloop
  endfacet
  facet normal 0 0 1
    outer loop
      vertex 82.38097182520195 95.69733690935097 2.299999999999997
      vertex 69.39721669809222 81.69606965981387 2.299999999999997
      vertex 69.87716365594359 81.79580378454297 2.299999999999997
    endloop
  endfacet
  facet normal 0 0 1
    outer loop
      vertex 82.63903158772716 95.26939284726352 2.299999999999997
      vertex 69.87716365594359 81.79580378454297 2.299999999999997
      vertex 70.36622082349474 81.76235135782818 2.299999999999997
    endloop
  endfacet
  facet normal 0 0 1
    outer loop
      vertex 82.9211012992192 94.85687904244087 2.299999999999997
      vertex 70.36622082349474 81.76235135782818 2.299999999999997
      vertex 70.82811706791607 81.59819339312428 2.299999999999997
    endloop
  endfacet
  facet normal 0 0 1
    outer loop
      vertex 81.60443648087315 97.5348401276375 2.299999999999997
      vertex 81.47739572675458 98.01815328502457 2.299999999999997
      vertex 59.363366730949814 72.09434849632434 2.299999999999997
    endloop
  endfacet
  facet normal 0 0 1
    outer loop
      vertex 82.14776374895061 96.13931536412181 2.299999999999997
      vertex 81.94016803524507 96.59388656972283 2.299999999999997
      vertex 59.363366730949814 72.09434849632434 2.299999999999997
    endloop
  endfacet
  facet normal 0 0 1
    outer loop
      vertex 81.94016803524507 96.59388656972283 2.299999999999997
      vertex 81.75886181815416 97.05956780936499 2.299999999999997
      vertex 59.363366730949814 72.09434849632434 2.299999999999997
    endloop
  endfacet
  facet normal 0 0 1
    outer loop
      vertex 81.75886181815416 97.05956780936499 2.299999999999997
      vertex 81.60443648087315 97.5348401276375 2.299999999999997
      vertex 59.363366730949814 72.09434849632434 2.299999999999997
    endloop
  endfacet
  facet normal 0 0 1
    outer loop
      vertex 81.47739572675458 98.01815328502457 2.299999999999997
      vertex 81.3781539363327 98.50793081446454 2.299999999999997
      vertex 59.363366730949814 72.09434849632434 2.299999999999997
    endloop
  endfacet
  facet normal 0 0 1
    outer loop
      vertex 81.3781539363327 98.50793081446454 2.299999999999997
      vertex 81.30703481570019 99.00257516345778 2.299999999999997
      vertex 59.363366730949814 72.09434849632434 2.299999999999997
    endloop
  endfacet
  facet normal 0 0 1
    outer loop
      vertex 81.30703481570019 99.00257516345778 2.299999999999997
      vertex 81.2642703406463 99.50047290495078 2.299999999999997
      vertex 59.363366730949814 72.09434849632434 2.299999999999997
    endloop
  endfacet
  facet normal 0 0 1
    outer loop
      vertex 81.2642703406463 99.50047290495078 2.299999999999997
      vertex 81.25 100 2.299999999999997
      vertex 58.03263007885291 74.14350324295228 2.299999999999997
    endloop
  endfacet
  facet normal 0 0 1
    outer loop
      vertex 81.25 100 2.299999999999997
      vertex 81.2642703406463 100.49952709504922 2.299999999999997
      vertex 58.03263007885291 74.14350324295228 2.299999999999997
    endloop
  endfacet
  facet normal 0 0 1
    outer loop
      vertex 81.2642703406463 100.49952709504922 2.299999999999997
      vertex 81.30703481570019 100.99742483654222 2.299999999999997
      vertex 26.22246153911384 99.90286981967512 2.299999999999997
    endloop
  endfacet
  facet normal 0 0 1
    outer loop
      vertex 92.22441042419301 91.53746502135787 2.299999999999997
      vertex 69.61653267577913 42.316992428735745 2.299999999999997
      vertex 69.8294835181877 39.88295316208877 2.299999999999997
    endloop
  endfacet
  facet normal 0 0 1
    outer loop
      vertex 92.22441042419301 91.53746502135787 2.299999999999997
      vertex 69.31876481190993 44.74211706720458 2.299999999999997
      vertex 69.61653267577913 42.316992428735745 2.299999999999997
    endloop
  endfacet
  facet normal 0 0 1
    outer loop
      vertex 92.22441042419301 91.53746502135787 2.299999999999997
      vertex 68.93654271085457 47.15537243668513 2.299999999999997
      vertex 69.31876481190993 44.74211706720458 2.299999999999997
    endloop
  endfacet
  facet normal 0 0 1
    outer loop
      vertex 92.22441042419301 91.53746502135787 2.299999999999997
      vertex 68.4703320513664 49.55381835724315 2.299999999999997
      vertex 68.93654271085457 47.15537243668513 2.299999999999997
    endloop
  endfacet
  facet normal 0 0 1
    outer loop
      vertex 92.22441042419301 91.53746502135787 2.299999999999997
      vertex 67.92070083931975 51.93453269197674 2.299999999999997
      vertex 68.4703320513664 49.55381835724315 2.299999999999997
    endloop
  endfacet
  facet normal 0 0 1
    outer loop
      vertex 92.22441042419301 91.53746502135787 2.299999999999997
      vertex 67.28831871568232 54.29461490718994 2.299999999999997
      vertex 67.92070083931975 51.93453269197674 2.299999999999997
    endloop
  endfacet
  facet normal 0 0 1
    outer loop
      vertex 92.22441042419301 91.53746502135787 2.299999999999997
      vertex 66.57395614066074 56.631189606246316 2.299999999999997
      vertex 67.28831871568232 54.29461490718994 2.299999999999997
    endloop
  endfacet
  facet normal 0 0 1
    outer loop
      vertex 86.82543257818189 91.8461897443998 2.299999999999997
      vertex 63.94818203498206 63.47156501530601 2.299999999999997
      vertex 87.29610129921922 91.67825548241741 2.299999999999997
    endloop
  endfacet
  facet normal 0 0 1
    outer loop
      vertex 87.29610129921922 91.67825548241741 2.299999999999997
      vertex 63.94818203498206 63.47156501530601 2.299999999999997
      vertex 87.77558957580699 91.53746502135787 2.299999999999997
    endloop
  endfacet
  facet normal 0 0 1
    outer loop
      vertex 87.77558957580699 91.53746502135787 2.299999999999997
      vertex 63.94818203498206 63.47156501530601 2.299999999999997
      vertex 88.26233341684973 91.42427759044156 2.299999999999997
    endloop
  endfacet
  facet normal 0 0 1
    outer loop
      vertex 88.26233341684973 91.42427759044156 2.299999999999997
      vertex 63.94818203498206 63.47156501530601 2.299999999999997
      vertex 88.75474516510876 91.33906238354184 2.299999999999997
    endloop
  endfacet
  facet normal 0 0 1
    outer loop
      vertex 88.75474516510876 91.33906238354184 2.299999999999997
      vertex 63.94818203498206 63.47156501530601 2.299999999999997
      vertex 89.25121867581015 91.28209735495145 2.299999999999997
    endloop
  endfacet
  facet normal 0 0 1
    outer loop
      vertex 89.25121867581015 91.28209735495145 2.299999999999997
      vertex 63.94818203498206 63.47156501530601 2.299999999999997
      vertex 89.75013455555516 91.25356831275334 2.299999999999997
    endloop
  endfacet
  facet normal 0 0 1
    outer loop
      vertex 89.75013455555516 91.25356831275334 2.299999999999997
      vertex 64.90286981967512 61.22246153911384 2.299999999999997
      vertex 90.24986544444484 91.25356831275334 2.299999999999997
    endloop
  endfacet
  facet normal 0 0 1
    outer loop
      vertex 90.24986544444484 91.25356831275334 2.299999999999997
      vertex 64.90286981967512 61.22246153911384 2.299999999999997
      vertex 90.74878132418985 91.28209735495145 2.299999999999997
    endloop
  endfacet
  facet normal 0 0 1
    outer loop
      vertex 90.74878132418985 91.28209735495145 2.299999999999997
      vertex 64.90286981967512 61.22246153911384 2.299999999999997
      vertex 91.24525483489124 91.33906238354184 2.299999999999997
    endloop
  endfacet
  facet normal 0 0 1
    outer loop
      vertex 91.24525483489124 91.33906238354184 2.299999999999997
      vertex 64.90286981967512 61.22246153911384 2.299999999999997
      vertex 91.73766658315027 91.42427759044156 2.299999999999997
    endloop
  endfacet
  facet normal 0 0 1
    outer loop
      vertex 91.73766658315027 91.42427759044156 2.299999999999997
      vertex 64.90286981967512 61.22246153911384 2.299999999999997
      vertex 92.22441042419301 91.53746502135787 2.299999999999997
    endloop
  endfacet
  facet normal 0 0 1
    outer loop
      vertex 84.65683105318992 93.07085534818009 2.299999999999997
      vertex 71.53795492818368 79.06474888993623 2.299999999999997
      vertex 71.22859565779358 78.68449526429937 2.299999999999997
    endloop
  endfacet
  facet normal 0 0 1
    outer loop
      vertex 84.65683105318992 93.07085534818009 2.299999999999997
      vertex 71.73325111722603 79.51436581191736 2.299999999999997
      vertex 71.53795492818368 79.06474888993623 2.299999999999997
    endloop
  endfacet
  facet normal 0 0 1
    outer loop
      vertex 83.90179627426618 93.72509670835908 2.299999999999997
      vertex 71.53795492818368 80.93525111006377 2.299999999999997
      vertex 71.73325111722603 80.48563418808264 2.299999999999997
    endloop
  endfacet
  facet normal 0 0 1
    outer loop
      vertex 83.22626090690802 94.46114102917238 2.299999999999997
      vertex 70.82811706791607 81.59819339312428 2.299999999999997
      vertex 71.22859565779358 81.31550473570063 2.299999999999997
    endloop
  endfacet
  facet normal 0 0 1
    outer loop
      vertex 83.55351504358146 94.08346962260234 2.299999999999997
      vertex 71.22859565779358 81.31550473570063 2.299999999999997
      vertex 71.53795492818368 80.93525111006377 2.299999999999997
    endloop
  endfacet
  facet normal 0 0 1
    outer loop
      vertex 84.26996857797876 93.38719122440024 2.299999999999997
      vertex 71.8 80 2.299999999999997
      vertex 71.73325111722603 79.51436581191736 2.299999999999997
    endloop
  endfacet
  facet normal 0 0 1
    outer loop
      vertex 84.26996857797876 93.38719122440024 2.299999999999997
      vertex 71.73325111722603 80.48563418808264 2.299999999999997
      vertex 71.8 80 2.299999999999997
    endloop
  endfacet
  facet normal 0 0 1
    outer loop
      vertex 85.06112183491577 92.77712090157573 2.299999999999997
      vertex 62.91558324094169 65.68598027523542 2.299999999999997
      vertex 85.48152221065908 92.5069459852986 2.299999999999997
    endloop
  endfacet
  facet normal 0 0 1
    outer loop
      vertex 85.48152221065908 92.5069459852986 2.299999999999997
      vertex 62.91558324094169 65.68598027523542 2.299999999999997
      vertex 85.91666092177536 92.26121185376913 2.299999999999997
    endloop
  endfacet
  facet normal 0 0 1
    outer loop
      vertex 85.06112183491577 92.77712090157573 2.299999999999997
      vertex 84.65683105318992 93.07085534818009 2.299999999999997
      vertex 61.80633150012489 67.86300939501236 2.299999999999997
    endloop
  endfacet
  facet normal 0 0 1
    outer loop
      vertex 85.91666092177536 92.26121185376913 2.299999999999997
      vertex 62.91558324094169 65.68598027523542 2.299999999999997
      vertex 86.36511863623349 92.04072004064797 2.299999999999997
    endloop
  endfacet
  facet normal 0 0 1
    outer loop
      vertex 86.36511863623349 92.04072004064797 2.299999999999997
      vertex 62.91558324094169 65.68598027523542 2.299999999999997
      vertex 86.82543257818189 91.8461897443998 2.299999999999997
    endloop
  endfacet
  facet normal 0 0 1
    outer loop
      vertex 84.26996857797876 93.38719122440024 2.299999999999997
      vertex 83.90179627426618 93.72509670835908 2.299999999999997
      vertex 71.73325111722603 80.48563418808264 2.299999999999997
    endloop
  endfacet
  facet normal 0 0 1
    outer loop
      vertex 84.26996857797876 93.38719122440024 2.299999999999997
      vertex 71.73325111722603 79.51436581191736 2.299999999999997
      vertex 84.65683105318992 93.07085534818009 2.299999999999997
    endloop
  endfacet
  facet normal 0 0 1
    outer loop
      vertex 82.38097182520195 95.69733690935097 2.299999999999997
      vertex 82.14776374895061 96.13931536412181 2.299999999999997
      vertex 69.39721669809222 81.69606965981387 2.299999999999997
    endloop
  endfacet
  facet normal 0 0 1
    outer loop
      vertex 82.63903158772716 95.26939284726352 2.299999999999997
      vertex 82.38097182520195 95.69733690935097 2.299999999999997
      vertex 69.87716365594359 81.79580378454297 2.299999999999997
    endloop
  endfacet
  facet normal 0 0 1
    outer loop
      vertex 82.63903158772716 95.26939284726352 2.299999999999997
      vertex 70.36622082349474 81.76235135782818 2.299999999999997
      vertex 82.9211012992192 94.85687904244087 2.299999999999997
    endloop
  endfacet
  facet normal 0 0 1
    outer loop
      vertex 83.55351504358146 94.08346962260234 2.299999999999997
      vertex 71.53795492818368 80.93525111006377 2.299999999999997
      vertex 83.90179627426618 93.72509670835908 2.299999999999997
    endloop
  endfacet
  facet normal 0 0 1
    outer loop
      vertex 83.55351504358146 94.08346962260234 2.299999999999997
      vertex 83.22626090690802 94.46114102917238 2.299999999999997
      vertex 71.22859565779358 81.31550473570063 2.299999999999997
    endloop
  endfacet
  facet normal 0 0 1
    outer loop
      vertex 83.22626090690802 94.46114102917238 2.299999999999997
      vertex 82.9211012992192 94.85687904244087 2.299999999999997
      vertex 70.82811706791607 81.59819339312428 2.299999999999997
    endloop
  endfacet
  facet normal 0 -1 0
    outer loop
      vertex -85.84797602296851 107.7 82.3
      vertex 85.84797602296851 107.7 2.299999999999997
      vertex 85.84797602296851 107.7 82.3
    endloop
  endfacet
  facet normal -0.8254718969627711 -0.5644432188667735 0
    outer loop
      vertex 82.63903158772716 95.26939284726352 2.299999999999997
      vertex 82.9211012992192 94.85687904244087 2.299999999999997
      vertex 82.63903158772716 95.26939284726352 82.3
    endloop
  endfacet
  facet normal -0.8844329309978076 -0.4666673232256866 0
    outer loop
      vertex 82.38097182520195 95.69733690935097 2.299999999999997
      vertex 82.14776374895061 96.13931536412181 82.3
      vertex 82.14776374895061 96.13931536412181 2.299999999999997
    endloop
  endfacet
  facet normal -0.8563490302515976 -0.5163974616389475 0
    outer loop
      vertex 82.63903158772716 95.26939284726352 2.299999999999997
      vertex 82.38097182520195 95.69733690935097 82.3
      vertex 82.38097182520195 95.69733690935097 2.299999999999997
    endloop
  endfacet
  facet normal -0.755749574354247 -0.6548607339452981 0
    outer loop
      vertex 83.55351504358146 94.08346962260234 2.299999999999997
      vertex 83.22626090690802 94.46114102917238 82.3
      vertex 83.22626090690802 94.46114102917238 2.299999999999997
    endloop
  endfacet
  facet normal -0.6761749002740153 -0.7367411378764087 0
    outer loop
      vertex 84.26996857797876 93.38719122440024 2.299999999999997
      vertex 83.90179627426618 93.72509670835908 82.3
      vertex 83.90179627426618 93.72509670835908 2.299999999999997
    endloop
  endfacet
  facet normal -0.7171318047589705 -0.6969375686552861 0
    outer loop
      vertex 83.55351504358146 94.08346962260234 2.299999999999997
      vertex 83.90179627426618 93.72509670835908 2.299999999999997
      vertex 83.55351504358146 94.08346962260234 82.3
    endloop
  endfacet
  facet normal -0.7919022459222785 -0.6106478796354337 0
    outer loop
      vertex 83.22626090690802 94.46114102917238 2.299999999999997
      vertex 82.9211012992192 94.85687904244087 82.3
      vertex 82.9211012992192 94.85687904244087 2.299999999999997
    endloop
  endfacet
  facet normal -0.5406408174555932 -0.841253532831184 0
    outer loop
      vertex 85.06112183491577 92.77712090157573 2.299999999999997
      vertex 85.48152221065908 92.5069459852986 2.299999999999997
      vertex 85.06112183491577 92.77712090157573 82.3
    endloop
  endfacet
  facet normal -0.49173292464559976 -0.8707460771197795 0
    outer loop
      vertex 85.48152221065908 92.5069459852986 2.299999999999997
      vertex 85.91666092177536 92.26121185376913 2.299999999999997
      vertex 85.48152221065908 92.5069459852986 82.3
    endloop
  endfacet
  facet normal -0.44122110124322317 -0.8973984286913576 0
    outer loop
      vertex 85.91666092177536 92.26121185376913 2.299999999999997
      vertex 86.36511863623349 92.04072004064797 2.299999999999997
      vertex 85.91666092177536 92.26121185376913 82.3
    endloop
  endfacet
  facet normal -0.3892701063173946 -0.9211236531148487 0
    outer loop
      vertex 86.36511863623349 92.04072004064797 2.299999999999997
      vertex 86.82543257818189 91.8461897443998 2.299999999999997
      vertex 86.36511863623349 92.04072004064797 82.3
    endloop
  endfacet
  facet normal -0.3360493932154165 -0.9418443636395295 0
    outer loop
      vertex 86.82543257818189 91.8461897443998 2.299999999999997
      vertex 87.29610129921922 91.67825548241741 2.299999999999997
      vertex 86.82543257818189 91.8461897443998 82.3
    endloop
  endfacet
  facet normal -0.2817325568414457 -0.9594929736144927 0
    outer loop
      vertex 87.29610129921922 91.67825548241741 2.299999999999997
      vertex 87.77558957580699 91.53746502135787 2.299999999999997
      vertex 87.29610129921922 91.67825548241741 82.3
    endloop
  endfacet
  facet normal -0.6330124538088758 -0.7741416106390779 0
    outer loop
      vertex 84.26996857797876 93.38719122440024 2.299999999999997
      vertex 84.65683105318992 93.07085534818009 2.299999999999997
      vertex 84.26996857797876 93.38719122440024 82.3
    endloop
  endfacet
  facet normal -0.5877852522924731 -0.8090169943749475 0
    outer loop
      vertex 85.06112183491577 92.77712090157573 2.299999999999997
      vertex 84.65683105318992 93.07085534818009 82.3
      vertex 84.65683105318992 93.07085534818009 2.299999999999997
    endloop
  endfacet
  facet normal -0.9096319953545255 -0.4154150130018704 0
    outer loop
      vertex 82.14776374895061 96.13931536412181 2.299999999999997
      vertex 81.94016803524507 96.59388656972283 82.3
      vertex 81.94016803524507 96.59388656972283 2.299999999999997
    endloop
  endfacet
  facet normal -0.9318640292114507 -0.362807705350645 0
    outer loop
      vertex 81.94016803524507 96.59388656972283 2.299999999999997
      vertex 81.75886181815416 97.05956780936499 82.3
      vertex 81.75886181815416 97.05956780936499 2.299999999999997
    endloop
  endfacet
  facet normal -0.9671468547019565 -0.2542183341934891 0
    outer loop
      vertex 81.60443648087315 97.5348401276375 2.299999999999997
      vertex 81.47739572675458 98.01815328502457 82.3
      vertex 81.47739572675458 98.01815328502457 2.299999999999997
    endloop
  endfacet
  facet normal -0.9510565162951529 -0.3090169943749498 0
    outer loop
      vertex 81.75886181815416 97.05956780936499 2.299999999999997
      vertex 81.60443648087315 97.5348401276375 82.3
      vertex 81.60443648087315 97.5348401276375 2.299999999999997
    endloop
  endfacet
  facet normal -0.9800825610923971 -0.19859046664572735 0
    outer loop
      vertex 81.47739572675458 98.01815328502457 2.299999999999997
      vertex 81.3781539363327 98.50793081446454 82.3
      vertex 81.3781539363327 98.50793081446454 2.299999999999997
    endloop
  endfacet
  facet normal -0.9898214418809324 -0.14231483827328764 0
    outer loop
      vertex 81.3781539363327 98.50793081446454 2.299999999999997
      vertex 81.30703481570019 99.00257516345778 82.3
      vertex 81.30703481570019 99.00257516345778 2.299999999999997
    endloop
  endfacet
  facet normal -0.9963317308626891 -0.08557500847886673 0
    outer loop
      vertex 81.30703481570019 99.00257516345778 2.299999999999997
      vertex 81.2642703406463 99.50047290495078 82.3
      vertex 81.2642703406463 99.50047290495078 2.299999999999997
    endloop
  endfacet
  facet normal -0.9995921928281897 -0.028556050793682033 0
    outer loop
      vertex 81.2642703406463 99.50047290495078 2.299999999999997
      vertex 81.25 100 82.3
      vertex 81.25 100 2.299999999999997
    endloop
  endfacet
  facet normal -0.9995921928281897 0.028556050793682033 0
    outer loop
      vertex 81.25 100 2.299999999999997
      vertex 81.2642703406463 100.49952709504922 82.3
      vertex 81.2642703406463 100.49952709504922 2.299999999999997
    endloop
  endfacet
  facet normal -0.9963317308626891 0.08557500847886673 0
    outer loop
      vertex 81.2642703406463 100.49952709504922 2.299999999999997
      vertex 81.30703481570019 100.99742483654222 82.3
      vertex 81.30703481570019 100.99742483654222 2.299999999999997
    endloop
  endfacet
  facet normal -0.9898214418809324 0.14231483827328764 0
    outer loop
      vertex 81.30703481570019 100.99742483654222 2.299999999999997
      vertex 81.3781539363327 101.49206918553546 82.3
      vertex 81.3781539363327 101.49206918553546 2.299999999999997
    endloop
  endfacet
  facet normal -0.9800825610923971 0.19859046664572735 0
    outer loop
      vertex 81.3781539363327 101.49206918553546 2.299999999999997
      vertex 81.47739572675458 101.98184671497543 82.3
      vertex 81.47739572675458 101.98184671497543 2.299999999999997
    endloop
  endfacet
  facet normal -0.9671468547019565 0.2542183341934891 0
    outer loop
      vertex 81.47739572675458 101.98184671497543 2.299999999999997
      vertex 81.60443648087315 102.4651598723625 82.3
      vertex 81.60443648087315 102.4651598723625 2.299999999999997
    endloop
  endfacet
  facet normal -0.9510565162951529 0.3090169943749498 0
    outer loop
      vertex 81.60443648087315 102.4651598723625 2.299999999999997
      vertex 81.75886181815416 102.94043219063501 82.3
      vertex 81.75886181815416 102.94043219063501 2.299999999999997
    endloop
  endfacet
  facet normal -0.9318640292114507 0.362807705350645 0
    outer loop
      vertex 81.75886181815416 102.94043219063501 2.299999999999997
      vertex 81.94016803524507 103.40611343027717 82.3
      vertex 81.94016803524507 103.40611343027717 2.299999999999997
    endloop
  endfacet
  facet normal -0.9096319953545255 0.4154150130018704 0
    outer loop
      vertex 81.94016803524507 103.40611343027717 2.299999999999997
      vertex 82.14776374895061 103.86068463587819 82.3
      vertex 82.14776374895061 103.86068463587819 2.299999999999997
    endloop
  endfacet
  facet normal -0.8844329309978076 0.4666673232256866 0
    outer loop
      vertex 82.14776374895061 103.86068463587819 2.299999999999997
      vertex 82.38097182520195 104.30266309064903 82.3
      vertex 82.38097182520195 104.30266309064903 2.299999999999997
    endloop
  endfacet
  facet normal -0.8563490302515976 0.5163974616389475 0
    outer loop
      vertex 82.38097182520195 104.30266309064903 2.299999999999997
      vertex 82.63903158772716 104.73060715273648 82.3
      vertex 82.63903158772716 104.73060715273648 2.299999999999997
    endloop
  endfacet
  facet normal -0.8254718969627711 0.5644432188667735 0
    outer loop
      vertex 82.63903158772716 104.73060715273648 2.299999999999997
      vertex 82.9211012992192 105.14312095755913 82.3
      vertex 82.9211012992192 105.14312095755913 2.299999999999997
    endloop
  endfacet
  facet normal -0.7919022459222785 0.6106478796354337 0
    outer loop
      vertex 82.9211012992192 105.14312095755913 2.299999999999997
      vertex 83.22626090690802 105.53885897082762 82.3
      vertex 83.22626090690802 105.53885897082762 2.299999999999997
    endloop
  endfacet
  facet normal -0.755749574354247 0.6548607339452981 0
    outer loop
      vertex 83.22626090690802 105.53885897082762 2.299999999999997
      vertex 83.55351504358146 105.91653037739766 82.3
      vertex 83.55351504358146 105.91653037739766 2.299999999999997
    endloop
  endfacet
  facet normal -0.7171318047589705 0.6969375686552861 0
    outer loop
      vertex 83.55351504358146 105.91653037739766 2.299999999999997
      vertex 83.90179627426618 106.27490329164092 82.3
      vertex 83.90179627426618 106.27490329164092 2.299999999999997
    endloop
  endfacet
  facet normal -0.6761749002740153 0.7367411378764087 0
    outer loop
      vertex 83.90179627426618 106.27490329164092 2.299999999999997
      vertex 84.26996857797876 106.61280877559976 82.3
      vertex 84.26996857797876 106.61280877559976 2.299999999999997
    endloop
  endfacet
  facet normal -0.6330124538088758 0.7741416106390779 0
    outer loop
      vertex 84.26996857797876 106.61280877559976 2.299999999999997
      vertex 84.65683105318992 106.92914465181991 82.3
      vertex 84.65683105318992 106.92914465181991 2.299999999999997
    endloop
  endfacet
  facet normal -0.5877852522924731 0.8090169943749475 0
    outer loop
      vertex 84.65683105318992 106.92914465181991 2.299999999999997
      vertex 85.06112183491577 107.22287909842427 82.3
      vertex 85.06112183491577 107.22287909842427 2.299999999999997
    endloop
  endfacet
  facet normal -0.5406408174555932 0.841253532831184 0
    outer loop
      vertex 85.06112183491577 107.22287909842427 2.299999999999997
      vertex 85.48152221065908 107.4930540147014 82.3
      vertex 85.48152221065908 107.4930540147014 2.299999999999997
    endloop
  endfacet
  facet normal -0.49173292464560003 0.8707460771197792 0
    outer loop
      vertex 85.48152221065908 107.4930540147014 2.299999999999997
      vertex 85.48152221065908 107.4930540147014 82.3
      vertex 85.84797602296851 107.7 2.299999999999997
    endloop
  endfacet
  facet normal -0.22649676742575464 -0.9740119169423358 0
    outer loop
      vertex 87.77558957580699 91.53746502135787 2.299999999999997
      vertex 88.26233341684973 91.42427759044156 2.299999999999997
      vertex 87.77558957580699 91.53746502135787 82.3
    endloop
  endfacet
  facet normal -0.17052219263262178 -0.9853538358476933 0
    outer loop
      vertex 88.26233341684973 91.42427759044156 2.299999999999997
      vertex 88.75474516510876 91.33906238354184 2.299999999999997
      vertex 88.26233341684973 91.42427759044156 82.3
    endloop
  endfacet
  facet normal -0.11399140989056013 -0.993481735348548 0
    outer loop
      vertex 88.75474516510876 91.33906238354184 2.299999999999997
      vertex 89.25121867581015 91.28209735495145 2.299999999999997
      vertex 88.75474516510876 91.33906238354184 82.3
    endloop
  endfacet
  facet normal -0.05708881086275833 -0.9983691039261362 0
    outer loop
      vertex 89.25121867581015 91.28209735495145 2.299999999999997
      vertex 89.75013455555516 91.25356831275334 2.299999999999997
      vertex 89.25121867581015 91.28209735495145 82.3
    endloop
  endfacet
  facet normal 0 -1 0
    outer loop
      vertex 89.75013455555516 91.25356831275334 2.299999999999997
      vertex 90.24986544444484 91.25356831275334 2.299999999999997
      vertex 89.75013455555516 91.25356831275334 82.3
    endloop
  endfacet
  facet normal 0.05708881086275833 -0.9983691039261362 0
    outer loop
      vertex 90.24986544444484 91.25356831275334 2.299999999999997
      vertex 90.74878132418985 91.28209735495145 2.299999999999997
      vertex 90.24986544444484 91.25356831275334 82.3
    endloop
  endfacet
  facet normal 0.11399140989056013 -0.993481735348548 0
    outer loop
      vertex 90.74878132418985 91.28209735495145 2.299999999999997
      vertex 91.24525483489124 91.33906238354184 2.299999999999997
      vertex 90.74878132418985 91.28209735495145 82.3
    endloop
  endfacet
  facet normal 0.17052219263262178 -0.9853538358476933 0
    outer loop
      vertex 91.24525483489124 91.33906238354184 2.299999999999997
      vertex 91.73766658315027 91.42427759044156 2.299999999999997
      vertex 91.24525483489124 91.33906238354184 82.3
    endloop
  endfacet
  facet normal 0.22649676742575464 -0.9740119169423358 0
    outer loop
      vertex 91.73766658315027 91.42427759044156 2.299999999999997
      vertex 92.22441042419301 91.53746502135787 2.299999999999997
      vertex 91.73766658315027 91.42427759044156 82.3
    endloop
  endfacet
  facet normal 0.2817325568414457 -0.9594929736144927 0
    outer loop
      vertex 92.22441042419301 91.53746502135787 2.299999999999997
      vertex 92.70389870078078 91.67825548241741 2.299999999999997
      vertex 92.22441042419301 91.53746502135787 82.3
    endloop
  endfacet
  facet normal 0.3360493932154165 -0.9418443636395295 0
    outer loop
      vertex 92.70389870078078 91.67825548241741 2.299999999999997
      vertex 93.17456742181811 91.8461897443998 2.299999999999997
      vertex 92.70389870078078 91.67825548241741 82.3
    endloop
  endfacet
  facet normal 0.3892701063173946 -0.9211236531148487 0
    outer loop
      vertex 93.17456742181811 91.8461897443998 2.299999999999997
      vertex 93.63488136376651 92.04072004064797 2.299999999999997
      vertex 93.17456742181811 91.8461897443998 82.3
    endloop
  endfacet
  facet normal 0.44122110124322317 -0.8973984286913576 0
    outer loop
      vertex 93.63488136376651 92.04072004064797 2.299999999999997
      vertex 94.08333907822464 92.26121185376913 2.299999999999997
      vertex 93.63488136376651 92.04072004064797 82.3
    endloop
  endfacet
  facet normal 0.49173292464559976 -0.8707460771197795 0
    outer loop
      vertex 94.08333907822464 92.26121185376913 2.299999999999997
      vertex 94.51847778934092 92.5069459852986 2.299999999999997
      vertex 94.08333907822464 92.26121185376913 82.3
    endloop
  endfacet
  facet normal 0.5406408174555932 -0.841253532831184 0
    outer loop
      vertex 94.51847778934092 92.5069459852986 2.299999999999997
      vertex 94.93887816508423 92.77712090157573 2.299999999999997
      vertex 94.51847778934092 92.5069459852986 82.3
    endloop
  endfacet
  facet normal 0.5877852522924731 -0.8090169943749475 0
    outer loop
      vertex 94.93887816508423 92.77712090157573 2.299999999999997
      vertex 95.34316894681008 93.07085534818009 2.299999999999997
      vertex 94.93887816508423 92.77712090157573 82.3
    endloop
  endfacet
  facet normal 0.6330124538088758 -0.7741416106390779 0
    outer loop
      vertex 95.34316894681008 93.07085534818009 2.299999999999997
      vertex 95.73003142202124 93.38719122440024 2.299999999999997
      vertex 95.34316894681008 93.07085534818009 82.3
    endloop
  endfacet
  facet normal 0.6761749002740153 -0.7367411378764087 0
    outer loop
      vertex 95.73003142202124 93.38719122440024 2.299999999999997
      vertex 96.09820372573382 93.72509670835908 2.299999999999997
      vertex 95.73003142202124 93.38719122440024 82.3
    endloop
  endfacet
  facet normal 0.7171318047589568 -0.6969375686553004 0
    outer loop
      vertex 96.09820372573382 93.72509670835908 2.299999999999997
      vertex 96.44648495641854 94.08346962260232 2.299999999999997
      vertex 96.09820372573382 93.72509670835908 82.3
    endloop
  endfacet
  facet normal 0.7557495743542592 -0.6548607339452841 0
    outer loop
      vertex 96.44648495641854 94.08346962260232 2.299999999999997
      vertex 96.77373909309198 94.46114102917238 2.299999999999997
      vertex 96.44648495641854 94.08346962260232 82.3
    endloop
  endfacet
  facet normal 0.7919022459222785 -0.6106478796354337 0
    outer loop
      vertex 96.77373909309198 94.46114102917238 2.299999999999997
      vertex 97.0788987007808 94.85687904244087 2.299999999999997
      vertex 96.77373909309198 94.46114102917238 82.3
    endloop
  endfacet
  facet normal 0.8254718969627711 -0.5644432188667735 0
    outer loop
      vertex 97.0788987007808 94.85687904244087 2.299999999999997
      vertex 97.36096841227284 95.26939284726352 2.299999999999997
      vertex 97.0788987007808 94.85687904244087 82.3
    endloop
  endfacet
  facet normal 0.8563490302515976 -0.5163974616389475 0
    outer loop
      vertex 97.36096841227284 95.26939284726352 2.299999999999997
      vertex 97.61902817479805 95.69733690935097 2.299999999999997
      vertex 97.36096841227284 95.26939284726352 82.3
    endloop
  endfacet
  facet normal 0.8844329309978107 -0.4666673232256807 0
    outer loop
      vertex 97.61902817479805 95.69733690935097 2.299999999999997
      vertex 97.7 95.85079558350154 2.299999999999997
      vertex 97.7 95.85079558350154 82.3
    endloop
  endfacet
  facet normal -0.8844329309978076 -0.4666673232256866 0
    outer loop
      vertex 82.38097182520195 95.69733690935097 2.299999999999997
      vertex 82.38097182520195 95.69733690935097 82.3
      vertex 82.14776374895061 96.13931536412181 82.3
    endloop
  endfacet
  facet normal -0.8563490302515976 -0.5163974616389475 0
    outer loop
      vertex 82.63903158772716 95.26939284726352 2.299999999999997
      vertex 82.63903158772716 95.26939284726352 82.3
      vertex 82.38097182520195 95.69733690935097 82.3
    endloop
  endfacet
  facet normal -0.755749574354247 -0.6548607339452981 0
    outer loop
      vertex 83.55351504358146 94.08346962260234 2.299999999999997
      vertex 83.55351504358146 94.08346962260234 82.3
      vertex 83.22626090690802 94.46114102917238 82.3
    endloop
  endfacet
  facet normal -0.6761749002740153 -0.7367411378764087 0
    outer loop
      vertex 84.26996857797876 93.38719122440024 2.299999999999997
      vertex 84.26996857797876 93.38719122440024 82.3
      vertex 83.90179627426618 93.72509670835908 82.3
    endloop
  endfacet
  facet normal -0.7171318047589705 -0.6969375686552861 0
    outer loop
      vertex 83.90179627426618 93.72509670835908 2.299999999999997
      vertex 83.90179627426618 93.72509670835908 82.3
      vertex 83.55351504358146 94.08346962260234 82.3
    endloop
  endfacet
  facet normal -0.7919022459222785 -0.6106478796354337 0
    outer loop
      vertex 83.22626090690802 94.46114102917238 2.299999999999997
      vertex 83.22626090690802 94.46114102917238 82.3
      vertex 82.9211012992192 94.85687904244087 82.3
    endloop
  endfacet
  facet normal -0.8254718969627711 -0.5644432188667735 0
    outer loop
      vertex 82.9211012992192 94.85687904244087 2.299999999999997
      vertex 82.9211012992192 94.85687904244087 82.3
      vertex 82.63903158772716 95.26939284726352 82.3
    endloop
  endfacet
  facet normal -0.5406408174555932 -0.841253532831184 0
    outer loop
      vertex 85.48152221065908 92.5069459852986 2.299999999999997
      vertex 85.48152221065908 92.5069459852986 82.3
      vertex 85.06112183491577 92.77712090157573 82.3
    endloop
  endfacet
  facet normal -0.49173292464559976 -0.8707460771197795 0
    outer loop
      vertex 85.91666092177536 92.26121185376913 2.299999999999997
      vertex 85.91666092177536 92.26121185376913 82.3
      vertex 85.48152221065908 92.5069459852986 82.3
    endloop
  endfacet
  facet normal -0.3892701063173946 -0.9211236531148487 0
    outer loop
      vertex 86.82543257818189 91.8461897443998 2.299999999999997
      vertex 86.82543257818189 91.8461897443998 82.3
      vertex 86.36511863623349 92.04072004064797 82.3
    endloop
  endfacet
  facet normal -0.44122110124322317 -0.8973984286913576 0
    outer loop
      vertex 86.36511863623349 92.04072004064797 2.299999999999997
      vertex 86.36511863623349 92.04072004064797 82.3
      vertex 85.91666092177536 92.26121185376913 82.3
    endloop
  endfacet
  facet normal -0.3360493932154165 -0.9418443636395295 0
    outer loop
      vertex 87.29610129921922 91.67825548241741 2.299999999999997
      vertex 87.29610129921922 91.67825548241741 82.3
      vertex 86.82543257818189 91.8461897443998 82.3
    endloop
  endfacet
  facet normal -0.6330124538088758 -0.7741416106390779 0
    outer loop
      vertex 84.65683105318992 93.07085534818009 2.299999999999997
      vertex 84.65683105318992 93.07085534818009 82.3
      vertex 84.26996857797876 93.38719122440024 82.3
    endloop
  endfacet
  facet normal -0.5877852522924731 -0.8090169943749475 0
    outer loop
      vertex 85.06112183491577 92.77712090157573 2.299999999999997
      vertex 85.06112183491577 92.77712090157573 82.3
      vertex 84.65683105318992 93.07085534818009 82.3
    endloop
  endfacet
  facet normal -0.9318640292114507 -0.362807705350645 0
    outer loop
      vertex 81.94016803524507 96.59388656972283 2.299999999999997
      vertex 81.94016803524507 96.59388656972283 82.3
      vertex 81.75886181815416 97.05956780936499 82.3
    endloop
  endfacet
  facet normal -0.9671468547019565 -0.2542183341934891 0
    outer loop
      vertex 81.60443648087315 97.5348401276375 2.299999999999997
      vertex 81.60443648087315 97.5348401276375 82.3
      vertex 81.47739572675458 98.01815328502457 82.3
    endloop
  endfacet
  facet normal -0.9510565162951529 -0.3090169943749498 0
    outer loop
      vertex 81.75886181815416 97.05956780936499 2.299999999999997
      vertex 81.75886181815416 97.05956780936499 82.3
      vertex 81.60443648087315 97.5348401276375 82.3
    endloop
  endfacet
  facet normal -0.9096319953545255 -0.4154150130018704 0
    outer loop
      vertex 82.14776374895061 96.13931536412181 2.299999999999997
      vertex 82.14776374895061 96.13931536412181 82.3
      vertex 81.94016803524507 96.59388656972283 82.3
    endloop
  endfacet
  facet normal -0.9800825610923971 -0.19859046664572735 0
    outer loop
      vertex 81.47739572675458 98.01815328502457 2.299999999999997
      vertex 81.47739572675458 98.01815328502457 82.3
      vertex 81.3781539363327 98.50793081446454 82.3
    endloop
  endfacet
  facet normal -0.9898214418809324 -0.14231483827328764 0
    outer loop
      vertex 81.3781539363327 98.50793081446454 2.299999999999997
      vertex 81.3781539363327 98.50793081446454 82.3
      vertex 81.30703481570019 99.00257516345778 82.3
    endloop
  endfacet
  facet normal -0.9963317308626891 -0.08557500847886673 0
    outer loop
      vertex 81.30703481570019 99.00257516345778 2.299999999999997
      vertex 81.30703481570019 99.00257516345778 82.3
      vertex 81.2642703406463 99.50047290495078 82.3
    endloop
  endfacet
  facet normal -0.9995921928281897 -0.028556050793682033 0
    outer loop
      vertex 81.2642703406463 99.50047290495078 2.299999999999997
      vertex 81.2642703406463 99.50047290495078 82.3
      vertex 81.25 100 82.3
    endloop
  endfacet
  facet normal -0.9995921928281897 0.028556050793682033 0
    outer loop
      vertex 81.25 100 2.299999999999997
      vertex 81.25 100 82.3
      vertex 81.2642703406463 100.49952709504922 82.3
    endloop
  endfacet
  facet normal -0.9963317308626891 0.08557500847886673 0
    outer loop
      vertex 81.2642703406463 100.49952709504922 2.299999999999997
      vertex 81.2642703406463 100.49952709504922 82.3
      vertex 81.30703481570019 100.99742483654222 82.3
    endloop
  endfacet
  facet normal -0.9898214418809324 0.14231483827328764 0
    outer loop
      vertex 81.30703481570019 100.99742483654222 2.299999999999997
      vertex 81.30703481570019 100.99742483654222 82.3
      vertex 81.3781539363327 101.49206918553546 82.3
    endloop
  endfacet
  facet normal -0.9800825610923971 0.19859046664572735 0
    outer loop
      vertex 81.3781539363327 101.49206918553546 2.299999999999997
      vertex 81.3781539363327 101.49206918553546 82.3
      vertex 81.47739572675458 101.98184671497543 82.3
    endloop
  endfacet
  facet normal -0.9671468547019565 0.2542183341934891 0
    outer loop
      vertex 81.47739572675458 101.98184671497543 2.299999999999997
      vertex 81.47739572675458 101.98184671497543 82.3
      vertex 81.60443648087315 102.4651598723625 82.3
    endloop
  endfacet
  facet normal -0.9510565162951529 0.3090169943749498 0
    outer loop
      vertex 81.60443648087315 102.4651598723625 2.299999999999997
      vertex 81.60443648087315 102.4651598723625 82.3
      vertex 81.75886181815416 102.94043219063501 82.3
    endloop
  endfacet
  facet normal -0.9318640292114507 0.362807705350645 0
    outer loop
      vertex 81.75886181815416 102.94043219063501 2.299999999999997
      vertex 81.75886181815416 102.94043219063501 82.3
      vertex 81.94016803524507 103.40611343027717 82.3
    endloop
  endfacet
  facet normal -0.9096319953545255 0.4154150130018704 0
    outer loop
      vertex 81.94016803524507 103.40611343027717 2.299999999999997
      vertex 81.94016803524507 103.40611343027717 82.3
      vertex 82.14776374895061 103.86068463587819 82.3
    endloop
  endfacet
  facet normal -0.8844329309978076 0.4666673232256866 0
    outer loop
      vertex 82.14776374895061 103.86068463587819 2.299999999999997
      vertex 82.14776374895061 103.86068463587819 82.3
      vertex 82.38097182520195 104.30266309064903 82.3
    endloop
  endfacet
  facet normal -0.8563490302515976 0.5163974616389475 0
    outer loop
      vertex 82.38097182520195 104.30266309064903 2.299999999999997
      vertex 82.38097182520195 104.30266309064903 82.3
      vertex 82.63903158772716 104.73060715273648 82.3
    endloop
  endfacet
  facet normal -0.8254718969627711 0.5644432188667735 0
    outer loop
      vertex 82.63903158772716 104.73060715273648 2.299999999999997
      vertex 82.63903158772716 104.73060715273648 82.3
      vertex 82.9211012992192 105.14312095755913 82.3
    endloop
  endfacet
  facet normal -0.7919022459222785 0.6106478796354337 0
    outer loop
      vertex 82.9211012992192 105.14312095755913 2.299999999999997
      vertex 82.9211012992192 105.14312095755913 82.3
      vertex 83.22626090690802 105.53885897082762 82.3
    endloop
  endfacet
  facet normal -0.755749574354247 0.6548607339452981 0
    outer loop
      vertex 83.22626090690802 105.53885897082762 2.299999999999997
      vertex 83.22626090690802 105.53885897082762 82.3
      vertex 83.55351504358146 105.91653037739766 82.3
    endloop
  endfacet
  facet normal -0.7171318047589705 0.6969375686552861 0
    outer loop
      vertex 83.55351504358146 105.91653037739766 2.299999999999997
      vertex 83.55351504358146 105.91653037739766 82.3
      vertex 83.90179627426618 106.27490329164092 82.3
    endloop
  endfacet
  facet normal -0.6761749002740153 0.7367411378764087 0
    outer loop
      vertex 83.90179627426618 106.27490329164092 2.299999999999997
      vertex 83.90179627426618 106.27490329164092 82.3
      vertex 84.26996857797876 106.61280877559976 82.3
    endloop
  endfacet
  facet normal -0.6330124538088758 0.7741416106390779 0
    outer loop
      vertex 84.26996857797876 106.61280877559976 2.299999999999997
      vertex 84.26996857797876 106.61280877559976 82.3
      vertex 84.65683105318992 106.92914465181991 82.3
    endloop
  endfacet
  facet normal -0.5877852522924731 0.8090169943749475 0
    outer loop
      vertex 84.65683105318992 106.92914465181991 2.299999999999997
      vertex 84.65683105318992 106.92914465181991 82.3
      vertex 85.06112183491577 107.22287909842427 82.3
    endloop
  endfacet
  facet normal -0.5406408174555932 0.841253532831184 0
    outer loop
      vertex 85.06112183491577 107.22287909842427 2.299999999999997
      vertex 85.06112183491577 107.22287909842427 82.3
      vertex 85.48152221065908 107.4930540147014 82.3
    endloop
  endfacet
  facet normal -0.49173292464560003 0.8707460771197792 0
    outer loop
      vertex 85.84797602296851 107.7 2.299999999999997
      vertex 85.48152221065908 107.4930540147014 82.3
      vertex 85.84797602296851 107.7 82.3
    endloop
  endfacet
  facet normal -0.2817325568414457 -0.9594929736144927 0
    outer loop
      vertex 87.77558957580699 91.53746502135787 2.299999999999997
      vertex 87.77558957580699 91.53746502135787 82.3
      vertex 87.29610129921922 91.67825548241741 82.3
    endloop
  endfacet
  facet normal -0.22649676742575464 -0.9740119169423358 0
    outer loop
      vertex 88.26233341684973 91.42427759044156 2.299999999999997
      vertex 88.26233341684973 91.42427759044156 82.3
      vertex 87.77558957580699 91.53746502135787 82.3
    endloop
  endfacet
  facet normal -0.17052219263262178 -0.9853538358476933 0
    outer loop
      vertex 88.75474516510876 91.33906238354184 2.299999999999997
      vertex 88.75474516510876 91.33906238354184 82.3
      vertex 88.26233341684973 91.42427759044156 82.3
    endloop
  endfacet
  facet normal -0.11399140989056013 -0.993481735348548 0
    outer loop
      vertex 89.25121867581015 91.28209735495145 2.299999999999997
      vertex 89.25121867581015 91.28209735495145 82.3
      vertex 88.75474516510876 91.33906238354184 82.3
    endloop
  endfacet
  facet normal -0.05708881086275833 -0.9983691039261362 0
    outer loop
      vertex 89.75013455555516 91.25356831275334 2.299999999999997
      vertex 89.75013455555516 91.25356831275334 82.3
      vertex 89.25121867581015 91.28209735495145 82.3
    endloop
  endfacet
  facet normal 0 -1 0
    outer loop
      vertex 90.24986544444484 91.25356831275334 2.299999999999997
      vertex 90.24986544444484 91.25356831275334 82.3
      vertex 89.75013455555516 91.25356831275334 82.3
    endloop
  endfacet
  facet normal 0.05708881086275833 -0.9983691039261362 0
    outer loop
      vertex 90.74878132418985 91.28209735495145 2.299999999999997
      vertex 90.74878132418985 91.28209735495145 82.3
      vertex 90.24986544444484 91.25356831275334 82.3
    endloop
  endfacet
  facet normal 0.11399140989056013 -0.993481735348548 0
    outer loop
      vertex 91.24525483489124 91.33906238354184 2.299999999999997
      vertex 91.24525483489124 91.33906238354184 82.3
      vertex 90.74878132418985 91.28209735495145 82.3
    endloop
  endfacet
  facet normal 0.17052219263262178 -0.9853538358476933 0
    outer loop
      vertex 91.73766658315027 91.42427759044156 2.299999999999997
      vertex 91.73766658315027 91.42427759044156 82.3
      vertex 91.24525483489124 91.33906238354184 82.3
    endloop
  endfacet
  facet normal 0.22649676742575464 -0.9740119169423358 0
    outer loop
      vertex 92.22441042419301 91.53746502135787 2.299999999999997
      vertex 92.22441042419301 91.53746502135787 82.3
      vertex 91.73766658315027 91.42427759044156 82.3
    endloop
  endfacet
  facet normal 0.2817325568414457 -0.9594929736144927 0
    outer loop
      vertex 92.70389870078078 91.67825548241741 2.299999999999997
      vertex 92.70389870078078 91.67825548241741 82.3
      vertex 92.22441042419301 91.53746502135787 82.3
    endloop
  endfacet
  facet normal 0.3360493932154165 -0.9418443636395295 0
    outer loop
      vertex 93.17456742181811 91.8461897443998 2.299999999999997
      vertex 93.17456742181811 91.8461897443998 82.3
      vertex 92.70389870078078 91.67825548241741 82.3
    endloop
  endfacet
  facet normal 0.3892701063173946 -0.9211236531148487 0
    outer loop
      vertex 93.63488136376651 92.04072004064797 2.299999999999997
      vertex 93.63488136376651 92.04072004064797 82.3
      vertex 93.17456742181811 91.8461897443998 82.3
    endloop
  endfacet
  facet normal 0.44122110124322317 -0.8973984286913576 0
    outer loop
      vertex 94.08333907822464 92.26121185376913 2.299999999999997
      vertex 94.08333907822464 92.26121185376913 82.3
      vertex 93.63488136376651 92.04072004064797 82.3
    endloop
  endfacet
  facet normal 0.49173292464559976 -0.8707460771197795 0
    outer loop
      vertex 94.51847778934092 92.5069459852986 2.299999999999997
      vertex 94.51847778934092 92.5069459852986 82.3
      vertex 94.08333907822464 92.26121185376913 82.3
    endloop
  endfacet
  facet normal 0.5406408174555932 -0.841253532831184 0
    outer loop
      vertex 94.93887816508423 92.77712090157573 2.299999999999997
      vertex 94.93887816508423 92.77712090157573 82.3
      vertex 94.51847778934092 92.5069459852986 82.3
    endloop
  endfacet
  facet normal 0.5877852522924731 -0.8090169943749475 0
    outer loop
      vertex 95.34316894681008 93.07085534818009 2.299999999999997
      vertex 95.34316894681008 93.07085534818009 82.3
      vertex 94.93887816508423 92.77712090157573 82.3
    endloop
  endfacet
  facet normal 0.6330124538088758 -0.7741416106390779 0
    outer loop
      vertex 95.73003142202124 93.38719122440024 2.299999999999997
      vertex 95.73003142202124 93.38719122440024 82.3
      vertex 95.34316894681008 93.07085534818009 82.3
    endloop
  endfacet
  facet normal 0.6761749002740153 -0.7367411378764087 0
    outer loop
      vertex 96.09820372573382 93.72509670835908 2.299999999999997
      vertex 96.09820372573382 93.72509670835908 82.3
      vertex 95.73003142202124 93.38719122440024 82.3
    endloop
  endfacet
  facet normal 0.7171318047589568 -0.6969375686553004 0
    outer loop
      vertex 96.44648495641854 94.08346962260232 2.299999999999997
      vertex 96.44648495641854 94.08346962260232 82.3
      vertex 96.09820372573382 93.72509670835908 82.3
    endloop
  endfacet
  facet normal 0.7557495743542592 -0.6548607339452841 0
    outer loop
      vertex 96.77373909309198 94.46114102917238 2.299999999999997
      vertex 96.77373909309198 94.46114102917238 82.3
      vertex 96.44648495641854 94.08346962260232 82.3
    endloop
  endfacet
  facet normal 0.7919022459222785 -0.6106478796354337 0
    outer loop
      vertex 97.0788987007808 94.85687904244087 2.299999999999997
      vertex 97.0788987007808 94.85687904244087 82.3
      vertex 96.77373909309198 94.46114102917238 82.3
    endloop
  endfacet
  facet normal 0.8254718969627711 -0.5644432188667735 0
    outer loop
      vertex 97.36096841227284 95.26939284726352 2.299999999999997
      vertex 97.36096841227284 95.26939284726352 82.3
      vertex 97.0788987007808 94.85687904244087 82.3
    endloop
  endfacet
  facet normal 0.8563490302515976 -0.5163974616389475 0
    outer loop
      vertex 97.61902817479805 95.69733690935097 2.299999999999997
      vertex 97.61902817479805 95.69733690935097 82.3
      vertex 97.36096841227284 95.26939284726352 82.3
    endloop
  endfacet
  facet normal 0.8844329309978107 -0.4666673232256807 0
    outer loop
      vertex 97.61902817479805 95.69733690935097 2.299999999999997
      vertex 97.7 95.85079558350154 82.3
      vertex 97.61902817479805 95.69733690935097 82.3
    endloop
  endfacet
  facet normal 0 0 1
    outer loop
      vertex 82.14776374895061 96.13931536412181 82.3
      vertex 81.94016803524507 103.40611343027717 82.3
      vertex 81.94016803524507 96.59388656972283 82.3
    endloop
  endfacet
  facet normal 0 0 1
    outer loop
      vertex 81.60443648087315 97.5348401276375 82.3
      vertex 81.47739572675458 101.98184671497543 82.3
      vertex 81.47739572675458 98.01815328502457 82.3
    endloop
  endfacet
  facet normal 0 0 1
    outer loop
      vertex 81.47739572675458 98.01815328502457 82.3
      vertex 81.3781539363327 101.49206918553546 82.3
      vertex 81.3781539363327 98.50793081446454 82.3
    endloop
  endfacet
  facet normal 0 0 1
    outer loop
      vertex 81.3781539363327 98.50793081446454 82.3
      vertex 81.30703481570019 100.99742483654222 82.3
      vertex 81.30703481570019 99.00257516345778 82.3
    endloop
  endfacet
  facet normal 0 0 1
    outer loop
      vertex 81.30703481570019 99.00257516345778 82.3
      vertex 81.2642703406463 100.49952709504922 82.3
      vertex 81.2642703406463 99.50047290495078 82.3
    endloop
  endfacet
  facet normal 0 0 1
    outer loop
      vertex 81.75886181815416 97.05956780936499 82.3
      vertex 81.60443648087315 102.4651598723625 82.3
      vertex 81.60443648087315 97.5348401276375 82.3
    endloop
  endfacet
  facet normal 0 0 1
    outer loop
      vertex 81.94016803524507 96.59388656972283 82.3
      vertex 81.75886181815416 102.94043219063501 82.3
      vertex 81.75886181815416 97.05956780936499 82.3
    endloop
  endfacet
  facet normal 0 0 1
    outer loop
      vertex 82.38097182520195 95.69733690935097 82.3
      vertex 82.14776374895061 103.86068463587819 82.3
      vertex 82.14776374895061 96.13931536412181 82.3
    endloop
  endfacet
  facet normal 0 0 1
    outer loop
      vertex 82.63903158772716 95.26939284726352 82.3
      vertex 82.9211012992192 94.85687904244087 82.3
      vertex 82.63903158772716 104.73060715273648 82.3
    endloop
  endfacet
  facet normal 0 0 1
    outer loop
      vertex 82.63903158772716 95.26939284726352 82.3
      vertex 82.38097182520195 104.30266309064903 82.3
      vertex 82.38097182520195 95.69733690935097 82.3
    endloop
  endfacet
  facet normal 0 0 1
    outer loop
      vertex 83.55351504358146 94.08346962260234 82.3
      vertex 83.90179627426618 93.72509670835908 82.3
      vertex 83.55351504358146 105.91653037739766 82.3
    endloop
  endfacet
  facet normal 0 0 1
    outer loop
      vertex 84.26996857797876 93.38719122440024 82.3
      vertex 83.90179627426618 106.27490329164092 82.3
      vertex 83.90179627426618 93.72509670835908 82.3
    endloop
  endfacet
  facet normal 0 0 1
    outer loop
      vertex 83.22626090690802 94.46114102917238 82.3
      vertex 82.9211012992192 105.14312095755913 82.3
      vertex 82.9211012992192 94.85687904244087 82.3
    endloop
  endfacet
  facet normal 0 0 1
    outer loop
      vertex 83.55351504358146 94.08346962260234 82.3
      vertex 83.22626090690802 105.53885897082762 82.3
      vertex 83.22626090690802 94.46114102917238 82.3
    endloop
  endfacet
  facet normal 0 0 1
    outer loop
      vertex 81.2642703406463 99.50047290495078 82.3
      vertex 81.2642703406463 100.49952709504922 82.3
      vertex 81.25 100 82.3
    endloop
  endfacet
  facet normal 0 0 1
    outer loop
      vertex 81.30703481570019 99.00257516345778 82.3
      vertex 81.30703481570019 100.99742483654222 82.3
      vertex 81.2642703406463 100.49952709504922 82.3
    endloop
  endfacet
  facet normal 0 0 1
    outer loop
      vertex 81.3781539363327 98.50793081446454 82.3
      vertex 81.3781539363327 101.49206918553546 82.3
      vertex 81.30703481570019 100.99742483654222 82.3
    endloop
  endfacet
  facet normal 0 0 1
    outer loop
      vertex 81.47739572675458 98.01815328502457 82.3
      vertex 81.47739572675458 101.98184671497543 82.3
      vertex 81.3781539363327 101.49206918553546 82.3
    endloop
  endfacet
  facet normal 0 0 1
    outer loop
      vertex 81.60443648087315 97.5348401276375 82.3
      vertex 81.60443648087315 102.4651598723625 82.3
      vertex 81.47739572675458 101.98184671497543 82.3
    endloop
  endfacet
  facet normal 0 0 1
    outer loop
      vertex 81.75886181815416 97.05956780936499 82.3
      vertex 81.75886181815416 102.94043219063501 82.3
      vertex 81.60443648087315 102.4651598723625 82.3
    endloop
  endfacet
  facet normal 0 0 1
    outer loop
      vertex 81.94016803524507 96.59388656972283 82.3
      vertex 81.94016803524507 103.40611343027717 82.3
      vertex 81.75886181815416 102.94043219063501 82.3
    endloop
  endfacet
  facet normal 0 0 1
    outer loop
      vertex 82.14776374895061 96.13931536412181 82.3
      vertex 82.14776374895061 103.86068463587819 82.3
      vertex 81.94016803524507 103.40611343027717 82.3
    endloop
  endfacet
  facet normal 0 0 1
    outer loop
      vertex 82.38097182520195 95.69733690935097 82.3
      vertex 82.38097182520195 104.30266309064903 82.3
      vertex 82.14776374895061 103.86068463587819 82.3
    endloop
  endfacet
  facet normal 0 0 1
    outer loop
      vertex 82.63903158772716 95.26939284726352 82.3
      vertex 82.63903158772716 104.73060715273648 82.3
      vertex 82.38097182520195 104.30266309064903 82.3
    endloop
  endfacet
  facet normal 0 0 1
    outer loop
      vertex 82.9211012992192 94.85687904244087 82.3
      vertex 82.9211012992192 105.14312095755913 82.3
      vertex 82.63903158772716 104.73060715273648 82.3
    endloop
  endfacet
  facet normal 0 0 1
    outer loop
      vertex 83.22626090690802 94.46114102917238 82.3
      vertex 83.22626090690802 105.53885897082762 82.3
      vertex 82.9211012992192 105.14312095755913 82.3
    endloop
  endfacet
  facet normal 0 0 1
    outer loop
      vertex 83.55351504358146 94.08346962260234 82.3
      vertex 83.55351504358146 105.91653037739766 82.3
      vertex 83.22626090690802 105.53885897082762 82.3
    endloop
  endfacet
  facet normal 0 0 1
    outer loop
      vertex 83.90179627426618 93.72509670835908 82.3
      vertex 83.90179627426618 106.27490329164092 82.3
      vertex 83.55351504358146 105.91653037739766 82.3
    endloop
  endfacet
  facet normal 0 0 1
    outer loop
      vertex 84.26996857797876 93.38719122440024 82.3
      vertex 84.26996857797876 106.61280877559976 82.3
      vertex 83.90179627426618 106.27490329164092 82.3
    endloop
  endfacet
  facet normal 0 0 1
    outer loop
      vertex 84.26996857797876 93.38719122440024 82.3
      vertex 84.65683105318992 93.07085534818009 82.3
      vertex 84.26996857797876 106.61280877559976 82.3
    endloop
  endfacet
  facet normal 0 0 1
    outer loop
      vertex 85.06112183491577 92.77712090157573 82.3
      vertex 84.65683105318992 106.92914465181991 82.3
      vertex 84.65683105318992 93.07085534818009 82.3
    endloop
  endfacet
  facet normal 0 0 1
    outer loop
      vertex 85.06112183491577 92.77712090157573 82.3
      vertex 85.48152221065908 92.5069459852986 82.3
      vertex 85.06112183491577 107.22287909842427 82.3
    endloop
  endfacet
  facet normal 0 0 1
    outer loop
      vertex 85.48152221065908 92.5069459852986 82.3
      vertex 85.91666092177536 92.26121185376913 82.3
      vertex 85.48152221065908 107.4930540147014 82.3
    endloop
  endfacet
  facet normal 0 0 1
    outer loop
      vertex 86.82543257818189 91.8461897443998 82.3
      vertex 87.29610129921922 91.67825548241741 82.3
      vertex 85.88945271792585 107.72342296686936 82.3
    endloop
  endfacet
  facet normal 0 0 1
    outer loop
      vertex 85.91666092177536 92.26121185376913 82.3
      vertex 86.36511863623349 92.04072004064797 82.3
      vertex 85.88945271792585 107.72342296686936 82.3
    endloop
  endfacet
  facet normal 0 0 1
    outer loop
      vertex 86.36511863623349 92.04072004064797 82.3
      vertex 86.82543257818189 91.8461897443998 82.3
      vertex 85.88945271792585 107.72342296686936 82.3
    endloop
  endfacet
  facet normal 0 0 1
    outer loop
      vertex 87.29610129921922 91.67825548241741 82.3
      vertex 87.77558957580699 91.53746502135787 82.3
      vertex 85.88945271792585 107.72342296686936 82.3
    endloop
  endfacet
  facet normal 0 0 1
    outer loop
      vertex 84.65683105318992 93.07085534818009 82.3
      vertex 84.65683105318992 106.92914465181991 82.3
      vertex 84.26996857797876 106.61280877559976 82.3
    endloop
  endfacet
  facet normal 0 0 1
    outer loop
      vertex 85.06112183491577 92.77712090157573 82.3
      vertex 85.06112183491577 107.22287909842427 82.3
      vertex 84.65683105318992 106.92914465181991 82.3
    endloop
  endfacet
  facet normal 0 0 1
    outer loop
      vertex 85.48152221065908 92.5069459852986 82.3
      vertex 85.48152221065908 107.4930540147014 82.3
      vertex 85.06112183491577 107.22287909842427 82.3
    endloop
  endfacet
  facet normal 0 0 1
    outer loop
      vertex 85.91666092177536 92.26121185376913 82.3
      vertex 85.8893602314299 107.72337073734306 82.3
      vertex 85.84797602296851 107.7 82.3
    endloop
  endfacet
  facet normal 0 0 1
    outer loop
      vertex 85.91666092177536 92.26121185376913 82.3
      vertex 85.88945271792585 107.72342296686936 82.3
      vertex 85.8893602314299 107.72337073734306 82.3
    endloop
  endfacet
  facet normal 0 0 1
    outer loop
      vertex 85.91666092177536 92.26121185376913 82.3
      vertex 85.84797602296851 107.7 82.3
      vertex 85.48152221065908 107.4930540147014 82.3
    endloop
  endfacet
  facet normal 0 0 1
    outer loop
      vertex 85.88945271792585 107.72342296686936 82.3
      vertex 87.77558957580699 91.53746502135787 82.3
      vertex 87.79740977092237 107.69872849710504 82.3
    endloop
  endfacet
  facet normal 0 0 1
    outer loop
      vertex 88.26233341684973 91.42427759044156 82.3
      vertex 88.75474516510876 91.33906238354184 82.3
      vertex 88.34901965729019 99.28287803827676 82.3
    endloop
  endfacet
  facet normal 0 0 1
    outer loop
      vertex 88.75474516510876 91.33906238354184 82.3
      vertex 89.25121867581015 91.28209735495145 82.3
      vertex 88.60371967673204 98.86404170021311 82.3
    endloop
  endfacet
  facet normal 0 0 1
    outer loop
      vertex 89.25121867581015 91.28209735495145 82.3
      vertex 88.96197542019324 98.5294541925812 82.3
      vertex 88.60371967673204 98.86404170021311 82.3
    endloop
  endfacet
  facet normal 0 0 1
    outer loop
      vertex 89.25121867581015 91.28209735495145 82.3
      vertex 89.75013455555516 91.25356831275334 82.3
      vertex 89.39721669809222 98.30393034018613 82.3
    endloop
  endfacet
  facet normal 0 0 1
    outer loop
      vertex 89.75013455555516 91.25356831275334 82.3
      vertex 90.24986544444484 91.25356831275334 82.3
      vertex 89.87716365594359 98.20419621545703 82.3
    endloop
  endfacet
  facet normal 0 0 1
    outer loop
      vertex 90.24986544444484 91.25356831275334 82.3
      vertex 90.74878132418985 91.28209735495145 82.3
      vertex 89.87716365594359 98.20419621545703 82.3
    endloop
  endfacet
  facet normal 0 0 1
    outer loop
      vertex 89.25121867581015 91.28209735495145 82.3
      vertex 89.39721669809222 98.30393034018613 82.3
      vertex 88.96197542019324 98.5294541925812 82.3
    endloop
  endfacet
  facet normal 0 0 1
    outer loop
      vertex 89.75013455555516 91.25356831275334 82.3
      vertex 89.87716365594359 98.20419621545703 82.3
      vertex 89.39721669809222 98.30393034018613 82.3
    endloop
  endfacet
  facet normal 0 0 1
    outer loop
      vertex 90.74878132418985 91.28209735495145 82.3
      vertex 90.36622082349474 98.23764864217182 82.3
      vertex 89.87716365594359 98.20419621545703 82.3
    endloop
  endfacet
  facet normal 0 0 1
    outer loop
      vertex 90.74878132418985 91.28209735495145 82.3
      vertex 91.24525483489124 91.33906238354184 82.3
      vertex 90.36622082349474 98.23764864217182 82.3
    endloop
  endfacet
  facet normal 0 0 1
    outer loop
      vertex 91.24525483489124 91.33906238354184 82.3
      vertex 91.73766658315027 91.42427759044156 82.3
      vertex 91.22859565779358 98.68449526429937 82.3
    endloop
  endfacet
  facet normal 0 0 1
    outer loop
      vertex 91.73766658315027 91.42427759044156 82.3
      vertex 92.22441042419301 91.53746502135787 82.3
      vertex 91.73325111722603 99.51436581191736 82.3
    endloop
  endfacet
  facet normal 0 0 1
    outer loop
      vertex 91.24525483489124 91.33906238354184 82.3
      vertex 90.82811706791607 98.40180660687572 82.3
      vertex 90.36622082349474 98.23764864217182 82.3
    endloop
  endfacet
  facet normal 0 0 1
    outer loop
      vertex 91.24525483489124 91.33906238354184 82.3
      vertex 91.22859565779358 98.68449526429937 82.3
      vertex 90.82811706791607 98.40180660687572 82.3
    endloop
  endfacet
  facet normal 0 0 1
    outer loop
      vertex 87.77558957580699 91.53746502135787 82.3
      vertex 88.26233341684973 91.42427759044156 82.3
      vertex 87.79740977092237 107.69872849710504 82.3
    endloop
  endfacet
  facet normal 0 0 1
    outer loop
      vertex 88.26233341684973 91.42427759044156 82.3
      vertex 88.34901965729019 99.28287803827676 82.3
      vertex 88.2167652971346 99.75490003162676 82.3
    endloop
  endfacet
  facet normal 0 0 1
    outer loop
      vertex 88.75474516510876 91.33906238354184 82.3
      vertex 88.60371967673204 98.86404170021311 82.3
      vertex 88.34901965729019 99.28287803827676 82.3
    endloop
  endfacet
  facet normal 0 0 1
    outer loop
      vertex 88.26233341684973 91.42427759044156 82.3
      vertex 88.2167652971346 99.75490003162676 82.3
      vertex 87.79740977092237 107.69872849710504 82.3
    endloop
  endfacet
  facet normal 0 0 1
    outer loop
      vertex 87.79740977092237 107.69872849710504 82.3
      vertex 88.2167652971346 99.75490003162676 82.3
      vertex 88.2167652971346 100.24509996837324 82.3
    endloop
  endfacet
  facet normal 0 0 1
    outer loop
      vertex 87.79740977092237 107.69872849710504 82.3
      vertex 88.2167652971346 100.24509996837324 82.3
      vertex 88.34901965729019 100.71712196172324 82.3
    endloop
  endfacet
  facet normal 0 0 1
    outer loop
      vertex 91.73766658315027 91.42427759044156 82.3
      vertex 91.53795492818368 99.06474888993623 82.3
      vertex 91.22859565779358 98.68449526429937 82.3
    endloop
  endfacet
  facet normal 0 0 1
    outer loop
      vertex 91.73766658315027 91.42427759044156 82.3
      vertex 91.73325111722603 99.51436581191736 82.3
      vertex 91.53795492818368 99.06474888993623 82.3
    endloop
  endfacet
  facet normal 0 0 1
    outer loop
      vertex 92.22441042419301 91.53746502135787 82.3
      vertex 91.8 100 82.3
      vertex 91.73325111722603 99.51436581191736 82.3
    endloop
  endfacet
  facet normal 0 0 1
    outer loop
      vertex 92.22441042419301 91.53746502135787 82.3
      vertex 91.78450192093112 106.93627169095498 82.3
      vertex 91.8 100 82.3
    endloop
  endfacet
  facet normal 0 0 1
    outer loop
      vertex 92.22441042419301 91.53746502135787 82.3
      vertex 92.70389870078078 91.67825548241741 82.3
      vertex 92.22441042419301 106.79602575586638 82.3
    endloop
  endfacet
  facet normal 0 0 1
    outer loop
      vertex 92.70389870078078 91.67825548241741 82.3
      vertex 93.17456742181811 91.8461897443998 82.3
      vertex 92.70389870078078 106.35347640903204 82.3
    endloop
  endfacet
  facet normal 0 0 1
    outer loop
      vertex 93.17456742181811 91.8461897443998 82.3
      vertex 93.63488136376651 92.04072004064797 82.3
      vertex 93.17456742181811 106.06206154969219 82.3
    endloop
  endfacet
  facet normal 0 0 1
    outer loop
      vertex 91.24525483489124 107.04510160363624 82.3
      vertex 91.22859565779358 101.31550473570063 82.3
      vertex 91.53795492818368 100.93525111006377 82.3
    endloop
  endfacet
  facet normal 0 0 1
    outer loop
      vertex 92.22441042419301 91.53746502135787 82.3
      vertex 92.22441042419301 106.79602575586638 82.3
      vertex 91.78450192093112 106.93627169095498 82.3
    endloop
  endfacet
  facet normal 0 0 1
    outer loop
      vertex 91.78450192093112 106.93627169095498 82.3
      vertex 91.73325111722603 100.48563418808264 82.3
      vertex 91.8 100 82.3
    endloop
  endfacet
  facet normal 0 0 1
    outer loop
      vertex 91.2919005674824 107.02812394541752 82.3
      vertex 91.53795492818368 100.93525111006377 82.3
      vertex 91.73325111722603 100.48563418808264 82.3
    endloop
  endfacet
  facet normal 0 0 1
    outer loop
      vertex 93.63488136376651 92.04072004064797 82.3
      vertex 93.23551087673518 106.02051100567311 82.3
      vertex 93.17456742181811 106.06206154969219 82.3
    endloop
  endfacet
  facet normal 0 0 1
    outer loop
      vertex 93.63488136376651 92.04072004064797 82.3
      vertex 93.63488136376651 105.74053497050467 82.3
      vertex 93.23551087673518 106.02051100567311 82.3
    endloop
  endfacet
  facet normal 0 0 1
    outer loop
      vertex 92.70389870078078 91.67825548241741 82.3
      vertex 92.70389870078078 106.35347640903204 82.3
      vertex 92.2404340414143 107.90163519628138 82.3
    endloop
  endfacet
  facet normal 0 0 1
    outer loop
      vertex 92.70389870078078 91.67825548241741 82.3
      vertex 92.2404340414143 107.90163519628138 82.3
      vertex 92.22441042419301 106.79602575586638 82.3
    endloop
  endfacet
  facet normal 0 0 1
    outer loop
      vertex 93.17456742181811 91.8461897443998 82.3
      vertex 92.7611266441413 106.31850514081914 82.3
      vertex 92.70389870078078 106.35347640903204 82.3
    endloop
  endfacet
  facet normal 0 0 1
    outer loop
      vertex 93.17456742181811 91.8461897443998 82.3
      vertex 93.17456742181811 106.06206154969219 82.3
      vertex 92.7611266441413 106.31850514081914 82.3
    endloop
  endfacet
  facet normal 0 0 1
    outer loop
      vertex 88.26233341684973 108.05806985997961 82.3
      vertex 88.34901965729019 100.71712196172324 82.3
      vertex 88.60371967673204 101.13595829978689 82.3
    endloop
  endfacet
  facet normal 0 0 1
    outer loop
      vertex 88.26233341684973 108.05806985997961 82.3
      vertex 88.60371967673204 101.13595829978689 82.3
      vertex 88.96197542019324 101.4705458074188 82.3
    endloop
  endfacet
  facet normal 0 0 1
    outer loop
      vertex 88.26233341684973 108.05806985997961 82.3
      vertex 88.96197542019324 101.4705458074188 82.3
      vertex 89.39721669809222 101.69606965981387 82.3
    endloop
  endfacet
  facet normal 0 0 1
    outer loop
      vertex 87.79740977092237 107.69872849710504 82.3
      vertex 88.34901965729019 100.71712196172324 82.3
      vertex 88.26233341684973 108.05806985997961 82.3
    endloop
  endfacet
  facet normal 0 0 1
    outer loop
      vertex 88.26233341684973 108.05806985997961 82.3
      vertex 89.39721669809222 101.69606965981387 82.3
      vertex 89.25121867581015 108.33119836528574 82.3
    endloop
  endfacet
  facet normal 0 0 1
    outer loop
      vertex 89.25121867581015 108.33119836528574 82.3
      vertex 89.39721669809222 101.69606965981387 82.3
      vertex 89.87716365594359 101.79580378454297 82.3
    endloop
  endfacet
  facet normal 0 0 1
    outer loop
      vertex 89.78644189081618 107.47550913806445 82.3
      vertex 89.87716365594359 101.79580378454297 82.3
      vertex 90.36622082349474 101.76235135782818 82.3
    endloop
  endfacet
  facet normal 0 0 1
    outer loop
      vertex 90.26484394966202 108.22211559804029 82.3
      vertex 90.36622082349474 101.76235135782818 82.3
      vertex 90.82811706791607 101.59819339312428 82.3
    endloop
  endfacet
  facet normal 0 0 1
    outer loop
      vertex 89.78644189081618 107.47550913806445 82.3
      vertex 89.75013455555516 107.48284882423296 82.3
      vertex 89.87716365594359 101.79580378454297 82.3
    endloop
  endfacet
  facet normal 0 0 1
    outer loop
      vertex 89.75013455555516 107.48284882423296 82.3
      vertex 89.25121867581015 108.33119836528574 82.3
      vertex 89.87716365594359 101.79580378454297 82.3
    endloop
  endfacet
  facet normal 0 0 1
    outer loop
      vertex 90.26484394966202 108.22211559804029 82.3
      vertex 90.82811706791607 101.59819339312428 82.3
      vertex 90.74878132418985 107.21862726314289 82.3
    endloop
  endfacet
  facet normal 0 0 1
    outer loop
      vertex 89.78644189081618 107.47550913806445 82.3
      vertex 90.36622082349474 101.76235135782818 82.3
      vertex 90.18512473187376 108.74643168724666 82.3
    endloop
  endfacet
  facet normal 0 0 1
    outer loop
      vertex 90.26484394966202 108.22211559804029 82.3
      vertex 90.18512473187376 108.74643168724666 82.3
      vertex 90.36622082349474 101.76235135782818 82.3
    endloop
  endfacet
  facet normal 0 0 1
    outer loop
      vertex 88.26233341684973 108.05806985997961 82.3
      vertex 89.25121867581015 108.33119836528574 82.3
      vertex 88.80639511816669 108.66686389648966 82.3
    endloop
  endfacet
  facet normal 0 0 1
    outer loop
      vertex 88.80639511816669 108.66686389648966 82.3
      vertex 89.25121867581015 108.33119836528574 82.3
      vertex 89.1290893486876 108.7038896101911 82.3
    endloop
  endfacet
  facet normal 0 0 1
    outer loop
      vertex 89.75013455555516 107.48284882423296 82.3
      vertex 89.7050001201305 108.7438508068516 82.3
      vertex 89.25121867581015 108.33119836528574 82.3
    endloop
  endfacet
  facet normal 0 0 1
    outer loop
      vertex 90.26484394966202 108.22211559804029 82.3
      vertex 90.74878132418985 107.21862726314289 82.3
      vertex 90.57959366934999 108.7275771451803 82.3
    endloop
  endfacet
  facet normal 0 0 1
    outer loop
      vertex 89.25121867581015 108.33119836528574 82.3
      vertex 89.7050001201305 108.7438508068516 82.3
      vertex 89.42841841525293 108.72803529275389 82.3
    endloop
  endfacet
  facet normal 0 0 1
    outer loop
      vertex 89.78644189081618 107.47550913806445 82.3
      vertex 90.18512473187376 108.74643168724666 82.3
      vertex 89.9569318756311 108.74643168724666 82.3
    endloop
  endfacet
  facet normal 0 0 1
    outer loop
      vertex 90.26484394966202 108.22211559804029 82.3
      vertex 90.57959366934999 108.7275771451803 82.3
      vertex 90.31541693954776 108.74268331713887 82.3
    endloop
  endfacet
  facet normal 0 0 1
    outer loop
      vertex 90.74878132418985 107.21862726314289 82.3
      vertex 90.82811706791607 101.59819339312428 82.3
      vertex 91.22859565779358 101.31550473570063 82.3
    endloop
  endfacet
  facet normal 0 0 1
    outer loop
      vertex 90.79199295441073 107.2052982404612 82.3
      vertex 90.74878132418985 107.21862726314289 82.3
      vertex 91.22859565779358 101.31550473570063 82.3
    endloop
  endfacet
  facet normal 0 0 1
    outer loop
      vertex 90.79199295441073 107.2052982404612 82.3
      vertex 91.22859565779358 101.31550473570063 82.3
      vertex 91.24525483489124 107.04510160363624 82.3
    endloop
  endfacet
  facet normal 0 0 1
    outer loop
      vertex 91.2919005674824 107.02812394541752 82.3
      vertex 91.24525483489124 107.04510160363624 82.3
      vertex 91.53795492818368 100.93525111006377 82.3
    endloop
  endfacet
  facet normal 0 0 1
    outer loop
      vertex 91.2919005674824 107.02812394541752 82.3
      vertex 91.73325111722603 100.48563418808264 82.3
      vertex 91.47423484037192 108.62131106690502 82.3
    endloop
  endfacet
  facet normal 0 0 1
    outer loop
      vertex 91.78450192093112 106.93627169095498 82.3
      vertex 91.47423484037192 108.62131106690502 82.3
      vertex 91.73325111722603 100.48563418808264 82.3
    endloop
  endfacet
  facet normal 0 0 1
    outer loop
      vertex 90.79199295441073 107.2052982404612 82.3
      vertex 91.07328200612166 108.68066966035671 82.3
      vertex 90.80120787977556 108.71188725817802 82.3
    endloop
  endfacet
  facet normal 0 0 1
    outer loop
      vertex 90.79199295441073 107.2052982404612 82.3
      vertex 91.24525483489124 107.04510160363624 82.3
      vertex 91.07328200612166 108.68066966035671 82.3
    endloop
  endfacet
  facet normal 0 0 1
    outer loop
      vertex 91.2919005674824 107.02812394541752 82.3
      vertex 91.47423484037192 108.62131106690502 82.3
      vertex 91.283578823616 108.65430538918099 82.3
    endloop
  endfacet
  facet normal 0 0 1
    outer loop
      vertex 91.78450192093112 106.93627169095498 82.3
      vertex 92.22441042419301 106.79602575586638 82.3
      vertex 91.94281515428595 108.5280171531894 82.3
    endloop
  endfacet
  facet normal 0 0 1
    outer loop
      vertex 91.78450192093112 106.93627169095498 82.3
      vertex 91.94281515428595 108.5280171531894 82.3
      vertex 91.76139185311459 108.5702053343977 82.3
    endloop
  endfacet
  facet normal 0 0 1
    outer loop
      vertex 92.70389870078078 106.35347640903204 82.3
      vertex 92.69867569416552 108.32327813069762 82.3
      vertex 92.2404340414143 107.90163519628138 82.3
    endloop
  endfacet
  facet normal 0 0 1
    outer loop
      vertex 92.2404340414143 107.90163519628138 82.3
      vertex 92.69867569416552 108.32327813069762 82.3
      vertex 92.23348417665389 108.45987068452925 82.3
    endloop
  endfacet
  facet normal 0 0 1
    outer loop
      vertex 92.7611266441413 106.31850514081914 82.3
      vertex 93.15575778173441 108.160521521687 82.3
      vertex 92.86307674543517 108.26494990545302 82.3
    endloop
  endfacet
  facet normal 0 0 1
    outer loop
      vertex 92.7611266441413 106.31850514081914 82.3
      vertex 93.17456742181811 106.06206154969219 82.3
      vertex 93.15575778173441 108.160521521687 82.3
    endloop
  endfacet
  facet normal 0 0 1
    outer loop
      vertex 93.23551087673518 106.02051100567311 82.3
      vertex 93.63488136376651 105.74053497050467 82.3
      vertex 93.60352673413317 107.972530536481 82.3
    endloop
  endfacet
  facet normal 0 0 1
    outer loop
      vertex 93.23551087673518 106.02051100567311 82.3
      vertex 93.60352673413317 107.972530536481 82.3
      vertex 93.31224523600225 108.09562712548106 82.3
    endloop
  endfacet
  facet normal 0 0 1
    outer loop
      vertex 93.63488136376651 92.04072004064797 82.3
      vertex 94.08333907822464 92.26121185376913 82.3
      vertex 93.63488136376651 105.74053497050467 82.3
    endloop
  endfacet
  facet normal 0 0 1
    outer loop
      vertex 94.08333907822464 92.26121185376913 82.3
      vertex 94.51847778934092 92.5069459852986 82.3
      vertex 94.08333907822464 105.3884170054278 82.3
    endloop
  endfacet
  facet normal 0 0 1
    outer loop
      vertex 94.51847778934092 92.5069459852986 82.3
      vertex 94.93887816508423 92.77712090157573 82.3
      vertex 94.51847778934092 105.00509526830466 82.3
    endloop
  endfacet
  facet normal 0 0 1
    outer loop
      vertex 94.93887816508423 92.77712090157573 82.3
      vertex 95.34316894681008 93.07085534818009 82.3
      vertex 94.93887816508423 104.58974663943869 82.3
    endloop
  endfacet
  facet normal 0 0 1
    outer loop
      vertex 95.34316894681008 93.07085534818009 82.3
      vertex 95.73003142202124 93.38719122440024 82.3
      vertex 95.34316894681008 104.31083029484837 82.3
    endloop
  endfacet
  facet normal 0 0 1
    outer loop
      vertex 95.73003142202124 93.38719122440024 82.3
      vertex 96.09820372573382 93.72509670835908 82.3
      vertex 95.73003142202124 105.35763740622319 82.3
    endloop
  endfacet
  facet normal 0 0 1
    outer loop
      vertex 96.09820372573382 93.72509670835908 82.3
      vertex 96.44648495641854 94.08346962260232 82.3
      vertex 96.09820372573381 105.6108428052301 82.3
    endloop
  endfacet
  facet normal 0 0 1
    outer loop
      vertex 96.44648495641854 94.08346962260232 82.3
      vertex 96.77373909309198 94.46114102917238 82.3
      vertex 96.44648495641854 103.21475380346939 82.3
    endloop
  endfacet
  facet normal 0 0 1
    outer loop
      vertex 94.08333907822464 92.26121185376913 82.3
      vertex 93.69966773168593 105.69146120381687 82.3
      vertex 93.63488136376651 105.74053497050467 82.3
    endloop
  endfacet
  facet normal 0 0 1
    outer loop
      vertex 94.08333907822464 92.26121185376913 82.3
      vertex 94.08333907822464 105.3884170054278 82.3
      vertex 93.69966773168593 105.69146120381687 82.3
    endloop
  endfacet
  facet normal 0 0 1
    outer loop
      vertex 94.51847778934092 92.5069459852986 82.3
      vertex 94.51847778934092 105.00509526830466 82.3
      vertex 94.15213284347534 105.33069218237864 82.3
    endloop
  endfacet
  facet normal 0 0 1
    outer loop
      vertex 94.51847778934092 92.5069459852986 82.3
      vertex 94.15213284347534 105.33069218237864 82.3
      vertex 94.08333907822464 105.3884170054278 82.3
    endloop
  endfacet
  facet normal 0 0 1
    outer loop
      vertex 94.93887816508423 92.77712090157573 82.3
      vertex 94.59148833783698 104.93735137927705 82.3
      vertex 94.51847778934092 105.00509526830466 82.3
    endloop
  endfacet
  facet normal 0 0 1
    outer loop
      vertex 94.93887816508423 92.77712090157573 82.3
      vertex 94.93887816508423 104.58974663943869 82.3
      vertex 94.59148833783698 104.93735137927705 82.3
    endloop
  endfacet
  facet normal 0 0 1
    outer loop
      vertex 95.34316894681008 93.07085534818009 82.3
      vertex 95.01637037631357 104.51029779964968 82.3
      vertex 94.93887816508423 104.58974663943869 82.3
    endloop
  endfacet
  facet normal 0 0 1
    outer loop
      vertex 95.34316894681008 93.07085534818009 82.3
      vertex 95.34316894681008 104.31083029484837 82.3
      vertex 95.01637037631357 104.51029779964968 82.3
    endloop
  endfacet
  facet normal 0 0 1
    outer loop
      vertex 95.73003142202124 93.38719122440024 82.3
      vertex 95.38024193361576 105.63142080185531 82.3
      vertex 95.34316894681008 104.31083029484837 82.3
    endloop
  endfacet
  facet normal 0 0 1
    outer loop
      vertex 96.77373909309198 94.46114102917238 82.3
      vertex 96.51161010790909 103.63685264965395 82.3
      vertex 96.44648495641854 103.21475380346939 82.3
    endloop
  endfacet
  facet normal 0 0 1
    outer loop
      vertex 96.77373909309198 94.46114102917238 82.3
      vertex 96.77373909309198 103.26420614643816 82.3
      vertex 96.51161010790909 103.63685264965395 82.3
    endloop
  endfacet
  facet normal 0 0 1
    outer loop
      vertex 96.44648495641854 94.08346962260232 82.3
      vertex 96.44648495641854 103.21475380346939 82.3
      vertex 96.09820372573381 105.6108428052301 82.3
    endloop
  endfacet
  facet normal 0 0 1
    outer loop
      vertex 95.73003142202124 93.38719122440024 82.3
      vertex 95.73003142202124 105.35763740622319 82.3
      vertex 95.38024193361576 105.63142080185531 82.3
    endloop
  endfacet
  facet normal 0 0 1
    outer loop
      vertex 96.09820372573382 93.72509670835908 82.3
      vertex 96.09820372573381 105.6108428052301 82.3
      vertex 95.73003142202124 105.35763740622319 82.3
    endloop
  endfacet
  facet normal 0 0 1
    outer loop
      vertex 96.77373909309198 94.46114102917238 82.3
      vertex 97.0788987007808 94.85687904244087 82.3
      vertex 96.77373909309198 103.26420614643816 82.3
    endloop
  endfacet
  facet normal 0 0 1
    outer loop
      vertex 97.0788987007808 94.85687904244087 82.3
      vertex 97.36096841227284 95.26939284726352 82.3
      vertex 97.0788987007808 102.0136787469874 82.3
    endloop
  endfacet
  facet normal 0 0 1
    outer loop
      vertex 97.36096841227284 95.26939284726352 82.3
      vertex 97.61902817479805 95.69733690935097 82.3
      vertex 97.47877254591836 100.60692446546003 82.3
    endloop
  endfacet
  facet normal 0 0 1
    outer loop
      vertex 97.61902817479805 95.69733690935097 82.3
      vertex 97.7 95.85079558350154 82.3
      vertex 97.72362970403667 100.64113185370734 82.3
    endloop
  endfacet
  facet normal 0 0 1
    outer loop
      vertex 97.7 95.85079558350154 82.3
      vertex 97.72096548980917 95.89052960531725 82.3
      vertex 97.72362970403667 100.64113185370734 82.3
    endloop
  endfacet
  facet normal 0 0 1
    outer loop
      vertex 97.61902817479805 95.69733690935097 82.3
      vertex 97.72362970403667 100.64113185370734 82.3
      vertex 97.61902817479805 102.37601898651985 82.3
    endloop
  endfacet
  facet normal 0 0 1
    outer loop
      vertex 97.61902817479805 95.69733690935097 82.3
      vertex 97.61902817479805 102.37601898651985 82.3
      vertex 97.47877254591836 100.60692446546003 82.3
    endloop
  endfacet
  facet normal 0 0 1
    outer loop
      vertex 97.0788987007808 94.85687904244087 82.3
      vertex 97.0788987007808 102.0136787469874 82.3
      vertex 96.77373909309198 103.26420614643816 82.3
    endloop
  endfacet
  facet normal 0 0 1
    outer loop
      vertex 97.36096841227284 95.26939284726352 82.3
      vertex 97.15373822815859 102.52339570835541 82.3
      vertex 97.0788987007808 102.0136787469874 82.3
    endloop
  endfacet
  facet normal 0 0 1
    outer loop
      vertex 97.36096841227284 95.26939284726352 82.3
      vertex 97.47877254591836 100.60692446546003 82.3
      vertex 97.36096841227284 103.28717645637 82.3
    endloop
  endfacet
  facet normal 0 0 1
    outer loop
      vertex 97.36096841227284 95.26939284726352 82.3
      vertex 97.36096841227284 103.28717645637 82.3
      vertex 97.15373822815859 102.52339570835541 82.3
    endloop
  endfacet
  facet normal 0 0 1
    outer loop
      vertex 97.47877254591836 100.60692446546003 82.3
      vertex 97.61902817479805 102.37601898651985 82.3
      vertex 97.37898404995589 104.70073157238356 82.3
    endloop
  endfacet
  facet normal 0 0 1
    outer loop
      vertex 97.72362970403667 100.64113185370734 82.3
      vertex 97.68352864599389 104.18042110379604 82.3
      vertex 97.61902817479805 102.37601898651985 82.3
    endloop
  endfacet
  facet normal 0 0 1
    outer loop
      vertex 93.69966773168593 105.69146120381687 82.3
      vertex 94.08333907822464 105.3884170054278 82.3
      vertex 94.04078572560205 107.75971022109245 82.3
    endloop
  endfacet
  facet normal 0 0 1
    outer loop
      vertex 94.51847778934092 105.00509526830466 82.3
      vertex 94.46634117670267 107.52249691394307 82.3
      vertex 94.15213284347534 105.33069218237864 82.3
    endloop
  endfacet
  facet normal 0 0 1
    outer loop
      vertex 94.93887816508423 104.58974663943869 82.3
      vertex 94.87900524395482 107.26135708842322 82.3
      vertex 94.59148833783698 104.93735137927705 82.3
    endloop
  endfacet
  facet normal 0 0 1
    outer loop
      vertex 95.01637037631357 104.51029779964968 82.3
      vertex 95.34316894681008 104.31083029484837 82.3
      vertex 95.12055892282659 107.0908803014042 82.3
    endloop
  endfacet
  facet normal 0 0 1
    outer loop
      vertex 94.59148833783698 104.93735137927705 82.3
      vertex 94.87900524395482 107.26135708842322 82.3
      vertex 94.60090986627733 107.44007813558743 82.3
    endloop
  endfacet
  facet normal 0 0 1
    outer loop
      vertex 95.01637037631357 104.51029779964968 82.3
      vertex 95.12055892282659 107.0908803014042 82.3
      vertex 95.00672775633426 107.17358348487335 82.3
    endloop
  endfacet
  facet normal 0 0 1
    outer loop
      vertex 96.77373909309198 103.26420614643816 82.3
      vertex 96.64499240118458 105.68744057385386 82.3
      vertex 96.51161010790909 103.63685264965395 82.3
    endloop
  endfacet
  facet normal 0 0 1
    outer loop
      vertex 95.38024193361576 105.63142080185531 82.3
      vertex 95.73003142202124 105.35763740622319 82.3
      vertex 95.50624729290288 106.79579614993783 82.3
    endloop
  endfacet
  facet normal 0 0 1
    outer loop
      vertex 95.38024193361576 105.63142080185531 82.3
      vertex 95.50624729290288 106.79579614993783 82.3
      vertex 95.39863714788993 106.88378852886854 82.3
    endloop
  endfacet
  facet normal 0 0 1
    outer loop
      vertex 95.73003142202124 105.35763740622319 82.3
      vertex 96.09820372573381 105.6108428052301 82.3
      vertex 95.87688319325818 106.47802943905094 82.3
    endloop
  endfacet
  facet normal 0 0 1
    outer loop
      vertex 95.73003142202124 105.35763740622319 82.3
      vertex 95.87688319325818 106.47802943905094 82.3
      vertex 95.77542711306806 106.57114498721008 82.3
    endloop
  endfacet
  facet normal 0 0 1
    outer loop
      vertex 96.44648495641854 103.21475380346939 82.3
      vertex 96.31363989955715 106.05322470937942 82.3
      vertex 96.09820372573381 105.6108428052301 82.3
    endloop
  endfacet
  facet normal 0 0 1
    outer loop
      vertex 96.51161010790909 103.63685264965395 82.3
      vertex 96.64499240118458 105.68744057385386 82.3
      vertex 96.56808967120024 105.77619105535271 82.3
    endloop
  endfacet
  facet normal 0 0 1
    outer loop
      vertex 96.09820372573381 105.6108428052301 82.3
      vertex 96.31363989955715 106.05322470937942 82.3
      vertex 96.13589387866872 106.23612104110447 82.3
    endloop
  endfacet
  facet normal 0 0 1
    outer loop
      vertex 93.69966773168593 105.69146120381687 82.3
      vertex 94.04078572560205 107.75971022109245 82.3
      vertex 93.75243567611291 107.90148239531462 82.3
    endloop
  endfacet
  facet normal 0 0 1
    outer loop
      vertex 94.15213284347534 105.33069218237864 82.3
      vertex 94.46634117670267 107.52249691394307 82.3
      vertex 94.18240298638504 107.68284418441864 82.3
    endloop
  endfacet
  facet normal 0 0 1
    outer loop
      vertex 97.0788987007808 102.0136787469874 82.3
      vertex 97.01675488434029 105.2237104911522 82.3
      vertex 96.77373909309198 103.26420614643816 82.3
    endloop
  endfacet
  facet normal 0 0 1
    outer loop
      vertex 97.15373822815859 102.52339570835541 82.3
      vertex 97.36096841227284 103.28717645637 82.3
      vertex 97.25022599365028 104.8925627778889 82.3
    endloop
  endfacet
  facet normal 0 0 1
    outer loop
      vertex 97.61902817479805 102.37601898651985 82.3
      vertex 97.68352864599389 104.18042110379604 82.3
      vertex 97.63729130448806 104.2680506108009 82.3
    endloop
  endfacet
  facet normal 0 0 1
    outer loop
      vertex 97.61902817479805 102.37601898651985 82.3
      vertex 97.60927119323371 104.31884322769751 82.3
      vertex 97.37898404995589 104.70073157238356 82.3
    endloop
  endfacet
  facet normal 0 0 1
    outer loop
      vertex 96.77373909309198 103.26420614643816 82.3
      vertex 97.01675488434029 105.2237104911522 82.3
      vertex 96.88621267012515 105.39300064358237 82.3
    endloop
  endfacet
  facet normal 0 0 1
    outer loop
      vertex 97.36096841227284 103.28717645637 82.3
      vertex 97.34716351059625 104.7507961779448 82.3
      vertex 97.25022599365028 104.8925627778889 82.3
    endloop
  endfacet
  facet normal -0.8254718969627711 -0.5644432188667735 0
    outer loop
      vertex 82.63903158772716 -104.73060715273648 2.299999999999997
      vertex 82.9211012992192 -105.14312095755913 2.299999999999997
      vertex 82.63903158772716 -104.73060715273648 82.3
    endloop
  endfacet
  facet normal -0.9096319953545255 -0.4154150130018704 0
    outer loop
      vertex 81.94016803524507 -103.40611343027717 2.299999999999997
      vertex 82.14776374895061 -103.86068463587819 2.299999999999997
      vertex 81.94016803524507 -103.40611343027717 82.3
    endloop
  endfacet
  facet normal -0.8844329309978076 -0.4666673232256866 0
    outer loop
      vertex 82.38097182520195 -104.30266309064903 2.299999999999997
      vertex 82.14776374895061 -103.86068463587819 82.3
      vertex 82.14776374895061 -103.86068463587819 2.299999999999997
    endloop
  endfacet
  facet normal -0.8563490302515976 -0.5163974616389475 0
    outer loop
      vertex 82.38097182520195 -104.30266309064903 2.299999999999997
      vertex 82.63903158772716 -104.73060715273648 2.299999999999997
      vertex 82.38097182520195 -104.30266309064903 82.3
    endloop
  endfacet
  facet normal -0.7919022459222785 -0.6106478796354337 0
    outer loop
      vertex 82.9211012992192 -105.14312095755913 2.299999999999997
      vertex 83.22626090690802 -105.53885897082762 2.299999999999997
      vertex 82.9211012992192 -105.14312095755913 82.3
    endloop
  endfacet
  facet normal -0.755749574354247 -0.6548607339452981 0
    outer loop
      vertex 83.55351504358146 -105.91653037739766 2.299999999999997
      vertex 83.22626090690802 -105.53885897082762 82.3
      vertex 83.22626090690802 -105.53885897082762 2.299999999999997
    endloop
  endfacet
  facet normal -0.7171318047589705 -0.6969375686552861 0
    outer loop
      vertex 83.55351504358146 -105.91653037739766 2.299999999999997
      vertex 83.90179627426618 -106.27490329164092 2.299999999999997
      vertex 83.55351504358146 -105.91653037739766 82.3
    endloop
  endfacet
  facet normal -0.6761749002740153 -0.7367411378764087 0
    outer loop
      vertex 84.26996857797876 -106.61280877559976 2.299999999999997
      vertex 83.90179627426618 -106.27490329164092 82.3
      vertex 83.90179627426618 -106.27490329164092 2.299999999999997
    endloop
  endfacet
  facet normal -0.6330124538088758 -0.7741416106390779 0
    outer loop
      vertex 84.26996857797876 -106.61280877559976 2.299999999999997
      vertex 84.65683105318992 -106.92914465181991 2.299999999999997
      vertex 84.26996857797876 -106.61280877559976 82.3
    endloop
  endfacet
  facet normal -0.5877852522924731 -0.8090169943749475 0
    outer loop
      vertex 84.65683105318992 -106.92914465181991 2.299999999999997
      vertex 85.06112183491577 -107.22287909842427 2.299999999999997
      vertex 84.65683105318992 -106.92914465181991 82.3
    endloop
  endfacet
  facet normal -0.49173292464560003 -0.8707460771197792 0
    outer loop
      vertex 85.48152221065908 -107.4930540147014 2.299999999999997
      vertex 85.84797602296851 -107.7 2.299999999999997
      vertex 85.84797602296851 -107.7 82.3
    endloop
  endfacet
  facet normal -0.5406408174555932 -0.841253532831184 0
    outer loop
      vertex 85.06112183491577 -107.22287909842427 2.299999999999997
      vertex 85.48152221065908 -107.4930540147014 2.299999999999997
      vertex 85.06112183491577 -107.22287909842427 82.3
    endloop
  endfacet
  facet normal -0.9318640292114507 -0.362807705350645 0
    outer loop
      vertex 81.94016803524507 -103.40611343027717 2.299999999999997
      vertex 81.75886181815416 -102.94043219063501 82.3
      vertex 81.75886181815416 -102.94043219063501 2.299999999999997
    endloop
  endfacet
  facet normal -0.9510565162951529 -0.3090169943749498 0
    outer loop
      vertex 81.60443648087315 -102.4651598723625 2.299999999999997
      vertex 81.75886181815416 -102.94043219063501 2.299999999999997
      vertex 81.60443648087315 -102.4651598723625 82.3
    endloop
  endfacet
  facet normal -0.9671468547019565 -0.2542183341934891 0
    outer loop
      vertex 81.60443648087315 -102.4651598723625 2.299999999999997
      vertex 81.47739572675458 -101.98184671497543 82.3
      vertex 81.47739572675458 -101.98184671497543 2.299999999999997
    endloop
  endfacet
  facet normal -0.9800825610923971 -0.19859046664572735 0
    outer loop
      vertex 81.47739572675458 -101.98184671497543 2.299999999999997
      vertex 81.3781539363327 -101.49206918553546 82.3
      vertex 81.3781539363327 -101.49206918553546 2.299999999999997
    endloop
  endfacet
  facet normal -0.9898214418809324 -0.14231483827328764 0
    outer loop
      vertex 81.3781539363327 -101.49206918553546 2.299999999999997
      vertex 81.30703481570019 -100.99742483654222 82.3
      vertex 81.30703481570019 -100.99742483654222 2.299999999999997
    endloop
  endfacet
  facet normal -0.9963317308626891 -0.08557500847886673 0
    outer loop
      vertex 81.30703481570019 -100.99742483654222 2.299999999999997
      vertex 81.2642703406463 -100.49952709504922 82.3
      vertex 81.2642703406463 -100.49952709504922 2.299999999999997
    endloop
  endfacet
  facet normal -0.9995921928281897 -0.028556050793682033 0
    outer loop
      vertex 81.2642703406463 -100.49952709504922 2.299999999999997
      vertex 81.25 -100 82.3
      vertex 81.25 -100 2.299999999999997
    endloop
  endfacet
  facet normal -0.9995921928281897 0.028556050793682033 0
    outer loop
      vertex 81.25 -100 2.299999999999997
      vertex 81.2642703406463 -99.50047290495078 82.3
      vertex 81.2642703406463 -99.50047290495078 2.299999999999997
    endloop
  endfacet
  facet normal -0.9963317308626891 0.08557500847886673 0
    outer loop
      vertex 81.2642703406463 -99.50047290495078 2.299999999999997
      vertex 81.30703481570019 -99.00257516345778 82.3
      vertex 81.30703481570019 -99.00257516345778 2.299999999999997
    endloop
  endfacet
  facet normal -0.9898214418809324 0.14231483827328764 0
    outer loop
      vertex 81.30703481570019 -99.00257516345778 2.299999999999997
      vertex 81.3781539363327 -98.50793081446454 82.3
      vertex 81.3781539363327 -98.50793081446454 2.299999999999997
    endloop
  endfacet
  facet normal -0.9800825610923971 0.19859046664572735 0
    outer loop
      vertex 81.3781539363327 -98.50793081446454 2.299999999999997
      vertex 81.47739572675458 -98.01815328502457 82.3
      vertex 81.47739572675458 -98.01815328502457 2.299999999999997
    endloop
  endfacet
  facet normal -0.9671468547019565 0.2542183341934891 0
    outer loop
      vertex 81.47739572675458 -98.01815328502457 2.299999999999997
      vertex 81.60443648087315 -97.5348401276375 82.3
      vertex 81.60443648087315 -97.5348401276375 2.299999999999997
    endloop
  endfacet
  facet normal -0.9510565162951529 0.3090169943749498 0
    outer loop
      vertex 81.60443648087315 -97.5348401276375 2.299999999999997
      vertex 81.75886181815416 -97.05956780936499 82.3
      vertex 81.75886181815416 -97.05956780936499 2.299999999999997
    endloop
  endfacet
  facet normal -0.9318640292114507 0.362807705350645 0
    outer loop
      vertex 81.75886181815416 -97.05956780936499 2.299999999999997
      vertex 81.94016803524507 -96.59388656972283 82.3
      vertex 81.94016803524507 -96.59388656972283 2.299999999999997
    endloop
  endfacet
  facet normal -0.9096319953545255 0.4154150130018704 0
    outer loop
      vertex 81.94016803524507 -96.59388656972283 2.299999999999997
      vertex 82.14776374895061 -96.13931536412181 82.3
      vertex 82.14776374895061 -96.13931536412181 2.299999999999997
    endloop
  endfacet
  facet normal -0.8844329309978076 0.4666673232256866 0
    outer loop
      vertex 82.14776374895061 -96.13931536412181 2.299999999999997
      vertex 82.38097182520195 -95.69733690935097 82.3
      vertex 82.38097182520195 -95.69733690935097 2.299999999999997
    endloop
  endfacet
  facet normal -0.8563490302515976 0.5163974616389475 0
    outer loop
      vertex 82.38097182520195 -95.69733690935097 2.299999999999997
      vertex 82.63903158772716 -95.26939284726352 82.3
      vertex 82.63903158772716 -95.26939284726352 2.299999999999997
    endloop
  endfacet
  facet normal -0.8254718969627711 0.5644432188667735 0
    outer loop
      vertex 82.63903158772716 -95.26939284726352 2.299999999999997
      vertex 82.9211012992192 -94.85687904244087 82.3
      vertex 82.9211012992192 -94.85687904244087 2.299999999999997
    endloop
  endfacet
  facet normal -0.7919022459222785 0.6106478796354337 0
    outer loop
      vertex 82.9211012992192 -94.85687904244087 2.299999999999997
      vertex 83.22626090690802 -94.46114102917238 82.3
      vertex 83.22626090690802 -94.46114102917238 2.299999999999997
    endloop
  endfacet
  facet normal -0.755749574354247 0.6548607339452981 0
    outer loop
      vertex 83.22626090690802 -94.46114102917238 2.299999999999997
      vertex 83.55351504358146 -94.08346962260234 82.3
      vertex 83.55351504358146 -94.08346962260234 2.299999999999997
    endloop
  endfacet
  facet normal -0.7171318047589705 0.6969375686552861 0
    outer loop
      vertex 83.55351504358146 -94.08346962260234 2.299999999999997
      vertex 83.90179627426618 -93.72509670835908 82.3
      vertex 83.90179627426618 -93.72509670835908 2.299999999999997
    endloop
  endfacet
  facet normal -0.6761749002740153 0.7367411378764087 0
    outer loop
      vertex 83.90179627426618 -93.72509670835908 2.299999999999997
      vertex 84.26996857797876 -93.38719122440024 82.3
      vertex 84.26996857797876 -93.38719122440024 2.299999999999997
    endloop
  endfacet
  facet normal -0.6330124538088758 0.7741416106390779 0
    outer loop
      vertex 84.26996857797876 -93.38719122440024 2.299999999999997
      vertex 84.65683105318992 -93.07085534818009 82.3
      vertex 84.65683105318992 -93.07085534818009 2.299999999999997
    endloop
  endfacet
  facet normal -0.5877852522924731 0.8090169943749475 0
    outer loop
      vertex 84.65683105318992 -93.07085534818009 2.299999999999997
      vertex 85.06112183491577 -92.77712090157573 82.3
      vertex 85.06112183491577 -92.77712090157573 2.299999999999997
    endloop
  endfacet
  facet normal -0.5406408174555932 0.841253532831184 0
    outer loop
      vertex 85.06112183491577 -92.77712090157573 2.299999999999997
      vertex 85.48152221065908 -92.5069459852986 82.3
      vertex 85.48152221065908 -92.5069459852986 2.299999999999997
    endloop
  endfacet
  facet normal -0.49173292464559976 0.8707460771197795 0
    outer loop
      vertex 85.48152221065908 -92.5069459852986 2.299999999999997
      vertex 85.91666092177536 -92.26121185376913 82.3
      vertex 85.91666092177536 -92.26121185376913 2.299999999999997
    endloop
  endfacet
  facet normal -0.44122110124322317 0.8973984286913576 0
    outer loop
      vertex 85.91666092177536 -92.26121185376913 2.299999999999997
      vertex 86.36511863623349 -92.04072004064797 82.3
      vertex 86.36511863623349 -92.04072004064797 2.299999999999997
    endloop
  endfacet
  facet normal -0.3892701063173946 0.9211236531148487 0
    outer loop
      vertex 86.36511863623349 -92.04072004064797 2.299999999999997
      vertex 86.82543257818189 -91.8461897443998 82.3
      vertex 86.82543257818189 -91.8461897443998 2.299999999999997
    endloop
  endfacet
  facet normal -0.3360493932154165 0.9418443636395295 0
    outer loop
      vertex 86.82543257818189 -91.8461897443998 2.299999999999997
      vertex 87.29610129921922 -91.67825548241741 82.3
      vertex 87.29610129921922 -91.67825548241741 2.299999999999997
    endloop
  endfacet
  facet normal -0.2817325568414457 0.9594929736144927 0
    outer loop
      vertex 87.29610129921922 -91.67825548241741 2.299999999999997
      vertex 87.77558957580699 -91.53746502135787 82.3
      vertex 87.77558957580699 -91.53746502135787 2.299999999999997
    endloop
  endfacet
  facet normal -0.22649676742575464 0.9740119169423358 0
    outer loop
      vertex 87.77558957580699 -91.53746502135787 2.299999999999997
      vertex 88.26233341684973 -91.42427759044156 82.3
      vertex 88.26233341684973 -91.42427759044156 2.299999999999997
    endloop
  endfacet
  facet normal -0.17052219263262178 0.9853538358476933 0
    outer loop
      vertex 88.26233341684973 -91.42427759044156 2.299999999999997
      vertex 88.75474516510876 -91.33906238354184 82.3
      vertex 88.75474516510876 -91.33906238354184 2.299999999999997
    endloop
  endfacet
  facet normal -0.11399140989056013 0.993481735348548 0
    outer loop
      vertex 88.75474516510876 -91.33906238354184 2.299999999999997
      vertex 89.25121867581015 -91.28209735495145 82.3
      vertex 89.25121867581015 -91.28209735495145 2.299999999999997
    endloop
  endfacet
  facet normal -0.05708881086275833 0.9983691039261362 0
    outer loop
      vertex 89.25121867581015 -91.28209735495145 2.299999999999997
      vertex 89.75013455555516 -91.25356831275334 82.3
      vertex 89.75013455555516 -91.25356831275334 2.299999999999997
    endloop
  endfacet
  facet normal 0 1 0
    outer loop
      vertex 89.75013455555516 -91.25356831275334 2.299999999999997
      vertex 90.24986544444484 -91.25356831275334 82.3
      vertex 90.24986544444484 -91.25356831275334 2.299999999999997
    endloop
  endfacet
  facet normal 0.05708881086275833 0.9983691039261362 0
    outer loop
      vertex 90.24986544444484 -91.25356831275334 2.299999999999997
      vertex 90.74878132418985 -91.28209735495145 82.3
      vertex 90.74878132418985 -91.28209735495145 2.299999999999997
    endloop
  endfacet
  facet normal 0.11399140989056013 0.993481735348548 0
    outer loop
      vertex 90.74878132418985 -91.28209735495145 2.299999999999997
      vertex 91.24525483489124 -91.33906238354184 82.3
      vertex 91.24525483489124 -91.33906238354184 2.299999999999997
    endloop
  endfacet
  facet normal 0.17052219263262178 0.9853538358476933 0
    outer loop
      vertex 91.24525483489124 -91.33906238354184 2.299999999999997
      vertex 91.73766658315027 -91.42427759044156 82.3
      vertex 91.73766658315027 -91.42427759044156 2.299999999999997
    endloop
  endfacet
  facet normal 0.22649676742575464 0.9740119169423358 0
    outer loop
      vertex 91.73766658315027 -91.42427759044156 2.299999999999997
      vertex 92.22441042419301 -91.53746502135787 82.3
      vertex 92.22441042419301 -91.53746502135787 2.299999999999997
    endloop
  endfacet
  facet normal 0.2817325568414457 0.9594929736144927 0
    outer loop
      vertex 92.22441042419301 -91.53746502135787 2.299999999999997
      vertex 92.70389870078078 -91.67825548241741 82.3
      vertex 92.70389870078078 -91.67825548241741 2.299999999999997
    endloop
  endfacet
  facet normal 0.3892701063173946 0.9211236531148487 0
    outer loop
      vertex 93.63488136376651 -92.04072004064797 2.299999999999997
      vertex 93.17456742181811 -91.8461897443998 2.299999999999997
      vertex 93.63488136376651 -92.04072004064797 82.3
    endloop
  endfacet
  facet normal 0.3360493932154165 0.9418443636395295 0
    outer loop
      vertex 92.70389870078078 -91.67825548241741 2.299999999999997
      vertex 93.17456742181811 -91.8461897443998 82.3
      vertex 93.17456742181811 -91.8461897443998 2.299999999999997
    endloop
  endfacet
  facet normal 0.5877852522924731 0.8090169943749475 0
    outer loop
      vertex 95.34316894681008 -93.07085534818009 2.299999999999997
      vertex 94.93887816508423 -92.77712090157573 2.299999999999997
      vertex 95.34316894681008 -93.07085534818009 82.3
    endloop
  endfacet
  facet normal 0.6330124538088758 0.7741416106390779 0
    outer loop
      vertex 95.34316894681008 -93.07085534818009 2.299999999999997
      vertex 95.73003142202124 -93.38719122440024 82.3
      vertex 95.73003142202124 -93.38719122440024 2.299999999999997
    endloop
  endfacet
  facet normal 0.6761749002740295 0.7367411378763957 0
    outer loop
      vertex 95.73003142202124 -93.38719122440024 2.299999999999997
      vertex 96.09820372573381 -93.72509670835908 82.3
      vertex 96.09820372573381 -93.72509670835908 2.299999999999997
    endloop
  endfacet
  facet normal 0.7171318047589563 0.6969375686553008 0
    outer loop
      vertex 96.09820372573381 -93.72509670835908 2.299999999999997
      vertex 96.44648495641854 -94.08346962260234 82.3
      vertex 96.44648495641854 -94.08346962260234 2.299999999999997
    endloop
  endfacet
  facet normal 0.755749574354247 0.6548607339452981 0
    outer loop
      vertex 96.44648495641854 -94.08346962260234 2.299999999999997
      vertex 96.77373909309198 -94.46114102917238 82.3
      vertex 96.77373909309198 -94.46114102917238 2.299999999999997
    endloop
  endfacet
  facet normal 0.44122110124322317 0.8973984286913576 0
    outer loop
      vertex 93.63488136376651 -92.04072004064797 2.299999999999997
      vertex 94.08333907822464 -92.26121185376913 82.3
      vertex 94.08333907822464 -92.26121185376913 2.299999999999997
    endloop
  endfacet
  facet normal 0.49173292464559976 0.8707460771197795 0
    outer loop
      vertex 94.08333907822464 -92.26121185376913 2.299999999999997
      vertex 94.51847778934092 -92.5069459852986 82.3
      vertex 94.51847778934092 -92.5069459852986 2.299999999999997
    endloop
  endfacet
  facet normal 0.5406408174555932 0.841253532831184 0
    outer loop
      vertex 94.51847778934092 -92.5069459852986 2.299999999999997
      vertex 94.93887816508423 -92.77712090157573 82.3
      vertex 94.93887816508423 -92.77712090157573 2.299999999999997
    endloop
  endfacet
  facet normal 0.8844329309978107 0.4666673232256807 0
    outer loop
      vertex 97.61902817479805 -95.69733690935097 2.299999999999997
      vertex 97.61902817479805 -95.69733690935097 82.3
      vertex 97.7 -95.85079558350154 2.299999999999997
    endloop
  endfacet
  facet normal 0.8563490302515976 0.5163974616389475 0
    outer loop
      vertex 97.61902817479805 -95.69733690935097 2.299999999999997
      vertex 97.36096841227284 -95.26939284726352 2.299999999999997
      vertex 97.61902817479805 -95.69733690935097 82.3
    endloop
  endfacet
  facet normal 0.7919022459222785 0.6106478796354337 0
    outer loop
      vertex 96.77373909309198 -94.46114102917238 2.299999999999997
      vertex 97.0788987007808 -94.85687904244087 82.3
      vertex 97.0788987007808 -94.85687904244087 2.299999999999997
    endloop
  endfacet
  facet normal 0.8254718969627711 0.5644432188667735 0
    outer loop
      vertex 97.0788987007808 -94.85687904244087 2.299999999999997
      vertex 97.36096841227284 -95.26939284726352 82.3
      vertex 97.36096841227284 -95.26939284726352 2.299999999999997
    endloop
  endfacet
  facet normal -0.9318640292114507 -0.362807705350645 0
    outer loop
      vertex 81.94016803524507 -103.40611343027717 2.299999999999997
      vertex 81.94016803524507 -103.40611343027717 82.3
      vertex 81.75886181815416 -102.94043219063501 82.3
    endloop
  endfacet
  facet normal -0.8844329309978076 -0.4666673232256866 0
    outer loop
      vertex 82.38097182520195 -104.30266309064903 2.299999999999997
      vertex 82.38097182520195 -104.30266309064903 82.3
      vertex 82.14776374895061 -103.86068463587819 82.3
    endloop
  endfacet
  facet normal -0.8563490302515976 -0.5163974616389475 0
    outer loop
      vertex 82.63903158772716 -104.73060715273648 2.299999999999997
      vertex 82.63903158772716 -104.73060715273648 82.3
      vertex 82.38097182520195 -104.30266309064903 82.3
    endloop
  endfacet
  facet normal -0.9096319953545255 -0.4154150130018704 0
    outer loop
      vertex 82.14776374895061 -103.86068463587819 2.299999999999997
      vertex 82.14776374895061 -103.86068463587819 82.3
      vertex 81.94016803524507 -103.40611343027717 82.3
    endloop
  endfacet
  facet normal -0.755749574354247 -0.6548607339452981 0
    outer loop
      vertex 83.55351504358146 -105.91653037739766 2.299999999999997
      vertex 83.55351504358146 -105.91653037739766 82.3
      vertex 83.22626090690802 -105.53885897082762 82.3
    endloop
  endfacet
  facet normal -0.7919022459222785 -0.6106478796354337 0
    outer loop
      vertex 83.22626090690802 -105.53885897082762 2.299999999999997
      vertex 83.22626090690802 -105.53885897082762 82.3
      vertex 82.9211012992192 -105.14312095755913 82.3
    endloop
  endfacet
  facet normal -0.8254718969627711 -0.5644432188667735 0
    outer loop
      vertex 82.9211012992192 -105.14312095755913 2.299999999999997
      vertex 82.9211012992192 -105.14312095755913 82.3
      vertex 82.63903158772716 -104.73060715273648 82.3
    endloop
  endfacet
  facet normal -0.7171318047589705 -0.6969375686552861 0
    outer loop
      vertex 83.90179627426618 -106.27490329164092 2.299999999999997
      vertex 83.90179627426618 -106.27490329164092 82.3
      vertex 83.55351504358146 -105.91653037739766 82.3
    endloop
  endfacet
  facet normal -0.6761749002740153 -0.7367411378764087 0
    outer loop
      vertex 84.26996857797876 -106.61280877559976 2.299999999999997
      vertex 84.26996857797876 -106.61280877559976 82.3
      vertex 83.90179627426618 -106.27490329164092 82.3
    endloop
  endfacet
  facet normal -0.6330124538088758 -0.7741416106390779 0
    outer loop
      vertex 84.65683105318992 -106.92914465181991 2.299999999999997
      vertex 84.65683105318992 -106.92914465181991 82.3
      vertex 84.26996857797876 -106.61280877559976 82.3
    endloop
  endfacet
  facet normal -0.5877852522924731 -0.8090169943749475 0
    outer loop
      vertex 85.06112183491577 -107.22287909842427 2.299999999999997
      vertex 85.06112183491577 -107.22287909842427 82.3
      vertex 84.65683105318992 -106.92914465181991 82.3
    endloop
  endfacet
  facet normal -0.49173292464560003 -0.8707460771197792 0
    outer loop
      vertex 85.48152221065908 -107.4930540147014 2.299999999999997
      vertex 85.84797602296851 -107.7 82.3
      vertex 85.48152221065908 -107.4930540147014 82.3
    endloop
  endfacet
  facet normal -0.5406408174555932 -0.841253532831184 0
    outer loop
      vertex 85.48152221065908 -107.4930540147014 2.299999999999997
      vertex 85.48152221065908 -107.4930540147014 82.3
      vertex 85.06112183491577 -107.22287909842427 82.3
    endloop
  endfacet
  facet normal -0.9671468547019565 -0.2542183341934891 0
    outer loop
      vertex 81.60443648087315 -102.4651598723625 2.299999999999997
      vertex 81.60443648087315 -102.4651598723625 82.3
      vertex 81.47739572675458 -101.98184671497543 82.3
    endloop
  endfacet
  facet normal -0.9510565162951529 -0.3090169943749498 0
    outer loop
      vertex 81.75886181815416 -102.94043219063501 2.299999999999997
      vertex 81.75886181815416 -102.94043219063501 82.3
      vertex 81.60443648087315 -102.4651598723625 82.3
    endloop
  endfacet
  facet normal -0.9800825610923971 -0.19859046664572735 0
    outer loop
      vertex 81.47739572675458 -101.98184671497543 2.299999999999997
      vertex 81.47739572675458 -101.98184671497543 82.3
      vertex 81.3781539363327 -101.49206918553546 82.3
    endloop
  endfacet
  facet normal -0.9898214418809324 -0.14231483827328764 0
    outer loop
      vertex 81.3781539363327 -101.49206918553546 2.299999999999997
      vertex 81.3781539363327 -101.49206918553546 82.3
      vertex 81.30703481570019 -100.99742483654222 82.3
    endloop
  endfacet
  facet normal -0.9963317308626891 -0.08557500847886673 0
    outer loop
      vertex 81.30703481570019 -100.99742483654222 2.299999999999997
      vertex 81.30703481570019 -100.99742483654222 82.3
      vertex 81.2642703406463 -100.49952709504922 82.3
    endloop
  endfacet
  facet normal -0.9995921928281897 -0.028556050793682033 0
    outer loop
      vertex 81.2642703406463 -100.49952709504922 2.299999999999997
      vertex 81.2642703406463 -100.49952709504922 82.3
      vertex 81.25 -100 82.3
    endloop
  endfacet
  facet normal -0.9995921928281897 0.028556050793682033 0
    outer loop
      vertex 81.25 -100 2.299999999999997
      vertex 81.25 -100 82.3
      vertex 81.2642703406463 -99.50047290495078 82.3
    endloop
  endfacet
  facet normal -0.9963317308626891 0.08557500847886673 0
    outer loop
      vertex 81.2642703406463 -99.50047290495078 2.299999999999997
      vertex 81.2642703406463 -99.50047290495078 82.3
      vertex 81.30703481570019 -99.00257516345778 82.3
    endloop
  endfacet
  facet normal -0.9898214418809324 0.14231483827328764 0
    outer loop
      vertex 81.30703481570019 -99.00257516345778 2.299999999999997
      vertex 81.30703481570019 -99.00257516345778 82.3
      vertex 81.3781539363327 -98.50793081446454 82.3
    endloop
  endfacet
  facet normal -0.9800825610923971 0.19859046664572735 0
    outer loop
      vertex 81.3781539363327 -98.50793081446454 2.299999999999997
      vertex 81.3781539363327 -98.50793081446454 82.3
      vertex 81.47739572675458 -98.01815328502457 82.3
    endloop
  endfacet
  facet normal -0.9671468547019565 0.2542183341934891 0
    outer loop
      vertex 81.47739572675458 -98.01815328502457 2.299999999999997
      vertex 81.47739572675458 -98.01815328502457 82.3
      vertex 81.60443648087315 -97.5348401276375 82.3
    endloop
  endfacet
  facet normal -0.9510565162951529 0.3090169943749498 0
    outer loop
      vertex 81.60443648087315 -97.5348401276375 2.299999999999997
      vertex 81.60443648087315 -97.5348401276375 82.3
      vertex 81.75886181815416 -97.05956780936499 82.3
    endloop
  endfacet
  facet normal -0.9318640292114507 0.362807705350645 0
    outer loop
      vertex 81.75886181815416 -97.05956780936499 2.299999999999997
      vertex 81.75886181815416 -97.05956780936499 82.3
      vertex 81.94016803524507 -96.59388656972283 82.3
    endloop
  endfacet
  facet normal -0.9096319953545255 0.4154150130018704 0
    outer loop
      vertex 81.94016803524507 -96.59388656972283 2.299999999999997
      vertex 81.94016803524507 -96.59388656972283 82.3
      vertex 82.14776374895061 -96.13931536412181 82.3
    endloop
  endfacet
  facet normal -0.8844329309978076 0.4666673232256866 0
    outer loop
      vertex 82.14776374895061 -96.13931536412181 2.299999999999997
      vertex 82.14776374895061 -96.13931536412181 82.3
      vertex 82.38097182520195 -95.69733690935097 82.3
    endloop
  endfacet
  facet normal -0.8563490302515976 0.5163974616389475 0
    outer loop
      vertex 82.38097182520195 -95.69733690935097 2.299999999999997
      vertex 82.38097182520195 -95.69733690935097 82.3
      vertex 82.63903158772716 -95.26939284726352 82.3
    endloop
  endfacet
  facet normal -0.8254718969627711 0.5644432188667735 0
    outer loop
      vertex 82.63903158772716 -95.26939284726352 2.299999999999997
      vertex 82.63903158772716 -95.26939284726352 82.3
      vertex 82.9211012992192 -94.85687904244087 82.3
    endloop
  endfacet
  facet normal -0.7919022459222785 0.6106478796354337 0
    outer loop
      vertex 82.9211012992192 -94.85687904244087 2.299999999999997
      vertex 82.9211012992192 -94.85687904244087 82.3
      vertex 83.22626090690802 -94.46114102917238 82.3
    endloop
  endfacet
  facet normal -0.755749574354247 0.6548607339452981 0
    outer loop
      vertex 83.22626090690802 -94.46114102917238 2.299999999999997
      vertex 83.22626090690802 -94.46114102917238 82.3
      vertex 83.55351504358146 -94.08346962260234 82.3
    endloop
  endfacet
  facet normal -0.7171318047589705 0.6969375686552861 0
    outer loop
      vertex 83.55351504358146 -94.08346962260234 2.299999999999997
      vertex 83.55351504358146 -94.08346962260234 82.3
      vertex 83.90179627426618 -93.72509670835908 82.3
    endloop
  endfacet
  facet normal -0.6761749002740153 0.7367411378764087 0
    outer loop
      vertex 83.90179627426618 -93.72509670835908 2.299999999999997
      vertex 83.90179627426618 -93.72509670835908 82.3
      vertex 84.26996857797876 -93.38719122440024 82.3
    endloop
  endfacet
  facet normal -0.6330124538088758 0.7741416106390779 0
    outer loop
      vertex 84.26996857797876 -93.38719122440024 2.299999999999997
      vertex 84.26996857797876 -93.38719122440024 82.3
      vertex 84.65683105318992 -93.07085534818009 82.3
    endloop
  endfacet
  facet normal -0.5877852522924731 0.8090169943749475 0
    outer loop
      vertex 84.65683105318992 -93.07085534818009 2.299999999999997
      vertex 84.65683105318992 -93.07085534818009 82.3
      vertex 85.06112183491577 -92.77712090157573 82.3
    endloop
  endfacet
  facet normal -0.5406408174555932 0.841253532831184 0
    outer loop
      vertex 85.06112183491577 -92.77712090157573 2.299999999999997
      vertex 85.06112183491577 -92.77712090157573 82.3
      vertex 85.48152221065908 -92.5069459852986 82.3
    endloop
  endfacet
  facet normal -0.49173292464559976 0.8707460771197795 0
    outer loop
      vertex 85.48152221065908 -92.5069459852986 2.299999999999997
      vertex 85.48152221065908 -92.5069459852986 82.3
      vertex 85.91666092177536 -92.26121185376913 82.3
    endloop
  endfacet
  facet normal -0.44122110124322317 0.8973984286913576 0
    outer loop
      vertex 85.91666092177536 -92.26121185376913 2.299999999999997
      vertex 85.91666092177536 -92.26121185376913 82.3
      vertex 86.36511863623349 -92.04072004064797 82.3
    endloop
  endfacet
  facet normal -0.3892701063173946 0.9211236531148487 0
    outer loop
      vertex 86.36511863623349 -92.04072004064797 2.299999999999997
      vertex 86.36511863623349 -92.04072004064797 82.3
      vertex 86.82543257818189 -91.8461897443998 82.3
    endloop
  endfacet
  facet normal -0.3360493932154165 0.9418443636395295 0
    outer loop
      vertex 86.82543257818189 -91.8461897443998 2.299999999999997
      vertex 86.82543257818189 -91.8461897443998 82.3
      vertex 87.29610129921922 -91.67825548241741 82.3
    endloop
  endfacet
  facet normal -0.2817325568414457 0.9594929736144927 0
    outer loop
      vertex 87.29610129921922 -91.67825548241741 2.299999999999997
      vertex 87.29610129921922 -91.67825548241741 82.3
      vertex 87.77558957580699 -91.53746502135787 82.3
    endloop
  endfacet
  facet normal -0.22649676742575464 0.9740119169423358 0
    outer loop
      vertex 87.77558957580699 -91.53746502135787 2.299999999999997
      vertex 87.77558957580699 -91.53746502135787 82.3
      vertex 88.26233341684973 -91.42427759044156 82.3
    endloop
  endfacet
  facet normal -0.17052219263262178 0.9853538358476933 0
    outer loop
      vertex 88.26233341684973 -91.42427759044156 2.299999999999997
      vertex 88.26233341684973 -91.42427759044156 82.3
      vertex 88.75474516510876 -91.33906238354184 82.3
    endloop
  endfacet
  facet normal -0.11399140989056013 0.993481735348548 0
    outer loop
      vertex 88.75474516510876 -91.33906238354184 2.299999999999997
      vertex 88.75474516510876 -91.33906238354184 82.3
      vertex 89.25121867581015 -91.28209735495145 82.3
    endloop
  endfacet
  facet normal -0.05708881086275833 0.9983691039261362 0
    outer loop
      vertex 89.25121867581015 -91.28209735495145 2.299999999999997
      vertex 89.25121867581015 -91.28209735495145 82.3
      vertex 89.75013455555516 -91.25356831275334 82.3
    endloop
  endfacet
  facet normal 0 1 0
    outer loop
      vertex 89.75013455555516 -91.25356831275334 2.299999999999997
      vertex 89.75013455555516 -91.25356831275334 82.3
      vertex 90.24986544444484 -91.25356831275334 82.3
    endloop
  endfacet
  facet normal 0.05708881086275833 0.9983691039261362 0
    outer loop
      vertex 90.24986544444484 -91.25356831275334 2.299999999999997
      vertex 90.24986544444484 -91.25356831275334 82.3
      vertex 90.74878132418985 -91.28209735495145 82.3
    endloop
  endfacet
  facet normal 0.11399140989056013 0.993481735348548 0
    outer loop
      vertex 90.74878132418985 -91.28209735495145 2.299999999999997
      vertex 90.74878132418985 -91.28209735495145 82.3
      vertex 91.24525483489124 -91.33906238354184 82.3
    endloop
  endfacet
  facet normal 0.17052219263262178 0.9853538358476933 0
    outer loop
      vertex 91.24525483489124 -91.33906238354184 2.299999999999997
      vertex 91.24525483489124 -91.33906238354184 82.3
      vertex 91.73766658315027 -91.42427759044156 82.3
    endloop
  endfacet
  facet normal 0.22649676742575464 0.9740119169423358 0
    outer loop
      vertex 91.73766658315027 -91.42427759044156 2.299999999999997
      vertex 91.73766658315027 -91.42427759044156 82.3
      vertex 92.22441042419301 -91.53746502135787 82.3
    endloop
  endfacet
  facet normal 0.2817325568414457 0.9594929736144927 0
    outer loop
      vertex 92.22441042419301 -91.53746502135787 2.299999999999997
      vertex 92.22441042419301 -91.53746502135787 82.3
      vertex 92.70389870078078 -91.67825548241741 82.3
    endloop
  endfacet
  facet normal 0.3360493932154165 0.9418443636395295 0
    outer loop
      vertex 92.70389870078078 -91.67825548241741 2.299999999999997
      vertex 92.70389870078078 -91.67825548241741 82.3
      vertex 93.17456742181811 -91.8461897443998 82.3
    endloop
  endfacet
  facet normal 0.3892701063173946 0.9211236531148487 0
    outer loop
      vertex 93.17456742181811 -91.8461897443998 2.299999999999997
      vertex 93.17456742181811 -91.8461897443998 82.3
      vertex 93.63488136376651 -92.04072004064797 82.3
    endloop
  endfacet
  facet normal 0.5877852522924731 0.8090169943749475 0
    outer loop
      vertex 94.93887816508423 -92.77712090157573 2.299999999999997
      vertex 94.93887816508423 -92.77712090157573 82.3
      vertex 95.34316894681008 -93.07085534818009 82.3
    endloop
  endfacet
  facet normal 0.6330124538088758 0.7741416106390779 0
    outer loop
      vertex 95.34316894681008 -93.07085534818009 2.299999999999997
      vertex 95.34316894681008 -93.07085534818009 82.3
      vertex 95.73003142202124 -93.38719122440024 82.3
    endloop
  endfacet
  facet normal 0.6761749002740295 0.7367411378763957 0
    outer loop
      vertex 95.73003142202124 -93.38719122440024 2.299999999999997
      vertex 95.73003142202124 -93.38719122440024 82.3
      vertex 96.09820372573381 -93.72509670835908 82.3
    endloop
  endfacet
  facet normal 0.7171318047589563 0.6969375686553008 0
    outer loop
      vertex 96.09820372573381 -93.72509670835908 2.299999999999997
      vertex 96.09820372573381 -93.72509670835908 82.3
      vertex 96.44648495641854 -94.08346962260234 82.3
    endloop
  endfacet
  facet normal 0.755749574354247 0.6548607339452981 0
    outer loop
      vertex 96.44648495641854 -94.08346962260234 2.299999999999997
      vertex 96.44648495641854 -94.08346962260234 82.3
      vertex 96.77373909309198 -94.46114102917238 82.3
    endloop
  endfacet
  facet normal 0.44122110124322317 0.8973984286913576 0
    outer loop
      vertex 93.63488136376651 -92.04072004064797 2.299999999999997
      vertex 93.63488136376651 -92.04072004064797 82.3
      vertex 94.08333907822464 -92.26121185376913 82.3
    endloop
  endfacet
  facet normal 0.49173292464559976 0.8707460771197795 0
    outer loop
      vertex 94.08333907822464 -92.26121185376913 2.299999999999997
      vertex 94.08333907822464 -92.26121185376913 82.3
      vertex 94.51847778934092 -92.5069459852986 82.3
    endloop
  endfacet
  facet normal 0.5406408174555932 0.841253532831184 0
    outer loop
      vertex 94.51847778934092 -92.5069459852986 2.299999999999997
      vertex 94.51847778934092 -92.5069459852986 82.3
      vertex 94.93887816508423 -92.77712090157573 82.3
    endloop
  endfacet
  facet normal 0.8563490302515976 0.5163974616389475 0
    outer loop
      vertex 97.36096841227284 -95.26939284726352 2.299999999999997
      vertex 97.36096841227284 -95.26939284726352 82.3
      vertex 97.61902817479805 -95.69733690935097 82.3
    endloop
  endfacet
  facet normal 0.8254718969627711 0.5644432188667735 0
    outer loop
      vertex 97.0788987007808 -94.85687904244087 2.299999999999997
      vertex 97.0788987007808 -94.85687904244087 82.3
      vertex 97.36096841227284 -95.26939284726352 82.3
    endloop
  endfacet
  facet normal 0.7919022459222785 0.6106478796354337 0
    outer loop
      vertex 96.77373909309198 -94.46114102917238 2.299999999999997
      vertex 96.77373909309198 -94.46114102917238 82.3
      vertex 97.0788987007808 -94.85687904244087 82.3
    endloop
  endfacet
  facet normal 0.8844329309978107 0.4666673232256807 0
    outer loop
      vertex 97.7 -95.85079558350154 2.299999999999997
      vertex 97.61902817479805 -95.69733690935097 82.3
      vertex 97.7 -95.85079558350154 82.3
    endloop
  endfacet
  facet normal 0 0 1
    outer loop
      vertex 85.48152221065908 -107.4930540147014 82.3
      vertex 85.84797602296851 -107.7 82.3
      vertex 87.29610129921922 -107.7 82.3
    endloop
  endfacet
  facet normal 0 0 1
    outer loop
      vertex 82.38097182520195 -104.30266309064903 82.3
      vertex 82.14776374895061 -96.13931536412181 82.3
      vertex 82.14776374895061 -103.86068463587819 82.3
    endloop
  endfacet
  facet normal 0 0 1
    outer loop
      vertex 82.38097182520195 -104.30266309064903 82.3
      vertex 82.63903158772716 -104.73060715273648 82.3
      vertex 82.38097182520195 -95.69733690935097 82.3
    endloop
  endfacet
  facet normal 0 0 1
    outer loop
      vertex 82.63903158772716 -104.73060715273648 82.3
      vertex 82.9211012992192 -105.14312095755913 82.3
      vertex 82.63903158772716 -95.26939284726352 82.3
    endloop
  endfacet
  facet normal 0 0 1
    outer loop
      vertex 81.47739572675458 -101.98184671497543 82.3
      vertex 81.3781539363327 -98.50793081446454 82.3
      vertex 81.3781539363327 -101.49206918553546 82.3
    endloop
  endfacet
  facet normal 0 0 1
    outer loop
      vertex 81.60443648087315 -102.4651598723625 82.3
      vertex 81.47739572675458 -98.01815328502457 82.3
      vertex 81.47739572675458 -101.98184671497543 82.3
    endloop
  endfacet
  facet normal 0 0 1
    outer loop
      vertex 81.60443648087315 -102.4651598723625 82.3
      vertex 81.75886181815416 -102.94043219063501 82.3
      vertex 81.60443648087315 -97.5348401276375 82.3
    endloop
  endfacet
  facet normal 0 0 1
    outer loop
      vertex 81.94016803524507 -103.40611343027717 82.3
      vertex 81.75886181815416 -97.05956780936499 82.3
      vertex 81.75886181815416 -102.94043219063501 82.3
    endloop
  endfacet
  facet normal 0 0 1
    outer loop
      vertex 81.94016803524507 -103.40611343027717 82.3
      vertex 82.14776374895061 -103.86068463587819 82.3
      vertex 81.94016803524507 -96.59388656972283 82.3
    endloop
  endfacet
  facet normal 0 0 1
    outer loop
      vertex 81.3781539363327 -101.49206918553546 82.3
      vertex 81.30703481570019 -99.00257516345778 82.3
      vertex 81.30703481570019 -100.99742483654222 82.3
    endloop
  endfacet
  facet normal 0 0 1
    outer loop
      vertex 81.30703481570019 -100.99742483654222 82.3
      vertex 81.2642703406463 -99.50047290495078 82.3
      vertex 81.2642703406463 -100.49952709504922 82.3
    endloop
  endfacet
  facet normal 0 0 1
    outer loop
      vertex 81.2642703406463 -100.49952709504922 82.3
      vertex 81.2642703406463 -99.50047290495078 82.3
      vertex 81.25 -100 82.3
    endloop
  endfacet
  facet normal 0 0 1
    outer loop
      vertex 81.30703481570019 -100.99742483654222 82.3
      vertex 81.30703481570019 -99.00257516345778 82.3
      vertex 81.2642703406463 -99.50047290495078 82.3
    endloop
  endfacet
  facet normal 0 0 1
    outer loop
      vertex 82.9211012992192 -105.14312095755913 82.3
      vertex 83.22626090690802 -105.53885897082762 82.3
      vertex 82.9211012992192 -94.85687904244087 82.3
    endloop
  endfacet
  facet normal 0 0 1
    outer loop
      vertex 83.55351504358146 -105.91653037739766 82.3
      vertex 83.22626090690802 -94.46114102917238 82.3
      vertex 83.22626090690802 -105.53885897082762 82.3
    endloop
  endfacet
  facet normal 0 0 1
    outer loop
      vertex 83.55351504358146 -105.91653037739766 82.3
      vertex 83.90179627426618 -106.27490329164092 82.3
      vertex 83.55351504358146 -94.08346962260234 82.3
    endloop
  endfacet
  facet normal 0 0 1
    outer loop
      vertex 84.26996857797876 -106.61280877559976 82.3
      vertex 83.90179627426618 -93.72509670835908 82.3
      vertex 83.90179627426618 -106.27490329164092 82.3
    endloop
  endfacet
  facet normal 0 0 1
    outer loop
      vertex 81.3781539363327 -101.49206918553546 82.3
      vertex 81.3781539363327 -98.50793081446454 82.3
      vertex 81.30703481570019 -99.00257516345778 82.3
    endloop
  endfacet
  facet normal 0 0 1
    outer loop
      vertex 81.47739572675458 -101.98184671497543 82.3
      vertex 81.47739572675458 -98.01815328502457 82.3
      vertex 81.3781539363327 -98.50793081446454 82.3
    endloop
  endfacet
  facet normal 0 0 1
    outer loop
      vertex 81.60443648087315 -102.4651598723625 82.3
      vertex 81.60443648087315 -97.5348401276375 82.3
      vertex 81.47739572675458 -98.01815328502457 82.3
    endloop
  endfacet
  facet normal 0 0 1
    outer loop
      vertex 81.75886181815416 -102.94043219063501 82.3
      vertex 81.75886181815416 -97.05956780936499 82.3
      vertex 81.60443648087315 -97.5348401276375 82.3
    endloop
  endfacet
  facet normal 0 0 1
    outer loop
      vertex 81.94016803524507 -103.40611343027717 82.3
      vertex 81.94016803524507 -96.59388656972283 82.3
      vertex 81.75886181815416 -97.05956780936499 82.3
    endloop
  endfacet
  facet normal 0 0 1
    outer loop
      vertex 82.14776374895061 -103.86068463587819 82.3
      vertex 82.14776374895061 -96.13931536412181 82.3
      vertex 81.94016803524507 -96.59388656972283 82.3
    endloop
  endfacet
  facet normal 0 0 1
    outer loop
      vertex 82.38097182520195 -104.30266309064903 82.3
      vertex 82.38097182520195 -95.69733690935097 82.3
      vertex 82.14776374895061 -96.13931536412181 82.3
    endloop
  endfacet
  facet normal 0 0 1
    outer loop
      vertex 82.63903158772716 -104.73060715273648 82.3
      vertex 82.63903158772716 -95.26939284726352 82.3
      vertex 82.38097182520195 -95.69733690935097 82.3
    endloop
  endfacet
  facet normal 0 0 1
    outer loop
      vertex 82.9211012992192 -105.14312095755913 82.3
      vertex 82.9211012992192 -94.85687904244087 82.3
      vertex 82.63903158772716 -95.26939284726352 82.3
    endloop
  endfacet
  facet normal 0 0 1
    outer loop
      vertex 83.22626090690802 -105.53885897082762 82.3
      vertex 83.22626090690802 -94.46114102917238 82.3
      vertex 82.9211012992192 -94.85687904244087 82.3
    endloop
  endfacet
  facet normal 0 0 1
    outer loop
      vertex 83.55351504358146 -105.91653037739766 82.3
      vertex 83.55351504358146 -94.08346962260234 82.3
      vertex 83.22626090690802 -94.46114102917238 82.3
    endloop
  endfacet
  facet normal 0 0 1
    outer loop
      vertex 83.90179627426618 -106.27490329164092 82.3
      vertex 83.90179627426618 -93.72509670835908 82.3
      vertex 83.55351504358146 -94.08346962260234 82.3
    endloop
  endfacet
  facet normal 0 0 1
    outer loop
      vertex 84.26996857797876 -106.61280877559976 82.3
      vertex 84.26996857797876 -93.38719122440024 82.3
      vertex 83.90179627426618 -93.72509670835908 82.3
    endloop
  endfacet
  facet normal 0 0 1
    outer loop
      vertex 84.26996857797876 -106.61280877559976 82.3
      vertex 84.65683105318992 -106.92914465181991 82.3
      vertex 84.26996857797876 -93.38719122440024 82.3
    endloop
  endfacet
  facet normal 0 0 1
    outer loop
      vertex 84.65683105318992 -106.92914465181991 82.3
      vertex 85.06112183491577 -107.22287909842427 82.3
      vertex 84.65683105318992 -93.07085534818009 82.3
    endloop
  endfacet
  facet normal 0 0 1
    outer loop
      vertex 85.06112183491577 -107.22287909842427 82.3
      vertex 85.48152221065908 -107.4930540147014 82.3
      vertex 85.06112183491577 -92.77712090157573 82.3
    endloop
  endfacet
  facet normal 0 0 1
    outer loop
      vertex 85.48152221065908 -107.4930540147014 82.3
      vertex 87.29610129921922 -107.7 82.3
      vertex 85.48152221065908 -92.5069459852986 82.3
    endloop
  endfacet
  facet normal 0 0 1
    outer loop
      vertex 87.29610129921922 -107.7 82.3
      vertex 87.75553495535019 -107.76053167350771 82.3
      vertex 87.29610129921922 -91.67825548241741 82.3
    endloop
  endfacet
  facet normal 0 0 1
    outer loop
      vertex 84.65683105318992 -106.92914465181991 82.3
      vertex 84.65683105318992 -93.07085534818009 82.3
      vertex 84.26996857797876 -93.38719122440024 82.3
    endloop
  endfacet
  facet normal 0 0 1
    outer loop
      vertex 85.06112183491577 -107.22287909842427 82.3
      vertex 85.06112183491577 -92.77712090157573 82.3
      vertex 84.65683105318992 -93.07085534818009 82.3
    endloop
  endfacet
  facet normal 0 0 1
    outer loop
      vertex 85.48152221065908 -107.4930540147014 82.3
      vertex 85.48152221065908 -92.5069459852986 82.3
      vertex 85.06112183491577 -92.77712090157573 82.3
    endloop
  endfacet
  facet normal 0 0 1
    outer loop
      vertex 87.29610129921922 -107.7 82.3
      vertex 85.91666092177536 -92.26121185376913 82.3
      vertex 85.48152221065908 -92.5069459852986 82.3
    endloop
  endfacet
  facet normal 0 0 1
    outer loop
      vertex 87.29610129921922 -107.7 82.3
      vertex 86.36511863623349 -92.04072004064797 82.3
      vertex 85.91666092177536 -92.26121185376913 82.3
    endloop
  endfacet
  facet normal 0 0 1
    outer loop
      vertex 87.29610129921922 -107.7 82.3
      vertex 86.82543257818189 -91.8461897443998 82.3
      vertex 86.36511863623349 -92.04072004064797 82.3
    endloop
  endfacet
  facet normal 0 0 1
    outer loop
      vertex 87.29610129921922 -107.7 82.3
      vertex 87.29610129921922 -91.67825548241741 82.3
      vertex 86.82543257818189 -91.8461897443998 82.3
    endloop
  endfacet
  facet normal 0 0 1
    outer loop
      vertex 88.63532151983473 -108.64027054123763 82.3
      vertex 88.63541065971658 -108.64028596750131 82.3
      vertex 88.74736206493652 -108.40249539192386 82.3
    endloop
  endfacet
  facet normal 0 0 1
    outer loop
      vertex 88.96836294996565 -108.68544797392839 82.3
      vertex 89.21516658731339 -108.71376605325122 82.3
      vertex 89.24126509125644 -108.3694817277995 82.3
    endloop
  endfacet
  facet normal 0 0 1
    outer loop
      vertex 90.33526488449391 -108.74154837058394 82.3
      vertex 90.60151785263994 -108.7263234750214 82.3
      vertex 90.74463371628224 -108.57271742622018 82.3
    endloop
  endfacet
  facet normal 0 0 1
    outer loop
      vertex 88.63532151983473 -108.64027054123763 82.3
      vertex 88.74736206493652 -108.40249539192386 82.3
      vertex 88.34901965729019 -100.71712196172324 82.3
    endloop
  endfacet
  facet normal 0 0 1
    outer loop
      vertex 88.74736206493652 -108.40249539192386 82.3
      vertex 88.96836294996565 -108.68544797392839 82.3
      vertex 88.60371967673204 -101.13595829978689 82.3
    endloop
  endfacet
  facet normal 0 0 1
    outer loop
      vertex 88.96836294996565 -108.68544797392839 82.3
      vertex 89.24126509125644 -108.3694817277995 82.3
      vertex 88.60371967673204 -101.13595829978689 82.3
    endloop
  endfacet
  facet normal 0 0 1
    outer loop
      vertex 88.63532151983473 -108.64027054123763 82.3
      vertex 88.34901965729019 -100.71712196172324 82.3
      vertex 88.2167652971346 -100.24509996837324 82.3
    endloop
  endfacet
  facet normal 0 0 1
    outer loop
      vertex 88.74736206493652 -108.40249539192386 82.3
      vertex 88.60371967673204 -101.13595829978689 82.3
      vertex 88.34901965729019 -100.71712196172324 82.3
    endloop
  endfacet
  facet normal 0 0 1
    outer loop
      vertex 89.24126509125644 -108.3694817277995 82.3
      vertex 88.96197542019324 -101.4705458074188 82.3
      vertex 88.60371967673204 -101.13595829978689 82.3
    endloop
  endfacet
  facet normal 0 0 1
    outer loop
      vertex 89.24126509125644 -108.3694817277995 82.3
      vertex 89.52186486251782 -108.73337875393746 82.3
      vertex 88.96197542019324 -101.4705458074188 82.3
    endloop
  endfacet
  facet normal 0 0 1
    outer loop
      vertex 89.74917253140345 -108.712756448387 82.3
      vertex 89.7828477702631 -108.74643168724666 82.3
      vertex 89.39721669809222 -101.69606965981387 82.3
    endloop
  endfacet
  facet normal 0 0 1
    outer loop
      vertex 89.52186486251782 -108.73337875393746 82.3
      vertex 89.74917253140345 -108.712756448387 82.3
      vertex 89.39721669809222 -101.69606965981387 82.3
    endloop
  endfacet
  facet normal 0 0 1
    outer loop
      vertex 89.7828477702631 -108.74643168724666 82.3
      vertex 90.0668763442978 -108.74643168724666 82.3
      vertex 89.87716365594359 -101.79580378454297 82.3
    endloop
  endfacet
  facet normal 0 0 1
    outer loop
      vertex 90.0668763442978 -108.74643168724666 82.3
      vertex 90.24721042587771 -108.65349391196774 82.3
      vertex 89.87716365594359 -101.79580378454297 82.3
    endloop
  endfacet
  facet normal 0 0 1
    outer loop
      vertex 90.33526488449391 -108.74154837058394 82.3
      vertex 89.87716365594359 -101.79580378454297 82.3
      vertex 90.24721042587771 -108.65349391196774 82.3
    endloop
  endfacet
  facet normal 0 0 1
    outer loop
      vertex 90.33526488449391 -108.74154837058394 82.3
      vertex 90.74463371628224 -108.57271742622018 82.3
      vertex 89.87716365594359 -101.79580378454297 82.3
    endloop
  endfacet
  facet normal 0 0 1
    outer loop
      vertex 89.7828477702631 -108.74643168724666 82.3
      vertex 89.87716365594359 -101.79580378454297 82.3
      vertex 89.39721669809222 -101.69606965981387 82.3
    endloop
  endfacet
  facet normal 0 0 1
    outer loop
      vertex 89.52186486251782 -108.73337875393746 82.3
      vertex 89.39721669809222 -101.69606965981387 82.3
      vertex 88.96197542019324 -101.4705458074188 82.3
    endloop
  endfacet
  facet normal 0 0 1
    outer loop
      vertex 90.74463371628224 -108.57271742622018 82.3
      vertex 90.36622082349474 -101.76235135782818 82.3
      vertex 89.87716365594359 -101.79580378454297 82.3
    endloop
  endfacet
  facet normal 0 0 1
    outer loop
      vertex 90.87530203582003 -108.70338574575798 82.3
      vertex 91.12588765093187 -108.67463372491194 82.3
      vertex 91.23980672266042 -108.47022880693365 82.3
    endloop
  endfacet
  facet normal 0 0 1
    outer loop
      vertex 91.40318469433313 -108.63360677860636 82.3
      vertex 91.63977584479227 -108.59266306857447 82.3
      vertex 91.7311006610951 -108.34588515116121 82.3
    endloop
  endfacet
  facet normal 0 0 1
    outer loop
      vertex 91.91881391272854 -108.53359840279465 82.3
      vertex 92.14275239417226 -108.48152373998307 82.3
      vertex 92.2168989903557 -108.1996004897327 82.3
    endloop
  endfacet
  facet normal 0 0 1
    outer loop
      vertex 92.42185772174483 -108.40455922112183 82.3
      vertex 92.63422853220932 -108.34220152484265 82.3
      vertex 92.6956027196317 -108.03134728974477 82.3
    endloop
  endfacet
  facet normal 0 0 1
    outer loop
      vertex 92.91181541353112 -108.2475599836442 82.3
      vertex 93.11350067233633 -108.17559882800265 82.3
      vertex 93.16563565995266 -107.8411577990891 82.3
    endloop
  endfacet
  facet normal 0 0 1
    outer loop
      vertex 93.3880637955339 -108.06358593467034 82.3
      vertex 93.57978247119914 -107.98256494578696 82.3
      vertex 93.62544960207718 -107.62912522551377 82.3
    endloop
  endfacet
  facet normal 0 0 1
    outer loop
      vertex 90.74463371628224 -108.57271742622018 82.3
      vertex 90.87530203582003 -108.70338574575798 82.3
      vertex 90.36622082349474 -101.76235135782818 82.3
    endloop
  endfacet
  facet normal 0 0 1
    outer loop
      vertex 90.87530203582003 -108.70338574575798 82.3
      vertex 91.23980672266042 -108.47022880693365 82.3
      vertex 90.36622082349474 -101.76235135782818 82.3
    endloop
  endfacet
  facet normal 0 0 1
    outer loop
      vertex 91.40318469433313 -108.63360677860636 82.3
      vertex 91.22859565779358 -101.31550473570063 82.3
      vertex 91.23980672266042 -108.47022880693365 82.3
    endloop
  endfacet
  facet normal 0 0 1
    outer loop
      vertex 91.40318469433313 -108.63360677860636 82.3
      vertex 91.7311006610951 -108.34588515116121 82.3
      vertex 91.22859565779358 -101.31550473570063 82.3
    endloop
  endfacet
  facet normal 0 0 1
    outer loop
      vertex 91.7311006610951 -108.34588515116121 82.3
      vertex 91.91881391272854 -108.53359840279465 82.3
      vertex 91.73325111722603 -100.48563418808264 82.3
    endloop
  endfacet
  facet normal 0 0 1
    outer loop
      vertex 91.23980672266042 -108.47022880693365 82.3
      vertex 90.82811706791607 -101.59819339312428 82.3
      vertex 90.36622082349474 -101.76235135782818 82.3
    endloop
  endfacet
  facet normal 0 0 1
    outer loop
      vertex 91.23980672266042 -108.47022880693365 82.3
      vertex 91.22859565779358 -101.31550473570063 82.3
      vertex 90.82811706791607 -101.59819339312428 82.3
    endloop
  endfacet
  facet normal 0 0 1
    outer loop
      vertex 91.7311006610951 -108.34588515116121 82.3
      vertex 91.53795492818368 -100.93525111006377 82.3
      vertex 91.22859565779358 -101.31550473570063 82.3
    endloop
  endfacet
  facet normal 0 0 1
    outer loop
      vertex 91.7311006610951 -108.34588515116121 82.3
      vertex 91.73325111722603 -100.48563418808264 82.3
      vertex 91.53795492818368 -100.93525111006377 82.3
    endloop
  endfacet
  facet normal 0 0 1
    outer loop
      vertex 87.29610129921922 -91.67825548241741 82.3
      vertex 87.75553495535019 -107.76053167350771 82.3
      vertex 88.63532151983473 -108.64027054123763 82.3
    endloop
  endfacet
  facet normal 0 0 1
    outer loop
      vertex 88.63532151983473 -108.64027054123763 82.3
      vertex 88.2167652971346 -100.24509996837324 82.3
      vertex 87.77558957580699 -91.53746502135787 82.3
    endloop
  endfacet
  facet normal 0 0 1
    outer loop
      vertex 87.29610129921922 -91.67825548241741 82.3
      vertex 88.63532151983473 -108.64027054123763 82.3
      vertex 87.77558957580699 -91.53746502135787 82.3
    endloop
  endfacet
  facet normal 0 0 1
    outer loop
      vertex 87.77558957580699 -91.53746502135787 82.3
      vertex 88.2167652971346 -100.24509996837324 82.3
      vertex 88.2167652971346 -99.75490003162676 82.3
    endloop
  endfacet
  facet normal 0 0 1
    outer loop
      vertex 87.77558957580699 -91.53746502135787 82.3
      vertex 88.2167652971346 -99.75490003162676 82.3
      vertex 88.34901965729019 -99.28287803827676 82.3
    endloop
  endfacet
  facet normal 0 0 1
    outer loop
      vertex 87.77558957580699 -91.53746502135787 82.3
      vertex 88.34901965729019 -99.28287803827676 82.3
      vertex 88.60371967673204 -98.86404170021311 82.3
    endloop
  endfacet
  facet normal 0 0 1
    outer loop
      vertex 88.26233341684973 -91.42427759044156 82.3
      vertex 88.60371967673204 -98.86404170021311 82.3
      vertex 88.96197542019324 -98.5294541925812 82.3
    endloop
  endfacet
  facet normal 0 0 1
    outer loop
      vertex 91.91881391272854 -108.53359840279465 82.3
      vertex 91.8 -100 82.3
      vertex 91.73325111722603 -100.48563418808264 82.3
    endloop
  endfacet
  facet normal 0 0 1
    outer loop
      vertex 91.91881391272854 -108.53359840279465 82.3
      vertex 92.2168989903557 -108.1996004897327 82.3
      vertex 91.73766658315027 -91.42427759044156 82.3
    endloop
  endfacet
  facet normal 0 0 1
    outer loop
      vertex 91.91881391272854 -108.53359840279465 82.3
      vertex 91.73766658315027 -91.42427759044156 82.3
      vertex 91.8 -100 82.3
    endloop
  endfacet
  facet normal 0 0 1
    outer loop
      vertex 92.42185772174483 -108.40455922112183 82.3
      vertex 92.22441042419301 -91.53746502135787 82.3
      vertex 92.2168989903557 -108.1996004897327 82.3
    endloop
  endfacet
  facet normal 0 0 1
    outer loop
      vertex 92.42185772174483 -108.40455922112183 82.3
      vertex 92.6956027196317 -108.03134728974477 82.3
      vertex 92.22441042419301 -91.53746502135787 82.3
    endloop
  endfacet
  facet normal 0 0 1
    outer loop
      vertex 92.6956027196317 -108.03134728974477 82.3
      vertex 92.91181541353112 -108.2475599836442 82.3
      vertex 92.70389870078078 -91.67825548241741 82.3
    endloop
  endfacet
  facet normal 0 0 1
    outer loop
      vertex 92.91181541353112 -108.2475599836442 82.3
      vertex 93.16563565995266 -107.8411577990891 82.3
      vertex 92.70389870078078 -91.67825548241741 82.3
    endloop
  endfacet
  facet normal 0 0 1
    outer loop
      vertex 93.16563565995266 -107.8411577990891 82.3
      vertex 93.3880637955339 -108.06358593467034 82.3
      vertex 93.17456742181811 -91.8461897443998 82.3
    endloop
  endfacet
  facet normal 0 0 1
    outer loop
      vertex 93.3880637955339 -108.06358593467034 82.3
      vertex 93.62544960207718 -107.62912522551377 82.3
      vertex 93.17456742181811 -91.8461897443998 82.3
    endloop
  endfacet
  facet normal 0 0 1
    outer loop
      vertex 93.62544960207718 -107.62912522551377 82.3
      vertex 93.84989114422723 -107.85356676766382 82.3
      vertex 93.63488136376651 -92.04072004064797 82.3
    endloop
  endfacet
  facet normal 0 0 1
    outer loop
      vertex 91.24525483489124 -91.33906238354184 82.3
      vertex 91.22859565779358 -98.68449526429937 82.3
      vertex 91.53795492818368 -99.06474888993623 82.3
    endloop
  endfacet
  facet normal 0 0 1
    outer loop
      vertex 91.73766658315027 -91.42427759044156 82.3
      vertex 91.73325111722603 -99.51436581191736 82.3
      vertex 91.8 -100 82.3
    endloop
  endfacet
  facet normal 0 0 1
    outer loop
      vertex 91.73766658315027 -91.42427759044156 82.3
      vertex 91.53795492818368 -99.06474888993623 82.3
      vertex 91.73325111722603 -99.51436581191736 82.3
    endloop
  endfacet
  facet normal 0 0 1
    outer loop
      vertex 92.2168989903557 -108.1996004897327 82.3
      vertex 92.22441042419301 -91.53746502135787 82.3
      vertex 91.73766658315027 -91.42427759044156 82.3
    endloop
  endfacet
  facet normal 0 0 1
    outer loop
      vertex 92.6956027196317 -108.03134728974477 82.3
      vertex 92.70389870078078 -91.67825548241741 82.3
      vertex 92.22441042419301 -91.53746502135787 82.3
    endloop
  endfacet
  facet normal 0 0 1
    outer loop
      vertex 93.16563565995266 -107.8411577990891 82.3
      vertex 93.17456742181811 -91.8461897443998 82.3
      vertex 92.70389870078078 -91.67825548241741 82.3
    endloop
  endfacet
  facet normal 0 0 1
    outer loop
      vertex 93.62544960207718 -107.62912522551377 82.3
      vertex 93.63488136376651 -92.04072004064797 82.3
      vertex 93.17456742181811 -91.8461897443998 82.3
    endloop
  endfacet
  facet normal 0 0 1
    outer loop
      vertex 93.84989114422723 -107.85356676766382 82.3
      vertex 94.03222867261753 -107.76391744078495 82.3
      vertex 94.07352940386983 -107.39540474317894 82.3
    endloop
  endfacet
  facet normal 0 0 1
    outer loop
      vertex 94.29652255871636 -107.61839789802548 82.3
      vertex 94.46995309918398 -107.52045716750953 82.3
      vertex 94.5083979704793 -107.14021432016554 82.3
    endloop
  endfacet
  facet normal 0 0 1
    outer loop
      vertex 94.72713915065547 -107.35895550034172 82.3
      vertex 94.8920423604106 -107.25297864242229 82.3
      vertex 94.92862111097874 -106.86383536092217 82.3
    endloop
  endfacet
  facet normal 0 0 1
    outer loop
      vertex 93.84989114422723 -107.85356676766382 82.3
      vertex 94.07352940386983 -107.39540474317894 82.3
      vertex 93.63488136376651 -92.04072004064797 82.3
    endloop
  endfacet
  facet normal 0 0 1
    outer loop
      vertex 94.29652255871636 -107.61839789802548 82.3
      vertex 94.5083979704793 -107.14021432016554 82.3
      vertex 94.08333907822464 -92.26121185376913 82.3
    endloop
  endfacet
  facet normal 0 0 1
    outer loop
      vertex 94.29652255871636 -107.61839789802548 82.3
      vertex 94.08333907822464 -92.26121185376913 82.3
      vertex 94.07352940386983 -107.39540474317894 82.3
    endloop
  endfacet
  facet normal 0 0 1
    outer loop
      vertex 94.5083979704793 -107.14021432016554 82.3
      vertex 94.72713915065547 -107.35895550034172 82.3
      vertex 94.51847778934092 -92.5069459852986 82.3
    endloop
  endfacet
  facet normal 0 0 1
    outer loop
      vertex 94.72713915065547 -107.35895550034172 82.3
      vertex 94.92862111097874 -106.86383536092217 82.3
      vertex 94.51847778934092 -92.5069459852986 82.3
    endloop
  endfacet
  facet normal 0 0 1
    outer loop
      vertex 95.14089269860375 -107.07610694854718 82.3
      vertex 94.93887816508423 -92.77712090157573 82.3
      vertex 94.92862111097874 -106.86383536092217 82.3
    endloop
  endfacet
  facet normal 0 0 1
    outer loop
      vertex 95.14089269860375 -107.07610694854718 82.3
      vertex 95.34111749036592 -106.85733430730367 82.3
      vertex 94.93887816508423 -92.77712090157573 82.3
    endloop
  endfacet
  facet normal 0 0 1
    outer loop
      vertex 95.34111749036592 -106.85733430730367 82.3
      vertex 95.38831676842922 -106.89222746127687 82.3
      vertex 95.34316894681008 -93.07085534818009 82.3
    endloop
  endfacet
  facet normal 0 0 1
    outer loop
      vertex 95.38831676842922 -106.89222746127687 82.3
      vertex 95.53691686369191 -106.77071776635063 82.3
      vertex 95.34316894681008 -93.07085534818009 82.3
    endloop
  endfacet
  facet normal 0 0 1
    outer loop
      vertex 95.53691686369191 -106.77071776635063 82.3
      vertex 95.72793094862367 -106.53928261385474 82.3
      vertex 95.34316894681008 -93.07085534818009 82.3
    endloop
  endfacet
  facet normal 0 0 1
    outer loop
      vertex 95.77354015448465 -106.57287682213332 82.3
      vertex 96.05515971637523 -106.31440872609969 82.3
      vertex 95.73003142202124 -93.38719122440024 82.3
    endloop
  endfacet
  facet normal 0 0 1
    outer loop
      vertex 95.77354015448465 -106.57287682213332 82.3
      vertex 95.73003142202124 -93.38719122440024 82.3
      vertex 95.72793094862367 -106.53928261385474 82.3
    endloop
  endfacet
  facet normal 0 0 1
    outer loop
      vertex 96.05515971637523 -106.31440872609969 82.3
      vertex 96.08781758618635 -105.91134097413816 82.3
      vertex 95.73003142202124 -93.38719122440024 82.3
    endloop
  endfacet
  facet normal 0 0 1
    outer loop
      vertex 96.27226997127934 -106.09579335923115 82.3
      vertex 96.44439580551828 -105.84340055476807 82.3
      vertex 96.09820372573381 -93.72509670835908 82.3
    endloop
  endfacet
  facet normal 0 0 1
    outer loop
      vertex 96.08781758618635 -105.91134097413816 82.3
      vertex 96.27226997127934 -106.09579335923115 82.3
      vertex 96.09820372573381 -93.72509670835908 82.3
    endloop
  endfacet
  facet normal 0 0 1
    outer loop
      vertex 96.44439580551828 -105.84340055476807 82.3
      vertex 96.48443168978771 -105.8727375125864 82.3
      vertex 96.44648495641854 -94.08346962260234 82.3
    endloop
  endfacet
  facet normal 0 0 1
    outer loop
      vertex 96.48443168978771 -105.8727375125864 82.3
      vertex 96.60984149242617 -105.72800688506372 82.3
      vertex 96.44648495641854 -94.08346962260234 82.3
    endloop
  endfacet
  facet normal 0 0 1
    outer loop
      vertex 96.60984149242617 -105.72800688506372 82.3
      vertex 96.77168363953945 -105.46690870926398 82.3
      vertex 96.44648495641854 -94.08346962260234 82.3
    endloop
  endfacet
  facet normal 0 0 1
    outer loop
      vertex 96.80846695496706 -105.4938230790607 82.3
      vertex 96.92617578193068 -105.34117555903163 82.3
      vertex 96.77373909309198 -94.46114102917238 82.3
    endloop
  endfacet
  facet normal 0 0 1
    outer loop
      vertex 96.80846695496706 -105.4938230790607 82.3
      vertex 96.77373909309198 -94.46114102917238 82.3
      vertex 96.77168363953945 -105.46690870926398 82.3
    endloop
  endfacet
  facet normal 0 0 1
    outer loop
      vertex 94.07352940386983 -107.39540474317894 82.3
      vertex 94.08333907822464 -92.26121185376913 82.3
      vertex 93.63488136376651 -92.04072004064797 82.3
    endloop
  endfacet
  facet normal 0 0 1
    outer loop
      vertex 94.5083979704793 -107.14021432016554 82.3
      vertex 94.51847778934092 -92.5069459852986 82.3
      vertex 94.08333907822464 -92.26121185376913 82.3
    endloop
  endfacet
  facet normal 0 0 1
    outer loop
      vertex 94.92862111097874 -106.86383536092217 82.3
      vertex 94.93887816508423 -92.77712090157573 82.3
      vertex 94.51847778934092 -92.5069459852986 82.3
    endloop
  endfacet
  facet normal 0 0 1
    outer loop
      vertex 95.34111749036592 -106.85733430730367 82.3
      vertex 95.34316894681008 -93.07085534818009 82.3
      vertex 94.93887816508423 -92.77712090157573 82.3
    endloop
  endfacet
  facet normal 0 0 1
    outer loop
      vertex 96.77168363953945 -105.46690870926398 82.3
      vertex 96.77373909309198 -94.46114102917238 82.3
      vertex 96.44648495641854 -94.08346962260234 82.3
    endloop
  endfacet
  facet normal 0 0 1
    outer loop
      vertex 95.72793094862367 -106.53928261385474 82.3
      vertex 95.73003142202124 -93.38719122440024 82.3
      vertex 95.34316894681008 -93.07085534818009 82.3
    endloop
  endfacet
  facet normal 0 0 1
    outer loop
      vertex 96.08781758618635 -105.91134097413816 82.3
      vertex 96.09820372573381 -93.72509670835908 82.3
      vertex 95.73003142202124 -93.38719122440024 82.3
    endloop
  endfacet
  facet normal 0 0 1
    outer loop
      vertex 96.44439580551828 -105.84340055476807 82.3
      vertex 96.44648495641854 -94.08346962260234 82.3
      vertex 96.09820372573381 -93.72509670835908 82.3
    endloop
  endfacet
  facet normal 0 0 1
    outer loop
      vertex 96.92617578193068 -105.34117555903163 82.3
      vertex 97.07687729039885 -105.0723623624409 82.3
      vertex 96.77373909309198 -94.46114102917238 82.3
    endloop
  endfacet
  facet normal 0 0 1
    outer loop
      vertex 97.11048083377726 -105.09693356020311 82.3
      vertex 97.22040291638262 -104.93617763823715 82.3
      vertex 97.0788987007808 -94.85687904244087 82.3
    endloop
  endfacet
  facet normal 0 0 1
    outer loop
      vertex 97.07687729039885 -105.0723623624409 82.3
      vertex 97.11048083377726 -105.09693356020311 82.3
      vertex 97.0788987007808 -94.85687904244087 82.3
    endloop
  endfacet
  facet normal 0 0 1
    outer loop
      vertex 97.22040291638262 -104.93617763823715 82.3
      vertex 97.35896722552698 -104.66055647724212 82.3
      vertex 97.0788987007808 -94.85687904244087 82.3
    endloop
  endfacet
  facet normal 0 0 1
    outer loop
      vertex 97.38967056911186 -104.68300997033127 82.3
      vertex 97.49165656940254 -104.51388517995956 82.3
      vertex 97.36096841227284 -95.26939284726352 82.3
    endloop
  endfacet
  facet normal 0 0 1
    outer loop
      vertex 97.35896722552698 -104.66055647724212 82.3
      vertex 97.38967056911186 -104.68300997033127 82.3
      vertex 97.36096841227284 -95.26939284726352 82.3
    endloop
  endfacet
  facet normal 0 0 1
    outer loop
      vertex 97.87639259213684 -103.80778962713727 82.3
      vertex 97.96177542604768 -103.62082729995005 82.3
      vertex 97.85223625104939 -97.84744246515316 82.3
    endloop
  endfacet
  facet normal 0 0 1
    outer loop
      vertex 97.85017594649705 -103.78856456716679 82.3
      vertex 97.87639259213684 -103.80778962713727 82.3
      vertex 97.85223625104939 -97.84744246515316 82.3
    endloop
  endfacet
  facet normal 0 0 1
    outer loop
      vertex 97.96177542604768 -103.62082729995005 82.3
      vertex 98.057662640017 -103.33017715717659 82.3
      vertex 97.85223625104939 -97.84744246515316 82.3
    endloop
  endfacet
  facet normal 0 0 1
    outer loop
      vertex 98.08233414587534 -103.34831704708118 82.3
      vertex 98.15888568743846 -103.15169600813603 82.3
      vertex 97.85223625104939 -97.84744246515316 82.3
    endloop
  endfacet
  facet normal 0 0 1
    outer loop
      vertex 98.08233414587534 -103.34831704708118 82.3
      vertex 97.85223625104939 -97.84744246515316 82.3
      vertex 98.057662640017 -103.33017715717659 82.3
    endloop
  endfacet
  facet normal 0 0 1
    outer loop
      vertex 97.49165656940254 -104.51388517995956 82.3
      vertex 97.61701893167623 -104.23233040520242 82.3
      vertex 97.36096841227284 -95.26939284726352 82.3
    endloop
  endfacet
  facet normal 0 0 1
    outer loop
      vertex 97.61701893167623 -104.23233040520242 82.3
      vertex 97.64523918963411 -104.25298769337535 82.3
      vertex 97.61902817479805 -95.69733690935097 82.3
    endloop
  endfacet
  facet normal 0 0 1
    outer loop
      vertex 97.64523918963411 -104.25298769337535 82.3
      vertex 97.7390709754378 -104.07515668355556 82.3
      vertex 97.61902817479805 -95.69733690935097 82.3
    endloop
  endfacet
  facet normal 0 0 1
    outer loop
      vertex 97.7390709754378 -104.07515668355556 82.3
      vertex 97.85017594649705 -103.78856456716679 82.3
      vertex 97.61902817479805 -95.69733690935097 82.3
    endloop
  endfacet
  facet normal 0 0 1
    outer loop
      vertex 98.15888568743846 -103.15169600813603 82.3
      vertex 98.2387867377498 -102.85812090826438 82.3
      vertex 97.85223625104939 -97.84744246515316 82.3
    endloop
  endfacet
  facet normal 0 0 1
    outer loop
      vertex 98.2387867377498 -102.85812090826438 82.3
      vertex 98.26225619747603 -102.87543762159217 82.3
      vertex 97.85223625104939 -97.84744246515316 82.3
    endloop
  endfacet
  facet normal 0 0 1
    outer loop
      vertex 98.26225619747603 -102.87543762159217 82.3
      vertex 98.3294914283706 -102.66850885834974 82.3
      vertex 97.85223625104939 -97.84744246515316 82.3
    endloop
  endfacet
  facet normal 0 0 1
    outer loop
      vertex 98.3294914283706 -102.66850885834974 82.3
      vertex 98.39294157804213 -102.37337996003221 82.3
      vertex 97.85223625104939 -97.84744246515316 82.3
    endloop
  endfacet
  facet normal 0 0 1
    outer loop
      vertex 98.39294157804213 -102.37337996003221 82.3
      vertex 98.41532754462156 -102.3899697207391 82.3
      vertex 97.85223625104939 -97.84744246515316 82.3
    endloop
  endfacet
  facet normal 0 0 1
    outer loop
      vertex 98.41532754462156 -102.3899697207391 82.3
      vertex 98.47263831233735 -102.17193694622372 82.3
      vertex 97.85223625104939 -97.84744246515316 82.3
    endloop
  endfacet
  facet normal 0 0 1
    outer loop
      vertex 98.47263831233735 -102.17193694622372 82.3
      vertex 98.51960809716468 -101.8769668686589 82.3
      vertex 97.85223625104939 -97.84744246515316 82.3
    endloop
  endfacet
  facet normal 0 0 1
    outer loop
      vertex 98.54067549217974 -101.89266173628855 82.3
      vertex 98.58730275504553 -101.66254712918739 82.3
      vertex 97.85223625104939 -97.84744246515316 82.3
    endloop
  endfacet
  facet normal 0 0 1
    outer loop
      vertex 98.51960809716468 -101.8769668686589 82.3
      vertex 98.54067549217974 -101.89266173628855 82.3
      vertex 97.85223625104939 -97.84744246515316 82.3
    endloop
  endfacet
  facet normal 0 0 1
    outer loop
      vertex 98.58730275504553 -101.66254712918739 82.3
      vertex 98.6183565365637 -101.36991980029217 82.3
      vertex 97.85223625104939 -97.84744246515316 82.3
    endloop
  endfacet
  facet normal 0 0 1
    outer loop
      vertex 98.63736041683957 -101.38416448906712 82.3
      vertex 98.67235634114824 -101.1407624891109 82.3
      vertex 97.85223625104939 -97.84744246515316 82.3
    endloop
  endfacet
  facet normal 0 0 1
    outer loop
      vertex 98.6183565365637 -101.36991980029217 82.3
      vertex 98.63736041683957 -101.38416448906712 82.3
      vertex 97.85223625104939 -97.84744246515316 82.3
    endloop
  endfacet
  facet normal 0 0 1
    outer loop
      vertex 98.67235634114824 -101.1407624891109 82.3
      vertex 98.68884786760567 -100.8532999485251 82.3
      vertex 97.85223625104939 -97.84744246515316 82.3
    endloop
  endfacet
  facet normal 0 0 1
    outer loop
      vertex 98.70433969604089 -100.86499380121835 82.3
      vertex 98.72651529858001 -100.60680794937377 82.3
      vertex 98.69296518429981 -99.22916860800521 82.3
    endloop
  endfacet
  facet normal 0 0 1
    outer loop
      vertex 98.68884786760567 -100.8532999485251 82.3
      vertex 98.70433969604089 -100.86499380121835 82.3
      vertex 98.69296518429981 -99.22916860800521 82.3
    endloop
  endfacet
  facet normal 0 0 1
    outer loop
      vertex 98.72651529858001 -100.60680794937377 82.3
      vertex 98.73083493006267 -100.32818921570936 82.3
      vertex 98.69296518429981 -99.22916860800521 82.3
    endloop
  endfacet
  facet normal 0 0 1
    outer loop
      vertex 98.74041614445694 -100.33547871332917 82.3
      vertex 98.74826783014832 -100.06063385560192 82.3
      vertex 98.7357296593537 -99.50176788637019 82.3
    endloop
  endfacet
  facet normal 0 0 1
    outer loop
      vertex 98.74041614445694 -100.33547871332917 82.3
      vertex 98.7357296593537 -99.50176788637019 82.3
      vertex 98.73083493006267 -100.32818921570936 82.3
    endloop
  endfacet
  facet normal 0 0 1
    outer loop
      vertex 98.74826783014832 -100.06063385560192 82.3
      vertex 98.7441632814942 -99.79568819609227 82.3
      vertex 98.7357296593537 -99.50176788637019 82.3
    endloop
  endfacet
  facet normal 0 0 1
    outer loop
      vertex 97.07687729039885 -105.0723623624409 82.3
      vertex 97.0788987007808 -94.85687904244087 82.3
      vertex 96.77373909309198 -94.46114102917238 82.3
    endloop
  endfacet
  facet normal 0 0 1
    outer loop
      vertex 97.61701893167623 -104.23233040520242 82.3
      vertex 97.61902817479805 -95.69733690935097 82.3
      vertex 97.36096841227284 -95.26939284726352 82.3
    endloop
  endfacet
  facet normal 0 0 1
    outer loop
      vertex 97.35896722552698 -104.66055647724212 82.3
      vertex 97.36096841227284 -95.26939284726352 82.3
      vertex 97.0788987007808 -94.85687904244087 82.3
    endloop
  endfacet
  facet normal 0 0 1
    outer loop
      vertex 97.85017594649705 -103.78856456716679 82.3
      vertex 97.85223625104939 -97.84744246515316 82.3
      vertex 97.61902817479805 -95.69733690935097 82.3
    endloop
  endfacet
  facet normal 0 0 1
    outer loop
      vertex 98.68884786760567 -100.8532999485251 82.3
      vertex 98.64034920184312 -98.63662296723454 82.3
      vertex 97.85223625104939 -97.84744246515316 82.3
    endloop
  endfacet
  facet normal 0 0 1
    outer loop
      vertex 97.85223625104939 -97.84744246515316 82.3
      vertex 97.7 -95.85079558350154 82.3
      vertex 97.61902817479805 -95.69733690935097 82.3
    endloop
  endfacet
  facet normal 0 0 1
    outer loop
      vertex 98.7441632814942 -99.79568819609227 82.3
      vertex 98.73576774192713 -99.50180596894363 82.3
      vertex 98.7357296593537 -99.50176788637019 82.3
    endloop
  endfacet
  facet normal 0 0 1
    outer loop
      vertex 98.73083493006267 -100.32818921570936 82.3
      vertex 98.7357296593537 -99.50176788637019 82.3
      vertex 98.69296518429981 -99.22916860800521 82.3
    endloop
  endfacet
  facet normal 0 0 1
    outer loop
      vertex 98.68884786760567 -100.8532999485251 82.3
      vertex 98.69296518429981 -99.22916860800521 82.3
      vertex 98.68172408449036 -98.92439159696029 82.3
    endloop
  endfacet
  facet normal 0 0 1
    outer loop
      vertex 98.7357296593537 -99.50176788637019 82.3
      vertex 98.71381496387257 -99.24532473881963 82.3
      vertex 98.69296518429981 -99.22916860800521 82.3
    endloop
  endfacet
  facet normal 0 0 1
    outer loop
      vertex 98.68884786760567 -100.8532999485251 82.3
      vertex 98.68172408449036 -98.92439159696029 82.3
      vertex 98.64034920184312 -98.63662296723454 82.3
    endloop
  endfacet
  facet normal 0 0 1
    outer loop
      vertex 88.75474516510876 -91.33906238354184 82.3
      vertex 88.96197542019324 -98.5294541925812 82.3
      vertex 89.39721669809222 -98.30393034018613 82.3
    endloop
  endfacet
  facet normal 0 0 1
    outer loop
      vertex 87.77558957580699 -91.53746502135787 82.3
      vertex 88.60371967673204 -98.86404170021311 82.3
      vertex 88.26233341684973 -91.42427759044156 82.3
    endloop
  endfacet
  facet normal 0 0 1
    outer loop
      vertex 88.26233341684973 -91.42427759044156 82.3
      vertex 88.96197542019324 -98.5294541925812 82.3
      vertex 88.75474516510876 -91.33906238354184 82.3
    endloop
  endfacet
  facet normal 0 0 1
    outer loop
      vertex 89.25121867581015 -91.28209735495145 82.3
      vertex 89.39721669809222 -98.30393034018613 82.3
      vertex 89.87716365594359 -98.20419621545703 82.3
    endloop
  endfacet
  facet normal 0 0 1
    outer loop
      vertex 89.75013455555516 -91.25356831275334 82.3
      vertex 89.87716365594359 -98.20419621545703 82.3
      vertex 90.36622082349474 -98.23764864217182 82.3
    endloop
  endfacet
  facet normal 0 0 1
    outer loop
      vertex 90.24986544444484 -91.25356831275334 82.3
      vertex 90.36622082349474 -98.23764864217182 82.3
      vertex 90.82811706791607 -98.40180660687572 82.3
    endloop
  endfacet
  facet normal 0 0 1
    outer loop
      vertex 88.75474516510876 -91.33906238354184 82.3
      vertex 89.39721669809222 -98.30393034018613 82.3
      vertex 89.25121867581015 -91.28209735495145 82.3
    endloop
  endfacet
  facet normal 0 0 1
    outer loop
      vertex 89.25121867581015 -91.28209735495145 82.3
      vertex 89.87716365594359 -98.20419621545703 82.3
      vertex 89.75013455555516 -91.25356831275334 82.3
    endloop
  endfacet
  facet normal 0 0 1
    outer loop
      vertex 89.75013455555516 -91.25356831275334 82.3
      vertex 90.36622082349474 -98.23764864217182 82.3
      vertex 90.24986544444484 -91.25356831275334 82.3
    endloop
  endfacet
  facet normal 0 0 1
    outer loop
      vertex 90.24986544444484 -91.25356831275334 82.3
      vertex 90.82811706791607 -98.40180660687572 82.3
      vertex 90.74878132418985 -91.28209735495145 82.3
    endloop
  endfacet
  facet normal 0 0 1
    outer loop
      vertex 90.74878132418985 -91.28209735495145 82.3
      vertex 90.82811706791607 -98.40180660687572 82.3
      vertex 91.22859565779358 -98.68449526429937 82.3
    endloop
  endfacet
  facet normal 0 0 1
    outer loop
      vertex 90.74878132418985 -91.28209735495145 82.3
      vertex 91.22859565779358 -98.68449526429937 82.3
      vertex 91.24525483489124 -91.33906238354184 82.3
    endloop
  endfacet
  facet normal 0 0 1
    outer loop
      vertex 91.24525483489124 -91.33906238354184 82.3
      vertex 91.53795492818368 -99.06474888993623 82.3
      vertex 91.73766658315027 -91.42427759044156 82.3
    endloop
  endfacet
  facet normal -0.8254718969627711 -0.5644432188667735 0
    outer loop
      vertex -97.36096841227284 95.26939284726352 2.299999999999997
      vertex -97.0788987007808 94.85687904244087 2.299999999999997
      vertex -97.36096841227284 95.26939284726352 82.3
    endloop
  endfacet
  facet normal -0.7919022459222785 -0.6106478796354337 0
    outer loop
      vertex -97.0788987007808 94.85687904244087 2.299999999999997
      vertex -96.77373909309198 94.46114102917238 2.299999999999997
      vertex -97.0788987007808 94.85687904244087 82.3
    endloop
  endfacet
  facet normal -0.8563490302515976 -0.5163974616389475 0
    outer loop
      vertex -97.36096841227284 95.26939284726352 2.299999999999997
      vertex -97.61902817479805 95.69733690935097 82.3
      vertex -97.61902817479805 95.69733690935097 2.299999999999997
    endloop
  endfacet
  facet normal -0.8844329309978107 -0.4666673232256807 0
    outer loop
      vertex -97.7 95.85079558350154 2.299999999999997
      vertex -97.61902817479805 95.69733690935097 2.299999999999997
      vertex -97.61902817479805 95.69733690935097 82.3
    endloop
  endfacet
  facet normal -0.5406408174555932 -0.841253532831184 0
    outer loop
      vertex -94.93887816508423 92.77712090157573 2.299999999999997
      vertex -94.51847778934092 92.5069459852986 2.299999999999997
      vertex -94.93887816508423 92.77712090157573 82.3
    endloop
  endfacet
  facet normal -0.49173292464559976 -0.8707460771197795 0
    outer loop
      vertex -94.51847778934092 92.5069459852986 2.299999999999997
      vertex -94.08333907822464 92.26121185376913 2.299999999999997
      vertex -94.51847778934092 92.5069459852986 82.3
    endloop
  endfacet
  facet normal -0.44122110124322317 -0.8973984286913576 0
    outer loop
      vertex -94.08333907822464 92.26121185376913 2.299999999999997
      vertex -93.63488136376651 92.04072004064797 2.299999999999997
      vertex -94.08333907822464 92.26121185376913 82.3
    endloop
  endfacet
  facet normal -0.755749574354247 -0.6548607339452981 0
    outer loop
      vertex -96.77373909309198 94.46114102917238 2.299999999999997
      vertex -96.44648495641854 94.08346962260234 2.299999999999997
      vertex -96.77373909309198 94.46114102917238 82.3
    endloop
  endfacet
  facet normal -0.7171318047589705 -0.6969375686552861 0
    outer loop
      vertex -96.44648495641854 94.08346962260234 2.299999999999997
      vertex -96.09820372573382 93.72509670835908 2.299999999999997
      vertex -96.44648495641854 94.08346962260234 82.3
    endloop
  endfacet
  facet normal -0.6761749002740153 -0.7367411378764087 0
    outer loop
      vertex -96.09820372573382 93.72509670835908 2.299999999999997
      vertex -95.73003142202124 93.38719122440024 2.299999999999997
      vertex -96.09820372573382 93.72509670835908 82.3
    endloop
  endfacet
  facet normal -0.6330124538088758 -0.7741416106390779 0
    outer loop
      vertex -95.73003142202124 93.38719122440024 2.299999999999997
      vertex -95.34316894681008 93.07085534818009 2.299999999999997
      vertex -95.73003142202124 93.38719122440024 82.3
    endloop
  endfacet
  facet normal -0.5877852522924731 -0.8090169943749475 0
    outer loop
      vertex -94.93887816508423 92.77712090157573 2.299999999999997
      vertex -95.34316894681008 93.07085534818009 82.3
      vertex -95.34316894681008 93.07085534818009 2.299999999999997
    endloop
  endfacet
  facet normal -0.3360493932154165 -0.9418443636395295 0
    outer loop
      vertex -93.17456742181811 91.8461897443998 2.299999999999997
      vertex -92.70389870078078 91.67825548241741 2.299999999999997
      vertex -93.17456742181811 91.8461897443998 82.3
    endloop
  endfacet
  facet normal -0.3892701063173946 -0.9211236531148487 0
    outer loop
      vertex -93.17456742181811 91.8461897443998 2.299999999999997
      vertex -93.63488136376651 92.04072004064797 82.3
      vertex -93.63488136376651 92.04072004064797 2.299999999999997
    endloop
  endfacet
  facet normal -0.2817325568414457 -0.9594929736144927 0
    outer loop
      vertex -92.70389870078078 91.67825548241741 2.299999999999997
      vertex -92.22441042419301 91.53746502135787 2.299999999999997
      vertex -92.70389870078078 91.67825548241741 82.3
    endloop
  endfacet
  facet normal -0.22649676742575464 -0.9740119169423358 0
    outer loop
      vertex -92.22441042419301 91.53746502135787 2.299999999999997
      vertex -91.73766658315027 91.42427759044156 2.299999999999997
      vertex -92.22441042419301 91.53746502135787 82.3
    endloop
  endfacet
  facet normal -0.17052219263262178 -0.9853538358476933 0
    outer loop
      vertex -91.73766658315027 91.42427759044156 2.299999999999997
      vertex -91.24525483489124 91.33906238354184 2.299999999999997
      vertex -91.73766658315027 91.42427759044156 82.3
    endloop
  endfacet
  facet normal -0.11399140989056013 -0.993481735348548 0
    outer loop
      vertex -91.24525483489124 91.33906238354184 2.299999999999997
      vertex -90.74878132418985 91.28209735495145 2.299999999999997
      vertex -91.24525483489124 91.33906238354184 82.3
    endloop
  endfacet
  facet normal -0.05708881086275833 -0.9983691039261362 0
    outer loop
      vertex -90.74878132418985 91.28209735495145 2.299999999999997
      vertex -90.24986544444484 91.25356831275334 2.299999999999997
      vertex -90.74878132418985 91.28209735495145 82.3
    endloop
  endfacet
  facet normal 0 -1 0
    outer loop
      vertex -90.24986544444484 91.25356831275334 2.299999999999997
      vertex -89.75013455555516 91.25356831275334 2.299999999999997
      vertex -90.24986544444484 91.25356831275334 82.3
    endloop
  endfacet
  facet normal 0.05708881086275833 -0.9983691039261362 0
    outer loop
      vertex -89.75013455555516 91.25356831275334 2.299999999999997
      vertex -89.25121867581015 91.28209735495145 2.299999999999997
      vertex -89.75013455555516 91.25356831275334 82.3
    endloop
  endfacet
  facet normal 0.11399140989056013 -0.993481735348548 0
    outer loop
      vertex -89.25121867581015 91.28209735495145 2.299999999999997
      vertex -88.75474516510876 91.33906238354184 2.299999999999997
      vertex -89.25121867581015 91.28209735495145 82.3
    endloop
  endfacet
  facet normal 0.17052219263262178 -0.9853538358476933 0
    outer loop
      vertex -88.75474516510876 91.33906238354184 2.299999999999997
      vertex -88.26233341684973 91.42427759044156 2.299999999999997
      vertex -88.75474516510876 91.33906238354184 82.3
    endloop
  endfacet
  facet normal 0.22649676742575464 -0.9740119169423358 0
    outer loop
      vertex -88.26233341684973 91.42427759044156 2.299999999999997
      vertex -87.77558957580699 91.53746502135787 2.299999999999997
      vertex -88.26233341684973 91.42427759044156 82.3
    endloop
  endfacet
  facet normal 0.2817325568414457 -0.9594929736144927 0
    outer loop
      vertex -87.77558957580699 91.53746502135787 2.299999999999997
      vertex -87.29610129921922 91.67825548241741 2.299999999999997
      vertex -87.77558957580699 91.53746502135787 82.3
    endloop
  endfacet
  facet normal 0.3360493932154165 -0.9418443636395295 0
    outer loop
      vertex -87.29610129921922 91.67825548241741 2.299999999999997
      vertex -86.82543257818189 91.8461897443998 2.299999999999997
      vertex -87.29610129921922 91.67825548241741 82.3
    endloop
  endfacet
  facet normal 0.3892701063173946 -0.9211236531148487 0
    outer loop
      vertex -86.82543257818189 91.8461897443998 2.299999999999997
      vertex -86.36511863623349 92.04072004064797 2.299999999999997
      vertex -86.82543257818189 91.8461897443998 82.3
    endloop
  endfacet
  facet normal 0.44122110124322317 -0.8973984286913576 0
    outer loop
      vertex -86.36511863623349 92.04072004064797 2.299999999999997
      vertex -85.91666092177536 92.26121185376913 2.299999999999997
      vertex -86.36511863623349 92.04072004064797 82.3
    endloop
  endfacet
  facet normal 0.49173292464559976 -0.8707460771197795 0
    outer loop
      vertex -85.91666092177536 92.26121185376913 2.299999999999997
      vertex -85.48152221065908 92.5069459852986 2.299999999999997
      vertex -85.91666092177536 92.26121185376913 82.3
    endloop
  endfacet
  facet normal 0.5406408174555932 -0.841253532831184 0
    outer loop
      vertex -85.48152221065908 92.5069459852986 2.299999999999997
      vertex -85.06112183491577 92.77712090157573 2.299999999999997
      vertex -85.48152221065908 92.5069459852986 82.3
    endloop
  endfacet
  facet normal 0.5877852522924731 -0.8090169943749475 0
    outer loop
      vertex -85.06112183491577 92.77712090157573 2.299999999999997
      vertex -84.65683105318992 93.07085534818009 2.299999999999997
      vertex -85.06112183491577 92.77712090157573 82.3
    endloop
  endfacet
  facet normal 0.6330124538088758 -0.7741416106390779 0
    outer loop
      vertex -84.65683105318992 93.07085534818009 2.299999999999997
      vertex -84.26996857797876 93.38719122440024 2.299999999999997
      vertex -84.65683105318992 93.07085534818009 82.3
    endloop
  endfacet
  facet normal 0.6761749002740153 -0.7367411378764087 0
    outer loop
      vertex -84.26996857797876 93.38719122440024 2.299999999999997
      vertex -83.90179627426618 93.72509670835908 2.299999999999997
      vertex -84.26996857797876 93.38719122440024 82.3
    endloop
  endfacet
  facet normal 0.7171318047589568 -0.6969375686553004 0
    outer loop
      vertex -83.90179627426618 93.72509670835908 2.299999999999997
      vertex -83.55351504358146 94.08346962260232 2.299999999999997
      vertex -83.90179627426618 93.72509670835908 82.3
    endloop
  endfacet
  facet normal 0.7557495743542592 -0.6548607339452841 0
    outer loop
      vertex -83.55351504358146 94.08346962260232 2.299999999999997
      vertex -83.22626090690802 94.46114102917238 2.299999999999997
      vertex -83.55351504358146 94.08346962260232 82.3
    endloop
  endfacet
  facet normal 0.7919022459222785 -0.6106478796354337 0
    outer loop
      vertex -83.22626090690802 94.46114102917238 2.299999999999997
      vertex -82.9211012992192 94.85687904244087 2.299999999999997
      vertex -83.22626090690802 94.46114102917238 82.3
    endloop
  endfacet
  facet normal 0.8254718969627711 -0.5644432188667735 0
    outer loop
      vertex -82.9211012992192 94.85687904244087 2.299999999999997
      vertex -82.63903158772716 95.26939284726352 2.299999999999997
      vertex -82.9211012992192 94.85687904244087 82.3
    endloop
  endfacet
  facet normal 0.8563490302515976 -0.5163974616389475 0
    outer loop
      vertex -82.63903158772716 95.26939284726352 2.299999999999997
      vertex -82.38097182520195 95.69733690935097 2.299999999999997
      vertex -82.63903158772716 95.26939284726352 82.3
    endloop
  endfacet
  facet normal 0.8844329309978076 -0.4666673232256866 0
    outer loop
      vertex -82.38097182520195 95.69733690935097 2.299999999999997
      vertex -82.14776374895061 96.13931536412181 2.299999999999997
      vertex -82.38097182520195 95.69733690935097 82.3
    endloop
  endfacet
  facet normal 0.9096319953545255 -0.4154150130018704 0
    outer loop
      vertex -82.14776374895061 96.13931536412181 2.299999999999997
      vertex -81.94016803524507 96.59388656972283 2.299999999999997
      vertex -82.14776374895061 96.13931536412181 82.3
    endloop
  endfacet
  facet normal 0.9318640292114507 -0.362807705350645 0
    outer loop
      vertex -81.94016803524507 96.59388656972283 2.299999999999997
      vertex -81.75886181815416 97.05956780936499 2.299999999999997
      vertex -81.94016803524507 96.59388656972283 82.3
    endloop
  endfacet
  facet normal 0.9510565162951529 -0.3090169943749498 0
    outer loop
      vertex -81.75886181815416 97.05956780936499 2.299999999999997
      vertex -81.60443648087315 97.5348401276375 2.299999999999997
      vertex -81.75886181815416 97.05956780936499 82.3
    endloop
  endfacet
  facet normal 0.9671468547019565 -0.2542183341934891 0
    outer loop
      vertex -81.60443648087315 97.5348401276375 2.299999999999997
      vertex -81.47739572675458 98.01815328502457 2.299999999999997
      vertex -81.60443648087315 97.5348401276375 82.3
    endloop
  endfacet
  facet normal 0.9800825610923971 -0.19859046664572735 0
    outer loop
      vertex -81.47739572675458 98.01815328502457 2.299999999999997
      vertex -81.3781539363327 98.50793081446454 2.299999999999997
      vertex -81.47739572675458 98.01815328502457 82.3
    endloop
  endfacet
  facet normal 0.9898214418809319 -0.14231483827329167 0
    outer loop
      vertex -81.3781539363327 98.50793081446454 2.299999999999997
      vertex -81.30703481570019 99.00257516345776 2.299999999999997
      vertex -81.3781539363327 98.50793081446454 82.3
    endloop
  endfacet
  facet normal 0.9963317308626892 -0.0855750084788643 0
    outer loop
      vertex -81.30703481570019 99.00257516345776 2.299999999999997
      vertex -81.2642703406463 99.50047290495078 2.299999999999997
      vertex -81.30703481570019 99.00257516345776 82.3
    endloop
  endfacet
  facet normal 0.9995921928281897 -0.028556050793682033 0
    outer loop
      vertex -81.2642703406463 99.50047290495078 2.299999999999997
      vertex -81.25 100 2.299999999999997
      vertex -81.2642703406463 99.50047290495078 82.3
    endloop
  endfacet
  facet normal 0.9995921928281897 0.028556050793682033 0
    outer loop
      vertex -81.2642703406463 100.49952709504922 2.299999999999997
      vertex -81.25 100 82.3
      vertex -81.25 100 2.299999999999997
    endloop
  endfacet
  facet normal 0.9963317308626892 0.0855750084788643 0
    outer loop
      vertex -81.2642703406463 100.49952709504922 2.299999999999997
      vertex -81.30703481570019 100.99742483654224 2.299999999999997
      vertex -81.2642703406463 100.49952709504922 82.3
    endloop
  endfacet
  facet normal 0.9898214418809319 0.14231483827329167 0
    outer loop
      vertex -81.30703481570019 100.99742483654224 2.299999999999997
      vertex -81.3781539363327 101.49206918553546 2.299999999999997
      vertex -81.30703481570019 100.99742483654224 82.3
    endloop
  endfacet
  facet normal 0.9800825610923971 0.19859046664572735 0
    outer loop
      vertex -81.3781539363327 101.49206918553546 2.299999999999997
      vertex -81.47739572675458 101.98184671497543 2.299999999999997
      vertex -81.3781539363327 101.49206918553546 82.3
    endloop
  endfacet
  facet normal 0.9671468547019565 0.2542183341934891 0
    outer loop
      vertex -81.47739572675458 101.98184671497543 2.299999999999997
      vertex -81.60443648087315 102.4651598723625 2.299999999999997
      vertex -81.47739572675458 101.98184671497543 82.3
    endloop
  endfacet
  facet normal 0.9510565162951529 0.3090169943749498 0
    outer loop
      vertex -81.75886181815416 102.94043219063501 2.299999999999997
      vertex -81.60443648087315 102.4651598723625 82.3
      vertex -81.60443648087315 102.4651598723625 2.299999999999997
    endloop
  endfacet
  facet normal 0.9318640292114507 0.362807705350645 0
    outer loop
      vertex -81.75886181815416 102.94043219063501 2.299999999999997
      vertex -81.94016803524507 103.40611343027717 2.299999999999997
      vertex -81.75886181815416 102.94043219063501 82.3
    endloop
  endfacet
  facet normal 0.5406408174555932 0.841253532831184 0
    outer loop
      vertex -85.48152221065908 107.4930540147014 2.299999999999997
      vertex -85.06112183491577 107.22287909842427 82.3
      vertex -85.06112183491577 107.22287909842427 2.299999999999997
    endloop
  endfacet
  facet normal 0.49173292464560003 0.8707460771197792 0
    outer loop
      vertex -85.84797602296851 107.7 2.299999999999997
      vertex -85.84797602296851 107.7 82.3
      vertex -85.48152221065908 107.4930540147014 2.299999999999997
    endloop
  endfacet
  facet normal 0.5877852522924731 0.8090169943749475 0
    outer loop
      vertex -85.06112183491577 107.22287909842427 2.299999999999997
      vertex -84.65683105318992 106.92914465181991 82.3
      vertex -84.65683105318992 106.92914465181991 2.299999999999997
    endloop
  endfacet
  facet normal 0.6330124538088758 0.7741416106390779 0
    outer loop
      vertex -84.65683105318992 106.92914465181991 2.299999999999997
      vertex -84.26996857797876 106.61280877559976 82.3
      vertex -84.26996857797876 106.61280877559976 2.299999999999997
    endloop
  endfacet
  facet normal 0.6761749002740295 0.7367411378763957 0
    outer loop
      vertex -83.90179627426619 106.27490329164092 2.299999999999997
      vertex -84.26996857797876 106.61280877559976 2.299999999999997
      vertex -83.90179627426619 106.27490329164092 82.3
    endloop
  endfacet
  facet normal 0.7171318047589563 0.6969375686553008 0
    outer loop
      vertex -83.90179627426619 106.27490329164092 2.299999999999997
      vertex -83.55351504358146 105.91653037739766 82.3
      vertex -83.55351504358146 105.91653037739766 2.299999999999997
    endloop
  endfacet
  facet normal 0.755749574354247 0.6548607339452981 0
    outer loop
      vertex -83.22626090690802 105.53885897082762 2.299999999999997
      vertex -83.55351504358146 105.91653037739766 2.299999999999997
      vertex -83.22626090690802 105.53885897082762 82.3
    endloop
  endfacet
  facet normal 0.7919022459222785 0.6106478796354337 0
    outer loop
      vertex -83.22626090690802 105.53885897082762 2.299999999999997
      vertex -82.9211012992192 105.14312095755913 82.3
      vertex -82.9211012992192 105.14312095755913 2.299999999999997
    endloop
  endfacet
  facet normal 0.8563490302515976 0.5163974616389475 0
    outer loop
      vertex -82.63903158772716 104.73060715273648 2.299999999999997
      vertex -82.38097182520195 104.30266309064903 82.3
      vertex -82.38097182520195 104.30266309064903 2.299999999999997
    endloop
  endfacet
  facet normal 0.8844329309978076 0.4666673232256866 0
    outer loop
      vertex -82.14776374895061 103.86068463587819 2.299999999999997
      vertex -82.38097182520195 104.30266309064903 2.299999999999997
      vertex -82.14776374895061 103.86068463587819 82.3
    endloop
  endfacet
  facet normal 0.9096319953545255 0.4154150130018704 0
    outer loop
      vertex -82.14776374895061 103.86068463587819 2.299999999999997
      vertex -81.94016803524507 103.40611343027717 82.3
      vertex -81.94016803524507 103.40611343027717 2.299999999999997
    endloop
  endfacet
  facet normal 0.8254718969627711 0.5644432188667735 0
    outer loop
      vertex -82.9211012992192 105.14312095755913 2.299999999999997
      vertex -82.63903158772716 104.73060715273648 82.3
      vertex -82.63903158772716 104.73060715273648 2.299999999999997
    endloop
  endfacet
  facet normal -0.8844329309978107 -0.4666673232256807 0
    outer loop
      vertex -97.7 95.85079558350154 2.299999999999997
      vertex -97.61902817479805 95.69733690935097 82.3
      vertex -97.7 95.85079558350154 82.3
    endloop
  endfacet
  facet normal -0.7919022459222785 -0.6106478796354337 0
    outer loop
      vertex -96.77373909309198 94.46114102917238 2.299999999999997
      vertex -96.77373909309198 94.46114102917238 82.3
      vertex -97.0788987007808 94.85687904244087 82.3
    endloop
  endfacet
  facet normal -0.8254718969627711 -0.5644432188667735 0
    outer loop
      vertex -97.0788987007808 94.85687904244087 2.299999999999997
      vertex -97.0788987007808 94.85687904244087 82.3
      vertex -97.36096841227284 95.26939284726352 82.3
    endloop
  endfacet
  facet normal -0.8563490302515976 -0.5163974616389475 0
    outer loop
      vertex -97.36096841227284 95.26939284726352 2.299999999999997
      vertex -97.36096841227284 95.26939284726352 82.3
      vertex -97.61902817479805 95.69733690935097 82.3
    endloop
  endfacet
  facet normal -0.5406408174555932 -0.841253532831184 0
    outer loop
      vertex -94.51847778934092 92.5069459852986 2.299999999999997
      vertex -94.51847778934092 92.5069459852986 82.3
      vertex -94.93887816508423 92.77712090157573 82.3
    endloop
  endfacet
  facet normal -0.49173292464559976 -0.8707460771197795 0
    outer loop
      vertex -94.08333907822464 92.26121185376913 2.299999999999997
      vertex -94.08333907822464 92.26121185376913 82.3
      vertex -94.51847778934092 92.5069459852986 82.3
    endloop
  endfacet
  facet normal -0.44122110124322317 -0.8973984286913576 0
    outer loop
      vertex -93.63488136376651 92.04072004064797 2.299999999999997
      vertex -93.63488136376651 92.04072004064797 82.3
      vertex -94.08333907822464 92.26121185376913 82.3
    endloop
  endfacet
  facet normal -0.755749574354247 -0.6548607339452981 0
    outer loop
      vertex -96.44648495641854 94.08346962260234 2.299999999999997
      vertex -96.44648495641854 94.08346962260234 82.3
      vertex -96.77373909309198 94.46114102917238 82.3
    endloop
  endfacet
  facet normal -0.7171318047589705 -0.6969375686552861 0
    outer loop
      vertex -96.09820372573382 93.72509670835908 2.299999999999997
      vertex -96.09820372573382 93.72509670835908 82.3
      vertex -96.44648495641854 94.08346962260234 82.3
    endloop
  endfacet
  facet normal -0.6761749002740153 -0.7367411378764087 0
    outer loop
      vertex -95.73003142202124 93.38719122440024 2.299999999999997
      vertex -95.73003142202124 93.38719122440024 82.3
      vertex -96.09820372573382 93.72509670835908 82.3
    endloop
  endfacet
  facet normal -0.6330124538088758 -0.7741416106390779 0
    outer loop
      vertex -95.34316894681008 93.07085534818009 2.299999999999997
      vertex -95.34316894681008 93.07085534818009 82.3
      vertex -95.73003142202124 93.38719122440024 82.3
    endloop
  endfacet
  facet normal -0.5877852522924731 -0.8090169943749475 0
    outer loop
      vertex -94.93887816508423 92.77712090157573 2.299999999999997
      vertex -94.93887816508423 92.77712090157573 82.3
      vertex -95.34316894681008 93.07085534818009 82.3
    endloop
  endfacet
  facet normal -0.3892701063173946 -0.9211236531148487 0
    outer loop
      vertex -93.17456742181811 91.8461897443998 2.299999999999997
      vertex -93.17456742181811 91.8461897443998 82.3
      vertex -93.63488136376651 92.04072004064797 82.3
    endloop
  endfacet
  facet normal -0.3360493932154165 -0.9418443636395295 0
    outer loop
      vertex -92.70389870078078 91.67825548241741 2.299999999999997
      vertex -92.70389870078078 91.67825548241741 82.3
      vertex -93.17456742181811 91.8461897443998 82.3
    endloop
  endfacet
  facet normal -0.2817325568414457 -0.9594929736144927 0
    outer loop
      vertex -92.22441042419301 91.53746502135787 2.299999999999997
      vertex -92.22441042419301 91.53746502135787 82.3
      vertex -92.70389870078078 91.67825548241741 82.3
    endloop
  endfacet
  facet normal -0.22649676742575464 -0.9740119169423358 0
    outer loop
      vertex -91.73766658315027 91.42427759044156 2.299999999999997
      vertex -91.73766658315027 91.42427759044156 82.3
      vertex -92.22441042419301 91.53746502135787 82.3
    endloop
  endfacet
  facet normal -0.17052219263262178 -0.9853538358476933 0
    outer loop
      vertex -91.24525483489124 91.33906238354184 2.299999999999997
      vertex -91.24525483489124 91.33906238354184 82.3
      vertex -91.73766658315027 91.42427759044156 82.3
    endloop
  endfacet
  facet normal -0.11399140989056013 -0.993481735348548 0
    outer loop
      vertex -90.74878132418985 91.28209735495145 2.299999999999997
      vertex -90.74878132418985 91.28209735495145 82.3
      vertex -91.24525483489124 91.33906238354184 82.3
    endloop
  endfacet
  facet normal -0.05708881086275833 -0.9983691039261362 0
    outer loop
      vertex -90.24986544444484 91.25356831275334 2.299999999999997
      vertex -90.24986544444484 91.25356831275334 82.3
      vertex -90.74878132418985 91.28209735495145 82.3
    endloop
  endfacet
  facet normal 0 -1 0
    outer loop
      vertex -89.75013455555516 91.25356831275334 2.299999999999997
      vertex -89.75013455555516 91.25356831275334 82.3
      vertex -90.24986544444484 91.25356831275334 82.3
    endloop
  endfacet
  facet normal 0.05708881086275833 -0.9983691039261362 0
    outer loop
      vertex -89.25121867581015 91.28209735495145 2.299999999999997
      vertex -89.25121867581015 91.28209735495145 82.3
      vertex -89.75013455555516 91.25356831275334 82.3
    endloop
  endfacet
  facet normal 0.11399140989056013 -0.993481735348548 0
    outer loop
      vertex -88.75474516510876 91.33906238354184 2.299999999999997
      vertex -88.75474516510876 91.33906238354184 82.3
      vertex -89.25121867581015 91.28209735495145 82.3
    endloop
  endfacet
  facet normal 0.17052219263262178 -0.9853538358476933 0
    outer loop
      vertex -88.26233341684973 91.42427759044156 2.299999999999997
      vertex -88.26233341684973 91.42427759044156 82.3
      vertex -88.75474516510876 91.33906238354184 82.3
    endloop
  endfacet
  facet normal 0.22649676742575464 -0.9740119169423358 0
    outer loop
      vertex -87.77558957580699 91.53746502135787 2.299999999999997
      vertex -87.77558957580699 91.53746502135787 82.3
      vertex -88.26233341684973 91.42427759044156 82.3
    endloop
  endfacet
  facet normal 0.2817325568414457 -0.9594929736144927 0
    outer loop
      vertex -87.29610129921922 91.67825548241741 2.299999999999997
      vertex -87.29610129921922 91.67825548241741 82.3
      vertex -87.77558957580699 91.53746502135787 82.3
    endloop
  endfacet
  facet normal 0.3360493932154165 -0.9418443636395295 0
    outer loop
      vertex -86.82543257818189 91.8461897443998 2.299999999999997
      vertex -86.82543257818189 91.8461897443998 82.3
      vertex -87.29610129921922 91.67825548241741 82.3
    endloop
  endfacet
  facet normal 0.3892701063173946 -0.9211236531148487 0
    outer loop
      vertex -86.36511863623349 92.04072004064797 2.299999999999997
      vertex -86.36511863623349 92.04072004064797 82.3
      vertex -86.82543257818189 91.8461897443998 82.3
    endloop
  endfacet
  facet normal 0.44122110124322317 -0.8973984286913576 0
    outer loop
      vertex -85.91666092177536 92.26121185376913 2.299999999999997
      vertex -85.91666092177536 92.26121185376913 82.3
      vertex -86.36511863623349 92.04072004064797 82.3
    endloop
  endfacet
  facet normal 0.49173292464559976 -0.8707460771197795 0
    outer loop
      vertex -85.48152221065908 92.5069459852986 2.299999999999997
      vertex -85.48152221065908 92.5069459852986 82.3
      vertex -85.91666092177536 92.26121185376913 82.3
    endloop
  endfacet
  facet normal 0.5406408174555932 -0.841253532831184 0
    outer loop
      vertex -85.06112183491577 92.77712090157573 2.299999999999997
      vertex -85.06112183491577 92.77712090157573 82.3
      vertex -85.48152221065908 92.5069459852986 82.3
    endloop
  endfacet
  facet normal 0.5877852522924731 -0.8090169943749475 0
    outer loop
      vertex -84.65683105318992 93.07085534818009 2.299999999999997
      vertex -84.65683105318992 93.07085534818009 82.3
      vertex -85.06112183491577 92.77712090157573 82.3
    endloop
  endfacet
  facet normal 0.6330124538088758 -0.7741416106390779 0
    outer loop
      vertex -84.26996857797876 93.38719122440024 2.299999999999997
      vertex -84.26996857797876 93.38719122440024 82.3
      vertex -84.65683105318992 93.07085534818009 82.3
    endloop
  endfacet
  facet normal 0.6761749002740153 -0.7367411378764087 0
    outer loop
      vertex -83.90179627426618 93.72509670835908 2.299999999999997
      vertex -83.90179627426618 93.72509670835908 82.3
      vertex -84.26996857797876 93.38719122440024 82.3
    endloop
  endfacet
  facet normal 0.7171318047589568 -0.6969375686553004 0
    outer loop
      vertex -83.55351504358146 94.08346962260232 2.299999999999997
      vertex -83.55351504358146 94.08346962260232 82.3
      vertex -83.90179627426618 93.72509670835908 82.3
    endloop
  endfacet
  facet normal 0.7557495743542592 -0.6548607339452841 0
    outer loop
      vertex -83.22626090690802 94.46114102917238 2.299999999999997
      vertex -83.22626090690802 94.46114102917238 82.3
      vertex -83.55351504358146 94.08346962260232 82.3
    endloop
  endfacet
  facet normal 0.7919022459222785 -0.6106478796354337 0
    outer loop
      vertex -82.9211012992192 94.85687904244087 2.299999999999997
      vertex -82.9211012992192 94.85687904244087 82.3
      vertex -83.22626090690802 94.46114102917238 82.3
    endloop
  endfacet
  facet normal 0.8254718969627711 -0.5644432188667735 0
    outer loop
      vertex -82.63903158772716 95.26939284726352 2.299999999999997
      vertex -82.63903158772716 95.26939284726352 82.3
      vertex -82.9211012992192 94.85687904244087 82.3
    endloop
  endfacet
  facet normal 0.8563490302515976 -0.5163974616389475 0
    outer loop
      vertex -82.38097182520195 95.69733690935097 2.299999999999997
      vertex -82.38097182520195 95.69733690935097 82.3
      vertex -82.63903158772716 95.26939284726352 82.3
    endloop
  endfacet
  facet normal 0.8844329309978076 -0.4666673232256866 0
    outer loop
      vertex -82.14776374895061 96.13931536412181 2.299999999999997
      vertex -82.14776374895061 96.13931536412181 82.3
      vertex -82.38097182520195 95.69733690935097 82.3
    endloop
  endfacet
  facet normal 0.9096319953545255 -0.4154150130018704 0
    outer loop
      vertex -81.94016803524507 96.59388656972283 2.299999999999997
      vertex -81.94016803524507 96.59388656972283 82.3
      vertex -82.14776374895061 96.13931536412181 82.3
    endloop
  endfacet
  facet normal 0.9318640292114507 -0.362807705350645 0
    outer loop
      vertex -81.75886181815416 97.05956780936499 2.299999999999997
      vertex -81.75886181815416 97.05956780936499 82.3
      vertex -81.94016803524507 96.59388656972283 82.3
    endloop
  endfacet
  facet normal 0.9510565162951529 -0.3090169943749498 0
    outer loop
      vertex -81.60443648087315 97.5348401276375 2.299999999999997
      vertex -81.60443648087315 97.5348401276375 82.3
      vertex -81.75886181815416 97.05956780936499 82.3
    endloop
  endfacet
  facet normal 0.9671468547019565 -0.2542183341934891 0
    outer loop
      vertex -81.47739572675458 98.01815328502457 2.299999999999997
      vertex -81.47739572675458 98.01815328502457 82.3
      vertex -81.60443648087315 97.5348401276375 82.3
    endloop
  endfacet
  facet normal 0.9800825610923971 -0.19859046664572735 0
    outer loop
      vertex -81.3781539363327 98.50793081446454 2.299999999999997
      vertex -81.3781539363327 98.50793081446454 82.3
      vertex -81.47739572675458 98.01815328502457 82.3
    endloop
  endfacet
  facet normal 0.9898214418809319 -0.14231483827329167 0
    outer loop
      vertex -81.30703481570019 99.00257516345776 2.299999999999997
      vertex -81.30703481570019 99.00257516345776 82.3
      vertex -81.3781539363327 98.50793081446454 82.3
    endloop
  endfacet
  facet normal 0.9963317308626892 -0.0855750084788643 0
    outer loop
      vertex -81.2642703406463 99.50047290495078 2.299999999999997
      vertex -81.2642703406463 99.50047290495078 82.3
      vertex -81.30703481570019 99.00257516345776 82.3
    endloop
  endfacet
  facet normal 0.9995921928281897 -0.028556050793682033 0
    outer loop
      vertex -81.25 100 2.299999999999997
      vertex -81.25 100 82.3
      vertex -81.2642703406463 99.50047290495078 82.3
    endloop
  endfacet
  facet normal 0.9995921928281897 0.028556050793682033 0
    outer loop
      vertex -81.2642703406463 100.49952709504922 2.299999999999997
      vertex -81.2642703406463 100.49952709504922 82.3
      vertex -81.25 100 82.3
    endloop
  endfacet
  facet normal 0.9963317308626892 0.0855750084788643 0
    outer loop
      vertex -81.30703481570019 100.99742483654224 2.299999999999997
      vertex -81.30703481570019 100.99742483654224 82.3
      vertex -81.2642703406463 100.49952709504922 82.3
    endloop
  endfacet
  facet normal 0.9898214418809319 0.14231483827329167 0
    outer loop
      vertex -81.3781539363327 101.49206918553546 2.299999999999997
      vertex -81.3781539363327 101.49206918553546 82.3
      vertex -81.30703481570019 100.99742483654224 82.3
    endloop
  endfacet
  facet normal 0.9800825610923971 0.19859046664572735 0
    outer loop
      vertex -81.47739572675458 101.98184671497543 2.299999999999997
      vertex -81.47739572675458 101.98184671497543 82.3
      vertex -81.3781539363327 101.49206918553546 82.3
    endloop
  endfacet
  facet normal 0.9510565162951529 0.3090169943749498 0
    outer loop
      vertex -81.75886181815416 102.94043219063501 2.299999999999997
      vertex -81.75886181815416 102.94043219063501 82.3
      vertex -81.60443648087315 102.4651598723625 82.3
    endloop
  endfacet
  facet normal 0.9671468547019565 0.2542183341934891 0
    outer loop
      vertex -81.60443648087315 102.4651598723625 2.299999999999997
      vertex -81.60443648087315 102.4651598723625 82.3
      vertex -81.47739572675458 101.98184671497543 82.3
    endloop
  endfacet
  facet normal 0.5406408174555932 0.841253532831184 0
    outer loop
      vertex -85.48152221065908 107.4930540147014 2.299999999999997
      vertex -85.48152221065908 107.4930540147014 82.3
      vertex -85.06112183491577 107.22287909842427 82.3
    endloop
  endfacet
  facet normal 0.49173292464560003 0.8707460771197792 0
    outer loop
      vertex -85.48152221065908 107.4930540147014 2.299999999999997
      vertex -85.84797602296851 107.7 82.3
      vertex -85.48152221065908 107.4930540147014 82.3
    endloop
  endfacet
  facet normal 0.5877852522924731 0.8090169943749475 0
    outer loop
      vertex -85.06112183491577 107.22287909842427 2.299999999999997
      vertex -85.06112183491577 107.22287909842427 82.3
      vertex -84.65683105318992 106.92914465181991 82.3
    endloop
  endfacet
  facet normal 0.6330124538088758 0.7741416106390779 0
    outer loop
      vertex -84.65683105318992 106.92914465181991 2.299999999999997
      vertex -84.65683105318992 106.92914465181991 82.3
      vertex -84.26996857797876 106.61280877559976 82.3
    endloop
  endfacet
  facet normal 0.6761749002740295 0.7367411378763957 0
    outer loop
      vertex -84.26996857797876 106.61280877559976 2.299999999999997
      vertex -84.26996857797876 106.61280877559976 82.3
      vertex -83.90179627426619 106.27490329164092 82.3
    endloop
  endfacet
  facet normal 0.7171318047589563 0.6969375686553008 0
    outer loop
      vertex -83.90179627426619 106.27490329164092 2.299999999999997
      vertex -83.90179627426619 106.27490329164092 82.3
      vertex -83.55351504358146 105.91653037739766 82.3
    endloop
  endfacet
  facet normal 0.8254718969627711 0.5644432188667735 0
    outer loop
      vertex -82.9211012992192 105.14312095755913 2.299999999999997
      vertex -82.9211012992192 105.14312095755913 82.3
      vertex -82.63903158772716 104.73060715273648 82.3
    endloop
  endfacet
  facet normal 0.7919022459222785 0.6106478796354337 0
    outer loop
      vertex -83.22626090690802 105.53885897082762 2.299999999999997
      vertex -83.22626090690802 105.53885897082762 82.3
      vertex -82.9211012992192 105.14312095755913 82.3
    endloop
  endfacet
  facet normal 0.755749574354247 0.6548607339452981 0
    outer loop
      vertex -83.55351504358146 105.91653037739766 2.299999999999997
      vertex -83.55351504358146 105.91653037739766 82.3
      vertex -83.22626090690802 105.53885897082762 82.3
    endloop
  endfacet
  facet normal 0.9096319953545255 0.4154150130018704 0
    outer loop
      vertex -82.14776374895061 103.86068463587819 2.299999999999997
      vertex -82.14776374895061 103.86068463587819 82.3
      vertex -81.94016803524507 103.40611343027717 82.3
    endloop
  endfacet
  facet normal 0.8563490302515976 0.5163974616389475 0
    outer loop
      vertex -82.63903158772716 104.73060715273648 2.299999999999997
      vertex -82.63903158772716 104.73060715273648 82.3
      vertex -82.38097182520195 104.30266309064903 82.3
    endloop
  endfacet
  facet normal 0.8844329309978076 0.4666673232256866 0
    outer loop
      vertex -82.38097182520195 104.30266309064903 2.299999999999997
      vertex -82.38097182520195 104.30266309064903 82.3
      vertex -82.14776374895061 103.86068463587819 82.3
    endloop
  endfacet
  facet normal 0.9318640292114507 0.362807705350645 0
    outer loop
      vertex -81.94016803524507 103.40611343027717 2.299999999999997
      vertex -81.94016803524507 103.40611343027717 82.3
      vertex -81.75886181815416 102.94043219063501 82.3
    endloop
  endfacet
  facet normal 0 0 1
    outer loop
      vertex -91.73766658315027 91.42427759044156 82.3
      vertex -91.24525483489124 91.33906238354184 82.3
      vertex -91.65098034270981 99.28287803827676 82.3
    endloop
  endfacet
  facet normal 0 0 1
    outer loop
      vertex -91.24525483489124 91.33906238354184 82.3
      vertex -90.74878132418985 91.28209735495145 82.3
      vertex -91.03802457980676 98.5294541925812 82.3
    endloop
  endfacet
  facet normal 0 0 1
    outer loop
      vertex -91.24525483489124 91.33906238354184 82.3
      vertex -91.03802457980676 98.5294541925812 82.3
      vertex -91.39628032326796 98.86404170021311 82.3
    endloop
  endfacet
  facet normal 0 0 1
    outer loop
      vertex -90.74878132418985 91.28209735495145 82.3
      vertex -90.60278330190778 98.30393034018613 82.3
      vertex -91.03802457980676 98.5294541925812 82.3
    endloop
  endfacet
  facet normal 0 0 1
    outer loop
      vertex -90.74878132418985 91.28209735495145 82.3
      vertex -90.24986544444484 91.25356831275334 82.3
      vertex -90.60278330190778 98.30393034018613 82.3
    endloop
  endfacet
  facet normal 0 0 1
    outer loop
      vertex -90.24986544444484 91.25356831275334 82.3
      vertex -89.75013455555516 91.25356831275334 82.3
      vertex -90.12283634405641 98.20419621545703 82.3
    endloop
  endfacet
  facet normal 0 0 1
    outer loop
      vertex -89.75013455555516 91.25356831275334 82.3
      vertex -89.25121867581015 91.28209735495145 82.3
      vertex -90.12283634405641 98.20419621545703 82.3
    endloop
  endfacet
  facet normal 0 0 1
    outer loop
      vertex -89.25121867581015 91.28209735495145 82.3
      vertex -88.75474516510876 91.33906238354184 82.3
      vertex -89.63377917650526 98.23764864217182 82.3
    endloop
  endfacet
  facet normal 0 0 1
    outer loop
      vertex -90.24986544444484 91.25356831275334 82.3
      vertex -90.12283634405641 98.20419621545703 82.3
      vertex -90.60278330190778 98.30393034018613 82.3
    endloop
  endfacet
  facet normal 0 0 1
    outer loop
      vertex -89.25121867581015 91.28209735495145 82.3
      vertex -89.63377917650526 98.23764864217182 82.3
      vertex -90.12283634405641 98.20419621545703 82.3
    endloop
  endfacet
  facet normal 0 0 1
    outer loop
      vertex -88.75474516510876 91.33906238354184 82.3
      vertex -89.17188293208393 98.40180660687572 82.3
      vertex -89.63377917650526 98.23764864217182 82.3
    endloop
  endfacet
  facet normal 0 0 1
    outer loop
      vertex -88.75474516510876 91.33906238354184 82.3
      vertex -88.26233341684973 91.42427759044156 82.3
      vertex -89.17188293208393 98.40180660687572 82.3
    endloop
  endfacet
  facet normal 0 0 1
    outer loop
      vertex -88.26233341684973 91.42427759044156 82.3
      vertex -87.77558957580699 91.53746502135787 82.3
      vertex -88.46204507181632 99.06474888993623 82.3
    endloop
  endfacet
  facet normal 0 0 1
    outer loop
      vertex -87.77558957580699 91.53746502135787 82.3
      vertex -87.29610129921922 91.67825548241741 82.3
      vertex -88.26674888277397 99.51436581191736 82.3
    endloop
  endfacet
  facet normal 0 0 1
    outer loop
      vertex -88.26233341684973 91.42427759044156 82.3
      vertex -88.77140434220642 98.68449526429937 82.3
      vertex -89.17188293208393 98.40180660687572 82.3
    endloop
  endfacet
  facet normal 0 0 1
    outer loop
      vertex -98.69296518429981 99.22916860800521 82.3
      vertex -98.63233238339701 98.87499989586695 82.3
      vertex -98.68884786760567 100.8532999485251 82.3
    endloop
  endfacet
  facet normal 0 0 1
    outer loop
      vertex -98.7357296593537 99.50176788637019 82.3
      vertex -98.7441632814942 99.79568819609227 82.3
      vertex -98.73576774192713 99.50180596894363 82.3
    endloop
  endfacet
  facet normal 0 0 1
    outer loop
      vertex -98.699584977863 99.23429817066548 82.3
      vertex -98.69296518429981 99.22916860800521 82.3
      vertex -98.73083493006267 100.32818921570936 82.3
    endloop
  endfacet
  facet normal 0 0 1
    outer loop
      vertex -97.7 95.85079558350154 82.3
      vertex -97.61902817479805 95.69733690935097 82.3
      vertex -97.85223625104939 97.84744246515316 82.3
    endloop
  endfacet
  facet normal 0 0 1
    outer loop
      vertex -98.6250858737626 98.62133896396334 82.3
      vertex -97.85223625104939 97.84744246515316 82.3
      vertex -98.63233238339701 98.87499989586695 82.3
    endloop
  endfacet
  facet normal 0 0 1
    outer loop
      vertex -98.63233238339701 98.87499989586695 82.3
      vertex -97.85223625104939 97.84744246515316 82.3
      vertex -98.68884786760567 100.8532999485251 82.3
    endloop
  endfacet
  facet normal 0 0 1
    outer loop
      vertex -97.61902817479805 95.69733690935097 82.3
      vertex -97.85017594649705 103.78856456716679 82.3
      vertex -97.85223625104939 97.84744246515316 82.3
    endloop
  endfacet
  facet normal 0 0 1
    outer loop
      vertex -97.36096841227284 95.26939284726352 82.3
      vertex -97.0788987007808 94.85687904244087 82.3
      vertex -97.35896722552698 104.66055647724212 82.3
    endloop
  endfacet
  facet normal 0 0 1
    outer loop
      vertex -97.36096841227284 95.26939284726352 82.3
      vertex -97.61701893167623 104.23233040520242 82.3
      vertex -97.61902817479805 95.69733690935097 82.3
    endloop
  endfacet
  facet normal 0 0 1
    outer loop
      vertex -97.0788987007808 94.85687904244087 82.3
      vertex -96.77373909309198 94.46114102917238 82.3
      vertex -97.07687729039885 105.0723623624409 82.3
    endloop
  endfacet
  facet normal 0 0 1
    outer loop
      vertex -98.699584977863 99.23429817066548 82.3
      vertex -98.73083493006267 100.32818921570936 82.3
      vertex -98.7357296593537 99.50176788637019 82.3
    endloop
  endfacet
  facet normal 0 0 1
    outer loop
      vertex -98.7357296593537 99.50176788637019 82.3
      vertex -98.74826783014832 100.06063385560192 82.3
      vertex -98.7441632814942 99.79568819609227 82.3
    endloop
  endfacet
  facet normal 0 0 1
    outer loop
      vertex -98.7357296593537 99.50176788637019 82.3
      vertex -98.73083493006267 100.32818921570936 82.3
      vertex -98.74041614445694 100.33547871332917 82.3
    endloop
  endfacet
  facet normal 0 0 1
    outer loop
      vertex -98.7357296593537 99.50176788637019 82.3
      vertex -98.74041614445694 100.33547871332917 82.3
      vertex -98.74826783014832 100.06063385560192 82.3
    endloop
  endfacet
  facet normal 0 0 1
    outer loop
      vertex -98.69296518429981 99.22916860800521 82.3
      vertex -98.72651529858001 100.60680794937377 82.3
      vertex -98.73083493006267 100.32818921570936 82.3
    endloop
  endfacet
  facet normal 0 0 1
    outer loop
      vertex -98.69296518429981 99.22916860800521 82.3
      vertex -98.68884786760567 100.8532999485251 82.3
      vertex -98.70433969604089 100.86499380121835 82.3
    endloop
  endfacet
  facet normal 0 0 1
    outer loop
      vertex -98.69296518429981 99.22916860800521 82.3
      vertex -98.70433969604089 100.86499380121835 82.3
      vertex -98.72651529858001 100.60680794937377 82.3
    endloop
  endfacet
  facet normal 0 0 1
    outer loop
      vertex -97.85223625104939 97.84744246515316 82.3
      vertex -98.67235634114824 101.1407624891109 82.3
      vertex -98.68884786760567 100.8532999485251 82.3
    endloop
  endfacet
  facet normal 0 0 1
    outer loop
      vertex -97.85223625104939 97.84744246515316 82.3
      vertex -98.6183565365637 101.36991980029217 82.3
      vertex -98.63736041683957 101.38416448906712 82.3
    endloop
  endfacet
  facet normal 0 0 1
    outer loop
      vertex -97.85223625104939 97.84744246515316 82.3
      vertex -98.63736041683957 101.38416448906712 82.3
      vertex -98.67235634114824 101.1407624891109 82.3
    endloop
  endfacet
  facet normal 0 0 1
    outer loop
      vertex -97.85223625104939 97.84744246515316 82.3
      vertex -98.58730275504553 101.66254712918739 82.3
      vertex -98.6183565365637 101.36991980029217 82.3
    endloop
  endfacet
  facet normal 0 0 1
    outer loop
      vertex -97.85223625104939 97.84744246515316 82.3
      vertex -98.51960809716468 101.8769668686589 82.3
      vertex -98.54067549217974 101.89266173628855 82.3
    endloop
  endfacet
  facet normal 0 0 1
    outer loop
      vertex -97.85223625104939 97.84744246515316 82.3
      vertex -98.54067549217974 101.89266173628855 82.3
      vertex -98.58730275504553 101.66254712918739 82.3
    endloop
  endfacet
  facet normal 0 0 1
    outer loop
      vertex -97.85223625104939 97.84744246515316 82.3
      vertex -98.47263831233735 102.17193694622372 82.3
      vertex -98.51960809716468 101.8769668686589 82.3
    endloop
  endfacet
  facet normal 0 0 1
    outer loop
      vertex -97.85223625104939 97.84744246515316 82.3
      vertex -98.41532754462156 102.3899697207391 82.3
      vertex -98.47263831233735 102.17193694622372 82.3
    endloop
  endfacet
  facet normal 0 0 1
    outer loop
      vertex -97.85223625104939 97.84744246515316 82.3
      vertex -98.39294157804213 102.37337996003221 82.3
      vertex -98.41532754462156 102.3899697207391 82.3
    endloop
  endfacet
  facet normal 0 0 1
    outer loop
      vertex -97.85223625104939 97.84744246515316 82.3
      vertex -98.3294914283706 102.66850885834974 82.3
      vertex -98.39294157804213 102.37337996003221 82.3
    endloop
  endfacet
  facet normal 0 0 1
    outer loop
      vertex -97.85223625104939 97.84744246515316 82.3
      vertex -98.26225619747603 102.87543762159217 82.3
      vertex -98.3294914283706 102.66850885834974 82.3
    endloop
  endfacet
  facet normal 0 0 1
    outer loop
      vertex -97.85223625104939 97.84744246515316 82.3
      vertex -98.2387867377498 102.85812090826438 82.3
      vertex -98.26225619747603 102.87543762159217 82.3
    endloop
  endfacet
  facet normal 0 0 1
    outer loop
      vertex -97.85223625104939 97.84744246515316 82.3
      vertex -98.15888568743846 103.15169600813603 82.3
      vertex -98.2387867377498 102.85812090826438 82.3
    endloop
  endfacet
  facet normal 0 0 1
    outer loop
      vertex -97.61902817479805 95.69733690935097 82.3
      vertex -97.7390709754378 104.07515668355556 82.3
      vertex -97.85017594649705 103.78856456716679 82.3
    endloop
  endfacet
  facet normal 0 0 1
    outer loop
      vertex -97.61902817479805 95.69733690935097 82.3
      vertex -97.64523918963411 104.25298769337535 82.3
      vertex -97.7390709754378 104.07515668355556 82.3
    endloop
  endfacet
  facet normal 0 0 1
    outer loop
      vertex -97.61902817479805 95.69733690935097 82.3
      vertex -97.61701893167623 104.23233040520242 82.3
      vertex -97.64523918963411 104.25298769337535 82.3
    endloop
  endfacet
  facet normal 0 0 1
    outer loop
      vertex -97.36096841227284 95.26939284726352 82.3
      vertex -97.49165656940254 104.51388517995956 82.3
      vertex -97.61701893167623 104.23233040520242 82.3
    endloop
  endfacet
  facet normal 0 0 1
    outer loop
      vertex -97.85223625104939 97.84744246515316 82.3
      vertex -98.057662640017 103.33017715717659 82.3
      vertex -98.08233414587534 103.34831704708118 82.3
    endloop
  endfacet
  facet normal 0 0 1
    outer loop
      vertex -97.85223625104939 97.84744246515316 82.3
      vertex -98.08233414587534 103.34831704708118 82.3
      vertex -98.15888568743846 103.15169600813603 82.3
    endloop
  endfacet
  facet normal 0 0 1
    outer loop
      vertex -97.85223625104939 97.84744246515316 82.3
      vertex -97.96177542604768 103.62082729995005 82.3
      vertex -98.057662640017 103.33017715717659 82.3
    endloop
  endfacet
  facet normal 0 0 1
    outer loop
      vertex -97.85223625104939 97.84744246515316 82.3
      vertex -97.85017594649705 103.78856456716679 82.3
      vertex -97.87639259213684 103.80778962713727 82.3
    endloop
  endfacet
  facet normal 0 0 1
    outer loop
      vertex -97.85223625104939 97.84744246515316 82.3
      vertex -97.87639259213684 103.80778962713727 82.3
      vertex -97.96177542604768 103.62082729995005 82.3
    endloop
  endfacet
  facet normal 0 0 1
    outer loop
      vertex -97.36096841227284 95.26939284726352 82.3
      vertex -97.35896722552698 104.66055647724212 82.3
      vertex -97.38967056911186 104.68300997033127 82.3
    endloop
  endfacet
  facet normal 0 0 1
    outer loop
      vertex -97.36096841227284 95.26939284726352 82.3
      vertex -97.38967056911186 104.68300997033127 82.3
      vertex -97.49165656940254 104.51388517995956 82.3
    endloop
  endfacet
  facet normal 0 0 1
    outer loop
      vertex -97.0788987007808 94.85687904244087 82.3
      vertex -97.22040291638262 104.93617763823715 82.3
      vertex -97.35896722552698 104.66055647724212 82.3
    endloop
  endfacet
  facet normal 0 0 1
    outer loop
      vertex -97.0788987007808 94.85687904244087 82.3
      vertex -97.07687729039885 105.0723623624409 82.3
      vertex -97.11048083377726 105.09693356020311 82.3
    endloop
  endfacet
  facet normal 0 0 1
    outer loop
      vertex -97.0788987007808 94.85687904244087 82.3
      vertex -97.11048083377726 105.09693356020311 82.3
      vertex -97.22040291638262 104.93617763823715 82.3
    endloop
  endfacet
  facet normal 0 0 1
    outer loop
      vertex -96.77373909309198 94.46114102917238 82.3
      vertex -96.92617578193068 105.34117555903163 82.3
      vertex -97.07687729039885 105.0723623624409 82.3
    endloop
  endfacet
  facet normal 0 0 1
    outer loop
      vertex -96.44648495641854 94.08346962260234 82.3
      vertex -96.09820372573382 93.72509670835908 82.3
      vertex -96.44439580551828 105.84340055476807 82.3
    endloop
  endfacet
  facet normal 0 0 1
    outer loop
      vertex -96.09820372573382 93.72509670835908 82.3
      vertex -95.73003142202124 93.38719122440024 82.3
      vertex -96.08781758618635 105.91134097413816 82.3
    endloop
  endfacet
  facet normal 0 0 1
    outer loop
      vertex -95.73003142202124 93.38719122440024 82.3
      vertex -95.34316894681008 93.07085534818009 82.3
      vertex -95.72793094862367 106.53928261385474 82.3
    endloop
  endfacet
  facet normal 0 0 1
    outer loop
      vertex -96.77373909309198 94.46114102917238 82.3
      vertex -96.44648495641854 94.08346962260234 82.3
      vertex -96.77168363953945 105.46690870926398 82.3
    endloop
  endfacet
  facet normal 0 0 1
    outer loop
      vertex -94.93887816508423 92.77712090157573 82.3
      vertex -95.34111749036592 106.85733430730367 82.3
      vertex -95.34316894681008 93.07085534818009 82.3
    endloop
  endfacet
  facet normal 0 0 1
    outer loop
      vertex -94.93887816508423 92.77712090157573 82.3
      vertex -94.51847778934092 92.5069459852986 82.3
      vertex -94.92862111097874 106.86383536092217 82.3
    endloop
  endfacet
  facet normal 0 0 1
    outer loop
      vertex -94.51847778934092 92.5069459852986 82.3
      vertex -94.08333907822464 92.26121185376913 82.3
      vertex -94.5083979704793 107.14021432016554 82.3
    endloop
  endfacet
  facet normal 0 0 1
    outer loop
      vertex -94.08333907822464 92.26121185376913 82.3
      vertex -93.63488136376651 92.04072004064797 82.3
      vertex -94.07352940386983 107.39540474317894 82.3
    endloop
  endfacet
  facet normal 0 0 1
    outer loop
      vertex -96.77373909309198 94.46114102917238 82.3
      vertex -96.77168363953945 105.46690870926398 82.3
      vertex -96.80846695496706 105.4938230790607 82.3
    endloop
  endfacet
  facet normal 0 0 1
    outer loop
      vertex -96.77373909309198 94.46114102917238 82.3
      vertex -96.80846695496706 105.4938230790607 82.3
      vertex -96.92617578193068 105.34117555903163 82.3
    endloop
  endfacet
  facet normal 0 0 1
    outer loop
      vertex -96.44648495641854 94.08346962260234 82.3
      vertex -96.60984149242616 105.7280068850637 82.3
      vertex -96.77168363953945 105.46690870926398 82.3
    endloop
  endfacet
  facet normal 0 0 1
    outer loop
      vertex -96.44648495641854 94.08346962260234 82.3
      vertex -96.48443168978771 105.87273751258638 82.3
      vertex -96.60984149242616 105.7280068850637 82.3
    endloop
  endfacet
  facet normal 0 0 1
    outer loop
      vertex -96.44648495641854 94.08346962260234 82.3
      vertex -96.44439580551828 105.84340055476807 82.3
      vertex -96.48443168978771 105.87273751258638 82.3
    endloop
  endfacet
  facet normal 0 0 1
    outer loop
      vertex -96.09820372573382 93.72509670835908 82.3
      vertex -96.08781758618635 105.91134097413816 82.3
      vertex -96.27226997127934 106.09579335923115 82.3
    endloop
  endfacet
  facet normal 0 0 1
    outer loop
      vertex -96.09820372573382 93.72509670835908 82.3
      vertex -96.27226997127934 106.09579335923115 82.3
      vertex -96.44439580551828 105.84340055476807 82.3
    endloop
  endfacet
  facet normal 0 0 1
    outer loop
      vertex -95.73003142202124 93.38719122440024 82.3
      vertex -96.05515971637523 106.31440872609969 82.3
      vertex -96.08781758618635 105.91134097413816 82.3
    endloop
  endfacet
  facet normal 0 0 1
    outer loop
      vertex -95.73003142202124 93.38719122440024 82.3
      vertex -95.72793094862367 106.53928261385474 82.3
      vertex -95.77354015448465 106.57287682213332 82.3
    endloop
  endfacet
  facet normal 0 0 1
    outer loop
      vertex -95.73003142202124 93.38719122440024 82.3
      vertex -95.77354015448465 106.57287682213332 82.3
      vertex -96.05515971637523 106.31440872609969 82.3
    endloop
  endfacet
  facet normal 0 0 1
    outer loop
      vertex -95.34316894681008 93.07085534818009 82.3
      vertex -95.53691686369191 106.77071776635063 82.3
      vertex -95.72793094862367 106.53928261385474 82.3
    endloop
  endfacet
  facet normal 0 0 1
    outer loop
      vertex -95.34316894681008 93.07085534818009 82.3
      vertex -95.38831676842922 106.89222746127687 82.3
      vertex -95.53691686369191 106.77071776635063 82.3
    endloop
  endfacet
  facet normal 0 0 1
    outer loop
      vertex -95.34316894681008 93.07085534818009 82.3
      vertex -95.34111749036592 106.85733430730367 82.3
      vertex -95.38831676842922 106.89222746127687 82.3
    endloop
  endfacet
  facet normal 0 0 1
    outer loop
      vertex -94.93887816508423 92.77712090157573 82.3
      vertex -95.14089269860375 107.07610694854718 82.3
      vertex -95.34111749036592 106.85733430730367 82.3
    endloop
  endfacet
  facet normal 0 0 1
    outer loop
      vertex -94.93887816508423 92.77712090157573 82.3
      vertex -94.92862111097874 106.86383536092217 82.3
      vertex -95.14089269860375 107.07610694854718 82.3
    endloop
  endfacet
  facet normal 0 0 1
    outer loop
      vertex -94.51847778934092 92.5069459852986 82.3
      vertex -94.72713915065547 107.35895550034172 82.3
      vertex -94.92862111097874 106.86383536092217 82.3
    endloop
  endfacet
  facet normal 0 0 1
    outer loop
      vertex -94.51847778934092 92.5069459852986 82.3
      vertex -94.5083979704793 107.14021432016554 82.3
      vertex -94.72713915065547 107.35895550034172 82.3
    endloop
  endfacet
  facet normal 0 0 1
    outer loop
      vertex -94.08333907822464 92.26121185376913 82.3
      vertex -94.07352940386983 107.39540474317894 82.3
      vertex -94.29652255871636 107.61839789802548 82.3
    endloop
  endfacet
  facet normal 0 0 1
    outer loop
      vertex -94.08333907822464 92.26121185376913 82.3
      vertex -94.29652255871636 107.61839789802548 82.3
      vertex -94.5083979704793 107.14021432016554 82.3
    endloop
  endfacet
  facet normal 0 0 1
    outer loop
      vertex -93.63488136376651 92.04072004064797 82.3
      vertex -93.84989114422723 107.85356676766382 82.3
      vertex -94.07352940386983 107.39540474317894 82.3
    endloop
  endfacet
  facet normal 0 0 1
    outer loop
      vertex -94.92862111097874 106.86383536092217 82.3
      vertex -94.72713915065547 107.35895550034172 82.3
      vertex -94.8920423604106 107.25297864242229 82.3
    endloop
  endfacet
  facet normal 0 0 1
    outer loop
      vertex -94.5083979704793 107.14021432016554 82.3
      vertex -94.29652255871636 107.61839789802548 82.3
      vertex -94.46995309918398 107.52045716750953 82.3
    endloop
  endfacet
  facet normal 0 0 1
    outer loop
      vertex -94.07352940386983 107.39540474317894 82.3
      vertex -93.84989114422723 107.85356676766382 82.3
      vertex -94.03222867261753 107.76391744078495 82.3
    endloop
  endfacet
  facet normal 0 0 1
    outer loop
      vertex -93.17456742181811 91.8461897443998 82.3
      vertex -93.62544960207718 107.62912522551377 82.3
      vertex -93.63488136376651 92.04072004064797 82.3
    endloop
  endfacet
  facet normal 0 0 1
    outer loop
      vertex -93.17456742181811 91.8461897443998 82.3
      vertex -92.70389870078078 91.67825548241741 82.3
      vertex -93.16563565995266 107.8411577990891 82.3
    endloop
  endfacet
  facet normal 0 0 1
    outer loop
      vertex -92.70389870078078 91.67825548241741 82.3
      vertex -92.22441042419301 91.53746502135787 82.3
      vertex -92.6956027196317 108.03134728974477 82.3
    endloop
  endfacet
  facet normal 0 0 1
    outer loop
      vertex -92.22441042419301 91.53746502135787 82.3
      vertex -91.73766658315027 91.42427759044156 82.3
      vertex -92.2168989903557 108.1996004897327 82.3
    endloop
  endfacet
  facet normal 0 0 1
    outer loop
      vertex -91.24525483489124 91.33906238354184 82.3
      vertex -91.39628032326796 98.86404170021311 82.3
      vertex -91.65098034270981 99.28287803827676 82.3
    endloop
  endfacet
  facet normal 0 0 1
    outer loop
      vertex -91.73766658315027 91.42427759044156 82.3
      vertex -91.65098034270981 99.28287803827676 82.3
      vertex -91.7832347028654 99.75490003162676 82.3
    endloop
  endfacet
  facet normal 0 0 1
    outer loop
      vertex -93.63488136376651 92.04072004064797 82.3
      vertex -93.62544960207718 107.62912522551377 82.3
      vertex -93.84989114422723 107.85356676766382 82.3
    endloop
  endfacet
  facet normal 0 0 1
    outer loop
      vertex -93.17456742181811 91.8461897443998 82.3
      vertex -93.3880637955339 108.06358593467034 82.3
      vertex -93.62544960207718 107.62912522551377 82.3
    endloop
  endfacet
  facet normal 0 0 1
    outer loop
      vertex -93.17456742181811 91.8461897443998 82.3
      vertex -93.16563565995266 107.8411577990891 82.3
      vertex -93.3880637955339 108.06358593467034 82.3
    endloop
  endfacet
  facet normal 0 0 1
    outer loop
      vertex -92.70389870078078 91.67825548241741 82.3
      vertex -92.91181541353112 108.2475599836442 82.3
      vertex -93.16563565995266 107.8411577990891 82.3
    endloop
  endfacet
  facet normal 0 0 1
    outer loop
      vertex -92.70389870078078 91.67825548241741 82.3
      vertex -92.6956027196317 108.03134728974477 82.3
      vertex -92.91181541353112 108.2475599836442 82.3
    endloop
  endfacet
  facet normal 0 0 1
    outer loop
      vertex -92.22441042419301 91.53746502135787 82.3
      vertex -92.42185772174483 108.40455922112183 82.3
      vertex -92.6956027196317 108.03134728974477 82.3
    endloop
  endfacet
  facet normal 0 0 1
    outer loop
      vertex -92.22441042419301 91.53746502135787 82.3
      vertex -92.2168989903557 108.1996004897327 82.3
      vertex -92.42185772174483 108.40455922112183 82.3
    endloop
  endfacet
  facet normal 0 0 1
    outer loop
      vertex -91.73766658315027 91.42427759044156 82.3
      vertex -91.7832347028654 99.75490003162676 82.3
      vertex -91.91881391272854 108.53359840279465 82.3
    endloop
  endfacet
  facet normal 0 0 1
    outer loop
      vertex -91.73766658315027 91.42427759044156 82.3
      vertex -91.91881391272854 108.53359840279465 82.3
      vertex -92.2168989903557 108.1996004897327 82.3
    endloop
  endfacet
  facet normal 0 0 1
    outer loop
      vertex -91.91881391272854 108.53359840279465 82.3
      vertex -91.7832347028654 99.75490003162676 82.3
      vertex -91.7832347028654 100.24509996837324 82.3
    endloop
  endfacet
  facet normal 0 0 1
    outer loop
      vertex -88.26233341684973 91.42427759044156 82.3
      vertex -88.46204507181632 99.06474888993623 82.3
      vertex -88.77140434220642 98.68449526429937 82.3
    endloop
  endfacet
  facet normal 0 0 1
    outer loop
      vertex -87.77558957580699 91.53746502135787 82.3
      vertex -88.26674888277397 99.51436581191736 82.3
      vertex -88.46204507181632 99.06474888993623 82.3
    endloop
  endfacet
  facet normal 0 0 1
    outer loop
      vertex -87.29610129921922 91.67825548241741 82.3
      vertex -88.2 100 82.3
      vertex -88.26674888277397 99.51436581191736 82.3
    endloop
  endfacet
  facet normal 0 0 1
    outer loop
      vertex -88.63532151983473 108.64027054123763 82.3
      vertex -88.2 100 82.3
      vertex -87.29610129921922 91.67825548241741 82.3
    endloop
  endfacet
  facet normal 0 0 1
    outer loop
      vertex -88.63532151983473 108.64027054123763 82.3
      vertex -88.26674888277397 100.48563418808264 82.3
      vertex -88.2 100 82.3
    endloop
  endfacet
  facet normal 0 0 1
    outer loop
      vertex -87.75553495535019 107.76053167350771 82.3
      vertex -88.63532151983473 108.64027054123763 82.3
      vertex -87.29610129921922 91.67825548241741 82.3
    endloop
  endfacet
  facet normal 0 0 1
    outer loop
      vertex -91.91881391272854 108.53359840279465 82.3
      vertex -91.7832347028654 100.24509996837324 82.3
      vertex -91.65098034270981 100.71712196172324 82.3
    endloop
  endfacet
  facet normal 0 0 1
    outer loop
      vertex -91.7311006610951 108.34588515116121 82.3
      vertex -91.65098034270981 100.71712196172324 82.3
      vertex -91.39628032326796 101.13595829978689 82.3
    endloop
  endfacet
  facet normal 0 0 1
    outer loop
      vertex -91.7311006610951 108.34588515116121 82.3
      vertex -91.39628032326796 101.13595829978689 82.3
      vertex -91.03802457980676 101.4705458074188 82.3
    endloop
  endfacet
  facet normal 0 0 1
    outer loop
      vertex -91.23980672266042 108.47022880693365 82.3
      vertex -91.03802457980676 101.4705458074188 82.3
      vertex -90.60278330190778 101.69606965981387 82.3
    endloop
  endfacet
  facet normal 0 0 1
    outer loop
      vertex -91.91881391272854 108.53359840279465 82.3
      vertex -91.65098034270981 100.71712196172324 82.3
      vertex -91.7311006610951 108.34588515116121 82.3
    endloop
  endfacet
  facet normal 0 0 1
    outer loop
      vertex -91.7311006610951 108.34588515116121 82.3
      vertex -91.03802457980676 101.4705458074188 82.3
      vertex -91.40318469433313 108.63360677860636 82.3
    endloop
  endfacet
  facet normal 0 0 1
    outer loop
      vertex -91.23980672266042 108.47022880693365 82.3
      vertex -91.40318469433313 108.63360677860636 82.3
      vertex -91.03802457980676 101.4705458074188 82.3
    endloop
  endfacet
  facet normal 0 0 1
    outer loop
      vertex -91.23980672266042 108.47022880693365 82.3
      vertex -90.60278330190778 101.69606965981387 82.3
      vertex -90.87530203582003 108.70338574575798 82.3
    endloop
  endfacet
  facet normal 0 0 1
    outer loop
      vertex -90.87530203582003 108.70338574575798 82.3
      vertex -90.60278330190778 101.69606965981387 82.3
      vertex -90.74463371628224 108.57271742622018 82.3
    endloop
  endfacet
  facet normal 0 0 1
    outer loop
      vertex -93.62544960207718 107.62912522551377 82.3
      vertex -93.3880637955339 108.06358593467034 82.3
      vertex -93.57978247119914 107.98256494578696 82.3
    endloop
  endfacet
  facet normal 0 0 1
    outer loop
      vertex -93.16563565995266 107.8411577990891 82.3
      vertex -92.91181541353112 108.2475599836442 82.3
      vertex -93.11350067233633 108.17559882800265 82.3
    endloop
  endfacet
  facet normal 0 0 1
    outer loop
      vertex -92.6956027196317 108.03134728974477 82.3
      vertex -92.42185772174483 108.40455922112183 82.3
      vertex -92.63422853220932 108.34220152484265 82.3
    endloop
  endfacet
  facet normal 0 0 1
    outer loop
      vertex -92.2168989903557 108.1996004897327 82.3
      vertex -91.91881391272854 108.53359840279465 82.3
      vertex -92.14275239417226 108.48152373998307 82.3
    endloop
  endfacet
  facet normal 0 0 1
    outer loop
      vertex -91.7311006610951 108.34588515116121 82.3
      vertex -91.40318469433313 108.63360677860636 82.3
      vertex -91.63977584479227 108.59266306857447 82.3
    endloop
  endfacet
  facet normal 0 0 1
    outer loop
      vertex -91.23980672266042 108.47022880693365 82.3
      vertex -90.87530203582003 108.70338574575798 82.3
      vertex -91.12588765093187 108.67463372491194 82.3
    endloop
  endfacet
  facet normal 0 0 1
    outer loop
      vertex -90.74463371628224 108.57271742622018 82.3
      vertex -90.60278330190778 101.69606965981387 82.3
      vertex -90.12283634405641 101.79580378454297 82.3
    endloop
  endfacet
  facet normal 0 0 1
    outer loop
      vertex -90.24721042587771 108.65349391196774 82.3
      vertex -90.12283634405641 101.79580378454297 82.3
      vertex -89.63377917650526 101.76235135782818 82.3
    endloop
  endfacet
  facet normal 0 0 1
    outer loop
      vertex -89.7828477702631 108.74643168724666 82.3
      vertex -89.63377917650526 101.76235135782818 82.3
      vertex -89.17188293208393 101.59819339312428 82.3
    endloop
  endfacet
  facet normal 0 0 1
    outer loop
      vertex -90.74463371628224 108.57271742622018 82.3
      vertex -90.12283634405641 101.79580378454297 82.3
      vertex -90.33526488449391 108.74154837058394 82.3
    endloop
  endfacet
  facet normal 0 0 1
    outer loop
      vertex -90.24721042587771 108.65349391196774 82.3
      vertex -90.33526488449391 108.74154837058394 82.3
      vertex -90.12283634405641 101.79580378454297 82.3
    endloop
  endfacet
  facet normal 0 0 1
    outer loop
      vertex -90.24721042587771 108.65349391196774 82.3
      vertex -89.63377917650526 101.76235135782818 82.3
      vertex -90.0668763442978 108.74643168724666 82.3
    endloop
  endfacet
  facet normal 0 0 1
    outer loop
      vertex -90.0668763442978 108.74643168724666 82.3
      vertex -89.63377917650526 101.76235135782818 82.3
      vertex -89.7828477702631 108.74643168724666 82.3
    endloop
  endfacet
  facet normal 0 0 1
    outer loop
      vertex -89.74917253140345 108.712756448387 82.3
      vertex -89.17188293208393 101.59819339312428 82.3
      vertex -89.52186486251782 108.73337875393746 82.3
    endloop
  endfacet
  facet normal 0 0 1
    outer loop
      vertex -89.74917253140345 108.712756448387 82.3
      vertex -89.7828477702631 108.74643168724666 82.3
      vertex -89.17188293208393 101.59819339312428 82.3
    endloop
  endfacet
  facet normal 0 0 1
    outer loop
      vertex -89.52186486251782 108.73337875393746 82.3
      vertex -89.17188293208393 101.59819339312428 82.3
      vertex -89.24126509125644 108.3694817277995 82.3
    endloop
  endfacet
  facet normal 0 0 1
    outer loop
      vertex -89.24126509125644 108.3694817277995 82.3
      vertex -89.17188293208393 101.59819339312428 82.3
      vertex -88.77140434220642 101.31550473570063 82.3
    endloop
  endfacet
  facet normal 0 0 1
    outer loop
      vertex -88.96836294996565 108.68544797392839 82.3
      vertex -88.77140434220642 101.31550473570063 82.3
      vertex -88.46204507181632 100.93525111006377 82.3
    endloop
  endfacet
  facet normal 0 0 1
    outer loop
      vertex -88.63532151983473 108.64027054123763 82.3
      vertex -88.46204507181632 100.93525111006377 82.3
      vertex -88.26674888277397 100.48563418808264 82.3
    endloop
  endfacet
  facet normal 0 0 1
    outer loop
      vertex -89.24126509125644 108.3694817277995 82.3
      vertex -88.77140434220642 101.31550473570063 82.3
      vertex -88.96836294996565 108.68544797392839 82.3
    endloop
  endfacet
  facet normal 0 0 1
    outer loop
      vertex -88.96836294996565 108.68544797392839 82.3
      vertex -88.46204507181632 100.93525111006377 82.3
      vertex -88.74736206493652 108.40249539192386 82.3
    endloop
  endfacet
  facet normal 0 0 1
    outer loop
      vertex -88.74736206493652 108.40249539192386 82.3
      vertex -88.46204507181632 100.93525111006377 82.3
      vertex -88.63532151983473 108.64027054123763 82.3
    endloop
  endfacet
  facet normal 0 0 1
    outer loop
      vertex -90.74463371628224 108.57271742622018 82.3
      vertex -90.33526488449391 108.74154837058394 82.3
      vertex -90.60151785263994 108.7263234750214 82.3
    endloop
  endfacet
  facet normal 0 0 1
    outer loop
      vertex -89.24126509125644 108.3694817277995 82.3
      vertex -88.96836294996565 108.68544797392839 82.3
      vertex -89.21516658731339 108.71376605325122 82.3
    endloop
  endfacet
  facet normal 0 0 1
    outer loop
      vertex -88.74736206493652 108.40249539192386 82.3
      vertex -88.63532151983473 108.64027054123763 82.3
      vertex -88.63541065971658 108.64028596750131 82.3
    endloop
  endfacet
  facet normal 0 0 1
    outer loop
      vertex -87.29610129921922 91.67825548241741 82.3
      vertex -86.82543257818189 91.8461897443998 82.3
      vertex -87.29610129921922 107.7 82.3
    endloop
  endfacet
  facet normal 0 0 1
    outer loop
      vertex -86.82543257818189 91.8461897443998 82.3
      vertex -86.36511863623349 92.04072004064797 82.3
      vertex -87.29610129921922 107.7 82.3
    endloop
  endfacet
  facet normal 0 0 1
    outer loop
      vertex -86.36511863623349 92.04072004064797 82.3
      vertex -85.91666092177536 92.26121185376913 82.3
      vertex -87.29610129921922 107.7 82.3
    endloop
  endfacet
  facet normal 0 0 1
    outer loop
      vertex -85.91666092177536 92.26121185376913 82.3
      vertex -85.48152221065908 92.5069459852986 82.3
      vertex -87.29610129921922 107.7 82.3
    endloop
  endfacet
  facet normal 0 0 1
    outer loop
      vertex -85.48152221065908 92.5069459852986 82.3
      vertex -85.06112183491577 92.77712090157573 82.3
      vertex -85.48152221065908 107.4930540147014 82.3
    endloop
  endfacet
  facet normal 0 0 1
    outer loop
      vertex -85.06112183491577 92.77712090157573 82.3
      vertex -84.65683105318992 93.07085534818009 82.3
      vertex -85.06112183491577 107.22287909842427 82.3
    endloop
  endfacet
  facet normal 0 0 1
    outer loop
      vertex -84.65683105318992 93.07085534818009 82.3
      vertex -84.26996857797876 93.38719122440024 82.3
      vertex -84.65683105318992 106.92914465181991 82.3
    endloop
  endfacet
  facet normal 0 0 1
    outer loop
      vertex -87.75553495535019 107.76053167350771 82.3
      vertex -87.29610129921922 91.67825548241741 82.3
      vertex -87.29610129921922 107.7 82.3
    endloop
  endfacet
  facet normal 0 0 1
    outer loop
      vertex -85.48152221065908 92.5069459852986 82.3
      vertex -85.48152221065908 107.4930540147014 82.3
      vertex -87.29610129921922 107.7 82.3
    endloop
  endfacet
  facet normal 0 0 1
    outer loop
      vertex -85.06112183491577 92.77712090157573 82.3
      vertex -85.06112183491577 107.22287909842427 82.3
      vertex -85.48152221065908 107.4930540147014 82.3
    endloop
  endfacet
  facet normal 0 0 1
    outer loop
      vertex -84.65683105318992 93.07085534818009 82.3
      vertex -84.65683105318992 106.92914465181991 82.3
      vertex -85.06112183491577 107.22287909842427 82.3
    endloop
  endfacet
  facet normal 0 0 1
    outer loop
      vertex -84.26996857797876 93.38719122440024 82.3
      vertex -84.26996857797876 106.61280877559976 82.3
      vertex -84.65683105318992 106.92914465181991 82.3
    endloop
  endfacet
  facet normal 0 0 1
    outer loop
      vertex -84.26996857797876 93.38719122440024 82.3
      vertex -83.90179627426618 93.72509670835908 82.3
      vertex -84.26996857797876 106.61280877559976 82.3
    endloop
  endfacet
  facet normal 0 0 1
    outer loop
      vertex -83.90179627426618 93.72509670835908 82.3
      vertex -83.55351504358146 94.08346962260232 82.3
      vertex -83.90179627426619 106.27490329164092 82.3
    endloop
  endfacet
  facet normal 0 0 1
    outer loop
      vertex -83.55351504358146 94.08346962260232 82.3
      vertex -83.22626090690802 94.46114102917238 82.3
      vertex -83.55351504358146 105.91653037739766 82.3
    endloop
  endfacet
  facet normal 0 0 1
    outer loop
      vertex -83.22626090690802 94.46114102917238 82.3
      vertex -82.9211012992192 94.85687904244087 82.3
      vertex -83.22626090690802 105.53885897082762 82.3
    endloop
  endfacet
  facet normal 0 0 1
    outer loop
      vertex -82.9211012992192 94.85687904244087 82.3
      vertex -82.63903158772716 95.26939284726352 82.3
      vertex -82.9211012992192 105.14312095755913 82.3
    endloop
  endfacet
  facet normal 0 0 1
    outer loop
      vertex -82.63903158772716 95.26939284726352 82.3
      vertex -82.38097182520195 95.69733690935097 82.3
      vertex -82.63903158772716 104.73060715273648 82.3
    endloop
  endfacet
  facet normal 0 0 1
    outer loop
      vertex -82.38097182520195 95.69733690935097 82.3
      vertex -82.14776374895061 96.13931536412181 82.3
      vertex -82.38097182520195 104.30266309064903 82.3
    endloop
  endfacet
  facet normal 0 0 1
    outer loop
      vertex -82.14776374895061 96.13931536412181 82.3
      vertex -81.94016803524507 96.59388656972283 82.3
      vertex -82.14776374895061 103.86068463587819 82.3
    endloop
  endfacet
  facet normal 0 0 1
    outer loop
      vertex -81.94016803524507 96.59388656972283 82.3
      vertex -81.75886181815416 97.05956780936499 82.3
      vertex -81.94016803524507 103.40611343027717 82.3
    endloop
  endfacet
  facet normal 0 0 1
    outer loop
      vertex -81.75886181815416 97.05956780936499 82.3
      vertex -81.60443648087315 97.5348401276375 82.3
      vertex -81.75886181815416 102.94043219063501 82.3
    endloop
  endfacet
  facet normal 0 0 1
    outer loop
      vertex -81.60443648087315 97.5348401276375 82.3
      vertex -81.47739572675458 98.01815328502457 82.3
      vertex -81.60443648087315 102.4651598723625 82.3
    endloop
  endfacet
  facet normal 0 0 1
    outer loop
      vertex -81.47739572675458 98.01815328502457 82.3
      vertex -81.3781539363327 98.50793081446454 82.3
      vertex -81.47739572675458 101.98184671497543 82.3
    endloop
  endfacet
  facet normal 0 0 1
    outer loop
      vertex -81.3781539363327 98.50793081446454 82.3
      vertex -81.30703481570019 99.00257516345776 82.3
      vertex -81.3781539363327 101.49206918553546 82.3
    endloop
  endfacet
  facet normal 0 0 1
    outer loop
      vertex -83.90179627426618 93.72509670835908 82.3
      vertex -83.90179627426619 106.27490329164092 82.3
      vertex -84.26996857797876 106.61280877559976 82.3
    endloop
  endfacet
  facet normal 0 0 1
    outer loop
      vertex -83.55351504358146 94.08346962260232 82.3
      vertex -83.55351504358146 105.91653037739766 82.3
      vertex -83.90179627426619 106.27490329164092 82.3
    endloop
  endfacet
  facet normal 0 0 1
    outer loop
      vertex -83.22626090690802 94.46114102917238 82.3
      vertex -83.22626090690802 105.53885897082762 82.3
      vertex -83.55351504358146 105.91653037739766 82.3
    endloop
  endfacet
  facet normal 0 0 1
    outer loop
      vertex -82.9211012992192 94.85687904244087 82.3
      vertex -82.9211012992192 105.14312095755913 82.3
      vertex -83.22626090690802 105.53885897082762 82.3
    endloop
  endfacet
  facet normal 0 0 1
    outer loop
      vertex -81.30703481570019 99.00257516345776 82.3
      vertex -81.2642703406463 99.50047290495078 82.3
      vertex -81.30703481570019 100.99742483654224 82.3
    endloop
  endfacet
  facet normal 0 0 1
    outer loop
      vertex -81.2642703406463 99.50047290495078 82.3
      vertex -81.25 100 82.3
      vertex -81.2642703406463 100.49952709504922 82.3
    endloop
  endfacet
  facet normal 0 0 1
    outer loop
      vertex -81.2642703406463 99.50047290495078 82.3
      vertex -81.2642703406463 100.49952709504922 82.3
      vertex -81.30703481570019 100.99742483654224 82.3
    endloop
  endfacet
  facet normal 0 0 1
    outer loop
      vertex -81.30703481570019 99.00257516345776 82.3
      vertex -81.30703481570019 100.99742483654224 82.3
      vertex -81.3781539363327 101.49206918553546 82.3
    endloop
  endfacet
  facet normal 0 0 1
    outer loop
      vertex -81.94016803524507 96.59388656972283 82.3
      vertex -81.94016803524507 103.40611343027717 82.3
      vertex -82.14776374895061 103.86068463587819 82.3
    endloop
  endfacet
  facet normal 0 0 1
    outer loop
      vertex -81.75886181815416 97.05956780936499 82.3
      vertex -81.75886181815416 102.94043219063501 82.3
      vertex -81.94016803524507 103.40611343027717 82.3
    endloop
  endfacet
  facet normal 0 0 1
    outer loop
      vertex -81.60443648087315 97.5348401276375 82.3
      vertex -81.60443648087315 102.4651598723625 82.3
      vertex -81.75886181815416 102.94043219063501 82.3
    endloop
  endfacet
  facet normal 0 0 1
    outer loop
      vertex -81.47739572675458 98.01815328502457 82.3
      vertex -81.47739572675458 101.98184671497543 82.3
      vertex -81.60443648087315 102.4651598723625 82.3
    endloop
  endfacet
  facet normal 0 0 1
    outer loop
      vertex -81.3781539363327 98.50793081446454 82.3
      vertex -81.3781539363327 101.49206918553546 82.3
      vertex -81.47739572675458 101.98184671497543 82.3
    endloop
  endfacet
  facet normal 0 0 1
    outer loop
      vertex -82.63903158772716 95.26939284726352 82.3
      vertex -82.63903158772716 104.73060715273648 82.3
      vertex -82.9211012992192 105.14312095755913 82.3
    endloop
  endfacet
  facet normal 0 0 1
    outer loop
      vertex -82.38097182520195 95.69733690935097 82.3
      vertex -82.38097182520195 104.30266309064903 82.3
      vertex -82.63903158772716 104.73060715273648 82.3
    endloop
  endfacet
  facet normal 0 0 1
    outer loop
      vertex -82.14776374895061 96.13931536412181 82.3
      vertex -82.14776374895061 103.86068463587819 82.3
      vertex -82.38097182520195 104.30266309064903 82.3
    endloop
  endfacet
  facet normal 0 0 1
    outer loop
      vertex -87.29610129921922 107.7 82.3
      vertex -85.48152221065908 107.4930540147014 82.3
      vertex -85.84797602296851 107.7 82.3
    endloop
  endfacet
  facet normal -0.8844329309978107 0.4666673232256807 0
    outer loop
      vertex -97.7 -95.85079558350154 2.299999999999997
      vertex -97.7 -95.85079558350154 82.3
      vertex -97.61902817479805 -95.69733690935097 2.299999999999997
    endloop
  endfacet
  facet normal -0.8563490302515976 0.5163974616389475 0
    outer loop
      vertex -97.61902817479805 -95.69733690935097 2.299999999999997
      vertex -97.36096841227284 -95.26939284726352 82.3
      vertex -97.36096841227284 -95.26939284726352 2.299999999999997
    endloop
  endfacet
  facet normal -0.8254718969627711 0.5644432188667735 0
    outer loop
      vertex -97.36096841227284 -95.26939284726352 2.299999999999997
      vertex -97.0788987007808 -94.85687904244087 82.3
      vertex -97.0788987007808 -94.85687904244087 2.299999999999997
    endloop
  endfacet
  facet normal -0.7919022459222785 0.6106478796354337 0
    outer loop
      vertex -97.0788987007808 -94.85687904244087 2.299999999999997
      vertex -96.77373909309198 -94.46114102917238 82.3
      vertex -96.77373909309198 -94.46114102917238 2.299999999999997
    endloop
  endfacet
  facet normal -0.755749574354247 0.6548607339452981 0
    outer loop
      vertex -96.77373909309198 -94.46114102917238 2.299999999999997
      vertex -96.44648495641854 -94.08346962260234 82.3
      vertex -96.44648495641854 -94.08346962260234 2.299999999999997
    endloop
  endfacet
  facet normal -0.7171318047589705 0.6969375686552861 0
    outer loop
      vertex -96.44648495641854 -94.08346962260234 2.299999999999997
      vertex -96.09820372573382 -93.72509670835908 82.3
      vertex -96.09820372573382 -93.72509670835908 2.299999999999997
    endloop
  endfacet
  facet normal -0.6761749002740153 0.7367411378764087 0
    outer loop
      vertex -96.09820372573382 -93.72509670835908 2.299999999999997
      vertex -95.73003142202124 -93.38719122440024 82.3
      vertex -95.73003142202124 -93.38719122440024 2.299999999999997
    endloop
  endfacet
  facet normal -0.6330124538088758 0.7741416106390779 0
    outer loop
      vertex -95.73003142202124 -93.38719122440024 2.299999999999997
      vertex -95.34316894681008 -93.07085534818009 82.3
      vertex -95.34316894681008 -93.07085534818009 2.299999999999997
    endloop
  endfacet
  facet normal -0.5877852522924731 0.8090169943749475 0
    outer loop
      vertex -95.34316894681008 -93.07085534818009 2.299999999999997
      vertex -94.93887816508423 -92.77712090157573 82.3
      vertex -94.93887816508423 -92.77712090157573 2.299999999999997
    endloop
  endfacet
  facet normal -0.5406408174555932 0.841253532831184 0
    outer loop
      vertex -94.93887816508423 -92.77712090157573 2.299999999999997
      vertex -94.51847778934092 -92.5069459852986 82.3
      vertex -94.51847778934092 -92.5069459852986 2.299999999999997
    endloop
  endfacet
  facet normal -0.49173292464559976 0.8707460771197795 0
    outer loop
      vertex -94.51847778934092 -92.5069459852986 2.299999999999997
      vertex -94.08333907822464 -92.26121185376913 82.3
      vertex -94.08333907822464 -92.26121185376913 2.299999999999997
    endloop
  endfacet
  facet normal -0.44122110124322317 0.8973984286913576 0
    outer loop
      vertex -94.08333907822464 -92.26121185376913 2.299999999999997
      vertex -93.63488136376651 -92.04072004064797 82.3
      vertex -93.63488136376651 -92.04072004064797 2.299999999999997
    endloop
  endfacet
  facet normal -0.3892701063173946 0.9211236531148487 0
    outer loop
      vertex -93.63488136376651 -92.04072004064797 2.299999999999997
      vertex -93.17456742181811 -91.8461897443998 82.3
      vertex -93.17456742181811 -91.8461897443998 2.299999999999997
    endloop
  endfacet
  facet normal -0.3360493932154165 0.9418443636395295 0
    outer loop
      vertex -93.17456742181811 -91.8461897443998 2.299999999999997
      vertex -92.70389870078078 -91.67825548241741 82.3
      vertex -92.70389870078078 -91.67825548241741 2.299999999999997
    endloop
  endfacet
  facet normal -0.2817325568414457 0.9594929736144927 0
    outer loop
      vertex -92.70389870078078 -91.67825548241741 2.299999999999997
      vertex -92.22441042419301 -91.53746502135787 82.3
      vertex -92.22441042419301 -91.53746502135787 2.299999999999997
    endloop
  endfacet
  facet normal -0.22649676742575464 0.9740119169423358 0
    outer loop
      vertex -92.22441042419301 -91.53746502135787 2.299999999999997
      vertex -91.73766658315027 -91.42427759044156 82.3
      vertex -91.73766658315027 -91.42427759044156 2.299999999999997
    endloop
  endfacet
  facet normal -0.17052219263262178 0.9853538358476933 0
    outer loop
      vertex -91.73766658315027 -91.42427759044156 2.299999999999997
      vertex -91.24525483489124 -91.33906238354184 82.3
      vertex -91.24525483489124 -91.33906238354184 2.299999999999997
    endloop
  endfacet
  facet normal -0.11399140989056013 0.993481735348548 0
    outer loop
      vertex -91.24525483489124 -91.33906238354184 2.299999999999997
      vertex -90.74878132418985 -91.28209735495145 82.3
      vertex -90.74878132418985 -91.28209735495145 2.299999999999997
    endloop
  endfacet
  facet normal -0.05708881086275833 0.9983691039261362 0
    outer loop
      vertex -90.74878132418985 -91.28209735495145 2.299999999999997
      vertex -90.24986544444484 -91.25356831275334 82.3
      vertex -90.24986544444484 -91.25356831275334 2.299999999999997
    endloop
  endfacet
  facet normal 0 1 0
    outer loop
      vertex -90.24986544444484 -91.25356831275334 2.299999999999997
      vertex -89.75013455555516 -91.25356831275334 82.3
      vertex -89.75013455555516 -91.25356831275334 2.299999999999997
    endloop
  endfacet
  facet normal 0.05708881086275833 0.9983691039261362 0
    outer loop
      vertex -89.75013455555516 -91.25356831275334 2.299999999999997
      vertex -89.25121867581015 -91.28209735495145 82.3
      vertex -89.25121867581015 -91.28209735495145 2.299999999999997
    endloop
  endfacet
  facet normal 0.11399140989056013 0.993481735348548 0
    outer loop
      vertex -89.25121867581015 -91.28209735495145 2.299999999999997
      vertex -88.75474516510876 -91.33906238354184 82.3
      vertex -88.75474516510876 -91.33906238354184 2.299999999999997
    endloop
  endfacet
  facet normal 0.17052219263262178 0.9853538358476933 0
    outer loop
      vertex -88.75474516510876 -91.33906238354184 2.299999999999997
      vertex -88.26233341684973 -91.42427759044156 82.3
      vertex -88.26233341684973 -91.42427759044156 2.299999999999997
    endloop
  endfacet
  facet normal 0.22649676742575464 0.9740119169423358 0
    outer loop
      vertex -88.26233341684973 -91.42427759044156 2.299999999999997
      vertex -87.77558957580699 -91.53746502135787 82.3
      vertex -87.77558957580699 -91.53746502135787 2.299999999999997
    endloop
  endfacet
  facet normal 0.49173292464560003 -0.8707460771197792 0
    outer loop
      vertex -85.84797602296851 -107.7 2.299999999999997
      vertex -85.48152221065908 -107.4930540147014 2.299999999999997
      vertex -85.48152221065908 -107.4930540147014 82.3
    endloop
  endfacet
  facet normal 0.5406408174555932 -0.841253532831184 0
    outer loop
      vertex -85.48152221065908 -107.4930540147014 2.299999999999997
      vertex -85.06112183491577 -107.22287909842427 2.299999999999997
      vertex -85.48152221065908 -107.4930540147014 82.3
    endloop
  endfacet
  facet normal 0.5877852522924731 -0.8090169943749475 0
    outer loop
      vertex -85.06112183491577 -107.22287909842427 2.299999999999997
      vertex -84.65683105318992 -106.92914465181991 2.299999999999997
      vertex -85.06112183491577 -107.22287909842427 82.3
    endloop
  endfacet
  facet normal 0.6330124538088758 -0.7741416106390779 0
    outer loop
      vertex -84.65683105318992 -106.92914465181991 2.299999999999997
      vertex -84.26996857797876 -106.61280877559976 2.299999999999997
      vertex -84.65683105318992 -106.92914465181991 82.3
    endloop
  endfacet
  facet normal 0.6761749002740153 -0.7367411378764087 0
    outer loop
      vertex -84.26996857797876 -106.61280877559976 2.299999999999997
      vertex -83.90179627426618 -106.27490329164092 2.299999999999997
      vertex -84.26996857797876 -106.61280877559976 82.3
    endloop
  endfacet
  facet normal 0.7171318047589568 -0.6969375686553004 0
    outer loop
      vertex -83.90179627426618 -106.27490329164092 2.299999999999997
      vertex -83.55351504358146 -105.91653037739768 2.299999999999997
      vertex -83.90179627426618 -106.27490329164092 82.3
    endloop
  endfacet
  facet normal 0.7557495743542592 -0.6548607339452841 0
    outer loop
      vertex -83.55351504358146 -105.91653037739768 2.299999999999997
      vertex -83.22626090690802 -105.53885897082762 2.299999999999997
      vertex -83.55351504358146 -105.91653037739768 82.3
    endloop
  endfacet
  facet normal 0.7919022459222785 -0.6106478796354337 0
    outer loop
      vertex -83.22626090690802 -105.53885897082762 2.299999999999997
      vertex -82.9211012992192 -105.14312095755913 2.299999999999997
      vertex -83.22626090690802 -105.53885897082762 82.3
    endloop
  endfacet
  facet normal 0.8254718969627711 -0.5644432188667735 0
    outer loop
      vertex -82.9211012992192 -105.14312095755913 2.299999999999997
      vertex -82.63903158772716 -104.73060715273648 2.299999999999997
      vertex -82.9211012992192 -105.14312095755913 82.3
    endloop
  endfacet
  facet normal 0.8563490302515976 -0.5163974616389475 0
    outer loop
      vertex -82.63903158772716 -104.73060715273648 2.299999999999997
      vertex -82.38097182520195 -104.30266309064903 2.299999999999997
      vertex -82.63903158772716 -104.73060715273648 82.3
    endloop
  endfacet
  facet normal 0.8844329309978076 -0.4666673232256866 0
    outer loop
      vertex -82.38097182520195 -104.30266309064903 2.299999999999997
      vertex -82.14776374895061 -103.86068463587819 2.299999999999997
      vertex -82.38097182520195 -104.30266309064903 82.3
    endloop
  endfacet
  facet normal 0.9096319953545255 -0.4154150130018704 0
    outer loop
      vertex -82.14776374895061 -103.86068463587819 2.299999999999997
      vertex -81.94016803524507 -103.40611343027717 2.299999999999997
      vertex -82.14776374895061 -103.86068463587819 82.3
    endloop
  endfacet
  facet normal 0.9318640292114507 -0.362807705350645 0
    outer loop
      vertex -81.94016803524507 -103.40611343027717 2.299999999999997
      vertex -81.75886181815416 -102.94043219063501 2.299999999999997
      vertex -81.94016803524507 -103.40611343027717 82.3
    endloop
  endfacet
  facet normal 0.9510565162951529 -0.3090169943749498 0
    outer loop
      vertex -81.75886181815416 -102.94043219063501 2.299999999999997
      vertex -81.60443648087315 -102.4651598723625 2.299999999999997
      vertex -81.75886181815416 -102.94043219063501 82.3
    endloop
  endfacet
  facet normal 0.9671468547019565 -0.2542183341934891 0
    outer loop
      vertex -81.60443648087315 -102.4651598723625 2.299999999999997
      vertex -81.47739572675458 -101.98184671497543 2.299999999999997
      vertex -81.60443648087315 -102.4651598723625 82.3
    endloop
  endfacet
  facet normal 0.9800825610923971 -0.19859046664572735 0
    outer loop
      vertex -81.47739572675458 -101.98184671497543 2.299999999999997
      vertex -81.3781539363327 -101.49206918553546 2.299999999999997
      vertex -81.47739572675458 -101.98184671497543 82.3
    endloop
  endfacet
  facet normal 0.9898214418809319 -0.14231483827329167 0
    outer loop
      vertex -81.3781539363327 -101.49206918553546 2.299999999999997
      vertex -81.30703481570019 -100.99742483654224 2.299999999999997
      vertex -81.3781539363327 -101.49206918553546 82.3
    endloop
  endfacet
  facet normal 0.9963317308626892 -0.0855750084788643 0
    outer loop
      vertex -81.30703481570019 -100.99742483654224 2.299999999999997
      vertex -81.2642703406463 -100.49952709504922 2.299999999999997
      vertex -81.30703481570019 -100.99742483654224 82.3
    endloop
  endfacet
  facet normal 0.9995921928281897 -0.028556050793682033 0
    outer loop
      vertex -81.2642703406463 -100.49952709504922 2.299999999999997
      vertex -81.25 -100 2.299999999999997
      vertex -81.2642703406463 -100.49952709504922 82.3
    endloop
  endfacet
  facet normal 0.9995921928281897 0.028556050793682033 0
    outer loop
      vertex -81.2642703406463 -99.50047290495078 2.299999999999997
      vertex -81.25 -100 82.3
      vertex -81.25 -100 2.299999999999997
    endloop
  endfacet
  facet normal 0.9963317308626892 0.0855750084788643 0
    outer loop
      vertex -81.2642703406463 -99.50047290495078 2.299999999999997
      vertex -81.30703481570019 -99.00257516345776 2.299999999999997
      vertex -81.2642703406463 -99.50047290495078 82.3
    endloop
  endfacet
  facet normal 0.9898214418809319 0.14231483827329167 0
    outer loop
      vertex -81.30703481570019 -99.00257516345776 2.299999999999997
      vertex -81.3781539363327 -98.50793081446454 2.299999999999997
      vertex -81.30703481570019 -99.00257516345776 82.3
    endloop
  endfacet
  facet normal 0.9800825610923971 0.19859046664572735 0
    outer loop
      vertex -81.3781539363327 -98.50793081446454 2.299999999999997
      vertex -81.47739572675458 -98.01815328502457 2.299999999999997
      vertex -81.3781539363327 -98.50793081446454 82.3
    endloop
  endfacet
  facet normal 0.9510565162951529 0.3090169943749498 0
    outer loop
      vertex -81.60443648087315 -97.5348401276375 2.299999999999997
      vertex -81.75886181815416 -97.05956780936499 2.299999999999997
      vertex -81.60443648087315 -97.5348401276375 82.3
    endloop
  endfacet
  facet normal 0.9671468547019565 0.2542183341934891 0
    outer loop
      vertex -81.47739572675458 -98.01815328502457 2.299999999999997
      vertex -81.60443648087315 -97.5348401276375 2.299999999999997
      vertex -81.47739572675458 -98.01815328502457 82.3
    endloop
  endfacet
  facet normal 0.9318640292114507 0.362807705350645 0
    outer loop
      vertex -81.75886181815416 -97.05956780936499 2.299999999999997
      vertex -81.94016803524507 -96.59388656972283 2.299999999999997
      vertex -81.75886181815416 -97.05956780936499 82.3
    endloop
  endfacet
  facet normal 0.9096319953545255 0.4154150130018704 0
    outer loop
      vertex -81.94016803524507 -96.59388656972283 2.299999999999997
      vertex -82.14776374895061 -96.13931536412181 2.299999999999997
      vertex -81.94016803524507 -96.59388656972283 82.3
    endloop
  endfacet
  facet normal 0.5877852522924731 0.8090169943749475 0
    outer loop
      vertex -84.65683105318992 -93.07085534818009 2.299999999999997
      vertex -85.06112183491577 -92.77712090157573 2.299999999999997
      vertex -84.65683105318992 -93.07085534818009 82.3
    endloop
  endfacet
  facet normal 0.6330124538088758 0.7741416106390779 0
    outer loop
      vertex -84.65683105318992 -93.07085534818009 2.299999999999997
      vertex -84.26996857797876 -93.38719122440024 82.3
      vertex -84.26996857797876 -93.38719122440024 2.299999999999997
    endloop
  endfacet
  facet normal 0.2817325568414457 0.9594929736144927 0
    outer loop
      vertex -87.77558957580699 -91.53746502135787 2.299999999999997
      vertex -87.29610129921922 -91.67825548241741 82.3
      vertex -87.29610129921922 -91.67825548241741 2.299999999999997
    endloop
  endfacet
  facet normal 0.3360493932154165 0.9418443636395295 0
    outer loop
      vertex -87.29610129921922 -91.67825548241741 2.299999999999997
      vertex -86.82543257818189 -91.8461897443998 82.3
      vertex -86.82543257818189 -91.8461897443998 2.299999999999997
    endloop
  endfacet
  facet normal 0.3892701063173946 0.9211236531148487 0
    outer loop
      vertex -86.82543257818189 -91.8461897443998 2.299999999999997
      vertex -86.36511863623349 -92.04072004064797 82.3
      vertex -86.36511863623349 -92.04072004064797 2.299999999999997
    endloop
  endfacet
  facet normal 0.44122110124322317 0.8973984286913576 0
    outer loop
      vertex -86.36511863623349 -92.04072004064797 2.299999999999997
      vertex -85.91666092177536 -92.26121185376913 82.3
      vertex -85.91666092177536 -92.26121185376913 2.299999999999997
    endloop
  endfacet
  facet normal 0.49173292464559976 0.8707460771197795 0
    outer loop
      vertex -85.91666092177536 -92.26121185376913 2.299999999999997
      vertex -85.48152221065908 -92.5069459852986 82.3
      vertex -85.48152221065908 -92.5069459852986 2.299999999999997
    endloop
  endfacet
  facet normal 0.5406408174555932 0.841253532831184 0
    outer loop
      vertex -85.48152221065908 -92.5069459852986 2.299999999999997
      vertex -85.06112183491577 -92.77712090157573 82.3
      vertex -85.06112183491577 -92.77712090157573 2.299999999999997
    endloop
  endfacet
  facet normal 0.7919022459222785 0.6106478796354337 0
    outer loop
      vertex -82.9211012992192 -94.85687904244087 2.299999999999997
      vertex -83.22626090690802 -94.46114102917238 2.299999999999997
      vertex -82.9211012992192 -94.85687904244087 82.3
    endloop
  endfacet
  facet normal 0.7171318047589563 0.6969375686553008 0
    outer loop
      vertex -83.90179627426619 -93.72509670835908 2.299999999999997
      vertex -83.55351504358146 -94.08346962260234 82.3
      vertex -83.55351504358146 -94.08346962260234 2.299999999999997
    endloop
  endfacet
  facet normal 0.6761749002740295 0.7367411378763957 0
    outer loop
      vertex -83.90179627426619 -93.72509670835908 2.299999999999997
      vertex -84.26996857797876 -93.38719122440024 2.299999999999997
      vertex -83.90179627426619 -93.72509670835908 82.3
    endloop
  endfacet
  facet normal 0.755749574354247 0.6548607339452981 0
    outer loop
      vertex -83.22626090690802 -94.46114102917238 2.299999999999997
      vertex -83.55351504358146 -94.08346962260234 2.299999999999997
      vertex -83.22626090690802 -94.46114102917238 82.3
    endloop
  endfacet
  facet normal 0.8563490302515976 0.5163974616389475 0
    outer loop
      vertex -82.38097182520195 -95.69733690935097 2.299999999999997
      vertex -82.63903158772716 -95.26939284726352 2.299999999999997
      vertex -82.38097182520195 -95.69733690935097 82.3
    endloop
  endfacet
  facet normal 0.8844329309978076 0.4666673232256866 0
    outer loop
      vertex -82.14776374895061 -96.13931536412181 2.299999999999997
      vertex -82.38097182520195 -95.69733690935097 2.299999999999997
      vertex -82.14776374895061 -96.13931536412181 82.3
    endloop
  endfacet
  facet normal 0.8254718969627711 0.5644432188667735 0
    outer loop
      vertex -82.9211012992192 -94.85687904244087 2.299999999999997
      vertex -82.63903158772716 -95.26939284726352 82.3
      vertex -82.63903158772716 -95.26939284726352 2.299999999999997
    endloop
  endfacet
  facet normal -0.8844329309978107 0.4666673232256807 0
    outer loop
      vertex -97.61902817479805 -95.69733690935097 2.299999999999997
      vertex -97.7 -95.85079558350154 82.3
      vertex -97.61902817479805 -95.69733690935097 82.3
    endloop
  endfacet
  facet normal -0.8563490302515976 0.5163974616389475 0
    outer loop
      vertex -97.61902817479805 -95.69733690935097 2.299999999999997
      vertex -97.61902817479805 -95.69733690935097 82.3
      vertex -97.36096841227284 -95.26939284726352 82.3
    endloop
  endfacet
  facet normal -0.8254718969627711 0.5644432188667735 0
    outer loop
      vertex -97.36096841227284 -95.26939284726352 2.299999999999997
      vertex -97.36096841227284 -95.26939284726352 82.3
      vertex -97.0788987007808 -94.85687904244087 82.3
    endloop
  endfacet
  facet normal -0.7919022459222785 0.6106478796354337 0
    outer loop
      vertex -97.0788987007808 -94.85687904244087 2.299999999999997
      vertex -97.0788987007808 -94.85687904244087 82.3
      vertex -96.77373909309198 -94.46114102917238 82.3
    endloop
  endfacet
  facet normal -0.755749574354247 0.6548607339452981 0
    outer loop
      vertex -96.77373909309198 -94.46114102917238 2.299999999999997
      vertex -96.77373909309198 -94.46114102917238 82.3
      vertex -96.44648495641854 -94.08346962260234 82.3
    endloop
  endfacet
  facet normal -0.7171318047589705 0.6969375686552861 0
    outer loop
      vertex -96.44648495641854 -94.08346962260234 2.299999999999997
      vertex -96.44648495641854 -94.08346962260234 82.3
      vertex -96.09820372573382 -93.72509670835908 82.3
    endloop
  endfacet
  facet normal -0.6761749002740153 0.7367411378764087 0
    outer loop
      vertex -96.09820372573382 -93.72509670835908 2.299999999999997
      vertex -96.09820372573382 -93.72509670835908 82.3
      vertex -95.73003142202124 -93.38719122440024 82.3
    endloop
  endfacet
  facet normal -0.6330124538088758 0.7741416106390779 0
    outer loop
      vertex -95.73003142202124 -93.38719122440024 2.299999999999997
      vertex -95.73003142202124 -93.38719122440024 82.3
      vertex -95.34316894681008 -93.07085534818009 82.3
    endloop
  endfacet
  facet normal -0.5877852522924731 0.8090169943749475 0
    outer loop
      vertex -95.34316894681008 -93.07085534818009 2.299999999999997
      vertex -95.34316894681008 -93.07085534818009 82.3
      vertex -94.93887816508423 -92.77712090157573 82.3
    endloop
  endfacet
  facet normal -0.5406408174555932 0.841253532831184 0
    outer loop
      vertex -94.93887816508423 -92.77712090157573 2.299999999999997
      vertex -94.93887816508423 -92.77712090157573 82.3
      vertex -94.51847778934092 -92.5069459852986 82.3
    endloop
  endfacet
  facet normal -0.49173292464559976 0.8707460771197795 0
    outer loop
      vertex -94.51847778934092 -92.5069459852986 2.299999999999997
      vertex -94.51847778934092 -92.5069459852986 82.3
      vertex -94.08333907822464 -92.26121185376913 82.3
    endloop
  endfacet
  facet normal -0.44122110124322317 0.8973984286913576 0
    outer loop
      vertex -94.08333907822464 -92.26121185376913 2.299999999999997
      vertex -94.08333907822464 -92.26121185376913 82.3
      vertex -93.63488136376651 -92.04072004064797 82.3
    endloop
  endfacet
  facet normal -0.3892701063173946 0.9211236531148487 0
    outer loop
      vertex -93.63488136376651 -92.04072004064797 2.299999999999997
      vertex -93.63488136376651 -92.04072004064797 82.3
      vertex -93.17456742181811 -91.8461897443998 82.3
    endloop
  endfacet
  facet normal -0.3360493932154165 0.9418443636395295 0
    outer loop
      vertex -93.17456742181811 -91.8461897443998 2.299999999999997
      vertex -93.17456742181811 -91.8461897443998 82.3
      vertex -92.70389870078078 -91.67825548241741 82.3
    endloop
  endfacet
  facet normal -0.2817325568414457 0.9594929736144927 0
    outer loop
      vertex -92.70389870078078 -91.67825548241741 2.299999999999997
      vertex -92.70389870078078 -91.67825548241741 82.3
      vertex -92.22441042419301 -91.53746502135787 82.3
    endloop
  endfacet
  facet normal -0.22649676742575464 0.9740119169423358 0
    outer loop
      vertex -92.22441042419301 -91.53746502135787 2.299999999999997
      vertex -92.22441042419301 -91.53746502135787 82.3
      vertex -91.73766658315027 -91.42427759044156 82.3
    endloop
  endfacet
  facet normal -0.17052219263262178 0.9853538358476933 0
    outer loop
      vertex -91.73766658315027 -91.42427759044156 2.299999999999997
      vertex -91.73766658315027 -91.42427759044156 82.3
      vertex -91.24525483489124 -91.33906238354184 82.3
    endloop
  endfacet
  facet normal -0.11399140989056013 0.993481735348548 0
    outer loop
      vertex -91.24525483489124 -91.33906238354184 2.299999999999997
      vertex -91.24525483489124 -91.33906238354184 82.3
      vertex -90.74878132418985 -91.28209735495145 82.3
    endloop
  endfacet
  facet normal -0.05708881086275833 0.9983691039261362 0
    outer loop
      vertex -90.74878132418985 -91.28209735495145 2.299999999999997
      vertex -90.74878132418985 -91.28209735495145 82.3
      vertex -90.24986544444484 -91.25356831275334 82.3
    endloop
  endfacet
  facet normal 0 1 0
    outer loop
      vertex -90.24986544444484 -91.25356831275334 2.299999999999997
      vertex -90.24986544444484 -91.25356831275334 82.3
      vertex -89.75013455555516 -91.25356831275334 82.3
    endloop
  endfacet
  facet normal 0.05708881086275833 0.9983691039261362 0
    outer loop
      vertex -89.75013455555516 -91.25356831275334 2.299999999999997
      vertex -89.75013455555516 -91.25356831275334 82.3
      vertex -89.25121867581015 -91.28209735495145 82.3
    endloop
  endfacet
  facet normal 0.11399140989056013 0.993481735348548 0
    outer loop
      vertex -89.25121867581015 -91.28209735495145 2.299999999999997
      vertex -89.25121867581015 -91.28209735495145 82.3
      vertex -88.75474516510876 -91.33906238354184 82.3
    endloop
  endfacet
  facet normal 0.17052219263262178 0.9853538358476933 0
    outer loop
      vertex -88.75474516510876 -91.33906238354184 2.299999999999997
      vertex -88.75474516510876 -91.33906238354184 82.3
      vertex -88.26233341684973 -91.42427759044156 82.3
    endloop
  endfacet
  facet normal 0.22649676742575464 0.9740119169423358 0
    outer loop
      vertex -88.26233341684973 -91.42427759044156 2.299999999999997
      vertex -88.26233341684973 -91.42427759044156 82.3
      vertex -87.77558957580699 -91.53746502135787 82.3
    endloop
  endfacet
  facet normal 0.2817325568414457 0.9594929736144927 0
    outer loop
      vertex -87.77558957580699 -91.53746502135787 2.299999999999997
      vertex -87.77558957580699 -91.53746502135787 82.3
      vertex -87.29610129921922 -91.67825548241741 82.3
    endloop
  endfacet
  facet normal 0.49173292464560003 -0.8707460771197792 0
    outer loop
      vertex -85.84797602296851 -107.7 2.299999999999997
      vertex -85.48152221065908 -107.4930540147014 82.3
      vertex -85.84797602296851 -107.7 82.3
    endloop
  endfacet
  facet normal 0.5406408174555932 -0.841253532831184 0
    outer loop
      vertex -85.06112183491577 -107.22287909842427 2.299999999999997
      vertex -85.06112183491577 -107.22287909842427 82.3
      vertex -85.48152221065908 -107.4930540147014 82.3
    endloop
  endfacet
  facet normal 0.5877852522924731 -0.8090169943749475 0
    outer loop
      vertex -84.65683105318992 -106.92914465181991 2.299999999999997
      vertex -84.65683105318992 -106.92914465181991 82.3
      vertex -85.06112183491577 -107.22287909842427 82.3
    endloop
  endfacet
  facet normal 0.6330124538088758 -0.7741416106390779 0
    outer loop
      vertex -84.26996857797876 -106.61280877559976 2.299999999999997
      vertex -84.26996857797876 -106.61280877559976 82.3
      vertex -84.65683105318992 -106.92914465181991 82.3
    endloop
  endfacet
  facet normal 0.6761749002740153 -0.7367411378764087 0
    outer loop
      vertex -83.90179627426618 -106.27490329164092 2.299999999999997
      vertex -83.90179627426618 -106.27490329164092 82.3
      vertex -84.26996857797876 -106.61280877559976 82.3
    endloop
  endfacet
  facet normal 0.7171318047589568 -0.6969375686553004 0
    outer loop
      vertex -83.55351504358146 -105.91653037739768 2.299999999999997
      vertex -83.55351504358146 -105.91653037739768 82.3
      vertex -83.90179627426618 -106.27490329164092 82.3
    endloop
  endfacet
  facet normal 0.7557495743542592 -0.6548607339452841 0
    outer loop
      vertex -83.22626090690802 -105.53885897082762 2.299999999999997
      vertex -83.22626090690802 -105.53885897082762 82.3
      vertex -83.55351504358146 -105.91653037739768 82.3
    endloop
  endfacet
  facet normal 0.7919022459222785 -0.6106478796354337 0
    outer loop
      vertex -82.9211012992192 -105.14312095755913 2.299999999999997
      vertex -82.9211012992192 -105.14312095755913 82.3
      vertex -83.22626090690802 -105.53885897082762 82.3
    endloop
  endfacet
  facet normal 0.8254718969627711 -0.5644432188667735 0
    outer loop
      vertex -82.63903158772716 -104.73060715273648 2.299999999999997
      vertex -82.63903158772716 -104.73060715273648 82.3
      vertex -82.9211012992192 -105.14312095755913 82.3
    endloop
  endfacet
  facet normal 0.8563490302515976 -0.5163974616389475 0
    outer loop
      vertex -82.38097182520195 -104.30266309064903 2.299999999999997
      vertex -82.38097182520195 -104.30266309064903 82.3
      vertex -82.63903158772716 -104.73060715273648 82.3
    endloop
  endfacet
  facet normal 0.8844329309978076 -0.4666673232256866 0
    outer loop
      vertex -82.14776374895061 -103.86068463587819 2.299999999999997
      vertex -82.14776374895061 -103.86068463587819 82.3
      vertex -82.38097182520195 -104.30266309064903 82.3
    endloop
  endfacet
  facet normal 0.9096319953545255 -0.4154150130018704 0
    outer loop
      vertex -81.94016803524507 -103.40611343027717 2.299999999999997
      vertex -81.94016803524507 -103.40611343027717 82.3
      vertex -82.14776374895061 -103.86068463587819 82.3
    endloop
  endfacet
  facet normal 0.9318640292114507 -0.362807705350645 0
    outer loop
      vertex -81.75886181815416 -102.94043219063501 2.299999999999997
      vertex -81.75886181815416 -102.94043219063501 82.3
      vertex -81.94016803524507 -103.40611343027717 82.3
    endloop
  endfacet
  facet normal 0.9510565162951529 -0.3090169943749498 0
    outer loop
      vertex -81.60443648087315 -102.4651598723625 2.299999999999997
      vertex -81.60443648087315 -102.4651598723625 82.3
      vertex -81.75886181815416 -102.94043219063501 82.3
    endloop
  endfacet
  facet normal 0.9671468547019565 -0.2542183341934891 0
    outer loop
      vertex -81.47739572675458 -101.98184671497543 2.299999999999997
      vertex -81.47739572675458 -101.98184671497543 82.3
      vertex -81.60443648087315 -102.4651598723625 82.3
    endloop
  endfacet
  facet normal 0.9800825610923971 -0.19859046664572735 0
    outer loop
      vertex -81.3781539363327 -101.49206918553546 2.299999999999997
      vertex -81.3781539363327 -101.49206918553546 82.3
      vertex -81.47739572675458 -101.98184671497543 82.3
    endloop
  endfacet
  facet normal 0.9898214418809319 -0.14231483827329167 0
    outer loop
      vertex -81.30703481570019 -100.99742483654224 2.299999999999997
      vertex -81.30703481570019 -100.99742483654224 82.3
      vertex -81.3781539363327 -101.49206918553546 82.3
    endloop
  endfacet
  facet normal 0.9963317308626892 -0.0855750084788643 0
    outer loop
      vertex -81.2642703406463 -100.49952709504922 2.299999999999997
      vertex -81.2642703406463 -100.49952709504922 82.3
      vertex -81.30703481570019 -100.99742483654224 82.3
    endloop
  endfacet
  facet normal 0.9995921928281897 -0.028556050793682033 0
    outer loop
      vertex -81.25 -100 2.299999999999997
      vertex -81.25 -100 82.3
      vertex -81.2642703406463 -100.49952709504922 82.3
    endloop
  endfacet
  facet normal 0.9995921928281897 0.028556050793682033 0
    outer loop
      vertex -81.2642703406463 -99.50047290495078 2.299999999999997
      vertex -81.2642703406463 -99.50047290495078 82.3
      vertex -81.25 -100 82.3
    endloop
  endfacet
  facet normal 0.9963317308626892 0.0855750084788643 0
    outer loop
      vertex -81.30703481570019 -99.00257516345776 2.299999999999997
      vertex -81.30703481570019 -99.00257516345776 82.3
      vertex -81.2642703406463 -99.50047290495078 82.3
    endloop
  endfacet
  facet normal 0.9898214418809319 0.14231483827329167 0
    outer loop
      vertex -81.3781539363327 -98.50793081446454 2.299999999999997
      vertex -81.3781539363327 -98.50793081446454 82.3
      vertex -81.30703481570019 -99.00257516345776 82.3
    endloop
  endfacet
  facet normal 0.9800825610923971 0.19859046664572735 0
    outer loop
      vertex -81.47739572675458 -98.01815328502457 2.299999999999997
      vertex -81.47739572675458 -98.01815328502457 82.3
      vertex -81.3781539363327 -98.50793081446454 82.3
    endloop
  endfacet
  facet normal 0.9096319953545255 0.4154150130018704 0
    outer loop
      vertex -82.14776374895061 -96.13931536412181 2.299999999999997
      vertex -82.14776374895061 -96.13931536412181 82.3
      vertex -81.94016803524507 -96.59388656972283 82.3
    endloop
  endfacet
  facet normal 0.9510565162951529 0.3090169943749498 0
    outer loop
      vertex -81.75886181815416 -97.05956780936499 2.299999999999997
      vertex -81.75886181815416 -97.05956780936499 82.3
      vertex -81.60443648087315 -97.5348401276375 82.3
    endloop
  endfacet
  facet normal 0.9671468547019565 0.2542183341934891 0
    outer loop
      vertex -81.60443648087315 -97.5348401276375 2.299999999999997
      vertex -81.60443648087315 -97.5348401276375 82.3
      vertex -81.47739572675458 -98.01815328502457 82.3
    endloop
  endfacet
  facet normal 0.9318640292114507 0.362807705350645 0
    outer loop
      vertex -81.94016803524507 -96.59388656972283 2.299999999999997
      vertex -81.94016803524507 -96.59388656972283 82.3
      vertex -81.75886181815416 -97.05956780936499 82.3
    endloop
  endfacet
  facet normal 0.5877852522924731 0.8090169943749475 0
    outer loop
      vertex -85.06112183491577 -92.77712090157573 2.299999999999997
      vertex -85.06112183491577 -92.77712090157573 82.3
      vertex -84.65683105318992 -93.07085534818009 82.3
    endloop
  endfacet
  facet normal 0.6330124538088758 0.7741416106390779 0
    outer loop
      vertex -84.65683105318992 -93.07085534818009 2.299999999999997
      vertex -84.65683105318992 -93.07085534818009 82.3
      vertex -84.26996857797876 -93.38719122440024 82.3
    endloop
  endfacet
  facet normal 0.3360493932154165 0.9418443636395295 0
    outer loop
      vertex -87.29610129921922 -91.67825548241741 2.299999999999997
      vertex -87.29610129921922 -91.67825548241741 82.3
      vertex -86.82543257818189 -91.8461897443998 82.3
    endloop
  endfacet
  facet normal 0.44122110124322317 0.8973984286913576 0
    outer loop
      vertex -86.36511863623349 -92.04072004064797 2.299999999999997
      vertex -86.36511863623349 -92.04072004064797 82.3
      vertex -85.91666092177536 -92.26121185376913 82.3
    endloop
  endfacet
  facet normal 0.3892701063173946 0.9211236531148487 0
    outer loop
      vertex -86.82543257818189 -91.8461897443998 2.299999999999997
      vertex -86.82543257818189 -91.8461897443998 82.3
      vertex -86.36511863623349 -92.04072004064797 82.3
    endloop
  endfacet
  facet normal 0.49173292464559976 0.8707460771197795 0
    outer loop
      vertex -85.91666092177536 -92.26121185376913 2.299999999999997
      vertex -85.91666092177536 -92.26121185376913 82.3
      vertex -85.48152221065908 -92.5069459852986 82.3
    endloop
  endfacet
  facet normal 0.5406408174555932 0.841253532831184 0
    outer loop
      vertex -85.48152221065908 -92.5069459852986 2.299999999999997
      vertex -85.48152221065908 -92.5069459852986 82.3
      vertex -85.06112183491577 -92.77712090157573 82.3
    endloop
  endfacet
  facet normal 0.8254718969627711 0.5644432188667735 0
    outer loop
      vertex -82.9211012992192 -94.85687904244087 2.299999999999997
      vertex -82.9211012992192 -94.85687904244087 82.3
      vertex -82.63903158772716 -95.26939284726352 82.3
    endloop
  endfacet
  facet normal 0.7919022459222785 0.6106478796354337 0
    outer loop
      vertex -83.22626090690802 -94.46114102917238 2.299999999999997
      vertex -83.22626090690802 -94.46114102917238 82.3
      vertex -82.9211012992192 -94.85687904244087 82.3
    endloop
  endfacet
  facet normal 0.7171318047589563 0.6969375686553008 0
    outer loop
      vertex -83.90179627426619 -93.72509670835908 2.299999999999997
      vertex -83.90179627426619 -93.72509670835908 82.3
      vertex -83.55351504358146 -94.08346962260234 82.3
    endloop
  endfacet
  facet normal 0.6761749002740295 0.7367411378763957 0
    outer loop
      vertex -84.26996857797876 -93.38719122440024 2.299999999999997
      vertex -84.26996857797876 -93.38719122440024 82.3
      vertex -83.90179627426619 -93.72509670835908 82.3
    endloop
  endfacet
  facet normal 0.755749574354247 0.6548607339452981 0
    outer loop
      vertex -83.55351504358146 -94.08346962260234 2.299999999999997
      vertex -83.55351504358146 -94.08346962260234 82.3
      vertex -83.22626090690802 -94.46114102917238 82.3
    endloop
  endfacet
  facet normal 0.8563490302515976 0.5163974616389475 0
    outer loop
      vertex -82.63903158772716 -95.26939284726352 2.299999999999997
      vertex -82.63903158772716 -95.26939284726352 82.3
      vertex -82.38097182520195 -95.69733690935097 82.3
    endloop
  endfacet
  facet normal 0.8844329309978076 0.4666673232256866 0
    outer loop
      vertex -82.38097182520195 -95.69733690935097 2.299999999999997
      vertex -82.38097182520195 -95.69733690935097 82.3
      vertex -82.14776374895061 -96.13931536412181 82.3
    endloop
  endfacet
  facet normal 0 0 1
    outer loop
      vertex -96.95760374996381 -105.30041904566247 82.3
      vertex -96.81591569368761 -104.06248533008817 82.3
      vertex -97.01675488434029 -105.2237104911522 82.3
    endloop
  endfacet
  facet normal 0 0 1
    outer loop
      vertex -97.30445502007979 -104.81325535453624 82.3
      vertex -97.36096841227284 -103.28717645637 82.3
      vertex -97.34716351059625 -104.7507961779448 82.3
    endloop
  endfacet
  facet normal 0 0 1
    outer loop
      vertex -97.30445502007979 -104.81325535453624 82.3
      vertex -97.15373822815859 -102.52339570835541 82.3
      vertex -97.36096841227284 -103.28717645637 82.3
    endloop
  endfacet
  facet normal 0 0 1
    outer loop
      vertex -97.01675488434029 -105.2237104911522 82.3
      vertex -96.81591569368761 -104.06248533008817 82.3
      vertex -97.0788987007808 -102.0136787469874 82.3
    endloop
  endfacet
  facet normal 0 0 1
    outer loop
      vertex -94.46634117670267 -107.52249691394307 82.3
      vertex -94.18240298638504 -107.68284418441864 82.3
      vertex -94.15213284347534 -105.33069218237864 82.3
    endloop
  endfacet
  facet normal 0 0 1
    outer loop
      vertex -93.75243567611291 -107.90148239531462 82.3
      vertex -93.69966773168593 -105.69146120381687 82.3
      vertex -94.04078572560205 -107.75971022109245 82.3
    endloop
  endfacet
  facet normal 0 0 1
    outer loop
      vertex -96.23123853375603 -106.1380137103305 82.3
      vertex -96.11107447945369 -105.82436813090959 82.3
      vertex -96.31363989955715 -106.05322470937942 82.3
    endloop
  endfacet
  facet normal 0 0 1
    outer loop
      vertex -96.31363989955715 -106.05322470937942 82.3
      vertex -96.11107447945369 -105.82436813090959 82.3
      vertex -96.44648495641854 -103.21475380346939 82.3
    endloop
  endfacet
  facet normal 0 0 1
    outer loop
      vertex -96.09820372573382 -105.61084280523032 82.3
      vertex -95.87688319325818 -106.47802943905094 82.3
      vertex -95.75036257944868 -105.90112541355357 82.3
    endloop
  endfacet
  facet normal 0 0 1
    outer loop
      vertex -95.50624729290288 -106.79579614993783 82.3
      vertex -95.38024193361576 -105.63142080185531 82.3
      vertex -95.73003142202124 -105.35763740622319 82.3
    endloop
  endfacet
  facet normal 0 0 1
    outer loop
      vertex -96.64499240118458 -105.68744057385386 82.3
      vertex -96.51161010790909 -103.63685264965395 82.3
      vertex -96.77373909309198 -103.26420614643816 82.3
    endloop
  endfacet
  facet normal 0 0 1
    outer loop
      vertex -95.12055892282659 -107.0908803014042 82.3
      vertex -95.00672775633426 -107.17358348487335 82.3
      vertex -95.01637037631357 -104.51029779964968 82.3
    endloop
  endfacet
  facet normal 0 0 1
    outer loop
      vertex -94.60090986627733 -107.44007813558743 82.3
      vertex -94.59148833783698 -104.93735137927705 82.3
      vertex -94.87900524395482 -107.26135708842322 82.3
    endloop
  endfacet
  facet normal 0 0 1
    outer loop
      vertex -95.12055892282659 -107.0908803014042 82.3
      vertex -95.01637037631357 -104.51029779964968 82.3
      vertex -95.34316894681008 -104.31083029484837 82.3
    endloop
  endfacet
  facet normal 0 0 1
    outer loop
      vertex -94.87900524395482 -107.26135708842322 82.3
      vertex -94.59148833783698 -104.93735137927705 82.3
      vertex -94.93887816508423 -104.58974663943869 82.3
    endloop
  endfacet
  facet normal 0 0 1
    outer loop
      vertex -94.46634117670267 -107.52249691394307 82.3
      vertex -94.15213284347534 -105.33069218237864 82.3
      vertex -94.51847778934092 -105.00509526830466 82.3
    endloop
  endfacet
  facet normal 0 0 1
    outer loop
      vertex -94.04078572560205 -107.75971022109245 82.3
      vertex -93.69966773168593 -105.69146120381687 82.3
      vertex -94.08333907822464 -105.3884170054278 82.3
    endloop
  endfacet
  facet normal 0 0 1
    outer loop
      vertex -97.63292862499917 -103.81608385046547 82.3
      vertex -97.61902817479805 -102.37601898651985 82.3
      vertex -97.72362970403667 -100.64113185370734 82.3
    endloop
  endfacet
  facet normal 0 0 1
    outer loop
      vertex -96.81591569368761 -104.06248533008817 82.3
      vertex -96.77373909309198 -103.26420614643816 82.3
      vertex -97.0788987007808 -94.85687904244087 82.3
    endloop
  endfacet
  facet normal 0 0 1
    outer loop
      vertex -97.36096841227284 -103.28717645637 82.3
      vertex -97.15373822815859 -102.52339570835541 82.3
      vertex -97.36096841227284 -95.26939284726352 82.3
    endloop
  endfacet
  facet normal 0 0 1
    outer loop
      vertex -97.36096841227284 -103.28717645637 82.3
      vertex -97.36096841227284 -95.26939284726352 82.3
      vertex -97.47877254591836 -100.60692446546003 82.3
    endloop
  endfacet
  facet normal 0 0 1
    outer loop
      vertex -96.81591569368761 -104.06248533008817 82.3
      vertex -97.0788987007808 -94.85687904244087 82.3
      vertex -97.0788987007808 -102.0136787469874 82.3
    endloop
  endfacet
  facet normal 0 0 1
    outer loop
      vertex -97.15373822815859 -102.52339570835541 82.3
      vertex -97.0788987007808 -102.0136787469874 82.3
      vertex -97.36096841227284 -95.26939284726352 82.3
    endloop
  endfacet
  facet normal 0 0 1
    outer loop
      vertex -97.61902817479805 -102.37601898651985 82.3
      vertex -97.61902817479805 -95.69733690935097 82.3
      vertex -97.72362970403667 -100.64113185370734 82.3
    endloop
  endfacet
  facet normal 0 0 1
    outer loop
      vertex -97.61902817479805 -102.37601898651985 82.3
      vertex -97.5032801431482 -99.7490466365924 82.3
      vertex -97.61902817479805 -95.69733690935097 82.3
    endloop
  endfacet
  facet normal 0 0 1
    outer loop
      vertex -97.47877254591836 -100.60692446546003 82.3
      vertex -97.36096841227284 -95.26939284726352 82.3
      vertex -97.5032801431482 -99.7490466365924 82.3
    endloop
  endfacet
  facet normal 0 0 1
    outer loop
      vertex -97.72362970403667 -100.64113185370734 82.3
      vertex -97.61902817479805 -95.69733690935097 82.3
      vertex -97.7 -95.85079558350154 82.3
    endloop
  endfacet
  facet normal 0 0 1
    outer loop
      vertex -97.72362970403667 -100.64113185370734 82.3
      vertex -97.7 -95.85079558350154 82.3
      vertex -97.77626773254747 -95.99533901065058 82.3
    endloop
  endfacet
  facet normal 0 0 1
    outer loop
      vertex -97.0788987007808 -102.0136787469874 82.3
      vertex -97.0788987007808 -94.85687904244087 82.3
      vertex -97.36096841227284 -95.26939284726352 82.3
    endloop
  endfacet
  facet normal 0 0 1
    outer loop
      vertex -96.77373909309198 -103.26420614643816 82.3
      vertex -96.77373909309198 -94.46114102917238 82.3
      vertex -97.0788987007808 -94.85687904244087 82.3
    endloop
  endfacet
  facet normal 0 0 1
    outer loop
      vertex -97.5032801431482 -99.7490466365924 82.3
      vertex -97.36096841227284 -95.26939284726352 82.3
      vertex -97.61902817479805 -95.69733690935097 82.3
    endloop
  endfacet
  facet normal 0 0 1
    outer loop
      vertex -96.11107447945369 -105.82436813090959 82.3
      vertex -96.09820372573382 -105.61084280523032 82.3
      vertex -96.44648495641854 -94.08346962260234 82.3
    endloop
  endfacet
  facet normal 0 0 1
    outer loop
      vertex -96.09820372573382 -105.61084280523032 82.3
      vertex -95.75036257944868 -105.90112541355357 82.3
      vertex -96.09820372573382 -93.72509670835908 82.3
    endloop
  endfacet
  facet normal 0 0 1
    outer loop
      vertex -95.75036257944868 -105.90112541355357 82.3
      vertex -95.73003142202124 -105.35763740622319 82.3
      vertex -96.09820372573382 -93.72509670835908 82.3
    endloop
  endfacet
  facet normal 0 0 1
    outer loop
      vertex -95.73003142202124 -105.35763740622319 82.3
      vertex -95.38024193361576 -105.63142080185531 82.3
      vertex -95.73003142202124 -93.38719122440024 82.3
    endloop
  endfacet
  facet normal 0 0 1
    outer loop
      vertex -96.11107447945369 -105.82436813090959 82.3
      vertex -96.44648495641854 -94.08346962260234 82.3
      vertex -96.44648495641854 -103.21475380346939 82.3
    endloop
  endfacet
  facet normal 0 0 1
    outer loop
      vertex -96.51161010790909 -103.63685264965395 82.3
      vertex -96.77373909309198 -94.46114102917238 82.3
      vertex -96.77373909309198 -103.26420614643816 82.3
    endloop
  endfacet
  facet normal 0 0 1
    outer loop
      vertex -96.51161010790909 -103.63685264965395 82.3
      vertex -96.44648495641854 -103.21475380346939 82.3
      vertex -96.77373909309198 -94.46114102917238 82.3
    endloop
  endfacet
  facet normal 0 0 1
    outer loop
      vertex -95.38024193361576 -105.63142080185531 82.3
      vertex -95.34316894681008 -104.31083029484837 82.3
      vertex -95.73003142202124 -93.38719122440024 82.3
    endloop
  endfacet
  facet normal 0 0 1
    outer loop
      vertex -95.34316894681008 -104.31083029484837 82.3
      vertex -95.01637037631357 -104.51029779964968 82.3
      vertex -95.34316894681008 -93.07085534818009 82.3
    endloop
  endfacet
  facet normal 0 0 1
    outer loop
      vertex -95.01637037631357 -104.51029779964968 82.3
      vertex -94.93887816508423 -104.58974663943869 82.3
      vertex -95.34316894681008 -93.07085534818009 82.3
    endloop
  endfacet
  facet normal 0 0 1
    outer loop
      vertex -94.59148833783698 -104.93735137927705 82.3
      vertex -94.93887816508423 -92.77712090157573 82.3
      vertex -94.93887816508423 -104.58974663943869 82.3
    endloop
  endfacet
  facet normal 0 0 1
    outer loop
      vertex -94.59148833783698 -104.93735137927705 82.3
      vertex -94.51847778934092 -105.00509526830466 82.3
      vertex -94.93887816508423 -92.77712090157573 82.3
    endloop
  endfacet
  facet normal 0 0 1
    outer loop
      vertex -94.15213284347534 -105.33069218237864 82.3
      vertex -94.08333907822464 -105.3884170054278 82.3
      vertex -94.51847778934092 -92.5069459852986 82.3
    endloop
  endfacet
  facet normal 0 0 1
    outer loop
      vertex -94.15213284347534 -105.33069218237864 82.3
      vertex -94.51847778934092 -92.5069459852986 82.3
      vertex -94.51847778934092 -105.00509526830466 82.3
    endloop
  endfacet
  facet normal 0 0 1
    outer loop
      vertex -94.08333907822464 -105.3884170054278 82.3
      vertex -93.69966773168593 -105.69146120381687 82.3
      vertex -94.08333907822464 -92.26121185376913 82.3
    endloop
  endfacet
  facet normal 0 0 1
    outer loop
      vertex -93.63488136376651 -105.74053497050467 82.3
      vertex -94.08333907822464 -92.26121185376913 82.3
      vertex -93.69966773168593 -105.69146120381687 82.3
    endloop
  endfacet
  facet normal 0 0 1
    outer loop
      vertex -96.44648495641854 -103.21475380346939 82.3
      vertex -96.44648495641854 -94.08346962260234 82.3
      vertex -96.77373909309198 -94.46114102917238 82.3
    endloop
  endfacet
  facet normal 0 0 1
    outer loop
      vertex -96.09820372573382 -105.61084280523032 82.3
      vertex -96.09820372573382 -93.72509670835908 82.3
      vertex -96.44648495641854 -94.08346962260234 82.3
    endloop
  endfacet
  facet normal 0 0 1
    outer loop
      vertex -95.73003142202124 -105.35763740622319 82.3
      vertex -95.73003142202124 -93.38719122440024 82.3
      vertex -96.09820372573382 -93.72509670835908 82.3
    endloop
  endfacet
  facet normal 0 0 1
    outer loop
      vertex -95.34316894681008 -104.31083029484837 82.3
      vertex -95.34316894681008 -93.07085534818009 82.3
      vertex -95.73003142202124 -93.38719122440024 82.3
    endloop
  endfacet
  facet normal 0 0 1
    outer loop
      vertex -94.93887816508423 -104.58974663943869 82.3
      vertex -94.93887816508423 -92.77712090157573 82.3
      vertex -95.34316894681008 -93.07085534818009 82.3
    endloop
  endfacet
  facet normal 0 0 1
    outer loop
      vertex -94.51847778934092 -105.00509526830466 82.3
      vertex -94.51847778934092 -92.5069459852986 82.3
      vertex -94.93887816508423 -92.77712090157573 82.3
    endloop
  endfacet
  facet normal 0 0 1
    outer loop
      vertex -94.08333907822464 -105.3884170054278 82.3
      vertex -94.08333907822464 -92.26121185376913 82.3
      vertex -94.51847778934092 -92.5069459852986 82.3
    endloop
  endfacet
  facet normal 0 0 1
    outer loop
      vertex -93.63488136376651 -105.74053497050467 82.3
      vertex -93.63488136376651 -92.04072004064797 82.3
      vertex -94.08333907822464 -92.26121185376913 82.3
    endloop
  endfacet
  facet normal 0 0 1
    outer loop
      vertex -93.60352673413317 -107.972530536481 82.3
      vertex -93.31224523600225 -108.09562712548106 82.3
      vertex -93.23551087673518 -106.02051100567311 82.3
    endloop
  endfacet
  facet normal 0 0 1
    outer loop
      vertex -93.60352673413317 -107.972530536481 82.3
      vertex -93.23551087673518 -106.02051100567311 82.3
      vertex -93.63488136376651 -105.74053497050467 82.3
    endloop
  endfacet
  facet normal 0 0 1
    outer loop
      vertex -93.15575778173441 -108.160521521687 82.3
      vertex -92.7611266441413 -106.31850514081914 82.3
      vertex -93.17456742181811 -106.06206154969219 82.3
    endloop
  endfacet
  facet normal 0 0 1
    outer loop
      vertex -93.15575778173441 -108.160521521687 82.3
      vertex -92.86307674543517 -108.26494990545302 82.3
      vertex -92.7611266441413 -106.31850514081914 82.3
    endloop
  endfacet
  facet normal 0 0 1
    outer loop
      vertex -92.69867569416552 -108.32327813069762 82.3
      vertex -92.40618153587197 -108.40916216460232 82.3
      vertex -92.2404340414143 -107.90163519628138 82.3
    endloop
  endfacet
  facet normal 0 0 1
    outer loop
      vertex -92.69867569416552 -108.32327813069762 82.3
      vertex -92.2404340414143 -107.90163519628138 82.3
      vertex -92.70389870078078 -106.35347640903204 82.3
    endloop
  endfacet
  facet normal 0 0 1
    outer loop
      vertex -91.94281515428595 -108.5280171531894 82.3
      vertex -91.76139185311459 -108.5702053343977 82.3
      vertex -91.78450192093112 -106.93627169095498 82.3
    endloop
  endfacet
  facet normal 0 0 1
    outer loop
      vertex -92.22441042419301 -106.79602575586638 82.3
      vertex -91.94281515428595 -108.5280171531894 82.3
      vertex -91.78450192093112 -106.93627169095498 82.3
    endloop
  endfacet
  facet normal 0 0 1
    outer loop
      vertex -91.47423484037192 -108.62131106690502 82.3
      vertex -91.283578823616 -108.65430538918099 82.3
      vertex -91.2919005674824 -107.02812394541752 82.3
    endloop
  endfacet
  facet normal 0 0 1
    outer loop
      vertex -91.07328200612166 -108.68066966035671 82.3
      vertex -90.79199295441073 -107.2052982404612 82.3
      vertex -91.24525483489124 -107.04510160363624 82.3
    endloop
  endfacet
  facet normal 0 0 1
    outer loop
      vertex -91.07328200612166 -108.68066966035671 82.3
      vertex -90.80120787977556 -108.71188725817802 82.3
      vertex -90.79199295441073 -107.2052982404612 82.3
    endloop
  endfacet
  facet normal 0 0 1
    outer loop
      vertex -91.47423484037192 -108.62131106690502 82.3
      vertex -91.65098034270981 -100.71712196172324 82.3
      vertex -91.78450192093112 -106.93627169095498 82.3
    endloop
  endfacet
  facet normal 0 0 1
    outer loop
      vertex -91.47423484037192 -108.62131106690502 82.3
      vertex -91.2919005674824 -107.02812394541752 82.3
      vertex -91.65098034270981 -100.71712196172324 82.3
    endloop
  endfacet
  facet normal 0 0 1
    outer loop
      vertex -91.2919005674824 -107.02812394541752 82.3
      vertex -91.24525483489124 -107.04510160363624 82.3
      vertex -91.65098034270981 -100.71712196172324 82.3
    endloop
  endfacet
  facet normal 0 0 1
    outer loop
      vertex -91.24525483489124 -107.04510160363624 82.3
      vertex -90.79199295441073 -107.2052982404612 82.3
      vertex -91.03802457980676 -101.4705458074188 82.3
    endloop
  endfacet
  facet normal 0 0 1
    outer loop
      vertex -90.74878132418985 -107.21862726314289 82.3
      vertex -91.03802457980676 -101.4705458074188 82.3
      vertex -90.79199295441073 -107.2052982404612 82.3
    endloop
  endfacet
  facet normal 0 0 1
    outer loop
      vertex -91.24525483489124 -107.04510160363624 82.3
      vertex -91.03802457980676 -101.4705458074188 82.3
      vertex -91.39628032326796 -101.13595829978689 82.3
    endloop
  endfacet
  facet normal 0 0 1
    outer loop
      vertex -90.74878132418985 -107.21862726314289 82.3
      vertex -90.60278330190778 -101.69606965981387 82.3
      vertex -91.03802457980676 -101.4705458074188 82.3
    endloop
  endfacet
  facet normal 0 0 1
    outer loop
      vertex -90.57959366934999 -108.7275771451803 82.3
      vertex -90.31541693954776 -108.74268331713887 82.3
      vertex -90.26484394966202 -108.22211559804029 82.3
    endloop
  endfacet
  facet normal 0 0 1
    outer loop
      vertex -90.18512473187376 -108.74643168724666 82.3
      vertex -89.9569318756311 -108.74643168724666 82.3
      vertex -89.78644189081618 -107.47550913806445 82.3
    endloop
  endfacet
  facet normal 0 0 1
    outer loop
      vertex -90.74878132418985 -107.21862726314289 82.3
      vertex -90.57959366934999 -108.7275771451803 82.3
      vertex -90.26484394966202 -108.22211559804029 82.3
    endloop
  endfacet
  facet normal 0 0 1
    outer loop
      vertex -89.7050001201305 -108.7438508068516 82.3
      vertex -89.26160165548333 -108.35445093757747 82.3
      vertex -89.75013455555516 -107.48284882423296 82.3
    endloop
  endfacet
  facet normal 0 0 1
    outer loop
      vertex -90.18512473187376 -108.74643168724666 82.3
      vertex -90.60278330190778 -101.69606965981387 82.3
      vertex -90.26484394966202 -108.22211559804029 82.3
    endloop
  endfacet
  facet normal 0 0 1
    outer loop
      vertex -90.74878132418985 -107.21862726314289 82.3
      vertex -90.26484394966202 -108.22211559804029 82.3
      vertex -90.60278330190778 -101.69606965981387 82.3
    endloop
  endfacet
  facet normal 0 0 1
    outer loop
      vertex -90.18512473187376 -108.74643168724666 82.3
      vertex -89.78644189081618 -107.47550913806445 82.3
      vertex -90.60278330190778 -101.69606965981387 82.3
    endloop
  endfacet
  facet normal 0 0 1
    outer loop
      vertex -89.78644189081618 -107.47550913806445 82.3
      vertex -89.75013455555516 -107.48284882423296 82.3
      vertex -90.12283634405641 -101.79580378454297 82.3
    endloop
  endfacet
  facet normal 0 0 1
    outer loop
      vertex -89.26160165548333 -108.35445093757747 82.3
      vertex -89.63377917650526 -101.76235135782818 82.3
      vertex -89.75013455555516 -107.48284882423296 82.3
    endloop
  endfacet
  facet normal 0 0 1
    outer loop
      vertex -89.26160165548333 -108.35445093757747 82.3
      vertex -89.25121867581015 -108.33119836528574 82.3
      vertex -89.63377917650526 -101.76235135782818 82.3
    endloop
  endfacet
  facet normal 0 0 1
    outer loop
      vertex -89.25121867581015 -108.33119836528574 82.3
      vertex -88.76888377279369 -108.16602177668008 82.3
      vertex -89.63377917650526 -101.76235135782818 82.3
    endloop
  endfacet
  facet normal 0 0 1
    outer loop
      vertex -89.78644189081618 -107.47550913806445 82.3
      vertex -90.12283634405641 -101.79580378454297 82.3
      vertex -90.60278330190778 -101.69606965981387 82.3
    endloop
  endfacet
  facet normal 0 0 1
    outer loop
      vertex -89.75013455555516 -107.48284882423296 82.3
      vertex -89.63377917650526 -101.76235135782818 82.3
      vertex -90.12283634405641 -101.79580378454297 82.3
    endloop
  endfacet
  facet normal 0 0 1
    outer loop
      vertex -88.76888377279369 -108.16602177668008 82.3
      vertex -89.17188293208393 -101.59819339312428 82.3
      vertex -89.63377917650526 -101.76235135782818 82.3
    endloop
  endfacet
  facet normal 0 0 1
    outer loop
      vertex -88.75618104217895 -108.61067536137277 82.3
      vertex -88.77140434220642 -101.31550473570063 82.3
      vertex -88.76888377279369 -108.16602177668008 82.3
    endloop
  endfacet
  facet normal 0 0 1
    outer loop
      vertex -88.75618104217895 -108.61067536137277 82.3
      vertex -88.26233341684973 -108.05806985997961 82.3
      vertex -88.77140434220642 -101.31550473570063 82.3
    endloop
  endfacet
  facet normal 0 0 1
    outer loop
      vertex -88.26233341684973 -108.05806985997961 82.3
      vertex -87.79740977092237 -107.69872849710504 82.3
      vertex -88.26674888277397 -100.48563418808264 82.3
    endloop
  endfacet
  facet normal 0 0 1
    outer loop
      vertex -88.76888377279369 -108.16602177668008 82.3
      vertex -88.77140434220642 -101.31550473570063 82.3
      vertex -89.17188293208393 -101.59819339312428 82.3
    endloop
  endfacet
  facet normal 0 0 1
    outer loop
      vertex -88.26233341684973 -108.05806985997961 82.3
      vertex -88.46204507181632 -100.93525111006377 82.3
      vertex -88.77140434220642 -101.31550473570063 82.3
    endloop
  endfacet
  facet normal 0 0 1
    outer loop
      vertex -88.26233341684973 -108.05806985997961 82.3
      vertex -88.26674888277397 -100.48563418808264 82.3
      vertex -88.46204507181632 -100.93525111006377 82.3
    endloop
  endfacet
  facet normal 0 0 1
    outer loop
      vertex -93.17456742181811 -106.06206154969219 82.3
      vertex -92.7611266441413 -106.31850514081914 82.3
      vertex -93.17456742181811 -91.8461897443998 82.3
    endloop
  endfacet
  facet normal 0 0 1
    outer loop
      vertex -92.70389870078078 -106.35347640903204 82.3
      vertex -93.17456742181811 -91.8461897443998 82.3
      vertex -92.7611266441413 -106.31850514081914 82.3
    endloop
  endfacet
  facet normal 0 0 1
    outer loop
      vertex -92.2404340414143 -107.90163519628138 82.3
      vertex -92.22441042419301 -106.79602575586638 82.3
      vertex -92.70389870078078 -91.67825548241741 82.3
    endloop
  endfacet
  facet normal 0 0 1
    outer loop
      vertex -92.2404340414143 -107.90163519628138 82.3
      vertex -92.70389870078078 -91.67825548241741 82.3
      vertex -92.70389870078078 -106.35347640903204 82.3
    endloop
  endfacet
  facet normal 0 0 1
    outer loop
      vertex -93.63488136376651 -105.74053497050467 82.3
      vertex -93.23551087673518 -106.02051100567311 82.3
      vertex -93.63488136376651 -92.04072004064797 82.3
    endloop
  endfacet
  facet normal 0 0 1
    outer loop
      vertex -93.23551087673518 -106.02051100567311 82.3
      vertex -93.17456742181811 -106.06206154969219 82.3
      vertex -93.63488136376651 -92.04072004064797 82.3
    endloop
  endfacet
  facet normal 0 0 1
    outer loop
      vertex -91.24525483489124 -107.04510160363624 82.3
      vertex -91.39628032326796 -101.13595829978689 82.3
      vertex -91.65098034270981 -100.71712196172324 82.3
    endloop
  endfacet
  facet normal 0 0 1
    outer loop
      vertex -91.78450192093112 -106.93627169095498 82.3
      vertex -91.65098034270981 -100.71712196172324 82.3
      vertex -91.7832347028654 -100.24509996837324 82.3
    endloop
  endfacet
  facet normal 0 0 1
    outer loop
      vertex -91.78450192093112 -106.93627169095498 82.3
      vertex -91.7832347028654 -100.24509996837324 82.3
      vertex -91.7832347028654 -99.75490003162676 82.3
    endloop
  endfacet
  facet normal 0 0 1
    outer loop
      vertex -92.22441042419301 -106.79602575586638 82.3
      vertex -91.78450192093112 -106.93627169095498 82.3
      vertex -92.22441042419301 -91.53746502135787 82.3
    endloop
  endfacet
  facet normal 0 0 1
    outer loop
      vertex -93.17456742181811 -106.06206154969219 82.3
      vertex -93.17456742181811 -91.8461897443998 82.3
      vertex -93.63488136376651 -92.04072004064797 82.3
    endloop
  endfacet
  facet normal 0 0 1
    outer loop
      vertex -92.70389870078078 -106.35347640903204 82.3
      vertex -92.70389870078078 -91.67825548241741 82.3
      vertex -93.17456742181811 -91.8461897443998 82.3
    endloop
  endfacet
  facet normal 0 0 1
    outer loop
      vertex -92.22441042419301 -106.79602575586638 82.3
      vertex -92.22441042419301 -91.53746502135787 82.3
      vertex -92.70389870078078 -91.67825548241741 82.3
    endloop
  endfacet
  facet normal 0 0 1
    outer loop
      vertex -91.78450192093112 -106.93627169095498 82.3
      vertex -91.7832347028654 -99.75490003162676 82.3
      vertex -92.22441042419301 -91.53746502135787 82.3
    endloop
  endfacet
  facet normal 0 0 1
    outer loop
      vertex -92.22441042419301 -91.53746502135787 82.3
      vertex -91.7832347028654 -99.75490003162676 82.3
      vertex -91.65098034270981 -99.28287803827676 82.3
    endloop
  endfacet
  facet normal 0 0 1
    outer loop
      vertex -91.73766658315027 -91.42427759044156 82.3
      vertex -91.65098034270981 -99.28287803827676 82.3
      vertex -91.39628032326796 -98.86404170021311 82.3
    endloop
  endfacet
  facet normal 0 0 1
    outer loop
      vertex -91.73766658315027 -91.42427759044156 82.3
      vertex -91.39628032326796 -98.86404170021311 82.3
      vertex -91.03802457980676 -98.5294541925812 82.3
    endloop
  endfacet
  facet normal 0 0 1
    outer loop
      vertex -87.79740977092237 -107.69872849710504 82.3
      vertex -88.2 -100 82.3
      vertex -88.26674888277397 -100.48563418808264 82.3
    endloop
  endfacet
  facet normal 0 0 1
    outer loop
      vertex -87.79740977092237 -107.69872849710504 82.3
      vertex -88.26233341684973 -91.42427759044156 82.3
      vertex -88.2 -100 82.3
    endloop
  endfacet
  facet normal 0 0 1
    outer loop
      vertex -88.75474516510876 -91.33906238354184 82.3
      vertex -88.77140434220642 -98.68449526429937 82.3
      vertex -88.46204507181632 -99.06474888993623 82.3
    endloop
  endfacet
  facet normal 0 0 1
    outer loop
      vertex -88.26233341684973 -91.42427759044156 82.3
      vertex -88.46204507181632 -99.06474888993623 82.3
      vertex -88.26674888277397 -99.51436581191736 82.3
    endloop
  endfacet
  facet normal 0 0 1
    outer loop
      vertex -88.26233341684973 -91.42427759044156 82.3
      vertex -88.26674888277397 -99.51436581191736 82.3
      vertex -88.2 -100 82.3
    endloop
  endfacet
  facet normal 0 0 1
    outer loop
      vertex -87.79740977092237 -107.69872849710504 82.3
      vertex -87.77558957580699 -91.53746502135787 82.3
      vertex -88.26233341684973 -91.42427759044156 82.3
    endloop
  endfacet
  facet normal 0 0 1
    outer loop
      vertex -91.24525483489124 -91.33906238354184 82.3
      vertex -91.03802457980676 -98.5294541925812 82.3
      vertex -90.60278330190778 -98.30393034018613 82.3
    endloop
  endfacet
  facet normal 0 0 1
    outer loop
      vertex -92.22441042419301 -91.53746502135787 82.3
      vertex -91.65098034270981 -99.28287803827676 82.3
      vertex -91.73766658315027 -91.42427759044156 82.3
    endloop
  endfacet
  facet normal 0 0 1
    outer loop
      vertex -91.73766658315027 -91.42427759044156 82.3
      vertex -91.03802457980676 -98.5294541925812 82.3
      vertex -91.24525483489124 -91.33906238354184 82.3
    endloop
  endfacet
  facet normal 0 0 1
    outer loop
      vertex -91.24525483489124 -91.33906238354184 82.3
      vertex -90.60278330190778 -98.30393034018613 82.3
      vertex -90.74878132418985 -91.28209735495145 82.3
    endloop
  endfacet
  facet normal 0 0 1
    outer loop
      vertex -90.74878132418985 -91.28209735495145 82.3
      vertex -90.60278330190778 -98.30393034018613 82.3
      vertex -90.12283634405641 -98.20419621545703 82.3
    endloop
  endfacet
  facet normal 0 0 1
    outer loop
      vertex -90.24986544444484 -91.25356831275334 82.3
      vertex -90.12283634405641 -98.20419621545703 82.3
      vertex -89.63377917650526 -98.23764864217182 82.3
    endloop
  endfacet
  facet normal 0 0 1
    outer loop
      vertex -89.75013455555516 -91.25356831275334 82.3
      vertex -89.63377917650526 -98.23764864217182 82.3
      vertex -89.17188293208393 -98.40180660687572 82.3
    endloop
  endfacet
  facet normal 0 0 1
    outer loop
      vertex -89.25121867581015 -91.28209735495145 82.3
      vertex -89.17188293208393 -98.40180660687572 82.3
      vertex -88.77140434220642 -98.68449526429937 82.3
    endloop
  endfacet
  facet normal 0 0 1
    outer loop
      vertex -90.74878132418985 -91.28209735495145 82.3
      vertex -90.12283634405641 -98.20419621545703 82.3
      vertex -90.24986544444484 -91.25356831275334 82.3
    endloop
  endfacet
  facet normal 0 0 1
    outer loop
      vertex -90.24986544444484 -91.25356831275334 82.3
      vertex -89.63377917650526 -98.23764864217182 82.3
      vertex -89.75013455555516 -91.25356831275334 82.3
    endloop
  endfacet
  facet normal 0 0 1
    outer loop
      vertex -89.75013455555516 -91.25356831275334 82.3
      vertex -89.17188293208393 -98.40180660687572 82.3
      vertex -89.25121867581015 -91.28209735495145 82.3
    endloop
  endfacet
  facet normal 0 0 1
    outer loop
      vertex -89.25121867581015 -91.28209735495145 82.3
      vertex -88.77140434220642 -98.68449526429937 82.3
      vertex -88.75474516510876 -91.33906238354184 82.3
    endloop
  endfacet
  facet normal 0 0 1
    outer loop
      vertex -88.75474516510876 -91.33906238354184 82.3
      vertex -88.46204507181632 -99.06474888993623 82.3
      vertex -88.26233341684973 -91.42427759044156 82.3
    endloop
  endfacet
  facet normal 0 0 1
    outer loop
      vertex -87.79740977092237 -107.69872849710504 82.3
      vertex -85.88945271792585 -107.72342296686936 82.3
      vertex -87.77558957580699 -91.53746502135787 82.3
    endloop
  endfacet
  facet normal 0 0 1
    outer loop
      vertex -85.8893602314299 -107.72337073734306 82.3
      vertex -85.84797602296851 -107.7 82.3
      vertex -85.91666092177536 -92.26121185376913 82.3
    endloop
  endfacet
  facet normal 0 0 1
    outer loop
      vertex -85.8893602314299 -107.72337073734306 82.3
      vertex -85.91666092177536 -92.26121185376913 82.3
      vertex -85.88945271792585 -107.72342296686936 82.3
    endloop
  endfacet
  facet normal 0 0 1
    outer loop
      vertex -85.84797602296851 -107.7 82.3
      vertex -85.48152221065908 -107.4930540147014 82.3
      vertex -85.91666092177536 -92.26121185376913 82.3
    endloop
  endfacet
  facet normal 0 0 1
    outer loop
      vertex -85.48152221065908 -107.4930540147014 82.3
      vertex -85.06112183491577 -107.22287909842427 82.3
      vertex -85.48152221065908 -92.5069459852986 82.3
    endloop
  endfacet
  facet normal 0 0 1
    outer loop
      vertex -85.06112183491577 -107.22287909842427 82.3
      vertex -84.65683105318992 -106.92914465181991 82.3
      vertex -85.06112183491577 -92.77712090157573 82.3
    endloop
  endfacet
  facet normal 0 0 1
    outer loop
      vertex -84.65683105318992 -106.92914465181991 82.3
      vertex -84.26996857797876 -106.61280877559976 82.3
      vertex -84.65683105318992 -93.07085534818009 82.3
    endloop
  endfacet
  facet normal 0 0 1
    outer loop
      vertex -87.77558957580699 -91.53746502135787 82.3
      vertex -85.88945271792585 -107.72342296686936 82.3
      vertex -87.29610129921922 -91.67825548241741 82.3
    endloop
  endfacet
  facet normal 0 0 1
    outer loop
      vertex -85.88945271792585 -107.72342296686936 82.3
      vertex -86.36511863623349 -92.04072004064797 82.3
      vertex -86.82543257818189 -91.8461897443998 82.3
    endloop
  endfacet
  facet normal 0 0 1
    outer loop
      vertex -85.88945271792585 -107.72342296686936 82.3
      vertex -85.91666092177536 -92.26121185376913 82.3
      vertex -86.36511863623349 -92.04072004064797 82.3
    endloop
  endfacet
  facet normal 0 0 1
    outer loop
      vertex -85.88945271792585 -107.72342296686936 82.3
      vertex -86.82543257818189 -91.8461897443998 82.3
      vertex -87.29610129921922 -91.67825548241741 82.3
    endloop
  endfacet
  facet normal 0 0 1
    outer loop
      vertex -85.48152221065908 -107.4930540147014 82.3
      vertex -85.48152221065908 -92.5069459852986 82.3
      vertex -85.91666092177536 -92.26121185376913 82.3
    endloop
  endfacet
  facet normal 0 0 1
    outer loop
      vertex -85.06112183491577 -107.22287909842427 82.3
      vertex -85.06112183491577 -92.77712090157573 82.3
      vertex -85.48152221065908 -92.5069459852986 82.3
    endloop
  endfacet
  facet normal 0 0 1
    outer loop
      vertex -84.65683105318992 -106.92914465181991 82.3
      vertex -84.65683105318992 -93.07085534818009 82.3
      vertex -85.06112183491577 -92.77712090157573 82.3
    endloop
  endfacet
  facet normal 0 0 1
    outer loop
      vertex -84.26996857797876 -106.61280877559976 82.3
      vertex -84.26996857797876 -93.38719122440024 82.3
      vertex -84.65683105318992 -93.07085534818009 82.3
    endloop
  endfacet
  facet normal 0 0 1
    outer loop
      vertex -84.26996857797876 -106.61280877559976 82.3
      vertex -83.90179627426618 -106.27490329164092 82.3
      vertex -84.26996857797876 -93.38719122440024 82.3
    endloop
  endfacet
  facet normal 0 0 1
    outer loop
      vertex -83.90179627426618 -106.27490329164092 82.3
      vertex -83.55351504358146 -105.91653037739768 82.3
      vertex -83.90179627426619 -93.72509670835908 82.3
    endloop
  endfacet
  facet normal 0 0 1
    outer loop
      vertex -83.55351504358146 -105.91653037739768 82.3
      vertex -83.22626090690802 -105.53885897082762 82.3
      vertex -83.55351504358146 -94.08346962260234 82.3
    endloop
  endfacet
  facet normal 0 0 1
    outer loop
      vertex -83.22626090690802 -105.53885897082762 82.3
      vertex -82.9211012992192 -105.14312095755913 82.3
      vertex -83.22626090690802 -94.46114102917238 82.3
    endloop
  endfacet
  facet normal 0 0 1
    outer loop
      vertex -82.9211012992192 -105.14312095755913 82.3
      vertex -82.63903158772716 -104.73060715273648 82.3
      vertex -82.9211012992192 -94.85687904244087 82.3
    endloop
  endfacet
  facet normal 0 0 1
    outer loop
      vertex -82.63903158772716 -104.73060715273648 82.3
      vertex -82.38097182520195 -104.30266309064903 82.3
      vertex -82.63903158772716 -95.26939284726352 82.3
    endloop
  endfacet
  facet normal 0 0 1
    outer loop
      vertex -82.38097182520195 -104.30266309064903 82.3
      vertex -82.14776374895061 -103.86068463587819 82.3
      vertex -82.38097182520195 -95.69733690935097 82.3
    endloop
  endfacet
  facet normal 0 0 1
    outer loop
      vertex -82.14776374895061 -103.86068463587819 82.3
      vertex -81.94016803524507 -103.40611343027717 82.3
      vertex -82.14776374895061 -96.13931536412181 82.3
    endloop
  endfacet
  facet normal 0 0 1
    outer loop
      vertex -81.94016803524507 -103.40611343027717 82.3
      vertex -81.75886181815416 -102.94043219063501 82.3
      vertex -81.94016803524507 -96.59388656972283 82.3
    endloop
  endfacet
  facet normal 0 0 1
    outer loop
      vertex -81.75886181815416 -102.94043219063501 82.3
      vertex -81.60443648087315 -102.4651598723625 82.3
      vertex -81.75886181815416 -97.05956780936499 82.3
    endloop
  endfacet
  facet normal 0 0 1
    outer loop
      vertex -81.60443648087315 -102.4651598723625 82.3
      vertex -81.47739572675458 -101.98184671497543 82.3
      vertex -81.60443648087315 -97.5348401276375 82.3
    endloop
  endfacet
  facet normal 0 0 1
    outer loop
      vertex -81.47739572675458 -101.98184671497543 82.3
      vertex -81.3781539363327 -101.49206918553546 82.3
      vertex -81.47739572675458 -98.01815328502457 82.3
    endloop
  endfacet
  facet normal 0 0 1
    outer loop
      vertex -81.3781539363327 -101.49206918553546 82.3
      vertex -81.30703481570019 -100.99742483654224 82.3
      vertex -81.3781539363327 -98.50793081446454 82.3
    endloop
  endfacet
  facet normal 0 0 1
    outer loop
      vertex -81.30703481570019 -100.99742483654224 82.3
      vertex -81.2642703406463 -100.49952709504922 82.3
      vertex -81.30703481570019 -99.00257516345776 82.3
    endloop
  endfacet
  facet normal 0 0 1
    outer loop
      vertex -81.2642703406463 -100.49952709504922 82.3
      vertex -81.25 -100 82.3
      vertex -81.2642703406463 -99.50047290495078 82.3
    endloop
  endfacet
  facet normal 0 0 1
    outer loop
      vertex -83.22626090690802 -105.53885897082762 82.3
      vertex -83.22626090690802 -94.46114102917238 82.3
      vertex -83.55351504358146 -94.08346962260234 82.3
    endloop
  endfacet
  facet normal 0 0 1
    outer loop
      vertex -82.9211012992192 -105.14312095755913 82.3
      vertex -82.9211012992192 -94.85687904244087 82.3
      vertex -83.22626090690802 -94.46114102917238 82.3
    endloop
  endfacet
  facet normal 0 0 1
    outer loop
      vertex -83.90179627426618 -106.27490329164092 82.3
      vertex -83.90179627426619 -93.72509670835908 82.3
      vertex -84.26996857797876 -93.38719122440024 82.3
    endloop
  endfacet
  facet normal 0 0 1
    outer loop
      vertex -83.55351504358146 -105.91653037739768 82.3
      vertex -83.55351504358146 -94.08346962260234 82.3
      vertex -83.90179627426619 -93.72509670835908 82.3
    endloop
  endfacet
  facet normal 0 0 1
    outer loop
      vertex -82.38097182520195 -104.30266309064903 82.3
      vertex -82.38097182520195 -95.69733690935097 82.3
      vertex -82.63903158772716 -95.26939284726352 82.3
    endloop
  endfacet
  facet normal 0 0 1
    outer loop
      vertex -82.63903158772716 -104.73060715273648 82.3
      vertex -82.63903158772716 -95.26939284726352 82.3
      vertex -82.9211012992192 -94.85687904244087 82.3
    endloop
  endfacet
  facet normal 0 0 1
    outer loop
      vertex -82.14776374895061 -103.86068463587819 82.3
      vertex -82.14776374895061 -96.13931536412181 82.3
      vertex -82.38097182520195 -95.69733690935097 82.3
    endloop
  endfacet
  facet normal 0 0 1
    outer loop
      vertex -81.75886181815416 -102.94043219063501 82.3
      vertex -81.75886181815416 -97.05956780936499 82.3
      vertex -81.94016803524507 -96.59388656972283 82.3
    endloop
  endfacet
  facet normal 0 0 1
    outer loop
      vertex -81.60443648087315 -102.4651598723625 82.3
      vertex -81.60443648087315 -97.5348401276375 82.3
      vertex -81.75886181815416 -97.05956780936499 82.3
    endloop
  endfacet
  facet normal 0 0 1
    outer loop
      vertex -81.2642703406463 -100.49952709504922 82.3
      vertex -81.2642703406463 -99.50047290495078 82.3
      vertex -81.30703481570019 -99.00257516345776 82.3
    endloop
  endfacet
  facet normal 0 0 1
    outer loop
      vertex -81.30703481570019 -100.99742483654224 82.3
      vertex -81.30703481570019 -99.00257516345776 82.3
      vertex -81.3781539363327 -98.50793081446454 82.3
    endloop
  endfacet
  facet normal 0 0 1
    outer loop
      vertex -81.3781539363327 -101.49206918553546 82.3
      vertex -81.3781539363327 -98.50793081446454 82.3
      vertex -81.47739572675458 -98.01815328502457 82.3
    endloop
  endfacet
  facet normal 0 0 1
    outer loop
      vertex -81.47739572675458 -101.98184671497543 82.3
      vertex -81.47739572675458 -98.01815328502457 82.3
      vertex -81.60443648087315 -97.5348401276375 82.3
    endloop
  endfacet
  facet normal 0 0 1
    outer loop
      vertex -81.94016803524507 -103.40611343027717 82.3
      vertex -81.94016803524507 -96.59388656972283 82.3
      vertex -82.14776374895061 -96.13931536412181 82.3
    endloop
  endfacet
  facet normal 0.9629172873477977 0.26979677115703027 0
    outer loop
      vertex 88.34901965729019 99.28287803827676 0
      vertex 88.2167652971346 99.75490003162676 0
      vertex 88.2167652971346 99.75490003162676 82.3
    endloop
  endfacet
  facet normal 0.6825531432186579 0.7308359642781206 0
    outer loop
      vertex 88.60371967673204 98.86404170021311 0
      vertex 88.60371967673204 98.86404170021311 82.3
      vertex 88.96197542019324 98.5294541925812 0
    endloop
  endfacet
  facet normal 0.8544194045464896 0.5195839500354318 0
    outer loop
      vertex 88.60371967673204 98.86404170021311 0
      vertex 88.34901965729019 99.28287803827676 0
      vertex 88.34901965729019 99.28287803827676 82.3
    endloop
  endfacet
  facet normal 0.46006503773113894 0.8878852184023821 0
    outer loop
      vertex 89.39721669809222 98.30393034018613 0
      vertex 88.96197542019324 98.5294541925812 0
      vertex 88.96197542019324 98.5294541925812 82.3
    endloop
  endfacet
  facet normal 0.2034560130526384 0.9790840876823219 0
    outer loop
      vertex 89.87716365594359 98.20419621545703 0
      vertex 89.39721669809222 98.30393034018613 0
      vertex 89.39721669809222 98.30393034018613 82.3
    endloop
  endfacet
  facet normal -0.06824241336466852 0.9976687691905394 0
    outer loop
      vertex 89.87716365594359 98.20419621545703 82.3
      vertex 90.36622082349474 98.23764864217182 0
      vertex 89.87716365594359 98.20419621545703 0
    endloop
  endfacet
  facet normal -0.3348796121709875 0.9422609221188201 0
    outer loop
      vertex 90.36622082349474 98.23764864217182 82.3
      vertex 90.82811706791607 98.40180660687572 0
      vertex 90.36622082349474 98.23764864217182 0
    endloop
  endfacet
  facet normal 1 0 0
    outer loop
      vertex 88.2167652971346 99.75490003162676 0
      vertex 88.2167652971346 100.24509996837324 0
      vertex 88.2167652971346 100.24509996837324 82.3
    endloop
  endfacet
  facet normal 0.9629172873477977 -0.26979677115703027 0
    outer loop
      vertex 88.2167652971346 100.24509996837324 0
      vertex 88.34901965729019 100.71712196172324 0
      vertex 88.34901965729019 100.71712196172324 82.3
    endloop
  endfacet
  facet normal 0.8544194045464896 -0.5195839500354318 0
    outer loop
      vertex 88.34901965729019 100.71712196172324 0
      vertex 88.60371967673204 101.13595829978689 0
      vertex 88.60371967673204 101.13595829978689 82.3
    endloop
  endfacet
  facet normal 0.6825531432186579 -0.7308359642781206 0
    outer loop
      vertex 88.96197542019324 101.4705458074188 0
      vertex 88.96197542019324 101.4705458074188 82.3
      vertex 88.60371967673204 101.13595829978689 0
    endloop
  endfacet
  facet normal 0.46006503773113894 -0.8878852184023821 0
    outer loop
      vertex 89.39721669809222 101.69606965981387 82.3
      vertex 88.96197542019324 101.4705458074188 0
      vertex 89.39721669809222 101.69606965981387 0
    endloop
  endfacet
  facet normal 0.2034560130526384 -0.9790840876823219 0
    outer loop
      vertex 89.87716365594359 101.79580378454297 82.3
      vertex 89.39721669809222 101.69606965981387 0
      vertex 89.87716365594359 101.79580378454297 0
    endloop
  endfacet
  facet normal -0.06824241336466852 -0.9976687691905394 0
    outer loop
      vertex 90.36622082349474 101.76235135782818 82.3
      vertex 89.87716365594359 101.79580378454297 0
      vertex 90.36622082349474 101.76235135782818 0
    endloop
  endfacet
  facet normal -0.5766803221148574 0.816969893010449 0
    outer loop
      vertex 90.82811706791607 98.40180660687572 82.3
      vertex 91.22859565779358 98.68449526429937 0
      vertex 90.82811706791607 98.40180660687572 0
    endloop
  endfacet
  facet normal -0.775711290704427 0.6310879443260439 0
    outer loop
      vertex 91.53795492818368 99.06474888993623 0
      vertex 91.22859565779358 98.68449526429937 0
      vertex 91.22859565779358 98.68449526429937 82.3
    endloop
  endfacet
  facet normal -0.9172113015054566 0.3984010898462329 0
    outer loop
      vertex 91.73325111722603 99.51436581191736 0
      vertex 91.53795492818368 99.06474888993623 0
      vertex 91.53795492818368 99.06474888993623 82.3
    endloop
  endfacet
  facet normal -0.9906859460363299 0.13616664909625378 0
    outer loop
      vertex 91.8 100 0
      vertex 91.73325111722603 99.51436581191736 0
      vertex 91.73325111722603 99.51436581191736 82.3
    endloop
  endfacet
  facet normal -0.9906859460363299 -0.13616664909625378 0
    outer loop
      vertex 91.73325111722603 100.48563418808264 0
      vertex 91.8 100 0
      vertex 91.8 100 82.3
    endloop
  endfacet
  facet normal -0.9172113015054566 -0.3984010898462329 0
    outer loop
      vertex 91.53795492818368 100.93525111006377 0
      vertex 91.73325111722603 100.48563418808264 0
      vertex 91.73325111722603 100.48563418808264 82.3
    endloop
  endfacet
  facet normal -0.775711290704427 -0.6310879443260439 0
    outer loop
      vertex 91.22859565779358 101.31550473570063 0
      vertex 91.53795492818368 100.93525111006377 0
      vertex 91.53795492818368 100.93525111006377 82.3
    endloop
  endfacet
  facet normal -0.3348796121709875 -0.9422609221188201 0
    outer loop
      vertex 90.82811706791607 101.59819339312428 82.3
      vertex 90.36622082349474 101.76235135782818 0
      vertex 90.82811706791607 101.59819339312428 0
    endloop
  endfacet
  facet normal -0.5766803221148574 -0.816969893010449 0
    outer loop
      vertex 91.22859565779358 101.31550473570063 0
      vertex 91.22859565779358 101.31550473570063 82.3
      vertex 90.82811706791607 101.59819339312428 0
    endloop
  endfacet
  facet normal 0.6825531432186579 0.7308359642781206 0
    outer loop
      vertex 88.96197542019324 98.5294541925812 0
      vertex 88.60371967673204 98.86404170021311 82.3
      vertex 88.96197542019324 98.5294541925812 82.3
    endloop
  endfacet
  facet normal 0.8544194045464896 0.5195839500354318 0
    outer loop
      vertex 88.60371967673204 98.86404170021311 0
      vertex 88.34901965729019 99.28287803827676 82.3
      vertex 88.60371967673204 98.86404170021311 82.3
    endloop
  endfacet
  facet normal 0.9629172873477977 0.26979677115703027 0
    outer loop
      vertex 88.34901965729019 99.28287803827676 0
      vertex 88.2167652971346 99.75490003162676 82.3
      vertex 88.34901965729019 99.28287803827676 82.3
    endloop
  endfacet
  facet normal 0.46006503773113894 0.8878852184023821 0
    outer loop
      vertex 89.39721669809222 98.30393034018613 0
      vertex 88.96197542019324 98.5294541925812 82.3
      vertex 89.39721669809222 98.30393034018613 82.3
    endloop
  endfacet
  facet normal 0.2034560130526384 0.9790840876823219 0
    outer loop
      vertex 89.87716365594359 98.20419621545703 0
      vertex 89.39721669809222 98.30393034018613 82.3
      vertex 89.87716365594359 98.20419621545703 82.3
    endloop
  endfacet
  facet normal -0.06824241336466852 0.9976687691905394 0
    outer loop
      vertex 90.36622082349474 98.23764864217182 0
      vertex 89.87716365594359 98.20419621545703 82.3
      vertex 90.36622082349474 98.23764864217182 82.3
    endloop
  endfacet
  facet normal 1 0 0
    outer loop
      vertex 88.2167652971346 99.75490003162676 0
      vertex 88.2167652971346 100.24509996837324 82.3
      vertex 88.2167652971346 99.75490003162676 82.3
    endloop
  endfacet
  facet normal 0.9629172873477977 -0.26979677115703027 0
    outer loop
      vertex 88.34901965729019 100.71712196172324 82.3
      vertex 88.2167652971346 100.24509996837324 82.3
      vertex 88.2167652971346 100.24509996837324 0
    endloop
  endfacet
  facet normal 0.8544194045464896 -0.5195839500354318 0
    outer loop
      vertex 88.60371967673204 101.13595829978689 82.3
      vertex 88.34901965729019 100.71712196172324 82.3
      vertex 88.34901965729019 100.71712196172324 0
    endloop
  endfacet
  facet normal 0.6825531432186579 -0.7308359642781206 0
    outer loop
      vertex 88.60371967673204 101.13595829978689 0
      vertex 88.96197542019324 101.4705458074188 82.3
      vertex 88.60371967673204 101.13595829978689 82.3
    endloop
  endfacet
  facet normal 0.46006503773113894 -0.8878852184023821 0
    outer loop
      vertex 88.96197542019324 101.4705458074188 0
      vertex 89.39721669809222 101.69606965981387 82.3
      vertex 88.96197542019324 101.4705458074188 82.3
    endloop
  endfacet
  facet normal 0.2034560130526384 -0.9790840876823219 0
    outer loop
      vertex 89.87716365594359 101.79580378454297 82.3
      vertex 89.39721669809222 101.69606965981387 82.3
      vertex 89.39721669809222 101.69606965981387 0
    endloop
  endfacet
  facet normal -0.06824241336466852 -0.9976687691905394 0
    outer loop
      vertex 89.87716365594359 101.79580378454297 0
      vertex 90.36622082349474 101.76235135782818 82.3
      vertex 89.87716365594359 101.79580378454297 82.3
    endloop
  endfacet
  facet normal -0.3348796121709875 -0.9422609221188201 0
    outer loop
      vertex 90.36622082349474 101.76235135782818 0
      vertex 90.82811706791607 101.59819339312428 82.3
      vertex 90.36622082349474 101.76235135782818 82.3
    endloop
  endfacet
  facet normal -0.3348796121709875 0.9422609221188201 0
    outer loop
      vertex 90.82811706791607 98.40180660687572 0
      vertex 90.36622082349474 98.23764864217182 82.3
      vertex 90.82811706791607 98.40180660687572 82.3
    endloop
  endfacet
  facet normal -0.5766803221148574 0.816969893010449 0
    outer loop
      vertex 91.22859565779358 98.68449526429937 0
      vertex 90.82811706791607 98.40180660687572 82.3
      vertex 91.22859565779358 98.68449526429937 82.3
    endloop
  endfacet
  facet normal -0.775711290704427 0.6310879443260439 0
    outer loop
      vertex 91.22859565779358 98.68449526429937 82.3
      vertex 91.53795492818368 99.06474888993623 82.3
      vertex 91.53795492818368 99.06474888993623 0
    endloop
  endfacet
  facet normal -0.9172113015054566 0.3984010898462329 0
    outer loop
      vertex 91.53795492818368 99.06474888993623 82.3
      vertex 91.73325111722603 99.51436581191736 82.3
      vertex 91.73325111722603 99.51436581191736 0
    endloop
  endfacet
  facet normal -0.775711290704427 -0.6310879443260439 0
    outer loop
      vertex 91.53795492818368 100.93525111006377 82.3
      vertex 91.22859565779358 101.31550473570063 82.3
      vertex 91.22859565779358 101.31550473570063 0
    endloop
  endfacet
  facet normal -0.9906859460363299 0.13616664909625378 0
    outer loop
      vertex 91.73325111722603 99.51436581191736 82.3
      vertex 91.8 100 82.3
      vertex 91.8 100 0
    endloop
  endfacet
  facet normal -0.9906859460363299 -0.13616664909625378 0
    outer loop
      vertex 91.8 100 82.3
      vertex 91.73325111722603 100.48563418808264 82.3
      vertex 91.73325111722603 100.48563418808264 0
    endloop
  endfacet
  facet normal -0.9172113015054566 -0.3984010898462329 0
    outer loop
      vertex 91.73325111722603 100.48563418808264 82.3
      vertex 91.53795492818368 100.93525111006377 82.3
      vertex 91.53795492818368 100.93525111006377 0
    endloop
  endfacet
  facet normal -0.5766803221148574 -0.816969893010449 0
    outer loop
      vertex 90.82811706791607 101.59819339312428 0
      vertex 91.22859565779358 101.31550473570063 82.3
      vertex 90.82811706791607 101.59819339312428 82.3
    endloop
  endfacet
  facet normal 0.6825531432186579 0.7308359642781205 0
    outer loop
      vertex 68.96197542019324 78.5294541925812 0
      vertex 68.60371967673204 78.86404170021311 0
      vertex 68.60371967673204 78.86404170021311 2.299999999999997
    endloop
  endfacet
  facet normal 0.8544194045464897 0.5195839500354317 0
    outer loop
      vertex 68.34901965729019 79.28287803827676 2.299999999999997
      vertex 68.60371967673204 78.86404170021311 2.299999999999997
      vertex 68.60371967673204 78.86404170021311 0
    endloop
  endfacet
  facet normal 0.9629172873477977 0.26979677115703027 0
    outer loop
      vertex 68.2167652971346 79.75490003162676 2.299999999999997
      vertex 68.34901965729019 79.28287803827676 0
      vertex 68.2167652971346 79.75490003162676 0
    endloop
  endfacet
  facet normal 0.8544194045464897 0.5195839500354317 0
    outer loop
      vertex 68.34901965729019 79.28287803827676 2.299999999999997
      vertex 68.60371967673204 78.86404170021311 0
      vertex 68.34901965729019 79.28287803827676 0
    endloop
  endfacet
  facet normal 1 0 0
    outer loop
      vertex 68.2167652971346 79.75490003162676 0
      vertex 68.2167652971346 80.24509996837324 0
      vertex 68.2167652971346 80.24509996837324 2.299999999999997
    endloop
  endfacet
  facet normal 0.9629172873477977 -0.26979677115703027 0
    outer loop
      vertex 68.34901965729019 80.71712196172324 2.299999999999997
      vertex 68.2167652971346 80.24509996837324 0
      vertex 68.34901965729019 80.71712196172324 0
    endloop
  endfacet
  facet normal 0.8544194045464897 -0.5195839500354317 0
    outer loop
      vertex 68.60371967673204 81.13595829978689 2.299999999999997
      vertex 68.34901965729019 80.71712196172324 0
      vertex 68.60371967673204 81.13595829978689 0
    endloop
  endfacet
  facet normal 0.9629172873477977 0.26979677115703027 0
    outer loop
      vertex 68.2167652971346 79.75490003162676 2.299999999999997
      vertex 68.34901965729019 79.28287803827676 2.299999999999997
      vertex 68.34901965729019 79.28287803827676 0
    endloop
  endfacet
  facet normal 1 0 0
    outer loop
      vertex 68.2167652971346 80.24509996837324 2.299999999999997
      vertex 68.2167652971346 79.75490003162676 2.299999999999997
      vertex 68.2167652971346 79.75490003162676 0
    endloop
  endfacet
  facet normal 0.9629172873477977 -0.26979677115703027 0
    outer loop
      vertex 68.34901965729019 80.71712196172324 2.299999999999997
      vertex 68.2167652971346 80.24509996837324 2.299999999999997
      vertex 68.2167652971346 80.24509996837324 0
    endloop
  endfacet
  facet normal 0.8544194045464897 -0.5195839500354317 0
    outer loop
      vertex 68.34901965729019 80.71712196172324 0
      vertex 68.60371967673204 81.13595829978689 2.299999999999997
      vertex 68.34901965729019 80.71712196172324 2.299999999999997
    endloop
  endfacet
  facet normal 0.6825531432186579 -0.7308359642781205 0
    outer loop
      vertex 68.60371967673204 81.13595829978689 2.299999999999997
      vertex 68.60371967673204 81.13595829978689 0
      vertex 68.96197542019324 81.4705458074188 2.299999999999997
    endloop
  endfacet
  facet normal 0.46006503773113894 0.8878852184023821 0
    outer loop
      vertex 69.39721669809222 78.30393034018613 0
      vertex 68.96197542019324 78.5294541925812 0
      vertex 68.96197542019324 78.5294541925812 2.299999999999997
    endloop
  endfacet
  facet normal 0.20345601305263838 0.9790840876823219 0
    outer loop
      vertex 69.87716365594359 78.20419621545703 0
      vertex 69.39721669809222 78.30393034018613 0
      vertex 69.39721669809222 78.30393034018613 2.299999999999997
    endloop
  endfacet
  facet normal -0.06824241336466852 0.9976687691905394 0
    outer loop
      vertex 70.36622082349474 78.23764864217182 0
      vertex 69.87716365594359 78.20419621545703 0
      vertex 69.87716365594359 78.20419621545703 2.299999999999997
    endloop
  endfacet
  facet normal -0.33487961217098755 0.9422609221188201 0
    outer loop
      vertex 70.36622082349474 78.23764864217182 2.299999999999997
      vertex 70.82811706791607 78.40180660687572 0
      vertex 70.36622082349474 78.23764864217182 0
    endloop
  endfacet
  facet normal -0.5766803221148574 0.8169698930104489 0
    outer loop
      vertex 70.82811706791607 78.40180660687572 2.299999999999997
      vertex 71.22859565779358 78.68449526429937 0
      vertex 70.82811706791607 78.40180660687572 0
    endloop
  endfacet
  facet normal -0.7757112907044271 0.6310879443260439 0
    outer loop
      vertex 71.22859565779358 78.68449526429937 0
      vertex 71.22859565779358 78.68449526429937 2.299999999999997
      vertex 71.53795492818368 79.06474888993623 0
    endloop
  endfacet
  facet normal 0.6825531432186579 0.7308359642781205 0
    outer loop
      vertex 68.60371967673204 78.86404170021311 2.299999999999997
      vertex 68.96197542019324 78.5294541925812 2.299999999999997
      vertex 68.96197542019324 78.5294541925812 0
    endloop
  endfacet
  facet normal 0.46006503773113894 0.8878852184023821 0
    outer loop
      vertex 68.96197542019324 78.5294541925812 2.299999999999997
      vertex 69.39721669809222 78.30393034018613 2.299999999999997
      vertex 69.39721669809222 78.30393034018613 0
    endloop
  endfacet
  facet normal 0.20345601305263838 0.9790840876823219 0
    outer loop
      vertex 69.39721669809222 78.30393034018613 2.299999999999997
      vertex 69.87716365594359 78.20419621545703 2.299999999999997
      vertex 69.87716365594359 78.20419621545703 0
    endloop
  endfacet
  facet normal -0.06824241336466852 0.9976687691905394 0
    outer loop
      vertex 69.87716365594359 78.20419621545703 2.299999999999997
      vertex 70.36622082349474 78.23764864217182 2.299999999999997
      vertex 70.36622082349474 78.23764864217182 0
    endloop
  endfacet
  facet normal -0.33487961217098755 0.9422609221188201 0
    outer loop
      vertex 70.82811706791607 78.40180660687572 2.299999999999997
      vertex 70.82811706791607 78.40180660687572 0
      vertex 70.36622082349474 78.23764864217182 2.299999999999997
    endloop
  endfacet
  facet normal -0.5766803221148574 0.8169698930104489 0
    outer loop
      vertex 71.22859565779358 78.68449526429937 2.299999999999997
      vertex 71.22859565779358 78.68449526429937 0
      vertex 70.82811706791607 78.40180660687572 2.299999999999997
    endloop
  endfacet
  facet normal -0.7757112907044271 0.6310879443260439 0
    outer loop
      vertex 71.22859565779358 78.68449526429937 2.299999999999997
      vertex 71.53795492818368 79.06474888993623 2.299999999999997
      vertex 71.53795492818368 79.06474888993623 0
    endloop
  endfacet
  facet normal 0.6825531432186579 -0.7308359642781205 0
    outer loop
      vertex 68.96197542019324 81.4705458074188 2.299999999999997
      vertex 68.60371967673204 81.13595829978689 0
      vertex 68.96197542019324 81.4705458074188 0
    endloop
  endfacet
  facet normal 0.46006503773113894 -0.8878852184023821 0
    outer loop
      vertex 69.39721669809222 81.69606965981387 2.299999999999997
      vertex 68.96197542019324 81.4705458074188 0
      vertex 69.39721669809222 81.69606965981387 0
    endloop
  endfacet
  facet normal 0.20345601305263838 -0.9790840876823219 0
    outer loop
      vertex 69.87716365594359 81.79580378454297 2.299999999999997
      vertex 69.39721669809222 81.69606965981387 0
      vertex 69.87716365594359 81.79580378454297 0
    endloop
  endfacet
  facet normal -0.06824241336466852 -0.9976687691905394 0
    outer loop
      vertex 70.36622082349474 81.76235135782818 2.299999999999997
      vertex 69.87716365594359 81.79580378454297 0
      vertex 70.36622082349474 81.76235135782818 0
    endloop
  endfacet
  facet normal -0.9172113015054568 0.39840108984623296 0
    outer loop
      vertex 71.53795492818368 79.06474888993623 2.299999999999997
      vertex 71.73325111722603 79.51436581191736 0
      vertex 71.53795492818368 79.06474888993623 0
    endloop
  endfacet
  facet normal -0.9906859460363298 0.13616664909625376 0
    outer loop
      vertex 71.73325111722603 79.51436581191736 2.299999999999997
      vertex 71.8 80 0
      vertex 71.73325111722603 79.51436581191736 0
    endloop
  endfacet
  facet normal -0.9906859460363298 -0.13616664909625376 0
    outer loop
      vertex 71.73325111722603 80.48563418808264 0
      vertex 71.8 80 0
      vertex 71.8 80 2.299999999999997
    endloop
  endfacet
  facet normal -0.9172113015054568 -0.39840108984623296 0
    outer loop
      vertex 71.53795492818368 80.93525111006377 0
      vertex 71.73325111722603 80.48563418808264 0
      vertex 71.73325111722603 80.48563418808264 2.299999999999997
    endloop
  endfacet
  facet normal -0.33487961217098755 -0.9422609221188201 0
    outer loop
      vertex 70.82811706791607 81.59819339312428 2.299999999999997
      vertex 70.36622082349474 81.76235135782818 0
      vertex 70.82811706791607 81.59819339312428 0
    endloop
  endfacet
  facet normal -0.7757112907044271 -0.6310879443260439 0
    outer loop
      vertex 71.22859565779358 81.31550473570063 0
      vertex 71.53795492818368 80.93525111006377 0
      vertex 71.53795492818368 80.93525111006377 2.299999999999997
    endloop
  endfacet
  facet normal -0.5766803221148574 -0.8169698930104489 0
    outer loop
      vertex 70.82811706791607 81.59819339312428 0
      vertex 71.22859565779358 81.31550473570063 0
      vertex 71.22859565779358 81.31550473570063 2.299999999999997
    endloop
  endfacet
  facet normal 0.46006503773113894 -0.8878852184023821 0
    outer loop
      vertex 68.96197542019324 81.4705458074188 0
      vertex 69.39721669809222 81.69606965981387 2.299999999999997
      vertex 68.96197542019324 81.4705458074188 2.299999999999997
    endloop
  endfacet
  facet normal 0.20345601305263838 -0.9790840876823219 0
    outer loop
      vertex 69.39721669809222 81.69606965981387 2.299999999999997
      vertex 69.39721669809222 81.69606965981387 0
      vertex 69.87716365594359 81.79580378454297 2.299999999999997
    endloop
  endfacet
  facet normal -0.06824241336466852 -0.9976687691905394 0
    outer loop
      vertex 70.36622082349474 81.76235135782818 2.299999999999997
      vertex 69.87716365594359 81.79580378454297 2.299999999999997
      vertex 69.87716365594359 81.79580378454297 0
    endloop
  endfacet
  facet normal -0.9172113015054568 0.39840108984623296 0
    outer loop
      vertex 71.53795492818368 79.06474888993623 2.299999999999997
      vertex 71.73325111722603 79.51436581191736 2.299999999999997
      vertex 71.73325111722603 79.51436581191736 0
    endloop
  endfacet
  facet normal -0.9906859460363298 0.13616664909625376 0
    outer loop
      vertex 71.8 80 0
      vertex 71.73325111722603 79.51436581191736 2.299999999999997
      vertex 71.8 80 2.299999999999997
    endloop
  endfacet
  facet normal -0.9906859460363298 -0.13616664909625376 0
    outer loop
      vertex 71.73325111722603 80.48563418808264 0
      vertex 71.8 80 2.299999999999997
      vertex 71.73325111722603 80.48563418808264 2.299999999999997
    endloop
  endfacet
  facet normal -0.5766803221148574 -0.8169698930104489 0
    outer loop
      vertex 71.22859565779358 81.31550473570063 2.299999999999997
      vertex 70.82811706791607 81.59819339312428 2.299999999999997
      vertex 70.82811706791607 81.59819339312428 0
    endloop
  endfacet
  facet normal -0.33487961217098755 -0.9422609221188201 0
    outer loop
      vertex 70.82811706791607 81.59819339312428 2.299999999999997
      vertex 70.36622082349474 81.76235135782818 2.299999999999997
      vertex 70.36622082349474 81.76235135782818 0
    endloop
  endfacet
  facet normal -0.7757112907044271 -0.6310879443260439 0
    outer loop
      vertex 71.53795492818368 80.93525111006377 2.299999999999997
      vertex 71.22859565779358 81.31550473570063 2.299999999999997
      vertex 71.22859565779358 81.31550473570063 0
    endloop
  endfacet
  facet normal -0.9172113015054568 -0.39840108984623296 0
    outer loop
      vertex 71.73325111722603 80.48563418808264 2.299999999999997
      vertex 71.53795492818368 80.93525111006377 2.299999999999997
      vertex 71.53795492818368 80.93525111006377 0
    endloop
  endfacet
  facet normal 0.9629172873477977 0.26979677115703027 0
    outer loop
      vertex 88.34901965729019 -100.71712196172324 0
      vertex 88.2167652971346 -100.24509996837324 0
      vertex 88.2167652971346 -100.24509996837324 82.3
    endloop
  endfacet
  facet normal 1 0 0
    outer loop
      vertex 88.2167652971346 -100.24509996837324 0
      vertex 88.2167652971346 -99.75490003162676 0
      vertex 88.2167652971346 -99.75490003162676 82.3
    endloop
  endfacet
  facet normal 0.8544194045464896 0.5195839500354318 0
    outer loop
      vertex 88.60371967673204 -101.13595829978689 0
      vertex 88.34901965729019 -100.71712196172324 0
      vertex 88.34901965729019 -100.71712196172324 82.3
    endloop
  endfacet
  facet normal 0.6825531432186579 0.7308359642781206 0
    outer loop
      vertex 88.60371967673204 -101.13595829978689 82.3
      vertex 88.96197542019324 -101.4705458074188 0
      vertex 88.60371967673204 -101.13595829978689 0
    endloop
  endfacet
  facet normal 0.46006503773113894 0.8878852184023821 0
    outer loop
      vertex 88.96197542019324 -101.4705458074188 82.3
      vertex 89.39721669809222 -101.69606965981387 0
      vertex 88.96197542019324 -101.4705458074188 0
    endloop
  endfacet
  facet normal 0.2034560130526384 0.9790840876823219 0
    outer loop
      vertex 89.39721669809222 -101.69606965981387 82.3
      vertex 89.87716365594359 -101.79580378454297 0
      vertex 89.39721669809222 -101.69606965981387 0
    endloop
  endfacet
  facet normal -0.06824241336466852 0.9976687691905394 0
    outer loop
      vertex 89.87716365594359 -101.79580378454297 82.3
      vertex 90.36622082349474 -101.76235135782818 0
      vertex 89.87716365594359 -101.79580378454297 0
    endloop
  endfacet
  facet normal -0.3348796121709875 0.9422609221188201 0
    outer loop
      vertex 90.82811706791607 -101.59819339312428 0
      vertex 90.36622082349474 -101.76235135782818 0
      vertex 90.36622082349474 -101.76235135782818 82.3
    endloop
  endfacet
  facet normal 0.9629172873477977 -0.26979677115703027 0
    outer loop
      vertex 88.2167652971346 -99.75490003162676 0
      vertex 88.34901965729019 -99.28287803827676 0
      vertex 88.34901965729019 -99.28287803827676 82.3
    endloop
  endfacet
  facet normal 0.8544194045464896 -0.5195839500354318 0
    outer loop
      vertex 88.34901965729019 -99.28287803827676 0
      vertex 88.60371967673204 -98.86404170021311 0
      vertex 88.60371967673204 -98.86404170021311 82.3
    endloop
  endfacet
  facet normal 0.6825531432186579 -0.7308359642781206 0
    outer loop
      vertex 88.96197542019324 -98.5294541925812 82.3
      vertex 88.60371967673204 -98.86404170021311 0
      vertex 88.96197542019324 -98.5294541925812 0
    endloop
  endfacet
  facet normal 0.46006503773113894 -0.8878852184023821 0
    outer loop
      vertex 89.39721669809222 -98.30393034018613 82.3
      vertex 88.96197542019324 -98.5294541925812 0
      vertex 89.39721669809222 -98.30393034018613 0
    endloop
  endfacet
  facet normal 0.2034560130526384 -0.9790840876823219 0
    outer loop
      vertex 89.87716365594359 -98.20419621545703 82.3
      vertex 89.39721669809222 -98.30393034018613 0
      vertex 89.87716365594359 -98.20419621545703 0
    endloop
  endfacet
  facet normal -0.06824241336466852 -0.9976687691905394 0
    outer loop
      vertex 90.36622082349474 -98.23764864217182 82.3
      vertex 89.87716365594359 -98.20419621545703 0
      vertex 90.36622082349474 -98.23764864217182 0
    endloop
  endfacet
  facet normal -0.5766803221148574 0.816969893010449 0
    outer loop
      vertex 91.22859565779358 -101.31550473570063 0
      vertex 90.82811706791607 -101.59819339312428 0
      vertex 90.82811706791607 -101.59819339312428 82.3
    endloop
  endfacet
  facet normal -0.775711290704427 0.6310879443260439 0
    outer loop
      vertex 91.53795492818368 -100.93525111006377 0
      vertex 91.22859565779358 -101.31550473570063 0
      vertex 91.22859565779358 -101.31550473570063 82.3
    endloop
  endfacet
  facet normal -0.9172113015054566 0.3984010898462329 0
    outer loop
      vertex 91.73325111722603 -100.48563418808264 0
      vertex 91.53795492818368 -100.93525111006377 0
      vertex 91.53795492818368 -100.93525111006377 82.3
    endloop
  endfacet
  facet normal -0.9906859460363299 0.13616664909625378 0
    outer loop
      vertex 91.8 -100 0
      vertex 91.73325111722603 -100.48563418808264 0
      vertex 91.73325111722603 -100.48563418808264 82.3
    endloop
  endfacet
  facet normal -0.9906859460363299 -0.13616664909625378 0
    outer loop
      vertex 91.73325111722603 -99.51436581191736 0
      vertex 91.8 -100 0
      vertex 91.8 -100 82.3
    endloop
  endfacet
  facet normal -0.3348796121709875 -0.9422609221188201 0
    outer loop
      vertex 90.82811706791607 -98.40180660687572 82.3
      vertex 90.36622082349474 -98.23764864217182 0
      vertex 90.82811706791607 -98.40180660687572 0
    endloop
  endfacet
  facet normal -0.5766803221148574 -0.816969893010449 0
    outer loop
      vertex 90.82811706791607 -98.40180660687572 0
      vertex 91.22859565779358 -98.68449526429937 0
      vertex 91.22859565779358 -98.68449526429937 82.3
    endloop
  endfacet
  facet normal -0.9172113015054566 -0.3984010898462329 0
    outer loop
      vertex 91.53795492818368 -99.06474888993623 0
      vertex 91.73325111722603 -99.51436581191736 0
      vertex 91.73325111722603 -99.51436581191736 82.3
    endloop
  endfacet
  facet normal -0.775711290704427 -0.6310879443260439 0
    outer loop
      vertex 91.22859565779358 -98.68449526429937 0
      vertex 91.53795492818368 -99.06474888993623 0
      vertex 91.53795492818368 -99.06474888993623 82.3
    endloop
  endfacet
  facet normal 1 0 0
    outer loop
      vertex 88.2167652971346 -100.24509996837324 0
      vertex 88.2167652971346 -99.75490003162676 82.3
      vertex 88.2167652971346 -100.24509996837324 82.3
    endloop
  endfacet
  facet normal 0.8544194045464896 0.5195839500354318 0
    outer loop
      vertex 88.34901965729019 -100.71712196172324 82.3
      vertex 88.60371967673204 -101.13595829978689 82.3
      vertex 88.60371967673204 -101.13595829978689 0
    endloop
  endfacet
  facet normal 0.9629172873477977 0.26979677115703027 0
    outer loop
      vertex 88.34901965729019 -100.71712196172324 0
      vertex 88.2167652971346 -100.24509996837324 82.3
      vertex 88.34901965729019 -100.71712196172324 82.3
    endloop
  endfacet
  facet normal 0.6825531432186579 0.7308359642781206 0
    outer loop
      vertex 88.96197542019324 -101.4705458074188 0
      vertex 88.60371967673204 -101.13595829978689 82.3
      vertex 88.96197542019324 -101.4705458074188 82.3
    endloop
  endfacet
  facet normal 0.46006503773113894 0.8878852184023821 0
    outer loop
      vertex 89.39721669809222 -101.69606965981387 0
      vertex 88.96197542019324 -101.4705458074188 82.3
      vertex 89.39721669809222 -101.69606965981387 82.3
    endloop
  endfacet
  facet normal 0.2034560130526384 0.9790840876823219 0
    outer loop
      vertex 89.87716365594359 -101.79580378454297 0
      vertex 89.39721669809222 -101.69606965981387 82.3
      vertex 89.87716365594359 -101.79580378454297 82.3
    endloop
  endfacet
  facet normal -0.06824241336466852 0.9976687691905394 0
    outer loop
      vertex 89.87716365594359 -101.79580378454297 82.3
      vertex 90.36622082349474 -101.76235135782818 82.3
      vertex 90.36622082349474 -101.76235135782818 0
    endloop
  endfacet
  facet normal 0.9629172873477977 -0.26979677115703027 0
    outer loop
      vertex 88.2167652971346 -99.75490003162676 0
      vertex 88.34901965729019 -99.28287803827676 82.3
      vertex 88.2167652971346 -99.75490003162676 82.3
    endloop
  endfacet
  facet normal 0.8544194045464896 -0.5195839500354318 0
    outer loop
      vertex 88.60371967673204 -98.86404170021311 82.3
      vertex 88.34901965729019 -99.28287803827676 82.3
      vertex 88.34901965729019 -99.28287803827676 0
    endloop
  endfacet
  facet normal 0.6825531432186579 -0.7308359642781206 0
    outer loop
      vertex 88.60371967673204 -98.86404170021311 0
      vertex 88.96197542019324 -98.5294541925812 82.3
      vertex 88.60371967673204 -98.86404170021311 82.3
    endloop
  endfacet
  facet normal 0.46006503773113894 -0.8878852184023821 0
    outer loop
      vertex 88.96197542019324 -98.5294541925812 0
      vertex 89.39721669809222 -98.30393034018613 82.3
      vertex 88.96197542019324 -98.5294541925812 82.3
    endloop
  endfacet
  facet normal 0.2034560130526384 -0.9790840876823219 0
    outer loop
      vertex 89.87716365594359 -98.20419621545703 82.3
      vertex 89.39721669809222 -98.30393034018613 82.3
      vertex 89.39721669809222 -98.30393034018613 0
    endloop
  endfacet
  facet normal -0.06824241336466852 -0.9976687691905394 0
    outer loop
      vertex 90.36622082349474 -98.23764864217182 82.3
      vertex 89.87716365594359 -98.20419621545703 82.3
      vertex 89.87716365594359 -98.20419621545703 0
    endloop
  endfacet
  facet normal -0.3348796121709875 -0.9422609221188201 0
    outer loop
      vertex 90.36622082349474 -98.23764864217182 0
      vertex 90.82811706791607 -98.40180660687572 82.3
      vertex 90.36622082349474 -98.23764864217182 82.3
    endloop
  endfacet
  facet normal -0.3348796121709875 0.9422609221188201 0
    outer loop
      vertex 90.36622082349474 -101.76235135782818 82.3
      vertex 90.82811706791607 -101.59819339312428 82.3
      vertex 90.82811706791607 -101.59819339312428 0
    endloop
  endfacet
  facet normal -0.5766803221148574 0.816969893010449 0
    outer loop
      vertex 91.22859565779358 -101.31550473570063 0
      vertex 90.82811706791607 -101.59819339312428 82.3
      vertex 91.22859565779358 -101.31550473570063 82.3
    endloop
  endfacet
  facet normal -0.775711290704427 0.6310879443260439 0
    outer loop
      vertex 91.22859565779358 -101.31550473570063 82.3
      vertex 91.53795492818368 -100.93525111006377 82.3
      vertex 91.53795492818368 -100.93525111006377 0
    endloop
  endfacet
  facet normal -0.9172113015054566 0.3984010898462329 0
    outer loop
      vertex 91.73325111722603 -100.48563418808264 0
      vertex 91.53795492818368 -100.93525111006377 82.3
      vertex 91.73325111722603 -100.48563418808264 82.3
    endloop
  endfacet
  facet normal -0.9906859460363299 0.13616664909625378 0
    outer loop
      vertex 91.8 -100 0
      vertex 91.73325111722603 -100.48563418808264 82.3
      vertex 91.8 -100 82.3
    endloop
  endfacet
  facet normal -0.5766803221148574 -0.816969893010449 0
    outer loop
      vertex 90.82811706791607 -98.40180660687572 0
      vertex 91.22859565779358 -98.68449526429937 82.3
      vertex 90.82811706791607 -98.40180660687572 82.3
    endloop
  endfacet
  facet normal -0.775711290704427 -0.6310879443260439 0
    outer loop
      vertex 91.53795492818368 -99.06474888993623 82.3
      vertex 91.22859565779358 -98.68449526429937 82.3
      vertex 91.22859565779358 -98.68449526429937 0
    endloop
  endfacet
  facet normal -0.9906859460363299 -0.13616664909625378 0
    outer loop
      vertex 91.8 -100 82.3
      vertex 91.73325111722603 -99.51436581191736 82.3
      vertex 91.73325111722603 -99.51436581191736 0
    endloop
  endfacet
  facet normal -0.9172113015054566 -0.3984010898462329 0
    outer loop
      vertex 91.53795492818368 -99.06474888993623 0
      vertex 91.73325111722603 -99.51436581191736 82.3
      vertex 91.53795492818368 -99.06474888993623 82.3
    endloop
  endfacet
  facet normal 0.6825531432186579 0.7308359642781205 0
    outer loop
      vertex 68.96197542019324 -81.4705458074188 0
      vertex 68.60371967673204 -81.13595829978689 0
      vertex 68.60371967673204 -81.13595829978689 2.299999999999997
    endloop
  endfacet
  facet normal 0.8544194045464897 0.5195839500354317 0
    outer loop
      vertex 68.34901965729019 -80.71712196172324 2.299999999999997
      vertex 68.60371967673204 -81.13595829978689 0
      vertex 68.34901965729019 -80.71712196172324 0
    endloop
  endfacet
  facet normal 0.9629172873477977 0.26979677115703027 0
    outer loop
      vertex 68.2167652971346 -80.24509996837324 2.299999999999997
      vertex 68.34901965729019 -80.71712196172324 0
      vertex 68.2167652971346 -80.24509996837324 0
    endloop
  endfacet
  facet normal 1 0 0
    outer loop
      vertex 68.2167652971346 -79.75490003162676 2.299999999999997
      vertex 68.2167652971346 -80.24509996837324 0
      vertex 68.2167652971346 -79.75490003162676 0
    endloop
  endfacet
  facet normal 0.9629172873477977 -0.26979677115703027 0
    outer loop
      vertex 68.34901965729019 -79.28287803827676 2.299999999999997
      vertex 68.2167652971346 -79.75490003162676 0
      vertex 68.34901965729019 -79.28287803827676 0
    endloop
  endfacet
  facet normal 0.8544194045464897 0.5195839500354317 0
    outer loop
      vertex 68.34901965729019 -80.71712196172324 2.299999999999997
      vertex 68.60371967673204 -81.13595829978689 2.299999999999997
      vertex 68.60371967673204 -81.13595829978689 0
    endloop
  endfacet
  facet normal 0.9629172873477977 0.26979677115703027 0
    outer loop
      vertex 68.2167652971346 -80.24509996837324 2.299999999999997
      vertex 68.34901965729019 -80.71712196172324 2.299999999999997
      vertex 68.34901965729019 -80.71712196172324 0
    endloop
  endfacet
  facet normal 1 0 0
    outer loop
      vertex 68.2167652971346 -79.75490003162676 2.299999999999997
      vertex 68.2167652971346 -80.24509996837324 2.299999999999997
      vertex 68.2167652971346 -80.24509996837324 0
    endloop
  endfacet
  facet normal 0.9629172873477977 -0.26979677115703027 0
    outer loop
      vertex 68.34901965729019 -79.28287803827676 2.299999999999997
      vertex 68.2167652971346 -79.75490003162676 2.299999999999997
      vertex 68.2167652971346 -79.75490003162676 0
    endloop
  endfacet
  facet normal 0.8544194045464897 -0.5195839500354317 0
    outer loop
      vertex 68.60371967673204 -78.86404170021311 2.299999999999997
      vertex 68.34901965729019 -79.28287803827676 2.299999999999997
      vertex 68.34901965729019 -79.28287803827676 0
    endloop
  endfacet
  facet normal 0.8544194045464897 -0.5195839500354317 0
    outer loop
      vertex 68.60371967673204 -78.86404170021311 2.299999999999997
      vertex 68.34901965729019 -79.28287803827676 0
      vertex 68.60371967673204 -78.86404170021311 0
    endloop
  endfacet
  facet normal 0.6825531432186579 -0.7308359642781205 0
    outer loop
      vertex 68.60371967673204 -78.86404170021311 2.299999999999997
      vertex 68.60371967673204 -78.86404170021311 0
      vertex 68.96197542019324 -78.5294541925812 2.299999999999997
    endloop
  endfacet
  facet normal 0.46006503773113894 0.8878852184023821 0
    outer loop
      vertex 68.96197542019324 -81.4705458074188 2.299999999999997
      vertex 69.39721669809222 -81.69606965981387 0
      vertex 68.96197542019324 -81.4705458074188 0
    endloop
  endfacet
  facet normal 0.20345601305263838 0.9790840876823219 0
    outer loop
      vertex 69.39721669809222 -81.69606965981387 2.299999999999997
      vertex 69.87716365594359 -81.79580378454297 0
      vertex 69.39721669809222 -81.69606965981387 0
    endloop
  endfacet
  facet normal -0.06824241336466852 0.9976687691905394 0
    outer loop
      vertex 69.87716365594359 -81.79580378454297 2.299999999999997
      vertex 70.36622082349474 -81.76235135782818 0
      vertex 69.87716365594359 -81.79580378454297 0
    endloop
  endfacet
  facet normal -0.33487961217098755 0.9422609221188201 0
    outer loop
      vertex 70.36622082349474 -81.76235135782818 2.299999999999997
      vertex 70.82811706791607 -81.59819339312428 0
      vertex 70.36622082349474 -81.76235135782818 0
    endloop
  endfacet
  facet normal -0.5766803221148574 0.8169698930104489 0
    outer loop
      vertex 70.82811706791607 -81.59819339312428 2.299999999999997
      vertex 71.22859565779358 -81.31550473570063 0
      vertex 70.82811706791607 -81.59819339312428 0
    endloop
  endfacet
  facet normal -0.7757112907044271 0.6310879443260439 0
    outer loop
      vertex 71.22859565779358 -81.31550473570063 0
      vertex 71.22859565779358 -81.31550473570063 2.299999999999997
      vertex 71.53795492818368 -80.93525111006377 0
    endloop
  endfacet
  facet normal -0.9172113015054568 0.39840108984623296 0
    outer loop
      vertex 71.53795492818368 -80.93525111006377 2.299999999999997
      vertex 71.73325111722603 -80.48563418808264 0
      vertex 71.53795492818368 -80.93525111006377 0
    endloop
  endfacet
  facet normal -0.9906859460363298 0.13616664909625376 0
    outer loop
      vertex 71.73325111722603 -80.48563418808264 2.299999999999997
      vertex 71.8 -80 0
      vertex 71.73325111722603 -80.48563418808264 0
    endloop
  endfacet
  facet normal -0.9906859460363298 -0.13616664909625376 0
    outer loop
      vertex 71.8 -80 2.299999999999997
      vertex 71.73325111722603 -79.51436581191736 0
      vertex 71.8 -80 0
    endloop
  endfacet
  facet normal -0.9172113015054568 -0.39840108984623296 0
    outer loop
      vertex 71.73325111722603 -79.51436581191736 2.299999999999997
      vertex 71.53795492818368 -79.06474888993623 0
      vertex 71.73325111722603 -79.51436581191736 0
    endloop
  endfacet
  facet normal 0.6825531432186579 0.7308359642781205 0
    outer loop
      vertex 68.96197542019324 -81.4705458074188 2.299999999999997
      vertex 68.96197542019324 -81.4705458074188 0
      vertex 68.60371967673204 -81.13595829978689 2.299999999999997
    endloop
  endfacet
  facet normal 0.46006503773113894 0.8878852184023821 0
    outer loop
      vertex 69.39721669809222 -81.69606965981387 2.299999999999997
      vertex 69.39721669809222 -81.69606965981387 0
      vertex 68.96197542019324 -81.4705458074188 2.299999999999997
    endloop
  endfacet
  facet normal 0.20345601305263838 0.9790840876823219 0
    outer loop
      vertex 69.87716365594359 -81.79580378454297 2.299999999999997
      vertex 69.87716365594359 -81.79580378454297 0
      vertex 69.39721669809222 -81.69606965981387 2.299999999999997
    endloop
  endfacet
  facet normal -0.06824241336466852 0.9976687691905394 0
    outer loop
      vertex 70.36622082349474 -81.76235135782818 2.299999999999997
      vertex 70.36622082349474 -81.76235135782818 0
      vertex 69.87716365594359 -81.79580378454297 2.299999999999997
    endloop
  endfacet
  facet normal -0.33487961217098755 0.9422609221188201 0
    outer loop
      vertex 70.82811706791607 -81.59819339312428 2.299999999999997
      vertex 70.82811706791607 -81.59819339312428 0
      vertex 70.36622082349474 -81.76235135782818 2.299999999999997
    endloop
  endfacet
  facet normal -0.5766803221148574 0.8169698930104489 0
    outer loop
      vertex 71.22859565779358 -81.31550473570063 2.299999999999997
      vertex 71.22859565779358 -81.31550473570063 0
      vertex 70.82811706791607 -81.59819339312428 2.299999999999997
    endloop
  endfacet
  facet normal -0.7757112907044271 0.6310879443260439 0
    outer loop
      vertex 71.22859565779358 -81.31550473570063 2.299999999999997
      vertex 71.53795492818368 -80.93525111006377 2.299999999999997
      vertex 71.53795492818368 -80.93525111006377 0
    endloop
  endfacet
  facet normal -0.9172113015054568 0.39840108984623296 0
    outer loop
      vertex 71.53795492818368 -80.93525111006377 2.299999999999997
      vertex 71.73325111722603 -80.48563418808264 2.299999999999997
      vertex 71.73325111722603 -80.48563418808264 0
    endloop
  endfacet
  facet normal -0.9906859460363298 0.13616664909625376 0
    outer loop
      vertex 71.73325111722603 -80.48563418808264 2.299999999999997
      vertex 71.8 -80 2.299999999999997
      vertex 71.8 -80 0
    endloop
  endfacet
  facet normal -0.9906859460363298 -0.13616664909625376 0
    outer loop
      vertex 71.8 -80 2.299999999999997
      vertex 71.73325111722603 -79.51436581191736 2.299999999999997
      vertex 71.73325111722603 -79.51436581191736 0
    endloop
  endfacet
  facet normal -0.9172113015054568 -0.39840108984623296 0
    outer loop
      vertex 71.73325111722603 -79.51436581191736 2.299999999999997
      vertex 71.53795492818368 -79.06474888993623 2.299999999999997
      vertex 71.53795492818368 -79.06474888993623 0
    endloop
  endfacet
  facet normal 0.6825531432186579 -0.7308359642781205 0
    outer loop
      vertex 68.96197542019324 -78.5294541925812 2.299999999999997
      vertex 68.60371967673204 -78.86404170021311 0
      vertex 68.96197542019324 -78.5294541925812 0
    endloop
  endfacet
  facet normal 0.46006503773113894 -0.8878852184023821 0
    outer loop
      vertex 69.39721669809222 -78.30393034018613 2.299999999999997
      vertex 68.96197542019324 -78.5294541925812 0
      vertex 69.39721669809222 -78.30393034018613 0
    endloop
  endfacet
  facet normal 0.20345601305263838 -0.9790840876823219 0
    outer loop
      vertex 69.87716365594359 -78.20419621545703 2.299999999999997
      vertex 69.39721669809222 -78.30393034018613 0
      vertex 69.87716365594359 -78.20419621545703 0
    endloop
  endfacet
  facet normal -0.06824241336466852 -0.9976687691905394 0
    outer loop
      vertex 70.36622082349474 -78.23764864217182 2.299999999999997
      vertex 69.87716365594359 -78.20419621545703 0
      vertex 70.36622082349474 -78.23764864217182 0
    endloop
  endfacet
  facet normal -0.33487961217098755 -0.9422609221188201 0
    outer loop
      vertex 70.82811706791607 -78.40180660687572 2.299999999999997
      vertex 70.36622082349474 -78.23764864217182 0
      vertex 70.82811706791607 -78.40180660687572 0
    endloop
  endfacet
  facet normal -0.7757112907044271 -0.6310879443260439 0
    outer loop
      vertex 71.53795492818368 -79.06474888993623 2.299999999999997
      vertex 71.22859565779358 -78.68449526429937 0
      vertex 71.53795492818368 -79.06474888993623 0
    endloop
  endfacet
  facet normal -0.5766803221148574 -0.8169698930104489 0
    outer loop
      vertex 71.22859565779358 -78.68449526429937 2.299999999999997
      vertex 70.82811706791607 -78.40180660687572 0
      vertex 71.22859565779358 -78.68449526429937 0
    endloop
  endfacet
  facet normal 0.46006503773113894 -0.8878852184023821 0
    outer loop
      vertex 68.96197542019324 -78.5294541925812 2.299999999999997
      vertex 68.96197542019324 -78.5294541925812 0
      vertex 69.39721669809222 -78.30393034018613 2.299999999999997
    endloop
  endfacet
  facet normal 0.20345601305263838 -0.9790840876823219 0
    outer loop
      vertex 69.39721669809222 -78.30393034018613 2.299999999999997
      vertex 69.39721669809222 -78.30393034018613 0
      vertex 69.87716365594359 -78.20419621545703 2.299999999999997
    endloop
  endfacet
  facet normal -0.06824241336466852 -0.9976687691905394 0
    outer loop
      vertex 69.87716365594359 -78.20419621545703 2.299999999999997
      vertex 69.87716365594359 -78.20419621545703 0
      vertex 70.36622082349474 -78.23764864217182 2.299999999999997
    endloop
  endfacet
  facet normal -0.33487961217098755 -0.9422609221188201 0
    outer loop
      vertex 70.36622082349474 -78.23764864217182 2.299999999999997
      vertex 70.36622082349474 -78.23764864217182 0
      vertex 70.82811706791607 -78.40180660687572 2.299999999999997
    endloop
  endfacet
  facet normal -0.5766803221148574 -0.8169698930104489 0
    outer loop
      vertex 70.82811706791607 -78.40180660687572 2.299999999999997
      vertex 70.82811706791607 -78.40180660687572 0
      vertex 71.22859565779358 -78.68449526429937 2.299999999999997
    endloop
  endfacet
  facet normal -0.7757112907044271 -0.6310879443260439 0
    outer loop
      vertex 71.53795492818368 -79.06474888993623 2.299999999999997
      vertex 71.22859565779358 -78.68449526429937 2.299999999999997
      vertex 71.22859565779358 -78.68449526429937 0
    endloop
  endfacet
  facet normal 0.8544194045464896 0.5195839500354318 0
    outer loop
      vertex -91.39628032326796 98.86404170021311 0
      vertex -91.65098034270981 99.28287803827676 0
      vertex -91.65098034270981 99.28287803827676 82.3
    endloop
  endfacet
  facet normal 0.9629172873477977 0.26979677115703027 0
    outer loop
      vertex -91.65098034270981 99.28287803827676 0
      vertex -91.7832347028654 99.75490003162676 0
      vertex -91.7832347028654 99.75490003162676 82.3
    endloop
  endfacet
  facet normal 0.6825531432186579 0.7308359642781206 0
    outer loop
      vertex -91.39628032326796 98.86404170021311 82.3
      vertex -91.03802457980676 98.5294541925812 0
      vertex -91.39628032326796 98.86404170021311 0
    endloop
  endfacet
  facet normal 0.46006503773113894 0.8878852184023821 0
    outer loop
      vertex -90.60278330190778 98.30393034018613 0
      vertex -91.03802457980676 98.5294541925812 0
      vertex -91.03802457980676 98.5294541925812 82.3
    endloop
  endfacet
  facet normal 1 0 0
    outer loop
      vertex -91.7832347028654 99.75490003162676 0
      vertex -91.7832347028654 100.24509996837324 0
      vertex -91.7832347028654 100.24509996837324 82.3
    endloop
  endfacet
  facet normal 0.9629172873477977 -0.26979677115703027 0
    outer loop
      vertex -91.7832347028654 100.24509996837324 0
      vertex -91.65098034270981 100.71712196172324 0
      vertex -91.65098034270981 100.71712196172324 82.3
    endloop
  endfacet
  facet normal 0.8544194045464896 -0.5195839500354318 0
    outer loop
      vertex -91.65098034270981 100.71712196172324 0
      vertex -91.39628032326796 101.13595829978689 0
      vertex -91.39628032326796 101.13595829978689 82.3
    endloop
  endfacet
  facet normal 0.6825531432186579 -0.7308359642781206 0
    outer loop
      vertex -91.03802457980676 101.4705458074188 82.3
      vertex -91.39628032326796 101.13595829978689 0
      vertex -91.03802457980676 101.4705458074188 0
    endloop
  endfacet
  facet normal 0.46006503773113894 -0.8878852184023821 0
    outer loop
      vertex -90.60278330190778 101.69606965981387 82.3
      vertex -91.03802457980676 101.4705458074188 0
      vertex -90.60278330190778 101.69606965981387 0
    endloop
  endfacet
  facet normal 0.2034560130526384 0.9790840876823219 0
    outer loop
      vertex -90.12283634405641 98.20419621545703 0
      vertex -90.60278330190778 98.30393034018613 0
      vertex -90.60278330190778 98.30393034018613 82.3
    endloop
  endfacet
  facet normal -0.06824241336466852 0.9976687691905394 0
    outer loop
      vertex -90.12283634405641 98.20419621545703 82.3
      vertex -89.63377917650526 98.23764864217182 0
      vertex -90.12283634405641 98.20419621545703 0
    endloop
  endfacet
  facet normal -0.3348796121709875 0.9422609221188201 0
    outer loop
      vertex -89.63377917650526 98.23764864217182 82.3
      vertex -89.17188293208393 98.40180660687572 0
      vertex -89.63377917650526 98.23764864217182 0
    endloop
  endfacet
  facet normal -0.5766803221148574 0.816969893010449 0
    outer loop
      vertex -89.17188293208393 98.40180660687572 82.3
      vertex -88.77140434220642 98.68449526429937 0
      vertex -89.17188293208393 98.40180660687572 0
    endloop
  endfacet
  facet normal -0.775711290704427 0.6310879443260439 0
    outer loop
      vertex -88.77140434220642 98.68449526429937 0
      vertex -88.77140434220642 98.68449526429937 82.3
      vertex -88.46204507181632 99.06474888993623 0
    endloop
  endfacet
  facet normal -0.9172113015054566 0.3984010898462329 0
    outer loop
      vertex -88.26674888277397 99.51436581191736 0
      vertex -88.46204507181632 99.06474888993623 0
      vertex -88.46204507181632 99.06474888993623 82.3
    endloop
  endfacet
  facet normal -0.9906859460363299 0.13616664909625378 0
    outer loop
      vertex -88.2 100 0
      vertex -88.26674888277397 99.51436581191736 0
      vertex -88.26674888277397 99.51436581191736 82.3
    endloop
  endfacet
  facet normal 0.2034560130526384 -0.9790840876823219 0
    outer loop
      vertex -90.12283634405641 101.79580378454297 82.3
      vertex -90.60278330190778 101.69606965981387 0
      vertex -90.12283634405641 101.79580378454297 0
    endloop
  endfacet
  facet normal -0.06824241336466852 -0.9976687691905394 0
    outer loop
      vertex -89.63377917650526 101.76235135782818 82.3
      vertex -90.12283634405641 101.79580378454297 0
      vertex -89.63377917650526 101.76235135782818 0
    endloop
  endfacet
  facet normal -0.3348796121709875 -0.9422609221188201 0
    outer loop
      vertex -89.17188293208393 101.59819339312428 82.3
      vertex -89.63377917650526 101.76235135782818 0
      vertex -89.17188293208393 101.59819339312428 0
    endloop
  endfacet
  facet normal -0.9172113015054566 -0.3984010898462329 0
    outer loop
      vertex -88.46204507181632 100.93525111006377 0
      vertex -88.26674888277397 100.48563418808264 0
      vertex -88.26674888277397 100.48563418808264 82.3
    endloop
  endfacet
  facet normal -0.775711290704427 -0.6310879443260439 0
    outer loop
      vertex -88.77140434220642 101.31550473570063 0
      vertex -88.46204507181632 100.93525111006377 0
      vertex -88.46204507181632 100.93525111006377 82.3
    endloop
  endfacet
  facet normal -0.9906859460363299 -0.13616664909625378 0
    outer loop
      vertex -88.26674888277397 100.48563418808264 0
      vertex -88.2 100 0
      vertex -88.2 100 82.3
    endloop
  endfacet
  facet normal -0.5766803221148574 -0.816969893010449 0
    outer loop
      vertex -88.77140434220642 101.31550473570063 82.3
      vertex -89.17188293208393 101.59819339312428 0
      vertex -88.77140434220642 101.31550473570063 0
    endloop
  endfacet
  facet normal 0.8544194045464896 0.5195839500354318 0
    outer loop
      vertex -91.39628032326796 98.86404170021311 0
      vertex -91.65098034270981 99.28287803827676 82.3
      vertex -91.39628032326796 98.86404170021311 82.3
    endloop
  endfacet
  facet normal 0.9629172873477977 0.26979677115703027 0
    outer loop
      vertex -91.7832347028654 99.75490003162676 82.3
      vertex -91.65098034270981 99.28287803827676 82.3
      vertex -91.65098034270981 99.28287803827676 0
    endloop
  endfacet
  facet normal 0.6825531432186579 0.7308359642781206 0
    outer loop
      vertex -91.03802457980676 98.5294541925812 0
      vertex -91.39628032326796 98.86404170021311 82.3
      vertex -91.03802457980676 98.5294541925812 82.3
    endloop
  endfacet
  facet normal 0.46006503773113894 0.8878852184023821 0
    outer loop
      vertex -90.60278330190778 98.30393034018613 0
      vertex -91.03802457980676 98.5294541925812 82.3
      vertex -90.60278330190778 98.30393034018613 82.3
    endloop
  endfacet
  facet normal 1 0 0
    outer loop
      vertex -91.7832347028654 99.75490003162676 0
      vertex -91.7832347028654 100.24509996837324 82.3
      vertex -91.7832347028654 99.75490003162676 82.3
    endloop
  endfacet
  facet normal 0.9629172873477977 -0.26979677115703027 0
    outer loop
      vertex -91.65098034270981 100.71712196172324 82.3
      vertex -91.7832347028654 100.24509996837324 82.3
      vertex -91.7832347028654 100.24509996837324 0
    endloop
  endfacet
  facet normal 0.8544194045464896 -0.5195839500354318 0
    outer loop
      vertex -91.39628032326796 101.13595829978689 82.3
      vertex -91.65098034270981 100.71712196172324 82.3
      vertex -91.65098034270981 100.71712196172324 0
    endloop
  endfacet
  facet normal 0.6825531432186579 -0.7308359642781206 0
    outer loop
      vertex -91.39628032326796 101.13595829978689 0
      vertex -91.03802457980676 101.4705458074188 82.3
      vertex -91.39628032326796 101.13595829978689 82.3
    endloop
  endfacet
  facet normal 0.46006503773113894 -0.8878852184023821 0
    outer loop
      vertex -91.03802457980676 101.4705458074188 0
      vertex -90.60278330190778 101.69606965981387 82.3
      vertex -91.03802457980676 101.4705458074188 82.3
    endloop
  endfacet
  facet normal 0.2034560130526384 0.9790840876823219 0
    outer loop
      vertex -90.12283634405641 98.20419621545703 0
      vertex -90.60278330190778 98.30393034018613 82.3
      vertex -90.12283634405641 98.20419621545703 82.3
    endloop
  endfacet
  facet normal -0.06824241336466852 0.9976687691905394 0
    outer loop
      vertex -89.63377917650526 98.23764864217182 0
      vertex -90.12283634405641 98.20419621545703 82.3
      vertex -89.63377917650526 98.23764864217182 82.3
    endloop
  endfacet
  facet normal -0.3348796121709875 0.9422609221188201 0
    outer loop
      vertex -89.17188293208393 98.40180660687572 0
      vertex -89.63377917650526 98.23764864217182 82.3
      vertex -89.17188293208393 98.40180660687572 82.3
    endloop
  endfacet
  facet normal -0.5766803221148574 0.816969893010449 0
    outer loop
      vertex -88.77140434220642 98.68449526429937 0
      vertex -89.17188293208393 98.40180660687572 82.3
      vertex -88.77140434220642 98.68449526429937 82.3
    endloop
  endfacet
  facet normal -0.775711290704427 0.6310879443260439 0
    outer loop
      vertex -88.77140434220642 98.68449526429937 82.3
      vertex -88.46204507181632 99.06474888993623 82.3
      vertex -88.46204507181632 99.06474888993623 0
    endloop
  endfacet
  facet normal -0.9172113015054566 0.3984010898462329 0
    outer loop
      vertex -88.46204507181632 99.06474888993623 82.3
      vertex -88.26674888277397 99.51436581191736 82.3
      vertex -88.26674888277397 99.51436581191736 0
    endloop
  endfacet
  facet normal 0.2034560130526384 -0.9790840876823219 0
    outer loop
      vertex -90.12283634405641 101.79580378454297 82.3
      vertex -90.60278330190778 101.69606965981387 82.3
      vertex -90.60278330190778 101.69606965981387 0
    endloop
  endfacet
  facet normal -0.06824241336466852 -0.9976687691905394 0
    outer loop
      vertex -89.63377917650526 101.76235135782818 82.3
      vertex -90.12283634405641 101.79580378454297 82.3
      vertex -90.12283634405641 101.79580378454297 0
    endloop
  endfacet
  facet normal -0.3348796121709875 -0.9422609221188201 0
    outer loop
      vertex -89.17188293208393 101.59819339312428 82.3
      vertex -89.63377917650526 101.76235135782818 82.3
      vertex -89.63377917650526 101.76235135782818 0
    endloop
  endfacet
  facet normal -0.9172113015054566 -0.3984010898462329 0
    outer loop
      vertex -88.46204507181632 100.93525111006377 0
      vertex -88.26674888277397 100.48563418808264 82.3
      vertex -88.46204507181632 100.93525111006377 82.3
    endloop
  endfacet
  facet normal -0.775711290704427 -0.6310879443260439 0
    outer loop
      vertex -88.46204507181632 100.93525111006377 82.3
      vertex -88.77140434220642 101.31550473570063 82.3
      vertex -88.77140434220642 101.31550473570063 0
    endloop
  endfacet
  facet normal -0.9906859460363299 0.13616664909625378 0
    outer loop
      vertex -88.26674888277397 99.51436581191736 82.3
      vertex -88.2 100 82.3
      vertex -88.2 100 0
    endloop
  endfacet
  facet normal -0.9906859460363299 -0.13616664909625378 0
    outer loop
      vertex -88.26674888277397 100.48563418808264 0
      vertex -88.2 100 82.3
      vertex -88.26674888277397 100.48563418808264 82.3
    endloop
  endfacet
  facet normal -0.5766803221148574 -0.816969893010449 0
    outer loop
      vertex -89.17188293208393 101.59819339312428 0
      vertex -88.77140434220642 101.31550473570063 82.3
      vertex -89.17188293208393 101.59819339312428 82.3
    endloop
  endfacet
  facet normal 0.6825531432186579 0.7308359642781205 0
    outer loop
      vertex -71.39628032326796 78.86404170021311 0
      vertex -71.39628032326796 78.86404170021311 2.299999999999997
      vertex -71.03802457980676 78.5294541925812 0
    endloop
  endfacet
  facet normal 0.46006503773113894 0.8878852184023821 0
    outer loop
      vertex -71.03802457980676 78.5294541925812 0
      vertex -71.03802457980676 78.5294541925812 2.299999999999997
      vertex -70.60278330190778 78.30393034018613 0
    endloop
  endfacet
  facet normal 0.20345601305263838 0.9790840876823219 0
    outer loop
      vertex -70.60278330190778 78.30393034018613 0
      vertex -70.60278330190778 78.30393034018613 2.299999999999997
      vertex -70.12283634405641 78.20419621545703 0
    endloop
  endfacet
  facet normal -0.06824241336466852 0.9976687691905394 0
    outer loop
      vertex -70.12283634405641 78.20419621545703 0
      vertex -70.12283634405641 78.20419621545703 2.299999999999997
      vertex -69.63377917650526 78.23764864217182 0
    endloop
  endfacet
  facet normal -0.33487961217098755 0.9422609221188201 0
    outer loop
      vertex -69.63377917650526 78.23764864217182 0
      vertex -69.63377917650526 78.23764864217182 2.299999999999997
      vertex -69.17188293208393 78.40180660687572 0
    endloop
  endfacet
  facet normal -0.5766803221148574 0.8169698930104489 0
    outer loop
      vertex -69.17188293208393 78.40180660687572 0
      vertex -69.17188293208393 78.40180660687572 2.299999999999997
      vertex -68.77140434220642 78.68449526429937 0
    endloop
  endfacet
  facet normal 0.8544194045464897 0.5195839500354317 0
    outer loop
      vertex -71.39628032326796 78.86404170021311 0
      vertex -71.65098034270981 79.28287803827676 2.299999999999997
      vertex -71.39628032326796 78.86404170021311 2.299999999999997
    endloop
  endfacet
  facet normal 0.6825531432186579 0.7308359642781205 0
    outer loop
      vertex -71.03802457980676 78.5294541925812 0
      vertex -71.39628032326796 78.86404170021311 2.299999999999997
      vertex -71.03802457980676 78.5294541925812 2.299999999999997
    endloop
  endfacet
  facet normal 0.46006503773113894 0.8878852184023821 0
    outer loop
      vertex -70.60278330190778 78.30393034018613 0
      vertex -71.03802457980676 78.5294541925812 2.299999999999997
      vertex -70.60278330190778 78.30393034018613 2.299999999999997
    endloop
  endfacet
  facet normal 0.20345601305263838 0.9790840876823219 0
    outer loop
      vertex -70.12283634405641 78.20419621545703 0
      vertex -70.60278330190778 78.30393034018613 2.299999999999997
      vertex -70.12283634405641 78.20419621545703 2.299999999999997
    endloop
  endfacet
  facet normal -0.06824241336466852 0.9976687691905394 0
    outer loop
      vertex -69.63377917650526 78.23764864217182 0
      vertex -70.12283634405641 78.20419621545703 2.299999999999997
      vertex -69.63377917650526 78.23764864217182 2.299999999999997
    endloop
  endfacet
  facet normal -0.33487961217098755 0.9422609221188201 0
    outer loop
      vertex -69.17188293208393 78.40180660687572 0
      vertex -69.63377917650526 78.23764864217182 2.299999999999997
      vertex -69.17188293208393 78.40180660687572 2.299999999999997
    endloop
  endfacet
  facet normal -0.5766803221148574 0.8169698930104489 0
    outer loop
      vertex -68.77140434220642 78.68449526429937 0
      vertex -69.17188293208393 78.40180660687572 2.299999999999997
      vertex -68.77140434220642 78.68449526429937 2.299999999999997
    endloop
  endfacet
  facet normal 0.8544194045464897 0.5195839500354317 0
    outer loop
      vertex -71.39628032326796 78.86404170021311 0
      vertex -71.65098034270981 79.28287803827676 0
      vertex -71.65098034270981 79.28287803827676 2.299999999999997
    endloop
  endfacet
  facet normal 0.9629172873477977 0.26979677115703027 0
    outer loop
      vertex -71.65098034270981 79.28287803827676 0
      vertex -71.7832347028654 79.75490003162676 0
      vertex -71.7832347028654 79.75490003162676 2.299999999999997
    endloop
  endfacet
  facet normal 1 0 0
    outer loop
      vertex -71.7832347028654 79.75490003162676 0
      vertex -71.7832347028654 80.24509996837324 0
      vertex -71.7832347028654 80.24509996837324 2.299999999999997
    endloop
  endfacet
  facet normal 0.9629172873477977 -0.26979677115703027 0
    outer loop
      vertex -71.7832347028654 80.24509996837324 0
      vertex -71.65098034270981 80.71712196172324 0
      vertex -71.65098034270981 80.71712196172324 2.299999999999997
    endloop
  endfacet
  facet normal 0.8544194045464897 -0.5195839500354317 0
    outer loop
      vertex -71.65098034270981 80.71712196172324 0
      vertex -71.39628032326796 81.13595829978689 0
      vertex -71.39628032326796 81.13595829978689 2.299999999999997
    endloop
  endfacet
  facet normal 0.6825531432186579 -0.7308359642781205 0
    outer loop
      vertex -71.03802457980676 81.4705458074188 0
      vertex -71.03802457980676 81.4705458074188 2.299999999999997
      vertex -71.39628032326796 81.13595829978689 0
    endloop
  endfacet
  facet normal 0.46006503773113894 -0.8878852184023821 0
    outer loop
      vertex -70.60278330190778 81.69606965981387 0
      vertex -70.60278330190778 81.69606965981387 2.299999999999997
      vertex -71.03802457980676 81.4705458074188 0
    endloop
  endfacet
  facet normal 0.20345601305263838 -0.9790840876823219 0
    outer loop
      vertex -70.12283634405641 81.79580378454297 0
      vertex -70.12283634405641 81.79580378454297 2.299999999999997
      vertex -70.60278330190778 81.69606965981387 0
    endloop
  endfacet
  facet normal -0.06824241336466852 -0.9976687691905394 0
    outer loop
      vertex -69.63377917650526 81.76235135782818 0
      vertex -69.63377917650526 81.76235135782818 2.299999999999997
      vertex -70.12283634405641 81.79580378454297 0
    endloop
  endfacet
  facet normal -0.5766803221148574 -0.8169698930104489 0
    outer loop
      vertex -69.17188293208393 81.59819339312428 0
      vertex -68.77140434220642 81.31550473570063 0
      vertex -68.77140434220642 81.31550473570063 2.299999999999997
    endloop
  endfacet
  facet normal -0.33487961217098755 -0.9422609221188201 0
    outer loop
      vertex -69.17188293208393 81.59819339312428 0
      vertex -69.17188293208393 81.59819339312428 2.299999999999997
      vertex -69.63377917650526 81.76235135782818 0
    endloop
  endfacet
  facet normal 0.9629172873477977 0.26979677115703027 0
    outer loop
      vertex -71.65098034270981 79.28287803827676 0
      vertex -71.7832347028654 79.75490003162676 2.299999999999997
      vertex -71.65098034270981 79.28287803827676 2.299999999999997
    endloop
  endfacet
  facet normal 1 0 0
    outer loop
      vertex -71.7832347028654 79.75490003162676 0
      vertex -71.7832347028654 80.24509996837324 2.299999999999997
      vertex -71.7832347028654 79.75490003162676 2.299999999999997
    endloop
  endfacet
  facet normal 0.9629172873477977 -0.26979677115703027 0
    outer loop
      vertex -71.7832347028654 80.24509996837324 0
      vertex -71.65098034270981 80.71712196172324 2.299999999999997
      vertex -71.7832347028654 80.24509996837324 2.299999999999997
    endloop
  endfacet
  facet normal 0.8544194045464897 -0.5195839500354317 0
    outer loop
      vertex -71.65098034270981 80.71712196172324 0
      vertex -71.39628032326796 81.13595829978689 2.299999999999997
      vertex -71.65098034270981 80.71712196172324 2.299999999999997
    endloop
  endfacet
  facet normal 0.6825531432186579 -0.7308359642781205 0
    outer loop
      vertex -71.39628032326796 81.13595829978689 0
      vertex -71.03802457980676 81.4705458074188 2.299999999999997
      vertex -71.39628032326796 81.13595829978689 2.299999999999997
    endloop
  endfacet
  facet normal 0.46006503773113894 -0.8878852184023821 0
    outer loop
      vertex -71.03802457980676 81.4705458074188 0
      vertex -70.60278330190778 81.69606965981387 2.299999999999997
      vertex -71.03802457980676 81.4705458074188 2.299999999999997
    endloop
  endfacet
  facet normal 0.20345601305263838 -0.9790840876823219 0
    outer loop
      vertex -70.60278330190778 81.69606965981387 0
      vertex -70.12283634405641 81.79580378454297 2.299999999999997
      vertex -70.60278330190778 81.69606965981387 2.299999999999997
    endloop
  endfacet
  facet normal -0.06824241336466852 -0.9976687691905394 0
    outer loop
      vertex -70.12283634405641 81.79580378454297 0
      vertex -69.63377917650526 81.76235135782818 2.299999999999997
      vertex -70.12283634405641 81.79580378454297 2.299999999999997
    endloop
  endfacet
  facet normal -0.5766803221148574 -0.8169698930104489 0
    outer loop
      vertex -69.17188293208393 81.59819339312428 0
      vertex -68.77140434220642 81.31550473570063 2.299999999999997
      vertex -69.17188293208393 81.59819339312428 2.299999999999997
    endloop
  endfacet
  facet normal -0.33487961217098755 -0.9422609221188201 0
    outer loop
      vertex -69.63377917650526 81.76235135782818 0
      vertex -69.17188293208393 81.59819339312428 2.299999999999997
      vertex -69.63377917650526 81.76235135782818 2.299999999999997
    endloop
  endfacet
  facet normal -0.7757112907044271 0.6310879443260439 0
    outer loop
      vertex -68.77140434220642 78.68449526429937 0
      vertex -68.77140434220642 78.68449526429937 2.299999999999997
      vertex -68.46204507181632 79.06474888993623 0
    endloop
  endfacet
  facet normal -0.7757112907044271 0.6310879443260439 0
    outer loop
      vertex -68.46204507181632 79.06474888993623 0
      vertex -68.77140434220642 78.68449526429937 2.299999999999997
      vertex -68.46204507181632 79.06474888993623 2.299999999999997
    endloop
  endfacet
  facet normal -0.9172113015054568 0.39840108984623296 0
    outer loop
      vertex -68.26674888277397 79.51436581191736 0
      vertex -68.46204507181632 79.06474888993623 0
      vertex -68.46204507181632 79.06474888993623 2.299999999999997
    endloop
  endfacet
  facet normal -0.9906859460363298 0.13616664909625376 0
    outer loop
      vertex -68.2 80 0
      vertex -68.26674888277397 79.51436581191736 0
      vertex -68.26674888277397 79.51436581191736 2.299999999999997
    endloop
  endfacet
  facet normal -0.9906859460363298 -0.13616664909625376 0
    outer loop
      vertex -68.26674888277397 80.48563418808264 0
      vertex -68.2 80 0
      vertex -68.2 80 2.299999999999997
    endloop
  endfacet
  facet normal -0.9172113015054568 -0.39840108984623296 0
    outer loop
      vertex -68.46204507181632 80.93525111006377 0
      vertex -68.26674888277397 80.48563418808264 0
      vertex -68.26674888277397 80.48563418808264 2.299999999999997
    endloop
  endfacet
  facet normal -0.7757112907044271 -0.6310879443260439 0
    outer loop
      vertex -68.77140434220642 81.31550473570063 0
      vertex -68.46204507181632 80.93525111006377 0
      vertex -68.46204507181632 80.93525111006377 2.299999999999997
    endloop
  endfacet
  facet normal -0.9172113015054568 0.39840108984623296 0
    outer loop
      vertex -68.26674888277397 79.51436581191736 0
      vertex -68.46204507181632 79.06474888993623 2.299999999999997
      vertex -68.26674888277397 79.51436581191736 2.299999999999997
    endloop
  endfacet
  facet normal -0.9906859460363298 0.13616664909625376 0
    outer loop
      vertex -68.2 80 0
      vertex -68.26674888277397 79.51436581191736 2.299999999999997
      vertex -68.2 80 2.299999999999997
    endloop
  endfacet
  facet normal -0.9906859460363298 -0.13616664909625376 0
    outer loop
      vertex -68.26674888277397 80.48563418808264 0
      vertex -68.2 80 2.299999999999997
      vertex -68.26674888277397 80.48563418808264 2.299999999999997
    endloop
  endfacet
  facet normal -0.7757112907044271 -0.6310879443260439 0
    outer loop
      vertex -68.77140434220642 81.31550473570063 0
      vertex -68.46204507181632 80.93525111006377 2.299999999999997
      vertex -68.77140434220642 81.31550473570063 2.299999999999997
    endloop
  endfacet
  facet normal -0.9172113015054568 -0.39840108984623296 0
    outer loop
      vertex -68.46204507181632 80.93525111006377 0
      vertex -68.26674888277397 80.48563418808264 2.299999999999997
      vertex -68.46204507181632 80.93525111006377 2.299999999999997
    endloop
  endfacet
  facet normal 0.46006503773113894 0.8878852184023821 0
    outer loop
      vertex -90.60278330190778 -101.69606965981387 0
      vertex -91.03802457980676 -101.4705458074188 0
      vertex -91.03802457980676 -101.4705458074188 82.3
    endloop
  endfacet
  facet normal 0.8544194045464896 0.5195839500354318 0
    outer loop
      vertex -91.39628032326796 -101.13595829978689 0
      vertex -91.65098034270981 -100.71712196172324 0
      vertex -91.65098034270981 -100.71712196172324 82.3
    endloop
  endfacet
  facet normal 0.9629172873477977 0.26979677115703027 0
    outer loop
      vertex -91.65098034270981 -100.71712196172324 0
      vertex -91.7832347028654 -100.24509996837324 0
      vertex -91.7832347028654 -100.24509996837324 82.3
    endloop
  endfacet
  facet normal 1 0 0
    outer loop
      vertex -91.7832347028654 -100.24509996837324 0
      vertex -91.7832347028654 -99.75490003162676 0
      vertex -91.7832347028654 -99.75490003162676 82.3
    endloop
  endfacet
  facet normal 0.6825531432186579 0.7308359642781206 0
    outer loop
      vertex -91.03802457980676 -101.4705458074188 0
      vertex -91.39628032326796 -101.13595829978689 0
      vertex -91.39628032326796 -101.13595829978689 82.3
    endloop
  endfacet
  facet normal 0.9629172873477977 -0.26979677115703027 0
    outer loop
      vertex -91.7832347028654 -99.75490003162676 0
      vertex -91.65098034270981 -99.28287803827676 0
      vertex -91.65098034270981 -99.28287803827676 82.3
    endloop
  endfacet
  facet normal 0.8544194045464896 -0.5195839500354318 0
    outer loop
      vertex -91.65098034270981 -99.28287803827676 0
      vertex -91.39628032326796 -98.86404170021311 0
      vertex -91.39628032326796 -98.86404170021311 82.3
    endloop
  endfacet
  facet normal 0.6825531432186579 -0.7308359642781206 0
    outer loop
      vertex -91.03802457980676 -98.5294541925812 82.3
      vertex -91.39628032326796 -98.86404170021311 0
      vertex -91.03802457980676 -98.5294541925812 0
    endloop
  endfacet
  facet normal 0.46006503773113894 -0.8878852184023821 0
    outer loop
      vertex -90.60278330190778 -98.30393034018613 82.3
      vertex -91.03802457980676 -98.5294541925812 0
      vertex -90.60278330190778 -98.30393034018613 0
    endloop
  endfacet
  facet normal 0.2034560130526384 0.9790840876823219 0
    outer loop
      vertex -90.12283634405641 -101.79580378454297 0
      vertex -90.60278330190778 -101.69606965981387 0
      vertex -90.60278330190778 -101.69606965981387 82.3
    endloop
  endfacet
  facet normal -0.06824241336466852 0.9976687691905394 0
    outer loop
      vertex -90.12283634405641 -101.79580378454297 82.3
      vertex -89.63377917650526 -101.76235135782818 0
      vertex -90.12283634405641 -101.79580378454297 0
    endloop
  endfacet
  facet normal -0.3348796121709875 0.9422609221188201 0
    outer loop
      vertex -89.63377917650526 -101.76235135782818 82.3
      vertex -89.17188293208393 -101.59819339312428 0
      vertex -89.63377917650526 -101.76235135782818 0
    endloop
  endfacet
  facet normal -0.5766803221148574 0.816969893010449 0
    outer loop
      vertex -89.17188293208393 -101.59819339312428 0
      vertex -89.17188293208393 -101.59819339312428 82.3
      vertex -88.77140434220642 -101.31550473570063 0
    endloop
  endfacet
  facet normal -0.775711290704427 0.6310879443260439 0
    outer loop
      vertex -88.46204507181632 -100.93525111006377 0
      vertex -88.77140434220642 -101.31550473570063 0
      vertex -88.77140434220642 -101.31550473570063 82.3
    endloop
  endfacet
  facet normal -0.9172113015054566 0.3984010898462329 0
    outer loop
      vertex -88.26674888277397 -100.48563418808264 0
      vertex -88.46204507181632 -100.93525111006377 0
      vertex -88.46204507181632 -100.93525111006377 82.3
    endloop
  endfacet
  facet normal -0.9906859460363299 0.13616664909625378 0
    outer loop
      vertex -88.2 -100 0
      vertex -88.26674888277397 -100.48563418808264 0
      vertex -88.26674888277397 -100.48563418808264 82.3
    endloop
  endfacet
  facet normal -0.9906859460363299 -0.13616664909625378 0
    outer loop
      vertex -88.26674888277397 -99.51436581191736 0
      vertex -88.2 -100 0
      vertex -88.2 -100 82.3
    endloop
  endfacet
  facet normal 0.2034560130526384 -0.9790840876823219 0
    outer loop
      vertex -90.60278330190778 -98.30393034018613 0
      vertex -90.12283634405641 -98.20419621545703 0
      vertex -90.12283634405641 -98.20419621545703 82.3
    endloop
  endfacet
  facet normal -0.06824241336466852 -0.9976687691905394 0
    outer loop
      vertex -89.63377917650526 -98.23764864217182 82.3
      vertex -90.12283634405641 -98.20419621545703 0
      vertex -89.63377917650526 -98.23764864217182 0
    endloop
  endfacet
  facet normal -0.3348796121709875 -0.9422609221188201 0
    outer loop
      vertex -89.17188293208393 -98.40180660687572 82.3
      vertex -89.63377917650526 -98.23764864217182 0
      vertex -89.17188293208393 -98.40180660687572 0
    endloop
  endfacet
  facet normal -0.9172113015054566 -0.3984010898462329 0
    outer loop
      vertex -88.46204507181632 -99.06474888993623 0
      vertex -88.26674888277397 -99.51436581191736 0
      vertex -88.26674888277397 -99.51436581191736 82.3
    endloop
  endfacet
  facet normal -0.775711290704427 -0.6310879443260439 0
    outer loop
      vertex -88.77140434220642 -98.68449526429937 0
      vertex -88.46204507181632 -99.06474888993623 0
      vertex -88.46204507181632 -99.06474888993623 82.3
    endloop
  endfacet
  facet normal -0.5766803221148574 -0.816969893010449 0
    outer loop
      vertex -89.17188293208393 -98.40180660687572 0
      vertex -88.77140434220642 -98.68449526429937 0
      vertex -88.77140434220642 -98.68449526429937 82.3
    endloop
  endfacet
  facet normal 0.46006503773113894 0.8878852184023821 0
    outer loop
      vertex -90.60278330190778 -101.69606965981387 0
      vertex -91.03802457980676 -101.4705458074188 82.3
      vertex -90.60278330190778 -101.69606965981387 82.3
    endloop
  endfacet
  facet normal 0.8544194045464896 0.5195839500354318 0
    outer loop
      vertex -91.65098034270981 -100.71712196172324 82.3
      vertex -91.39628032326796 -101.13595829978689 82.3
      vertex -91.39628032326796 -101.13595829978689 0
    endloop
  endfacet
  facet normal 0.9629172873477977 0.26979677115703027 0
    outer loop
      vertex -91.65098034270981 -100.71712196172324 0
      vertex -91.7832347028654 -100.24509996837324 82.3
      vertex -91.65098034270981 -100.71712196172324 82.3
    endloop
  endfacet
  facet normal 1 0 0
    outer loop
      vertex -91.7832347028654 -100.24509996837324 0
      vertex -91.7832347028654 -99.75490003162676 82.3
      vertex -91.7832347028654 -100.24509996837324 82.3
    endloop
  endfacet
  facet normal 0.6825531432186579 0.7308359642781206 0
    outer loop
      vertex -91.03802457980676 -101.4705458074188 0
      vertex -91.39628032326796 -101.13595829978689 82.3
      vertex -91.03802457980676 -101.4705458074188 82.3
    endloop
  endfacet
  facet normal 0.9629172873477977 -0.26979677115703027 0
    outer loop
      vertex -91.65098034270981 -99.28287803827676 82.3
      vertex -91.7832347028654 -99.75490003162676 82.3
      vertex -91.7832347028654 -99.75490003162676 0
    endloop
  endfacet
  facet normal 0.8544194045464896 -0.5195839500354318 0
    outer loop
      vertex -91.39628032326796 -98.86404170021311 82.3
      vertex -91.65098034270981 -99.28287803827676 82.3
      vertex -91.65098034270981 -99.28287803827676 0
    endloop
  endfacet
  facet normal 0.6825531432186579 -0.7308359642781206 0
    outer loop
      vertex -91.39628032326796 -98.86404170021311 0
      vertex -91.03802457980676 -98.5294541925812 82.3
      vertex -91.39628032326796 -98.86404170021311 82.3
    endloop
  endfacet
  facet normal 0.46006503773113894 -0.8878852184023821 0
    outer loop
      vertex -90.60278330190778 -98.30393034018613 82.3
      vertex -91.03802457980676 -98.5294541925812 82.3
      vertex -91.03802457980676 -98.5294541925812 0
    endloop
  endfacet
  facet normal 0.2034560130526384 0.9790840876823219 0
    outer loop
      vertex -90.12283634405641 -101.79580378454297 0
      vertex -90.60278330190778 -101.69606965981387 82.3
      vertex -90.12283634405641 -101.79580378454297 82.3
    endloop
  endfacet
  facet normal -0.06824241336466852 0.9976687691905394 0
    outer loop
      vertex -89.63377917650526 -101.76235135782818 0
      vertex -90.12283634405641 -101.79580378454297 82.3
      vertex -89.63377917650526 -101.76235135782818 82.3
    endloop
  endfacet
  facet normal -0.3348796121709875 0.9422609221188201 0
    outer loop
      vertex -89.17188293208393 -101.59819339312428 0
      vertex -89.63377917650526 -101.76235135782818 82.3
      vertex -89.17188293208393 -101.59819339312428 82.3
    endloop
  endfacet
  facet normal -0.5766803221148574 0.816969893010449 0
    outer loop
      vertex -88.77140434220642 -101.31550473570063 0
      vertex -89.17188293208393 -101.59819339312428 82.3
      vertex -88.77140434220642 -101.31550473570063 82.3
    endloop
  endfacet
  facet normal -0.775711290704427 0.6310879443260439 0
    outer loop
      vertex -88.77140434220642 -101.31550473570063 82.3
      vertex -88.46204507181632 -100.93525111006377 82.3
      vertex -88.46204507181632 -100.93525111006377 0
    endloop
  endfacet
  facet normal -0.9172113015054566 0.3984010898462329 0
    outer loop
      vertex -88.26674888277397 -100.48563418808264 0
      vertex -88.46204507181632 -100.93525111006377 82.3
      vertex -88.26674888277397 -100.48563418808264 82.3
    endloop
  endfacet
  facet normal -0.9906859460363299 0.13616664909625378 0
    outer loop
      vertex -88.2 -100 0
      vertex -88.26674888277397 -100.48563418808264 82.3
      vertex -88.2 -100 82.3
    endloop
  endfacet
  facet normal 0.2034560130526384 -0.9790840876823219 0
    outer loop
      vertex -90.12283634405641 -98.20419621545703 82.3
      vertex -90.60278330190778 -98.30393034018613 82.3
      vertex -90.60278330190778 -98.30393034018613 0
    endloop
  endfacet
  facet normal -0.06824241336466852 -0.9976687691905394 0
    outer loop
      vertex -89.63377917650526 -98.23764864217182 82.3
      vertex -90.12283634405641 -98.20419621545703 82.3
      vertex -90.12283634405641 -98.20419621545703 0
    endloop
  endfacet
  facet normal -0.3348796121709875 -0.9422609221188201 0
    outer loop
      vertex -89.63377917650526 -98.23764864217182 0
      vertex -89.17188293208393 -98.40180660687572 82.3
      vertex -89.63377917650526 -98.23764864217182 82.3
    endloop
  endfacet
  facet normal -0.9172113015054566 -0.3984010898462329 0
    outer loop
      vertex -88.46204507181632 -99.06474888993623 0
      vertex -88.26674888277397 -99.51436581191736 82.3
      vertex -88.46204507181632 -99.06474888993623 82.3
    endloop
  endfacet
  facet normal -0.5766803221148574 -0.816969893010449 0
    outer loop
      vertex -89.17188293208393 -98.40180660687572 0
      vertex -88.77140434220642 -98.68449526429937 82.3
      vertex -89.17188293208393 -98.40180660687572 82.3
    endloop
  endfacet
  facet normal -0.775711290704427 -0.6310879443260439 0
    outer loop
      vertex -88.46204507181632 -99.06474888993623 82.3
      vertex -88.77140434220642 -98.68449526429937 82.3
      vertex -88.77140434220642 -98.68449526429937 0
    endloop
  endfacet
  facet normal -0.9906859460363299 -0.13616664909625378 0
    outer loop
      vertex -88.2 -100 82.3
      vertex -88.26674888277397 -99.51436581191736 82.3
      vertex -88.26674888277397 -99.51436581191736 0
    endloop
  endfacet
  facet normal 0.8544194045464897 0.5195839500354317 0
    outer loop
      vertex -71.65098034270981 -80.71712196172324 2.299999999999997
      vertex -71.39628032326796 -81.13595829978689 0
      vertex -71.65098034270981 -80.71712196172324 0
    endloop
  endfacet
  facet normal 0.6825531432186579 0.7308359642781205 0
    outer loop
      vertex -71.39628032326796 -81.13595829978689 2.299999999999997
      vertex -71.03802457980676 -81.4705458074188 0
      vertex -71.39628032326796 -81.13595829978689 0
    endloop
  endfacet
  facet normal 0.20345601305263838 0.9790840876823219 0
    outer loop
      vertex -70.12283634405641 -81.79580378454297 0
      vertex -70.60278330190778 -81.69606965981387 0
      vertex -70.60278330190778 -81.69606965981387 2.299999999999997
    endloop
  endfacet
  facet normal 0.46006503773113894 0.8878852184023821 0
    outer loop
      vertex -70.60278330190778 -81.69606965981387 0
      vertex -71.03802457980676 -81.4705458074188 0
      vertex -71.03802457980676 -81.4705458074188 2.299999999999997
    endloop
  endfacet
  facet normal 0.9629172873477977 0.26979677115703027 0
    outer loop
      vertex -71.7832347028654 -80.24509996837324 2.299999999999997
      vertex -71.65098034270981 -80.71712196172324 0
      vertex -71.7832347028654 -80.24509996837324 0
    endloop
  endfacet
  facet normal 1 0 0
    outer loop
      vertex -71.7832347028654 -80.24509996837324 0
      vertex -71.7832347028654 -79.75490003162676 0
      vertex -71.7832347028654 -79.75490003162676 2.299999999999997
    endloop
  endfacet
  facet normal 0.9629172873477977 -0.26979677115703027 0
    outer loop
      vertex -71.7832347028654 -79.75490003162676 0
      vertex -71.65098034270981 -79.28287803827676 0
      vertex -71.65098034270981 -79.28287803827676 2.299999999999997
    endloop
  endfacet
  facet normal -0.06824241336466852 0.9976687691905394 0
    outer loop
      vertex -70.12283634405641 -81.79580378454297 2.299999999999997
      vertex -69.63377917650526 -81.76235135782818 0
      vertex -70.12283634405641 -81.79580378454297 0
    endloop
  endfacet
  facet normal -0.33487961217098755 0.9422609221188201 0
    outer loop
      vertex -69.63377917650526 -81.76235135782818 0
      vertex -69.63377917650526 -81.76235135782818 2.299999999999997
      vertex -69.17188293208393 -81.59819339312428 0
    endloop
  endfacet
  facet normal -0.5766803221148574 0.8169698930104489 0
    outer loop
      vertex -68.77140434220642 -81.31550473570063 0
      vertex -69.17188293208393 -81.59819339312428 0
      vertex -69.17188293208393 -81.59819339312428 2.299999999999997
    endloop
  endfacet
  facet normal 0.6825531432186579 0.7308359642781205 0
    outer loop
      vertex -71.03802457980676 -81.4705458074188 0
      vertex -71.39628032326796 -81.13595829978689 2.299999999999997
      vertex -71.03802457980676 -81.4705458074188 2.299999999999997
    endloop
  endfacet
  facet normal 0.8544194045464897 0.5195839500354317 0
    outer loop
      vertex -71.39628032326796 -81.13595829978689 0
      vertex -71.65098034270981 -80.71712196172324 2.299999999999997
      vertex -71.39628032326796 -81.13595829978689 2.299999999999997
    endloop
  endfacet
  facet normal 0.46006503773113894 0.8878852184023821 0
    outer loop
      vertex -70.60278330190778 -81.69606965981387 0
      vertex -71.03802457980676 -81.4705458074188 2.299999999999997
      vertex -70.60278330190778 -81.69606965981387 2.299999999999997
    endloop
  endfacet
  facet normal 0.9629172873477977 0.26979677115703027 0
    outer loop
      vertex -71.65098034270981 -80.71712196172324 0
      vertex -71.7832347028654 -80.24509996837324 2.299999999999997
      vertex -71.65098034270981 -80.71712196172324 2.299999999999997
    endloop
  endfacet
  facet normal 1 0 0
    outer loop
      vertex -71.7832347028654 -79.75490003162676 2.299999999999997
      vertex -71.7832347028654 -80.24509996837324 2.299999999999997
      vertex -71.7832347028654 -80.24509996837324 0
    endloop
  endfacet
  facet normal 0.9629172873477977 -0.26979677115703027 0
    outer loop
      vertex -71.7832347028654 -79.75490003162676 0
      vertex -71.65098034270981 -79.28287803827676 2.299999999999997
      vertex -71.7832347028654 -79.75490003162676 2.299999999999997
    endloop
  endfacet
  facet normal 0.8544194045464897 -0.5195839500354317 0
    outer loop
      vertex -71.65098034270981 -79.28287803827676 0
      vertex -71.39628032326796 -78.86404170021311 2.299999999999997
      vertex -71.65098034270981 -79.28287803827676 2.299999999999997
    endloop
  endfacet
  facet normal 0.20345601305263838 0.9790840876823219 0
    outer loop
      vertex -70.12283634405641 -81.79580378454297 0
      vertex -70.60278330190778 -81.69606965981387 2.299999999999997
      vertex -70.12283634405641 -81.79580378454297 2.299999999999997
    endloop
  endfacet
  facet normal -0.06824241336466852 0.9976687691905394 0
    outer loop
      vertex -69.63377917650526 -81.76235135782818 0
      vertex -70.12283634405641 -81.79580378454297 2.299999999999997
      vertex -69.63377917650526 -81.76235135782818 2.299999999999997
    endloop
  endfacet
  facet normal -0.33487961217098755 0.9422609221188201 0
    outer loop
      vertex -69.63377917650526 -81.76235135782818 2.299999999999997
      vertex -69.17188293208393 -81.59819339312428 2.299999999999997
      vertex -69.17188293208393 -81.59819339312428 0
    endloop
  endfacet
  facet normal -0.5766803221148574 0.8169698930104489 0
    outer loop
      vertex -68.77140434220642 -81.31550473570063 0
      vertex -69.17188293208393 -81.59819339312428 2.299999999999997
      vertex -68.77140434220642 -81.31550473570063 2.299999999999997
    endloop
  endfacet
  facet normal 0.8544194045464897 -0.5195839500354317 0
    outer loop
      vertex -71.65098034270981 -79.28287803827676 0
      vertex -71.39628032326796 -78.86404170021311 0
      vertex -71.39628032326796 -78.86404170021311 2.299999999999997
    endloop
  endfacet
  facet normal 0.6825531432186579 -0.7308359642781205 0
    outer loop
      vertex -71.03802457980676 -78.5294541925812 0
      vertex -71.03802457980676 -78.5294541925812 2.299999999999997
      vertex -71.39628032326796 -78.86404170021311 0
    endloop
  endfacet
  facet normal 0.46006503773113894 -0.8878852184023821 0
    outer loop
      vertex -70.60278330190778 -78.30393034018613 0
      vertex -70.60278330190778 -78.30393034018613 2.299999999999997
      vertex -71.03802457980676 -78.5294541925812 0
    endloop
  endfacet
  facet normal 0.20345601305263838 -0.9790840876823219 0
    outer loop
      vertex -70.12283634405641 -78.20419621545703 2.299999999999997
      vertex -70.60278330190778 -78.30393034018613 0
      vertex -70.12283634405641 -78.20419621545703 0
    endloop
  endfacet
  facet normal -0.06824241336466852 -0.9976687691905394 0
    outer loop
      vertex -70.12283634405641 -78.20419621545703 0
      vertex -69.63377917650526 -78.23764864217182 0
      vertex -69.63377917650526 -78.23764864217182 2.299999999999997
    endloop
  endfacet
  facet normal -0.33487961217098755 -0.9422609221188201 0
    outer loop
      vertex -69.17188293208393 -78.40180660687572 2.299999999999997
      vertex -69.63377917650526 -78.23764864217182 0
      vertex -69.17188293208393 -78.40180660687572 0
    endloop
  endfacet
  facet normal -0.5766803221148574 -0.8169698930104489 0
    outer loop
      vertex -68.77140434220642 -78.68449526429937 2.299999999999997
      vertex -69.17188293208393 -78.40180660687572 0
      vertex -68.77140434220642 -78.68449526429937 0
    endloop
  endfacet
  facet normal 0.6825531432186579 -0.7308359642781205 0
    outer loop
      vertex -71.39628032326796 -78.86404170021311 0
      vertex -71.03802457980676 -78.5294541925812 2.299999999999997
      vertex -71.39628032326796 -78.86404170021311 2.299999999999997
    endloop
  endfacet
  facet normal 0.46006503773113894 -0.8878852184023821 0
    outer loop
      vertex -71.03802457980676 -78.5294541925812 0
      vertex -70.60278330190778 -78.30393034018613 2.299999999999997
      vertex -71.03802457980676 -78.5294541925812 2.299999999999997
    endloop
  endfacet
  facet normal 0.20345601305263838 -0.9790840876823219 0
    outer loop
      vertex -70.60278330190778 -78.30393034018613 0
      vertex -70.12283634405641 -78.20419621545703 2.299999999999997
      vertex -70.60278330190778 -78.30393034018613 2.299999999999997
    endloop
  endfacet
  facet normal -0.06824241336466852 -0.9976687691905394 0
    outer loop
      vertex -69.63377917650526 -78.23764864217182 2.299999999999997
      vertex -70.12283634405641 -78.20419621545703 2.299999999999997
      vertex -70.12283634405641 -78.20419621545703 0
    endloop
  endfacet
  facet normal -0.33487961217098755 -0.9422609221188201 0
    outer loop
      vertex -69.63377917650526 -78.23764864217182 0
      vertex -69.17188293208393 -78.40180660687572 2.299999999999997
      vertex -69.63377917650526 -78.23764864217182 2.299999999999997
    endloop
  endfacet
  facet normal -0.5766803221148574 -0.8169698930104489 0
    outer loop
      vertex -69.17188293208393 -78.40180660687572 0
      vertex -68.77140434220642 -78.68449526429937 2.299999999999997
      vertex -69.17188293208393 -78.40180660687572 2.299999999999997
    endloop
  endfacet
  facet normal -0.7757112907044271 0.6310879443260439 0
    outer loop
      vertex -68.77140434220642 -81.31550473570063 0
      vertex -68.77140434220642 -81.31550473570063 2.299999999999997
      vertex -68.46204507181632 -80.93525111006377 0
    endloop
  endfacet
  facet normal -0.9172113015054568 0.39840108984623296 0
    outer loop
      vertex -68.26674888277397 -80.48563418808264 0
      vertex -68.46204507181632 -80.93525111006377 0
      vertex -68.46204507181632 -80.93525111006377 2.299999999999997
    endloop
  endfacet
  facet normal -0.9906859460363298 0.13616664909625376 0
    outer loop
      vertex -68.2 -80 0
      vertex -68.26674888277397 -80.48563418808264 0
      vertex -68.26674888277397 -80.48563418808264 2.299999999999997
    endloop
  endfacet
  facet normal -0.9906859460363298 -0.13616664909625376 0
    outer loop
      vertex -68.26674888277397 -79.51436581191736 0
      vertex -68.2 -80 0
      vertex -68.2 -80 2.299999999999997
    endloop
  endfacet
  facet normal -0.9172113015054568 -0.39840108984623296 0
    outer loop
      vertex -68.46204507181632 -79.06474888993623 0
      vertex -68.26674888277397 -79.51436581191736 0
      vertex -68.26674888277397 -79.51436581191736 2.299999999999997
    endloop
  endfacet
  facet normal -0.7757112907044271 0.6310879443260439 0
    outer loop
      vertex -68.46204507181632 -80.93525111006377 0
      vertex -68.77140434220642 -81.31550473570063 2.299999999999997
      vertex -68.46204507181632 -80.93525111006377 2.299999999999997
    endloop
  endfacet
  facet normal -0.9172113015054568 0.39840108984623296 0
    outer loop
      vertex -68.46204507181632 -80.93525111006377 2.299999999999997
      vertex -68.26674888277397 -80.48563418808264 2.299999999999997
      vertex -68.26674888277397 -80.48563418808264 0
    endloop
  endfacet
  facet normal -0.9906859460363298 0.13616664909625376 0
    outer loop
      vertex -68.2 -80 0
      vertex -68.26674888277397 -80.48563418808264 2.299999999999997
      vertex -68.2 -80 2.299999999999997
    endloop
  endfacet
  facet normal -0.9172113015054568 -0.39840108984623296 0
    outer loop
      vertex -68.46204507181632 -79.06474888993623 0
      vertex -68.26674888277397 -79.51436581191736 2.299999999999997
      vertex -68.46204507181632 -79.06474888993623 2.299999999999997
    endloop
  endfacet
  facet normal -0.9906859460363298 -0.13616664909625376 0
    outer loop
      vertex -68.26674888277397 -79.51436581191736 0
      vertex -68.2 -80 2.299999999999997
      vertex -68.26674888277397 -79.51436581191736 2.299999999999997
    endloop
  endfacet
  facet normal -0.7757112907044271 -0.6310879443260439 0
    outer loop
      vertex -68.77140434220642 -78.68449526429937 0
      vertex -68.46204507181632 -79.06474888993623 0
      vertex -68.46204507181632 -79.06474888993623 2.299999999999997
    endloop
  endfacet
  facet normal -0.7757112907044271 -0.6310879443260439 0
    outer loop
      vertex -68.77140434220642 -78.68449526429937 0
      vertex -68.46204507181632 -79.06474888993623 2.299999999999997
      vertex -68.77140434220642 -78.68449526429937 2.299999999999997
    endloop
  endfacet
  facet normal 0.8571673007021117 0.5150380749100552 0
    outer loop
      vertex -59.363366730949814 -2.0943484963243435 0
      vertex -60.6217782649107 0 0
      vertex -60.6217782649107 0 2.299999999999997
    endloop
  endfacet
  facet normal 0.8571673007021117 0.5150380749100552 0
    outer loop
      vertex -59.363366730949814 -2.0943484963243435 0
      vertex -60.6217782649107 0 2.299999999999997
      vertex -59.363366730949814 -2.0943484963243435 2.299999999999997
    endloop
  endfacet
  facet normal 0.8191520442889932 0.573576436351044 0
    outer loop
      vertex -56.63118960624632 -6.144967660473121 0
      vertex -58.03263007885291 -4.143503242952285 0
      vertex -58.03263007885291 -4.143503242952285 2.299999999999997
    endloop
  endfacet
  facet normal 0.8386705679454247 0.5446390350150261 0
    outer loop
      vertex -58.03263007885291 -4.143503242952285 0
      vertex -59.363366730949814 -2.0943484963243435 2.299999999999997
      vertex -58.03263007885291 -4.143503242952285 2.299999999999997
    endloop
  endfacet
  facet normal 0.8191520442889932 0.573576436351044 0
    outer loop
      vertex -56.63118960624632 -6.144967660473121 0
      vertex -58.03263007885291 -4.143503242952285 2.299999999999997
      vertex -56.63118960624632 -6.144967660473121 2.299999999999997
    endloop
  endfacet
  facet normal 0.8386705679454247 0.5446390350150261 0
    outer loop
      vertex -58.03263007885291 -4.143503242952285 0
      vertex -59.363366730949814 -2.0943484963243435 0
      vertex -59.363366730949814 -2.0943484963243435 2.299999999999997
    endloop
  endfacet
  facet normal 0.7771459614569701 0.6293203910498384 0
    outer loop
      vertex -53.62311101832846 -9.99513267805775 0
      vertex -55.160752752470536 -8.096303272796078 0
      vertex -55.160752752470536 -8.096303272796078 2.299999999999997
    endloop
  endfacet
  facet normal 0.7986355100472914 0.6018150231520502 0
    outer loop
      vertex -55.160752752470536 -8.096303272796078 0
      vertex -56.63118960624632 -6.144967660473121 2.299999999999997
      vertex -55.160752752470536 -8.096303272796078 2.299999999999997
    endloop
  endfacet
  facet normal 0.7771459614569701 0.6293203910498384 0
    outer loop
      vertex -53.62311101832846 -9.99513267805775 0
      vertex -55.160752752470536 -8.096303272796078 2.299999999999997
      vertex -53.62311101832846 -9.99513267805775 2.299999999999997
    endloop
  endfacet
  facet normal 0.754709580222773 0.656059028990506 0
    outer loop
      vertex -52.020137783417596 -11.839142445120075 0
      vertex -53.62311101832846 -9.99513267805775 0
      vertex -53.62311101832846 -9.99513267805775 2.299999999999997
    endloop
  endfacet
  facet normal 0.7313537016191711 0.6819983600624977 0
    outer loop
      vertex -50.35378602370558 -13.626085932129811 0
      vertex -52.020137783417596 -11.839142445120075 0
      vertex -52.020137783417596 -11.839142445120075 2.299999999999997
    endloop
  endfacet
  facet normal 0.754709580222773 0.656059028990506 0
    outer loop
      vertex -52.020137783417596 -11.839142445120075 0
      vertex -53.62311101832846 -9.99513267805775 2.299999999999997
      vertex -52.020137783417596 -11.839142445120075 2.299999999999997
    endloop
  endfacet
  facet normal 0.7313537016191711 0.6819983600624977 0
    outer loop
      vertex -50.35378602370558 -13.626085932129811 0
      vertex -52.020137783417596 -11.839142445120075 2.299999999999997
      vertex -50.35378602370558 -13.626085932129811 2.299999999999997
    endloop
  endfacet
  facet normal 0.7986355100472914 0.6018150231520502 0
    outer loop
      vertex -55.160752752470536 -8.096303272796078 0
      vertex -56.63118960624632 -6.144967660473121 0
      vertex -56.63118960624632 -6.144967660473121 2.299999999999997
    endloop
  endfacet
  facet normal 0.4539904997395462 0.8910065241883682 0
    outer loop
      vertex -32.863009395012355 -26.80633150012489 2.299999999999997
      vertex -30.68598027523542 -27.915583240941693 2.299999999999997
      vertex -30.68598027523542 -27.915583240941693 0
    endloop
  endfacet
  facet normal 0.42261826174069783 0.9063077870366507 0
    outer loop
      vertex -28.471565015306016 -28.94818203498206 0
      vertex -30.68598027523542 -27.915583240941693 0
      vertex -30.68598027523542 -27.915583240941693 2.299999999999997
    endloop
  endfacet
  facet normal 0.42261826174069783 0.9063077870366507 0
    outer loop
      vertex -30.68598027523542 -27.915583240941693 2.299999999999997
      vertex -28.471565015306016 -28.94818203498206 2.299999999999997
      vertex -28.471565015306016 -28.94818203498206 0
    endloop
  endfacet
  facet normal 0.3907311284892738 0.9205048534524402 0
    outer loop
      vertex -26.22246153911384 -29.902869819675118 0
      vertex -28.471565015306016 -28.94818203498206 0
      vertex -28.471565015306016 -28.94818203498206 2.299999999999997
    endloop
  endfacet
  facet normal 0.35836794954529994 0.9335804264972019 0
    outer loop
      vertex -23.94141003279681 -30.778483455013586 0
      vertex -26.22246153911384 -29.902869819675118 0
      vertex -26.22246153911384 -29.902869819675118 2.299999999999997
    endloop
  endfacet
  facet normal 0.3907311284892738 0.9205048534524402 0
    outer loop
      vertex -26.22246153911384 -29.902869819675118 0
      vertex -28.471565015306016 -28.94818203498206 2.299999999999997
      vertex -26.22246153911384 -29.902869819675118 2.299999999999997
    endloop
  endfacet
  facet normal 0.7071067811865476 0.7071067811865476 0
    outer loop
      vertex -48.62608593212981 -15.353786023705581 0
      vertex -50.35378602370558 -13.626085932129811 0
      vertex -50.35378602370558 -13.626085932129811 2.299999999999997
    endloop
  endfacet
  facet normal 0.6819983600624977 0.7313537016191711 0
    outer loop
      vertex -48.62608593212981 -15.353786023705581 0
      vertex -48.62608593212981 -15.353786023705581 2.299999999999997
      vertex -46.839142445120075 -17.020137783417596 0
    endloop
  endfacet
  facet normal 0.7071067811865476 0.7071067811865476 0
    outer loop
      vertex -48.62608593212981 -15.353786023705581 0
      vertex -50.35378602370558 -13.626085932129811 2.299999999999997
      vertex -48.62608593212981 -15.353786023705581 2.299999999999997
    endloop
  endfacet
  facet normal 0.6819983600624977 0.7313537016191711 0
    outer loop
      vertex -46.839142445120075 -17.020137783417596 0
      vertex -48.62608593212981 -15.353786023705581 2.299999999999997
      vertex -46.839142445120075 -17.020137783417596 2.299999999999997
    endloop
  endfacet
  facet normal 0.656059028990506 0.754709580222773 0
    outer loop
      vertex -46.839142445120075 -17.020137783417596 0
      vertex -46.839142445120075 -17.020137783417596 2.299999999999997
      vertex -44.99513267805775 -18.62311101832846 0
    endloop
  endfacet
  facet normal 0.6293203910498384 0.7771459614569701 0
    outer loop
      vertex -44.99513267805775 -18.62311101832846 0
      vertex -44.99513267805775 -18.62311101832846 2.299999999999997
      vertex -43.09630327279608 -20.160752752470536 0
    endloop
  endfacet
  facet normal 0.656059028990506 0.754709580222773 0
    outer loop
      vertex -44.99513267805775 -18.62311101832846 0
      vertex -46.839142445120075 -17.020137783417596 2.299999999999997
      vertex -44.99513267805775 -18.62311101832846 2.299999999999997
    endloop
  endfacet
  facet normal 0.6018150231520502 0.7986355100472914 0
    outer loop
      vertex -43.09630327279608 -20.160752752470536 0
      vertex -43.09630327279608 -20.160752752470536 2.299999999999997
      vertex -41.14496766047312 -21.631189606246323 0
    endloop
  endfacet
  facet normal 0.6018150231520502 0.7986355100472914 0
    outer loop
      vertex -41.14496766047312 -21.631189606246323 0
      vertex -43.09630327279608 -20.160752752470536 2.299999999999997
      vertex -41.14496766047312 -21.631189606246323 2.299999999999997
    endloop
  endfacet
  facet normal 0.573576436351044 0.8191520442889932 0
    outer loop
      vertex -41.14496766047312 -21.631189606246323 0
      vertex -41.14496766047312 -21.631189606246323 2.299999999999997
      vertex -39.143503242952285 -23.03263007885291 0
    endloop
  endfacet
  facet normal 0.5446390350150261 0.8386705679454247 0
    outer loop
      vertex -39.143503242952285 -23.03263007885291 0
      vertex -39.143503242952285 -23.03263007885291 2.299999999999997
      vertex -37.09434849632434 -24.363366730949814 0
    endloop
  endfacet
  facet normal 0.573576436351044 0.8191520442889932 0
    outer loop
      vertex -39.143503242952285 -23.03263007885291 0
      vertex -41.14496766047312 -21.631189606246323 2.299999999999997
      vertex -39.143503242952285 -23.03263007885291 2.299999999999997
    endloop
  endfacet
  facet normal 0.5446390350150261 0.8386705679454247 0
    outer loop
      vertex -37.09434849632434 -24.363366730949814 0
      vertex -39.143503242952285 -23.03263007885291 2.299999999999997
      vertex -37.09434849632434 -24.363366730949814 2.299999999999997
    endloop
  endfacet
  facet normal 0.6293203910498384 0.7771459614569701 0
    outer loop
      vertex -43.09630327279608 -20.160752752470536 0
      vertex -44.99513267805775 -18.62311101832846 2.299999999999997
      vertex -43.09630327279608 -20.160752752470536 2.299999999999997
    endloop
  endfacet
  facet normal 0.5150380749100552 0.8571673007021117 0
    outer loop
      vertex -37.09434849632434 -24.363366730949814 0
      vertex -37.09434849632434 -24.363366730949814 2.299999999999997
      vertex -35 -25.621778264910702 0
    endloop
  endfacet
  facet normal 0.5150380749100552 0.8571673007021117 0
    outer loop
      vertex -35 -25.621778264910702 0
      vertex -37.09434849632434 -24.363366730949814 2.299999999999997
      vertex -35 -25.621778264910702 2.299999999999997
    endloop
  endfacet
  facet normal 0.48480962024633967 0.8746197071393943 0
    outer loop
      vertex -35 -25.621778264910702 0
      vertex -35 -25.621778264910702 2.299999999999997
      vertex -32.863009395012355 -26.80633150012489 0
    endloop
  endfacet
  facet normal 0.4539904997395462 0.8910065241883682 0
    outer loop
      vertex -30.68598027523542 -27.915583240941693 0
      vertex -32.863009395012355 -26.80633150012489 0
      vertex -32.863009395012355 -26.80633150012489 2.299999999999997
    endloop
  endfacet
  facet normal 0.48480962024633967 0.8746197071393943 0
    outer loop
      vertex -35 -25.621778264910702 2.299999999999997
      vertex -32.863009395012355 -26.80633150012489 2.299999999999997
      vertex -32.863009395012355 -26.80633150012489 0
    endloop
  endfacet
  facet normal 0.3255681544571535 0.9455185755993178 0
    outer loop
      vertex -21.631189606246316 -31.57395614066074 0
      vertex -23.94141003279681 -30.778483455013586 0
      vertex -23.94141003279681 -30.778483455013586 2.299999999999997
    endloop
  endfacet
  facet normal 0.3255681544571535 0.9455185755993178 0
    outer loop
      vertex -21.631189606246316 -31.57395614066074 0
      vertex -23.94141003279681 -30.778483455013586 2.299999999999997
      vertex -21.631189606246316 -31.57395614066074 2.299999999999997
    endloop
  endfacet
  facet normal 0.35836794954529994 0.9335804264972019 0
    outer loop
      vertex -26.22246153911384 -29.902869819675118 2.299999999999997
      vertex -23.94141003279681 -30.778483455013586 2.299999999999997
      vertex -23.94141003279681 -30.778483455013586 0
    endloop
  endfacet
  facet normal 0.2923717047227413 0.9563047559630341 0
    outer loop
      vertex -19.294614907189942 -32.28831871568232 0
      vertex -21.631189606246316 -31.57395614066074 0
      vertex -21.631189606246316 -31.57395614066074 2.299999999999997
    endloop
  endfacet
  facet normal 0.2923717047227413 0.9563047559630341 0
    outer loop
      vertex -21.631189606246316 -31.57395614066074 2.299999999999997
      vertex -19.294614907189942 -32.28831871568232 2.299999999999997
      vertex -19.294614907189942 -32.28831871568232 0
    endloop
  endfacet
  facet normal 0.25881904510251885 0.9659258262890689 0
    outer loop
      vertex -19.294614907189942 -32.28831871568232 2.299999999999997
      vertex -16.93453269197674 -32.92070083931975 0
      vertex -19.294614907189942 -32.28831871568232 0
    endloop
  endfacet
  facet normal 0.2249510543438676 0.9743700647852347 0
    outer loop
      vertex -16.93453269197674 -32.92070083931975 2.299999999999997
      vertex -14.553818357243154 -33.4703320513664 0
      vertex -16.93453269197674 -32.92070083931975 0
    endloop
  endfacet
  facet normal 0.25881904510251885 0.9659258262890689 0
    outer loop
      vertex -16.93453269197674 -32.92070083931975 2.299999999999997
      vertex -16.93453269197674 -32.92070083931975 0
      vertex -19.294614907189942 -32.28831871568232 2.299999999999997
    endloop
  endfacet
  facet normal 0.19080899537654458 0.981627183447664 0
    outer loop
      vertex -14.553818357243154 -33.4703320513664 2.299999999999997
      vertex -12.155372436685123 -33.93654271085457 0
      vertex -14.553818357243154 -33.4703320513664 0
    endloop
  endfacet
  facet normal 0.2249510543438676 0.9743700647852347 0
    outer loop
      vertex -14.553818357243154 -33.4703320513664 2.299999999999997
      vertex -14.553818357243154 -33.4703320513664 0
      vertex -16.93453269197674 -32.92070083931975 2.299999999999997
    endloop
  endfacet
  facet normal 0.19080899537654458 0.981627183447664 0
    outer loop
      vertex -12.155372436685123 -33.93654271085457 2.299999999999997
      vertex -12.155372436685123 -33.93654271085457 0
      vertex -14.553818357243154 -33.4703320513664 2.299999999999997
    endloop
  endfacet
  facet normal 0.12186934340514165 0.9925461516413226 0
    outer loop
      vertex -9.74211706720458 -34.31876481190993 2.299999999999997
      vertex -7.316992428735743 -34.616532675779126 0
      vertex -9.74211706720458 -34.31876481190993 0
    endloop
  endfacet
  facet normal 0.08715574274766244 0.9961946980917452 0
    outer loop
      vertex -7.316992428735743 -34.616532675779126 2.299999999999997
      vertex -4.882953162088771 -34.8294835181877 0
      vertex -7.316992428735743 -34.616532675779126 0
    endloop
  endfacet
  facet normal 0.12186934340514165 0.9925461516413226 0
    outer loop
      vertex -7.316992428735743 -34.616532675779126 2.299999999999997
      vertex -7.316992428735743 -34.616532675779126 0
      vertex -9.74211706720458 -34.31876481190993 2.299999999999997
    endloop
  endfacet
  facet normal 0.15643446504023248 0.9876883405951374 0
    outer loop
      vertex -12.155372436685123 -33.93654271085457 2.299999999999997
      vertex -9.74211706720458 -34.31876481190993 0
      vertex -12.155372436685123 -33.93654271085457 0
    endloop
  endfacet
  facet normal 0.15643446504023248 0.9876883405951374 0
    outer loop
      vertex -9.74211706720458 -34.31876481190993 2.299999999999997
      vertex -9.74211706720458 -34.31876481190993 0
      vertex -12.155372436685123 -33.93654271085457 2.299999999999997
    endloop
  endfacet
  facet normal 0.05233595624294154 0.9986295347545739 0
    outer loop
      vertex -4.882953162088771 -34.8294835181877 2.299999999999997
      vertex -2.442964769175068 -34.9573578913367 0
      vertex -4.882953162088771 -34.8294835181877 0
    endloop
  endfacet
  facet normal 0.08715574274766244 0.9961946980917452 0
    outer loop
      vertex -4.882953162088771 -34.8294835181877 2.299999999999997
      vertex -4.882953162088771 -34.8294835181877 0
      vertex -7.316992428735743 -34.616532675779126 2.299999999999997
    endloop
  endfacet
  facet normal 0.05233595624294154 0.9986295347545739 0
    outer loop
      vertex -2.442964769175068 -34.9573578913367 2.299999999999997
      vertex -2.442964769175068 -34.9573578913367 0
      vertex -4.882953162088771 -34.8294835181877 2.299999999999997
    endloop
  endfacet
  facet normal 0.0174524064372845 0.9998476951563912 0
    outer loop
      vertex -2.442964769175068 -34.9573578913367 2.299999999999997
      vertex 0 -35 0
      vertex -2.442964769175068 -34.9573578913367 0
    endloop
  endfacet
  facet normal 0.0174524064372845 0.9998476951563912 0
    outer loop
      vertex 0 -35 2.299999999999997
      vertex 0 -35 0
      vertex -2.442964769175068 -34.9573578913367 2.299999999999997
    endloop
  endfacet
  facet normal 0.8910065241883682 0.4539904997395462 0
    outer loop
      vertex -61.80633150012489 2.136990604987645 0
      vertex -62.91558324094169 4.314019724764581 0
      vertex -62.91558324094169 4.314019724764581 2.299999999999997
    endloop
  endfacet
  facet normal 0.9063077870366507 0.42261826174069783 0
    outer loop
      vertex -62.91558324094169 4.314019724764581 0
      vertex -63.94818203498206 6.528434984693984 0
      vertex -63.94818203498206 6.528434984693984 2.299999999999997
    endloop
  endfacet
  facet normal 0.9063077870366507 0.42261826174069783 0
    outer loop
      vertex -62.91558324094169 4.314019724764581 0
      vertex -63.94818203498206 6.528434984693984 2.299999999999997
      vertex -62.91558324094169 4.314019724764581 2.299999999999997
    endloop
  endfacet
  facet normal 0.9455185755993178 0.3255681544571535 0
    outer loop
      vertex -65.77848345501359 11.05858996720319 0
      vertex -66.57395614066074 13.368810393753684 0
      vertex -66.57395614066074 13.368810393753684 2.299999999999997
    endloop
  endfacet
  facet normal 0.9455185755993178 0.3255681544571535 0
    outer loop
      vertex -65.77848345501359 11.05858996720319 0
      vertex -66.57395614066074 13.368810393753684 2.299999999999997
      vertex -65.77848345501359 11.05858996720319 2.299999999999997
    endloop
  endfacet
  facet normal 0.9205048534524402 0.3907311284892738 0
    outer loop
      vertex -63.94818203498206 6.528434984693984 0
      vertex -64.90286981967512 8.77753846088616 0
      vertex -64.90286981967512 8.77753846088616 2.299999999999997
    endloop
  endfacet
  facet normal 0.9335804264972019 0.35836794954529994 0
    outer loop
      vertex -64.90286981967512 8.77753846088616 0
      vertex -65.77848345501359 11.05858996720319 0
      vertex -65.77848345501359 11.05858996720319 2.299999999999997
    endloop
  endfacet
  facet normal 0.9205048534524402 0.3907311284892738 0
    outer loop
      vertex -63.94818203498206 6.528434984693984 0
      vertex -64.90286981967512 8.77753846088616 2.299999999999997
      vertex -63.94818203498206 6.528434984693984 2.299999999999997
    endloop
  endfacet
  facet normal 0.9335804264972019 0.35836794954529994 0
    outer loop
      vertex -64.90286981967512 8.77753846088616 0
      vertex -65.77848345501359 11.05858996720319 2.299999999999997
      vertex -64.90286981967512 8.77753846088616 2.299999999999997
    endloop
  endfacet
  facet normal 0.9816271834476639 0.19080899537654475 0
    outer loop
      vertex -68.4703320513664 20.446181642756848 0
      vertex -68.93654271085457 22.844627563314877 0
      vertex -68.93654271085457 22.844627563314877 2.299999999999997
    endloop
  endfacet
  facet normal 0.9876883405951374 0.1564344650402326 0
    outer loop
      vertex -68.93654271085457 22.844627563314877 0
      vertex -69.31876481190993 25.257882932795418 2.299999999999997
      vertex -68.93654271085457 22.844627563314877 2.299999999999997
    endloop
  endfacet
  facet normal 0.9876883405951374 0.1564344650402326 0
    outer loop
      vertex -68.93654271085457 22.844627563314877 0
      vertex -69.31876481190993 25.257882932795418 0
      vertex -69.31876481190993 25.257882932795418 2.299999999999997
    endloop
  endfacet
  facet normal 0.9925461516413226 0.12186934340514165 0
    outer loop
      vertex -69.31876481190993 25.257882932795418 0
      vertex -69.61653267577913 27.683007571264255 0
      vertex -69.61653267577913 27.683007571264255 2.299999999999997
    endloop
  endfacet
  facet normal 0.9925461516413226 0.12186934340514165 0
    outer loop
      vertex -69.31876481190993 25.257882932795418 0
      vertex -69.61653267577913 27.683007571264255 2.299999999999997
      vertex -69.31876481190993 25.257882932795418 2.299999999999997
    endloop
  endfacet
  facet normal 0.9563047559630341 0.2923717047227413 0
    outer loop
      vertex -66.57395614066074 13.368810393753684 0
      vertex -67.28831871568232 15.705385092810058 0
      vertex -67.28831871568232 15.705385092810058 2.299999999999997
    endloop
  endfacet
  facet normal 0.9659258262890689 0.25881904510251885 0
    outer loop
      vertex -67.28831871568232 15.705385092810058 0
      vertex -67.92070083931975 18.06546730802326 2.299999999999997
      vertex -67.28831871568232 15.705385092810058 2.299999999999997
    endloop
  endfacet
  facet normal 0.9563047559630341 0.2923717047227413 0
    outer loop
      vertex -66.57395614066074 13.368810393753684 0
      vertex -67.28831871568232 15.705385092810058 2.299999999999997
      vertex -66.57395614066074 13.368810393753684 2.299999999999997
    endloop
  endfacet
  facet normal 0.9659258262890689 0.25881904510251885 0
    outer loop
      vertex -67.28831871568232 15.705385092810058 0
      vertex -67.92070083931975 18.06546730802326 0
      vertex -67.92070083931975 18.06546730802326 2.299999999999997
    endloop
  endfacet
  facet normal 0.9743700647852347 0.22495105434386742 0
    outer loop
      vertex -67.92070083931975 18.06546730802326 0
      vertex -68.4703320513664 20.446181642756848 0
      vertex -68.4703320513664 20.446181642756848 2.299999999999997
    endloop
  endfacet
  facet normal 0.9743700647852347 0.22495105434386742 0
    outer loop
      vertex -67.92070083931975 18.06546730802326 0
      vertex -68.4703320513664 20.446181642756848 2.299999999999997
      vertex -67.92070083931975 18.06546730802326 2.299999999999997
    endloop
  endfacet
  facet normal 0.9816271834476639 0.19080899537654475 0
    outer loop
      vertex -68.4703320513664 20.446181642756848 0
      vertex -68.93654271085457 22.844627563314877 2.299999999999997
      vertex -68.4703320513664 20.446181642756848 2.299999999999997
    endloop
  endfacet
  facet normal 0.8746197071393943 0.48480962024633967 0
    outer loop
      vertex -60.6217782649107 0 0
      vertex -61.80633150012489 2.136990604987645 0
      vertex -61.80633150012489 2.136990604987645 2.299999999999997
    endloop
  endfacet
  facet normal 0.8746197071393943 0.48480962024633967 0
    outer loop
      vertex -60.6217782649107 0 0
      vertex -61.80633150012489 2.136990604987645 2.299999999999997
      vertex -60.6217782649107 0 2.299999999999997
    endloop
  endfacet
  facet normal 0.8910065241883682 0.4539904997395462 0
    outer loop
      vertex -61.80633150012489 2.136990604987645 0
      vertex -62.91558324094169 4.314019724764581 2.299999999999997
      vertex -61.80633150012489 2.136990604987645 2.299999999999997
    endloop
  endfacet
  facet normal 0.9961946980917452 0.08715574274766237 0
    outer loop
      vertex -69.61653267577913 27.683007571264255 0
      vertex -69.8294835181877 30.11704683791123 0
      vertex -69.8294835181877 30.11704683791123 2.299999999999997
    endloop
  endfacet
  facet normal 0.9961946980917452 0.08715574274766237 0
    outer loop
      vertex -69.61653267577913 27.683007571264255 0
      vertex -69.8294835181877 30.11704683791123 2.299999999999997
      vertex -69.61653267577913 27.683007571264255 2.299999999999997
    endloop
  endfacet
  facet normal 0.9986295347545739 0.05233595624294159 0
    outer loop
      vertex -69.8294835181877 30.11704683791123 0
      vertex -69.9573578913367 32.55703523082493 2.299999999999997
      vertex -69.8294835181877 30.11704683791123 2.299999999999997
    endloop
  endfacet
  facet normal 0.9986295347545739 0.05233595624294159 0
    outer loop
      vertex -69.8294835181877 30.11704683791123 0
      vertex -69.9573578913367 32.55703523082493 0
      vertex -69.9573578913367 32.55703523082493 2.299999999999997
    endloop
  endfacet
  facet normal 0.9998476951563912 0.017452406437284487 0
    outer loop
      vertex -69.9573578913367 32.55703523082493 0
      vertex -70 35 0
      vertex -70 35 2.299999999999997
    endloop
  endfacet
  facet normal 0.9998476951563912 0.017452406437284487 0
    outer loop
      vertex -69.9573578913367 32.55703523082493 0
      vertex -70 35 2.299999999999997
      vertex -69.9573578913367 32.55703523082493 2.299999999999997
    endloop
  endfacet
  facet normal 0.9998476951563912 -0.017452406437284487 0
    outer loop
      vertex -70 35 0
      vertex -69.9573578913367 37.44296476917507 0
      vertex -69.9573578913367 37.44296476917507 2.299999999999997
    endloop
  endfacet
  facet normal 0.9998476951563912 -0.017452406437284487 0
    outer loop
      vertex -70 35 0
      vertex -69.9573578913367 37.44296476917507 2.299999999999997
      vertex -70 35 2.299999999999997
    endloop
  endfacet
  facet normal 0.998629534754574 -0.05233595624294168 0
    outer loop
      vertex -69.9573578913367 37.44296476917507 0
      vertex -69.8294835181877 39.88295316208877 0
      vertex -69.8294835181877 39.88295316208877 2.299999999999997
    endloop
  endfacet
  facet normal 0.998629534754574 -0.05233595624294168 0
    outer loop
      vertex -69.9573578913367 37.44296476917507 0
      vertex -69.8294835181877 39.88295316208877 2.299999999999997
      vertex -69.9573578913367 37.44296476917507 2.299999999999997
    endloop
  endfacet
  facet normal 0.9961946980917452 -0.08715574274766226 0
    outer loop
      vertex -69.8294835181877 39.88295316208877 0
      vertex -69.61653267577913 42.316992428735745 2.299999999999997
      vertex -69.8294835181877 39.88295316208877 2.299999999999997
    endloop
  endfacet
  facet normal 0.9961946980917452 -0.08715574274766226 0
    outer loop
      vertex -69.8294835181877 39.88295316208877 0
      vertex -69.61653267577913 42.316992428735745 0
      vertex -69.61653267577913 42.316992428735745 2.299999999999997
    endloop
  endfacet
  facet normal 0.9925461516413226 -0.12186934340514165 0
    outer loop
      vertex -69.61653267577913 42.316992428735745 0
      vertex -69.31876481190993 44.74211706720458 0
      vertex -69.31876481190993 44.74211706720458 2.299999999999997
    endloop
  endfacet
  facet normal 0.9925461516413226 -0.12186934340514165 0
    outer loop
      vertex -69.61653267577913 42.316992428735745 0
      vertex -69.31876481190993 44.74211706720458 2.299999999999997
      vertex -69.61653267577913 42.316992428735745 2.299999999999997
    endloop
  endfacet
  facet normal 0.9876883405951375 -0.15643446504023234 0
    outer loop
      vertex -69.31876481190993 44.74211706720458 0
      vertex -68.93654271085457 47.15537243668513 0
      vertex -68.93654271085457 47.15537243668513 2.299999999999997
    endloop
  endfacet
  facet normal 0.9876883405951375 -0.15643446504023234 0
    outer loop
      vertex -69.31876481190993 44.74211706720458 0
      vertex -68.93654271085457 47.15537243668513 2.299999999999997
      vertex -69.31876481190993 44.74211706720458 2.299999999999997
    endloop
  endfacet
  facet normal 0.9816271834476639 -0.19080899537654503 0
    outer loop
      vertex -68.93654271085457 47.15537243668513 0
      vertex -68.4703320513664 49.55381835724315 2.299999999999997
      vertex -68.93654271085457 47.15537243668513 2.299999999999997
    endloop
  endfacet
  facet normal 0.9816271834476639 -0.19080899537654503 0
    outer loop
      vertex -68.93654271085457 47.15537243668513 0
      vertex -68.4703320513664 49.55381835724315 0
      vertex -68.4703320513664 49.55381835724315 2.299999999999997
    endloop
  endfacet
  facet normal 0.9743700647852347 -0.22495105434386742 0
    outer loop
      vertex -68.4703320513664 49.55381835724315 0
      vertex -67.92070083931975 51.93453269197674 0
      vertex -67.92070083931975 51.93453269197674 2.299999999999997
    endloop
  endfacet
  facet normal 0.9743700647852347 -0.22495105434386742 0
    outer loop
      vertex -68.4703320513664 49.55381835724315 0
      vertex -67.92070083931975 51.93453269197674 2.299999999999997
      vertex -68.4703320513664 49.55381835724315 2.299999999999997
    endloop
  endfacet
  facet normal 0.9659258262890688 -0.25881904510251924 0
    outer loop
      vertex -67.92070083931975 51.93453269197674 0
      vertex -67.28831871568232 54.29461490718994 0
      vertex -67.28831871568232 54.29461490718994 2.299999999999997
    endloop
  endfacet
  facet normal 0.9659258262890688 -0.25881904510251924 0
    outer loop
      vertex -67.92070083931975 51.93453269197674 0
      vertex -67.28831871568232 54.29461490718994 2.299999999999997
      vertex -67.92070083931975 51.93453269197674 2.299999999999997
    endloop
  endfacet
  facet normal 0.9563047559630342 -0.29237170472274093 0
    outer loop
      vertex -67.28831871568232 54.29461490718994 0
      vertex -66.57395614066074 56.631189606246316 0
      vertex -66.57395614066074 56.631189606246316 2.299999999999997
    endloop
  endfacet
  facet normal 0.9455185755993178 -0.3255681544571535 0
    outer loop
      vertex -66.57395614066074 56.631189606246316 0
      vertex -65.77848345501359 58.94141003279681 0
      vertex -65.77848345501359 58.94141003279681 2.299999999999997
    endloop
  endfacet
  facet normal 0.9563047559630342 -0.29237170472274093 0
    outer loop
      vertex -67.28831871568232 54.29461490718994 0
      vertex -66.57395614066074 56.631189606246316 2.299999999999997
      vertex -67.28831871568232 54.29461490718994 2.299999999999997
    endloop
  endfacet
  facet normal 0.9455185755993178 -0.3255681544571535 0
    outer loop
      vertex -66.57395614066074 56.631189606246316 0
      vertex -65.77848345501359 58.94141003279681 2.299999999999997
      vertex -66.57395614066074 56.631189606246316 2.299999999999997
    endloop
  endfacet
  facet normal 0.9335804264972017 -0.35836794954530043 0
    outer loop
      vertex -65.77848345501359 58.94141003279681 0
      vertex -64.90286981967512 61.22246153911384 0
      vertex -64.90286981967512 61.22246153911384 2.299999999999997
    endloop
  endfacet
  facet normal 0.9335804264972017 -0.35836794954530043 0
    outer loop
      vertex -65.77848345501359 58.94141003279681 0
      vertex -64.90286981967512 61.22246153911384 2.299999999999997
      vertex -65.77848345501359 58.94141003279681 2.299999999999997
    endloop
  endfacet
  facet normal 0.9205048534524402 -0.3907311284892738 0
    outer loop
      vertex -64.90286981967512 61.22246153911384 0
      vertex -63.94818203498206 63.47156501530601 0
      vertex -63.94818203498206 63.47156501530601 2.299999999999997
    endloop
  endfacet
  facet normal 0.9063077870366513 -0.4226182617406968 0
    outer loop
      vertex -63.94818203498206 63.47156501530601 0
      vertex -62.91558324094169 65.68598027523542 0
      vertex -62.91558324094169 65.68598027523542 2.299999999999997
    endloop
  endfacet
  facet normal 0.9205048534524402 -0.3907311284892738 0
    outer loop
      vertex -64.90286981967512 61.22246153911384 0
      vertex -63.94818203498206 63.47156501530601 2.299999999999997
      vertex -64.90286981967512 61.22246153911384 2.299999999999997
    endloop
  endfacet
  facet normal 0.9063077870366513 -0.4226182617406968 0
    outer loop
      vertex -63.94818203498206 63.47156501530601 0
      vertex -62.91558324094169 65.68598027523542 2.299999999999997
      vertex -63.94818203498206 63.47156501530601 2.299999999999997
    endloop
  endfacet
  facet normal 0.8910065241883679 -0.45399049973954686 0
    outer loop
      vertex -62.91558324094169 65.68598027523542 0
      vertex -61.80633150012489 67.86300939501236 2.299999999999997
      vertex -62.91558324094169 65.68598027523542 2.299999999999997
    endloop
  endfacet
  facet normal 0.8910065241883679 -0.45399049973954686 0
    outer loop
      vertex -62.91558324094169 65.68598027523542 0
      vertex -61.80633150012489 67.86300939501236 0
      vertex -61.80633150012489 67.86300939501236 2.299999999999997
    endloop
  endfacet
  facet normal 0.8746197071393943 -0.48480962024633967 0
    outer loop
      vertex -61.80633150012489 67.86300939501236 0
      vertex -60.6217782649107 70 2.299999999999997
      vertex -61.80633150012489 67.86300939501236 2.299999999999997
    endloop
  endfacet
  facet normal 0.8746197071393943 -0.48480962024633967 0
    outer loop
      vertex -61.80633150012489 67.86300939501236 0
      vertex -60.6217782649107 70 0
      vertex -60.6217782649107 70 2.299999999999997
    endloop
  endfacet
  facet normal 0.8571673007021117 -0.5150380749100552 0
    outer loop
      vertex -60.6217782649107 70 0
      vertex -59.363366730949814 72.09434849632434 0
      vertex -59.363366730949814 72.09434849632434 2.299999999999997
    endloop
  endfacet
  facet normal 0.8571673007021117 -0.5150380749100552 0
    outer loop
      vertex -60.6217782649107 70 0
      vertex -59.363366730949814 72.09434849632434 2.299999999999997
      vertex -60.6217782649107 70 2.299999999999997
    endloop
  endfacet
  facet normal 0.8386705679454238 -0.5446390350150274 0
    outer loop
      vertex -59.363366730949814 72.09434849632434 0
      vertex -58.03263007885291 74.14350324295228 0
      vertex -58.03263007885291 74.14350324295228 2.299999999999997
    endloop
  endfacet
  facet normal 0.8191520442889952 -0.5735764363510413 0
    outer loop
      vertex -58.03263007885291 74.14350324295228 0
      vertex -56.63118960624632 76.14496766047313 0
      vertex -56.63118960624632 76.14496766047313 2.299999999999997
    endloop
  endfacet
  facet normal 0.8386705679454238 -0.5446390350150274 0
    outer loop
      vertex -59.363366730949814 72.09434849632434 0
      vertex -58.03263007885291 74.14350324295228 2.299999999999997
      vertex -59.363366730949814 72.09434849632434 2.299999999999997
    endloop
  endfacet
  facet normal 0.8191520442889952 -0.5735764363510413 0
    outer loop
      vertex -58.03263007885291 74.14350324295228 0
      vertex -56.63118960624632 76.14496766047313 2.299999999999997
      vertex -58.03263007885291 74.14350324295228 2.299999999999997
    endloop
  endfacet
  facet normal 0.7986355100472903 -0.6018150231520515 0
    outer loop
      vertex -56.63118960624632 76.14496766047313 0
      vertex -55.160752752470536 78.09630327279608 0
      vertex -55.160752752470536 78.09630327279608 2.299999999999997
    endloop
  endfacet
  facet normal 0.7986355100472903 -0.6018150231520515 0
    outer loop
      vertex -56.63118960624632 76.14496766047313 0
      vertex -55.160752752470536 78.09630327279608 2.299999999999997
      vertex -56.63118960624632 76.14496766047313 2.299999999999997
    endloop
  endfacet
  facet normal 0.7771459614569712 -0.629320391049837 0
    outer loop
      vertex -55.160752752470536 78.09630327279608 0
      vertex -53.62311101832846 79.99513267805776 2.299999999999997
      vertex -55.160752752470536 78.09630327279608 2.299999999999997
    endloop
  endfacet
  facet normal 0.7771459614569712 -0.629320391049837 0
    outer loop
      vertex -55.160752752470536 78.09630327279608 0
      vertex -53.62311101832846 79.99513267805776 0
      vertex -53.62311101832846 79.99513267805776 2.299999999999997
    endloop
  endfacet
  facet normal 0.7547095802227718 -0.6560590289905075 0
    outer loop
      vertex -53.62311101832846 79.99513267805776 0
      vertex -52.020137783417596 81.83914244512007 0
      vertex -52.020137783417596 81.83914244512007 2.299999999999997
    endloop
  endfacet
  facet normal 0.7547095802227718 -0.6560590289905075 0
    outer loop
      vertex -53.62311101832846 79.99513267805776 0
      vertex -52.020137783417596 81.83914244512007 2.299999999999997
      vertex -53.62311101832846 79.99513267805776 2.299999999999997
    endloop
  endfacet
  facet normal 0.7313537016191711 -0.6819983600624977 0
    outer loop
      vertex -52.020137783417596 81.83914244512007 0
      vertex -50.35378602370558 83.62608593212981 2.299999999999997
      vertex -52.020137783417596 81.83914244512007 2.299999999999997
    endloop
  endfacet
  facet normal 0.7313537016191711 -0.6819983600624977 0
    outer loop
      vertex -52.020137783417596 81.83914244512007 0
      vertex -50.35378602370558 83.62608593212981 0
      vertex -50.35378602370558 83.62608593212981 2.299999999999997
    endloop
  endfacet
  facet normal 0.7071067811865476 -0.7071067811865476 0
    outer loop
      vertex -50.35378602370558 83.62608593212981 0
      vertex -48.62608593212981 85.35378602370558 0
      vertex -48.62608593212981 85.35378602370558 2.299999999999997
    endloop
  endfacet
  facet normal 0.7071067811865476 -0.7071067811865476 0
    outer loop
      vertex -50.35378602370558 83.62608593212981 0
      vertex -48.62608593212981 85.35378602370558 2.299999999999997
      vertex -50.35378602370558 83.62608593212981 2.299999999999997
    endloop
  endfacet
  facet normal 0.6819983600624977 -0.7313537016191711 0
    outer loop
      vertex -48.62608593212981 85.35378602370558 0
      vertex -46.839142445120075 87.0201377834176 2.299999999999997
      vertex -48.62608593212981 85.35378602370558 2.299999999999997
    endloop
  endfacet
  facet normal 0.6819983600624977 -0.7313537016191711 0
    outer loop
      vertex -46.839142445120075 87.0201377834176 0
      vertex -46.839142445120075 87.0201377834176 2.299999999999997
      vertex -48.62608593212981 85.35378602370558 0
    endloop
  endfacet
  facet normal 0.656059028990506 -0.754709580222773 0
    outer loop
      vertex -44.99513267805775 88.62311101832846 0
      vertex -44.99513267805775 88.62311101832846 2.299999999999997
      vertex -46.839142445120075 87.0201377834176 0
    endloop
  endfacet
  facet normal 0.656059028990506 -0.754709580222773 0
    outer loop
      vertex -46.839142445120075 87.0201377834176 0
      vertex -44.99513267805775 88.62311101832846 2.299999999999997
      vertex -46.839142445120075 87.0201377834176 2.299999999999997
    endloop
  endfacet
  facet normal 0.6293203910498366 -0.7771459614569716 0
    outer loop
      vertex -44.99513267805775 88.62311101832846 0
      vertex -43.09630327279608 90.16075275247053 2.299999999999997
      vertex -44.99513267805775 88.62311101832846 2.299999999999997
    endloop
  endfacet
  facet normal 0.6293203910498366 -0.7771459614569716 0
    outer loop
      vertex -43.09630327279608 90.16075275247053 0
      vertex -43.09630327279608 90.16075275247053 2.299999999999997
      vertex -44.99513267805775 88.62311101832846 0
    endloop
  endfacet
  facet normal 0.601815023152052 -0.79863551004729 0
    outer loop
      vertex -41.14496766047312 91.63118960624632 0
      vertex -41.14496766047312 91.63118960624632 2.299999999999997
      vertex -43.09630327279608 90.16075275247053 0
    endloop
  endfacet
  facet normal 0.601815023152052 -0.79863551004729 0
    outer loop
      vertex -43.09630327279608 90.16075275247053 0
      vertex -41.14496766047312 91.63118960624632 2.299999999999997
      vertex -43.09630327279608 90.16075275247053 2.299999999999997
    endloop
  endfacet
  facet normal 0.5735764363510459 -0.8191520442889918 0
    outer loop
      vertex -39.143503242952285 93.03263007885292 0
      vertex -39.143503242952285 93.03263007885292 2.299999999999997
      vertex -41.14496766047312 91.63118960624632 0
    endloop
  endfacet
  facet normal 0.5735764363510459 -0.8191520442889918 0
    outer loop
      vertex -41.14496766047312 91.63118960624632 0
      vertex -39.143503242952285 93.03263007885292 2.299999999999997
      vertex -41.14496766047312 91.63118960624632 2.299999999999997
    endloop
  endfacet
  facet normal 0.5446390350150261 -0.8386705679454247 0
    outer loop
      vertex -37.09434849632434 94.36336673094982 0
      vertex -37.09434849632434 94.36336673094982 2.299999999999997
      vertex -39.143503242952285 93.03263007885292 0
    endloop
  endfacet
  facet normal 0.5446390350150261 -0.8386705679454247 0
    outer loop
      vertex -39.143503242952285 93.03263007885292 0
      vertex -37.09434849632434 94.36336673094982 2.299999999999997
      vertex -39.143503242952285 93.03263007885292 2.299999999999997
    endloop
  endfacet
  facet normal 0.515038074910053 -0.8571673007021131 0
    outer loop
      vertex -35 95.6217782649107 0
      vertex -35 95.6217782649107 2.299999999999997
      vertex -37.09434849632434 94.36336673094982 0
    endloop
  endfacet
  facet normal 0.515038074910053 -0.8571673007021131 0
    outer loop
      vertex -37.09434849632434 94.36336673094982 0
      vertex -35 95.6217782649107 2.299999999999997
      vertex -37.09434849632434 94.36336673094982 2.299999999999997
    endloop
  endfacet
  facet normal 0.48480962024633745 -0.8746197071393955 0
    outer loop
      vertex -35 95.6217782649107 0
      vertex -32.863009395012355 96.80633150012488 2.299999999999997
      vertex -35 95.6217782649107 2.299999999999997
    endloop
  endfacet
  facet normal 0.48480962024633745 -0.8746197071393955 0
    outer loop
      vertex -32.863009395012355 96.80633150012488 0
      vertex -32.863009395012355 96.80633150012488 2.299999999999997
      vertex -35 95.6217782649107 0
    endloop
  endfacet
  facet normal 0.4539904997395462 -0.8910065241883682 0
    outer loop
      vertex -30.68598027523542 97.91558324094169 0
      vertex -30.68598027523542 97.91558324094169 2.299999999999997
      vertex -32.863009395012355 96.80633150012488 0
    endloop
  endfacet
  facet normal 0.4539904997395462 -0.8910065241883682 0
    outer loop
      vertex -32.863009395012355 96.80633150012488 0
      vertex -30.68598027523542 97.91558324094169 2.299999999999997
      vertex -32.863009395012355 96.80633150012488 2.299999999999997
    endloop
  endfacet
  facet normal 0.42261826174070266 -0.9063077870366484 0
    outer loop
      vertex -28.471565015306016 98.94818203498207 0
      vertex -28.471565015306016 98.94818203498207 2.299999999999997
      vertex -30.68598027523542 97.91558324094169 0
    endloop
  endfacet
  facet normal 0.42261826174070266 -0.9063077870366484 0
    outer loop
      vertex -30.68598027523542 97.91558324094169 0
      vertex -28.471565015306016 98.94818203498207 2.299999999999997
      vertex -30.68598027523542 97.91558324094169 2.299999999999997
    endloop
  endfacet
  facet normal 0.3907311284892714 -0.9205048534524414 0
    outer loop
      vertex -26.22246153911384 99.90286981967512 2.299999999999997
      vertex -28.471565015306016 98.94818203498207 0
      vertex -26.22246153911384 99.90286981967512 0
    endloop
  endfacet
  facet normal 0.3907311284892714 -0.9205048534524414 0
    outer loop
      vertex -26.22246153911384 99.90286981967512 2.299999999999997
      vertex -28.471565015306016 98.94818203498207 2.299999999999997
      vertex -28.471565015306016 98.94818203498207 0
    endloop
  endfacet
  facet normal 0.35836794954529994 -0.9335804264972019 0
    outer loop
      vertex -23.94141003279681 100.77848345501359 2.299999999999997
      vertex -26.22246153911384 99.90286981967512 2.299999999999997
      vertex -26.22246153911384 99.90286981967512 0
    endloop
  endfacet
  facet normal 0.35836794954529994 -0.9335804264972019 0
    outer loop
      vertex -23.94141003279681 100.77848345501359 2.299999999999997
      vertex -26.22246153911384 99.90286981967512 0
      vertex -23.94141003279681 100.77848345501359 0
    endloop
  endfacet
  facet normal 0.3255681544571535 -0.9455185755993178 0
    outer loop
      vertex -21.631189606246316 101.57395614066074 2.299999999999997
      vertex -23.94141003279681 100.77848345501359 0
      vertex -21.631189606246316 101.57395614066074 0
    endloop
  endfacet
  facet normal 0.3255681544571535 -0.9455185755993178 0
    outer loop
      vertex -21.631189606246316 101.57395614066074 2.299999999999997
      vertex -23.94141003279681 100.77848345501359 2.299999999999997
      vertex -23.94141003279681 100.77848345501359 0
    endloop
  endfacet
  facet normal 0.2923717047227413 -0.9563047559630341 0
    outer loop
      vertex -19.294614907189942 102.28831871568232 2.299999999999997
      vertex -21.631189606246316 101.57395614066074 0
      vertex -19.294614907189942 102.28831871568232 0
    endloop
  endfacet
  facet normal 0.2923717047227413 -0.9563047559630341 0
    outer loop
      vertex -19.294614907189942 102.28831871568232 2.299999999999997
      vertex -21.631189606246316 101.57395614066074 2.299999999999997
      vertex -21.631189606246316 101.57395614066074 0
    endloop
  endfacet
  facet normal 0.25881904510251885 -0.9659258262890689 0
    outer loop
      vertex -16.93453269197674 102.92070083931975 2.299999999999997
      vertex -19.294614907189942 102.28831871568232 0
      vertex -16.93453269197674 102.92070083931975 0
    endloop
  endfacet
  facet normal 0.25881904510251885 -0.9659258262890689 0
    outer loop
      vertex -16.93453269197674 102.92070083931975 2.299999999999997
      vertex -19.294614907189942 102.28831871568232 2.299999999999997
      vertex -19.294614907189942 102.28831871568232 0
    endloop
  endfacet
  facet normal 0.2249510543438676 -0.9743700647852347 0
    outer loop
      vertex -14.553818357243154 103.4703320513664 2.299999999999997
      vertex -16.93453269197674 102.92070083931975 2.299999999999997
      vertex -16.93453269197674 102.92070083931975 0
    endloop
  endfacet
  facet normal 0.2249510543438676 -0.9743700647852347 0
    outer loop
      vertex -14.553818357243154 103.4703320513664 2.299999999999997
      vertex -16.93453269197674 102.92070083931975 0
      vertex -14.553818357243154 103.4703320513664 0
    endloop
  endfacet
  facet normal 0.19080899537654458 -0.981627183447664 0
    outer loop
      vertex -12.155372436685123 103.93654271085457 2.299999999999997
      vertex -14.553818357243154 103.4703320513664 0
      vertex -12.155372436685123 103.93654271085457 0
    endloop
  endfacet
  facet normal 0.19080899537654458 -0.981627183447664 0
    outer loop
      vertex -12.155372436685123 103.93654271085457 2.299999999999997
      vertex -14.553818357243154 103.4703320513664 2.299999999999997
      vertex -14.553818357243154 103.4703320513664 0
    endloop
  endfacet
  facet normal 0.15643446504023248 -0.9876883405951374 0
    outer loop
      vertex -9.74211706720458 104.31876481190993 2.299999999999997
      vertex -12.155372436685123 103.93654271085457 0
      vertex -9.74211706720458 104.31876481190993 0
    endloop
  endfacet
  facet normal 0.15643446504023248 -0.9876883405951374 0
    outer loop
      vertex -9.74211706720458 104.31876481190993 2.299999999999997
      vertex -12.155372436685123 103.93654271085457 2.299999999999997
      vertex -12.155372436685123 103.93654271085457 0
    endloop
  endfacet
  facet normal 0.12186934340514165 -0.9925461516413226 0
    outer loop
      vertex -7.316992428735743 104.61653267577913 2.299999999999997
      vertex -9.74211706720458 104.31876481190993 0
      vertex -7.316992428735743 104.61653267577913 0
    endloop
  endfacet
  facet normal 0.12186934340514165 -0.9925461516413226 0
    outer loop
      vertex -9.74211706720458 104.31876481190993 0
      vertex -7.316992428735743 104.61653267577913 2.299999999999997
      vertex -9.74211706720458 104.31876481190993 2.299999999999997
    endloop
  endfacet
  facet normal 0.08715574274766244 -0.9961946980917452 0
    outer loop
      vertex -7.316992428735743 104.61653267577913 0
      vertex -4.882953162088771 104.8294835181877 2.299999999999997
      vertex -7.316992428735743 104.61653267577913 2.299999999999997
    endloop
  endfacet
  facet normal 0.08715574274766244 -0.9961946980917452 0
    outer loop
      vertex -4.882953162088771 104.8294835181877 2.299999999999997
      vertex -7.316992428735743 104.61653267577913 0
      vertex -4.882953162088771 104.8294835181877 0
    endloop
  endfacet
  facet normal 0.05233595624294154 -0.9986295347545739 0
    outer loop
      vertex -2.442964769175068 104.9573578913367 2.299999999999997
      vertex -4.882953162088771 104.8294835181877 0
      vertex -2.442964769175068 104.9573578913367 0
    endloop
  endfacet
  facet normal 0.05233595624294154 -0.9986295347545739 0
    outer loop
      vertex -4.882953162088771 104.8294835181877 0
      vertex -2.442964769175068 104.9573578913367 2.299999999999997
      vertex -4.882953162088771 104.8294835181877 2.299999999999997
    endloop
  endfacet
  facet normal 0.0174524064372845 -0.9998476951563912 0
    outer loop
      vertex -2.442964769175068 104.9573578913367 0
      vertex 0 105 0
      vertex 0 105 2.299999999999997
    endloop
  endfacet
  facet normal 0.0174524064372845 -0.9998476951563912 0
    outer loop
      vertex -2.442964769175068 104.9573578913367 0
      vertex 0 105 2.299999999999997
      vertex -2.442964769175068 104.9573578913367 2.299999999999997
    endloop
  endfacet
  facet normal -0.0174524064372845 0.9998476951563912 0
    outer loop
      vertex 0 -35 2.299999999999997
      vertex 2.442964769175068 -34.9573578913367 0
      vertex 0 -35 0
    endloop
  endfacet
  facet normal -0.0174524064372845 0.9998476951563912 0
    outer loop
      vertex 2.442964769175068 -34.9573578913367 2.299999999999997
      vertex 2.442964769175068 -34.9573578913367 0
      vertex 0 -35 2.299999999999997
    endloop
  endfacet
  facet normal -0.05233595624294154 0.9986295347545739 0
    outer loop
      vertex 2.442964769175068 -34.9573578913367 2.299999999999997
      vertex 4.882953162088771 -34.8294835181877 0
      vertex 2.442964769175068 -34.9573578913367 0
    endloop
  endfacet
  facet normal -0.08715574274766244 0.9961946980917452 0
    outer loop
      vertex 4.882953162088771 -34.8294835181877 2.299999999999997
      vertex 7.316992428735743 -34.616532675779126 0
      vertex 4.882953162088771 -34.8294835181877 0
    endloop
  endfacet
  facet normal -0.05233595624294154 0.9986295347545739 0
    outer loop
      vertex 4.882953162088771 -34.8294835181877 2.299999999999997
      vertex 4.882953162088771 -34.8294835181877 0
      vertex 2.442964769175068 -34.9573578913367 2.299999999999997
    endloop
  endfacet
  facet normal -0.12186934340514165 0.9925461516413226 0
    outer loop
      vertex 7.316992428735743 -34.616532675779126 2.299999999999997
      vertex 9.74211706720458 -34.31876481190993 0
      vertex 7.316992428735743 -34.616532675779126 0
    endloop
  endfacet
  facet normal -0.08715574274766244 0.9961946980917452 0
    outer loop
      vertex 7.316992428735743 -34.616532675779126 2.299999999999997
      vertex 7.316992428735743 -34.616532675779126 0
      vertex 4.882953162088771 -34.8294835181877 2.299999999999997
    endloop
  endfacet
  facet normal -0.12186934340514165 0.9925461516413226 0
    outer loop
      vertex 9.74211706720458 -34.31876481190993 2.299999999999997
      vertex 9.74211706720458 -34.31876481190993 0
      vertex 7.316992428735743 -34.616532675779126 2.299999999999997
    endloop
  endfacet
  facet normal -0.15643446504023248 0.9876883405951374 0
    outer loop
      vertex 9.74211706720458 -34.31876481190993 2.299999999999997
      vertex 12.155372436685123 -33.93654271085457 0
      vertex 9.74211706720458 -34.31876481190993 0
    endloop
  endfacet
  facet normal -0.15643446504023248 0.9876883405951374 0
    outer loop
      vertex 12.155372436685123 -33.93654271085457 2.299999999999997
      vertex 12.155372436685123 -33.93654271085457 0
      vertex 9.74211706720458 -34.31876481190993 2.299999999999997
    endloop
  endfacet
  facet normal -0.19080899537654458 0.981627183447664 0
    outer loop
      vertex 12.155372436685123 -33.93654271085457 2.299999999999997
      vertex 14.553818357243154 -33.4703320513664 0
      vertex 12.155372436685123 -33.93654271085457 0
    endloop
  endfacet
  facet normal -0.2249510543438676 0.9743700647852347 0
    outer loop
      vertex 14.553818357243154 -33.4703320513664 2.299999999999997
      vertex 16.93453269197674 -32.92070083931975 0
      vertex 14.553818357243154 -33.4703320513664 0
    endloop
  endfacet
  facet normal -0.19080899537654458 0.981627183447664 0
    outer loop
      vertex 14.553818357243154 -33.4703320513664 2.299999999999997
      vertex 14.553818357243154 -33.4703320513664 0
      vertex 12.155372436685123 -33.93654271085457 2.299999999999997
    endloop
  endfacet
  facet normal -0.25881904510251885 0.9659258262890689 0
    outer loop
      vertex 16.93453269197674 -32.92070083931975 2.299999999999997
      vertex 19.294614907189942 -32.28831871568232 0
      vertex 16.93453269197674 -32.92070083931975 0
    endloop
  endfacet
  facet normal -0.2249510543438676 0.9743700647852347 0
    outer loop
      vertex 16.93453269197674 -32.92070083931975 2.299999999999997
      vertex 16.93453269197674 -32.92070083931975 0
      vertex 14.553818357243154 -33.4703320513664 2.299999999999997
    endloop
  endfacet
  facet normal -0.25881904510251885 0.9659258262890689 0
    outer loop
      vertex 19.294614907189942 -32.28831871568232 2.299999999999997
      vertex 19.294614907189942 -32.28831871568232 0
      vertex 16.93453269197674 -32.92070083931975 2.299999999999997
    endloop
  endfacet
  facet normal -0.2923717047227413 0.9563047559630341 0
    outer loop
      vertex 19.294614907189942 -32.28831871568232 2.299999999999997
      vertex 21.631189606246316 -31.57395614066074 0
      vertex 19.294614907189942 -32.28831871568232 0
    endloop
  endfacet
  facet normal -0.2923717047227413 0.9563047559630341 0
    outer loop
      vertex 21.631189606246316 -31.57395614066074 2.299999999999997
      vertex 21.631189606246316 -31.57395614066074 0
      vertex 19.294614907189942 -32.28831871568232 2.299999999999997
    endloop
  endfacet
  facet normal -0.3255681544571535 0.9455185755993178 0
    outer loop
      vertex 21.631189606246316 -31.57395614066074 2.299999999999997
      vertex 23.94141003279681 -30.778483455013586 0
      vertex 21.631189606246316 -31.57395614066074 0
    endloop
  endfacet
  facet normal -0.3255681544571535 0.9455185755993178 0
    outer loop
      vertex 23.94141003279681 -30.778483455013586 2.299999999999997
      vertex 23.94141003279681 -30.778483455013586 0
      vertex 21.631189606246316 -31.57395614066074 2.299999999999997
    endloop
  endfacet
  facet normal -0.35836794954529994 0.9335804264972019 0
    outer loop
      vertex 23.94141003279681 -30.778483455013586 2.299999999999997
      vertex 26.22246153911384 -29.902869819675118 0
      vertex 23.94141003279681 -30.778483455013586 0
    endloop
  endfacet
  facet normal -0.3907311284892738 0.9205048534524402 0
    outer loop
      vertex 26.22246153911384 -29.902869819675118 2.299999999999997
      vertex 28.471565015306016 -28.94818203498206 0
      vertex 26.22246153911384 -29.902869819675118 0
    endloop
  endfacet
  facet normal -0.35836794954529994 0.9335804264972019 0
    outer loop
      vertex 26.22246153911384 -29.902869819675118 2.299999999999997
      vertex 26.22246153911384 -29.902869819675118 0
      vertex 23.94141003279681 -30.778483455013586 2.299999999999997
    endloop
  endfacet
  facet normal -0.3907311284892738 0.9205048534524402 0
    outer loop
      vertex 28.471565015306016 -28.94818203498206 2.299999999999997
      vertex 28.471565015306016 -28.94818203498206 0
      vertex 26.22246153911384 -29.902869819675118 2.299999999999997
    endloop
  endfacet
  facet normal -0.42261826174069783 0.9063077870366507 0
    outer loop
      vertex 28.471565015306016 -28.94818203498206 2.299999999999997
      vertex 30.68598027523542 -27.915583240941693 0
      vertex 28.471565015306016 -28.94818203498206 0
    endloop
  endfacet
  facet normal -0.42261826174069783 0.9063077870366507 0
    outer loop
      vertex 30.68598027523542 -27.915583240941693 2.299999999999997
      vertex 30.68598027523542 -27.915583240941693 0
      vertex 28.471565015306016 -28.94818203498206 2.299999999999997
    endloop
  endfacet
  facet normal -0.4539904997395462 0.8910065241883682 0
    outer loop
      vertex 30.68598027523542 -27.915583240941693 2.299999999999997
      vertex 32.863009395012355 -26.80633150012489 0
      vertex 30.68598027523542 -27.915583240941693 0
    endloop
  endfacet
  facet normal -0.48480962024633967 0.8746197071393943 0
    outer loop
      vertex 32.863009395012355 -26.80633150012489 2.299999999999997
      vertex 35 -25.621778264910702 0
      vertex 32.863009395012355 -26.80633150012489 0
    endloop
  endfacet
  facet normal -0.4539904997395462 0.8910065241883682 0
    outer loop
      vertex 32.863009395012355 -26.80633150012489 2.299999999999997
      vertex 32.863009395012355 -26.80633150012489 0
      vertex 30.68598027523542 -27.915583240941693 2.299999999999997
    endloop
  endfacet
  facet normal -0.48480962024633967 0.8746197071393943 0
    outer loop
      vertex 35 -25.621778264910702 2.299999999999997
      vertex 35 -25.621778264910702 0
      vertex 32.863009395012355 -26.80633150012489 2.299999999999997
    endloop
  endfacet
  facet normal -0.5150380749100552 0.8571673007021117 0
    outer loop
      vertex 35 -25.621778264910702 2.299999999999997
      vertex 37.09434849632434 -24.363366730949814 0
      vertex 35 -25.621778264910702 0
    endloop
  endfacet
  facet normal -0.5150380749100552 0.8571673007021117 0
    outer loop
      vertex 37.09434849632434 -24.363366730949814 2.299999999999997
      vertex 37.09434849632434 -24.363366730949814 0
      vertex 35 -25.621778264910702 2.299999999999997
    endloop
  endfacet
  facet normal -0.5446390350150261 0.8386705679454247 0
    outer loop
      vertex 37.09434849632434 -24.363366730949814 2.299999999999997
      vertex 39.143503242952285 -23.03263007885291 0
      vertex 37.09434849632434 -24.363366730949814 0
    endloop
  endfacet
  facet normal -0.573576436351044 0.8191520442889932 0
    outer loop
      vertex 39.143503242952285 -23.03263007885291 2.299999999999997
      vertex 41.14496766047312 -21.631189606246323 0
      vertex 39.143503242952285 -23.03263007885291 0
    endloop
  endfacet
  facet normal -0.5446390350150261 0.8386705679454247 0
    outer loop
      vertex 39.143503242952285 -23.03263007885291 2.299999999999997
      vertex 39.143503242952285 -23.03263007885291 0
      vertex 37.09434849632434 -24.363366730949814 2.299999999999997
    endloop
  endfacet
  facet normal -0.573576436351044 0.8191520442889932 0
    outer loop
      vertex 41.14496766047312 -21.631189606246323 2.299999999999997
      vertex 41.14496766047312 -21.631189606246323 0
      vertex 39.143503242952285 -23.03263007885291 2.299999999999997
    endloop
  endfacet
  facet normal -0.6018150231520502 0.7986355100472914 0
    outer loop
      vertex 41.14496766047312 -21.631189606246323 2.299999999999997
      vertex 43.09630327279608 -20.160752752470536 0
      vertex 41.14496766047312 -21.631189606246323 0
    endloop
  endfacet
  facet normal -0.6018150231520502 0.7986355100472914 0
    outer loop
      vertex 43.09630327279608 -20.160752752470536 2.299999999999997
      vertex 43.09630327279608 -20.160752752470536 0
      vertex 41.14496766047312 -21.631189606246323 2.299999999999997
    endloop
  endfacet
  facet normal -0.6293203910498384 0.7771459614569701 0
    outer loop
      vertex 43.09630327279608 -20.160752752470536 2.299999999999997
      vertex 44.99513267805775 -18.62311101832846 0
      vertex 43.09630327279608 -20.160752752470536 0
    endloop
  endfacet
  facet normal -0.656059028990506 0.754709580222773 0
    outer loop
      vertex 44.99513267805775 -18.62311101832846 2.299999999999997
      vertex 46.839142445120075 -17.020137783417596 0
      vertex 44.99513267805775 -18.62311101832846 0
    endloop
  endfacet
  facet normal -0.6293203910498384 0.7771459614569701 0
    outer loop
      vertex 44.99513267805775 -18.62311101832846 2.299999999999997
      vertex 44.99513267805775 -18.62311101832846 0
      vertex 43.09630327279608 -20.160752752470536 2.299999999999997
    endloop
  endfacet
  facet normal -0.656059028990506 0.754709580222773 0
    outer loop
      vertex 46.839142445120075 -17.020137783417596 2.299999999999997
      vertex 46.839142445120075 -17.020137783417596 0
      vertex 44.99513267805775 -18.62311101832846 2.299999999999997
    endloop
  endfacet
  facet normal -0.6819983600624977 0.7313537016191711 0
    outer loop
      vertex 46.839142445120075 -17.020137783417596 2.299999999999997
      vertex 48.62608593212981 -15.353786023705581 0
      vertex 46.839142445120075 -17.020137783417596 0
    endloop
  endfacet
  facet normal -0.7071067811865476 0.7071067811865476 0
    outer loop
      vertex 48.62608593212981 -15.353786023705581 0
      vertex 48.62608593212981 -15.353786023705581 2.299999999999997
      vertex 50.35378602370558 -13.626085932129811 0
    endloop
  endfacet
  facet normal -0.6819983600624977 0.7313537016191711 0
    outer loop
      vertex 48.62608593212981 -15.353786023705581 2.299999999999997
      vertex 48.62608593212981 -15.353786023705581 0
      vertex 46.839142445120075 -17.020137783417596 2.299999999999997
    endloop
  endfacet
  facet normal -0.7071067811865476 0.7071067811865476 0
    outer loop
      vertex 48.62608593212981 -15.353786023705581 2.299999999999997
      vertex 50.35378602370558 -13.626085932129811 2.299999999999997
      vertex 50.35378602370558 -13.626085932129811 0
    endloop
  endfacet
  facet normal -0.7313537016191711 0.6819983600624977 0
    outer loop
      vertex 50.35378602370558 -13.626085932129811 2.299999999999997
      vertex 52.020137783417596 -11.839142445120075 0
      vertex 50.35378602370558 -13.626085932129811 0
    endloop
  endfacet
  facet normal -0.754709580222773 0.656059028990506 0
    outer loop
      vertex 52.020137783417596 -11.839142445120075 2.299999999999997
      vertex 53.62311101832846 -9.99513267805775 0
      vertex 52.020137783417596 -11.839142445120075 0
    endloop
  endfacet
  facet normal -0.7313537016191711 0.6819983600624977 0
    outer loop
      vertex 50.35378602370558 -13.626085932129811 2.299999999999997
      vertex 52.020137783417596 -11.839142445120075 2.299999999999997
      vertex 52.020137783417596 -11.839142445120075 0
    endloop
  endfacet
  facet normal -0.754709580222773 0.656059028990506 0
    outer loop
      vertex 52.020137783417596 -11.839142445120075 2.299999999999997
      vertex 53.62311101832846 -9.99513267805775 2.299999999999997
      vertex 53.62311101832846 -9.99513267805775 0
    endloop
  endfacet
  facet normal -0.7771459614569701 0.6293203910498384 0
    outer loop
      vertex 53.62311101832846 -9.99513267805775 2.299999999999997
      vertex 55.160752752470536 -8.096303272796078 0
      vertex 53.62311101832846 -9.99513267805775 0
    endloop
  endfacet
  facet normal -0.7986355100472914 0.6018150231520502 0
    outer loop
      vertex 55.160752752470536 -8.096303272796078 2.299999999999997
      vertex 56.63118960624632 -6.144967660473121 0
      vertex 55.160752752470536 -8.096303272796078 0
    endloop
  endfacet
  facet normal -0.7771459614569701 0.6293203910498384 0
    outer loop
      vertex 53.62311101832846 -9.99513267805775 2.299999999999997
      vertex 55.160752752470536 -8.096303272796078 2.299999999999997
      vertex 55.160752752470536 -8.096303272796078 0
    endloop
  endfacet
  facet normal -0.7986355100472914 0.6018150231520502 0
    outer loop
      vertex 55.160752752470536 -8.096303272796078 2.299999999999997
      vertex 56.63118960624632 -6.144967660473121 2.299999999999997
      vertex 56.63118960624632 -6.144967660473121 0
    endloop
  endfacet
  facet normal -0.8191520442889932 0.573576436351044 0
    outer loop
      vertex 56.63118960624632 -6.144967660473121 2.299999999999997
      vertex 58.03263007885291 -4.143503242952285 0
      vertex 56.63118960624632 -6.144967660473121 0
    endloop
  endfacet
  facet normal -0.8386705679454247 0.5446390350150261 0
    outer loop
      vertex 58.03263007885291 -4.143503242952285 2.299999999999997
      vertex 59.363366730949814 -2.0943484963243435 0
      vertex 58.03263007885291 -4.143503242952285 0
    endloop
  endfacet
  facet normal -0.8191520442889932 0.573576436351044 0
    outer loop
      vertex 56.63118960624632 -6.144967660473121 2.299999999999997
      vertex 58.03263007885291 -4.143503242952285 2.299999999999997
      vertex 58.03263007885291 -4.143503242952285 0
    endloop
  endfacet
  facet normal -0.8386705679454247 0.5446390350150261 0
    outer loop
      vertex 58.03263007885291 -4.143503242952285 2.299999999999997
      vertex 59.363366730949814 -2.0943484963243435 2.299999999999997
      vertex 59.363366730949814 -2.0943484963243435 0
    endloop
  endfacet
  facet normal -0.8571673007021117 0.5150380749100552 0
    outer loop
      vertex 59.363366730949814 -2.0943484963243435 2.299999999999997
      vertex 60.6217782649107 0 0
      vertex 59.363366730949814 -2.0943484963243435 0
    endloop
  endfacet
  facet normal -0.8571673007021117 0.5150380749100552 0
    outer loop
      vertex 59.363366730949814 -2.0943484963243435 2.299999999999997
      vertex 60.6217782649107 0 2.299999999999997
      vertex 60.6217782649107 0 0
    endloop
  endfacet
  facet normal -0.0174524064372845 -0.9998476951563912 0
    outer loop
      vertex 0 105 0
      vertex 2.442964769175068 104.9573578913367 0
      vertex 2.442964769175068 104.9573578913367 2.299999999999997
    endloop
  endfacet
  facet normal -0.0174524064372845 -0.9998476951563912 0
    outer loop
      vertex 0 105 0
      vertex 2.442964769175068 104.9573578913367 2.299999999999997
      vertex 0 105 2.299999999999997
    endloop
  endfacet
  facet normal -0.05233595624294154 -0.9986295347545739 0
    outer loop
      vertex 4.882953162088771 104.8294835181877 0
      vertex 4.882953162088771 104.8294835181877 2.299999999999997
      vertex 2.442964769175068 104.9573578913367 0
    endloop
  endfacet
  facet normal -0.05233595624294154 -0.9986295347545739 0
    outer loop
      vertex 4.882953162088771 104.8294835181877 2.299999999999997
      vertex 2.442964769175068 104.9573578913367 2.299999999999997
      vertex 2.442964769175068 104.9573578913367 0
    endloop
  endfacet
  facet normal -0.08715574274766244 -0.9961946980917452 0
    outer loop
      vertex 7.316992428735743 104.61653267577913 2.299999999999997
      vertex 4.882953162088771 104.8294835181877 2.299999999999997
      vertex 4.882953162088771 104.8294835181877 0
    endloop
  endfacet
  facet normal -0.08715574274766244 -0.9961946980917452 0
    outer loop
      vertex 7.316992428735743 104.61653267577913 0
      vertex 7.316992428735743 104.61653267577913 2.299999999999997
      vertex 4.882953162088771 104.8294835181877 0
    endloop
  endfacet
  facet normal -0.12186934340514165 -0.9925461516413226 0
    outer loop
      vertex 9.74211706720458 104.31876481190993 0
      vertex 9.74211706720458 104.31876481190993 2.299999999999997
      vertex 7.316992428735743 104.61653267577913 0
    endloop
  endfacet
  facet normal -0.12186934340514165 -0.9925461516413226 0
    outer loop
      vertex 9.74211706720458 104.31876481190993 2.299999999999997
      vertex 7.316992428735743 104.61653267577913 2.299999999999997
      vertex 7.316992428735743 104.61653267577913 0
    endloop
  endfacet
  facet normal -0.15643446504023248 -0.9876883405951374 0
    outer loop
      vertex 12.155372436685123 103.93654271085457 2.299999999999997
      vertex 9.74211706720458 104.31876481190993 0
      vertex 12.155372436685123 103.93654271085457 0
    endloop
  endfacet
  facet normal -0.15643446504023248 -0.9876883405951374 0
    outer loop
      vertex 12.155372436685123 103.93654271085457 2.299999999999997
      vertex 9.74211706720458 104.31876481190993 2.299999999999997
      vertex 9.74211706720458 104.31876481190993 0
    endloop
  endfacet
  facet normal -0.2249510543438676 -0.9743700647852347 0
    outer loop
      vertex 16.93453269197674 102.92070083931975 2.299999999999997
      vertex 14.553818357243154 103.4703320513664 0
      vertex 16.93453269197674 102.92070083931975 0
    endloop
  endfacet
  facet normal -0.25881904510251885 -0.9659258262890689 0
    outer loop
      vertex 19.294614907189942 102.28831871568232 2.299999999999997
      vertex 16.93453269197674 102.92070083931975 0
      vertex 19.294614907189942 102.28831871568232 0
    endloop
  endfacet
  facet normal -0.25881904510251885 -0.9659258262890689 0
    outer loop
      vertex 19.294614907189942 102.28831871568232 2.299999999999997
      vertex 16.93453269197674 102.92070083931975 2.299999999999997
      vertex 16.93453269197674 102.92070083931975 0
    endloop
  endfacet
  facet normal -0.19080899537654458 -0.981627183447664 0
    outer loop
      vertex 14.553818357243154 103.4703320513664 2.299999999999997
      vertex 12.155372436685123 103.93654271085457 0
      vertex 14.553818357243154 103.4703320513664 0
    endloop
  endfacet
  facet normal -0.19080899537654458 -0.981627183447664 0
    outer loop
      vertex 14.553818357243154 103.4703320513664 2.299999999999997
      vertex 12.155372436685123 103.93654271085457 2.299999999999997
      vertex 12.155372436685123 103.93654271085457 0
    endloop
  endfacet
  facet normal -0.2249510543438676 -0.9743700647852347 0
    outer loop
      vertex 16.93453269197674 102.92070083931975 2.299999999999997
      vertex 14.553818357243154 103.4703320513664 2.299999999999997
      vertex 14.553818357243154 103.4703320513664 0
    endloop
  endfacet
  facet normal -0.2923717047227413 -0.9563047559630341 0
    outer loop
      vertex 21.631189606246316 101.57395614066074 2.299999999999997
      vertex 19.294614907189942 102.28831871568232 0
      vertex 21.631189606246316 101.57395614066074 0
    endloop
  endfacet
  facet normal -0.2923717047227413 -0.9563047559630341 0
    outer loop
      vertex 21.631189606246316 101.57395614066074 2.299999999999997
      vertex 19.294614907189942 102.28831871568232 2.299999999999997
      vertex 19.294614907189942 102.28831871568232 0
    endloop
  endfacet
  facet normal -0.3255681544571535 -0.9455185755993178 0
    outer loop
      vertex 23.94141003279681 100.77848345501359 2.299999999999997
      vertex 21.631189606246316 101.57395614066074 0
      vertex 23.94141003279681 100.77848345501359 0
    endloop
  endfacet
  facet normal -0.3255681544571535 -0.9455185755993178 0
    outer loop
      vertex 23.94141003279681 100.77848345501359 2.299999999999997
      vertex 21.631189606246316 101.57395614066074 2.299999999999997
      vertex 21.631189606246316 101.57395614066074 0
    endloop
  endfacet
  facet normal -0.35836794954529994 -0.9335804264972019 0
    outer loop
      vertex 26.22246153911384 99.90286981967512 2.299999999999997
      vertex 23.94141003279681 100.77848345501359 2.299999999999997
      vertex 23.94141003279681 100.77848345501359 0
    endloop
  endfacet
  facet normal -0.48480962024633745 -0.8746197071393955 0
    outer loop
      vertex 35 95.6217782649107 0
      vertex 35 95.6217782649107 2.299999999999997
      vertex 32.863009395012355 96.80633150012488 0
    endloop
  endfacet
  facet normal -0.515038074910053 -0.8571673007021131 0
    outer loop
      vertex 37.09434849632434 94.36336673094982 0
      vertex 37.09434849632434 94.36336673094982 2.299999999999997
      vertex 35 95.6217782649107 0
    endloop
  endfacet
  facet normal -0.515038074910053 -0.8571673007021131 0
    outer loop
      vertex 35 95.6217782649107 0
      vertex 37.09434849632434 94.36336673094982 2.299999999999997
      vertex 35 95.6217782649107 2.299999999999997
    endloop
  endfacet
  facet normal -0.3907311284892714 -0.9205048534524414 0
    outer loop
      vertex 28.471565015306016 98.94818203498207 0
      vertex 28.471565015306016 98.94818203498207 2.299999999999997
      vertex 26.22246153911384 99.90286981967512 0
    endloop
  endfacet
  facet normal -0.3907311284892714 -0.9205048534524414 0
    outer loop
      vertex 28.471565015306016 98.94818203498207 2.299999999999997
      vertex 26.22246153911384 99.90286981967512 2.299999999999997
      vertex 26.22246153911384 99.90286981967512 0
    endloop
  endfacet
  facet normal -0.35836794954529994 -0.9335804264972019 0
    outer loop
      vertex 26.22246153911384 99.90286981967512 2.299999999999997
      vertex 23.94141003279681 100.77848345501359 0
      vertex 26.22246153911384 99.90286981967512 0
    endloop
  endfacet
  facet normal -0.42261826174070266 -0.9063077870366484 0
    outer loop
      vertex 30.68598027523542 97.91558324094169 0
      vertex 30.68598027523542 97.91558324094169 2.299999999999997
      vertex 28.471565015306016 98.94818203498207 0
    endloop
  endfacet
  facet normal -0.42261826174070266 -0.9063077870366484 0
    outer loop
      vertex 28.471565015306016 98.94818203498207 0
      vertex 30.68598027523542 97.91558324094169 2.299999999999997
      vertex 28.471565015306016 98.94818203498207 2.299999999999997
    endloop
  endfacet
  facet normal -0.4539904997395462 -0.8910065241883682 0
    outer loop
      vertex 32.863009395012355 96.80633150012488 0
      vertex 32.863009395012355 96.80633150012488 2.299999999999997
      vertex 30.68598027523542 97.91558324094169 0
    endloop
  endfacet
  facet normal -0.4539904997395462 -0.8910065241883682 0
    outer loop
      vertex 30.68598027523542 97.91558324094169 0
      vertex 32.863009395012355 96.80633150012488 2.299999999999997
      vertex 30.68598027523542 97.91558324094169 2.299999999999997
    endloop
  endfacet
  facet normal -0.48480962024633745 -0.8746197071393955 0
    outer loop
      vertex 32.863009395012355 96.80633150012488 0
      vertex 35 95.6217782649107 2.299999999999997
      vertex 32.863009395012355 96.80633150012488 2.299999999999997
    endloop
  endfacet
  facet normal -0.5735764363510459 -0.8191520442889918 0
    outer loop
      vertex 41.14496766047312 91.63118960624632 0
      vertex 41.14496766047312 91.63118960624632 2.299999999999997
      vertex 39.143503242952285 93.03263007885292 0
    endloop
  endfacet
  facet normal -0.5735764363510459 -0.8191520442889918 0
    outer loop
      vertex 39.143503242952285 93.03263007885292 0
      vertex 41.14496766047312 91.63118960624632 2.299999999999997
      vertex 39.143503242952285 93.03263007885292 2.299999999999997
    endloop
  endfacet
  facet normal -0.5446390350150261 -0.8386705679454247 0
    outer loop
      vertex 39.143503242952285 93.03263007885292 0
      vertex 39.143503242952285 93.03263007885292 2.299999999999997
      vertex 37.09434849632434 94.36336673094982 0
    endloop
  endfacet
  facet normal -0.5446390350150261 -0.8386705679454247 0
    outer loop
      vertex 37.09434849632434 94.36336673094982 0
      vertex 39.143503242952285 93.03263007885292 2.299999999999997
      vertex 37.09434849632434 94.36336673094982 2.299999999999997
    endloop
  endfacet
  facet normal -0.601815023152052 -0.79863551004729 0
    outer loop
      vertex 43.09630327279608 90.16075275247053 0
      vertex 43.09630327279608 90.16075275247053 2.299999999999997
      vertex 41.14496766047312 91.63118960624632 0
    endloop
  endfacet
  facet normal -0.601815023152052 -0.79863551004729 0
    outer loop
      vertex 41.14496766047312 91.63118960624632 0
      vertex 43.09630327279608 90.16075275247053 2.299999999999997
      vertex 41.14496766047312 91.63118960624632 2.299999999999997
    endloop
  endfacet
  facet normal -0.6293203910498366 -0.7771459614569716 0
    outer loop
      vertex 43.09630327279608 90.16075275247053 0
      vertex 44.99513267805775 88.62311101832846 2.299999999999997
      vertex 43.09630327279608 90.16075275247053 2.299999999999997
    endloop
  endfacet
  facet normal -0.6293203910498366 -0.7771459614569716 0
    outer loop
      vertex 44.99513267805775 88.62311101832846 0
      vertex 44.99513267805775 88.62311101832846 2.299999999999997
      vertex 43.09630327279608 90.16075275247053 0
    endloop
  endfacet
  facet normal -0.656059028990506 -0.754709580222773 0
    outer loop
      vertex 46.839142445120075 87.0201377834176 0
      vertex 46.839142445120075 87.0201377834176 2.299999999999997
      vertex 44.99513267805775 88.62311101832846 0
    endloop
  endfacet
  facet normal -0.656059028990506 -0.754709580222773 0
    outer loop
      vertex 44.99513267805775 88.62311101832846 0
      vertex 46.839142445120075 87.0201377834176 2.299999999999997
      vertex 44.99513267805775 88.62311101832846 2.299999999999997
    endloop
  endfacet
  facet normal -0.6819983600624977 -0.7313537016191711 0
    outer loop
      vertex 48.62608593212981 85.35378602370558 0
      vertex 48.62608593212981 85.35378602370558 2.299999999999997
      vertex 46.839142445120075 87.0201377834176 0
    endloop
  endfacet
  facet normal -0.7071067811865476 -0.7071067811865476 0
    outer loop
      vertex 48.62608593212981 85.35378602370558 0
      vertex 50.35378602370558 83.62608593212981 0
      vertex 50.35378602370558 83.62608593212981 2.299999999999997
    endloop
  endfacet
  facet normal -0.7071067811865476 -0.7071067811865476 0
    outer loop
      vertex 48.62608593212981 85.35378602370558 0
      vertex 50.35378602370558 83.62608593212981 2.299999999999997
      vertex 48.62608593212981 85.35378602370558 2.299999999999997
    endloop
  endfacet
  facet normal -0.6819983600624977 -0.7313537016191711 0
    outer loop
      vertex 46.839142445120075 87.0201377834176 0
      vertex 48.62608593212981 85.35378602370558 2.299999999999997
      vertex 46.839142445120075 87.0201377834176 2.299999999999997
    endloop
  endfacet
  facet normal -0.8746197071393943 0.48480962024633967 0
    outer loop
      vertex 60.6217782649107 0 0
      vertex 60.6217782649107 0 2.299999999999997
      vertex 61.80633150012489 2.136990604987645 0
    endloop
  endfacet
  facet normal -0.8910065241883682 0.4539904997395462 0
    outer loop
      vertex 61.80633150012489 2.136990604987645 0
      vertex 61.80633150012489 2.136990604987645 2.299999999999997
      vertex 62.91558324094169 4.314019724764581 0
    endloop
  endfacet
  facet normal -0.8746197071393943 0.48480962024633967 0
    outer loop
      vertex 60.6217782649107 0 2.299999999999997
      vertex 61.80633150012489 2.136990604987645 2.299999999999997
      vertex 61.80633150012489 2.136990604987645 0
    endloop
  endfacet
  facet normal -0.9063077870366507 0.42261826174069783 0
    outer loop
      vertex 62.91558324094169 4.314019724764581 2.299999999999997
      vertex 63.94818203498206 6.528434984693984 0
      vertex 62.91558324094169 4.314019724764581 0
    endloop
  endfacet
  facet normal -0.8910065241883682 0.4539904997395462 0
    outer loop
      vertex 61.80633150012489 2.136990604987645 2.299999999999997
      vertex 62.91558324094169 4.314019724764581 2.299999999999997
      vertex 62.91558324094169 4.314019724764581 0
    endloop
  endfacet
  facet normal -0.9063077870366507 0.42261826174069783 0
    outer loop
      vertex 62.91558324094169 4.314019724764581 2.299999999999997
      vertex 63.94818203498206 6.528434984693984 2.299999999999997
      vertex 63.94818203498206 6.528434984693984 0
    endloop
  endfacet
  facet normal -0.9205048534524402 0.3907311284892738 0
    outer loop
      vertex 63.94818203498206 6.528434984693984 2.299999999999997
      vertex 64.90286981967512 8.77753846088616 0
      vertex 63.94818203498206 6.528434984693984 0
    endloop
  endfacet
  facet normal -0.9335804264972019 0.35836794954529994 0
    outer loop
      vertex 64.90286981967512 8.77753846088616 2.299999999999997
      vertex 65.77848345501359 11.05858996720319 0
      vertex 64.90286981967512 8.77753846088616 0
    endloop
  endfacet
  facet normal -0.9205048534524402 0.3907311284892738 0
    outer loop
      vertex 63.94818203498206 6.528434984693984 2.299999999999997
      vertex 64.90286981967512 8.77753846088616 2.299999999999997
      vertex 64.90286981967512 8.77753846088616 0
    endloop
  endfacet
  facet normal -0.9335804264972019 0.35836794954529994 0
    outer loop
      vertex 64.90286981967512 8.77753846088616 2.299999999999997
      vertex 65.77848345501359 11.05858996720319 2.299999999999997
      vertex 65.77848345501359 11.05858996720319 0
    endloop
  endfacet
  facet normal -0.9455185755993178 0.3255681544571535 0
    outer loop
      vertex 65.77848345501359 11.05858996720319 2.299999999999997
      vertex 66.57395614066074 13.368810393753684 0
      vertex 65.77848345501359 11.05858996720319 0
    endloop
  endfacet
  facet normal -0.9455185755993178 0.3255681544571535 0
    outer loop
      vertex 65.77848345501359 11.05858996720319 2.299999999999997
      vertex 66.57395614066074 13.368810393753684 2.299999999999997
      vertex 66.57395614066074 13.368810393753684 0
    endloop
  endfacet
  facet normal -0.9563047559630341 0.2923717047227413 0
    outer loop
      vertex 66.57395614066074 13.368810393753684 2.299999999999997
      vertex 67.28831871568232 15.705385092810058 0
      vertex 66.57395614066074 13.368810393753684 0
    endloop
  endfacet
  facet normal -0.9659258262890689 0.25881904510251885 0
    outer loop
      vertex 67.28831871568232 15.705385092810058 2.299999999999997
      vertex 67.92070083931975 18.06546730802326 0
      vertex 67.28831871568232 15.705385092810058 0
    endloop
  endfacet
  facet normal -0.9563047559630341 0.2923717047227413 0
    outer loop
      vertex 66.57395614066074 13.368810393753684 2.299999999999997
      vertex 67.28831871568232 15.705385092810058 2.299999999999997
      vertex 67.28831871568232 15.705385092810058 0
    endloop
  endfacet
  facet normal -0.9743700647852347 0.22495105434386742 0
    outer loop
      vertex 67.92070083931975 18.06546730802326 2.299999999999997
      vertex 68.4703320513664 20.446181642756848 0
      vertex 67.92070083931975 18.06546730802326 0
    endloop
  endfacet
  facet normal -0.9659258262890689 0.25881904510251885 0
    outer loop
      vertex 67.28831871568232 15.705385092810058 2.299999999999997
      vertex 67.92070083931975 18.06546730802326 2.299999999999997
      vertex 67.92070083931975 18.06546730802326 0
    endloop
  endfacet
  facet normal -0.9743700647852347 0.22495105434386742 0
    outer loop
      vertex 67.92070083931975 18.06546730802326 2.299999999999997
      vertex 68.4703320513664 20.446181642756848 2.299999999999997
      vertex 68.4703320513664 20.446181642756848 0
    endloop
  endfacet
  facet normal -0.9816271834476639 0.19080899537654475 0
    outer loop
      vertex 68.4703320513664 20.446181642756848 2.299999999999997
      vertex 68.93654271085457 22.844627563314877 0
      vertex 68.4703320513664 20.446181642756848 0
    endloop
  endfacet
  facet normal -0.9876883405951374 0.1564344650402326 0
    outer loop
      vertex 68.93654271085457 22.844627563314877 2.299999999999997
      vertex 69.31876481190993 25.257882932795418 0
      vertex 68.93654271085457 22.844627563314877 0
    endloop
  endfacet
  facet normal -0.9816271834476639 0.19080899537654475 0
    outer loop
      vertex 68.4703320513664 20.446181642756848 2.299999999999997
      vertex 68.93654271085457 22.844627563314877 2.299999999999997
      vertex 68.93654271085457 22.844627563314877 0
    endloop
  endfacet
  facet normal -0.9925461516413226 0.12186934340514165 0
    outer loop
      vertex 69.31876481190993 25.257882932795418 2.299999999999997
      vertex 69.61653267577913 27.683007571264255 0
      vertex 69.31876481190993 25.257882932795418 0
    endloop
  endfacet
  facet normal -0.9876883405951374 0.1564344650402326 0
    outer loop
      vertex 68.93654271085457 22.844627563314877 2.299999999999997
      vertex 69.31876481190993 25.257882932795418 2.299999999999997
      vertex 69.31876481190993 25.257882932795418 0
    endloop
  endfacet
  facet normal -0.9925461516413226 0.12186934340514165 0
    outer loop
      vertex 69.31876481190993 25.257882932795418 2.299999999999997
      vertex 69.61653267577913 27.683007571264255 2.299999999999997
      vertex 69.61653267577913 27.683007571264255 0
    endloop
  endfacet
  facet normal -0.9961946980917452 0.08715574274766237 0
    outer loop
      vertex 69.61653267577913 27.683007571264255 2.299999999999997
      vertex 69.8294835181877 30.11704683791123 0
      vertex 69.61653267577913 27.683007571264255 0
    endloop
  endfacet
  facet normal -0.9986295347545739 0.05233595624294159 0
    outer loop
      vertex 69.8294835181877 30.11704683791123 2.299999999999997
      vertex 69.9573578913367 32.55703523082493 0
      vertex 69.8294835181877 30.11704683791123 0
    endloop
  endfacet
  facet normal -0.9961946980917452 0.08715574274766237 0
    outer loop
      vertex 69.61653267577913 27.683007571264255 2.299999999999997
      vertex 69.8294835181877 30.11704683791123 2.299999999999997
      vertex 69.8294835181877 30.11704683791123 0
    endloop
  endfacet
  facet normal -0.9998476951563912 0.017452406437284487 0
    outer loop
      vertex 69.9573578913367 32.55703523082493 2.299999999999997
      vertex 70 35 0
      vertex 69.9573578913367 32.55703523082493 0
    endloop
  endfacet
  facet normal -0.9986295347545739 0.05233595624294159 0
    outer loop
      vertex 69.8294835181877 30.11704683791123 2.299999999999997
      vertex 69.9573578913367 32.55703523082493 2.299999999999997
      vertex 69.9573578913367 32.55703523082493 0
    endloop
  endfacet
  facet normal -0.9998476951563912 0.017452406437284487 0
    outer loop
      vertex 69.9573578913367 32.55703523082493 2.299999999999997
      vertex 70 35 2.299999999999997
      vertex 70 35 0
    endloop
  endfacet
  facet normal -0.9998476951563912 -0.017452406437284487 0
    outer loop
      vertex 70 35 2.299999999999997
      vertex 69.9573578913367 37.44296476917507 0
      vertex 70 35 0
    endloop
  endfacet
  facet normal -0.9998476951563912 -0.017452406437284487 0
    outer loop
      vertex 70 35 2.299999999999997
      vertex 69.9573578913367 37.44296476917507 2.299999999999997
      vertex 69.9573578913367 37.44296476917507 0
    endloop
  endfacet
  facet normal -0.998629534754574 -0.05233595624294168 0
    outer loop
      vertex 69.9573578913367 37.44296476917507 2.299999999999997
      vertex 69.8294835181877 39.88295316208877 0
      vertex 69.9573578913367 37.44296476917507 0
    endloop
  endfacet
  facet normal -0.9961946980917452 -0.08715574274766226 0
    outer loop
      vertex 69.8294835181877 39.88295316208877 2.299999999999997
      vertex 69.61653267577913 42.316992428735745 0
      vertex 69.8294835181877 39.88295316208877 0
    endloop
  endfacet
  facet normal -0.998629534754574 -0.05233595624294168 0
    outer loop
      vertex 69.9573578913367 37.44296476917507 2.299999999999997
      vertex 69.8294835181877 39.88295316208877 2.299999999999997
      vertex 69.8294835181877 39.88295316208877 0
    endloop
  endfacet
  facet normal -0.9743700647852347 -0.22495105434386742 0
    outer loop
      vertex 68.4703320513664 49.55381835724315 2.299999999999997
      vertex 67.92070083931975 51.93453269197674 0
      vertex 68.4703320513664 49.55381835724315 0
    endloop
  endfacet
  facet normal -0.9816271834476639 -0.19080899537654503 0
    outer loop
      vertex 68.93654271085457 47.15537243668513 2.299999999999997
      vertex 68.4703320513664 49.55381835724315 2.299999999999997
      vertex 68.4703320513664 49.55381835724315 0
    endloop
  endfacet
  facet normal -0.9743700647852347 -0.22495105434386742 0
    outer loop
      vertex 68.4703320513664 49.55381835724315 2.299999999999997
      vertex 67.92070083931975 51.93453269197674 2.299999999999997
      vertex 67.92070083931975 51.93453269197674 0
    endloop
  endfacet
  facet normal -0.9659258262890688 -0.25881904510251924 0
    outer loop
      vertex 67.92070083931975 51.93453269197674 2.299999999999997
      vertex 67.28831871568232 54.29461490718994 0
      vertex 67.92070083931975 51.93453269197674 0
    endloop
  endfacet
  facet normal -0.9659258262890688 -0.25881904510251924 0
    outer loop
      vertex 67.92070083931975 51.93453269197674 2.299999999999997
      vertex 67.28831871568232 54.29461490718994 2.299999999999997
      vertex 67.28831871568232 54.29461490718994 0
    endloop
  endfacet
  facet normal -0.9925461516413226 -0.12186934340514165 0
    outer loop
      vertex 69.61653267577913 42.316992428735745 2.299999999999997
      vertex 69.31876481190993 44.74211706720458 0
      vertex 69.61653267577913 42.316992428735745 0
    endloop
  endfacet
  facet normal -0.9961946980917452 -0.08715574274766226 0
    outer loop
      vertex 69.8294835181877 39.88295316208877 2.299999999999997
      vertex 69.61653267577913 42.316992428735745 2.299999999999997
      vertex 69.61653267577913 42.316992428735745 0
    endloop
  endfacet
  facet normal -0.9925461516413226 -0.12186934340514165 0
    outer loop
      vertex 69.61653267577913 42.316992428735745 2.299999999999997
      vertex 69.31876481190993 44.74211706720458 2.299999999999997
      vertex 69.31876481190993 44.74211706720458 0
    endloop
  endfacet
  facet normal -0.9876883405951375 -0.15643446504023234 0
    outer loop
      vertex 69.31876481190993 44.74211706720458 2.299999999999997
      vertex 68.93654271085457 47.15537243668513 0
      vertex 69.31876481190993 44.74211706720458 0
    endloop
  endfacet
  facet normal -0.9816271834476639 -0.19080899537654503 0
    outer loop
      vertex 68.93654271085457 47.15537243668513 2.299999999999997
      vertex 68.4703320513664 49.55381835724315 0
      vertex 68.93654271085457 47.15537243668513 0
    endloop
  endfacet
  facet normal -0.9876883405951375 -0.15643446504023234 0
    outer loop
      vertex 69.31876481190993 44.74211706720458 2.299999999999997
      vertex 68.93654271085457 47.15537243668513 2.299999999999997
      vertex 68.93654271085457 47.15537243668513 0
    endloop
  endfacet
  facet normal -0.8746197071393943 -0.48480962024633967 0
    outer loop
      vertex 61.80633150012489 67.86300939501236 0
      vertex 61.80633150012489 67.86300939501236 2.299999999999997
      vertex 60.6217782649107 70 0
    endloop
  endfacet
  facet normal -0.8910065241883679 -0.45399049973954686 0
    outer loop
      vertex 62.91558324094169 65.68598027523542 2.299999999999997
      vertex 61.80633150012489 67.86300939501236 2.299999999999997
      vertex 61.80633150012489 67.86300939501236 0
    endloop
  endfacet
  facet normal -0.7313537016191711 -0.6819983600624977 0
    outer loop
      vertex 50.35378602370558 83.62608593212981 0
      vertex 52.020137783417596 81.83914244512007 0
      vertex 52.020137783417596 81.83914244512007 2.299999999999997
    endloop
  endfacet
  facet normal -0.7547095802227718 -0.6560590289905075 0
    outer loop
      vertex 52.020137783417596 81.83914244512007 0
      vertex 53.62311101832846 79.99513267805776 0
      vertex 53.62311101832846 79.99513267805776 2.299999999999997
    endloop
  endfacet
  facet normal -0.7547095802227718 -0.6560590289905075 0
    outer loop
      vertex 52.020137783417596 81.83914244512007 0
      vertex 53.62311101832846 79.99513267805776 2.299999999999997
      vertex 52.020137783417596 81.83914244512007 2.299999999999997
    endloop
  endfacet
  facet normal -0.7771459614569712 -0.629320391049837 0
    outer loop
      vertex 53.62311101832846 79.99513267805776 0
      vertex 55.160752752470536 78.09630327279608 0
      vertex 55.160752752470536 78.09630327279608 2.299999999999997
    endloop
  endfacet
  facet normal -0.7986355100472903 -0.6018150231520515 0
    outer loop
      vertex 55.160752752470536 78.09630327279608 0
      vertex 56.63118960624632 76.14496766047313 0
      vertex 56.63118960624632 76.14496766047313 2.299999999999997
    endloop
  endfacet
  facet normal -0.7986355100472903 -0.6018150231520515 0
    outer loop
      vertex 55.160752752470536 78.09630327279608 0
      vertex 56.63118960624632 76.14496766047313 2.299999999999997
      vertex 55.160752752470536 78.09630327279608 2.299999999999997
    endloop
  endfacet
  facet normal -0.7771459614569712 -0.629320391049837 0
    outer loop
      vertex 53.62311101832846 79.99513267805776 0
      vertex 55.160752752470536 78.09630327279608 2.299999999999997
      vertex 53.62311101832846 79.99513267805776 2.299999999999997
    endloop
  endfacet
  facet normal -0.8191520442889952 -0.5735764363510413 0
    outer loop
      vertex 58.03263007885291 74.14350324295228 2.299999999999997
      vertex 56.63118960624632 76.14496766047313 0
      vertex 58.03263007885291 74.14350324295228 0
    endloop
  endfacet
  facet normal -0.8386705679454238 -0.5446390350150274 0
    outer loop
      vertex 59.363366730949814 72.09434849632434 2.299999999999997
      vertex 58.03263007885291 74.14350324295228 0
      vertex 59.363366730949814 72.09434849632434 0
    endloop
  endfacet
  facet normal -0.8191520442889952 -0.5735764363510413 0
    outer loop
      vertex 56.63118960624632 76.14496766047313 0
      vertex 58.03263007885291 74.14350324295228 2.299999999999997
      vertex 56.63118960624632 76.14496766047313 2.299999999999997
    endloop
  endfacet
  facet normal -0.8386705679454238 -0.5446390350150274 0
    outer loop
      vertex 59.363366730949814 72.09434849632434 2.299999999999997
      vertex 58.03263007885291 74.14350324295228 2.299999999999997
      vertex 58.03263007885291 74.14350324295228 0
    endloop
  endfacet
  facet normal -0.8571673007021117 -0.5150380749100552 0
    outer loop
      vertex 59.363366730949814 72.09434849632434 0
      vertex 60.6217782649107 70 0
      vertex 60.6217782649107 70 2.299999999999997
    endloop
  endfacet
  facet normal -0.8571673007021117 -0.5150380749100552 0
    outer loop
      vertex 59.363366730949814 72.09434849632434 2.299999999999997
      vertex 59.363366730949814 72.09434849632434 0
      vertex 60.6217782649107 70 2.299999999999997
    endloop
  endfacet
  facet normal -0.8746197071393943 -0.48480962024633967 0
    outer loop
      vertex 61.80633150012489 67.86300939501236 2.299999999999997
      vertex 60.6217782649107 70 2.299999999999997
      vertex 60.6217782649107 70 0
    endloop
  endfacet
  facet normal -0.9335804264972017 -0.35836794954530043 0
    outer loop
      vertex 65.77848345501359 58.94141003279681 2.299999999999997
      vertex 64.90286981967512 61.22246153911384 0
      vertex 65.77848345501359 58.94141003279681 0
    endloop
  endfacet
  facet normal -0.9335804264972017 -0.35836794954530043 0
    outer loop
      vertex 65.77848345501359 58.94141003279681 2.299999999999997
      vertex 64.90286981967512 61.22246153911384 2.299999999999997
      vertex 64.90286981967512 61.22246153911384 0
    endloop
  endfacet
  facet normal -0.9563047559630342 -0.29237170472274093 0
    outer loop
      vertex 67.28831871568232 54.29461490718994 2.299999999999997
      vertex 66.57395614066074 56.631189606246316 0
      vertex 67.28831871568232 54.29461490718994 0
    endloop
  endfacet
  facet normal -0.9455185755993178 -0.3255681544571535 0
    outer loop
      vertex 66.57395614066074 56.631189606246316 2.299999999999997
      vertex 65.77848345501359 58.94141003279681 0
      vertex 66.57395614066074 56.631189606246316 0
    endloop
  endfacet
  facet normal -0.9563047559630342 -0.29237170472274093 0
    outer loop
      vertex 67.28831871568232 54.29461490718994 2.299999999999997
      vertex 66.57395614066074 56.631189606246316 2.299999999999997
      vertex 66.57395614066074 56.631189606246316 0
    endloop
  endfacet
  facet normal -0.9455185755993178 -0.3255681544571535 0
    outer loop
      vertex 66.57395614066074 56.631189606246316 2.299999999999997
      vertex 65.77848345501359 58.94141003279681 2.299999999999997
      vertex 65.77848345501359 58.94141003279681 0
    endloop
  endfacet
  facet normal -0.9063077870366513 -0.4226182617406968 0
    outer loop
      vertex 62.91558324094169 65.68598027523542 0
      vertex 63.94818203498206 63.47156501530601 0
      vertex 63.94818203498206 63.47156501530601 2.299999999999997
    endloop
  endfacet
  facet normal -0.9205048534524402 -0.3907311284892738 0
    outer loop
      vertex 63.94818203498206 63.47156501530601 0
      vertex 64.90286981967512 61.22246153911384 0
      vertex 64.90286981967512 61.22246153911384 2.299999999999997
    endloop
  endfacet
  facet normal -0.9063077870366513 -0.4226182617406968 0
    outer loop
      vertex 63.94818203498206 63.47156501530601 2.299999999999997
      vertex 62.91558324094169 65.68598027523542 2.299999999999997
      vertex 62.91558324094169 65.68598027523542 0
    endloop
  endfacet
  facet normal -0.9205048534524402 -0.3907311284892738 0
    outer loop
      vertex 64.90286981967512 61.22246153911384 2.299999999999997
      vertex 63.94818203498206 63.47156501530601 2.299999999999997
      vertex 63.94818203498206 63.47156501530601 0
    endloop
  endfacet
  facet normal -0.8910065241883679 -0.45399049973954686 0
    outer loop
      vertex 61.80633150012489 67.86300939501236 0
      vertex 62.91558324094169 65.68598027523542 0
      vertex 62.91558324094169 65.68598027523542 2.299999999999997
    endloop
  endfacet
  facet normal -0.7313537016191711 -0.6819983600624977 0
    outer loop
      vertex 50.35378602370558 83.62608593212981 0
      vertex 52.020137783417596 81.83914244512007 2.299999999999997
      vertex 50.35378602370558 83.62608593212981 2.299999999999997
    endloop
  endfacet
endsolid OpenSCAD_Model
