solid OpenSCAD_Model
  facet normal 0 1 0
    outer loop
      vertex -100 99.99499999999999 0
      vertex -99.99688871182816 99.99499999999999 10
      vertex -99.99688871182816 99.99499999999999 0
    endloop
  endfacet
  facet normal -1 0 0
    outer loop
      vertex -89.99499999999999 110 0
      vertex -89.99499999999999 109.99987530778472 0
      vertex -89.99499999999999 110 10
    endloop
  endfacet
  facet normal 0 1 0
    outer loop
      vertex -100 99.99499999999999 0
      vertex -100 99.99499999999999 10
      vertex -99.99688871182816 99.99499999999999 10
    endloop
  endfacet
  facet normal -1 0 0
    outer loop
      vertex -89.99499999999999 109.99987530778472 0
      vertex -89.99499999999999 109.99987530778472 10
      vertex -89.99499999999999 110 10
    endloop
  endfacet
  facet normal 0 -1 0
    outer loop
      vertex -100 -99.99499999999999 0
      vertex -99.99987530778472 -99.99499999999999 0
      vertex -100 -99.99499999999999 10
    endloop
  endfacet
  facet normal -1 0 0
    outer loop
      vertex -89.99499999999999 -110 0
      vertex -89.99499999999999 -109.99688871182816 10
      vertex -89.99499999999999 -109.99688871182816 0
    endloop
  endfacet
  facet normal 0 -1 0
    outer loop
      vertex -99.99987530778472 -99.99499999999999 0
      vertex -99.99987530778472 -99.99499999999999 10
      vertex -100 -99.99499999999999 10
    endloop
  endfacet
  facet normal -1 0 0
    outer loop
      vertex -89.99499999999999 -110 0
      vertex -89.99499999999999 -110 10
      vertex -89.99499999999999 -109.99688871182816 10
    endloop
  endfacet
  facet normal 1 0 0
    outer loop
      vertex 89.99499999999999 -110 0
      vertex 89.99499999999999 -109.99987530778472 0
      vertex 89.99499999999999 -110 10
    endloop
  endfacet
  facet normal 0 -1 0
    outer loop
      vertex 100 -99.99499999999999 0
      vertex 99.99688871182816 -99.99499999999999 10
      vertex 99.99688871182816 -99.99499999999999 0
    endloop
  endfacet
  facet normal 1 0 0
    outer loop
      vertex 89.99499999999999 -109.99987530778472 0
      vertex 89.99499999999999 -109.99987530778472 10
      vertex 89.99499999999999 -110 10
    endloop
  endfacet
  facet normal 0 -1 0
    outer loop
      vertex 100 -99.99499999999999 0
      vertex 100 -99.99499999999999 10
      vertex 99.99688871182816 -99.99499999999999 10
    endloop
  endfacet
  facet normal 1 0 0
    outer loop
      vertex 89.99499999999999 110 0
      vertex 89.99499999999999 109.99688871182816 10
      vertex 89.99499999999999 109.99688871182816 0
    endloop
  endfacet
  facet normal 0 1 0
    outer loop
      vertex 100 99.99499999999999 0
      vertex 99.99987530778472 99.99499999999999 0
      vertex 100 99.99499999999999 10
    endloop
  endfacet
  facet normal 1 0 0
    outer loop
      vertex 89.99499999999999 110 0
      vertex 89.99499999999999 110 10
      vertex 89.99499999999999 109.99688871182816 10
    endloop
  endfacet
  facet normal 0 1 0
    outer loop
      vertex 99.99987530778472 99.99499999999999 0
      vertex 99.99987530778472 99.99499999999999 10
      vertex 100 99.99499999999999 10
    endloop
  endfacet
  facet normal -1 0 0
    outer loop
      vertex -99.99688871182816 99.99499999999999 0
      vertex -99.99688871182816 99.99499999999999 10
      vertex -99.99688871182816 100.2395562242981 0
    endloop
  endfacet
  facet normal -0.9987569212189221 0.049845885660702506 0
    outer loop
      vertex -99.99688871182816 100.2395562242981 0
      vertex -99.99688871182816 100.2395562242981 10
      vertex -99.9720100097836 100.7380482368001 0
    endloop
  endfacet
  facet normal -0.9950307753654025 0.09956784659580581 0
    outer loop
      vertex -99.9720100097836 100.7380482368001 0
      vertex -99.9720100097836 100.7380482368001 10
      vertex -99.92231445806772 101.23468048352132 0
    endloop
  endfacet
  facet normal -0.9888308262251294 0.14904226617616775 0
    outer loop
      vertex -99.92231445806772 101.23468048352132 0
      vertex -99.92231445806772 101.23468048352132 10
      vertex -99.8479256076522 101.72821825844596 0
    endloop
  endfacet
  facet normal -0.9801724878485427 0.19814614319940355 0
    outer loop
      vertex -99.8479256076522 101.72821825844596 0
      vertex -99.8479256076522 101.72821825844596 10
      vertex -99.74902840094005 102.2174345489027 0
    endloop
  endfacet
  facet normal -0.9690772862290787 0.24675739769029076 0
    outer loop
      vertex -99.74902840094005 102.2174345489027 0
      vertex -99.74902840094005 102.2174345489027 10
      vertex -99.62586871196962 102.70111308611148 0
    endloop
  endfacet
  facet normal -0.9555728057861416 0.29475517441090116 0
    outer loop
      vertex -99.62586871196962 102.70111308611148 0
      vertex -99.62586871196962 102.70111308611148 10
      vertex -99.47875273513299 103.17805136901936 0
    endloop
  endfacet
  facet normal -0.9396926207859013 0.3420201433256877 0
    outer loop
      vertex -99.47875273513299 103.17805136901936 0
      vertex -99.47875273513299 103.17805136901936 10
      vertex -99.30804622392847 103.64706365390761 0
    endloop
  endfacet
  facet normal -0.9214762118704168 0.3884347962746729 0
    outer loop
      vertex -99.30804622392847 103.64706365390761 0
      vertex -99.30804622392847 103.64706365390761 10
      vertex -99.11417358163985 104.10698390233742 0
    endloop
  endfacet
  facet normal -0.900968867902414 0.4338837391175688 0
    outer loop
      vertex -99.11417358163985 104.10698390233742 0
      vertex -99.11417358163985 104.10698390233742 10
      vertex -98.89761680620279 104.55666868010516 0
    endloop
  endfacet
  facet normal -0.8782215733702282 0.47825397862131874 0
    outer loop
      vertex -98.89761680620279 104.55666868010516 0
      vertex -98.89761680620279 104.55666868010516 10
      vertex -98.65891429188223 104.99499999999999 0
    endloop
  endfacet
  facet normal -0.8532908816321583 0.5214352033794938 0
    outer loop
      vertex -98.65891429188223 104.99499999999999 0
      vertex -98.65891429188223 104.99499999999999 10
      vertex -98.39865949073922 105.42088810129624 0
    endloop
  endfacet
  facet normal -0.8262387743159904 0.5633200580636287 0
    outer loop
      vertex -98.39865949073922 105.42088810129624 0
      vertex -98.39865949073922 105.42088810129624 10
      vertex -98.11749943721571 105.83327415907024 0
    endloop
  endfacet
  facet normal -0.7971325072229222 0.6038044103254778 0
    outer loop
      vertex -98.11749943721571 105.83327415907024 0
      vertex -98.11749943721571 105.83327415907024 10
      vertex -97.81613313950497 106.23113291660592 0
    endloop
  endfacet
  facet normal -0.7660444431189856 0.6427876096865303 0
    outer loop
      vertex -97.81613313950497 106.23113291660592 0
      vertex -97.81613313950497 106.23113291660592 10
      vertex -97.49530984170701 106.61347523434456 0
    endloop
  endfacet
  facet normal -0.7330518718298217 0.6801727377709244 0
    outer loop
      vertex -97.49530984170701 106.61347523434456 0
      vertex -97.49530984170701 106.61347523434456 10
      vertex -97.15582716108977 106.97935054904158 0
    endloop
  endfacet
  facet normal -0.6982368180860703 0.715866849259721 0
    outer loop
      vertex -97.15582716108977 106.97935054904158 0
      vertex -97.15582716108977 106.97935054904158 10
      vertex -96.7985291050869 107.32784923701655 0
    endloop
  endfacet
  facet normal -0.6616858375968591 0.7497812029677344 0
    outer loop
      vertex -96.7985291050869 107.32784923701655 0
      vertex -96.7985291050869 107.32784923701655 10
      vertex -96.42430397296225 107.65810487562096 0
    endloop
  endfacet
  facet normal -0.6234898018587356 0.781831482468028 0
    outer loop
      vertex -96.42430397296225 107.65810487562096 0
      vertex -96.42430397296225 107.65810487562096 10
      vertex -96.03408214735802 107.96929639730145 0
    endloop
  endfacet
  facet normal -0.5837436722347938 0.8119380057158535 0
    outer loop
      vertex -96.03408214735802 107.96929639730145 0
      vertex -96.03408214735802 107.96929639730145 10
      vertex -95.62883378121685 108.2606501309031 0
    endloop
  endfacet
  facet normal -0.5425462638657654 0.8400259231507675 0
    outer loop
      vertex -95.62883378121685 108.2606501309031 0
      vertex -95.62883378121685 108.2606501309031 10
      vertex -95.20956638582877 108.53144172513788 0
    endloop
  endfacet
  facet normal -0.49999999999999833 0.8660254037844396 0
    outer loop
      vertex -95.20956638582877 108.53144172513788 0
      vertex -95.20956638582877 108.53144172513788 10
      vertex -94.77732232599939 108.78099794943599 0
    endloop
  endfacet
  facet normal -0.45621065735315036 0.889871808811475 0
    outer loop
      vertex -94.77732232599939 108.78099794943599 0
      vertex -94.77732232599939 108.78099794943599 10
      vertex -94.33317622856676 109.0086983677032 0
    endloop
  endfacet
  facet normal -0.4112871031306115 0.911505852311673 0
    outer loop
      vertex -94.33317622856676 109.0086983677032 0
      vertex -94.33317622856676 109.0086983677032 10
      vertex -93.87823231070969 109.21397688082277 0
    endloop
  endfacet
  facet normal -0.3653410243663983 0.9308737486442029 0
    outer loop
      vertex -93.87823231070969 109.21397688082277 0
      vertex -93.87823231070969 109.21397688082277 10
      vertex -93.41362163468995 109.39632313406693 0
    endloop
  endfacet
  facet normal -0.31848665025167805 0.9479273461671339 0
    outer loop
      vertex -93.41362163468995 109.39632313406693 0
      vertex -93.41362163468995 109.39632313406693 10
      vertex -92.94049929585314 109.55528378591926 0
    endloop
  endfacet
  facet normal -0.2708404681430189 0.9626242469500081 0
    outer loop
      vertex -92.94049929585314 109.55528378591926 0
      vertex -92.94049929585314 109.55528378591926 10
      vertex -92.46004155087984 109.69046363515307 0
    endloop
  endfacet
  facet normal -0.22252093395632622 0.974927912181821 0
    outer loop
      vertex -92.46004155087984 109.69046363515307 0
      vertex -92.46004155087984 109.69046363515307 10
      vertex -91.97344289342597 109.80152660336393 0
    endloop
  endfacet
  facet normal -0.1736481776669095 0.9848077530122118 0
    outer loop
      vertex -91.97344289342597 109.80152660336393 0
      vertex -91.97344289342597 109.80152660336393 10
      vertex -91.4819130844235 109.88819657051353 0
    endloop
  endfacet
  facet normal -0.12434370464749754 0.9922392066001705 0
    outer loop
      vertex -91.4819130844235 109.88819657051353 0
      vertex -91.4819130844235 109.88819657051353 10
      vertex -90.98667414442411 109.95025806140767 0
    endloop
  endfacet
  facet normal -0.07473009358642176 0.9972037971811804 0
    outer loop
      vertex -90.98667414442411 109.95025806140767 0
      vertex -90.98667414442411 109.95025806140767 10
      vertex -90.48895731546358 109.98755678140141 0
    endloop
  endfacet
  facet normal -0.024930691738070145 0.9996891820008164 0
    outer loop
      vertex -90.48895731546358 109.98755678140141 0
      vertex -90.48895731546358 109.98755678140141 10
      vertex -89.99499999999999 109.99987530778472 0
    endloop
  endfacet
  facet normal -1 0 0
    outer loop
      vertex -99.99688871182816 100.2395562242981 0
      vertex -99.99688871182816 99.99499999999999 10
      vertex -99.99688871182816 100.2395562242981 10
    endloop
  endfacet
  facet normal -0.9987569212189221 0.049845885660702506 0
    outer loop
      vertex -99.9720100097836 100.7380482368001 0
      vertex -99.99688871182816 100.2395562242981 10
      vertex -99.9720100097836 100.7380482368001 10
    endloop
  endfacet
  facet normal -0.9950307753654025 0.09956784659580581 0
    outer loop
      vertex -99.92231445806772 101.23468048352132 0
      vertex -99.9720100097836 100.7380482368001 10
      vertex -99.92231445806772 101.23468048352132 10
    endloop
  endfacet
  facet normal -0.9888308262251294 0.14904226617616775 0
    outer loop
      vertex -99.8479256076522 101.72821825844596 0
      vertex -99.92231445806772 101.23468048352132 10
      vertex -99.8479256076522 101.72821825844596 10
    endloop
  endfacet
  facet normal -0.9801724878485427 0.19814614319940355 0
    outer loop
      vertex -99.74902840094005 102.2174345489027 0
      vertex -99.8479256076522 101.72821825844596 10
      vertex -99.74902840094005 102.2174345489027 10
    endloop
  endfacet
  facet normal -0.9690772862290787 0.24675739769029076 0
    outer loop
      vertex -99.62586871196962 102.70111308611148 0
      vertex -99.74902840094005 102.2174345489027 10
      vertex -99.62586871196962 102.70111308611148 10
    endloop
  endfacet
  facet normal -0.9555728057861416 0.29475517441090116 0
    outer loop
      vertex -99.47875273513299 103.17805136901936 0
      vertex -99.62586871196962 102.70111308611148 10
      vertex -99.47875273513299 103.17805136901936 10
    endloop
  endfacet
  facet normal -0.9396926207859013 0.3420201433256877 0
    outer loop
      vertex -99.30804622392847 103.64706365390761 0
      vertex -99.47875273513299 103.17805136901936 10
      vertex -99.30804622392847 103.64706365390761 10
    endloop
  endfacet
  facet normal -0.9214762118704168 0.3884347962746729 0
    outer loop
      vertex -99.11417358163985 104.10698390233742 0
      vertex -99.30804622392847 103.64706365390761 10
      vertex -99.11417358163985 104.10698390233742 10
    endloop
  endfacet
  facet normal -0.900968867902414 0.4338837391175688 0
    outer loop
      vertex -98.89761680620279 104.55666868010516 0
      vertex -99.11417358163985 104.10698390233742 10
      vertex -98.89761680620279 104.55666868010516 10
    endloop
  endfacet
  facet normal -0.8782215733702282 0.47825397862131874 0
    outer loop
      vertex -98.65891429188223 104.99499999999999 0
      vertex -98.89761680620279 104.55666868010516 10
      vertex -98.65891429188223 104.99499999999999 10
    endloop
  endfacet
  facet normal -0.8532908816321583 0.5214352033794938 0
    outer loop
      vertex -98.39865949073922 105.42088810129624 0
      vertex -98.65891429188223 104.99499999999999 10
      vertex -98.39865949073922 105.42088810129624 10
    endloop
  endfacet
  facet normal -0.8262387743159904 0.5633200580636287 0
    outer loop
      vertex -98.11749943721571 105.83327415907024 0
      vertex -98.39865949073922 105.42088810129624 10
      vertex -98.11749943721571 105.83327415907024 10
    endloop
  endfacet
  facet normal -0.7971325072229222 0.6038044103254778 0
    outer loop
      vertex -97.81613313950497 106.23113291660592 0
      vertex -98.11749943721571 105.83327415907024 10
      vertex -97.81613313950497 106.23113291660592 10
    endloop
  endfacet
  facet normal -0.7660444431189856 0.6427876096865303 0
    outer loop
      vertex -97.49530984170701 106.61347523434456 0
      vertex -97.81613313950497 106.23113291660592 10
      vertex -97.49530984170701 106.61347523434456 10
    endloop
  endfacet
  facet normal -0.7330518718298217 0.6801727377709244 0
    outer loop
      vertex -97.15582716108977 106.97935054904158 0
      vertex -97.49530984170701 106.61347523434456 10
      vertex -97.15582716108977 106.97935054904158 10
    endloop
  endfacet
  facet normal -0.6982368180860703 0.715866849259721 0
    outer loop
      vertex -96.7985291050869 107.32784923701655 0
      vertex -97.15582716108977 106.97935054904158 10
      vertex -96.7985291050869 107.32784923701655 10
    endloop
  endfacet
  facet normal -0.6616858375968591 0.7497812029677344 0
    outer loop
      vertex -96.42430397296225 107.65810487562096 0
      vertex -96.7985291050869 107.32784923701655 10
      vertex -96.42430397296225 107.65810487562096 10
    endloop
  endfacet
  facet normal -0.6234898018587356 0.781831482468028 0
    outer loop
      vertex -96.03408214735802 107.96929639730145 0
      vertex -96.42430397296225 107.65810487562096 10
      vertex -96.03408214735802 107.96929639730145 10
    endloop
  endfacet
  facet normal -0.5837436722347938 0.8119380057158535 0
    outer loop
      vertex -95.62883378121685 108.2606501309031 0
      vertex -96.03408214735802 107.96929639730145 10
      vertex -95.62883378121685 108.2606501309031 10
    endloop
  endfacet
  facet normal -0.5425462638657654 0.8400259231507675 0
    outer loop
      vertex -95.20956638582877 108.53144172513788 0
      vertex -95.62883378121685 108.2606501309031 10
      vertex -95.20956638582877 108.53144172513788 10
    endloop
  endfacet
  facet normal -0.49999999999999833 0.8660254037844396 0
    outer loop
      vertex -94.77732232599939 108.78099794943599 0
      vertex -95.20956638582877 108.53144172513788 10
      vertex -94.77732232599939 108.78099794943599 10
    endloop
  endfacet
  facet normal -0.45621065735315036 0.889871808811475 0
    outer loop
      vertex -94.33317622856676 109.0086983677032 0
      vertex -94.77732232599939 108.78099794943599 10
      vertex -94.33317622856676 109.0086983677032 10
    endloop
  endfacet
  facet normal -0.4112871031306115 0.911505852311673 0
    outer loop
      vertex -93.87823231070969 109.21397688082277 0
      vertex -94.33317622856676 109.0086983677032 10
      vertex -93.87823231070969 109.21397688082277 10
    endloop
  endfacet
  facet normal -0.3653410243663983 0.9308737486442029 0
    outer loop
      vertex -93.41362163468995 109.39632313406693 0
      vertex -93.87823231070969 109.21397688082277 10
      vertex -93.41362163468995 109.39632313406693 10
    endloop
  endfacet
  facet normal -0.31848665025167805 0.9479273461671339 0
    outer loop
      vertex -92.94049929585314 109.55528378591926 0
      vertex -93.41362163468995 109.39632313406693 10
      vertex -92.94049929585314 109.55528378591926 10
    endloop
  endfacet
  facet normal -0.2708404681430189 0.9626242469500081 0
    outer loop
      vertex -92.46004155087984 109.69046363515307 0
      vertex -92.94049929585314 109.55528378591926 10
      vertex -92.46004155087984 109.69046363515307 10
    endloop
  endfacet
  facet normal -0.22252093395632622 0.974927912181821 0
    outer loop
      vertex -91.97344289342597 109.80152660336393 0
      vertex -92.46004155087984 109.69046363515307 10
      vertex -91.97344289342597 109.80152660336393 10
    endloop
  endfacet
  facet normal -0.1736481776669095 0.9848077530122118 0
    outer loop
      vertex -91.4819130844235 109.88819657051353 0
      vertex -91.97344289342597 109.80152660336393 10
      vertex -91.4819130844235 109.88819657051353 10
    endloop
  endfacet
  facet normal -0.12434370464749754 0.9922392066001705 0
    outer loop
      vertex -90.98667414442411 109.95025806140767 0
      vertex -91.4819130844235 109.88819657051353 10
      vertex -90.98667414442411 109.95025806140767 10
    endloop
  endfacet
  facet normal -0.07473009358642176 0.9972037971811804 0
    outer loop
      vertex -90.48895731546358 109.98755678140141 0
      vertex -90.98667414442411 109.95025806140767 10
      vertex -90.48895731546358 109.98755678140141 10
    endloop
  endfacet
  facet normal -0.024930691738070145 0.9996891820008164 0
    outer loop
      vertex -89.99499999999999 109.99987530778472 0
      vertex -90.48895731546358 109.98755678140141 10
      vertex -89.99499999999999 109.99987530778472 10
    endloop
  endfacet
  facet normal -0.7497812029677344 -0.6616858375968591 0
    outer loop
      vertex -97.32784923701655 -106.7985291050869 0
      vertex -97.32784923701655 -106.7985291050869 10
      vertex -97.65810487562096 -106.42430397296225 0
    endloop
  endfacet
  facet normal -0.715866849259721 -0.6982368180860703 0
    outer loop
      vertex -97.32784923701655 -106.7985291050869 0
      vertex -96.97935054904158 -107.15582716108977 0
      vertex -96.97935054904158 -107.15582716108977 10
    endloop
  endfacet
  facet normal -0.8660254037844396 -0.49999999999999833 0
    outer loop
      vertex -98.53144172513788 -105.20956638582877 0
      vertex -98.53144172513788 -105.20956638582877 10
      vertex -98.78099794943599 -104.77732232599939 0
    endloop
  endfacet
  facet normal -0.9308737486442029 -0.3653410243663983 0
    outer loop
      vertex -99.39632313406693 -103.41362163468995 0
      vertex -99.21397688082277 -103.87823231070969 0
      vertex -99.21397688082277 -103.87823231070969 10
    endloop
  endfacet
  facet normal -0.9479273461671339 -0.31848665025167805 0
    outer loop
      vertex -99.39632313406693 -103.41362163468995 0
      vertex -99.39632313406693 -103.41362163468995 10
      vertex -99.55528378591926 -102.94049929585314 0
    endloop
  endfacet
  facet normal -0.889871808811475 -0.45621065735315036 0
    outer loop
      vertex -99.0086983677032 -104.33317622856676 0
      vertex -98.78099794943599 -104.77732232599939 0
      vertex -98.78099794943599 -104.77732232599939 10
    endloop
  endfacet
  facet normal -0.911505852311673 -0.4112871031306115 0
    outer loop
      vertex -99.0086983677032 -104.33317622856676 0
      vertex -99.0086983677032 -104.33317622856676 10
      vertex -99.21397688082277 -103.87823231070969 0
    endloop
  endfacet
  facet normal -0.8119380057158535 -0.5837436722347938 0
    outer loop
      vertex -97.96929639730145 -106.03408214735802 0
      vertex -97.96929639730145 -106.03408214735802 10
      vertex -98.2606501309031 -105.62883378121685 0
    endloop
  endfacet
  facet normal -0.781831482468028 -0.6234898018587356 0
    outer loop
      vertex -97.65810487562096 -106.42430397296225 0
      vertex -97.65810487562096 -106.42430397296225 10
      vertex -97.96929639730145 -106.03408214735802 0
    endloop
  endfacet
  facet normal -0.8400259231507675 -0.5425462638657654 0
    outer loop
      vertex -98.53144172513788 -105.20956638582877 0
      vertex -98.2606501309031 -105.62883378121685 0
      vertex -98.2606501309031 -105.62883378121685 10
    endloop
  endfacet
  facet normal -0.5633200580636287 -0.8262387743159904 0
    outer loop
      vertex -95.42088810129624 -108.39865949073922 0
      vertex -95.42088810129624 -108.39865949073922 10
      vertex -95.83327415907024 -108.11749943721571 0
    endloop
  endfacet
  facet normal -0.6427876096865303 -0.7660444431189856 0
    outer loop
      vertex -96.61347523434456 -107.49530984170701 0
      vertex -96.23113291660592 -107.81613313950497 0
      vertex -96.23113291660592 -107.81613313950497 10
    endloop
  endfacet
  facet normal -0.6801727377709244 -0.7330518718298217 0
    outer loop
      vertex -96.97935054904158 -107.15582716108977 0
      vertex -96.61347523434456 -107.49530984170701 0
      vertex -96.61347523434456 -107.49530984170701 10
    endloop
  endfacet
  facet normal -0.6038044103254778 -0.7971325072229222 0
    outer loop
      vertex -96.23113291660592 -107.81613313950497 0
      vertex -95.83327415907024 -108.11749943721571 0
      vertex -95.83327415907024 -108.11749943721571 10
    endloop
  endfacet
  facet normal -0.5214352033794938 -0.8532908816321583 0
    outer loop
      vertex -95.42088810129624 -108.39865949073922 0
      vertex -94.99499999999999 -108.65891429188223 0
      vertex -94.99499999999999 -108.65891429188223 10
    endloop
  endfacet
  facet normal -0.47825397862131874 -0.8782215733702282 0
    outer loop
      vertex -94.99499999999999 -108.65891429188223 0
      vertex -94.55666868010516 -108.89761680620279 0
      vertex -94.55666868010516 -108.89761680620279 10
    endloop
  endfacet
  facet normal -0.3884347962746729 -0.9214762118704168 0
    outer loop
      vertex -94.10698390233742 -109.11417358163985 0
      vertex -93.64706365390761 -109.30804622392847 0
      vertex -93.64706365390761 -109.30804622392847 10
    endloop
  endfacet
  facet normal -0.4338837391175688 -0.900968867902414 0
    outer loop
      vertex -94.55666868010516 -108.89761680620279 0
      vertex -94.10698390233742 -109.11417358163985 0
      vertex -94.10698390233742 -109.11417358163985 10
    endloop
  endfacet
  facet normal -0.974927912181821 -0.22252093395632622 0
    outer loop
      vertex -99.69046363515307 -102.46004155087984 0
      vertex -99.69046363515307 -102.46004155087984 10
      vertex -99.80152660336393 -101.97344289342597 0
    endloop
  endfacet
  facet normal -0.9626242469500081 -0.2708404681430189 0
    outer loop
      vertex -99.69046363515307 -102.46004155087984 0
      vertex -99.55528378591926 -102.94049929585314 0
      vertex -99.55528378591926 -102.94049929585314 10
    endloop
  endfacet
  facet normal -0.9848077530122118 -0.1736481776669095 0
    outer loop
      vertex -99.80152660336393 -101.97344289342597 0
      vertex -99.80152660336393 -101.97344289342597 10
      vertex -99.88819657051353 -101.4819130844235 0
    endloop
  endfacet
  facet normal -0.9922392066001705 -0.12434370464749754 0
    outer loop
      vertex -99.88819657051353 -101.4819130844235 0
      vertex -99.88819657051353 -101.4819130844235 10
      vertex -99.95025806140767 -100.98667414442411 0
    endloop
  endfacet
  facet normal -0.9972037971811804 -0.07473009358642176 0
    outer loop
      vertex -99.95025806140767 -100.98667414442411 0
      vertex -99.95025806140767 -100.98667414442411 10
      vertex -99.98755678140141 -100.48895731546358 0
    endloop
  endfacet
  facet normal -0.9996891820008164 -0.024930691738070145 0
    outer loop
      vertex -99.98755678140141 -100.48895731546358 0
      vertex -99.98755678140141 -100.48895731546358 10
      vertex -99.99987530778472 -99.99499999999999 0
    endloop
  endfacet
  facet normal -0.3420201433256877 -0.9396926207859013 0
    outer loop
      vertex -93.64706365390761 -109.30804622392847 0
      vertex -93.17805136901936 -109.47875273513299 0
      vertex -93.17805136901936 -109.47875273513299 10
    endloop
  endfacet
  facet normal -0.29475517441090116 -0.9555728057861416 0
    outer loop
      vertex -93.17805136901936 -109.47875273513299 0
      vertex -92.70111308611148 -109.62586871196962 0
      vertex -92.70111308611148 -109.62586871196962 10
    endloop
  endfacet
  facet normal -0.24675739769029076 -0.9690772862290787 0
    outer loop
      vertex -92.70111308611148 -109.62586871196962 0
      vertex -92.2174345489027 -109.74902840094005 0
      vertex -92.2174345489027 -109.74902840094005 10
    endloop
  endfacet
  facet normal -0.19814614319940355 -0.9801724878485427 0
    outer loop
      vertex -92.2174345489027 -109.74902840094005 0
      vertex -91.72821825844596 -109.8479256076522 0
      vertex -91.72821825844596 -109.8479256076522 10
    endloop
  endfacet
  facet normal -0.14904226617616775 -0.9888308262251294 0
    outer loop
      vertex -91.72821825844596 -109.8479256076522 0
      vertex -91.23468048352132 -109.92231445806772 0
      vertex -91.23468048352132 -109.92231445806772 10
    endloop
  endfacet
  facet normal -0.09956784659580581 -0.9950307753654025 0
    outer loop
      vertex -91.23468048352132 -109.92231445806772 0
      vertex -90.7380482368001 -109.9720100097836 0
      vertex -90.7380482368001 -109.9720100097836 10
    endloop
  endfacet
  facet normal -0.049845885660702506 -0.9987569212189221 0
    outer loop
      vertex -90.7380482368001 -109.9720100097836 0
      vertex -90.2395562242981 -109.99688871182816 0
      vertex -90.2395562242981 -109.99688871182816 10
    endloop
  endfacet
  facet normal 0 -1 0
    outer loop
      vertex -90.2395562242981 -109.99688871182816 0
      vertex -89.99499999999999 -109.99688871182816 0
      vertex -89.99499999999999 -109.99688871182816 10
    endloop
  endfacet
  facet normal -0.715866849259721 -0.6982368180860703 0
    outer loop
      vertex -97.32784923701655 -106.7985291050869 0
      vertex -96.97935054904158 -107.15582716108977 10
      vertex -97.32784923701655 -106.7985291050869 10
    endloop
  endfacet
  facet normal -0.8400259231507675 -0.5425462638657654 0
    outer loop
      vertex -98.53144172513788 -105.20956638582877 0
      vertex -98.2606501309031 -105.62883378121685 10
      vertex -98.53144172513788 -105.20956638582877 10
    endloop
  endfacet
  facet normal -0.8660254037844396 -0.49999999999999833 0
    outer loop
      vertex -98.78099794943599 -104.77732232599939 0
      vertex -98.53144172513788 -105.20956638582877 10
      vertex -98.78099794943599 -104.77732232599939 10
    endloop
  endfacet
  facet normal -0.9308737486442029 -0.3653410243663983 0
    outer loop
      vertex -99.39632313406693 -103.41362163468995 0
      vertex -99.21397688082277 -103.87823231070969 10
      vertex -99.39632313406693 -103.41362163468995 10
    endloop
  endfacet
  facet normal -0.889871808811475 -0.45621065735315036 0
    outer loop
      vertex -99.0086983677032 -104.33317622856676 0
      vertex -98.78099794943599 -104.77732232599939 10
      vertex -99.0086983677032 -104.33317622856676 10
    endloop
  endfacet
  facet normal -0.911505852311673 -0.4112871031306115 0
    outer loop
      vertex -99.21397688082277 -103.87823231070969 0
      vertex -99.0086983677032 -104.33317622856676 10
      vertex -99.21397688082277 -103.87823231070969 10
    endloop
  endfacet
  facet normal -0.8119380057158535 -0.5837436722347938 0
    outer loop
      vertex -98.2606501309031 -105.62883378121685 0
      vertex -97.96929639730145 -106.03408214735802 10
      vertex -98.2606501309031 -105.62883378121685 10
    endloop
  endfacet
  facet normal -0.781831482468028 -0.6234898018587356 0
    outer loop
      vertex -97.96929639730145 -106.03408214735802 0
      vertex -97.65810487562096 -106.42430397296225 10
      vertex -97.96929639730145 -106.03408214735802 10
    endloop
  endfacet
  facet normal -0.7497812029677344 -0.6616858375968591 0
    outer loop
      vertex -97.65810487562096 -106.42430397296225 0
      vertex -97.32784923701655 -106.7985291050869 10
      vertex -97.65810487562096 -106.42430397296225 10
    endloop
  endfacet
  facet normal -0.6427876096865303 -0.7660444431189856 0
    outer loop
      vertex -96.61347523434456 -107.49530984170701 0
      vertex -96.23113291660592 -107.81613313950497 10
      vertex -96.61347523434456 -107.49530984170701 10
    endloop
  endfacet
  facet normal -0.6038044103254778 -0.7971325072229222 0
    outer loop
      vertex -96.23113291660592 -107.81613313950497 0
      vertex -95.83327415907024 -108.11749943721571 10
      vertex -96.23113291660592 -107.81613313950497 10
    endloop
  endfacet
  facet normal -0.6801727377709244 -0.7330518718298217 0
    outer loop
      vertex -96.97935054904158 -107.15582716108977 0
      vertex -96.61347523434456 -107.49530984170701 10
      vertex -96.97935054904158 -107.15582716108977 10
    endloop
  endfacet
  facet normal -0.5633200580636287 -0.8262387743159904 0
    outer loop
      vertex -95.83327415907024 -108.11749943721571 0
      vertex -95.42088810129624 -108.39865949073922 10
      vertex -95.83327415907024 -108.11749943721571 10
    endloop
  endfacet
  facet normal -0.5214352033794938 -0.8532908816321583 0
    outer loop
      vertex -95.42088810129624 -108.39865949073922 0
      vertex -94.99499999999999 -108.65891429188223 10
      vertex -95.42088810129624 -108.39865949073922 10
    endloop
  endfacet
  facet normal -0.47825397862131874 -0.8782215733702282 0
    outer loop
      vertex -94.99499999999999 -108.65891429188223 0
      vertex -94.55666868010516 -108.89761680620279 10
      vertex -94.99499999999999 -108.65891429188223 10
    endloop
  endfacet
  facet normal -0.3884347962746729 -0.9214762118704168 0
    outer loop
      vertex -94.10698390233742 -109.11417358163985 0
      vertex -93.64706365390761 -109.30804622392847 10
      vertex -94.10698390233742 -109.11417358163985 10
    endloop
  endfacet
  facet normal -0.4338837391175688 -0.900968867902414 0
    outer loop
      vertex -94.55666868010516 -108.89761680620279 0
      vertex -94.10698390233742 -109.11417358163985 10
      vertex -94.55666868010516 -108.89761680620279 10
    endloop
  endfacet
  facet normal -0.9626242469500081 -0.2708404681430189 0
    outer loop
      vertex -99.69046363515307 -102.46004155087984 0
      vertex -99.55528378591926 -102.94049929585314 10
      vertex -99.69046363515307 -102.46004155087984 10
    endloop
  endfacet
  facet normal -0.9479273461671339 -0.31848665025167805 0
    outer loop
      vertex -99.55528378591926 -102.94049929585314 0
      vertex -99.39632313406693 -103.41362163468995 10
      vertex -99.55528378591926 -102.94049929585314 10
    endloop
  endfacet
  facet normal -0.974927912181821 -0.22252093395632622 0
    outer loop
      vertex -99.80152660336393 -101.97344289342597 0
      vertex -99.69046363515307 -102.46004155087984 10
      vertex -99.80152660336393 -101.97344289342597 10
    endloop
  endfacet
  facet normal -0.9848077530122118 -0.1736481776669095 0
    outer loop
      vertex -99.88819657051353 -101.4819130844235 0
      vertex -99.80152660336393 -101.97344289342597 10
      vertex -99.88819657051353 -101.4819130844235 10
    endloop
  endfacet
  facet normal -0.9922392066001705 -0.12434370464749754 0
    outer loop
      vertex -99.95025806140767 -100.98667414442411 0
      vertex -99.88819657051353 -101.4819130844235 10
      vertex -99.95025806140767 -100.98667414442411 10
    endloop
  endfacet
  facet normal -0.9972037971811804 -0.07473009358642176 0
    outer loop
      vertex -99.98755678140141 -100.48895731546358 0
      vertex -99.95025806140767 -100.98667414442411 10
      vertex -99.98755678140141 -100.48895731546358 10
    endloop
  endfacet
  facet normal -0.9996891820008164 -0.024930691738070145 0
    outer loop
      vertex -99.99987530778472 -99.99499999999999 0
      vertex -99.98755678140141 -100.48895731546358 10
      vertex -99.99987530778472 -99.99499999999999 10
    endloop
  endfacet
  facet normal -0.3420201433256877 -0.9396926207859013 0
    outer loop
      vertex -93.64706365390761 -109.30804622392847 0
      vertex -93.17805136901936 -109.47875273513299 10
      vertex -93.64706365390761 -109.30804622392847 10
    endloop
  endfacet
  facet normal -0.29475517441090116 -0.9555728057861416 0
    outer loop
      vertex -93.17805136901936 -109.47875273513299 0
      vertex -92.70111308611148 -109.62586871196962 10
      vertex -93.17805136901936 -109.47875273513299 10
    endloop
  endfacet
  facet normal -0.24675739769029076 -0.9690772862290787 0
    outer loop
      vertex -92.70111308611148 -109.62586871196962 0
      vertex -92.2174345489027 -109.74902840094005 10
      vertex -92.70111308611148 -109.62586871196962 10
    endloop
  endfacet
  facet normal -0.19814614319940355 -0.9801724878485427 0
    outer loop
      vertex -92.2174345489027 -109.74902840094005 0
      vertex -91.72821825844596 -109.8479256076522 10
      vertex -92.2174345489027 -109.74902840094005 10
    endloop
  endfacet
  facet normal -0.14904226617616775 -0.9888308262251294 0
    outer loop
      vertex -91.72821825844596 -109.8479256076522 0
      vertex -91.23468048352132 -109.92231445806772 10
      vertex -91.72821825844596 -109.8479256076522 10
    endloop
  endfacet
  facet normal -0.09956784659580581 -0.9950307753654025 0
    outer loop
      vertex -91.23468048352132 -109.92231445806772 0
      vertex -90.7380482368001 -109.9720100097836 10
      vertex -91.23468048352132 -109.92231445806772 10
    endloop
  endfacet
  facet normal -0.049845885660702506 -0.9987569212189221 0
    outer loop
      vertex -90.7380482368001 -109.9720100097836 0
      vertex -90.2395562242981 -109.99688871182816 10
      vertex -90.7380482368001 -109.9720100097836 10
    endloop
  endfacet
  facet normal 0 -1 0
    outer loop
      vertex -90.2395562242981 -109.99688871182816 0
      vertex -89.99499999999999 -109.99688871182816 10
      vertex -90.2395562242981 -109.99688871182816 10
    endloop
  endfacet
  facet normal 0.024930691738070145 -0.9996891820008164 0
    outer loop
      vertex 89.99499999999999 -109.99987530778472 0
      vertex 90.48895731546358 -109.98755678140141 0
      vertex 90.48895731546358 -109.98755678140141 10
    endloop
  endfacet
  facet normal 0.07473009358642176 -0.9972037971811804 0
    outer loop
      vertex 90.48895731546358 -109.98755678140141 0
      vertex 90.98667414442411 -109.95025806140767 0
      vertex 90.98667414442411 -109.95025806140767 10
    endloop
  endfacet
  facet normal 0.12434370464749754 -0.9922392066001705 0
    outer loop
      vertex 90.98667414442411 -109.95025806140767 0
      vertex 91.4819130844235 -109.88819657051353 0
      vertex 91.4819130844235 -109.88819657051353 10
    endloop
  endfacet
  facet normal 0.1736481776669095 -0.9848077530122118 0
    outer loop
      vertex 91.4819130844235 -109.88819657051353 0
      vertex 91.97344289342597 -109.80152660336393 0
      vertex 91.97344289342597 -109.80152660336393 10
    endloop
  endfacet
  facet normal 0.22252093395632622 -0.974927912181821 0
    outer loop
      vertex 91.97344289342597 -109.80152660336393 0
      vertex 92.46004155087984 -109.69046363515307 0
      vertex 92.46004155087984 -109.69046363515307 10
    endloop
  endfacet
  facet normal 0.2708404681430189 -0.9626242469500081 0
    outer loop
      vertex 92.46004155087984 -109.69046363515307 0
      vertex 92.94049929585314 -109.55528378591926 0
      vertex 92.94049929585314 -109.55528378591926 10
    endloop
  endfacet
  facet normal 0.31848665025167805 -0.9479273461671339 0
    outer loop
      vertex 92.94049929585314 -109.55528378591926 0
      vertex 93.41362163468995 -109.39632313406693 0
      vertex 93.41362163468995 -109.39632313406693 10
    endloop
  endfacet
  facet normal 0.3653410243663983 -0.9308737486442029 0
    outer loop
      vertex 93.41362163468995 -109.39632313406693 0
      vertex 93.87823231070969 -109.21397688082277 0
      vertex 93.87823231070969 -109.21397688082277 10
    endloop
  endfacet
  facet normal 0.4112871031306115 -0.911505852311673 0
    outer loop
      vertex 93.87823231070969 -109.21397688082277 0
      vertex 94.33317622856676 -109.0086983677032 0
      vertex 94.33317622856676 -109.0086983677032 10
    endloop
  endfacet
  facet normal 0.45621065735315036 -0.889871808811475 0
    outer loop
      vertex 94.33317622856676 -109.0086983677032 0
      vertex 94.77732232599939 -108.78099794943599 0
      vertex 94.77732232599939 -108.78099794943599 10
    endloop
  endfacet
  facet normal 0.49999999999999833 -0.8660254037844396 0
    outer loop
      vertex 94.77732232599939 -108.78099794943599 0
      vertex 95.20956638582877 -108.53144172513788 0
      vertex 95.20956638582877 -108.53144172513788 10
    endloop
  endfacet
  facet normal 0.5425462638657654 -0.8400259231507675 0
    outer loop
      vertex 95.20956638582877 -108.53144172513788 0
      vertex 95.62883378121685 -108.2606501309031 0
      vertex 95.62883378121685 -108.2606501309031 10
    endloop
  endfacet
  facet normal 0.5837436722347938 -0.8119380057158535 0
    outer loop
      vertex 95.62883378121685 -108.2606501309031 0
      vertex 96.03408214735802 -107.96929639730145 0
      vertex 96.03408214735802 -107.96929639730145 10
    endloop
  endfacet
  facet normal 0.6234898018587356 -0.781831482468028 0
    outer loop
      vertex 96.03408214735802 -107.96929639730145 0
      vertex 96.42430397296225 -107.65810487562096 0
      vertex 96.42430397296225 -107.65810487562096 10
    endloop
  endfacet
  facet normal 0.6616858375968591 -0.7497812029677344 0
    outer loop
      vertex 96.42430397296225 -107.65810487562096 0
      vertex 96.7985291050869 -107.32784923701655 0
      vertex 96.7985291050869 -107.32784923701655 10
    endloop
  endfacet
  facet normal 0.6982368180860703 -0.715866849259721 0
    outer loop
      vertex 96.7985291050869 -107.32784923701655 0
      vertex 97.15582716108977 -106.97935054904158 0
      vertex 97.15582716108977 -106.97935054904158 10
    endloop
  endfacet
  facet normal 0.7330518718298217 -0.6801727377709244 0
    outer loop
      vertex 97.15582716108977 -106.97935054904158 0
      vertex 97.49530984170701 -106.61347523434456 0
      vertex 97.49530984170701 -106.61347523434456 10
    endloop
  endfacet
  facet normal 0.7660444431189856 -0.6427876096865303 0
    outer loop
      vertex 97.49530984170701 -106.61347523434456 0
      vertex 97.81613313950497 -106.23113291660592 0
      vertex 97.81613313950497 -106.23113291660592 10
    endloop
  endfacet
  facet normal 0.7971325072229222 -0.6038044103254778 0
    outer loop
      vertex 97.81613313950497 -106.23113291660592 0
      vertex 98.11749943721571 -105.83327415907024 0
      vertex 98.11749943721571 -105.83327415907024 10
    endloop
  endfacet
  facet normal 0.8262387743159904 -0.5633200580636287 0
    outer loop
      vertex 98.11749943721571 -105.83327415907024 0
      vertex 98.39865949073922 -105.42088810129624 0
      vertex 98.39865949073922 -105.42088810129624 10
    endloop
  endfacet
  facet normal 0.8532908816321583 -0.5214352033794938 0
    outer loop
      vertex 98.39865949073922 -105.42088810129624 0
      vertex 98.65891429188223 -104.99499999999999 0
      vertex 98.65891429188223 -104.99499999999999 10
    endloop
  endfacet
  facet normal 0.8782215733702282 -0.47825397862131874 0
    outer loop
      vertex 98.65891429188223 -104.99499999999999 0
      vertex 98.89761680620279 -104.55666868010516 0
      vertex 98.89761680620279 -104.55666868010516 10
    endloop
  endfacet
  facet normal 0.900968867902414 -0.4338837391175688 0
    outer loop
      vertex 98.89761680620279 -104.55666868010516 0
      vertex 99.11417358163985 -104.10698390233742 0
      vertex 99.11417358163985 -104.10698390233742 10
    endloop
  endfacet
  facet normal 0.9214762118704168 -0.3884347962746729 0
    outer loop
      vertex 99.11417358163985 -104.10698390233742 0
      vertex 99.30804622392847 -103.64706365390761 0
      vertex 99.30804622392847 -103.64706365390761 10
    endloop
  endfacet
  facet normal 0.9396926207859013 -0.3420201433256877 0
    outer loop
      vertex 99.30804622392847 -103.64706365390761 0
      vertex 99.47875273513299 -103.17805136901936 0
      vertex 99.47875273513299 -103.17805136901936 10
    endloop
  endfacet
  facet normal 0.9555728057861416 -0.29475517441090116 0
    outer loop
      vertex 99.47875273513299 -103.17805136901936 0
      vertex 99.62586871196962 -102.70111308611148 0
      vertex 99.62586871196962 -102.70111308611148 10
    endloop
  endfacet
  facet normal 0.9690772862290787 -0.24675739769029076 0
    outer loop
      vertex 99.62586871196962 -102.70111308611148 0
      vertex 99.74902840094005 -102.2174345489027 0
      vertex 99.74902840094005 -102.2174345489027 10
    endloop
  endfacet
  facet normal 0.9801724878485427 -0.19814614319940355 0
    outer loop
      vertex 99.74902840094005 -102.2174345489027 0
      vertex 99.8479256076522 -101.72821825844596 0
      vertex 99.8479256076522 -101.72821825844596 10
    endloop
  endfacet
  facet normal 0.9888308262251294 -0.14904226617616775 0
    outer loop
      vertex 99.8479256076522 -101.72821825844596 0
      vertex 99.92231445806772 -101.23468048352132 0
      vertex 99.92231445806772 -101.23468048352132 10
    endloop
  endfacet
  facet normal 0.9950307753654025 -0.09956784659580581 0
    outer loop
      vertex 99.92231445806772 -101.23468048352132 0
      vertex 99.9720100097836 -100.7380482368001 0
      vertex 99.9720100097836 -100.7380482368001 10
    endloop
  endfacet
  facet normal 0.9987569212189221 -0.049845885660702506 0
    outer loop
      vertex 99.9720100097836 -100.7380482368001 0
      vertex 99.99688871182816 -100.2395562242981 0
      vertex 99.99688871182816 -100.2395562242981 10
    endloop
  endfacet
  facet normal 1 0 0
    outer loop
      vertex 99.99688871182816 -100.2395562242981 0
      vertex 99.99688871182816 -99.99499999999999 0
      vertex 99.99688871182816 -99.99499999999999 10
    endloop
  endfacet
  facet normal 0.024930691738070145 -0.9996891820008164 0
    outer loop
      vertex 89.99499999999999 -109.99987530778472 0
      vertex 90.48895731546358 -109.98755678140141 10
      vertex 89.99499999999999 -109.99987530778472 10
    endloop
  endfacet
  facet normal 0.07473009358642176 -0.9972037971811804 0
    outer loop
      vertex 90.48895731546358 -109.98755678140141 0
      vertex 90.98667414442411 -109.95025806140767 10
      vertex 90.48895731546358 -109.98755678140141 10
    endloop
  endfacet
  facet normal 0.12434370464749754 -0.9922392066001705 0
    outer loop
      vertex 90.98667414442411 -109.95025806140767 0
      vertex 91.4819130844235 -109.88819657051353 10
      vertex 90.98667414442411 -109.95025806140767 10
    endloop
  endfacet
  facet normal 0.1736481776669095 -0.9848077530122118 0
    outer loop
      vertex 91.4819130844235 -109.88819657051353 0
      vertex 91.97344289342597 -109.80152660336393 10
      vertex 91.4819130844235 -109.88819657051353 10
    endloop
  endfacet
  facet normal 0.22252093395632622 -0.974927912181821 0
    outer loop
      vertex 91.97344289342597 -109.80152660336393 0
      vertex 92.46004155087984 -109.69046363515307 10
      vertex 91.97344289342597 -109.80152660336393 10
    endloop
  endfacet
  facet normal 0.2708404681430189 -0.9626242469500081 0
    outer loop
      vertex 92.46004155087984 -109.69046363515307 0
      vertex 92.94049929585314 -109.55528378591926 10
      vertex 92.46004155087984 -109.69046363515307 10
    endloop
  endfacet
  facet normal 0.31848665025167805 -0.9479273461671339 0
    outer loop
      vertex 92.94049929585314 -109.55528378591926 0
      vertex 93.41362163468995 -109.39632313406693 10
      vertex 92.94049929585314 -109.55528378591926 10
    endloop
  endfacet
  facet normal 0.3653410243663983 -0.9308737486442029 0
    outer loop
      vertex 93.41362163468995 -109.39632313406693 0
      vertex 93.87823231070969 -109.21397688082277 10
      vertex 93.41362163468995 -109.39632313406693 10
    endloop
  endfacet
  facet normal 0.4112871031306115 -0.911505852311673 0
    outer loop
      vertex 93.87823231070969 -109.21397688082277 0
      vertex 94.33317622856676 -109.0086983677032 10
      vertex 93.87823231070969 -109.21397688082277 10
    endloop
  endfacet
  facet normal 0.45621065735315036 -0.889871808811475 0
    outer loop
      vertex 94.33317622856676 -109.0086983677032 0
      vertex 94.77732232599939 -108.78099794943599 10
      vertex 94.33317622856676 -109.0086983677032 10
    endloop
  endfacet
  facet normal 0.49999999999999833 -0.8660254037844396 0
    outer loop
      vertex 94.77732232599939 -108.78099794943599 0
      vertex 95.20956638582877 -108.53144172513788 10
      vertex 94.77732232599939 -108.78099794943599 10
    endloop
  endfacet
  facet normal 0.5425462638657654 -0.8400259231507675 0
    outer loop
      vertex 95.20956638582877 -108.53144172513788 0
      vertex 95.62883378121685 -108.2606501309031 10
      vertex 95.20956638582877 -108.53144172513788 10
    endloop
  endfacet
  facet normal 0.5837436722347938 -0.8119380057158535 0
    outer loop
      vertex 95.62883378121685 -108.2606501309031 0
      vertex 96.03408214735802 -107.96929639730145 10
      vertex 95.62883378121685 -108.2606501309031 10
    endloop
  endfacet
  facet normal 0.6234898018587356 -0.781831482468028 0
    outer loop
      vertex 96.03408214735802 -107.96929639730145 0
      vertex 96.42430397296225 -107.65810487562096 10
      vertex 96.03408214735802 -107.96929639730145 10
    endloop
  endfacet
  facet normal 0.6616858375968591 -0.7497812029677344 0
    outer loop
      vertex 96.42430397296225 -107.65810487562096 0
      vertex 96.7985291050869 -107.32784923701655 10
      vertex 96.42430397296225 -107.65810487562096 10
    endloop
  endfacet
  facet normal 0.6982368180860703 -0.715866849259721 0
    outer loop
      vertex 96.7985291050869 -107.32784923701655 0
      vertex 97.15582716108977 -106.97935054904158 10
      vertex 96.7985291050869 -107.32784923701655 10
    endloop
  endfacet
  facet normal 0.7330518718298217 -0.6801727377709244 0
    outer loop
      vertex 97.15582716108977 -106.97935054904158 0
      vertex 97.49530984170701 -106.61347523434456 10
      vertex 97.15582716108977 -106.97935054904158 10
    endloop
  endfacet
  facet normal 0.7660444431189856 -0.6427876096865303 0
    outer loop
      vertex 97.49530984170701 -106.61347523434456 0
      vertex 97.81613313950497 -106.23113291660592 10
      vertex 97.49530984170701 -106.61347523434456 10
    endloop
  endfacet
  facet normal 0.7971325072229222 -0.6038044103254778 0
    outer loop
      vertex 97.81613313950497 -106.23113291660592 0
      vertex 98.11749943721571 -105.83327415907024 10
      vertex 97.81613313950497 -106.23113291660592 10
    endloop
  endfacet
  facet normal 0.8262387743159904 -0.5633200580636287 0
    outer loop
      vertex 98.11749943721571 -105.83327415907024 0
      vertex 98.39865949073922 -105.42088810129624 10
      vertex 98.11749943721571 -105.83327415907024 10
    endloop
  endfacet
  facet normal 0.8532908816321583 -0.5214352033794938 0
    outer loop
      vertex 98.39865949073922 -105.42088810129624 0
      vertex 98.65891429188223 -104.99499999999999 10
      vertex 98.39865949073922 -105.42088810129624 10
    endloop
  endfacet
  facet normal 0.8782215733702282 -0.47825397862131874 0
    outer loop
      vertex 98.65891429188223 -104.99499999999999 0
      vertex 98.89761680620279 -104.55666868010516 10
      vertex 98.65891429188223 -104.99499999999999 10
    endloop
  endfacet
  facet normal 0.900968867902414 -0.4338837391175688 0
    outer loop
      vertex 98.89761680620279 -104.55666868010516 0
      vertex 99.11417358163985 -104.10698390233742 10
      vertex 98.89761680620279 -104.55666868010516 10
    endloop
  endfacet
  facet normal 0.9214762118704168 -0.3884347962746729 0
    outer loop
      vertex 99.11417358163985 -104.10698390233742 0
      vertex 99.30804622392847 -103.64706365390761 10
      vertex 99.11417358163985 -104.10698390233742 10
    endloop
  endfacet
  facet normal 0.9396926207859013 -0.3420201433256877 0
    outer loop
      vertex 99.30804622392847 -103.64706365390761 0
      vertex 99.47875273513299 -103.17805136901936 10
      vertex 99.30804622392847 -103.64706365390761 10
    endloop
  endfacet
  facet normal 0.9555728057861416 -0.29475517441090116 0
    outer loop
      vertex 99.47875273513299 -103.17805136901936 0
      vertex 99.62586871196962 -102.70111308611148 10
      vertex 99.47875273513299 -103.17805136901936 10
    endloop
  endfacet
  facet normal 0.9690772862290787 -0.24675739769029076 0
    outer loop
      vertex 99.62586871196962 -102.70111308611148 0
      vertex 99.74902840094005 -102.2174345489027 10
      vertex 99.62586871196962 -102.70111308611148 10
    endloop
  endfacet
  facet normal 0.9801724878485427 -0.19814614319940355 0
    outer loop
      vertex 99.74902840094005 -102.2174345489027 0
      vertex 99.8479256076522 -101.72821825844596 10
      vertex 99.74902840094005 -102.2174345489027 10
    endloop
  endfacet
  facet normal 0.9888308262251294 -0.14904226617616775 0
    outer loop
      vertex 99.8479256076522 -101.72821825844596 0
      vertex 99.92231445806772 -101.23468048352132 10
      vertex 99.8479256076522 -101.72821825844596 10
    endloop
  endfacet
  facet normal 0.9950307753654025 -0.09956784659580581 0
    outer loop
      vertex 99.92231445806772 -101.23468048352132 0
      vertex 99.9720100097836 -100.7380482368001 10
      vertex 99.92231445806772 -101.23468048352132 10
    endloop
  endfacet
  facet normal 0.9987569212189221 -0.049845885660702506 0
    outer loop
      vertex 99.9720100097836 -100.7380482368001 0
      vertex 99.99688871182816 -100.2395562242981 10
      vertex 99.9720100097836 -100.7380482368001 10
    endloop
  endfacet
  facet normal 1 0 0
    outer loop
      vertex 99.99688871182816 -100.2395562242981 0
      vertex 99.99688871182816 -99.99499999999999 10
      vertex 99.99688871182816 -100.2395562242981 10
    endloop
  endfacet
  facet normal 0 1 0
    outer loop
      vertex 89.99499999999999 109.99688871182816 0
      vertex 89.99499999999999 109.99688871182816 10
      vertex 90.2395562242981 109.99688871182816 0
    endloop
  endfacet
  facet normal 0.049845885660702506 0.9987569212189221 0
    outer loop
      vertex 90.2395562242981 109.99688871182816 0
      vertex 90.2395562242981 109.99688871182816 10
      vertex 90.7380482368001 109.9720100097836 0
    endloop
  endfacet
  facet normal 0.09956784659580581 0.9950307753654025 0
    outer loop
      vertex 90.7380482368001 109.9720100097836 0
      vertex 90.7380482368001 109.9720100097836 10
      vertex 91.23468048352132 109.92231445806772 0
    endloop
  endfacet
  facet normal 0.14904226617616775 0.9888308262251294 0
    outer loop
      vertex 91.23468048352132 109.92231445806772 0
      vertex 91.23468048352132 109.92231445806772 10
      vertex 91.72821825844596 109.8479256076522 0
    endloop
  endfacet
  facet normal 0.19814614319940355 0.9801724878485427 0
    outer loop
      vertex 91.72821825844596 109.8479256076522 0
      vertex 91.72821825844596 109.8479256076522 10
      vertex 92.2174345489027 109.74902840094005 0
    endloop
  endfacet
  facet normal 0.24675739769029076 0.9690772862290787 0
    outer loop
      vertex 92.2174345489027 109.74902840094005 0
      vertex 92.2174345489027 109.74902840094005 10
      vertex 92.70111308611148 109.62586871196962 0
    endloop
  endfacet
  facet normal 0.29475517441090116 0.9555728057861416 0
    outer loop
      vertex 92.70111308611148 109.62586871196962 0
      vertex 92.70111308611148 109.62586871196962 10
      vertex 93.17805136901936 109.47875273513299 0
    endloop
  endfacet
  facet normal 0.3420201433256877 0.9396926207859013 0
    outer loop
      vertex 93.17805136901936 109.47875273513299 0
      vertex 93.17805136901936 109.47875273513299 10
      vertex 93.64706365390761 109.30804622392847 0
    endloop
  endfacet
  facet normal 0.9996891820008164 0.024930691738070145 0
    outer loop
      vertex 99.99987530778472 99.99499999999999 0
      vertex 99.98755678140141 100.48895731546358 0
      vertex 99.98755678140141 100.48895731546358 10
    endloop
  endfacet
  facet normal 0.9972037971811804 0.07473009358642176 0
    outer loop
      vertex 99.98755678140141 100.48895731546358 0
      vertex 99.95025806140767 100.98667414442411 0
      vertex 99.95025806140767 100.98667414442411 10
    endloop
  endfacet
  facet normal 0.9922392066001705 0.12434370464749754 0
    outer loop
      vertex 99.95025806140767 100.98667414442411 0
      vertex 99.88819657051353 101.4819130844235 0
      vertex 99.88819657051353 101.4819130844235 10
    endloop
  endfacet
  facet normal 0.9848077530122118 0.1736481776669095 0
    outer loop
      vertex 99.88819657051353 101.4819130844235 0
      vertex 99.80152660336393 101.97344289342597 0
      vertex 99.80152660336393 101.97344289342597 10
    endloop
  endfacet
  facet normal 0.9626242469500081 0.2708404681430189 0
    outer loop
      vertex 99.55528378591926 102.94049929585314 0
      vertex 99.55528378591926 102.94049929585314 10
      vertex 99.69046363515307 102.46004155087984 0
    endloop
  endfacet
  facet normal 0.974927912181821 0.22252093395632622 0
    outer loop
      vertex 99.80152660336393 101.97344289342597 0
      vertex 99.69046363515307 102.46004155087984 0
      vertex 99.69046363515307 102.46004155087984 10
    endloop
  endfacet
  facet normal 0.4338837391175688 0.900968867902414 0
    outer loop
      vertex 94.10698390233742 109.11417358163985 0
      vertex 94.10698390233742 109.11417358163985 10
      vertex 94.55666868010516 108.89761680620279 0
    endloop
  endfacet
  facet normal 0.3884347962746729 0.9214762118704168 0
    outer loop
      vertex 93.64706365390761 109.30804622392847 0
      vertex 93.64706365390761 109.30804622392847 10
      vertex 94.10698390233742 109.11417358163985 0
    endloop
  endfacet
  facet normal 0.47825397862131874 0.8782215733702282 0
    outer loop
      vertex 94.55666868010516 108.89761680620279 0
      vertex 94.55666868010516 108.89761680620279 10
      vertex 94.99499999999999 108.65891429188223 0
    endloop
  endfacet
  facet normal 0.5214352033794938 0.8532908816321583 0
    outer loop
      vertex 94.99499999999999 108.65891429188223 0
      vertex 94.99499999999999 108.65891429188223 10
      vertex 95.42088810129624 108.39865949073922 0
    endloop
  endfacet
  facet normal 0.6038044103254778 0.7971325072229222 0
    outer loop
      vertex 95.83327415907024 108.11749943721571 0
      vertex 95.83327415907024 108.11749943721571 10
      vertex 96.23113291660592 107.81613313950497 0
    endloop
  endfacet
  facet normal 0.6801727377709244 0.7330518718298217 0
    outer loop
      vertex 96.61347523434456 107.49530984170701 0
      vertex 96.61347523434456 107.49530984170701 10
      vertex 96.97935054904158 107.15582716108977 0
    endloop
  endfacet
  facet normal 0.6427876096865303 0.7660444431189856 0
    outer loop
      vertex 96.23113291660592 107.81613313950497 0
      vertex 96.23113291660592 107.81613313950497 10
      vertex 96.61347523434456 107.49530984170701 0
    endloop
  endfacet
  facet normal 0.5633200580636287 0.8262387743159904 0
    outer loop
      vertex 95.83327415907024 108.11749943721571 0
      vertex 95.42088810129624 108.39865949073922 0
      vertex 95.42088810129624 108.39865949073922 10
    endloop
  endfacet
  facet normal 0.8400259231507675 0.5425462638657654 0
    outer loop
      vertex 98.2606501309031 105.62883378121685 0
      vertex 98.2606501309031 105.62883378121685 10
      vertex 98.53144172513788 105.20956638582877 0
    endloop
  endfacet
  facet normal 0.781831482468028 0.6234898018587356 0
    outer loop
      vertex 97.96929639730145 106.03408214735802 0
      vertex 97.65810487562096 106.42430397296225 0
      vertex 97.65810487562096 106.42430397296225 10
    endloop
  endfacet
  facet normal 0.8119380057158535 0.5837436722347938 0
    outer loop
      vertex 98.2606501309031 105.62883378121685 0
      vertex 97.96929639730145 106.03408214735802 0
      vertex 97.96929639730145 106.03408214735802 10
    endloop
  endfacet
  facet normal 0.911505852311673 0.4112871031306115 0
    outer loop
      vertex 99.21397688082277 103.87823231070969 0
      vertex 99.0086983677032 104.33317622856676 0
      vertex 99.0086983677032 104.33317622856676 10
    endloop
  endfacet
  facet normal 0.889871808811475 0.45621065735315036 0
    outer loop
      vertex 98.78099794943599 104.77732232599939 0
      vertex 98.78099794943599 104.77732232599939 10
      vertex 99.0086983677032 104.33317622856676 0
    endloop
  endfacet
  facet normal 0.9479273461671339 0.31848665025167805 0
    outer loop
      vertex 99.55528378591926 102.94049929585314 0
      vertex 99.39632313406693 103.41362163468995 0
      vertex 99.39632313406693 103.41362163468995 10
    endloop
  endfacet
  facet normal 0.9308737486442029 0.3653410243663983 0
    outer loop
      vertex 99.21397688082277 103.87823231070969 0
      vertex 99.21397688082277 103.87823231070969 10
      vertex 99.39632313406693 103.41362163468995 0
    endloop
  endfacet
  facet normal 0.8660254037844396 0.49999999999999833 0
    outer loop
      vertex 98.78099794943599 104.77732232599939 0
      vertex 98.53144172513788 105.20956638582877 0
      vertex 98.53144172513788 105.20956638582877 10
    endloop
  endfacet
  facet normal 0.715866849259721 0.6982368180860703 0
    outer loop
      vertex 96.97935054904158 107.15582716108977 0
      vertex 96.97935054904158 107.15582716108977 10
      vertex 97.32784923701655 106.7985291050869 0
    endloop
  endfacet
  facet normal 0.7497812029677344 0.6616858375968591 0
    outer loop
      vertex 97.65810487562096 106.42430397296225 0
      vertex 97.32784923701655 106.7985291050869 0
      vertex 97.32784923701655 106.7985291050869 10
    endloop
  endfacet
  facet normal 0 1 0
    outer loop
      vertex 90.2395562242981 109.99688871182816 0
      vertex 89.99499999999999 109.99688871182816 10
      vertex 90.2395562242981 109.99688871182816 10
    endloop
  endfacet
  facet normal 0.049845885660702506 0.9987569212189221 0
    outer loop
      vertex 90.7380482368001 109.9720100097836 0
      vertex 90.2395562242981 109.99688871182816 10
      vertex 90.7380482368001 109.9720100097836 10
    endloop
  endfacet
  facet normal 0.09956784659580581 0.9950307753654025 0
    outer loop
      vertex 91.23468048352132 109.92231445806772 0
      vertex 90.7380482368001 109.9720100097836 10
      vertex 91.23468048352132 109.92231445806772 10
    endloop
  endfacet
  facet normal 0.14904226617616775 0.9888308262251294 0
    outer loop
      vertex 91.72821825844596 109.8479256076522 0
      vertex 91.23468048352132 109.92231445806772 10
      vertex 91.72821825844596 109.8479256076522 10
    endloop
  endfacet
  facet normal 0.19814614319940355 0.9801724878485427 0
    outer loop
      vertex 92.2174345489027 109.74902840094005 0
      vertex 91.72821825844596 109.8479256076522 10
      vertex 92.2174345489027 109.74902840094005 10
    endloop
  endfacet
  facet normal 0.24675739769029076 0.9690772862290787 0
    outer loop
      vertex 92.70111308611148 109.62586871196962 0
      vertex 92.2174345489027 109.74902840094005 10
      vertex 92.70111308611148 109.62586871196962 10
    endloop
  endfacet
  facet normal 0.29475517441090116 0.9555728057861416 0
    outer loop
      vertex 93.17805136901936 109.47875273513299 0
      vertex 92.70111308611148 109.62586871196962 10
      vertex 93.17805136901936 109.47875273513299 10
    endloop
  endfacet
  facet normal 0.3420201433256877 0.9396926207859013 0
    outer loop
      vertex 93.64706365390761 109.30804622392847 0
      vertex 93.17805136901936 109.47875273513299 10
      vertex 93.64706365390761 109.30804622392847 10
    endloop
  endfacet
  facet normal 0.9996891820008164 0.024930691738070145 0
    outer loop
      vertex 99.99987530778472 99.99499999999999 0
      vertex 99.98755678140141 100.48895731546358 10
      vertex 99.99987530778472 99.99499999999999 10
    endloop
  endfacet
  facet normal 0.9972037971811804 0.07473009358642176 0
    outer loop
      vertex 99.98755678140141 100.48895731546358 0
      vertex 99.95025806140767 100.98667414442411 10
      vertex 99.98755678140141 100.48895731546358 10
    endloop
  endfacet
  facet normal 0.9922392066001705 0.12434370464749754 0
    outer loop
      vertex 99.95025806140767 100.98667414442411 0
      vertex 99.88819657051353 101.4819130844235 10
      vertex 99.95025806140767 100.98667414442411 10
    endloop
  endfacet
  facet normal 0.9848077530122118 0.1736481776669095 0
    outer loop
      vertex 99.88819657051353 101.4819130844235 0
      vertex 99.80152660336393 101.97344289342597 10
      vertex 99.88819657051353 101.4819130844235 10
    endloop
  endfacet
  facet normal 0.974927912181821 0.22252093395632622 0
    outer loop
      vertex 99.80152660336393 101.97344289342597 0
      vertex 99.69046363515307 102.46004155087984 10
      vertex 99.80152660336393 101.97344289342597 10
    endloop
  endfacet
  facet normal 0.9479273461671339 0.31848665025167805 0
    outer loop
      vertex 99.55528378591926 102.94049929585314 0
      vertex 99.39632313406693 103.41362163468995 10
      vertex 99.55528378591926 102.94049929585314 10
    endloop
  endfacet
  facet normal 0.9626242469500081 0.2708404681430189 0
    outer loop
      vertex 99.69046363515307 102.46004155087984 0
      vertex 99.55528378591926 102.94049929585314 10
      vertex 99.69046363515307 102.46004155087984 10
    endloop
  endfacet
  facet normal 0.4338837391175688 0.900968867902414 0
    outer loop
      vertex 94.55666868010516 108.89761680620279 0
      vertex 94.10698390233742 109.11417358163985 10
      vertex 94.55666868010516 108.89761680620279 10
    endloop
  endfacet
  facet normal 0.3884347962746729 0.9214762118704168 0
    outer loop
      vertex 94.10698390233742 109.11417358163985 0
      vertex 93.64706365390761 109.30804622392847 10
      vertex 94.10698390233742 109.11417358163985 10
    endloop
  endfacet
  facet normal 0.47825397862131874 0.8782215733702282 0
    outer loop
      vertex 94.99499999999999 108.65891429188223 0
      vertex 94.55666868010516 108.89761680620279 10
      vertex 94.99499999999999 108.65891429188223 10
    endloop
  endfacet
  facet normal 0.5214352033794938 0.8532908816321583 0
    outer loop
      vertex 95.42088810129624 108.39865949073922 0
      vertex 94.99499999999999 108.65891429188223 10
      vertex 95.42088810129624 108.39865949073922 10
    endloop
  endfacet
  facet normal 0.5633200580636287 0.8262387743159904 0
    outer loop
      vertex 95.83327415907024 108.11749943721571 0
      vertex 95.42088810129624 108.39865949073922 10
      vertex 95.83327415907024 108.11749943721571 10
    endloop
  endfacet
  facet normal 0.6801727377709244 0.7330518718298217 0
    outer loop
      vertex 96.97935054904158 107.15582716108977 0
      vertex 96.61347523434456 107.49530984170701 10
      vertex 96.97935054904158 107.15582716108977 10
    endloop
  endfacet
  facet normal 0.6038044103254778 0.7971325072229222 0
    outer loop
      vertex 96.23113291660592 107.81613313950497 0
      vertex 95.83327415907024 108.11749943721571 10
      vertex 96.23113291660592 107.81613313950497 10
    endloop
  endfacet
  facet normal 0.6427876096865303 0.7660444431189856 0
    outer loop
      vertex 96.61347523434456 107.49530984170701 0
      vertex 96.23113291660592 107.81613313950497 10
      vertex 96.61347523434456 107.49530984170701 10
    endloop
  endfacet
  facet normal 0.7497812029677344 0.6616858375968591 0
    outer loop
      vertex 97.65810487562096 106.42430397296225 0
      vertex 97.32784923701655 106.7985291050869 10
      vertex 97.65810487562096 106.42430397296225 10
    endloop
  endfacet
  facet normal 0.781831482468028 0.6234898018587356 0
    outer loop
      vertex 97.96929639730145 106.03408214735802 0
      vertex 97.65810487562096 106.42430397296225 10
      vertex 97.96929639730145 106.03408214735802 10
    endloop
  endfacet
  facet normal 0.8119380057158535 0.5837436722347938 0
    outer loop
      vertex 98.2606501309031 105.62883378121685 0
      vertex 97.96929639730145 106.03408214735802 10
      vertex 98.2606501309031 105.62883378121685 10
    endloop
  endfacet
  facet normal 0.911505852311673 0.4112871031306115 0
    outer loop
      vertex 99.21397688082277 103.87823231070969 0
      vertex 99.0086983677032 104.33317622856676 10
      vertex 99.21397688082277 103.87823231070969 10
    endloop
  endfacet
  facet normal 0.889871808811475 0.45621065735315036 0
    outer loop
      vertex 99.0086983677032 104.33317622856676 0
      vertex 98.78099794943599 104.77732232599939 10
      vertex 99.0086983677032 104.33317622856676 10
    endloop
  endfacet
  facet normal 0.9308737486442029 0.3653410243663983 0
    outer loop
      vertex 99.39632313406693 103.41362163468995 0
      vertex 99.21397688082277 103.87823231070969 10
      vertex 99.39632313406693 103.41362163468995 10
    endloop
  endfacet
  facet normal 0.8660254037844396 0.49999999999999833 0
    outer loop
      vertex 98.78099794943599 104.77732232599939 0
      vertex 98.53144172513788 105.20956638582877 10
      vertex 98.78099794943599 104.77732232599939 10
    endloop
  endfacet
  facet normal 0.8400259231507675 0.5425462638657654 0
    outer loop
      vertex 98.53144172513788 105.20956638582877 0
      vertex 98.2606501309031 105.62883378121685 10
      vertex 98.53144172513788 105.20956638582877 10
    endloop
  endfacet
  facet normal 0.715866849259721 0.6982368180860703 0
    outer loop
      vertex 97.32784923701655 106.7985291050869 0
      vertex 96.97935054904158 107.15582716108977 10
      vertex 97.32784923701655 106.7985291050869 10
    endloop
  endfacet
  facet normal 0 0 -1
    outer loop
      vertex -97.32784923701655 -106.7985291050869 0
      vertex -97.65810487562096 -106.42430397296225 0
      vertex -87.4 -101.5 0
    endloop
  endfacet
  facet normal 0 0 -1
    outer loop
      vertex -97.32784923701655 -106.7985291050869 0
      vertex -87.4 -101.5 0
      vertex -96.97935054904158 -107.15582716108977 0
    endloop
  endfacet
  facet normal 0 0 -1
    outer loop
      vertex -98.53144172513788 -105.20956638582877 0
      vertex -87.4 -101.5 0
      vertex -98.2606501309031 -105.62883378121685 0
    endloop
  endfacet
  facet normal 0 0 -1
    outer loop
      vertex -97.96929639730145 -106.03408214735802 0
      vertex -98.2606501309031 -105.62883378121685 0
      vertex -87.4 -101.5 0
    endloop
  endfacet
  facet normal 0 0 -1
    outer loop
      vertex -99.0086983677032 -104.33317622856676 0
      vertex -99.21397688082277 -103.87823231070969 0
      vertex -87.4 -101.5 0
    endloop
  endfacet
  facet normal 0 0 -1
    outer loop
      vertex -99.0086983677032 -104.33317622856676 0
      vertex -87.4 -101.5 0
      vertex -98.78099794943599 -104.77732232599939 0
    endloop
  endfacet
  facet normal 0 0 -1
    outer loop
      vertex -98.53144172513788 -105.20956638582877 0
      vertex -98.78099794943599 -104.77732232599939 0
      vertex -87.4 -101.5 0
    endloop
  endfacet
  facet normal 0 0 -1
    outer loop
      vertex -97.65810487562096 -106.42430397296225 0
      vertex -97.96929639730145 -106.03408214735802 0
      vertex -87.4 -101.5 0
    endloop
  endfacet
  facet normal 0 0 -1
    outer loop
      vertex -99.88819657051353 -101.4819130844235 0
      vertex -99.95025806140767 -100.98667414442411 0
      vertex -91.03802457980676 -101.4705458074188 0
    endloop
  endfacet
  facet normal 0 0 -1
    outer loop
      vertex -99.95025806140767 -100.98667414442411 0
      vertex -99.98755678140141 -100.48895731546358 0
      vertex -91.03802457980676 -101.4705458074188 0
    endloop
  endfacet
  facet normal 0 0 -1
    outer loop
      vertex -99.98755678140141 -100.48895731546358 0
      vertex -99.99987530778472 -99.99499999999999 0
      vertex -91.39628032326796 -101.13595829978689 0
    endloop
  endfacet
  facet normal 0 0 -1
    outer loop
      vertex -99.69046363515307 -102.46004155087984 0
      vertex -90.12283634405641 -101.79580378454297 0
      vertex -99.55528378591926 -102.94049929585314 0
    endloop
  endfacet
  facet normal 0 0 -1
    outer loop
      vertex -99.69046363515307 -102.46004155087984 0
      vertex -99.80152660336393 -101.97344289342597 0
      vertex -90.60278330190778 -101.69606965981387 0
    endloop
  endfacet
  facet normal 0 0 -1
    outer loop
      vertex -99.80152660336393 -101.97344289342597 0
      vertex -99.88819657051353 -101.4819130844235 0
      vertex -90.60278330190778 -101.69606965981387 0
    endloop
  endfacet
  facet normal 0 0 -1
    outer loop
      vertex -99.39632313406693 -103.41362163468995 0
      vertex -87.4 -101.5 0
      vertex -99.21397688082277 -103.87823231070969 0
    endloop
  endfacet
  facet normal 0 0 -1
    outer loop
      vertex -99.39632313406693 -103.41362163468995 0
      vertex -99.55528378591926 -102.94049929585314 0
      vertex -87.4 -101.5 0
    endloop
  endfacet
  facet normal 0 0 -1
    outer loop
      vertex -99.88819657051353 -101.4819130844235 0
      vertex -91.03802457980676 -101.4705458074188 0
      vertex -90.60278330190778 -101.69606965981387 0
    endloop
  endfacet
  facet normal 0 0 -1
    outer loop
      vertex -99.99987530778472 -99.99499999999999 0
      vertex -91.65098034270981 -100.71712196172324 0
      vertex -91.39628032326796 -101.13595829978689 0
    endloop
  endfacet
  facet normal 0 0 -1
    outer loop
      vertex -99.98755678140141 -100.48895731546358 0
      vertex -91.39628032326796 -101.13595829978689 0
      vertex -91.03802457980676 -101.4705458074188 0
    endloop
  endfacet
  facet normal 0 0 -1
    outer loop
      vertex -99.99987530778472 -99.99499999999999 0
      vertex -91.7832347028654 -100.24509996837324 0
      vertex -91.65098034270981 -100.71712196172324 0
    endloop
  endfacet
  facet normal 0 0 -1
    outer loop
      vertex -99.99987530778472 -99.99499999999999 0
      vertex -91.7832347028654 -99.75490003162676 0
      vertex -91.7832347028654 -100.24509996837324 0
    endloop
  endfacet
  facet normal 0 0 -1
    outer loop
      vertex -96.23113291660592 -107.81613313950497 0
      vertex -87.4 -101.5 0
      vertex -95.83327415907024 -108.11749943721571 0
    endloop
  endfacet
  facet normal 0 0 -1
    outer loop
      vertex -96.97935054904158 -107.15582716108977 0
      vertex -87.4 -101.5 0
      vertex -96.61347523434456 -107.49530984170701 0
    endloop
  endfacet
  facet normal 0 0 -1
    outer loop
      vertex -96.61347523434456 -107.49530984170701 0
      vertex -87.4 -101.5 0
      vertex -96.23113291660592 -107.81613313950497 0
    endloop
  endfacet
  facet normal 0 0 -1
    outer loop
      vertex -95.42088810129624 -108.39865949073922 0
      vertex -87.4 -101.5 0
      vertex -94.99499999999999 -108.65891429188223 0
    endloop
  endfacet
  facet normal 0 0 -1
    outer loop
      vertex -95.42088810129624 -108.39865949073922 0
      vertex -95.83327415907024 -108.11749943721571 0
      vertex -87.4 -101.5 0
    endloop
  endfacet
  facet normal 0 0 -1
    outer loop
      vertex -94.99499999999999 -108.65891429188223 0
      vertex -87.4 -101.5 0
      vertex -94.55666868010516 -108.89761680620279 0
    endloop
  endfacet
  facet normal 0 0 -1
    outer loop
      vertex -94.55666868010516 -108.89761680620279 0
      vertex -87.4 -101.5 0
      vertex -94.10698390233742 -109.11417358163985 0
    endloop
  endfacet
  facet normal 0 0 -1
    outer loop
      vertex -99.69046363515307 -102.46004155087984 0
      vertex -90.60278330190778 -101.69606965981387 0
      vertex -90.12283634405641 -101.79580378454297 0
    endloop
  endfacet
  facet normal 0 0 -1
    outer loop
      vertex -99.55528378591926 -102.94049929585314 0
      vertex -90.12283634405641 -101.79580378454297 0
      vertex -89.63377917650526 -101.76235135782818 0
    endloop
  endfacet
  facet normal 0 0 -1
    outer loop
      vertex -99.55528378591926 -102.94049929585314 0
      vertex -89.63377917650526 -101.76235135782818 0
      vertex -87.4 -101.5 0
    endloop
  endfacet
  facet normal 0 0 -1
    outer loop
      vertex -87.4 -101.5 0
      vertex -89.63377917650526 -101.76235135782818 0
      vertex -89.17188293208393 -101.59819339312428 0
    endloop
  endfacet
  facet normal 0 0 -1
    outer loop
      vertex -87.4 -101.5 0
      vertex -89.17188293208393 -101.59819339312428 0
      vertex -88.77140434220642 -101.31550473570063 0
    endloop
  endfacet
  facet normal 0 0 -1
    outer loop
      vertex -87.4 -101.5 0
      vertex -88.77140434220642 -101.31550473570063 0
      vertex -88.46204507181632 -100.93525111006377 0
    endloop
  endfacet
  facet normal 0 0 -1
    outer loop
      vertex -87.4 -101.5 0
      vertex -88.46204507181632 -100.93525111006377 0
      vertex -88.26674888277397 -100.48563418808264 0
    endloop
  endfacet
  facet normal 0 0 -1
    outer loop
      vertex -87.4 -101.5 0
      vertex -88.26674888277397 -100.48563418808264 0
      vertex -88.2 -100 0
    endloop
  endfacet
  facet normal 0 0 -1
    outer loop
      vertex -99.99987530778472 -99.99499999999999 0
      vertex -87.4 -72.5 0
      vertex -91.7832347028654 -99.75490003162676 0
    endloop
  endfacet
  facet normal 0 0 -1
    outer loop
      vertex -87.4 -72.5 0
      vertex -91.65098034270981 -99.28287803827676 0
      vertex -91.7832347028654 -99.75490003162676 0
    endloop
  endfacet
  facet normal 0 0 -1
    outer loop
      vertex -87.4 -72.5 0
      vertex -91.39628032326796 -98.86404170021311 0
      vertex -91.65098034270981 -99.28287803827676 0
    endloop
  endfacet
  facet normal 0 0 -1
    outer loop
      vertex -87.4 -72.5 0
      vertex -91.03802457980676 -98.5294541925812 0
      vertex -91.39628032326796 -98.86404170021311 0
    endloop
  endfacet
  facet normal 0 0 -1
    outer loop
      vertex -87.4 -72.5 0
      vertex -90.60278330190778 -98.30393034018613 0
      vertex -91.03802457980676 -98.5294541925812 0
    endloop
  endfacet
  facet normal 0 0 -1
    outer loop
      vertex -87.4 -72.5 0
      vertex -90.12283634405641 -98.20419621545703 0
      vertex -90.60278330190778 -98.30393034018613 0
    endloop
  endfacet
  facet normal 0 0 -1
    outer loop
      vertex -87.4 -101.5 0
      vertex -88.2 -100 0
      vertex -87.4 -72.5 0
    endloop
  endfacet
  facet normal 0 0 -1
    outer loop
      vertex -87.4 -72.5 0
      vertex -89.63377917650526 -98.23764864217182 0
      vertex -90.12283634405641 -98.20419621545703 0
    endloop
  endfacet
  facet normal 0 0 -1
    outer loop
      vertex -87.4 -72.5 0
      vertex -89.17188293208393 -98.40180660687572 0
      vertex -89.63377917650526 -98.23764864217182 0
    endloop
  endfacet
  facet normal 0 0 -1
    outer loop
      vertex -87.4 -72.5 0
      vertex -88.77140434220642 -98.68449526429937 0
      vertex -89.17188293208393 -98.40180660687572 0
    endloop
  endfacet
  facet normal 0 0 -1
    outer loop
      vertex -87.4 -72.5 0
      vertex -88.2 -100 0
      vertex -88.26674888277397 -99.51436581191736 0
    endloop
  endfacet
  facet normal 0 0 -1
    outer loop
      vertex -87.4 -72.5 0
      vertex -88.26674888277397 -99.51436581191736 0
      vertex -88.46204507181632 -99.06474888993623 0
    endloop
  endfacet
  facet normal 0 0 -1
    outer loop
      vertex -87.4 -72.5 0
      vertex -88.46204507181632 -99.06474888993623 0
      vertex -88.77140434220642 -98.68449526429937 0
    endloop
  endfacet
  facet normal 0 0 -1
    outer loop
      vertex -94.10698390233742 -109.11417358163985 0
      vertex -87.4 -101.5 0
      vertex -77.4 -101.5 0
    endloop
  endfacet
  facet normal 0 0 -1
    outer loop
      vertex -94.10698390233742 -109.11417358163985 0
      vertex -43.7 -101.5 0
      vertex -93.64706365390761 -109.30804622392847 0
    endloop
  endfacet
  facet normal 0 0 -1
    outer loop
      vertex -93.64706365390761 -109.30804622392847 0
      vertex -43.7 -101.5 0
      vertex -93.17805136901936 -109.47875273513299 0
    endloop
  endfacet
  facet normal 0 0 -1
    outer loop
      vertex -93.17805136901936 -109.47875273513299 0
      vertex -43.7 -101.5 0
      vertex -92.70111308611148 -109.62586871196962 0
    endloop
  endfacet
  facet normal 0 0 -1
    outer loop
      vertex -92.70111308611148 -109.62586871196962 0
      vertex -43.7 -101.5 0
      vertex -92.2174345489027 -109.74902840094005 0
    endloop
  endfacet
  facet normal 0 0 -1
    outer loop
      vertex -92.2174345489027 -109.74902840094005 0
      vertex -43.7 -101.5 0
      vertex -91.72821825844596 -109.8479256076522 0
    endloop
  endfacet
  facet normal 0 0 -1
    outer loop
      vertex -91.72821825844596 -109.8479256076522 0
      vertex -43.7 -101.5 0
      vertex -91.23468048352132 -109.92231445806772 0
    endloop
  endfacet
  facet normal 0 0 -1
    outer loop
      vertex -91.23468048352132 -109.92231445806772 0
      vertex -43.7 -101.5 0
      vertex -90.7380482368001 -109.9720100097836 0
    endloop
  endfacet
  facet normal 0 0 -1
    outer loop
      vertex -99.99987530778472 -99.99499999999999 0
      vertex -87.4 -43.5 0
      vertex -87.4 -72.5 0
    endloop
  endfacet
  facet normal 0 0 -1
    outer loop
      vertex -90.7380482368001 -109.9720100097836 0
      vertex -43.7 -101.5 0
      vertex -90.2395562242981 -109.99688871182816 0
    endloop
  endfacet
  facet normal 0 0 -1
    outer loop
      vertex -90.2395562242981 -109.99688871182816 0
      vertex -43.7 -101.5 0
      vertex -89.99499999999999 -109.99688871182816 0
    endloop
  endfacet
  facet normal 0 0 -1
    outer loop
      vertex -94.10698390233742 -109.11417358163985 0
      vertex -77.4 -101.5 0
      vertex -43.7 -101.5 0
    endloop
  endfacet
  facet normal 0 0 -1
    outer loop
      vertex -99.99987530778472 -99.99499999999999 0
      vertex -87.4 -14.5 0
      vertex -87.4 -43.5 0
    endloop
  endfacet
  facet normal 0 0 -1
    outer loop
      vertex -100 -99.99499999999999 0
      vertex -99.99688871182816 99.99499999999999 0
      vertex -99.99987530778472 -99.99499999999999 0
    endloop
  endfacet
  facet normal 0 0 -1
    outer loop
      vertex -99.99987530778472 -99.99499999999999 0
      vertex -87.4 14.5 0
      vertex -87.4 -14.5 0
    endloop
  endfacet
  facet normal 0 0 -1
    outer loop
      vertex -99.99987530778472 -99.99499999999999 0
      vertex -87.4 43.5 0
      vertex -87.4 14.5 0
    endloop
  endfacet
  facet normal -1 0 0
    outer loop
      vertex -100 -99.99499999999999 0
      vertex -100 -99.99499999999999 10
      vertex -100 99.99499999999999 0
    endloop
  endfacet
  facet normal 0 0 -1
    outer loop
      vertex -89.99499999999999 -110 0
      vertex -89.99499999999999 -109.99688871182816 0
      vertex 89.99499999999999 -110 0
    endloop
  endfacet
  facet normal 0 0 -1
    outer loop
      vertex -89.99499999999999 -109.99688871182816 0
      vertex -43.7 -101.5 0
      vertex 89.99499999999999 -109.99987530778472 0
    endloop
  endfacet
  facet normal 0 0 1
    outer loop
      vertex -99.95025806140767 -100.98667414442411 10
      vertex -99.99987530778472 -99.99499999999999 10
      vertex -99.98755678140141 -100.48895731546358 10
    endloop
  endfacet
  facet normal 0 0 1
    outer loop
      vertex -91.72821825844596 -109.8479256076522 10
      vertex -91.23468048352132 -109.92231445806772 10
      vertex -91.65098034270981 -100.71712196172324 10
    endloop
  endfacet
  facet normal 0 0 1
    outer loop
      vertex -91.23468048352132 -109.92231445806772 10
      vertex -90.7380482368001 -109.9720100097836 10
      vertex -91.39628032326796 -101.13595829978689 10
    endloop
  endfacet
  facet normal 0 0 1
    outer loop
      vertex -90.7380482368001 -109.9720100097836 10
      vertex -90.2395562242981 -109.99688871182816 10
      vertex -91.03802457980676 -101.4705458074188 10
    endloop
  endfacet
  facet normal 0 0 1
    outer loop
      vertex -91.72821825844596 -109.8479256076522 10
      vertex -91.65098034270981 -100.71712196172324 10
      vertex -91.7832347028654 -100.24509996837324 10
    endloop
  endfacet
  facet normal 0 0 1
    outer loop
      vertex -91.23468048352132 -109.92231445806772 10
      vertex -91.39628032326796 -101.13595829978689 10
      vertex -91.65098034270981 -100.71712196172324 10
    endloop
  endfacet
  facet normal 0 0 1
    outer loop
      vertex -90.7380482368001 -109.9720100097836 10
      vertex -91.03802457980676 -101.4705458074188 10
      vertex -91.39628032326796 -101.13595829978689 10
    endloop
  endfacet
  facet normal 0 0 1
    outer loop
      vertex -90.2395562242981 -109.99688871182816 10
      vertex -90.60278330190778 -101.69606965981387 10
      vertex -91.03802457980676 -101.4705458074188 10
    endloop
  endfacet
  facet normal 0 0 1
    outer loop
      vertex -90.2395562242981 -109.99688871182816 10
      vertex -89.99499999999999 -109.99688871182816 10
      vertex -90.60278330190778 -101.69606965981387 10
    endloop
  endfacet
  facet normal 0 0 1
    outer loop
      vertex -89.99499999999999 -109.99688871182816 10
      vertex -90.12283634405641 -101.79580378454297 10
      vertex -90.60278330190778 -101.69606965981387 10
    endloop
  endfacet
  facet normal 0 0 1
    outer loop
      vertex -89.99499999999999 -109.99688871182816 10
      vertex -89.63377917650526 -101.76235135782818 10
      vertex -90.12283634405641 -101.79580378454297 10
    endloop
  endfacet
  facet normal 0 0 1
    outer loop
      vertex -89.99499999999999 -109.99688871182816 10
      vertex -89.17188293208393 -101.59819339312428 10
      vertex -89.63377917650526 -101.76235135782818 10
    endloop
  endfacet
  facet normal 0 0 1
    outer loop
      vertex -89.99499999999999 -109.99688871182816 10
      vertex -87.4 -101.5 10
      vertex -89.17188293208393 -101.59819339312428 10
    endloop
  endfacet
  facet normal 0 0 1
    outer loop
      vertex -87.4 -101.5 10
      vertex -88.77140434220642 -101.31550473570063 10
      vertex -89.17188293208393 -101.59819339312428 10
    endloop
  endfacet
  facet normal 0 0 1
    outer loop
      vertex -87.4 -101.5 10
      vertex -88.46204507181632 -100.93525111006377 10
      vertex -88.77140434220642 -101.31550473570063 10
    endloop
  endfacet
  facet normal 0 0 1
    outer loop
      vertex -87.4 -101.5 10
      vertex -88.26674888277397 -100.48563418808264 10
      vertex -88.46204507181632 -100.93525111006377 10
    endloop
  endfacet
  facet normal 0 0 1
    outer loop
      vertex -87.4 -101.5 10
      vertex -88.2 -100 10
      vertex -88.26674888277397 -100.48563418808264 10
    endloop
  endfacet
  facet normal 0 0 1
    outer loop
      vertex -87.4 -101.5 10
      vertex -87.4 -72.5 10
      vertex -88.2 -100 10
    endloop
  endfacet
  facet normal 0 0 1
    outer loop
      vertex -87.4 -72.5 10
      vertex -90.12283634405641 -98.20419621545703 10
      vertex -89.63377917650526 -98.23764864217182 10
    endloop
  endfacet
  facet normal 0 0 1
    outer loop
      vertex -87.4 -72.5 10
      vertex -89.63377917650526 -98.23764864217182 10
      vertex -89.17188293208393 -98.40180660687572 10
    endloop
  endfacet
  facet normal 0 0 1
    outer loop
      vertex -87.4 -72.5 10
      vertex -89.17188293208393 -98.40180660687572 10
      vertex -88.77140434220642 -98.68449526429937 10
    endloop
  endfacet
  facet normal 0 0 1
    outer loop
      vertex -87.4 -72.5 10
      vertex -88.26674888277397 -99.51436581191736 10
      vertex -88.2 -100 10
    endloop
  endfacet
  facet normal 0 0 1
    outer loop
      vertex -87.4 -72.5 10
      vertex -88.46204507181632 -99.06474888993623 10
      vertex -88.26674888277397 -99.51436581191736 10
    endloop
  endfacet
  facet normal 0 0 1
    outer loop
      vertex -87.4 -72.5 10
      vertex -88.77140434220642 -98.68449526429937 10
      vertex -88.46204507181632 -99.06474888993623 10
    endloop
  endfacet
  facet normal 0 0 1
    outer loop
      vertex -89.99499999999999 -109.99688871182816 10
      vertex -77.4 -101.5 10
      vertex -87.4 -101.5 10
    endloop
  endfacet
  facet normal 0 0 1
    outer loop
      vertex -89.99499999999999 -109.99688871182816 10
      vertex -75.4 -101.5 10
      vertex -77.4 -101.5 10
    endloop
  endfacet
  facet normal 0 0 1
    outer loop
      vertex -89.99499999999999 -109.99688871182816 10
      vertex -43.7 -101.5 10
      vertex -75.4 -101.5 10
    endloop
  endfacet
  facet normal 0 0 1
    outer loop
      vertex -89.99499999999999 -109.99688871182816 10
      vertex -33.7 -101.5 10
      vertex -43.7 -101.5 10
    endloop
  endfacet
  facet normal 0 0 1
    outer loop
      vertex -89.99499999999999 -109.99688871182816 10
      vertex -31.700000000000003 -101.5 10
      vertex -33.7 -101.5 10
    endloop
  endfacet
  facet normal 0 0 1
    outer loop
      vertex -97.32784923701655 -106.7985291050869 10
      vertex -96.97935054904158 -107.15582716108977 10
      vertex -99.99688871182816 99.99499999999999 10
    endloop
  endfacet
  facet normal 0 0 1
    outer loop
      vertex -96.97935054904158 -107.15582716108977 10
      vertex -96.61347523434456 -107.49530984170701 10
      vertex -99.99688871182816 99.99499999999999 10
    endloop
  endfacet
  facet normal 0 0 1
    outer loop
      vertex -95.42088810129624 -108.39865949073922 10
      vertex -99.99688871182816 99.99499999999999 10
      vertex -95.83327415907024 -108.11749943721571 10
    endloop
  endfacet
  facet normal 0 0 1
    outer loop
      vertex -96.61347523434456 -107.49530984170701 10
      vertex -96.23113291660592 -107.81613313950497 10
      vertex -99.99688871182816 99.99499999999999 10
    endloop
  endfacet
  facet normal 0 0 1
    outer loop
      vertex -96.23113291660592 -107.81613313950497 10
      vertex -95.83327415907024 -108.11749943721571 10
      vertex -99.99688871182816 99.99499999999999 10
    endloop
  endfacet
  facet normal 0 0 1
    outer loop
      vertex -99.0086983677032 -104.33317622856676 10
      vertex -98.78099794943599 -104.77732232599939 10
      vertex -99.99688871182816 99.99499999999999 10
    endloop
  endfacet
  facet normal 0 0 1
    outer loop
      vertex -97.65810487562096 -106.42430397296225 10
      vertex -99.99688871182816 99.99499999999999 10
      vertex -97.96929639730145 -106.03408214735802 10
    endloop
  endfacet
  facet normal 0 0 1
    outer loop
      vertex -97.96929639730145 -106.03408214735802 10
      vertex -99.99688871182816 99.99499999999999 10
      vertex -98.2606501309031 -105.62883378121685 10
    endloop
  endfacet
  facet normal 0 0 1
    outer loop
      vertex -98.53144172513788 -105.20956638582877 10
      vertex -99.99688871182816 99.99499999999999 10
      vertex -98.78099794943599 -104.77732232599939 10
    endloop
  endfacet
  facet normal 0 0 1
    outer loop
      vertex -98.53144172513788 -105.20956638582877 10
      vertex -98.2606501309031 -105.62883378121685 10
      vertex -99.99688871182816 99.99499999999999 10
    endloop
  endfacet
  facet normal 0 0 1
    outer loop
      vertex -99.39632313406693 -103.41362163468995 10
      vertex -99.99688871182816 99.99499999999999 10
      vertex -99.55528378591926 -102.94049929585314 10
    endloop
  endfacet
  facet normal 0 0 1
    outer loop
      vertex -99.39632313406693 -103.41362163468995 10
      vertex -99.21397688082277 -103.87823231070969 10
      vertex -99.99688871182816 99.99499999999999 10
    endloop
  endfacet
  facet normal 0 0 1
    outer loop
      vertex -99.0086983677032 -104.33317622856676 10
      vertex -99.99688871182816 99.99499999999999 10
      vertex -99.21397688082277 -103.87823231070969 10
    endloop
  endfacet
  facet normal 0 0 1
    outer loop
      vertex -99.69046363515307 -102.46004155087984 10
      vertex -99.99688871182816 99.99499999999999 10
      vertex -99.80152660336393 -101.97344289342597 10
    endloop
  endfacet
  facet normal 0 0 1
    outer loop
      vertex -99.69046363515307 -102.46004155087984 10
      vertex -99.55528378591926 -102.94049929585314 10
      vertex -99.99688871182816 99.99499999999999 10
    endloop
  endfacet
  facet normal 0 0 1
    outer loop
      vertex -99.80152660336393 -101.97344289342597 10
      vertex -99.99688871182816 99.99499999999999 10
      vertex -99.88819657051353 -101.4819130844235 10
    endloop
  endfacet
  facet normal 0 0 1
    outer loop
      vertex -97.32784923701655 -106.7985291050869 10
      vertex -99.99688871182816 99.99499999999999 10
      vertex -97.65810487562096 -106.42430397296225 10
    endloop
  endfacet
  facet normal 0 0 1
    outer loop
      vertex -93.64706365390761 -109.30804622392847 10
      vertex -93.17805136901936 -109.47875273513299 10
      vertex -99.99688871182816 99.99499999999999 10
    endloop
  endfacet
  facet normal 0 0 1
    outer loop
      vertex -94.99499999999999 -108.65891429188223 10
      vertex -94.55666868010516 -108.89761680620279 10
      vertex -99.99688871182816 99.99499999999999 10
    endloop
  endfacet
  facet normal 0 0 1
    outer loop
      vertex -95.42088810129624 -108.39865949073922 10
      vertex -94.99499999999999 -108.65891429188223 10
      vertex -99.99688871182816 99.99499999999999 10
    endloop
  endfacet
  facet normal 0 0 1
    outer loop
      vertex -94.55666868010516 -108.89761680620279 10
      vertex -94.10698390233742 -109.11417358163985 10
      vertex -99.99688871182816 99.99499999999999 10
    endloop
  endfacet
  facet normal 0 0 1
    outer loop
      vertex -94.10698390233742 -109.11417358163985 10
      vertex -93.64706365390761 -109.30804622392847 10
      vertex -99.99688871182816 99.99499999999999 10
    endloop
  endfacet
  facet normal 0 0 1
    outer loop
      vertex -93.17805136901936 -109.47875273513299 10
      vertex -92.70111308611148 -109.62586871196962 10
      vertex -99.99688871182816 99.99499999999999 10
    endloop
  endfacet
  facet normal 0 0 1
    outer loop
      vertex -92.70111308611148 -109.62586871196962 10
      vertex -92.2174345489027 -109.74902840094005 10
      vertex -99.99688871182816 99.99499999999999 10
    endloop
  endfacet
  facet normal 0 0 1
    outer loop
      vertex -92.2174345489027 -109.74902840094005 10
      vertex -91.72821825844596 -109.8479256076522 10
      vertex -99.99688871182816 99.99499999999999 10
    endloop
  endfacet
  facet normal 0 0 1
    outer loop
      vertex -91.72821825844596 -109.8479256076522 10
      vertex -91.7832347028654 -100.24509996837324 10
      vertex -99.99688871182816 99.99499999999999 10
    endloop
  endfacet
  facet normal 0 0 1
    outer loop
      vertex -99.88819657051353 -101.4819130844235 10
      vertex -99.99688871182816 99.99499999999999 10
      vertex -99.95025806140767 -100.98667414442411 10
    endloop
  endfacet
  facet normal 0 0 1
    outer loop
      vertex -99.95025806140767 -100.98667414442411 10
      vertex -99.99688871182816 99.99499999999999 10
      vertex -99.99987530778472 -99.99499999999999 10
    endloop
  endfacet
  facet normal 0 0 1
    outer loop
      vertex -100 -99.99499999999999 10
      vertex -99.99987530778472 -99.99499999999999 10
      vertex -100 99.99499999999999 10
    endloop
  endfacet
  facet normal 0 0 1
    outer loop
      vertex -99.99688871182816 99.99499999999999 10
      vertex -91.7832347028654 -100.24509996837324 10
      vertex -91.7832347028654 -99.75490003162676 10
    endloop
  endfacet
  facet normal 0 0 1
    outer loop
      vertex -99.99688871182816 99.99499999999999 10
      vertex -91.7832347028654 -99.75490003162676 10
      vertex -91.65098034270981 -99.28287803827676 10
    endloop
  endfacet
  facet normal 0 0 1
    outer loop
      vertex -99.99688871182816 99.99499999999999 10
      vertex -91.65098034270981 -99.28287803827676 10
      vertex -91.39628032326796 -98.86404170021311 10
    endloop
  endfacet
  facet normal 0 0 1
    outer loop
      vertex -99.99688871182816 99.99499999999999 10
      vertex -91.39628032326796 -98.86404170021311 10
      vertex -91.03802457980676 -98.5294541925812 10
    endloop
  endfacet
  facet normal 0 0 1
    outer loop
      vertex -99.99688871182816 99.99499999999999 10
      vertex -91.03802457980676 -98.5294541925812 10
      vertex -90.60278330190778 -98.30393034018613 10
    endloop
  endfacet
  facet normal 0 0 1
    outer loop
      vertex -99.99688871182816 99.99499999999999 10
      vertex -90.60278330190778 -98.30393034018613 10
      vertex -90.12283634405641 -98.20419621545703 10
    endloop
  endfacet
  facet normal 0 0 1
    outer loop
      vertex -87.4 -72.5 10
      vertex -99.99688871182816 99.99499999999999 10
      vertex -90.12283634405641 -98.20419621545703 10
    endloop
  endfacet
  facet normal 0 0 1
    outer loop
      vertex -87.4 -72.5 10
      vertex -87.4 -43.5 10
      vertex -99.99688871182816 99.99499999999999 10
    endloop
  endfacet
  facet normal 0 -1 0
    outer loop
      vertex -89.99499999999999 -110 0
      vertex 89.99499999999999 -110 10
      vertex -89.99499999999999 -110 10
    endloop
  endfacet
  facet normal 0 0 1
    outer loop
      vertex -89.99499999999999 -109.99688871182816 10
      vertex 0 -101.5 10
      vertex -31.700000000000003 -101.5 10
    endloop
  endfacet
  facet normal 0 0 1
    outer loop
      vertex -89.99499999999999 -110 10
      vertex 89.99499999999999 -109.99987530778472 10
      vertex -89.99499999999999 -109.99688871182816 10
    endloop
  endfacet
  facet normal 0 0 1
    outer loop
      vertex -89.99499999999999 -109.99688871182816 10
      vertex 10 -101.5 10
      vertex 0 -101.5 10
    endloop
  endfacet
  facet normal 0 0 1
    outer loop
      vertex -89.99499999999999 -109.99688871182816 10
      vertex 12 -101.5 10
      vertex 10 -101.5 10
    endloop
  endfacet
  facet normal 0 0 1
    outer loop
      vertex -89.99499999999999 -109.99688871182816 10
      vertex 43.70000000000002 -101.5 10
      vertex 12 -101.5 10
    endloop
  endfacet
  facet normal 0 0 -1
    outer loop
      vertex -99.99987530778472 -99.99499999999999 0
      vertex -87.4 72.5 0
      vertex -87.4 43.5 0
    endloop
  endfacet
  facet normal 0 0 -1
    outer loop
      vertex -99.99987530778472 -99.99499999999999 0
      vertex -90.12283634405641 98.20419621545703 0
      vertex -87.4 72.5 0
    endloop
  endfacet
  facet normal 0 0 -1
    outer loop
      vertex -100 -99.99499999999999 0
      vertex -100 99.99499999999999 0
      vertex -99.99688871182816 99.99499999999999 0
    endloop
  endfacet
  facet normal 0 0 -1
    outer loop
      vertex -99.99987530778472 -99.99499999999999 0
      vertex -99.99688871182816 99.99499999999999 0
      vertex -99.9720100097836 100.7380482368001 0
    endloop
  endfacet
  facet normal 0 0 -1
    outer loop
      vertex -99.99987530778472 -99.99499999999999 0
      vertex -99.9720100097836 100.7380482368001 0
      vertex -99.92231445806772 101.23468048352132 0
    endloop
  endfacet
  facet normal 0 0 -1
    outer loop
      vertex -99.99987530778472 -99.99499999999999 0
      vertex -99.92231445806772 101.23468048352132 0
      vertex -99.8479256076522 101.72821825844596 0
    endloop
  endfacet
  facet normal 0 0 -1
    outer loop
      vertex -99.99987530778472 -99.99499999999999 0
      vertex -91.39628032326796 98.86404170021311 0
      vertex -91.03802457980676 98.5294541925812 0
    endloop
  endfacet
  facet normal 0 0 -1
    outer loop
      vertex -99.99987530778472 -99.99499999999999 0
      vertex -91.03802457980676 98.5294541925812 0
      vertex -90.60278330190778 98.30393034018613 0
    endloop
  endfacet
  facet normal 0 0 -1
    outer loop
      vertex -99.99987530778472 -99.99499999999999 0
      vertex -91.65098034270981 99.28287803827676 0
      vertex -91.39628032326796 98.86404170021311 0
    endloop
  endfacet
  facet normal 0 0 -1
    outer loop
      vertex -99.99987530778472 -99.99499999999999 0
      vertex -91.7832347028654 99.75490003162676 0
      vertex -91.65098034270981 99.28287803827676 0
    endloop
  endfacet
  facet normal 0 0 -1
    outer loop
      vertex -99.99987530778472 -99.99499999999999 0
      vertex -91.7832347028654 100.24509996837324 0
      vertex -91.7832347028654 99.75490003162676 0
    endloop
  endfacet
  facet normal 0 0 -1
    outer loop
      vertex -99.99987530778472 -99.99499999999999 0
      vertex -99.8479256076522 101.72821825844596 0
      vertex -99.74902840094005 102.2174345489027 0
    endloop
  endfacet
  facet normal 0 0 -1
    outer loop
      vertex -99.99987530778472 -99.99499999999999 0
      vertex -99.74902840094005 102.2174345489027 0
      vertex -99.62586871196962 102.70111308611148 0
    endloop
  endfacet
  facet normal 0 0 -1
    outer loop
      vertex -99.99987530778472 -99.99499999999999 0
      vertex -99.62586871196962 102.70111308611148 0
      vertex -99.47875273513299 103.17805136901936 0
    endloop
  endfacet
  facet normal 0 0 -1
    outer loop
      vertex -99.99987530778472 -99.99499999999999 0
      vertex -99.47875273513299 103.17805136901936 0
      vertex -99.30804622392847 103.64706365390761 0
    endloop
  endfacet
  facet normal 0 0 -1
    outer loop
      vertex -99.99987530778472 -99.99499999999999 0
      vertex -99.30804622392847 103.64706365390761 0
      vertex -99.11417358163985 104.10698390233742 0
    endloop
  endfacet
  facet normal 0 0 -1
    outer loop
      vertex -99.99987530778472 -99.99499999999999 0
      vertex -99.11417358163985 104.10698390233742 0
      vertex -98.89761680620279 104.55666868010516 0
    endloop
  endfacet
  facet normal 0 0 -1
    outer loop
      vertex -99.99987530778472 -99.99499999999999 0
      vertex -98.89761680620279 104.55666868010516 0
      vertex -98.65891429188223 104.99499999999999 0
    endloop
  endfacet
  facet normal 0 0 -1
    outer loop
      vertex -99.99987530778472 -99.99499999999999 0
      vertex -98.65891429188223 104.99499999999999 0
      vertex -98.39865949073922 105.42088810129624 0
    endloop
  endfacet
  facet normal 0 0 -1
    outer loop
      vertex -99.99987530778472 -99.99499999999999 0
      vertex -98.39865949073922 105.42088810129624 0
      vertex -98.11749943721571 105.83327415907024 0
    endloop
  endfacet
  facet normal 0 0 -1
    outer loop
      vertex -99.99987530778472 -99.99499999999999 0
      vertex -98.11749943721571 105.83327415907024 0
      vertex -97.81613313950497 106.23113291660592 0
    endloop
  endfacet
  facet normal 0 0 -1
    outer loop
      vertex -99.99987530778472 -99.99499999999999 0
      vertex -97.81613313950497 106.23113291660592 0
      vertex -97.49530984170701 106.61347523434456 0
    endloop
  endfacet
  facet normal 0 0 -1
    outer loop
      vertex -99.99987530778472 -99.99499999999999 0
      vertex -97.49530984170701 106.61347523434456 0
      vertex -97.15582716108977 106.97935054904158 0
    endloop
  endfacet
  facet normal 0 0 -1
    outer loop
      vertex -99.99987530778472 -99.99499999999999 0
      vertex -97.15582716108977 106.97935054904158 0
      vertex -96.7985291050869 107.32784923701655 0
    endloop
  endfacet
  facet normal 0 0 -1
    outer loop
      vertex -99.99987530778472 -99.99499999999999 0
      vertex -96.7985291050869 107.32784923701655 0
      vertex -96.42430397296225 107.65810487562096 0
    endloop
  endfacet
  facet normal 0 0 -1
    outer loop
      vertex -99.99987530778472 -99.99499999999999 0
      vertex -96.42430397296225 107.65810487562096 0
      vertex -96.03408214735802 107.96929639730145 0
    endloop
  endfacet
  facet normal 0 0 -1
    outer loop
      vertex -99.99987530778472 -99.99499999999999 0
      vertex -96.03408214735802 107.96929639730145 0
      vertex -95.62883378121685 108.2606501309031 0
    endloop
  endfacet
  facet normal 0 0 -1
    outer loop
      vertex -99.99987530778472 -99.99499999999999 0
      vertex -95.62883378121685 108.2606501309031 0
      vertex -95.20956638582877 108.53144172513788 0
    endloop
  endfacet
  facet normal 0 0 -1
    outer loop
      vertex -99.99987530778472 -99.99499999999999 0
      vertex -91.4819130844235 109.88819657051353 0
      vertex -91.7832347028654 100.24509996837324 0
    endloop
  endfacet
  facet normal 0 0 -1
    outer loop
      vertex -99.99987530778472 -99.99499999999999 0
      vertex -95.20956638582877 108.53144172513788 0
      vertex -94.77732232599939 108.78099794943599 0
    endloop
  endfacet
  facet normal 0 0 -1
    outer loop
      vertex -99.99987530778472 -99.99499999999999 0
      vertex -94.77732232599939 108.78099794943599 0
      vertex -94.33317622856676 109.0086983677032 0
    endloop
  endfacet
  facet normal 0 0 -1
    outer loop
      vertex -99.99987530778472 -99.99499999999999 0
      vertex -94.33317622856676 109.0086983677032 0
      vertex -93.87823231070969 109.21397688082277 0
    endloop
  endfacet
  facet normal 0 0 -1
    outer loop
      vertex -99.99987530778472 -99.99499999999999 0
      vertex -93.87823231070969 109.21397688082277 0
      vertex -93.41362163468995 109.39632313406693 0
    endloop
  endfacet
  facet normal 0 0 -1
    outer loop
      vertex -99.99987530778472 -99.99499999999999 0
      vertex -93.41362163468995 109.39632313406693 0
      vertex -92.94049929585314 109.55528378591926 0
    endloop
  endfacet
  facet normal 0 0 -1
    outer loop
      vertex -99.99987530778472 -99.99499999999999 0
      vertex -92.94049929585314 109.55528378591926 0
      vertex -92.46004155087984 109.69046363515307 0
    endloop
  endfacet
  facet normal 0 0 -1
    outer loop
      vertex -99.99987530778472 -99.99499999999999 0
      vertex -92.46004155087984 109.69046363515307 0
      vertex -91.97344289342597 109.80152660336393 0
    endloop
  endfacet
  facet normal 0 0 -1
    outer loop
      vertex -99.99987530778472 -99.99499999999999 0
      vertex -91.97344289342597 109.80152660336393 0
      vertex -91.4819130844235 109.88819657051353 0
    endloop
  endfacet
  facet normal 0 0 -1
    outer loop
      vertex -99.99987530778472 -99.99499999999999 0
      vertex -90.60278330190778 98.30393034018613 0
      vertex -90.12283634405641 98.20419621545703 0
    endloop
  endfacet
  facet normal 0 0 -1
    outer loop
      vertex -87.4 72.5 0
      vertex -90.12283634405641 98.20419621545703 0
      vertex -89.63377917650526 98.23764864217182 0
    endloop
  endfacet
  facet normal 0 0 -1
    outer loop
      vertex -87.4 72.5 0
      vertex -89.63377917650526 98.23764864217182 0
      vertex -89.17188293208393 98.40180660687572 0
    endloop
  endfacet
  facet normal 0 0 -1
    outer loop
      vertex -87.4 72.5 0
      vertex -89.17188293208393 98.40180660687572 0
      vertex -88.77140434220642 98.68449526429937 0
    endloop
  endfacet
  facet normal 0 0 -1
    outer loop
      vertex -87.4 72.5 0
      vertex -88.77140434220642 98.68449526429937 0
      vertex -88.46204507181632 99.06474888993623 0
    endloop
  endfacet
  facet normal 0 0 -1
    outer loop
      vertex -87.4 72.5 0
      vertex -88.46204507181632 99.06474888993623 0
      vertex -88.26674888277397 99.51436581191736 0
    endloop
  endfacet
  facet normal 0 0 -1
    outer loop
      vertex -87.4 72.5 0
      vertex -88.26674888277397 99.51436581191736 0
      vertex -88.2 100 0
    endloop
  endfacet
  facet normal 0 0 -1
    outer loop
      vertex -87.4 72.5 0
      vertex -88.2 100 0
      vertex -87.4 101.5 0
    endloop
  endfacet
  facet normal 0 0 -1
    outer loop
      vertex -99.99688871182816 99.99499999999999 0
      vertex -99.99688871182816 100.2395562242981 0
      vertex -99.9720100097836 100.7380482368001 0
    endloop
  endfacet
  facet normal 0 0 -1
    outer loop
      vertex -87.4 101.5 0
      vertex -88.2 100 0
      vertex -88.26674888277397 100.48563418808264 0
    endloop
  endfacet
  facet normal 0 0 -1
    outer loop
      vertex -87.4 101.5 0
      vertex -88.26674888277397 100.48563418808264 0
      vertex -88.46204507181632 100.93525111006377 0
    endloop
  endfacet
  facet normal 0 0 -1
    outer loop
      vertex -87.4 101.5 0
      vertex -88.46204507181632 100.93525111006377 0
      vertex -88.77140434220642 101.31550473570063 0
    endloop
  endfacet
  facet normal 0 0 -1
    outer loop
      vertex -87.4 101.5 0
      vertex -88.77140434220642 101.31550473570063 0
      vertex -89.17188293208393 101.59819339312428 0
    endloop
  endfacet
  facet normal 0 0 -1
    outer loop
      vertex -91.4819130844235 109.88819657051353 0
      vertex -91.65098034270981 100.71712196172324 0
      vertex -91.7832347028654 100.24509996837324 0
    endloop
  endfacet
  facet normal 0 0 -1
    outer loop
      vertex -91.4819130844235 109.88819657051353 0
      vertex -91.39628032326796 101.13595829978689 0
      vertex -91.65098034270981 100.71712196172324 0
    endloop
  endfacet
  facet normal 0 0 -1
    outer loop
      vertex -90.98667414442411 109.95025806140767 0
      vertex -91.03802457980676 101.4705458074188 0
      vertex -91.39628032326796 101.13595829978689 0
    endloop
  endfacet
  facet normal 0 0 -1
    outer loop
      vertex -90.48895731546358 109.98755678140141 0
      vertex -90.60278330190778 101.69606965981387 0
      vertex -91.03802457980676 101.4705458074188 0
    endloop
  endfacet
  facet normal 0 0 -1
    outer loop
      vertex -91.4819130844235 109.88819657051353 0
      vertex -90.98667414442411 109.95025806140767 0
      vertex -91.39628032326796 101.13595829978689 0
    endloop
  endfacet
  facet normal 0 0 -1
    outer loop
      vertex -90.98667414442411 109.95025806140767 0
      vertex -90.48895731546358 109.98755678140141 0
      vertex -91.03802457980676 101.4705458074188 0
    endloop
  endfacet
  facet normal 0 0 -1
    outer loop
      vertex -89.99499999999999 109.99987530778472 0
      vertex -90.12283634405641 101.79580378454297 0
      vertex -90.60278330190778 101.69606965981387 0
    endloop
  endfacet
  facet normal 0 0 -1
    outer loop
      vertex -89.99499999999999 109.99987530778472 0
      vertex -89.63377917650526 101.76235135782818 0
      vertex -90.12283634405641 101.79580378454297 0
    endloop
  endfacet
  facet normal 0 0 -1
    outer loop
      vertex -89.99499999999999 109.99987530778472 0
      vertex -89.17188293208393 101.59819339312428 0
      vertex -89.63377917650526 101.76235135782818 0
    endloop
  endfacet
  facet normal 0 0 -1
    outer loop
      vertex -89.99499999999999 109.99987530778472 0
      vertex -87.4 101.5 0
      vertex -89.17188293208393 101.59819339312428 0
    endloop
  endfacet
  facet normal 0 0 -1
    outer loop
      vertex -89.99499999999999 109.99987530778472 0
      vertex -87.4 101.50999999999999 0
      vertex -87.4 101.5 0
    endloop
  endfacet
  facet normal 0 0 -1
    outer loop
      vertex -90.48895731546358 109.98755678140141 0
      vertex -89.99499999999999 109.99987530778472 0
      vertex -90.60278330190778 101.69606965981387 0
    endloop
  endfacet
  facet normal 0 0 -1
    outer loop
      vertex -89.99499999999999 109.99987530778472 0
      vertex -43.7 101.50999999999999 0
      vertex -87.4 101.50999999999999 0
    endloop
  endfacet
  facet normal 0 0 -1
    outer loop
      vertex -89.99499999999999 109.99987530778472 0
      vertex 0.009999999999990905 101.50999999999999 0
      vertex -43.7 101.50999999999999 0
    endloop
  endfacet
  facet normal 0 0 -1
    outer loop
      vertex -89.99499999999999 110 0
      vertex 89.99499999999999 109.99688871182816 0
      vertex -89.99499999999999 109.99987530778472 0
    endloop
  endfacet
  facet normal 0 0 -1
    outer loop
      vertex -89.99499999999999 109.99987530778472 0
      vertex 43.70000000000002 101.50999999999999 0
      vertex 0.009999999999990905 101.50999999999999 0
    endloop
  endfacet
  facet normal 0 1 0
    outer loop
      vertex -89.99499999999999 110 0
      vertex -89.99499999999999 110 10
      vertex 89.99499999999999 110 0
    endloop
  endfacet
  facet normal -1 0 0
    outer loop
      vertex -100 -99.99499999999999 10
      vertex -100 99.99499999999999 10
      vertex -100 99.99499999999999 0
    endloop
  endfacet
  facet normal 0 0 1
    outer loop
      vertex -87.4 -43.5 10
      vertex -87.4 -14.5 10
      vertex -99.99688871182816 99.99499999999999 10
    endloop
  endfacet
  facet normal 0 0 1
    outer loop
      vertex -99.99987530778472 -99.99499999999999 10
      vertex -99.99688871182816 99.99499999999999 10
      vertex -100 99.99499999999999 10
    endloop
  endfacet
  facet normal 0 0 1
    outer loop
      vertex -87.4 -14.5 10
      vertex -87.4 14.5 10
      vertex -99.99688871182816 99.99499999999999 10
    endloop
  endfacet
  facet normal 0 0 1
    outer loop
      vertex -87.4 14.5 10
      vertex -87.4 43.5 10
      vertex -99.99688871182816 99.99499999999999 10
    endloop
  endfacet
  facet normal 0 0 1
    outer loop
      vertex -87.4 43.5 10
      vertex -87.4 72.5 10
      vertex -99.99688871182816 99.99499999999999 10
    endloop
  endfacet
  facet normal 0 0 1
    outer loop
      vertex -87.4 72.5 10
      vertex -91.7832347028654 99.75490003162676 10
      vertex -99.99688871182816 99.99499999999999 10
    endloop
  endfacet
  facet normal 0 0 1
    outer loop
      vertex -87.4 72.5 10
      vertex -91.39628032326796 98.86404170021311 10
      vertex -91.65098034270981 99.28287803827676 10
    endloop
  endfacet
  facet normal 0 0 1
    outer loop
      vertex -87.4 72.5 10
      vertex -91.03802457980676 98.5294541925812 10
      vertex -91.39628032326796 98.86404170021311 10
    endloop
  endfacet
  facet normal 0 0 1
    outer loop
      vertex -87.4 72.5 10
      vertex -91.65098034270981 99.28287803827676 10
      vertex -91.7832347028654 99.75490003162676 10
    endloop
  endfacet
  facet normal 0 0 1
    outer loop
      vertex -87.4 72.5 10
      vertex -90.60278330190778 98.30393034018613 10
      vertex -91.03802457980676 98.5294541925812 10
    endloop
  endfacet
  facet normal 0 0 1
    outer loop
      vertex -87.4 72.5 10
      vertex -90.12283634405641 98.20419621545703 10
      vertex -90.60278330190778 98.30393034018613 10
    endloop
  endfacet
  facet normal 0 0 1
    outer loop
      vertex -87.4 72.5 10
      vertex -89.63377917650526 98.23764864217182 10
      vertex -90.12283634405641 98.20419621545703 10
    endloop
  endfacet
  facet normal 0 0 1
    outer loop
      vertex -87.4 72.5 10
      vertex -89.17188293208393 98.40180660687572 10
      vertex -89.63377917650526 98.23764864217182 10
    endloop
  endfacet
  facet normal 0 0 1
    outer loop
      vertex -87.4 72.5 10
      vertex -88.77140434220642 98.68449526429937 10
      vertex -89.17188293208393 98.40180660687572 10
    endloop
  endfacet
  facet normal 0 0 1
    outer loop
      vertex -87.4 72.5 10
      vertex -88.46204507181632 99.06474888993623 10
      vertex -88.77140434220642 98.68449526429937 10
    endloop
  endfacet
  facet normal 0 0 1
    outer loop
      vertex -87.4 72.5 10
      vertex -88.26674888277397 99.51436581191736 10
      vertex -88.46204507181632 99.06474888993623 10
    endloop
  endfacet
  facet normal 0 0 1
    outer loop
      vertex -87.4 72.5 10
      vertex -88.2 100 10
      vertex -88.26674888277397 99.51436581191736 10
    endloop
  endfacet
  facet normal 0 0 1
    outer loop
      vertex -87.4 72.5 10
      vertex -87.4 101.5 10
      vertex -88.2 100 10
    endloop
  endfacet
  facet normal 0 0 1
    outer loop
      vertex -99.99688871182816 99.99499999999999 10
      vertex -91.39628032326796 101.13595829978689 10
      vertex -99.99688871182816 100.2395562242981 10
    endloop
  endfacet
  facet normal 0 0 1
    outer loop
      vertex -99.99688871182816 100.2395562242981 10
      vertex -91.39628032326796 101.13595829978689 10
      vertex -99.9720100097836 100.7380482368001 10
    endloop
  endfacet
  facet normal 0 0 1
    outer loop
      vertex -99.9720100097836 100.7380482368001 10
      vertex -91.03802457980676 101.4705458074188 10
      vertex -99.92231445806772 101.23468048352132 10
    endloop
  endfacet
  facet normal 0 0 1
    outer loop
      vertex -99.92231445806772 101.23468048352132 10
      vertex -91.03802457980676 101.4705458074188 10
      vertex -99.8479256076522 101.72821825844596 10
    endloop
  endfacet
  facet normal 0 0 1
    outer loop
      vertex -99.8479256076522 101.72821825844596 10
      vertex -90.60278330190778 101.69606965981387 10
      vertex -99.74902840094005 102.2174345489027 10
    endloop
  endfacet
  facet normal 0 0 1
    outer loop
      vertex -99.74902840094005 102.2174345489027 10
      vertex -90.60278330190778 101.69606965981387 10
      vertex -99.62586871196962 102.70111308611148 10
    endloop
  endfacet
  facet normal 0 0 1
    outer loop
      vertex -99.62586871196962 102.70111308611148 10
      vertex -90.12283634405641 101.79580378454297 10
      vertex -99.47875273513299 103.17805136901936 10
    endloop
  endfacet
  facet normal 0 0 1
    outer loop
      vertex -99.47875273513299 103.17805136901936 10
      vertex -87.4 101.50999999999999 10
      vertex -99.30804622392847 103.64706365390761 10
    endloop
  endfacet
  facet normal 0 0 1
    outer loop
      vertex -99.99688871182816 99.99499999999999 10
      vertex -91.7832347028654 99.75490003162676 10
      vertex -91.7832347028654 100.24509996837324 10
    endloop
  endfacet
  facet normal 0 0 1
    outer loop
      vertex -99.99688871182816 99.99499999999999 10
      vertex -91.7832347028654 100.24509996837324 10
      vertex -91.65098034270981 100.71712196172324 10
    endloop
  endfacet
  facet normal 0 0 1
    outer loop
      vertex -99.99688871182816 99.99499999999999 10
      vertex -91.65098034270981 100.71712196172324 10
      vertex -91.39628032326796 101.13595829978689 10
    endloop
  endfacet
  facet normal 0 0 1
    outer loop
      vertex -99.9720100097836 100.7380482368001 10
      vertex -91.39628032326796 101.13595829978689 10
      vertex -91.03802457980676 101.4705458074188 10
    endloop
  endfacet
  facet normal 0 0 1
    outer loop
      vertex -99.30804622392847 103.64706365390761 10
      vertex -87.4 101.50999999999999 10
      vertex -99.11417358163985 104.10698390233742 10
    endloop
  endfacet
  facet normal 0 0 1
    outer loop
      vertex -99.8479256076522 101.72821825844596 10
      vertex -91.03802457980676 101.4705458074188 10
      vertex -90.60278330190778 101.69606965981387 10
    endloop
  endfacet
  facet normal 0 0 1
    outer loop
      vertex -99.11417358163985 104.10698390233742 10
      vertex -87.4 101.50999999999999 10
      vertex -98.89761680620279 104.55666868010516 10
    endloop
  endfacet
  facet normal 0 0 1
    outer loop
      vertex -98.89761680620279 104.55666868010516 10
      vertex -87.4 101.50999999999999 10
      vertex -98.65891429188223 104.99499999999999 10
    endloop
  endfacet
  facet normal 0 0 1
    outer loop
      vertex -98.65891429188223 104.99499999999999 10
      vertex -87.4 101.50999999999999 10
      vertex -98.39865949073922 105.42088810129624 10
    endloop
  endfacet
  facet normal 0 0 1
    outer loop
      vertex -98.39865949073922 105.42088810129624 10
      vertex -87.4 101.50999999999999 10
      vertex -98.11749943721571 105.83327415907024 10
    endloop
  endfacet
  facet normal 0 0 1
    outer loop
      vertex -98.11749943721571 105.83327415907024 10
      vertex -87.4 101.50999999999999 10
      vertex -97.81613313950497 106.23113291660592 10
    endloop
  endfacet
  facet normal 0 0 1
    outer loop
      vertex -97.81613313950497 106.23113291660592 10
      vertex -87.4 101.50999999999999 10
      vertex -97.49530984170701 106.61347523434456 10
    endloop
  endfacet
  facet normal 0 0 1
    outer loop
      vertex -97.49530984170701 106.61347523434456 10
      vertex -87.4 101.50999999999999 10
      vertex -97.15582716108977 106.97935054904158 10
    endloop
  endfacet
  facet normal 0 0 1
    outer loop
      vertex -97.15582716108977 106.97935054904158 10
      vertex -87.4 101.50999999999999 10
      vertex -96.7985291050869 107.32784923701655 10
    endloop
  endfacet
  facet normal 0 0 1
    outer loop
      vertex -99.62586871196962 102.70111308611148 10
      vertex -90.60278330190778 101.69606965981387 10
      vertex -90.12283634405641 101.79580378454297 10
    endloop
  endfacet
  facet normal 0 0 1
    outer loop
      vertex -99.47875273513299 103.17805136901936 10
      vertex -90.12283634405641 101.79580378454297 10
      vertex -89.63377917650526 101.76235135782818 10
    endloop
  endfacet
  facet normal 0 0 1
    outer loop
      vertex -99.47875273513299 103.17805136901936 10
      vertex -89.63377917650526 101.76235135782818 10
      vertex -87.4 101.50999999999999 10
    endloop
  endfacet
  facet normal 0 0 1
    outer loop
      vertex -87.4 101.5 10
      vertex -88.26674888277397 100.48563418808264 10
      vertex -88.2 100 10
    endloop
  endfacet
  facet normal 0 0 1
    outer loop
      vertex -87.4 101.5 10
      vertex -88.46204507181632 100.93525111006377 10
      vertex -88.26674888277397 100.48563418808264 10
    endloop
  endfacet
  facet normal 0 0 1
    outer loop
      vertex -87.4 101.5 10
      vertex -88.77140434220642 101.31550473570063 10
      vertex -88.46204507181632 100.93525111006377 10
    endloop
  endfacet
  facet normal 0 0 1
    outer loop
      vertex -87.4 101.50999999999999 10
      vertex -89.63377917650526 101.76235135782818 10
      vertex -89.17188293208393 101.59819339312428 10
    endloop
  endfacet
  facet normal 0 0 1
    outer loop
      vertex -87.4 101.50999999999999 10
      vertex -89.17188293208393 101.59819339312428 10
      vertex -88.77140434220642 101.31550473570063 10
    endloop
  endfacet
  facet normal 0 0 1
    outer loop
      vertex -87.4 101.50999999999999 10
      vertex -88.77140434220642 101.31550473570063 10
      vertex -87.4 101.5 10
    endloop
  endfacet
  facet normal 0 0 1
    outer loop
      vertex -96.7985291050869 107.32784923701655 10
      vertex -87.4 101.50999999999999 10
      vertex -96.42430397296225 107.65810487562096 10
    endloop
  endfacet
  facet normal 0 0 1
    outer loop
      vertex -96.42430397296225 107.65810487562096 10
      vertex -87.4 101.50999999999999 10
      vertex -96.03408214735802 107.96929639730145 10
    endloop
  endfacet
  facet normal 0 0 1
    outer loop
      vertex -96.03408214735802 107.96929639730145 10
      vertex -87.4 101.50999999999999 10
      vertex -95.62883378121685 108.2606501309031 10
    endloop
  endfacet
  facet normal 0 0 1
    outer loop
      vertex -95.62883378121685 108.2606501309031 10
      vertex -87.4 101.50999999999999 10
      vertex -95.20956638582877 108.53144172513788 10
    endloop
  endfacet
  facet normal 0 0 1
    outer loop
      vertex -95.20956638582877 108.53144172513788 10
      vertex -87.4 101.50999999999999 10
      vertex -94.77732232599939 108.78099794943599 10
    endloop
  endfacet
  facet normal 0 0 1
    outer loop
      vertex -94.77732232599939 108.78099794943599 10
      vertex -87.4 101.50999999999999 10
      vertex -94.33317622856676 109.0086983677032 10
    endloop
  endfacet
  facet normal 0 0 1
    outer loop
      vertex -94.33317622856676 109.0086983677032 10
      vertex -87.4 101.50999999999999 10
      vertex -43.7 101.50999999999999 10
    endloop
  endfacet
  facet normal 0 0 1
    outer loop
      vertex -94.33317622856676 109.0086983677032 10
      vertex -43.7 101.50999999999999 10
      vertex -93.87823231070969 109.21397688082277 10
    endloop
  endfacet
  facet normal 0 0 1
    outer loop
      vertex -93.87823231070969 109.21397688082277 10
      vertex -43.7 101.50999999999999 10
      vertex -93.41362163468995 109.39632313406693 10
    endloop
  endfacet
  facet normal 0 0 1
    outer loop
      vertex -93.41362163468995 109.39632313406693 10
      vertex -43.7 101.50999999999999 10
      vertex -92.94049929585314 109.55528378591926 10
    endloop
  endfacet
  facet normal 0 0 1
    outer loop
      vertex -92.94049929585314 109.55528378591926 10
      vertex -43.7 101.50999999999999 10
      vertex -92.46004155087984 109.69046363515307 10
    endloop
  endfacet
  facet normal 0 0 1
    outer loop
      vertex -92.46004155087984 109.69046363515307 10
      vertex -43.7 101.50999999999999 10
      vertex -91.97344289342597 109.80152660336393 10
    endloop
  endfacet
  facet normal 0 0 1
    outer loop
      vertex -91.97344289342597 109.80152660336393 10
      vertex -43.7 101.50999999999999 10
      vertex -91.4819130844235 109.88819657051353 10
    endloop
  endfacet
  facet normal 0 0 1
    outer loop
      vertex -91.4819130844235 109.88819657051353 10
      vertex -43.7 101.50999999999999 10
      vertex -90.98667414442411 109.95025806140767 10
    endloop
  endfacet
  facet normal 0 0 1
    outer loop
      vertex -90.98667414442411 109.95025806140767 10
      vertex -43.7 101.50999999999999 10
      vertex -90.48895731546358 109.98755678140141 10
    endloop
  endfacet
  facet normal 0 0 1
    outer loop
      vertex -90.48895731546358 109.98755678140141 10
      vertex -43.7 101.50999999999999 10
      vertex -89.99499999999999 109.99987530778472 10
    endloop
  endfacet
  facet normal 0 0 1
    outer loop
      vertex -89.99499999999999 110 10
      vertex -89.99499999999999 109.99987530778472 10
      vertex 89.99499999999999 110 10
    endloop
  endfacet
  facet normal 0 0 1
    outer loop
      vertex -89.99499999999999 109.99987530778472 10
      vertex -43.7 101.50999999999999 10
      vertex 89.99499999999999 109.99688871182816 10
    endloop
  endfacet
  facet normal 0 0 -1
    outer loop
      vertex -43.7 -101.5 0
      vertex -33.7 -101.5 0
      vertex 89.99499999999999 -109.99987530778472 0
    endloop
  endfacet
  facet normal 0 0 -1
    outer loop
      vertex -33.7 -101.5 0
      vertex 0 -101.5 0
      vertex 89.99499999999999 -109.99987530778472 0
    endloop
  endfacet
  facet normal 0 0 -1
    outer loop
      vertex -89.99499999999999 -109.99688871182816 0
      vertex 89.99499999999999 -109.99987530778472 0
      vertex 89.99499999999999 -110 0
    endloop
  endfacet
  facet normal 0 0 -1
    outer loop
      vertex 0 -101.5 0
      vertex 10 -101.5 0
      vertex 89.99499999999999 -109.99987530778472 0
    endloop
  endfacet
  facet normal 0 0 -1
    outer loop
      vertex 10 -101.5 0
      vertex 43.70000000000002 -101.5 0
      vertex 89.99499999999999 -109.99987530778472 0
    endloop
  endfacet
  facet normal 0 -1 0
    outer loop
      vertex -89.99499999999999 -110 0
      vertex 89.99499999999999 -110 0
      vertex 89.99499999999999 -110 10
    endloop
  endfacet
  facet normal 0 0 -1
    outer loop
      vertex 43.70000000000002 -101.5 0
      vertex 53.70000000000002 -101.5 0
      vertex 89.99499999999999 -109.99987530778472 0
    endloop
  endfacet
  facet normal 0 0 -1
    outer loop
      vertex 53.70000000000002 -101.5 0
      vertex 87.4 -101.5 0
      vertex 89.99499999999999 -109.99987530778472 0
    endloop
  endfacet
  facet normal 0 0 -1
    outer loop
      vertex 89.99499999999999 -109.99987530778472 0
      vertex 90.82811706791607 -101.59819339312428 0
      vertex 90.48895731546358 -109.98755678140141 0
    endloop
  endfacet
  facet normal 0 0 -1
    outer loop
      vertex 87.41000000000003 -101.5 0
      vertex 89.99499999999999 -109.99987530778472 0
      vertex 87.4 -101.5 0
    endloop
  endfacet
  facet normal 0 0 -1
    outer loop
      vertex 87.41000000000003 -101.5 0
      vertex 88.96197542019324 -101.4705458074188 0
      vertex 89.99499999999999 -109.99987530778472 0
    endloop
  endfacet
  facet normal 0 0 -1
    outer loop
      vertex 89.99499999999999 -109.99987530778472 0
      vertex 88.96197542019324 -101.4705458074188 0
      vertex 89.39721669809222 -101.69606965981387 0
    endloop
  endfacet
  facet normal 0 0 -1
    outer loop
      vertex 89.99499999999999 -109.99987530778472 0
      vertex 89.39721669809222 -101.69606965981387 0
      vertex 89.87716365594359 -101.79580378454297 0
    endloop
  endfacet
  facet normal 0 0 -1
    outer loop
      vertex 89.99499999999999 -109.99987530778472 0
      vertex 89.87716365594359 -101.79580378454297 0
      vertex 90.36622082349474 -101.76235135782818 0
    endloop
  endfacet
  facet normal 0 0 -1
    outer loop
      vertex 89.99499999999999 -109.99987530778472 0
      vertex 90.36622082349474 -101.76235135782818 0
      vertex 90.82811706791607 -101.59819339312428 0
    endloop
  endfacet
  facet normal 0 0 -1
    outer loop
      vertex 90.48895731546358 -109.98755678140141 0
      vertex 91.22859565779358 -101.31550473570063 0
      vertex 90.98667414442411 -109.95025806140767 0
    endloop
  endfacet
  facet normal 0 0 -1
    outer loop
      vertex 90.98667414442411 -109.95025806140767 0
      vertex 91.53795492818368 -100.93525111006377 0
      vertex 91.4819130844235 -109.88819657051353 0
    endloop
  endfacet
  facet normal 0 0 -1
    outer loop
      vertex 90.48895731546358 -109.98755678140141 0
      vertex 90.82811706791607 -101.59819339312428 0
      vertex 91.22859565779358 -101.31550473570063 0
    endloop
  endfacet
  facet normal 0 0 -1
    outer loop
      vertex 90.98667414442411 -109.95025806140767 0
      vertex 91.22859565779358 -101.31550473570063 0
      vertex 91.53795492818368 -100.93525111006377 0
    endloop
  endfacet
  facet normal 0 0 -1
    outer loop
      vertex 91.4819130844235 -109.88819657051353 0
      vertex 91.53795492818368 -100.93525111006377 0
      vertex 91.73325111722603 -100.48563418808264 0
    endloop
  endfacet
  facet normal 0 0 -1
    outer loop
      vertex 91.4819130844235 -109.88819657051353 0
      vertex 91.73325111722603 -100.48563418808264 0
      vertex 91.8 -100 0
    endloop
  endfacet
  facet normal 0 0 -1
    outer loop
      vertex 87.41000000000003 -101.5 0
      vertex 88.34901965729019 -100.71712196172324 0
      vertex 88.60371967673204 -101.13595829978689 0
    endloop
  endfacet
  facet normal 0 0 -1
    outer loop
      vertex 87.41000000000003 -101.5 0
      vertex 88.2167652971346 -100.24509996837324 0
      vertex 88.34901965729019 -100.71712196172324 0
    endloop
  endfacet
  facet normal 0 0 -1
    outer loop
      vertex 87.41000000000003 -101.5 0
      vertex 88.60371967673204 -101.13595829978689 0
      vertex 88.96197542019324 -101.4705458074188 0
    endloop
  endfacet
  facet normal 0 0 -1
    outer loop
      vertex 99.9720100097836 -100.7380482368001 0
      vertex 99.99688871182816 -99.99499999999999 0
      vertex 99.99688871182816 -100.2395562242981 0
    endloop
  endfacet
  facet normal 0 0 -1
    outer loop
      vertex 87.41000000000003 -101.5 0
      vertex 87.41000000000003 -72.4966643694004 0
      vertex 88.2167652971346 -100.24509996837324 0
    endloop
  endfacet
  facet normal 0 0 -1
    outer loop
      vertex 87.41000000000003 -72.4966643694004 0
      vertex 88.2167652971346 -99.75490003162676 0
      vertex 88.2167652971346 -100.24509996837324 0
    endloop
  endfacet
  facet normal 0 0 -1
    outer loop
      vertex 87.41000000000003 -72.4966643694004 0
      vertex 88.34901965729019 -99.28287803827676 0
      vertex 88.2167652971346 -99.75490003162676 0
    endloop
  endfacet
  facet normal 0 0 -1
    outer loop
      vertex 87.41000000000003 -72.4966643694004 0
      vertex 88.60371967673204 -98.86404170021311 0
      vertex 88.34901965729019 -99.28287803827676 0
    endloop
  endfacet
  facet normal 0 0 -1
    outer loop
      vertex 87.41000000000003 -72.4966643694004 0
      vertex 88.96197542019324 -98.5294541925812 0
      vertex 88.60371967673204 -98.86404170021311 0
    endloop
  endfacet
  facet normal 0 0 -1
    outer loop
      vertex 87.41000000000003 -72.4966643694004 0
      vertex 89.39721669809222 -98.30393034018613 0
      vertex 88.96197542019324 -98.5294541925812 0
    endloop
  endfacet
  facet normal 0 0 -1
    outer loop
      vertex 87.41000000000003 -72.4966643694004 0
      vertex 89.87716365594359 -98.20419621545703 0
      vertex 89.39721669809222 -98.30393034018613 0
    endloop
  endfacet
  facet normal 0 0 -1
    outer loop
      vertex 87.41000000000003 -72.4966643694004 0
      vertex 90.36622082349474 -98.23764864217182 0
      vertex 89.87716365594359 -98.20419621545703 0
    endloop
  endfacet
  facet normal 0 0 -1
    outer loop
      vertex 99.99987530778472 99.99499999999999 0
      vertex 90.82811706791607 -98.40180660687572 0
      vertex 90.36622082349474 -98.23764864217182 0
    endloop
  endfacet
  facet normal 0 0 -1
    outer loop
      vertex 91.4819130844235 -109.88819657051353 0
      vertex 99.99987530778472 99.99499999999999 0
      vertex 91.97344289342597 -109.80152660336393 0
    endloop
  endfacet
  facet normal 0 0 -1
    outer loop
      vertex 91.97344289342597 -109.80152660336393 0
      vertex 99.99987530778472 99.99499999999999 0
      vertex 92.46004155087984 -109.69046363515307 0
    endloop
  endfacet
  facet normal 0 0 -1
    outer loop
      vertex 92.46004155087984 -109.69046363515307 0
      vertex 99.99987530778472 99.99499999999999 0
      vertex 92.94049929585314 -109.55528378591926 0
    endloop
  endfacet
  facet normal 0 0 -1
    outer loop
      vertex 92.94049929585314 -109.55528378591926 0
      vertex 99.99987530778472 99.99499999999999 0
      vertex 93.41362163468995 -109.39632313406693 0
    endloop
  endfacet
  facet normal 0 0 -1
    outer loop
      vertex 93.41362163468995 -109.39632313406693 0
      vertex 99.99987530778472 99.99499999999999 0
      vertex 93.87823231070969 -109.21397688082277 0
    endloop
  endfacet
  facet normal 0 0 -1
    outer loop
      vertex 93.87823231070969 -109.21397688082277 0
      vertex 99.99987530778472 99.99499999999999 0
      vertex 94.33317622856676 -109.0086983677032 0
    endloop
  endfacet
  facet normal 0 0 -1
    outer loop
      vertex 94.33317622856676 -109.0086983677032 0
      vertex 99.99987530778472 99.99499999999999 0
      vertex 94.77732232599939 -108.78099794943599 0
    endloop
  endfacet
  facet normal 0 0 -1
    outer loop
      vertex 94.77732232599939 -108.78099794943599 0
      vertex 99.99987530778472 99.99499999999999 0
      vertex 95.20956638582877 -108.53144172513788 0
    endloop
  endfacet
  facet normal 0 0 -1
    outer loop
      vertex 91.4819130844235 -109.88819657051353 0
      vertex 91.8 -100 0
      vertex 99.99987530778472 99.99499999999999 0
    endloop
  endfacet
  facet normal 0 0 -1
    outer loop
      vertex 95.20956638582877 -108.53144172513788 0
      vertex 99.99987530778472 99.99499999999999 0
      vertex 95.62883378121685 -108.2606501309031 0
    endloop
  endfacet
  facet normal 0 0 -1
    outer loop
      vertex 95.62883378121685 -108.2606501309031 0
      vertex 99.99987530778472 99.99499999999999 0
      vertex 96.03408214735802 -107.96929639730145 0
    endloop
  endfacet
  facet normal 0 0 -1
    outer loop
      vertex 96.03408214735802 -107.96929639730145 0
      vertex 99.99987530778472 99.99499999999999 0
      vertex 96.42430397296225 -107.65810487562096 0
    endloop
  endfacet
  facet normal 0 0 -1
    outer loop
      vertex 96.42430397296225 -107.65810487562096 0
      vertex 99.99987530778472 99.99499999999999 0
      vertex 96.7985291050869 -107.32784923701655 0
    endloop
  endfacet
  facet normal 0 0 -1
    outer loop
      vertex 96.7985291050869 -107.32784923701655 0
      vertex 99.99987530778472 99.99499999999999 0
      vertex 97.15582716108977 -106.97935054904158 0
    endloop
  endfacet
  facet normal 0 0 -1
    outer loop
      vertex 97.15582716108977 -106.97935054904158 0
      vertex 99.99987530778472 99.99499999999999 0
      vertex 97.49530984170701 -106.61347523434456 0
    endloop
  endfacet
  facet normal 0 0 -1
    outer loop
      vertex 97.49530984170701 -106.61347523434456 0
      vertex 99.99987530778472 99.99499999999999 0
      vertex 97.81613313950497 -106.23113291660592 0
    endloop
  endfacet
  facet normal 0 0 -1
    outer loop
      vertex 97.81613313950497 -106.23113291660592 0
      vertex 99.99987530778472 99.99499999999999 0
      vertex 98.11749943721571 -105.83327415907024 0
    endloop
  endfacet
  facet normal 0 0 -1
    outer loop
      vertex 98.11749943721571 -105.83327415907024 0
      vertex 99.99987530778472 99.99499999999999 0
      vertex 98.39865949073922 -105.42088810129624 0
    endloop
  endfacet
  facet normal 0 0 -1
    outer loop
      vertex 98.39865949073922 -105.42088810129624 0
      vertex 99.99987530778472 99.99499999999999 0
      vertex 98.65891429188223 -104.99499999999999 0
    endloop
  endfacet
  facet normal 0 0 -1
    outer loop
      vertex 98.65891429188223 -104.99499999999999 0
      vertex 99.99987530778472 99.99499999999999 0
      vertex 98.89761680620279 -104.55666868010516 0
    endloop
  endfacet
  facet normal 0 0 -1
    outer loop
      vertex 98.89761680620279 -104.55666868010516 0
      vertex 99.99987530778472 99.99499999999999 0
      vertex 99.11417358163985 -104.10698390233742 0
    endloop
  endfacet
  facet normal 0 0 -1
    outer loop
      vertex 99.11417358163985 -104.10698390233742 0
      vertex 99.99987530778472 99.99499999999999 0
      vertex 99.30804622392847 -103.64706365390761 0
    endloop
  endfacet
  facet normal 0 0 -1
    outer loop
      vertex 99.30804622392847 -103.64706365390761 0
      vertex 99.99987530778472 99.99499999999999 0
      vertex 99.47875273513299 -103.17805136901936 0
    endloop
  endfacet
  facet normal 0 0 -1
    outer loop
      vertex 99.47875273513299 -103.17805136901936 0
      vertex 99.99987530778472 99.99499999999999 0
      vertex 99.62586871196962 -102.70111308611148 0
    endloop
  endfacet
  facet normal 0 0 -1
    outer loop
      vertex 99.62586871196962 -102.70111308611148 0
      vertex 99.99987530778472 99.99499999999999 0
      vertex 99.74902840094005 -102.2174345489027 0
    endloop
  endfacet
  facet normal 0 0 -1
    outer loop
      vertex 99.74902840094005 -102.2174345489027 0
      vertex 99.99987530778472 99.99499999999999 0
      vertex 99.8479256076522 -101.72821825844596 0
    endloop
  endfacet
  facet normal 0 0 -1
    outer loop
      vertex 99.99987530778472 99.99499999999999 0
      vertex 91.8 -100 0
      vertex 91.73325111722603 -99.51436581191736 0
    endloop
  endfacet
  facet normal 0 0 -1
    outer loop
      vertex 99.99987530778472 99.99499999999999 0
      vertex 91.73325111722603 -99.51436581191736 0
      vertex 91.53795492818368 -99.06474888993623 0
    endloop
  endfacet
  facet normal 0 0 -1
    outer loop
      vertex 99.99987530778472 99.99499999999999 0
      vertex 91.22859565779358 -98.68449526429937 0
      vertex 90.82811706791607 -98.40180660687572 0
    endloop
  endfacet
  facet normal 0 0 -1
    outer loop
      vertex 99.99987530778472 99.99499999999999 0
      vertex 91.53795492818368 -99.06474888993623 0
      vertex 91.22859565779358 -98.68449526429937 0
    endloop
  endfacet
  facet normal 0 0 -1
    outer loop
      vertex 99.8479256076522 -101.72821825844596 0
      vertex 99.99987530778472 99.99499999999999 0
      vertex 99.92231445806772 -101.23468048352132 0
    endloop
  endfacet
  facet normal 0 0 -1
    outer loop
      vertex 99.92231445806772 -101.23468048352132 0
      vertex 99.99987530778472 99.99499999999999 0
      vertex 99.9720100097836 -100.7380482368001 0
    endloop
  endfacet
  facet normal 0 0 -1
    outer loop
      vertex 99.9720100097836 -100.7380482368001 0
      vertex 99.99987530778472 99.99499999999999 0
      vertex 99.99688871182816 -99.99499999999999 0
    endloop
  endfacet
  facet normal 0 0 -1
    outer loop
      vertex 100 -99.99499999999999 0
      vertex 99.99688871182816 -99.99499999999999 0
      vertex 100 99.99499999999999 0
    endloop
  endfacet
  facet normal 0 0 -1
    outer loop
      vertex 87.41000000000003 -72.4966643694004 0
      vertex 99.99987530778472 99.99499999999999 0
      vertex 90.36622082349474 -98.23764864217182 0
    endloop
  endfacet
  facet normal 0 0 -1
    outer loop
      vertex 87.41000000000003 -72.4966643694004 0
      vertex 87.41000000000003 -43.5 0
      vertex 99.99987530778472 99.99499999999999 0
    endloop
  endfacet
  facet normal 0 0 1
    outer loop
      vertex -89.99499999999999 -109.99688871182816 10
      vertex 89.99499999999999 -109.99987530778472 10
      vertex 43.70000000000002 -101.5 10
    endloop
  endfacet
  facet normal 0 0 1
    outer loop
      vertex -89.99499999999999 -110 10
      vertex 89.99499999999999 -110 10
      vertex 89.99499999999999 -109.99987530778472 10
    endloop
  endfacet
  facet normal 0 0 1
    outer loop
      vertex 43.70000000000002 -101.5 10
      vertex 94.33317622856676 -109.0086983677032 10
      vertex 53.70000000000002 -101.5 10
    endloop
  endfacet
  facet normal 0 0 1
    outer loop
      vertex 53.70000000000002 -101.5 10
      vertex 94.33317622856676 -109.0086983677032 10
      vertex 55.70000000000002 -101.5 10
    endloop
  endfacet
  facet normal 0 0 1
    outer loop
      vertex 43.70000000000002 -101.5 10
      vertex 89.99499999999999 -109.99987530778472 10
      vertex 90.48895731546358 -109.98755678140141 10
    endloop
  endfacet
  facet normal 0 0 1
    outer loop
      vertex 43.70000000000002 -101.5 10
      vertex 90.48895731546358 -109.98755678140141 10
      vertex 90.98667414442411 -109.95025806140767 10
    endloop
  endfacet
  facet normal 0 0 1
    outer loop
      vertex 43.70000000000002 -101.5 10
      vertex 90.98667414442411 -109.95025806140767 10
      vertex 91.4819130844235 -109.88819657051353 10
    endloop
  endfacet
  facet normal 0 0 1
    outer loop
      vertex 43.70000000000002 -101.5 10
      vertex 91.4819130844235 -109.88819657051353 10
      vertex 91.97344289342597 -109.80152660336393 10
    endloop
  endfacet
  facet normal 0 0 1
    outer loop
      vertex 43.70000000000002 -101.5 10
      vertex 91.97344289342597 -109.80152660336393 10
      vertex 92.46004155087984 -109.69046363515307 10
    endloop
  endfacet
  facet normal 0 0 1
    outer loop
      vertex 43.70000000000002 -101.5 10
      vertex 92.46004155087984 -109.69046363515307 10
      vertex 92.94049929585314 -109.55528378591926 10
    endloop
  endfacet
  facet normal 0 0 1
    outer loop
      vertex 43.70000000000002 -101.5 10
      vertex 92.94049929585314 -109.55528378591926 10
      vertex 93.41362163468995 -109.39632313406693 10
    endloop
  endfacet
  facet normal 0 0 1
    outer loop
      vertex 43.70000000000002 -101.5 10
      vertex 93.41362163468995 -109.39632313406693 10
      vertex 93.87823231070969 -109.21397688082277 10
    endloop
  endfacet
  facet normal 0 0 1
    outer loop
      vertex 43.70000000000002 -101.5 10
      vertex 93.87823231070969 -109.21397688082277 10
      vertex 94.33317622856676 -109.0086983677032 10
    endloop
  endfacet
  facet normal 0 0 1
    outer loop
      vertex 55.70000000000002 -101.5 10
      vertex 94.33317622856676 -109.0086983677032 10
      vertex 87.4 -101.5 10
    endloop
  endfacet
  facet normal 0 0 1
    outer loop
      vertex 87.41000000000003 -101.5 10
      vertex 87.4 -101.5 10
      vertex 94.33317622856676 -109.0086983677032 10
    endloop
  endfacet
  facet normal 0 0 1
    outer loop
      vertex 87.41000000000003 -101.5 10
      vertex 94.33317622856676 -109.0086983677032 10
      vertex 94.77732232599939 -108.78099794943599 10
    endloop
  endfacet
  facet normal 0 0 1
    outer loop
      vertex 87.41000000000003 -101.5 10
      vertex 94.77732232599939 -108.78099794943599 10
      vertex 95.20956638582877 -108.53144172513788 10
    endloop
  endfacet
  facet normal 0 0 1
    outer loop
      vertex 87.41000000000003 -101.5 10
      vertex 95.20956638582877 -108.53144172513788 10
      vertex 95.62883378121685 -108.2606501309031 10
    endloop
  endfacet
  facet normal 0 0 1
    outer loop
      vertex 87.41000000000003 -101.5 10
      vertex 95.62883378121685 -108.2606501309031 10
      vertex 96.03408214735802 -107.96929639730145 10
    endloop
  endfacet
  facet normal 0 0 1
    outer loop
      vertex 87.41000000000003 -101.5 10
      vertex 96.03408214735802 -107.96929639730145 10
      vertex 96.42430397296225 -107.65810487562096 10
    endloop
  endfacet
  facet normal 0 0 1
    outer loop
      vertex 87.41000000000003 -101.5 10
      vertex 96.42430397296225 -107.65810487562096 10
      vertex 96.7985291050869 -107.32784923701655 10
    endloop
  endfacet
  facet normal 0 0 1
    outer loop
      vertex 87.41000000000003 -101.5 10
      vertex 89.39721669809222 -101.69606965981387 10
      vertex 88.96197542019324 -101.4705458074188 10
    endloop
  endfacet
  facet normal 0 0 1
    outer loop
      vertex 87.41000000000003 -101.5 10
      vertex 89.87716365594359 -101.79580378454297 10
      vertex 89.39721669809222 -101.69606965981387 10
    endloop
  endfacet
  facet normal 0 0 1
    outer loop
      vertex 87.41000000000003 -101.5 10
      vertex 88.60371967673204 -101.13595829978689 10
      vertex 88.34901965729019 -100.71712196172324 10
    endloop
  endfacet
  facet normal 0 0 1
    outer loop
      vertex 87.41000000000003 -101.5 10
      vertex 88.34901965729019 -100.71712196172324 10
      vertex 88.2167652971346 -100.24509996837324 10
    endloop
  endfacet
  facet normal 0 0 1
    outer loop
      vertex 87.41000000000003 -101.5 10
      vertex 88.96197542019324 -101.4705458074188 10
      vertex 88.60371967673204 -101.13595829978689 10
    endloop
  endfacet
  facet normal 0 0 1
    outer loop
      vertex 87.41000000000003 -101.5 10
      vertex 99.47875273513299 -103.17805136901936 10
      vertex 89.87716365594359 -101.79580378454297 10
    endloop
  endfacet
  facet normal 0 0 1
    outer loop
      vertex 99.62586871196962 -102.70111308611148 10
      vertex 90.36622082349474 -101.76235135782818 10
      vertex 89.87716365594359 -101.79580378454297 10
    endloop
  endfacet
  facet normal 0 0 1
    outer loop
      vertex 99.74902840094005 -102.2174345489027 10
      vertex 90.82811706791607 -101.59819339312428 10
      vertex 90.36622082349474 -101.76235135782818 10
    endloop
  endfacet
  facet normal 0 0 1
    outer loop
      vertex 87.41000000000003 -101.5 10
      vertex 96.7985291050869 -107.32784923701655 10
      vertex 97.15582716108977 -106.97935054904158 10
    endloop
  endfacet
  facet normal 0 0 1
    outer loop
      vertex 87.41000000000003 -101.5 10
      vertex 97.15582716108977 -106.97935054904158 10
      vertex 97.49530984170701 -106.61347523434456 10
    endloop
  endfacet
  facet normal 0 0 1
    outer loop
      vertex 87.41000000000003 -101.5 10
      vertex 97.49530984170701 -106.61347523434456 10
      vertex 97.81613313950497 -106.23113291660592 10
    endloop
  endfacet
  facet normal 0 0 1
    outer loop
      vertex 87.41000000000003 -101.5 10
      vertex 97.81613313950497 -106.23113291660592 10
      vertex 98.11749943721571 -105.83327415907024 10
    endloop
  endfacet
  facet normal 0 0 1
    outer loop
      vertex 87.41000000000003 -101.5 10
      vertex 98.11749943721571 -105.83327415907024 10
      vertex 98.39865949073922 -105.42088810129624 10
    endloop
  endfacet
  facet normal 0 0 1
    outer loop
      vertex 87.41000000000003 -101.5 10
      vertex 98.39865949073922 -105.42088810129624 10
      vertex 98.65891429188223 -104.99499999999999 10
    endloop
  endfacet
  facet normal 0 0 1
    outer loop
      vertex 87.41000000000003 -101.5 10
      vertex 98.65891429188223 -104.99499999999999 10
      vertex 98.89761680620279 -104.55666868010516 10
    endloop
  endfacet
  facet normal 0 0 1
    outer loop
      vertex 87.41000000000003 -101.5 10
      vertex 98.89761680620279 -104.55666868010516 10
      vertex 99.11417358163985 -104.10698390233742 10
    endloop
  endfacet
  facet normal 0 0 1
    outer loop
      vertex 87.41000000000003 -101.5 10
      vertex 99.11417358163985 -104.10698390233742 10
      vertex 99.30804622392847 -103.64706365390761 10
    endloop
  endfacet
  facet normal 0 0 1
    outer loop
      vertex 99.92231445806772 -101.23468048352132 10
      vertex 91.22859565779358 -101.31550473570063 10
      vertex 90.82811706791607 -101.59819339312428 10
    endloop
  endfacet
  facet normal 0 0 1
    outer loop
      vertex 99.99688871182816 -99.99499999999999 10
      vertex 91.53795492818368 -100.93525111006377 10
      vertex 91.22859565779358 -101.31550473570063 10
    endloop
  endfacet
  facet normal 0 0 1
    outer loop
      vertex 99.99688871182816 -99.99499999999999 10
      vertex 91.73325111722603 -100.48563418808264 10
      vertex 91.53795492818368 -100.93525111006377 10
    endloop
  endfacet
  facet normal 0 0 1
    outer loop
      vertex 99.99688871182816 -99.99499999999999 10
      vertex 91.8 -100 10
      vertex 91.73325111722603 -100.48563418808264 10
    endloop
  endfacet
  facet normal 0 0 1
    outer loop
      vertex 99.99688871182816 -99.99499999999999 10
      vertex 91.73325111722603 -99.51436581191736 10
      vertex 91.8 -100 10
    endloop
  endfacet
  facet normal 0 0 1
    outer loop
      vertex 87.41000000000003 -101.5 10
      vertex 99.30804622392847 -103.64706365390761 10
      vertex 99.47875273513299 -103.17805136901936 10
    endloop
  endfacet
  facet normal 0 0 1
    outer loop
      vertex 99.47875273513299 -103.17805136901936 10
      vertex 99.62586871196962 -102.70111308611148 10
      vertex 89.87716365594359 -101.79580378454297 10
    endloop
  endfacet
  facet normal 0 0 1
    outer loop
      vertex 99.62586871196962 -102.70111308611148 10
      vertex 99.74902840094005 -102.2174345489027 10
      vertex 90.36622082349474 -101.76235135782818 10
    endloop
  endfacet
  facet normal 0 0 1
    outer loop
      vertex 99.74902840094005 -102.2174345489027 10
      vertex 99.8479256076522 -101.72821825844596 10
      vertex 90.82811706791607 -101.59819339312428 10
    endloop
  endfacet
  facet normal 0 0 1
    outer loop
      vertex 99.8479256076522 -101.72821825844596 10
      vertex 99.92231445806772 -101.23468048352132 10
      vertex 90.82811706791607 -101.59819339312428 10
    endloop
  endfacet
  facet normal 0 0 1
    outer loop
      vertex 99.92231445806772 -101.23468048352132 10
      vertex 99.9720100097836 -100.7380482368001 10
      vertex 91.22859565779358 -101.31550473570063 10
    endloop
  endfacet
  facet normal 0 0 1
    outer loop
      vertex 99.9720100097836 -100.7380482368001 10
      vertex 99.99688871182816 -100.2395562242981 10
      vertex 91.22859565779358 -101.31550473570063 10
    endloop
  endfacet
  facet normal 0 0 1
    outer loop
      vertex 99.99688871182816 -100.2395562242981 10
      vertex 99.99688871182816 -99.99499999999999 10
      vertex 91.22859565779358 -101.31550473570063 10
    endloop
  endfacet
  facet normal 0 0 1
    outer loop
      vertex 87.41000000000003 -101.5 10
      vertex 88.2167652971346 -100.24509996837324 10
      vertex 87.41000000000003 -72.5 10
    endloop
  endfacet
  facet normal 0 0 1
    outer loop
      vertex 87.41000000000003 -72.5 10
      vertex 88.2167652971346 -100.24509996837324 10
      vertex 88.2167652971346 -99.75490003162676 10
    endloop
  endfacet
  facet normal 0 0 1
    outer loop
      vertex 87.41000000000003 -72.5 10
      vertex 88.2167652971346 -99.75490003162676 10
      vertex 88.34901965729019 -99.28287803827676 10
    endloop
  endfacet
  facet normal 0 0 1
    outer loop
      vertex 87.41000000000003 -72.5 10
      vertex 88.34901965729019 -99.28287803827676 10
      vertex 88.60371967673204 -98.86404170021311 10
    endloop
  endfacet
  facet normal 0 0 1
    outer loop
      vertex 87.41000000000003 -72.5 10
      vertex 88.60371967673204 -98.86404170021311 10
      vertex 88.96197542019324 -98.5294541925812 10
    endloop
  endfacet
  facet normal 0 0 1
    outer loop
      vertex 87.41000000000003 -72.5 10
      vertex 88.96197542019324 -98.5294541925812 10
      vertex 89.39721669809222 -98.30393034018613 10
    endloop
  endfacet
  facet normal 0 0 1
    outer loop
      vertex 87.41000000000003 -72.5 10
      vertex 89.39721669809222 -98.30393034018613 10
      vertex 89.87716365594359 -98.20419621545703 10
    endloop
  endfacet
  facet normal 0 0 1
    outer loop
      vertex 87.41000000000003 -72.5 10
      vertex 89.87716365594359 -98.20419621545703 10
      vertex 90.36622082349474 -98.23764864217182 10
    endloop
  endfacet
  facet normal 0 0 1
    outer loop
      vertex 87.41000000000003 -72.5 10
      vertex 90.82811706791607 -98.40180660687572 10
      vertex 91.22859565779358 -98.68449526429937 10
    endloop
  endfacet
  facet normal 0 0 1
    outer loop
      vertex 87.41000000000003 -72.5 10
      vertex 90.36622082349474 -98.23764864217182 10
      vertex 90.82811706791607 -98.40180660687572 10
    endloop
  endfacet
  facet normal 0 0 1
    outer loop
      vertex 87.41000000000003 -72.5 10
      vertex 91.53795492818368 -99.06474888993623 10
      vertex 91.73325111722603 -99.51436581191736 10
    endloop
  endfacet
  facet normal 0 0 1
    outer loop
      vertex 87.41000000000003 -72.5 10
      vertex 91.22859565779358 -98.68449526429937 10
      vertex 91.53795492818368 -99.06474888993623 10
    endloop
  endfacet
  facet normal 0 0 1
    outer loop
      vertex 99.99688871182816 -99.99499999999999 10
      vertex 87.41000000000003 -72.5 10
      vertex 91.73325111722603 -99.51436581191736 10
    endloop
  endfacet
  facet normal 0 0 1
    outer loop
      vertex 99.99688871182816 -99.99499999999999 10
      vertex 87.41000000000003 -43.5 10
      vertex 87.41000000000003 -72.5 10
    endloop
  endfacet
  facet normal 1 0 0
    outer loop
      vertex 100 -99.99499999999999 0
      vertex 100 99.99499999999999 10
      vertex 100 -99.99499999999999 10
    endloop
  endfacet
  facet normal 0 0 1
    outer loop
      vertex 99.99688871182816 -99.99499999999999 10
      vertex 87.41000000000003 -14.489999999999995 10
      vertex 87.41000000000003 -43.5 10
    endloop
  endfacet
  facet normal 0 0 1
    outer loop
      vertex 99.99688871182816 -99.99499999999999 10
      vertex 87.41000000000003 14.5 10
      vertex 87.41000000000003 -14.489999999999995 10
    endloop
  endfacet
  facet normal 0 0 1
    outer loop
      vertex 100 -99.99499999999999 10
      vertex 99.99987530778472 99.99499999999999 10
      vertex 99.99688871182816 -99.99499999999999 10
    endloop
  endfacet
  facet normal 0 0 -1
    outer loop
      vertex -89.99499999999999 109.99987530778472 0
      vertex 89.99499999999999 109.99688871182816 0
      vertex 43.70000000000002 101.50999999999999 0
    endloop
  endfacet
  facet normal 0 0 -1
    outer loop
      vertex -89.99499999999999 110 0
      vertex 89.99499999999999 110 0
      vertex 89.99499999999999 109.99688871182816 0
    endloop
  endfacet
  facet normal 0 0 -1
    outer loop
      vertex 87.41000000000003 -43.5 0
      vertex 87.41000000000003 -14.489999999999995 0
      vertex 99.99987530778472 99.99499999999999 0
    endloop
  endfacet
  facet normal 0 0 -1
    outer loop
      vertex 87.41000000000003 -14.489999999999995 0
      vertex 87.41000000000003 14.5 0
      vertex 99.99987530778472 99.99499999999999 0
    endloop
  endfacet
  facet normal 0 0 -1
    outer loop
      vertex 99.99688871182816 -99.99499999999999 0
      vertex 99.99987530778472 99.99499999999999 0
      vertex 100 99.99499999999999 0
    endloop
  endfacet
  facet normal 0 0 -1
    outer loop
      vertex 87.41000000000003 14.5 0
      vertex 87.41000000000003 43.50333563059959 0
      vertex 99.99987530778472 99.99499999999999 0
    endloop
  endfacet
  facet normal 1 0 0
    outer loop
      vertex 100 -99.99499999999999 0
      vertex 100 99.99499999999999 0
      vertex 100 99.99499999999999 10
    endloop
  endfacet
  facet normal 0 0 -1
    outer loop
      vertex 43.70000000000002 101.50999999999999 0
      vertex 89.99499999999999 109.99688871182816 0
      vertex 90.2395562242981 109.99688871182816 0
    endloop
  endfacet
  facet normal 0 0 -1
    outer loop
      vertex 43.70000000000002 101.50999999999999 0
      vertex 90.2395562242981 109.99688871182816 0
      vertex 90.7380482368001 109.9720100097836 0
    endloop
  endfacet
  facet normal 0 0 -1
    outer loop
      vertex 87.41000000000003 43.50333563059959 0
      vertex 87.41000000000003 72.5 0
      vertex 99.99987530778472 99.99499999999999 0
    endloop
  endfacet
  facet normal 0 0 -1
    outer loop
      vertex 43.70000000000002 101.50999999999999 0
      vertex 94.10698390233742 109.11417358163985 0
      vertex 87.41000000000003 101.50999999999999 0
    endloop
  endfacet
  facet normal 0 0 -1
    outer loop
      vertex 43.70000000000002 101.50999999999999 0
      vertex 90.7380482368001 109.9720100097836 0
      vertex 91.23468048352132 109.92231445806772 0
    endloop
  endfacet
  facet normal 0 0 -1
    outer loop
      vertex 43.70000000000002 101.50999999999999 0
      vertex 91.23468048352132 109.92231445806772 0
      vertex 91.72821825844596 109.8479256076522 0
    endloop
  endfacet
  facet normal 0 0 -1
    outer loop
      vertex 43.70000000000002 101.50999999999999 0
      vertex 91.72821825844596 109.8479256076522 0
      vertex 92.2174345489027 109.74902840094005 0
    endloop
  endfacet
  facet normal 0 0 -1
    outer loop
      vertex 43.70000000000002 101.50999999999999 0
      vertex 92.2174345489027 109.74902840094005 0
      vertex 92.70111308611148 109.62586871196962 0
    endloop
  endfacet
  facet normal 0 0 -1
    outer loop
      vertex 43.70000000000002 101.50999999999999 0
      vertex 92.70111308611148 109.62586871196962 0
      vertex 93.17805136901936 109.47875273513299 0
    endloop
  endfacet
  facet normal 0 0 -1
    outer loop
      vertex 43.70000000000002 101.50999999999999 0
      vertex 93.17805136901936 109.47875273513299 0
      vertex 93.64706365390761 109.30804622392847 0
    endloop
  endfacet
  facet normal 0 0 -1
    outer loop
      vertex 43.70000000000002 101.50999999999999 0
      vertex 93.64706365390761 109.30804622392847 0
      vertex 94.10698390233742 109.11417358163985 0
    endloop
  endfacet
  facet normal 0 0 -1
    outer loop
      vertex 87.41000000000003 72.5 0
      vertex 88.34901965729019 99.28287803827676 0
      vertex 88.60371967673204 98.86404170021311 0
    endloop
  endfacet
  facet normal 0 0 -1
    outer loop
      vertex 87.41000000000003 72.5 0
      vertex 88.2167652971346 99.75490003162676 0
      vertex 88.34901965729019 99.28287803827676 0
    endloop
  endfacet
  facet normal 0 0 -1
    outer loop
      vertex 87.41000000000003 72.5 0
      vertex 88.2167652971346 100.24509996837324 0
      vertex 88.2167652971346 99.75490003162676 0
    endloop
  endfacet
  facet normal 0 0 -1
    outer loop
      vertex 87.41000000000003 72.5 0
      vertex 88.96197542019324 98.5294541925812 0
      vertex 89.39721669809222 98.30393034018613 0
    endloop
  endfacet
  facet normal 0 0 -1
    outer loop
      vertex 87.41000000000003 72.5 0
      vertex 88.60371967673204 98.86404170021311 0
      vertex 88.96197542019324 98.5294541925812 0
    endloop
  endfacet
  facet normal 0 0 -1
    outer loop
      vertex 87.41000000000003 72.5 0
      vertex 89.39721669809222 98.30393034018613 0
      vertex 89.87716365594359 98.20419621545703 0
    endloop
  endfacet
  facet normal 0 0 -1
    outer loop
      vertex 87.41000000000003 72.5 0
      vertex 87.41000000000003 101.50999999999999 0
      vertex 88.2167652971346 100.24509996837324 0
    endloop
  endfacet
  facet normal 0 0 -1
    outer loop
      vertex 87.41000000000003 72.5 0
      vertex 89.87716365594359 98.20419621545703 0
      vertex 90.36622082349474 98.23764864217182 0
    endloop
  endfacet
  facet normal 0 0 -1
    outer loop
      vertex 87.41000000000003 72.5 0
      vertex 90.36622082349474 98.23764864217182 0
      vertex 90.82811706791607 98.40180660687572 0
    endloop
  endfacet
  facet normal 0 0 -1
    outer loop
      vertex 87.41000000000003 72.5 0
      vertex 90.82811706791607 98.40180660687572 0
      vertex 91.22859565779358 98.68449526429937 0
    endloop
  endfacet
  facet normal 0 0 -1
    outer loop
      vertex 87.41000000000003 72.5 0
      vertex 91.22859565779358 98.68449526429937 0
      vertex 91.53795492818368 99.06474888993623 0
    endloop
  endfacet
  facet normal 0 0 -1
    outer loop
      vertex 87.41000000000003 72.5 0
      vertex 91.53795492818368 99.06474888993623 0
      vertex 91.73325111722603 99.51436581191736 0
    endloop
  endfacet
  facet normal 0 0 -1
    outer loop
      vertex 87.41000000000003 72.5 0
      vertex 91.73325111722603 99.51436581191736 0
      vertex 99.99987530778472 99.99499999999999 0
    endloop
  endfacet
  facet normal 0 0 -1
    outer loop
      vertex 87.41000000000003 101.50999999999999 0
      vertex 88.34901965729019 100.71712196172324 0
      vertex 88.2167652971346 100.24509996837324 0
    endloop
  endfacet
  facet normal 0 0 -1
    outer loop
      vertex 87.41000000000003 101.50999999999999 0
      vertex 88.60371967673204 101.13595829978689 0
      vertex 88.34901965729019 100.71712196172324 0
    endloop
  endfacet
  facet normal 0 0 -1
    outer loop
      vertex 87.41000000000003 101.50999999999999 0
      vertex 88.96197542019324 101.4705458074188 0
      vertex 88.60371967673204 101.13595829978689 0
    endloop
  endfacet
  facet normal 0 0 -1
    outer loop
      vertex 87.41000000000003 101.50999999999999 0
      vertex 89.39721669809222 101.69606965981387 0
      vertex 88.96197542019324 101.4705458074188 0
    endloop
  endfacet
  facet normal 0 0 -1
    outer loop
      vertex 87.41000000000003 101.50999999999999 0
      vertex 89.87716365594359 101.79580378454297 0
      vertex 89.39721669809222 101.69606965981387 0
    endloop
  endfacet
  facet normal 0 0 -1
    outer loop
      vertex 87.41000000000003 101.50999999999999 0
      vertex 99.55528378591926 102.94049929585314 0
      vertex 89.87716365594359 101.79580378454297 0
    endloop
  endfacet
  facet normal 0 0 -1
    outer loop
      vertex 99.55528378591926 102.94049929585314 0
      vertex 90.36622082349474 101.76235135782818 0
      vertex 89.87716365594359 101.79580378454297 0
    endloop
  endfacet
  facet normal 0 0 -1
    outer loop
      vertex 99.80152660336393 101.97344289342597 0
      vertex 90.82811706791607 101.59819339312428 0
      vertex 90.36622082349474 101.76235135782818 0
    endloop
  endfacet
  facet normal 0 0 -1
    outer loop
      vertex 87.41000000000003 101.50999999999999 0
      vertex 94.10698390233742 109.11417358163985 0
      vertex 94.55666868010516 108.89761680620279 0
    endloop
  endfacet
  facet normal 0 0 -1
    outer loop
      vertex 87.41000000000003 101.50999999999999 0
      vertex 94.55666868010516 108.89761680620279 0
      vertex 94.99499999999999 108.65891429188223 0
    endloop
  endfacet
  facet normal 0 0 -1
    outer loop
      vertex 87.41000000000003 101.50999999999999 0
      vertex 95.42088810129624 108.39865949073922 0
      vertex 95.83327415907024 108.11749943721571 0
    endloop
  endfacet
  facet normal 0 0 -1
    outer loop
      vertex 87.41000000000003 101.50999999999999 0
      vertex 94.99499999999999 108.65891429188223 0
      vertex 95.42088810129624 108.39865949073922 0
    endloop
  endfacet
  facet normal 0 0 -1
    outer loop
      vertex 87.41000000000003 101.50999999999999 0
      vertex 96.23113291660592 107.81613313950497 0
      vertex 96.61347523434456 107.49530984170701 0
    endloop
  endfacet
  facet normal 0 0 -1
    outer loop
      vertex 87.41000000000003 101.50999999999999 0
      vertex 96.61347523434456 107.49530984170701 0
      vertex 96.97935054904158 107.15582716108977 0
    endloop
  endfacet
  facet normal 0 0 -1
    outer loop
      vertex 87.41000000000003 101.50999999999999 0
      vertex 95.83327415907024 108.11749943721571 0
      vertex 96.23113291660592 107.81613313950497 0
    endloop
  endfacet
  facet normal 0 0 -1
    outer loop
      vertex 99.99987530778472 99.99499999999999 0
      vertex 91.73325111722603 99.51436581191736 0
      vertex 91.8 100 0
    endloop
  endfacet
  facet normal 0 0 -1
    outer loop
      vertex 99.99987530778472 99.99499999999999 0
      vertex 91.8 100 0
      vertex 91.73325111722603 100.48563418808264 0
    endloop
  endfacet
  facet normal 0 0 -1
    outer loop
      vertex 99.99987530778472 99.99499999999999 0
      vertex 91.73325111722603 100.48563418808264 0
      vertex 91.53795492818368 100.93525111006377 0
    endloop
  endfacet
  facet normal 0 0 -1
    outer loop
      vertex 99.95025806140767 100.98667414442411 0
      vertex 91.22859565779358 101.31550473570063 0
      vertex 90.82811706791607 101.59819339312428 0
    endloop
  endfacet
  facet normal 0 0 -1
    outer loop
      vertex 99.99987530778472 99.99499999999999 0
      vertex 91.53795492818368 100.93525111006377 0
      vertex 91.22859565779358 101.31550473570063 0
    endloop
  endfacet
  facet normal 0 0 -1
    outer loop
      vertex 87.41000000000003 101.50999999999999 0
      vertex 99.39632313406693 103.41362163468995 0
      vertex 99.55528378591926 102.94049929585314 0
    endloop
  endfacet
  facet normal 0 0 -1
    outer loop
      vertex 87.41000000000003 101.50999999999999 0
      vertex 99.21397688082277 103.87823231070969 0
      vertex 99.39632313406693 103.41362163468995 0
    endloop
  endfacet
  facet normal 0 0 -1
    outer loop
      vertex 99.88819657051353 101.4819130844235 0
      vertex 90.82811706791607 101.59819339312428 0
      vertex 99.80152660336393 101.97344289342597 0
    endloop
  endfacet
  facet normal 0 0 -1
    outer loop
      vertex 99.80152660336393 101.97344289342597 0
      vertex 90.36622082349474 101.76235135782818 0
      vertex 99.69046363515307 102.46004155087984 0
    endloop
  endfacet
  facet normal 0 0 -1
    outer loop
      vertex 99.55528378591926 102.94049929585314 0
      vertex 99.69046363515307 102.46004155087984 0
      vertex 90.36622082349474 101.76235135782818 0
    endloop
  endfacet
  facet normal 0 0 -1
    outer loop
      vertex 99.98755678140141 100.48895731546358 0
      vertex 91.22859565779358 101.31550473570063 0
      vertex 99.95025806140767 100.98667414442411 0
    endloop
  endfacet
  facet normal 0 0 -1
    outer loop
      vertex 99.99987530778472 99.99499999999999 0
      vertex 91.22859565779358 101.31550473570063 0
      vertex 99.98755678140141 100.48895731546358 0
    endloop
  endfacet
  facet normal 0 0 -1
    outer loop
      vertex 99.95025806140767 100.98667414442411 0
      vertex 90.82811706791607 101.59819339312428 0
      vertex 99.88819657051353 101.4819130844235 0
    endloop
  endfacet
  facet normal 0 0 -1
    outer loop
      vertex 87.41000000000003 101.50999999999999 0
      vertex 97.65810487562096 106.42430397296225 0
      vertex 97.96929639730145 106.03408214735802 0
    endloop
  endfacet
  facet normal 0 0 -1
    outer loop
      vertex 87.41000000000003 101.50999999999999 0
      vertex 98.53144172513788 105.20956638582877 0
      vertex 98.78099794943599 104.77732232599939 0
    endloop
  endfacet
  facet normal 0 0 -1
    outer loop
      vertex 87.41000000000003 101.50999999999999 0
      vertex 98.78099794943599 104.77732232599939 0
      vertex 99.0086983677032 104.33317622856676 0
    endloop
  endfacet
  facet normal 0 0 -1
    outer loop
      vertex 87.41000000000003 101.50999999999999 0
      vertex 99.0086983677032 104.33317622856676 0
      vertex 99.21397688082277 103.87823231070969 0
    endloop
  endfacet
  facet normal 0 0 -1
    outer loop
      vertex 87.41000000000003 101.50999999999999 0
      vertex 97.96929639730145 106.03408214735802 0
      vertex 98.2606501309031 105.62883378121685 0
    endloop
  endfacet
  facet normal 0 0 -1
    outer loop
      vertex 87.41000000000003 101.50999999999999 0
      vertex 98.2606501309031 105.62883378121685 0
      vertex 98.53144172513788 105.20956638582877 0
    endloop
  endfacet
  facet normal 0 0 -1
    outer loop
      vertex 87.41000000000003 101.50999999999999 0
      vertex 96.97935054904158 107.15582716108977 0
      vertex 97.32784923701655 106.7985291050869 0
    endloop
  endfacet
  facet normal 0 0 -1
    outer loop
      vertex 87.41000000000003 101.50999999999999 0
      vertex 97.32784923701655 106.7985291050869 0
      vertex 97.65810487562096 106.42430397296225 0
    endloop
  endfacet
  facet normal 0 1 0
    outer loop
      vertex -89.99499999999999 110 10
      vertex 89.99499999999999 110 10
      vertex 89.99499999999999 110 0
    endloop
  endfacet
  facet normal 0 0 1
    outer loop
      vertex -43.7 101.50999999999999 10
      vertex 0.009999999999990905 101.50999999999999 10
      vertex 89.99499999999999 109.99688871182816 10
    endloop
  endfacet
  facet normal 0 0 1
    outer loop
      vertex -89.99499999999999 109.99987530778472 10
      vertex 89.99499999999999 109.99688871182816 10
      vertex 89.99499999999999 110 10
    endloop
  endfacet
  facet normal 0 0 1
    outer loop
      vertex 0.009999999999990905 101.50999999999999 10
      vertex 43.70000000000002 101.50999999999999 10
      vertex 89.99499999999999 109.99688871182816 10
    endloop
  endfacet
  facet normal 0 0 1
    outer loop
      vertex 99.99688871182816 -99.99499999999999 10
      vertex 90.36622082349474 98.23764864217182 10
      vertex 87.41000000000003 14.5 10
    endloop
  endfacet
  facet normal 0 0 1
    outer loop
      vertex 99.99688871182816 -99.99499999999999 10
      vertex 90.82811706791607 98.40180660687572 10
      vertex 90.36622082349474 98.23764864217182 10
    endloop
  endfacet
  facet normal 0 0 1
    outer loop
      vertex 99.99688871182816 -99.99499999999999 10
      vertex 91.22859565779358 98.68449526429937 10
      vertex 90.82811706791607 98.40180660687572 10
    endloop
  endfacet
  facet normal 0 0 1
    outer loop
      vertex 99.99688871182816 -99.99499999999999 10
      vertex 91.53795492818368 99.06474888993623 10
      vertex 91.22859565779358 98.68449526429937 10
    endloop
  endfacet
  facet normal 0 0 1
    outer loop
      vertex 99.99688871182816 -99.99499999999999 10
      vertex 91.73325111722603 99.51436581191736 10
      vertex 91.53795492818368 99.06474888993623 10
    endloop
  endfacet
  facet normal 0 0 1
    outer loop
      vertex 99.99688871182816 -99.99499999999999 10
      vertex 91.8 100 10
      vertex 91.73325111722603 99.51436581191736 10
    endloop
  endfacet
  facet normal 0 0 1
    outer loop
      vertex 100 -99.99499999999999 10
      vertex 100 99.99499999999999 10
      vertex 99.99987530778472 99.99499999999999 10
    endloop
  endfacet
  facet normal 0 0 1
    outer loop
      vertex 99.99688871182816 -99.99499999999999 10
      vertex 99.99987530778472 99.99499999999999 10
      vertex 99.95025806140767 100.98667414442411 10
    endloop
  endfacet
  facet normal 0 0 1
    outer loop
      vertex 99.99688871182816 -99.99499999999999 10
      vertex 99.95025806140767 100.98667414442411 10
      vertex 99.88819657051353 101.4819130844235 10
    endloop
  endfacet
  facet normal 0 0 1
    outer loop
      vertex 99.99688871182816 -99.99499999999999 10
      vertex 91.72821825844596 109.8479256076522 10
      vertex 91.8 100 10
    endloop
  endfacet
  facet normal 0 0 1
    outer loop
      vertex 99.99688871182816 -99.99499999999999 10
      vertex 92.2174345489027 109.74902840094005 10
      vertex 91.72821825844596 109.8479256076522 10
    endloop
  endfacet
  facet normal 0 0 1
    outer loop
      vertex 99.99688871182816 -99.99499999999999 10
      vertex 92.70111308611148 109.62586871196962 10
      vertex 92.2174345489027 109.74902840094005 10
    endloop
  endfacet
  facet normal 0 0 1
    outer loop
      vertex 99.99688871182816 -99.99499999999999 10
      vertex 93.17805136901936 109.47875273513299 10
      vertex 92.70111308611148 109.62586871196962 10
    endloop
  endfacet
  facet normal 0 0 1
    outer loop
      vertex 99.99688871182816 -99.99499999999999 10
      vertex 94.10698390233742 109.11417358163985 10
      vertex 93.64706365390761 109.30804622392847 10
    endloop
  endfacet
  facet normal 0 0 1
    outer loop
      vertex 99.99688871182816 -99.99499999999999 10
      vertex 94.55666868010516 108.89761680620279 10
      vertex 94.10698390233742 109.11417358163985 10
    endloop
  endfacet
  facet normal 0 0 1
    outer loop
      vertex 99.99688871182816 -99.99499999999999 10
      vertex 95.42088810129624 108.39865949073922 10
      vertex 94.99499999999999 108.65891429188223 10
    endloop
  endfacet
  facet normal 0 0 1
    outer loop
      vertex 99.99688871182816 -99.99499999999999 10
      vertex 94.99499999999999 108.65891429188223 10
      vertex 94.55666868010516 108.89761680620279 10
    endloop
  endfacet
  facet normal 0 0 1
    outer loop
      vertex 99.99688871182816 -99.99499999999999 10
      vertex 93.64706365390761 109.30804622392847 10
      vertex 93.17805136901936 109.47875273513299 10
    endloop
  endfacet
  facet normal 0 0 1
    outer loop
      vertex 99.99688871182816 -99.99499999999999 10
      vertex 97.65810487562096 106.42430397296225 10
      vertex 97.32784923701655 106.7985291050869 10
    endloop
  endfacet
  facet normal 0 0 1
    outer loop
      vertex 99.99688871182816 -99.99499999999999 10
      vertex 99.88819657051353 101.4819130844235 10
      vertex 99.80152660336393 101.97344289342597 10
    endloop
  endfacet
  facet normal 0 0 1
    outer loop
      vertex 99.99688871182816 -99.99499999999999 10
      vertex 99.69046363515307 102.46004155087984 10
      vertex 99.55528378591926 102.94049929585314 10
    endloop
  endfacet
  facet normal 0 0 1
    outer loop
      vertex 99.99688871182816 -99.99499999999999 10
      vertex 99.80152660336393 101.97344289342597 10
      vertex 99.69046363515307 102.46004155087984 10
    endloop
  endfacet
  facet normal 0 0 1
    outer loop
      vertex 99.99688871182816 -99.99499999999999 10
      vertex 99.21397688082277 103.87823231070969 10
      vertex 99.0086983677032 104.33317622856676 10
    endloop
  endfacet
  facet normal 0 0 1
    outer loop
      vertex 99.99688871182816 -99.99499999999999 10
      vertex 99.39632313406693 103.41362163468995 10
      vertex 99.21397688082277 103.87823231070969 10
    endloop
  endfacet
  facet normal 0 0 1
    outer loop
      vertex 99.99688871182816 -99.99499999999999 10
      vertex 99.55528378591926 102.94049929585314 10
      vertex 99.39632313406693 103.41362163468995 10
    endloop
  endfacet
  facet normal 0 0 1
    outer loop
      vertex 99.99688871182816 -99.99499999999999 10
      vertex 98.53144172513788 105.20956638582877 10
      vertex 98.2606501309031 105.62883378121685 10
    endloop
  endfacet
  facet normal 0 0 1
    outer loop
      vertex 99.99688871182816 -99.99499999999999 10
      vertex 98.78099794943599 104.77732232599939 10
      vertex 98.53144172513788 105.20956638582877 10
    endloop
  endfacet
  facet normal 0 0 1
    outer loop
      vertex 99.99688871182816 -99.99499999999999 10
      vertex 98.2606501309031 105.62883378121685 10
      vertex 97.96929639730145 106.03408214735802 10
    endloop
  endfacet
  facet normal 0 0 1
    outer loop
      vertex 99.99688871182816 -99.99499999999999 10
      vertex 97.96929639730145 106.03408214735802 10
      vertex 97.65810487562096 106.42430397296225 10
    endloop
  endfacet
  facet normal 0 0 1
    outer loop
      vertex 99.99688871182816 -99.99499999999999 10
      vertex 99.0086983677032 104.33317622856676 10
      vertex 98.78099794943599 104.77732232599939 10
    endloop
  endfacet
  facet normal 0 0 1
    outer loop
      vertex 99.99688871182816 -99.99499999999999 10
      vertex 96.23113291660592 107.81613313950497 10
      vertex 95.83327415907024 108.11749943721571 10
    endloop
  endfacet
  facet normal 0 0 1
    outer loop
      vertex 99.99688871182816 -99.99499999999999 10
      vertex 96.61347523434456 107.49530984170701 10
      vertex 96.23113291660592 107.81613313950497 10
    endloop
  endfacet
  facet normal 0 0 1
    outer loop
      vertex 99.99688871182816 -99.99499999999999 10
      vertex 95.83327415907024 108.11749943721571 10
      vertex 95.42088810129624 108.39865949073922 10
    endloop
  endfacet
  facet normal 0 0 1
    outer loop
      vertex 99.99688871182816 -99.99499999999999 10
      vertex 96.97935054904158 107.15582716108977 10
      vertex 96.61347523434456 107.49530984170701 10
    endloop
  endfacet
  facet normal 0 0 1
    outer loop
      vertex 99.99688871182816 -99.99499999999999 10
      vertex 97.32784923701655 106.7985291050869 10
      vertex 96.97935054904158 107.15582716108977 10
    endloop
  endfacet
  facet normal 0 0 1
    outer loop
      vertex 87.41000000000003 14.5 10
      vertex 89.39721669809222 98.30393034018613 10
      vertex 87.41000000000003 43.5 10
    endloop
  endfacet
  facet normal 0 0 1
    outer loop
      vertex 43.70000000000002 101.50999999999999 10
      vertex 87.41000000000003 101.50999999999999 10
      vertex 89.99499999999999 109.99688871182816 10
    endloop
  endfacet
  facet normal 0 0 1
    outer loop
      vertex 87.41000000000003 14.5 10
      vertex 89.87716365594359 98.20419621545703 10
      vertex 89.39721669809222 98.30393034018613 10
    endloop
  endfacet
  facet normal 0 0 1
    outer loop
      vertex 87.41000000000003 43.5 10
      vertex 89.39721669809222 98.30393034018613 10
      vertex 87.41000000000003 72.5 10
    endloop
  endfacet
  facet normal 0 0 1
    outer loop
      vertex 87.41000000000003 14.5 10
      vertex 90.36622082349474 98.23764864217182 10
      vertex 89.87716365594359 98.20419621545703 10
    endloop
  endfacet
  facet normal 0 0 1
    outer loop
      vertex 87.41000000000003 72.5 10
      vertex 88.60371967673204 98.86404170021311 10
      vertex 88.34901965729019 99.28287803827676 10
    endloop
  endfacet
  facet normal 0 0 1
    outer loop
      vertex 87.41000000000003 72.5 10
      vertex 88.34901965729019 99.28287803827676 10
      vertex 88.2167652971346 99.75490003162676 10
    endloop
  endfacet
  facet normal 0 0 1
    outer loop
      vertex 87.41000000000003 72.5 10
      vertex 88.2167652971346 99.75490003162676 10
      vertex 88.2167652971346 100.24509996837324 10
    endloop
  endfacet
  facet normal 0 0 1
    outer loop
      vertex 87.41000000000003 72.5 10
      vertex 89.39721669809222 98.30393034018613 10
      vertex 88.96197542019324 98.5294541925812 10
    endloop
  endfacet
  facet normal 0 0 1
    outer loop
      vertex 87.41000000000003 72.5 10
      vertex 88.96197542019324 98.5294541925812 10
      vertex 88.60371967673204 98.86404170021311 10
    endloop
  endfacet
  facet normal 0 0 1
    outer loop
      vertex 87.41000000000003 72.5 10
      vertex 88.2167652971346 100.24509996837324 10
      vertex 87.41000000000003 101.50999999999999 10
    endloop
  endfacet
  facet normal 0 0 1
    outer loop
      vertex 87.41000000000003 101.50999999999999 10
      vertex 88.2167652971346 100.24509996837324 10
      vertex 88.34901965729019 100.71712196172324 10
    endloop
  endfacet
  facet normal 0 0 1
    outer loop
      vertex 87.41000000000003 101.50999999999999 10
      vertex 88.34901965729019 100.71712196172324 10
      vertex 88.60371967673204 101.13595829978689 10
    endloop
  endfacet
  facet normal 0 0 1
    outer loop
      vertex 87.41000000000003 101.50999999999999 10
      vertex 88.60371967673204 101.13595829978689 10
      vertex 88.96197542019324 101.4705458074188 10
    endloop
  endfacet
  facet normal 0 0 1
    outer loop
      vertex 87.41000000000003 101.50999999999999 10
      vertex 88.96197542019324 101.4705458074188 10
      vertex 89.99499999999999 109.99688871182816 10
    endloop
  endfacet
  facet normal 0 0 1
    outer loop
      vertex 89.99499999999999 109.99688871182816 10
      vertex 88.96197542019324 101.4705458074188 10
      vertex 89.39721669809222 101.69606965981387 10
    endloop
  endfacet
  facet normal 0 0 1
    outer loop
      vertex 89.99499999999999 109.99688871182816 10
      vertex 89.39721669809222 101.69606965981387 10
      vertex 89.87716365594359 101.79580378454297 10
    endloop
  endfacet
  facet normal 0 0 1
    outer loop
      vertex 89.99499999999999 109.99688871182816 10
      vertex 89.87716365594359 101.79580378454297 10
      vertex 90.36622082349474 101.76235135782818 10
    endloop
  endfacet
  facet normal 0 0 1
    outer loop
      vertex 89.99499999999999 109.99688871182816 10
      vertex 90.36622082349474 101.76235135782818 10
      vertex 90.82811706791607 101.59819339312428 10
    endloop
  endfacet
  facet normal 0 0 1
    outer loop
      vertex 89.99499999999999 109.99688871182816 10
      vertex 90.82811706791607 101.59819339312428 10
      vertex 90.2395562242981 109.99688871182816 10
    endloop
  endfacet
  facet normal 0 0 1
    outer loop
      vertex 90.2395562242981 109.99688871182816 10
      vertex 90.82811706791607 101.59819339312428 10
      vertex 90.7380482368001 109.9720100097836 10
    endloop
  endfacet
  facet normal 0 0 1
    outer loop
      vertex 90.7380482368001 109.9720100097836 10
      vertex 90.82811706791607 101.59819339312428 10
      vertex 91.22859565779358 101.31550473570063 10
    endloop
  endfacet
  facet normal 0 0 1
    outer loop
      vertex 91.23468048352132 109.92231445806772 10
      vertex 91.22859565779358 101.31550473570063 10
      vertex 91.53795492818368 100.93525111006377 10
    endloop
  endfacet
  facet normal 0 0 1
    outer loop
      vertex 91.72821825844596 109.8479256076522 10
      vertex 91.73325111722603 100.48563418808264 10
      vertex 91.8 100 10
    endloop
  endfacet
  facet normal 0 0 1
    outer loop
      vertex 91.23468048352132 109.92231445806772 10
      vertex 91.53795492818368 100.93525111006377 10
      vertex 91.73325111722603 100.48563418808264 10
    endloop
  endfacet
  facet normal 0 0 1
    outer loop
      vertex 90.7380482368001 109.9720100097836 10
      vertex 91.22859565779358 101.31550473570063 10
      vertex 91.23468048352132 109.92231445806772 10
    endloop
  endfacet
  facet normal 0 0 1
    outer loop
      vertex 91.23468048352132 109.92231445806772 10
      vertex 91.73325111722603 100.48563418808264 10
      vertex 91.72821825844596 109.8479256076522 10
    endloop
  endfacet
  facet normal 0 0 1
    outer loop
      vertex 99.99987530778472 99.99499999999999 10
      vertex 99.98755678140141 100.48895731546358 10
      vertex 99.95025806140767 100.98667414442411 10
    endloop
  endfacet
  facet normal 1 0 0
    outer loop
      vertex -87.4 101.50999999999999 0
      vertex -87.4 101.50999999999999 10
      vertex -87.4 101.5 0
    endloop
  endfacet
  facet normal 0 -1 0
    outer loop
      vertex -87.4 101.50999999999999 0
      vertex -43.7 101.50999999999999 0
      vertex -43.7 101.50999999999999 10
    endloop
  endfacet
  facet normal 1 0 0
    outer loop
      vertex -87.4 101.5 0
      vertex -87.4 101.50999999999999 10
      vertex -87.4 101.5 10
    endloop
  endfacet
  facet normal 0 -1 0
    outer loop
      vertex -87.4 101.50999999999999 0
      vertex -43.7 101.50999999999999 10
      vertex -87.4 101.50999999999999 10
    endloop
  endfacet
  facet normal 0 -1 0
    outer loop
      vertex -43.7 101.50999999999999 0
      vertex 0.009999999999990905 101.50999999999999 0
      vertex 0.009999999999990905 101.50999999999999 10
    endloop
  endfacet
  facet normal 0 -1 0
    outer loop
      vertex -43.7 101.50999999999999 0
      vertex 0.009999999999990905 101.50999999999999 10
      vertex -43.7 101.50999999999999 10
    endloop
  endfacet
  facet normal 0 -1 0
    outer loop
      vertex 0.009999999999990905 101.50999999999999 0
      vertex 43.70000000000002 101.50999999999999 0
      vertex 43.70000000000002 101.50999999999999 10
    endloop
  endfacet
  facet normal 0 -1 0
    outer loop
      vertex 0.009999999999990905 101.50999999999999 0
      vertex 43.70000000000002 101.50999999999999 10
      vertex 0.009999999999990905 101.50999999999999 10
    endloop
  endfacet
  facet normal 0 1 0
    outer loop
      vertex 87.41000000000003 -101.5 0
      vertex 87.4 -101.5 0
      vertex 87.4 -101.5 10
    endloop
  endfacet
  facet normal -1 0 0
    outer loop
      vertex 87.41000000000003 -101.5 0
      vertex 87.41000000000003 -101.5 10
      vertex 87.41000000000003 -72.4966643694004 0
    endloop
  endfacet
  facet normal 0 1 0
    outer loop
      vertex 87.41000000000003 -101.5 0
      vertex 87.4 -101.5 10
      vertex 87.41000000000003 -101.5 10
    endloop
  endfacet
  facet normal -1 0 0
    outer loop
      vertex 87.41000000000003 -72.4966643694004 0
      vertex 87.41000000000003 -101.5 10
      vertex 87.41000000000003 -72.5 5.005170630816959
    endloop
  endfacet
  facet normal -1 0 0
    outer loop
      vertex 87.41000000000003 -72.5 5.005170630816959
      vertex 87.41000000000003 -101.5 10
      vertex 87.41000000000003 -72.5 10
    endloop
  endfacet
  facet normal -1 0 0
    outer loop
      vertex 87.41000000000003 -72.4966643694004 0
      vertex 87.41000000000003 -72.5 5.005170630816959
      vertex 87.41000000000003 -43.5 0
    endloop
  endfacet
  facet normal -1 0 0
    outer loop
      vertex 87.41000000000003 -43.5 0
      vertex 87.41000000000003 -72.5 5.005170630816959
      vertex 87.41000000000003 -72.5 10
    endloop
  endfacet
  facet normal -1 0 0
    outer loop
      vertex 87.41000000000003 -43.5 0
      vertex 87.41000000000003 -72.5 10
      vertex 87.41000000000003 -43.5 10
    endloop
  endfacet
  facet normal -1 0 0
    outer loop
      vertex 87.41000000000003 -43.5 0
      vertex 87.41000000000003 -43.5 10
      vertex 87.41000000000003 -14.489999999999995 0
    endloop
  endfacet
  facet normal -1 0 0
    outer loop
      vertex 87.41000000000003 -14.489999999999995 0
      vertex 87.41000000000003 -43.5 10
      vertex 87.41000000000003 -14.489999999999995 10
    endloop
  endfacet
  facet normal -1 0 0
    outer loop
      vertex 87.41000000000003 -14.489999999999995 0
      vertex 87.41000000000003 -14.489999999999995 10
      vertex 87.41000000000003 14.5 0
    endloop
  endfacet
  facet normal -1 0 0
    outer loop
      vertex 87.41000000000003 -14.489999999999995 10
      vertex 87.41000000000003 14.5 10
      vertex 87.41000000000003 14.5 0
    endloop
  endfacet
  facet normal -1 0 0
    outer loop
      vertex 87.41000000000003 14.5 0
      vertex 87.41000000000003 14.5 10
      vertex 87.41000000000003 43.50333563059959 0
    endloop
  endfacet
  facet normal -1 0 0
    outer loop
      vertex 87.41000000000003 43.50333563059959 0
      vertex 87.41000000000003 14.5 10
      vertex 87.41000000000003 43.5 5.005170630816956
    endloop
  endfacet
  facet normal -1 0 0
    outer loop
      vertex 87.41000000000003 43.5 5.005170630816956
      vertex 87.41000000000003 14.5 10
      vertex 87.41000000000003 43.5 10
    endloop
  endfacet
  facet normal -1 0 0
    outer loop
      vertex 87.41000000000003 43.50333563059959 0
      vertex 87.41000000000003 43.5 5.005170630816956
      vertex 87.41000000000003 72.5 0
    endloop
  endfacet
  facet normal -1 0 0
    outer loop
      vertex 87.41000000000003 72.5 0
      vertex 87.41000000000003 43.5 5.005170630816956
      vertex 87.41000000000003 43.5 10
    endloop
  endfacet
  facet normal -1 0 0
    outer loop
      vertex 87.41000000000003 72.5 0
      vertex 87.41000000000003 43.5 10
      vertex 87.41000000000003 72.5 10
    endloop
  endfacet
  facet normal 0 -1 0
    outer loop
      vertex 43.70000000000002 101.50999999999999 0
      vertex 87.41000000000003 101.50999999999999 0
      vertex 87.41000000000003 101.50999999999999 10
    endloop
  endfacet
  facet normal -1 0 0
    outer loop
      vertex 87.41000000000003 72.5 0
      vertex 87.41000000000003 72.5 10
      vertex 87.41000000000003 101.50999999999999 0
    endloop
  endfacet
  facet normal 0 -1 0
    outer loop
      vertex 43.70000000000002 101.50999999999999 0
      vertex 87.41000000000003 101.50999999999999 10
      vertex 43.70000000000002 101.50999999999999 10
    endloop
  endfacet
  facet normal -1 0 0
    outer loop
      vertex 87.41000000000003 101.50999999999999 0
      vertex 87.41000000000003 72.5 10
      vertex 87.41000000000003 101.50999999999999 10
    endloop
  endfacet
  facet normal 0 0 -1
    outer loop
      vertex 10 72.5 0
      vertex 12 79.5 0
      vertex 31.700000000000003 79.5 0
    endloop
  endfacet
  facet normal 0 0 -1
    outer loop
      vertex 10 72.5 0
      vertex 10 95.66666666666666 0
      vertex 12 79.5 0
    endloop
  endfacet
  facet normal 0 0 -1
    outer loop
      vertex 12 79.5 0
      vertex 10 95.66666666666666 0
      vertex 12 94.5 0
    endloop
  endfacet
  facet normal 0 0 -1
    outer loop
      vertex 10 95.66666666666666 0
      vertex 8.325358851674636 96.64354066985646 0
      vertex 10 101.5 0
    endloop
  endfacet
  facet normal 0 0 -1
    outer loop
      vertex 10 95.66666666666666 0
      vertex 10 101.5 0
      vertex 43.70000000000002 101.5 0
    endloop
  endfacet
  facet normal 0 0 -1
    outer loop
      vertex 10 95.66666666666666 0
      vertex 43.70000000000002 101.5 0
      vertex 12 94.5 0
    endloop
  endfacet
  facet normal 0 0 -1
    outer loop
      vertex 10 72.5 0
      vertex 33.7 78.33333333333334 0
      vertex 43.70000000000002 72.5 0
    endloop
  endfacet
  facet normal 0 0 -1
    outer loop
      vertex 10 72.5 0
      vertex 31.700000000000003 79.5 0
      vertex 33.7 78.33333333333334 0
    endloop
  endfacet
  facet normal 0 0 -1
    outer loop
      vertex 33.7 78.33333333333334 0
      vertex 31.700000000000003 79.5 0
      vertex 33.7 90.83333333333331 0
    endloop
  endfacet
  facet normal 0 0 -1
    outer loop
      vertex 31.700000000000003 79.5 0
      vertex 31.700000000000003 94.5 0
      vertex 33.7 90.83333333333331 0
    endloop
  endfacet
  facet normal 0 0 -1
    outer loop
      vertex 33.7 90.83333333333331 0
      vertex 31.700000000000003 94.5 0
      vertex 43.70000000000002 101.5 0
    endloop
  endfacet
  facet normal 0 0 -1
    outer loop
      vertex 12 94.5 0
      vertex 43.70000000000002 101.5 0
      vertex 31.700000000000003 94.5 0
    endloop
  endfacet
  facet normal 0 0 -1
    outer loop
      vertex 43.70000000000002 72.5 0
      vertex 33.7 90.83333333333331 0
      vertex 43.70000000000002 101.5 0
    endloop
  endfacet
  facet normal 0 1 0
    outer loop
      vertex 10 101.5 0
      vertex 12 101.5 10
      vertex 43.70000000000002 101.5 0
    endloop
  endfacet
  facet normal 0 1 0
    outer loop
      vertex 10 101.5 0
      vertex 10 101.5 8
      vertex 12 101.5 10
    endloop
  endfacet
  facet normal 0 1 0
    outer loop
      vertex 43.70000000000002 101.5 0
      vertex 12 101.5 10
      vertex 43.70000000000002 101.5 10
    endloop
  endfacet
  facet normal 0 0 1
    outer loop
      vertex 10 72.5 10
      vertex 10 79.5 10
      vertex 8.055555555555557 78.13888888888889 10
    endloop
  endfacet
  facet normal 0 0 1
    outer loop
      vertex 11.539292017024806 79.18026575314025 10
      vertex 28.200000000000003 79.5 10
      vertex 12 79.5 10
    endloop
  endfacet
  facet normal 0 0 1
    outer loop
      vertex 12 72.5 10
      vertex 33.28990200255646 74.66233489561142 10
      vertex 11.539292017024806 79.18026575314025 10
    endloop
  endfacet
  facet normal 0 0 1
    outer loop
      vertex 11.539292017024806 79.18026575314025 10
      vertex 33.28990200255646 74.66233489561142 10
      vertex 28.200000000000003 79.5 10
    endloop
  endfacet
  facet normal 0 0 1
    outer loop
      vertex 12 94.5 10
      vertex 28.200000000000003 94.5 10
      vertex 29.279993834771886 95.80548705302095 10
    endloop
  endfacet
  facet normal 0 0 1
    outer loop
      vertex 12 94.5 10
      vertex 29.279993834771886 95.80548705302095 10
      vertex 12 101.5 10
    endloop
  endfacet
  facet normal 0 0 1
    outer loop
      vertex 12 101.5 10
      vertex 29.279993834771886 95.80548705302095 10
      vertex 33.7 94.5 10
    endloop
  endfacet
  facet normal 0 0 1
    outer loop
      vertex 12 72.5 10
      vertex 33.7 72.5 10
      vertex 33.28990200255646 74.66233489561142 10
    endloop
  endfacet
  facet normal 0 0 1
    outer loop
      vertex 33.28990200255646 74.66233489561142 10
      vertex 33.7 72.5 10
      vertex 33.7 79.5 10
    endloop
  endfacet
  facet normal 0 0 1
    outer loop
      vertex 12 101.5 10
      vertex 33.7 94.5 10
      vertex 35.67026643280715 95.78622734485927 10
    endloop
  endfacet
  facet normal 0 0 1
    outer loop
      vertex 12 101.5 10
      vertex 35.67026643280715 95.78622734485927 10
      vertex 43.70000000000002 94.5 10
    endloop
  endfacet
  facet normal 0 0 1
    outer loop
      vertex 12 101.5 10
      vertex 43.70000000000002 94.5 10
      vertex 43.70000000000002 101.5 10
    endloop
  endfacet
  facet normal 0 0 -1
    outer loop
      vertex 10 14.5 0
      vertex 10 37.66666666666666 0
      vertex 12 21.5 0
    endloop
  endfacet
  facet normal 0 0 -1
    outer loop
      vertex 10 14.5 0
      vertex 12 21.5 0
      vertex 31.700000000000003 21.5 0
    endloop
  endfacet
  facet normal 0 0 -1
    outer loop
      vertex 12 21.5 0
      vertex 10 37.66666666666666 0
      vertex 12 36.5 0
    endloop
  endfacet
  facet normal 0 0 -1
    outer loop
      vertex 8.325358851674636 38.64354066985646 0
      vertex 10 43.5 0
      vertex 10 37.66666666666666 0
    endloop
  endfacet
  facet normal 0 0 -1
    outer loop
      vertex 10 37.66666666666666 0
      vertex 43.70000000000002 43.5 0
      vertex 12 36.5 0
    endloop
  endfacet
  facet normal 0 0 -1
    outer loop
      vertex 10 37.66666666666666 0
      vertex 10 43.5 0
      vertex 43.70000000000002 43.5 0
    endloop
  endfacet
  facet normal 0 0 -1
    outer loop
      vertex 10 14.5 0
      vertex 31.700000000000003 21.5 0
      vertex 33.7 20.33333333333333 0
    endloop
  endfacet
  facet normal 0 0 -1
    outer loop
      vertex 10 14.5 0
      vertex 33.7 20.33333333333333 0
      vertex 43.70000000000002 14.5 0
    endloop
  endfacet
  facet normal 0 0 -1
    outer loop
      vertex 33.7 20.33333333333333 0
      vertex 31.700000000000003 21.5 0
      vertex 33.7 32.833333333333314 0
    endloop
  endfacet
  facet normal 0 0 -1
    outer loop
      vertex 12 36.5 0
      vertex 43.70000000000002 43.5 0
      vertex 31.700000000000003 36.5 0
    endloop
  endfacet
  facet normal 0 0 -1
    outer loop
      vertex 31.700000000000003 21.5 0
      vertex 31.700000000000003 36.5 0
      vertex 33.7 32.833333333333314 0
    endloop
  endfacet
  facet normal 0 0 -1
    outer loop
      vertex 33.7 32.833333333333314 0
      vertex 31.700000000000003 36.5 0
      vertex 43.70000000000002 43.5 0
    endloop
  endfacet
  facet normal 0 0 -1
    outer loop
      vertex 43.70000000000002 14.5 0
      vertex 33.7 32.833333333333314 0
      vertex 43.70000000000002 43.5 0
    endloop
  endfacet
  facet normal 0 0 1
    outer loop
      vertex 8.055555555555557 20.138888888888886 10
      vertex 10 14.5 10
      vertex 10 21.5 10
    endloop
  endfacet
  facet normal 0 0 1
    outer loop
      vertex 11.539292017024806 21.180265753140247 10
      vertex 28.200000000000003 21.5 10
      vertex 12 21.5 10
    endloop
  endfacet
  facet normal 0 0 1
    outer loop
      vertex 12 14.5 10
      vertex 33.28990200255646 16.662334895611423 10
      vertex 11.539292017024806 21.180265753140247 10
    endloop
  endfacet
  facet normal 0 0 1
    outer loop
      vertex 11.539292017024806 21.180265753140247 10
      vertex 33.28990200255646 16.662334895611423 10
      vertex 28.200000000000003 21.5 10
    endloop
  endfacet
  facet normal 0 0 1
    outer loop
      vertex 12 36.5 10
      vertex 29.279993834771886 37.805487053020954 10
      vertex 12 43.5 10
    endloop
  endfacet
  facet normal 0 0 1
    outer loop
      vertex 12 36.5 10
      vertex 28.200000000000003 36.5 10
      vertex 29.279993834771886 37.805487053020954 10
    endloop
  endfacet
  facet normal 0 0 1
    outer loop
      vertex 12 43.5 10
      vertex 29.279993834771886 37.805487053020954 10
      vertex 33.7 36.5 10
    endloop
  endfacet
  facet normal 0 0 1
    outer loop
      vertex 12 14.5 10
      vertex 33.7 14.5 10
      vertex 33.28990200255646 16.662334895611423 10
    endloop
  endfacet
  facet normal 0 0 1
    outer loop
      vertex 33.28990200255646 16.662334895611423 10
      vertex 33.7 14.5 10
      vertex 33.7 21.5 10
    endloop
  endfacet
  facet normal 0 0 1
    outer loop
      vertex 12 43.5 10
      vertex 33.7 36.5 10
      vertex 33.7 43.5 10
    endloop
  endfacet
  facet normal 0 0 -1
    outer loop
      vertex 10 -43.5 0
      vertex 10 -20.33333333333333 0
      vertex 12 -36.5 0
    endloop
  endfacet
  facet normal 0 0 -1
    outer loop
      vertex 10 -43.5 0
      vertex 12 -36.5 0
      vertex 31.700000000000003 -36.5 0
    endloop
  endfacet
  facet normal 0 0 -1
    outer loop
      vertex 12 -36.5 0
      vertex 10 -20.33333333333333 0
      vertex 12 -21.5 0
    endloop
  endfacet
  facet normal 0 0 -1
    outer loop
      vertex 8.325358851674636 -19.356459330143537 0
      vertex 10 -14.5 0
      vertex 10 -20.33333333333333 0
    endloop
  endfacet
  facet normal 0 0 -1
    outer loop
      vertex 10 -20.33333333333333 0
      vertex 10 -14.5 0
      vertex 43.70000000000002 -14.5 0
    endloop
  endfacet
  facet normal 0 0 -1
    outer loop
      vertex 12 -21.5 0
      vertex 10 -20.33333333333333 0
      vertex 43.70000000000002 -14.5 0
    endloop
  endfacet
  facet normal 0 0 -1
    outer loop
      vertex 10 -43.5 0
      vertex 33.7 -37.66666666666667 0
      vertex 43.70000000000002 -43.5 0
    endloop
  endfacet
  facet normal 0 0 -1
    outer loop
      vertex 10 -43.5 0
      vertex 31.700000000000003 -36.5 0
      vertex 33.7 -37.66666666666667 0
    endloop
  endfacet
  facet normal 0 0 -1
    outer loop
      vertex 31.700000000000003 -36.5 0
      vertex 33.7 -25.16666666666667 0
      vertex 33.7 -37.66666666666667 0
    endloop
  endfacet
  facet normal 0 0 -1
    outer loop
      vertex 31.700000000000003 -36.5 0
      vertex 31.700000000000003 -21.5 0
      vertex 33.7 -25.16666666666667 0
    endloop
  endfacet
  facet normal 0 0 -1
    outer loop
      vertex 43.70000000000002 -43.5 0
      vertex 33.7 -25.16666666666667 0
      vertex 43.70000000000002 -14.5 0
    endloop
  endfacet
  facet normal 0 0 -1
    outer loop
      vertex 12 -21.5 0
      vertex 43.70000000000002 -14.5 0
      vertex 31.700000000000003 -21.5 0
    endloop
  endfacet
  facet normal 0 0 -1
    outer loop
      vertex 33.7 -25.16666666666667 0
      vertex 31.700000000000003 -21.5 0
      vertex 43.70000000000002 -14.5 0
    endloop
  endfacet
  facet normal 0 0 1
    outer loop
      vertex 10 -43.5 10
      vertex 10 -36.5 10
      vertex 8.055555555555557 -37.861111111111114 10
    endloop
  endfacet
  facet normal 0 0 1
    outer loop
      vertex 11.539292017024806 -36.81973424685975 10
      vertex 28.200000000000003 -36.5 10
      vertex 12 -36.5 10
    endloop
  endfacet
  facet normal 0 0 1
    outer loop
      vertex 12 -43.5 10
      vertex 33.28990200255646 -41.337665104388584 10
      vertex 11.539292017024806 -36.81973424685975 10
    endloop
  endfacet
  facet normal 0 0 1
    outer loop
      vertex 11.539292017024806 -36.81973424685975 10
      vertex 33.28990200255646 -41.337665104388584 10
      vertex 28.200000000000003 -36.5 10
    endloop
  endfacet
  facet normal 0 0 1
    outer loop
      vertex 12 -21.5 10
      vertex 29.279993834771886 -20.194512946979046 10
      vertex 12 -14.5 10
    endloop
  endfacet
  facet normal 0 0 1
    outer loop
      vertex 12 -21.5 10
      vertex 28.200000000000003 -21.5 10
      vertex 29.279993834771886 -20.194512946979046 10
    endloop
  endfacet
  facet normal 0 0 1
    outer loop
      vertex 12 -14.5 10
      vertex 29.279993834771886 -20.194512946979046 10
      vertex 33.7 -21.5 10
    endloop
  endfacet
  facet normal 0 0 1
    outer loop
      vertex 12 -43.5 10
      vertex 33.7 -43.5 10
      vertex 33.28990200255646 -41.337665104388584 10
    endloop
  endfacet
  facet normal 0 0 1
    outer loop
      vertex 33.28990200255646 -41.337665104388584 10
      vertex 33.7 -43.5 10
      vertex 33.7 -36.5 10
    endloop
  endfacet
  facet normal 0 0 1
    outer loop
      vertex 12 -14.5 10
      vertex 33.7 -21.5 10
      vertex 33.7 -14.5 10
    endloop
  endfacet
  facet normal 0 0 -1
    outer loop
      vertex 10 -101.5 0
      vertex 10 -78.33333333333333 0
      vertex 12 -94.5 0
    endloop
  endfacet
  facet normal 0 0 -1
    outer loop
      vertex 12 -94.5 0
      vertex 10 -78.33333333333333 0
      vertex 12 -79.5 0
    endloop
  endfacet
  facet normal 0 0 -1
    outer loop
      vertex 10 -101.5 0
      vertex 12 -94.5 0
      vertex 31.700000000000003 -94.5 0
    endloop
  endfacet
  facet normal 0 0 -1
    outer loop
      vertex 8.325358851674636 -77.35645933014354 0
      vertex 10 -72.5 0
      vertex 10 -78.33333333333333 0
    endloop
  endfacet
  facet normal 0 0 -1
    outer loop
      vertex 12 -79.5 0
      vertex 10 -78.33333333333333 0
      vertex 43.70000000000002 -72.5 0
    endloop
  endfacet
  facet normal 0 0 -1
    outer loop
      vertex 10 -78.33333333333333 0
      vertex 10 -72.5 0
      vertex 43.70000000000002 -72.5 0
    endloop
  endfacet
  facet normal 0 0 -1
    outer loop
      vertex 10 -101.5 0
      vertex 31.700000000000003 -94.5 0
      vertex 33.7 -95.66666666666667 0
    endloop
  endfacet
  facet normal 0 0 -1
    outer loop
      vertex 10 -101.5 0
      vertex 33.7 -95.66666666666667 0
      vertex 43.70000000000002 -101.5 0
    endloop
  endfacet
  facet normal 0 0 -1
    outer loop
      vertex 31.700000000000003 -94.5 0
      vertex 33.7 -83.16666666666667 0
      vertex 33.7 -95.66666666666667 0
    endloop
  endfacet
  facet normal 0 0 -1
    outer loop
      vertex 31.700000000000003 -94.5 0
      vertex 31.700000000000003 -79.5 0
      vertex 33.7 -83.16666666666667 0
    endloop
  endfacet
  facet normal 0 0 -1
    outer loop
      vertex 33.7 -83.16666666666667 0
      vertex 43.70000000000002 -72.5 0
      vertex 43.70000000000002 -101.5 0
    endloop
  endfacet
  facet normal 0 0 -1
    outer loop
      vertex 12 -79.5 0
      vertex 43.70000000000002 -72.5 0
      vertex 31.700000000000003 -79.5 0
    endloop
  endfacet
  facet normal 0 0 -1
    outer loop
      vertex 33.7 -83.16666666666667 0
      vertex 31.700000000000003 -79.5 0
      vertex 43.70000000000002 -72.5 0
    endloop
  endfacet
  facet normal 0 0 1
    outer loop
      vertex 10 -101.5 10
      vertex 10 -94.5 10
      vertex 8.055555555555557 -95.86111111111111 10
    endloop
  endfacet
  facet normal 0 0 1
    outer loop
      vertex 12 -101.5 10
      vertex 33.28990200255646 -99.33766510438858 10
      vertex 11.539292017024806 -94.81973424685975 10
    endloop
  endfacet
  facet normal 0 0 1
    outer loop
      vertex 11.539292017024806 -94.81973424685975 10
      vertex 28.200000000000003 -94.5 10
      vertex 12 -94.5 10
    endloop
  endfacet
  facet normal 0 0 1
    outer loop
      vertex 11.539292017024806 -94.81973424685975 10
      vertex 33.28990200255646 -99.33766510438858 10
      vertex 28.200000000000003 -94.5 10
    endloop
  endfacet
  facet normal 0 0 1
    outer loop
      vertex 12 -79.5 10
      vertex 29.279993834771886 -78.19451294697905 10
      vertex 12 -72.5 10
    endloop
  endfacet
  facet normal 0 0 1
    outer loop
      vertex 12 -79.5 10
      vertex 28.200000000000003 -79.5 10
      vertex 29.279993834771886 -78.19451294697905 10
    endloop
  endfacet
  facet normal 0 0 1
    outer loop
      vertex 12 -72.5 10
      vertex 29.279993834771886 -78.19451294697905 10
      vertex 33.7 -79.5 10
    endloop
  endfacet
  facet normal 0 0 1
    outer loop
      vertex 12 -101.5 10
      vertex 43.70000000000002 -101.5 10
      vertex 33.28990200255646 -99.33766510438858 10
    endloop
  endfacet
  facet normal 0 0 1
    outer loop
      vertex 33.28990200255646 -99.33766510438858 10
      vertex 43.70000000000002 -101.5 10
      vertex 33.7 -94.5 10
    endloop
  endfacet
  facet normal 0 0 1
    outer loop
      vertex 33.7 -94.5 10
      vertex 43.70000000000002 -101.5 10
      vertex 43.70000000000002 -94.5 10
    endloop
  endfacet
  facet normal 0 0 1
    outer loop
      vertex 12 -72.5 10
      vertex 33.7 -79.5 10
      vertex 33.7 -72.5 10
    endloop
  endfacet
  facet normal 0 0 -1
    outer loop
      vertex -77.4 72.5 0
      vertex -77.4 95.66666666666666 0
      vertex -75.4 79.5 0
    endloop
  endfacet
  facet normal 0 0 -1
    outer loop
      vertex -75.4 79.5 0
      vertex -77.4 95.66666666666666 0
      vertex -75.4 94.5 0
    endloop
  endfacet
  facet normal 0 0 -1
    outer loop
      vertex -77.4 95.66666666666666 0
      vertex -79.07464114832537 96.64354066985646 0
      vertex -77.4 101.5 0
    endloop
  endfacet
  facet normal 0 0 -1
    outer loop
      vertex -77.4 72.5 0
      vertex -75.4 79.5 0
      vertex -55.7 79.5 0
    endloop
  endfacet
  facet normal 0 0 -1
    outer loop
      vertex -77.4 72.5 0
      vertex -53.7 78.33333333333334 0
      vertex -43.7 72.5 0
    endloop
  endfacet
  facet normal 0 0 -1
    outer loop
      vertex -77.4 72.5 0
      vertex -55.7 79.5 0
      vertex -53.7 78.33333333333334 0
    endloop
  endfacet
  facet normal 0 0 -1
    outer loop
      vertex -77.4 95.66666666666666 0
      vertex -77.4 101.5 0
      vertex -43.7 101.5 0
    endloop
  endfacet
  facet normal 0 0 -1
    outer loop
      vertex -77.4 95.66666666666666 0
      vertex -43.7 101.5 0
      vertex -75.4 94.5 0
    endloop
  endfacet
  facet normal 0 0 -1
    outer loop
      vertex -53.7 78.33333333333334 0
      vertex -55.7 79.5 0
      vertex -53.7 90.83333333333331 0
    endloop
  endfacet
  facet normal 0 0 -1
    outer loop
      vertex -55.7 79.5 0
      vertex -55.7 94.5 0
      vertex -53.7 90.83333333333331 0
    endloop
  endfacet
  facet normal 0 0 -1
    outer loop
      vertex -53.7 90.83333333333331 0
      vertex -55.7 94.5 0
      vertex -43.7 101.5 0
    endloop
  endfacet
  facet normal 0 0 -1
    outer loop
      vertex -75.4 94.5 0
      vertex -43.7 101.5 0
      vertex -55.7 94.5 0
    endloop
  endfacet
  facet normal 0 1 0
    outer loop
      vertex -77.4 101.5 0
      vertex -75.4 101.5 10
      vertex -43.7 101.5 0
    endloop
  endfacet
  facet normal 0 0 -1
    outer loop
      vertex -53.7 90.83333333333331 0
      vertex -43.7 101.5 0
      vertex -43.7 72.5 0
    endloop
  endfacet
  facet normal 0 1 0
    outer loop
      vertex -77.4 101.5 0
      vertex -77.4 101.5 8
      vertex -75.4 101.5 10
    endloop
  endfacet
  facet normal 0 1 0
    outer loop
      vertex -43.7 101.5 0
      vertex -75.4 101.5 10
      vertex -43.7 101.5 10
    endloop
  endfacet
  facet normal 0 0 1
    outer loop
      vertex -77.4 72.5 10
      vertex -77.4 79.5 10
      vertex -79.34444444444445 78.13888888888889 10
    endloop
  endfacet
  facet normal 0 0 1
    outer loop
      vertex -75.8607079829752 79.18026575314025 10
      vertex -59.2 79.5 10
      vertex -75.4 79.5 10
    endloop
  endfacet
  facet normal 0 0 1
    outer loop
      vertex -75.4 72.5 10
      vertex -54.110097997443546 74.66233489561142 10
      vertex -75.8607079829752 79.18026575314025 10
    endloop
  endfacet
  facet normal 0 0 1
    outer loop
      vertex -75.8607079829752 79.18026575314025 10
      vertex -54.110097997443546 74.66233489561142 10
      vertex -59.2 79.5 10
    endloop
  endfacet
  facet normal 0 0 1
    outer loop
      vertex -75.4 72.5 10
      vertex -53.70000000000002 72.5 10
      vertex -54.110097997443546 74.66233489561142 10
    endloop
  endfacet
  facet normal 0 0 1
    outer loop
      vertex -54.110097997443546 74.66233489561142 10
      vertex -53.70000000000002 72.5 10
      vertex -53.70000000000002 79.50000000000006 10
    endloop
  endfacet
  facet normal 0 0 1
    outer loop
      vertex -75.4 94.5 10
      vertex -59.2 94.5 10
      vertex -58.12000616522812 95.80548705302095 10
    endloop
  endfacet
  facet normal 0 0 1
    outer loop
      vertex -75.4 94.5 10
      vertex -58.12000616522812 95.80548705302095 10
      vertex -75.4 101.5 10
    endloop
  endfacet
  facet normal 0 0 1
    outer loop
      vertex -75.4 101.5 10
      vertex -58.12000616522812 95.80548705302095 10
      vertex -53.7 94.5 10
    endloop
  endfacet
  facet normal 0 0 1
    outer loop
      vertex -75.4 101.5 10
      vertex -53.7 94.5 10
      vertex -51.72973356719285 95.78622734485927 10
    endloop
  endfacet
  facet normal 0 0 1
    outer loop
      vertex -75.4 101.5 10
      vertex -51.72973356719285 95.78622734485927 10
      vertex -43.7 94.5 10
    endloop
  endfacet
  facet normal 0 0 1
    outer loop
      vertex -75.4 101.5 10
      vertex -43.7 94.5 10
      vertex -43.7 101.5 10
    endloop
  endfacet
  facet normal 0 0 -1
    outer loop
      vertex -77.4 14.5 0
      vertex -77.4 37.66666666666666 0
      vertex -75.4 21.5 0
    endloop
  endfacet
  facet normal 0 0 -1
    outer loop
      vertex -75.4 21.5 0
      vertex -77.4 37.66666666666666 0
      vertex -75.4 36.5 0
    endloop
  endfacet
  facet normal 0 0 -1
    outer loop
      vertex -79.07464114832537 38.64354066985646 0
      vertex -77.4 43.5 0
      vertex -77.4 37.66666666666666 0
    endloop
  endfacet
  facet normal 0 0 -1
    outer loop
      vertex -77.4 14.5 0
      vertex -75.4 21.5 0
      vertex -55.7 21.5 0
    endloop
  endfacet
  facet normal 0 0 -1
    outer loop
      vertex -77.4 14.5 0
      vertex -55.7 21.5 0
      vertex -53.7 20.33333333333333 0
    endloop
  endfacet
  facet normal 0 0 -1
    outer loop
      vertex -77.4 14.5 0
      vertex -53.7 20.33333333333333 0
      vertex -43.7 14.5 0
    endloop
  endfacet
  facet normal 0 0 -1
    outer loop
      vertex -53.7 20.33333333333333 0
      vertex -55.7 21.5 0
      vertex -53.7 32.833333333333314 0
    endloop
  endfacet
  facet normal 0 0 -1
    outer loop
      vertex -77.4 37.66666666666666 0
      vertex -43.7 43.5 0
      vertex -75.4 36.5 0
    endloop
  endfacet
  facet normal 0 0 -1
    outer loop
      vertex -77.4 37.66666666666666 0
      vertex -77.4 43.5 0
      vertex -43.7 43.5 0
    endloop
  endfacet
  facet normal 0 0 -1
    outer loop
      vertex -75.4 36.5 0
      vertex -43.7 43.5 0
      vertex -55.7 36.5 0
    endloop
  endfacet
  facet normal 0 0 -1
    outer loop
      vertex -55.7 21.5 0
      vertex -55.7 36.5 0
      vertex -53.7 32.833333333333314 0
    endloop
  endfacet
  facet normal 0 0 -1
    outer loop
      vertex -53.7 32.833333333333314 0
      vertex -55.7 36.5 0
      vertex -43.7 43.5 0
    endloop
  endfacet
  facet normal 0 0 -1
    outer loop
      vertex -53.7 32.833333333333314 0
      vertex -43.7 43.5 0
      vertex -43.7 14.5 0
    endloop
  endfacet
  facet normal 0 0 1
    outer loop
      vertex -79.34444444444445 20.138888888888886 10
      vertex -77.4 14.5 10
      vertex -77.4 21.5 10
    endloop
  endfacet
  facet normal 0 0 1
    outer loop
      vertex -75.8607079829752 21.180265753140247 10
      vertex -59.2 21.5 10
      vertex -75.4 21.5 10
    endloop
  endfacet
  facet normal 0 0 1
    outer loop
      vertex -75.4 14.5 10
      vertex -54.110097997443546 16.662334895611423 10
      vertex -75.8607079829752 21.180265753140247 10
    endloop
  endfacet
  facet normal 0 0 1
    outer loop
      vertex -75.8607079829752 21.180265753140247 10
      vertex -54.110097997443546 16.662334895611423 10
      vertex -59.2 21.5 10
    endloop
  endfacet
  facet normal 0 0 1
    outer loop
      vertex -75.4 14.5 10
      vertex -53.70000000000002 14.5 10
      vertex -54.110097997443546 16.662334895611423 10
    endloop
  endfacet
  facet normal 0 0 1
    outer loop
      vertex -54.110097997443546 16.662334895611423 10
      vertex -53.70000000000002 14.5 10
      vertex -53.70000000000002 21.500000000000053 10
    endloop
  endfacet
  facet normal 0 0 1
    outer loop
      vertex -75.4 36.5 10
      vertex -58.12000616522812 37.805487053020954 10
      vertex -75.4 43.5 10
    endloop
  endfacet
  facet normal 0 0 1
    outer loop
      vertex -75.4 36.5 10
      vertex -59.2 36.5 10
      vertex -58.12000616522812 37.805487053020954 10
    endloop
  endfacet
  facet normal 0 0 1
    outer loop
      vertex -75.4 43.5 10
      vertex -58.12000616522812 37.805487053020954 10
      vertex -53.70000000000002 36.50000000000001 10
    endloop
  endfacet
  facet normal 0 0 1
    outer loop
      vertex -75.4 43.5 10
      vertex -53.70000000000002 36.50000000000001 10
      vertex -53.70000000000002 43.5 10
    endloop
  endfacet
  facet normal 0 0 -1
    outer loop
      vertex -77.4 -43.5 0
      vertex -77.4 -20.33333333333333 0
      vertex -75.4 -36.5 0
    endloop
  endfacet
  facet normal 0 0 -1
    outer loop
      vertex -75.4 -36.5 0
      vertex -77.4 -20.33333333333333 0
      vertex -75.4 -21.5 0
    endloop
  endfacet
  facet normal 0 0 -1
    outer loop
      vertex -79.07464114832537 -19.356459330143537 0
      vertex -77.4 -14.5 0
      vertex -77.4 -20.33333333333333 0
    endloop
  endfacet
  facet normal 0 0 -1
    outer loop
      vertex -77.4 -43.5 0
      vertex -75.4 -36.5 0
      vertex -55.7 -36.5 0
    endloop
  endfacet
  facet normal 0 0 -1
    outer loop
      vertex -77.4 -43.5 0
      vertex -53.7 -37.66666666666667 0
      vertex -43.7 -43.5 0
    endloop
  endfacet
  facet normal 0 0 -1
    outer loop
      vertex -77.4 -43.5 0
      vertex -55.7 -36.5 0
      vertex -53.7 -37.66666666666667 0
    endloop
  endfacet
  facet normal 0 0 -1
    outer loop
      vertex -55.7 -36.5 0
      vertex -53.7 -25.16666666666667 0
      vertex -53.7 -37.66666666666667 0
    endloop
  endfacet
  facet normal 0 0 -1
    outer loop
      vertex -55.7 -36.5 0
      vertex -55.7 -21.5 0
      vertex -53.7 -25.16666666666667 0
    endloop
  endfacet
  facet normal 0 0 -1
    outer loop
      vertex -77.4 -20.33333333333333 0
      vertex -77.4 -14.5 0
      vertex -43.7 -14.5 0
    endloop
  endfacet
  facet normal 0 0 -1
    outer loop
      vertex -75.4 -21.5 0
      vertex -77.4 -20.33333333333333 0
      vertex -43.7 -14.5 0
    endloop
  endfacet
  facet normal 0 0 -1
    outer loop
      vertex -75.4 -21.5 0
      vertex -43.7 -14.5 0
      vertex -55.7 -21.5 0
    endloop
  endfacet
  facet normal 0 0 -1
    outer loop
      vertex -53.7 -25.16666666666667 0
      vertex -55.7 -21.5 0
      vertex -43.7 -14.5 0
    endloop
  endfacet
  facet normal 0 0 -1
    outer loop
      vertex -53.7 -25.16666666666667 0
      vertex -43.7 -14.5 0
      vertex -43.7 -43.5 0
    endloop
  endfacet
  facet normal 0 0 1
    outer loop
      vertex -77.4 -43.5 10
      vertex -77.4 -36.5 10
      vertex -79.34444444444445 -37.861111111111114 10
    endloop
  endfacet
  facet normal 0 0 1
    outer loop
      vertex -75.8607079829752 -36.81973424685975 10
      vertex -59.2 -36.5 10
      vertex -75.4 -36.5 10
    endloop
  endfacet
  facet normal 0 0 1
    outer loop
      vertex -75.4 -43.5 10
      vertex -54.110097997443546 -41.337665104388584 10
      vertex -75.8607079829752 -36.81973424685975 10
    endloop
  endfacet
  facet normal 0 0 1
    outer loop
      vertex -75.8607079829752 -36.81973424685975 10
      vertex -54.110097997443546 -41.337665104388584 10
      vertex -59.2 -36.5 10
    endloop
  endfacet
  facet normal 0 0 1
    outer loop
      vertex -75.4 -43.5 10
      vertex -53.70000000000002 -43.5 10
      vertex -54.110097997443546 -41.337665104388584 10
    endloop
  endfacet
  facet normal 0 0 1
    outer loop
      vertex -54.110097997443546 -41.337665104388584 10
      vertex -53.70000000000002 -43.5 10
      vertex -53.70000000000002 -36.49999999999995 10
    endloop
  endfacet
  facet normal 0 0 1
    outer loop
      vertex -75.4 -21.5 10
      vertex -58.12000616522812 -20.194512946979046 10
      vertex -75.4 -14.5 10
    endloop
  endfacet
  facet normal 0 0 1
    outer loop
      vertex -75.4 -21.5 10
      vertex -59.2 -21.5 10
      vertex -58.12000616522812 -20.194512946979046 10
    endloop
  endfacet
  facet normal 0 0 1
    outer loop
      vertex -75.4 -14.5 10
      vertex -58.12000616522812 -20.194512946979046 10
      vertex -53.70000000000002 -21.499999999999996 10
    endloop
  endfacet
  facet normal 0 0 1
    outer loop
      vertex -75.4 -14.5 10
      vertex -53.70000000000002 -21.499999999999996 10
      vertex -53.70000000000002 -14.5 10
    endloop
  endfacet
  facet normal 0 0 -1
    outer loop
      vertex -77.4 -101.5 0
      vertex -77.4 -78.33333333333333 0
      vertex -75.4 -94.5 0
    endloop
  endfacet
  facet normal 0 0 -1
    outer loop
      vertex -75.4 -94.5 0
      vertex -77.4 -78.33333333333333 0
      vertex -75.4 -79.5 0
    endloop
  endfacet
  facet normal 0 0 -1
    outer loop
      vertex -79.07464114832537 -77.35645933014354 0
      vertex -77.4 -72.5 0
      vertex -77.4 -78.33333333333333 0
    endloop
  endfacet
  facet normal 0 0 -1
    outer loop
      vertex -77.4 -101.5 0
      vertex -75.4 -94.5 0
      vertex -55.7 -94.5 0
    endloop
  endfacet
  facet normal 0 0 -1
    outer loop
      vertex -77.4 -101.5 0
      vertex -55.7 -94.5 0
      vertex -53.7 -95.66666666666667 0
    endloop
  endfacet
  facet normal 0 0 -1
    outer loop
      vertex -77.4 -101.5 0
      vertex -53.7 -95.66666666666667 0
      vertex -43.7 -101.5 0
    endloop
  endfacet
  facet normal 0 0 -1
    outer loop
      vertex -55.7 -94.5 0
      vertex -53.7 -83.16666666666667 0
      vertex -53.7 -95.66666666666667 0
    endloop
  endfacet
  facet normal 0 0 -1
    outer loop
      vertex -55.7 -94.5 0
      vertex -55.7 -79.5 0
      vertex -53.7 -83.16666666666667 0
    endloop
  endfacet
  facet normal 0 0 -1
    outer loop
      vertex -75.4 -79.5 0
      vertex -77.4 -78.33333333333333 0
      vertex -43.7 -72.5 0
    endloop
  endfacet
  facet normal 0 0 -1
    outer loop
      vertex -77.4 -78.33333333333333 0
      vertex -77.4 -72.5 0
      vertex -43.7 -72.5 0
    endloop
  endfacet
  facet normal 0 0 -1
    outer loop
      vertex -75.4 -79.5 0
      vertex -43.7 -72.5 0
      vertex -55.7 -79.5 0
    endloop
  endfacet
  facet normal 0 0 -1
    outer loop
      vertex -53.7 -83.16666666666667 0
      vertex -55.7 -79.5 0
      vertex -43.7 -72.5 0
    endloop
  endfacet
  facet normal 0 0 -1
    outer loop
      vertex -53.7 -83.16666666666667 0
      vertex -43.7 -72.5 0
      vertex -43.7 -101.5 0
    endloop
  endfacet
  facet normal 0 0 1
    outer loop
      vertex -77.4 -101.5 10
      vertex -77.4 -94.5 10
      vertex -79.34444444444445 -95.86111111111111 10
    endloop
  endfacet
  facet normal 0 0 1
    outer loop
      vertex -75.4 -101.5 10
      vertex -54.110097997443546 -99.33766510438858 10
      vertex -75.8607079829752 -94.81973424685975 10
    endloop
  endfacet
  facet normal 0 0 1
    outer loop
      vertex -75.8607079829752 -94.81973424685975 10
      vertex -59.2 -94.5 10
      vertex -75.4 -94.5 10
    endloop
  endfacet
  facet normal 0 0 1
    outer loop
      vertex -75.8607079829752 -94.81973424685975 10
      vertex -54.110097997443546 -99.33766510438858 10
      vertex -59.2 -94.5 10
    endloop
  endfacet
  facet normal 0 0 1
    outer loop
      vertex -75.4 -101.5 10
      vertex -43.7 -101.5 10
      vertex -54.110097997443546 -99.33766510438858 10
    endloop
  endfacet
  facet normal 0 0 1
    outer loop
      vertex -54.110097997443546 -99.33766510438858 10
      vertex -43.7 -101.5 10
      vertex -53.7 -94.5 10
    endloop
  endfacet
  facet normal 0 0 1
    outer loop
      vertex -75.4 -79.5 10
      vertex -58.12000616522812 -78.19451294697905 10
      vertex -75.4 -72.5 10
    endloop
  endfacet
  facet normal 0 0 1
    outer loop
      vertex -75.4 -79.5 10
      vertex -59.2 -79.5 10
      vertex -58.12000616522812 -78.19451294697905 10
    endloop
  endfacet
  facet normal 0 0 1
    outer loop
      vertex -75.4 -72.5 10
      vertex -58.12000616522812 -78.19451294697905 10
      vertex -53.70000000000002 -79.5 10
    endloop
  endfacet
  facet normal 0 0 1
    outer loop
      vertex -75.4 -72.5 10
      vertex -53.70000000000002 -79.5 10
      vertex -53.70000000000002 -72.5 10
    endloop
  endfacet
  facet normal 0 0 1
    outer loop
      vertex -53.7 -94.5 10
      vertex -43.7 -101.5 10
      vertex -43.7 -94.5 10
    endloop
  endfacet
  facet normal 0 0 -1
    outer loop
      vertex 53.70000000000002 72.5 0
      vertex 55.70000000000002 79.5 0
      vertex 75.4 79.5 0
    endloop
  endfacet
  facet normal 0 0 -1
    outer loop
      vertex 53.70000000000002 72.5 0
      vertex 77.4 78.33333333333334 0
      vertex 87.4 72.5 0
    endloop
  endfacet
  facet normal 0 0 -1
    outer loop
      vertex 53.70000000000002 72.5 0
      vertex 75.4 79.5 0
      vertex 77.4 78.33333333333334 0
    endloop
  endfacet
  facet normal 0 0 -1
    outer loop
      vertex 53.70000000000002 72.5 0
      vertex 53.70000000000002 95.66666666666666 0
      vertex 55.70000000000002 79.5 0
    endloop
  endfacet
  facet normal 0 0 -1
    outer loop
      vertex 55.70000000000002 79.5 0
      vertex 53.70000000000002 95.66666666666666 0
      vertex 55.70000000000002 94.5 0
    endloop
  endfacet
  facet normal 0 0 -1
    outer loop
      vertex 53.70000000000002 95.66666666666666 0
      vertex 52.02535885167467 96.64354066985646 0
      vertex 53.70000000000002 101.5 0
    endloop
  endfacet
  facet normal 0 0 -1
    outer loop
      vertex 53.70000000000002 95.66666666666666 0
      vertex 87.4 101.5 0
      vertex 55.70000000000002 94.5 0
    endloop
  endfacet
  facet normal 0 0 -1
    outer loop
      vertex 53.70000000000002 95.66666666666666 0
      vertex 53.70000000000002 101.5 0
      vertex 87.4 101.5 0
    endloop
  endfacet
  facet normal 0 0 -1
    outer loop
      vertex 55.70000000000002 94.5 0
      vertex 87.4 101.5 0
      vertex 75.4 94.5 0
    endloop
  endfacet
  facet normal 1 0 0
    outer loop
      vertex 87.4 72.5 0
      vertex 87.4 94.5 1.6
      vertex 87.4 79.5 1.6
    endloop
  endfacet
  facet normal 0 0 -1
    outer loop
      vertex 77.4 78.33333333333334 0
      vertex 75.4 79.5 0
      vertex 77.4 90.83333333333331 0
    endloop
  endfacet
  facet normal 0 0 -1
    outer loop
      vertex 75.4 79.5 0
      vertex 75.4 94.5 0
      vertex 77.4 90.83333333333331 0
    endloop
  endfacet
  facet normal 0 0 -1
    outer loop
      vertex 77.4 90.83333333333331 0
      vertex 75.4 94.5 0
      vertex 87.4 101.5 0
    endloop
  endfacet
  facet normal 0 0 -1
    outer loop
      vertex 87.4 72.5 0
      vertex 77.4 90.83333333333331 0
      vertex 87.4 101.5 0
    endloop
  endfacet
  facet normal 1 0 0
    outer loop
      vertex 87.4 72.5 0
      vertex 87.4 101.5 0
      vertex 87.4 94.5 1.6
    endloop
  endfacet
  facet normal 0 1 0
    outer loop
      vertex 53.70000000000002 101.5 0
      vertex 55.70000000000002 101.5 10
      vertex 87.4 101.5 0
    endloop
  endfacet
  facet normal 1 0 0
    outer loop
      vertex 87.4 72.5 0
      vertex 87.4 79.5 1.6
      vertex 87.4 72.5 9.01
    endloop
  endfacet
  facet normal 1 0 0
    outer loop
      vertex 87.4 101.5 0
      vertex 87.4 101.5 10
      vertex 87.4 94.5 1.6
    endloop
  endfacet
  facet normal 0 1 0
    outer loop
      vertex 53.70000000000002 101.5 0
      vertex 53.70000000000002 101.5 8
      vertex 55.70000000000002 101.5 10
    endloop
  endfacet
  facet normal 1 0 0
    outer loop
      vertex 87.4 79.5 1.6
      vertex 87.4 79.5 9.01
      vertex 87.4 72.5 9.01
    endloop
  endfacet
  facet normal 0 1 0
    outer loop
      vertex 87.4 101.5 0
      vertex 55.70000000000002 101.5 10
      vertex 87.4 101.5 10
    endloop
  endfacet
  facet normal 1 0 0
    outer loop
      vertex 87.4 94.5 1.6
      vertex 87.4 101.5 10
      vertex 87.4 94.5 10
    endloop
  endfacet
  facet normal 0 0 1
    outer loop
      vertex 53.70000000000002 72.5 10
      vertex 53.70000000000002 79.5 10
      vertex 51.75555555555556 78.13888888888889 10
    endloop
  endfacet
  facet normal 0 0 1
    outer loop
      vertex 55.23929201702484 79.18026575314025 10
      vertex 71.9 79.5 10
      vertex 55.70000000000002 79.5 10
    endloop
  endfacet
  facet normal 0 0 1
    outer loop
      vertex 55.70000000000002 72.5 10
      vertex 76.98990200255648 74.66233489561142 10
      vertex 55.23929201702484 79.18026575314025 10
    endloop
  endfacet
  facet normal 0 0 1
    outer loop
      vertex 55.23929201702484 79.18026575314025 10
      vertex 76.98990200255648 74.66233489561142 10
      vertex 71.9 79.5 10
    endloop
  endfacet
  facet normal 0 0 1
    outer loop
      vertex 55.70000000000002 72.5 10
      vertex 77.4 72.5 10
      vertex 76.98990200255648 74.66233489561142 10
    endloop
  endfacet
  facet normal 0 0 1
    outer loop
      vertex 55.70000000000002 94.5 10
      vertex 72.9799938347719 95.80548705302095 10
      vertex 55.70000000000002 101.5 10
    endloop
  endfacet
  facet normal 0 0 1
    outer loop
      vertex 55.70000000000002 94.5 10
      vertex 71.9 94.5 10
      vertex 72.9799938347719 95.80548705302095 10
    endloop
  endfacet
  facet normal 0 0 1
    outer loop
      vertex 55.70000000000002 101.5 10
      vertex 72.9799938347719 95.80548705302095 10
      vertex 77.4 94.5 10
    endloop
  endfacet
  facet normal 0 0 1
    outer loop
      vertex 55.70000000000002 101.5 10
      vertex 77.4 94.5 10
      vertex 79.37026643280717 95.78622734485927 10
    endloop
  endfacet
  facet normal 0 0 1
    outer loop
      vertex 55.70000000000002 101.5 10
      vertex 79.37026643280717 95.78622734485927 10
      vertex 87.4 94.5 10
    endloop
  endfacet
  facet normal 0 0 1
    outer loop
      vertex 76.98990200255648 74.66233489561142 10
      vertex 77.4 72.5 10
      vertex 77.4 79.5 10
    endloop
  endfacet
  facet normal 0 0 1
    outer loop
      vertex 55.70000000000002 101.5 10
      vertex 87.4 94.5 10
      vertex 87.4 101.5 10
    endloop
  endfacet
  facet normal 0 0 -1
    outer loop
      vertex 53.70000000000002 14.5 0
      vertex 53.70000000000002 37.66666666666666 0
      vertex 55.70000000000002 21.5 0
    endloop
  endfacet
  facet normal 0 0 -1
    outer loop
      vertex 53.70000000000002 14.5 0
      vertex 55.70000000000002 21.5 0
      vertex 75.4 21.5 0
    endloop
  endfacet
  facet normal 0 0 -1
    outer loop
      vertex 53.70000000000002 14.5 0
      vertex 75.4 21.5 0
      vertex 77.4 20.33333333333333 0
    endloop
  endfacet
  facet normal 0 0 -1
    outer loop
      vertex 53.70000000000002 14.5 0
      vertex 77.4 20.33333333333333 0
      vertex 87.4 14.5 0
    endloop
  endfacet
  facet normal 0 0 -1
    outer loop
      vertex 55.70000000000002 21.5 0
      vertex 53.70000000000002 37.66666666666666 0
      vertex 55.70000000000002 36.5 0
    endloop
  endfacet
  facet normal 0 0 -1
    outer loop
      vertex 52.02535885167467 38.64354066985646 0
      vertex 53.70000000000002 43.5 0
      vertex 53.70000000000002 37.66666666666666 0
    endloop
  endfacet
  facet normal 0 0 -1
    outer loop
      vertex 53.70000000000002 37.66666666666666 0
      vertex 87.4 43.5 0
      vertex 55.70000000000002 36.5 0
    endloop
  endfacet
  facet normal 0 0 -1
    outer loop
      vertex 55.70000000000002 36.5 0
      vertex 87.4 43.5 0
      vertex 75.4 36.5 0
    endloop
  endfacet
  facet normal 0 0 -1
    outer loop
      vertex 53.70000000000002 37.66666666666666 0
      vertex 53.70000000000002 43.5 0
      vertex 87.4 43.5 0
    endloop
  endfacet
  facet normal 0 0 -1
    outer loop
      vertex 77.4 20.33333333333333 0
      vertex 75.4 21.5 0
      vertex 77.4 32.833333333333314 0
    endloop
  endfacet
  facet normal 1 0 0
    outer loop
      vertex 87.4 14.5 0
      vertex 87.4 36.5 1.6
      vertex 87.4 21.5 1.6
    endloop
  endfacet
  facet normal 0 0 -1
    outer loop
      vertex 75.4 21.5 0
      vertex 75.4 36.5 0
      vertex 77.4 32.833333333333314 0
    endloop
  endfacet
  facet normal 0 0 -1
    outer loop
      vertex 77.4 32.833333333333314 0
      vertex 75.4 36.5 0
      vertex 87.4 43.5 0
    endloop
  endfacet
  facet normal 0 0 -1
    outer loop
      vertex 87.4 14.5 0
      vertex 77.4 32.833333333333314 0
      vertex 87.4 43.5 0
    endloop
  endfacet
  facet normal 1 0 0
    outer loop
      vertex 87.4 14.5 0
      vertex 87.4 43.5 0
      vertex 87.4 36.5 1.6
    endloop
  endfacet
  facet normal 1 0 0
    outer loop
      vertex 87.4 14.5 0
      vertex 87.4 21.5 1.6
      vertex 87.4 14.5 9.01
    endloop
  endfacet
  facet normal 1 0 0
    outer loop
      vertex 87.4 43.5 0
      vertex 87.4 36.5 9.01
      vertex 87.4 36.5 1.6
    endloop
  endfacet
  facet normal 1 0 0
    outer loop
      vertex 87.4 21.5 1.6
      vertex 87.4 21.5 9.01
      vertex 87.4 14.5 9.01
    endloop
  endfacet
  facet normal 1 0 0
    outer loop
      vertex 87.4 43.5 0
      vertex 87.4 43.5 9.01
      vertex 87.4 36.5 9.01
    endloop
  endfacet
  facet normal 0 0 1
    outer loop
      vertex 51.75555555555556 20.138888888888886 10
      vertex 53.70000000000002 14.5 10
      vertex 53.70000000000002 21.5 10
    endloop
  endfacet
  facet normal 0 0 1
    outer loop
      vertex 55.23929201702484 21.180265753140247 10
      vertex 71.9 21.5 10
      vertex 55.70000000000002 21.5 10
    endloop
  endfacet
  facet normal 0 0 1
    outer loop
      vertex 55.70000000000002 14.5 10
      vertex 76.98990200255648 16.662334895611423 10
      vertex 55.23929201702484 21.180265753140247 10
    endloop
  endfacet
  facet normal 0 0 1
    outer loop
      vertex 55.23929201702484 21.180265753140247 10
      vertex 76.98990200255648 16.662334895611423 10
      vertex 71.9 21.5 10
    endloop
  endfacet
  facet normal 0 0 1
    outer loop
      vertex 55.70000000000002 14.5 10
      vertex 77.4 14.5 10
      vertex 76.98990200255648 16.662334895611423 10
    endloop
  endfacet
  facet normal 0 0 1
    outer loop
      vertex 55.70000000000002 36.5 10
      vertex 72.9799938347719 37.805487053020954 10
      vertex 55.70000000000002 43.5 10
    endloop
  endfacet
  facet normal 0 0 1
    outer loop
      vertex 55.70000000000002 36.5 10
      vertex 71.9 36.5 10
      vertex 72.9799938347719 37.805487053020954 10
    endloop
  endfacet
  facet normal 0 0 1
    outer loop
      vertex 55.70000000000002 43.5 10
      vertex 72.9799938347719 37.805487053020954 10
      vertex 77.4 36.5 10
    endloop
  endfacet
  facet normal 0 0 1
    outer loop
      vertex 55.70000000000002 43.5 10
      vertex 77.4 36.5 10
      vertex 77.4 43.5 10
    endloop
  endfacet
  facet normal 0 0 1
    outer loop
      vertex 76.98990200255648 16.662334895611423 10
      vertex 77.4 14.5 10
      vertex 77.4 21.5 10
    endloop
  endfacet
  facet normal 0 0 -1
    outer loop
      vertex 53.70000000000002 -43.5 0
      vertex 53.70000000000002 -20.33333333333333 0
      vertex 55.70000000000002 -36.5 0
    endloop
  endfacet
  facet normal 0 0 -1
    outer loop
      vertex 53.70000000000002 -43.5 0
      vertex 55.70000000000002 -36.5 0
      vertex 75.4 -36.5 0
    endloop
  endfacet
  facet normal 0 0 -1
    outer loop
      vertex 53.70000000000002 -43.5 0
      vertex 77.4 -37.66666666666667 0
      vertex 87.4 -43.5 0
    endloop
  endfacet
  facet normal 0 0 -1
    outer loop
      vertex 53.70000000000002 -43.5 0
      vertex 75.4 -36.5 0
      vertex 77.4 -37.66666666666667 0
    endloop
  endfacet
  facet normal 0 0 -1
    outer loop
      vertex 55.70000000000002 -36.5 0
      vertex 53.70000000000002 -20.33333333333333 0
      vertex 55.70000000000002 -21.5 0
    endloop
  endfacet
  facet normal 0 0 -1
    outer loop
      vertex 52.02535885167467 -19.356459330143537 0
      vertex 53.70000000000002 -14.5 0
      vertex 53.70000000000002 -20.33333333333333 0
    endloop
  endfacet
  facet normal 0 0 -1
    outer loop
      vertex 55.70000000000002 -21.5 0
      vertex 53.70000000000002 -20.33333333333333 0
      vertex 87.4 -14.5 0
    endloop
  endfacet
  facet normal 0 0 -1
    outer loop
      vertex 53.70000000000002 -20.33333333333333 0
      vertex 53.70000000000002 -14.5 0
      vertex 87.4 -14.5 0
    endloop
  endfacet
  facet normal 0 0 -1
    outer loop
      vertex 55.70000000000002 -21.5 0
      vertex 87.4 -14.5 0
      vertex 75.4 -21.5 0
    endloop
  endfacet
  facet normal 0 0 -1
    outer loop
      vertex 75.4 -36.5 0
      vertex 77.4 -25.16666666666667 0
      vertex 77.4 -37.66666666666667 0
    endloop
  endfacet
  facet normal 0 0 -1
    outer loop
      vertex 75.4 -36.5 0
      vertex 75.4 -21.5 0
      vertex 77.4 -25.16666666666667 0
    endloop
  endfacet
  facet normal 0 0 -1
    outer loop
      vertex 87.4 -43.5 0
      vertex 77.4 -25.16666666666667 0
      vertex 87.4 -14.5 0
    endloop
  endfacet
  facet normal 1 0 0
    outer loop
      vertex 87.4 -43.5 0
      vertex 87.4 -21.5 1.6
      vertex 87.4 -36.5 1.6
    endloop
  endfacet
  facet normal 0 0 -1
    outer loop
      vertex 77.4 -25.16666666666667 0
      vertex 75.4 -21.5 0
      vertex 87.4 -14.5 0
    endloop
  endfacet
  facet normal 1 0 0
    outer loop
      vertex 87.4 -43.5 0
      vertex 87.4 -14.5 0
      vertex 87.4 -21.5 1.6
    endloop
  endfacet
  facet normal 1 0 0
    outer loop
      vertex 87.4 -43.5 0
      vertex 87.4 -36.5 1.6
      vertex 87.4 -43.5 9.01
    endloop
  endfacet
  facet normal 1 0 0
    outer loop
      vertex 87.4 -14.5 0
      vertex 87.4 -21.5 9.01
      vertex 87.4 -21.5 1.6
    endloop
  endfacet
  facet normal 1 0 0
    outer loop
      vertex 87.4 -36.5 1.6
      vertex 87.4 -36.5 9.01
      vertex 87.4 -43.5 9.01
    endloop
  endfacet
  facet normal 1 0 0
    outer loop
      vertex 87.4 -14.5 0
      vertex 87.4 -14.5 9.01
      vertex 87.4 -21.5 9.01
    endloop
  endfacet
  facet normal 0 0 1
    outer loop
      vertex 53.70000000000002 -43.5 10
      vertex 53.70000000000002 -36.5 10
      vertex 51.75555555555556 -37.861111111111114 10
    endloop
  endfacet
  facet normal 0 0 1
    outer loop
      vertex 55.23929201702484 -36.81973424685975 10
      vertex 71.9 -36.5 10
      vertex 55.70000000000002 -36.5 10
    endloop
  endfacet
  facet normal 0 0 1
    outer loop
      vertex 55.70000000000002 -43.5 10
      vertex 77.4 -43.5 10
      vertex 76.98990200255648 -41.337665104388584 10
    endloop
  endfacet
  facet normal 0 0 1
    outer loop
      vertex 55.70000000000002 -43.5 10
      vertex 76.98990200255648 -41.337665104388584 10
      vertex 55.23929201702484 -36.81973424685975 10
    endloop
  endfacet
  facet normal 0 0 1
    outer loop
      vertex 55.23929201702484 -36.81973424685975 10
      vertex 76.98990200255648 -41.337665104388584 10
      vertex 71.9 -36.5 10
    endloop
  endfacet
  facet normal 0 0 1
    outer loop
      vertex 55.70000000000002 -21.5 10
      vertex 72.9799938347719 -20.194512946979046 10
      vertex 55.70000000000002 -14.5 10
    endloop
  endfacet
  facet normal 0 0 1
    outer loop
      vertex 55.70000000000002 -21.5 10
      vertex 71.9 -21.5 10
      vertex 72.9799938347719 -20.194512946979046 10
    endloop
  endfacet
  facet normal 0 0 1
    outer loop
      vertex 55.70000000000002 -14.5 10
      vertex 72.9799938347719 -20.194512946979046 10
      vertex 77.4 -21.5 10
    endloop
  endfacet
  facet normal 0 0 1
    outer loop
      vertex 55.70000000000002 -14.5 10
      vertex 77.4 -21.5 10
      vertex 77.4 -14.5 10
    endloop
  endfacet
  facet normal 0 0 1
    outer loop
      vertex 76.98990200255648 -41.337665104388584 10
      vertex 77.4 -43.5 10
      vertex 77.4 -36.5 10
    endloop
  endfacet
  facet normal 0 0 -1
    outer loop
      vertex 53.70000000000002 -101.5 0
      vertex 55.70000000000002 -94.5 0
      vertex 75.4 -94.5 0
    endloop
  endfacet
  facet normal 0 0 -1
    outer loop
      vertex 53.70000000000002 -101.5 0
      vertex 53.70000000000002 -78.33333333333333 0
      vertex 55.70000000000002 -94.5 0
    endloop
  endfacet
  facet normal 0 0 -1
    outer loop
      vertex 55.70000000000002 -94.5 0
      vertex 53.70000000000002 -78.33333333333333 0
      vertex 55.70000000000002 -79.5 0
    endloop
  endfacet
  facet normal 0 0 -1
    outer loop
      vertex 53.70000000000002 -101.5 0
      vertex 75.4 -94.5 0
      vertex 77.4 -95.66666666666667 0
    endloop
  endfacet
  facet normal 0 0 -1
    outer loop
      vertex 53.70000000000002 -101.5 0
      vertex 77.4 -95.66666666666667 0
      vertex 87.4 -101.5 0
    endloop
  endfacet
  facet normal 0 0 -1
    outer loop
      vertex 52.02535885167467 -77.35645933014354 0
      vertex 53.70000000000002 -72.5 0
      vertex 53.70000000000002 -78.33333333333333 0
    endloop
  endfacet
  facet normal 0 0 -1
    outer loop
      vertex 55.70000000000002 -79.5 0
      vertex 53.70000000000002 -78.33333333333333 0
      vertex 87.4 -72.5 0
    endloop
  endfacet
  facet normal 0 0 -1
    outer loop
      vertex 53.70000000000002 -78.33333333333333 0
      vertex 53.70000000000002 -72.5 0
      vertex 87.4 -72.5 0
    endloop
  endfacet
  facet normal 0 0 -1
    outer loop
      vertex 55.70000000000002 -79.5 0
      vertex 87.4 -72.5 0
      vertex 75.4 -79.5 0
    endloop
  endfacet
  facet normal 0 0 -1
    outer loop
      vertex 75.4 -94.5 0
      vertex 77.4 -83.16666666666667 0
      vertex 77.4 -95.66666666666667 0
    endloop
  endfacet
  facet normal 0 0 -1
    outer loop
      vertex 75.4 -94.5 0
      vertex 75.4 -79.5 0
      vertex 77.4 -83.16666666666667 0
    endloop
  endfacet
  facet normal 0 0 -1
    outer loop
      vertex 87.4 -101.5 0
      vertex 77.4 -83.16666666666667 0
      vertex 87.4 -72.5 0
    endloop
  endfacet
  facet normal 1 0 0
    outer loop
      vertex 87.4 -101.5 0
      vertex 87.4 -72.5 0
      vertex 87.4 -79.5 1.6
    endloop
  endfacet
  facet normal 1 0 0
    outer loop
      vertex 87.4 -101.5 0
      vertex 87.4 -79.5 1.6
      vertex 87.4 -94.5 1.6
    endloop
  endfacet
  facet normal 0 0 -1
    outer loop
      vertex 77.4 -83.16666666666667 0
      vertex 75.4 -79.5 0
      vertex 87.4 -72.5 0
    endloop
  endfacet
  facet normal 1 0 0
    outer loop
      vertex 87.4 -101.5 0
      vertex 87.4 -94.5 1.6
      vertex 87.4 -101.5 10
    endloop
  endfacet
  facet normal 1 0 0
    outer loop
      vertex 87.4 -72.5 0
      vertex 87.4 -79.5 9.01
      vertex 87.4 -79.5 1.6
    endloop
  endfacet
  facet normal 1 0 0
    outer loop
      vertex 87.4 -94.5 1.6
      vertex 87.4 -94.5 10
      vertex 87.4 -101.5 10
    endloop
  endfacet
  facet normal 1 0 0
    outer loop
      vertex 87.4 -72.5 0
      vertex 87.4 -72.5 9.01
      vertex 87.4 -79.5 9.01
    endloop
  endfacet
  facet normal 0 0 1
    outer loop
      vertex 53.70000000000002 -101.5 10
      vertex 53.70000000000002 -94.5 10
      vertex 51.75555555555556 -95.86111111111111 10
    endloop
  endfacet
  facet normal 0 0 1
    outer loop
      vertex 55.23929201702484 -94.81973424685975 10
      vertex 71.9 -94.5 10
      vertex 55.70000000000002 -94.5 10
    endloop
  endfacet
  facet normal 0 0 1
    outer loop
      vertex 55.70000000000002 -101.5 10
      vertex 76.98990200255648 -99.33766510438858 10
      vertex 55.23929201702484 -94.81973424685975 10
    endloop
  endfacet
  facet normal 0 0 1
    outer loop
      vertex 55.70000000000002 -101.5 10
      vertex 87.4 -101.5 10
      vertex 76.98990200255648 -99.33766510438858 10
    endloop
  endfacet
  facet normal 0 0 1
    outer loop
      vertex 55.23929201702484 -94.81973424685975 10
      vertex 76.98990200255648 -99.33766510438858 10
      vertex 71.9 -94.5 10
    endloop
  endfacet
  facet normal 0 0 1
    outer loop
      vertex 55.70000000000002 -79.5 10
      vertex 72.9799938347719 -78.19451294697905 10
      vertex 55.70000000000002 -72.5 10
    endloop
  endfacet
  facet normal 0 0 1
    outer loop
      vertex 55.70000000000002 -79.5 10
      vertex 71.9 -79.5 10
      vertex 72.9799938347719 -78.19451294697905 10
    endloop
  endfacet
  facet normal 0 0 1
    outer loop
      vertex 55.70000000000002 -72.5 10
      vertex 72.9799938347719 -78.19451294697905 10
      vertex 77.4 -79.5 10
    endloop
  endfacet
  facet normal 0 0 1
    outer loop
      vertex 55.70000000000002 -72.5 10
      vertex 77.4 -79.5 10
      vertex 77.4 -72.5 10
    endloop
  endfacet
  facet normal 0 0 1
    outer loop
      vertex 76.98990200255648 -99.33766510438858 10
      vertex 87.4 -101.5 10
      vertex 77.4 -94.5 10
    endloop
  endfacet
  facet normal 0 0 1
    outer loop
      vertex 87.4 -101.5 10
      vertex 87.4 -94.5 10
      vertex 77.4 -94.5 10
    endloop
  endfacet
  facet normal 0 0 -1
    outer loop
      vertex -33.7 72.5 0
      vertex -31.700000000000003 79.5 0
      vertex -12 79.5 0
    endloop
  endfacet
  facet normal 0 0 -1
    outer loop
      vertex -33.7 72.5 0
      vertex -33.7 95.66666666666666 0
      vertex -31.700000000000003 79.5 0
    endloop
  endfacet
  facet normal 0 0 -1
    outer loop
      vertex -31.700000000000003 79.5 0
      vertex -33.7 95.66666666666666 0
      vertex -31.700000000000003 94.5 0
    endloop
  endfacet
  facet normal 0 0 -1
    outer loop
      vertex -33.7 95.66666666666666 0
      vertex -35.37464114832536 96.64354066985646 0
      vertex -33.7 101.5 0
    endloop
  endfacet
  facet normal 0 0 -1
    outer loop
      vertex -33.7 72.5 0
      vertex -10 78.33333333333334 0
      vertex 0 72.5 0
    endloop
  endfacet
  facet normal 0 0 -1
    outer loop
      vertex -33.7 72.5 0
      vertex -12 79.5 0
      vertex -10 78.33333333333334 0
    endloop
  endfacet
  facet normal 0 0 -1
    outer loop
      vertex -33.7 95.66666666666666 0
      vertex -33.7 101.5 0
      vertex 0 101.5 0
    endloop
  endfacet
  facet normal 0 0 -1
    outer loop
      vertex -33.7 95.66666666666666 0
      vertex 0 101.5 0
      vertex -31.700000000000003 94.5 0
    endloop
  endfacet
  facet normal 0 0 -1
    outer loop
      vertex -31.700000000000003 94.5 0
      vertex 0 101.5 0
      vertex -12 94.5 0
    endloop
  endfacet
  facet normal 0 0 -1
    outer loop
      vertex -10 78.33333333333334 0
      vertex -12 79.5 0
      vertex -10 90.83333333333331 0
    endloop
  endfacet
  facet normal 0 0 -1
    outer loop
      vertex -12 79.5 0
      vertex -12 94.5 0
      vertex -10 90.83333333333331 0
    endloop
  endfacet
  facet normal 0 0 -1
    outer loop
      vertex -10 90.83333333333331 0
      vertex -12 94.5 0
      vertex 0 101.5 0
    endloop
  endfacet
  facet normal 0 0 -1
    outer loop
      vertex -10 90.83333333333331 0
      vertex 0 101.5 0
      vertex 0 72.5 0
    endloop
  endfacet
  facet normal 0 1 0
    outer loop
      vertex -33.7 101.5 0
      vertex -31.700000000000003 101.5 10
      vertex 0 101.5 0
    endloop
  endfacet
  facet normal 0 1 0
    outer loop
      vertex -33.7 101.5 0
      vertex -33.7 101.5 8
      vertex -31.700000000000003 101.5 10
    endloop
  endfacet
  facet normal 0 1 0
    outer loop
      vertex -31.700000000000003 101.5 10
      vertex 0 101.5 10
      vertex 0 101.5 0
    endloop
  endfacet
  facet normal 0 0 1
    outer loop
      vertex -33.7 72.5 10
      vertex -33.7 79.5 10
      vertex -35.644444444444446 78.13888888888889 10
    endloop
  endfacet
  facet normal 0 0 1
    outer loop
      vertex -32.1607079829752 79.18026575314025 10
      vertex -15.5 79.5 10
      vertex -31.700000000000003 79.5 10
    endloop
  endfacet
  facet normal 0 0 1
    outer loop
      vertex -31.700000000000003 94.5 10
      vertex -14.420006165228116 95.80548705302095 10
      vertex -31.700000000000003 101.5 10
    endloop
  endfacet
  facet normal 0 0 1
    outer loop
      vertex -31.700000000000003 72.5 10
      vertex -10.410097997443543 74.66233489561142 10
      vertex -32.1607079829752 79.18026575314025 10
    endloop
  endfacet
  facet normal 0 0 1
    outer loop
      vertex -32.1607079829752 79.18026575314025 10
      vertex -10.410097997443543 74.66233489561142 10
      vertex -15.5 79.5 10
    endloop
  endfacet
  facet normal 0 0 1
    outer loop
      vertex -31.700000000000003 72.5 10
      vertex -10 72.5 10
      vertex -10.410097997443543 74.66233489561142 10
    endloop
  endfacet
  facet normal 0 0 1
    outer loop
      vertex -10.410097997443543 74.66233489561142 10
      vertex -10 72.5 10
      vertex -10 79.5 10
    endloop
  endfacet
  facet normal 0 0 1
    outer loop
      vertex -31.700000000000003 94.5 10
      vertex -15.5 94.5 10
      vertex -14.420006165228116 95.80548705302095 10
    endloop
  endfacet
  facet normal 0 0 1
    outer loop
      vertex -31.700000000000003 101.5 10
      vertex -14.420006165228116 95.80548705302095 10
      vertex -10 94.5 10
    endloop
  endfacet
  facet normal 0 0 1
    outer loop
      vertex -31.700000000000003 101.5 10
      vertex -10 94.5 10
      vertex -8.02973356719285 95.78622734485927 10
    endloop
  endfacet
  facet normal 0 0 1
    outer loop
      vertex -31.700000000000003 101.5 10
      vertex -8.02973356719285 95.78622734485927 10
      vertex 0 94.5 10
    endloop
  endfacet
  facet normal 0 0 1
    outer loop
      vertex -31.700000000000003 101.5 10
      vertex 0 94.5 10
      vertex 0 101.5 10
    endloop
  endfacet
  facet normal 0 0 -1
    outer loop
      vertex -33.7 14.5 0
      vertex -33.7 37.66666666666666 0
      vertex -31.700000000000003 21.5 0
    endloop
  endfacet
  facet normal 0 0 -1
    outer loop
      vertex -33.7 14.5 0
      vertex -31.700000000000003 21.5 0
      vertex -12 21.5 0
    endloop
  endfacet
  facet normal 0 0 -1
    outer loop
      vertex -31.700000000000003 21.5 0
      vertex -33.7 37.66666666666666 0
      vertex -31.700000000000003 36.5 0
    endloop
  endfacet
  facet normal 0 0 -1
    outer loop
      vertex -35.37464114832536 38.64354066985646 0
      vertex -33.7 43.5 0
      vertex -33.7 37.66666666666666 0
    endloop
  endfacet
  facet normal 0 0 -1
    outer loop
      vertex -33.7 14.5 0
      vertex -12 21.5 0
      vertex -10 20.33333333333333 0
    endloop
  endfacet
  facet normal 0 0 -1
    outer loop
      vertex -33.7 14.5 0
      vertex -10 20.33333333333333 0
      vertex 0 14.5 0
    endloop
  endfacet
  facet normal 0 0 -1
    outer loop
      vertex -10 20.33333333333333 0
      vertex -12 21.5 0
      vertex -10 32.833333333333314 0
    endloop
  endfacet
  facet normal 0 0 -1
    outer loop
      vertex -33.7 37.66666666666666 0
      vertex 0 43.5 0
      vertex -31.700000000000003 36.5 0
    endloop
  endfacet
  facet normal 0 0 -1
    outer loop
      vertex -31.700000000000003 36.5 0
      vertex 0 43.5 0
      vertex -12 36.5 0
    endloop
  endfacet
  facet normal 0 0 -1
    outer loop
      vertex -33.7 37.66666666666666 0
      vertex -33.7 43.5 0
      vertex 0 43.5 0
    endloop
  endfacet
  facet normal 0 0 -1
    outer loop
      vertex -12 21.5 0
      vertex -12 36.5 0
      vertex -10 32.833333333333314 0
    endloop
  endfacet
  facet normal 0 0 -1
    outer loop
      vertex -10 32.833333333333314 0
      vertex -12 36.5 0
      vertex 0 43.5 0
    endloop
  endfacet
  facet normal 0 0 -1
    outer loop
      vertex -10 32.833333333333314 0
      vertex 0 43.5 0
      vertex 0 14.5 0
    endloop
  endfacet
  facet normal 0 0 1
    outer loop
      vertex -35.644444444444446 20.138888888888886 10
      vertex -33.7 14.5 10
      vertex -33.7 21.5 10
    endloop
  endfacet
  facet normal 0 0 1
    outer loop
      vertex -32.1607079829752 21.180265753140247 10
      vertex -15.5 21.5 10
      vertex -31.700000000000003 21.5 10
    endloop
  endfacet
  facet normal 0 0 1
    outer loop
      vertex -31.700000000000003 36.5 10
      vertex -14.420006165228116 37.805487053020954 10
      vertex -31.700000000000003 43.5 10
    endloop
  endfacet
  facet normal 0 0 1
    outer loop
      vertex -31.700000000000003 14.5 10
      vertex -10.410097997443543 16.662334895611423 10
      vertex -32.1607079829752 21.180265753140247 10
    endloop
  endfacet
  facet normal 0 0 1
    outer loop
      vertex -32.1607079829752 21.180265753140247 10
      vertex -10.410097997443543 16.662334895611423 10
      vertex -15.5 21.5 10
    endloop
  endfacet
  facet normal 0 0 1
    outer loop
      vertex -31.700000000000003 14.5 10
      vertex -10 14.5 10
      vertex -10.410097997443543 16.662334895611423 10
    endloop
  endfacet
  facet normal 0 0 1
    outer loop
      vertex -10.410097997443543 16.662334895611423 10
      vertex -10 14.5 10
      vertex -10 21.5 10
    endloop
  endfacet
  facet normal 0 0 1
    outer loop
      vertex -31.700000000000003 36.5 10
      vertex -15.5 36.5 10
      vertex -14.420006165228116 37.805487053020954 10
    endloop
  endfacet
  facet normal 0 0 1
    outer loop
      vertex -31.700000000000003 43.5 10
      vertex -14.420006165228116 37.805487053020954 10
      vertex -10 36.5 10
    endloop
  endfacet
  facet normal 0 0 1
    outer loop
      vertex -31.700000000000003 43.5 10
      vertex -10 36.5 10
      vertex -10 43.5 10
    endloop
  endfacet
  facet normal 0 0 -1
    outer loop
      vertex -33.7 -43.5 0
      vertex -33.7 -20.33333333333333 0
      vertex -31.700000000000003 -36.5 0
    endloop
  endfacet
  facet normal 0 0 -1
    outer loop
      vertex -33.7 -43.5 0
      vertex -31.700000000000003 -36.5 0
      vertex -12 -36.5 0
    endloop
  endfacet
  facet normal 0 0 -1
    outer loop
      vertex -31.700000000000003 -36.5 0
      vertex -33.7 -20.33333333333333 0
      vertex -31.700000000000003 -21.5 0
    endloop
  endfacet
  facet normal 0 0 -1
    outer loop
      vertex -35.37464114832536 -19.356459330143537 0
      vertex -33.7 -14.5 0
      vertex -33.7 -20.33333333333333 0
    endloop
  endfacet
  facet normal 0 0 -1
    outer loop
      vertex -33.7 -43.5 0
      vertex -10 -37.66666666666667 0
      vertex 0 -43.5 0
    endloop
  endfacet
  facet normal 0 0 -1
    outer loop
      vertex -33.7 -43.5 0
      vertex -12 -36.5 0
      vertex -10 -37.66666666666667 0
    endloop
  endfacet
  facet normal 0 0 -1
    outer loop
      vertex -12 -36.5 0
      vertex -10 -25.16666666666667 0
      vertex -10 -37.66666666666667 0
    endloop
  endfacet
  facet normal 0 0 -1
    outer loop
      vertex -12 -36.5 0
      vertex -12 -21.5 0
      vertex -10 -25.16666666666667 0
    endloop
  endfacet
  facet normal 0 0 -1
    outer loop
      vertex -10 -25.16666666666667 0
      vertex 0 -14.5 0
      vertex 0 -43.5 0
    endloop
  endfacet
  facet normal 0 0 -1
    outer loop
      vertex -33.7 -20.33333333333333 0
      vertex -33.7 -14.5 0
      vertex 0 -14.5 0
    endloop
  endfacet
  facet normal 0 0 -1
    outer loop
      vertex -31.700000000000003 -21.5 0
      vertex -33.7 -20.33333333333333 0
      vertex 0 -14.5 0
    endloop
  endfacet
  facet normal 0 0 -1
    outer loop
      vertex -31.700000000000003 -21.5 0
      vertex 0 -14.5 0
      vertex -12 -21.5 0
    endloop
  endfacet
  facet normal 0 0 -1
    outer loop
      vertex -10 -25.16666666666667 0
      vertex -12 -21.5 0
      vertex 0 -14.5 0
    endloop
  endfacet
  facet normal 0 0 1
    outer loop
      vertex -33.7 -43.5 10
      vertex -33.7 -36.5 10
      vertex -35.644444444444446 -37.861111111111114 10
    endloop
  endfacet
  facet normal 0 0 1
    outer loop
      vertex -32.1607079829752 -36.81973424685975 10
      vertex -15.5 -36.5 10
      vertex -31.700000000000003 -36.5 10
    endloop
  endfacet
  facet normal 0 0 1
    outer loop
      vertex -31.700000000000003 -21.5 10
      vertex -14.420006165228116 -20.194512946979046 10
      vertex -31.700000000000003 -14.5 10
    endloop
  endfacet
  facet normal 0 0 1
    outer loop
      vertex -31.700000000000003 -43.5 10
      vertex -10 -43.5 10
      vertex -10.410097997443543 -41.337665104388584 10
    endloop
  endfacet
  facet normal 0 0 1
    outer loop
      vertex -31.700000000000003 -43.5 10
      vertex -10.410097997443543 -41.337665104388584 10
      vertex -32.1607079829752 -36.81973424685975 10
    endloop
  endfacet
  facet normal 0 0 1
    outer loop
      vertex -32.1607079829752 -36.81973424685975 10
      vertex -10.410097997443543 -41.337665104388584 10
      vertex -15.5 -36.5 10
    endloop
  endfacet
  facet normal 0 0 1
    outer loop
      vertex -10.410097997443543 -41.337665104388584 10
      vertex -10 -43.5 10
      vertex -10 -36.5 10
    endloop
  endfacet
  facet normal 0 0 1
    outer loop
      vertex -31.700000000000003 -21.5 10
      vertex -15.5 -21.5 10
      vertex -14.420006165228116 -20.194512946979046 10
    endloop
  endfacet
  facet normal 0 0 1
    outer loop
      vertex -31.700000000000003 -14.5 10
      vertex -14.420006165228116 -20.194512946979046 10
      vertex -10 -21.5 10
    endloop
  endfacet
  facet normal 0 0 1
    outer loop
      vertex -31.700000000000003 -14.5 10
      vertex -10 -21.5 10
      vertex -10 -14.5 10
    endloop
  endfacet
  facet normal 0 0 -1
    outer loop
      vertex -33.7 -101.5 0
      vertex -31.700000000000003 -94.5 0
      vertex -12 -94.5 0
    endloop
  endfacet
  facet normal 0 0 -1
    outer loop
      vertex -33.7 -101.5 0
      vertex -33.7 -78.33333333333333 0
      vertex -31.700000000000003 -94.5 0
    endloop
  endfacet
  facet normal 0 0 -1
    outer loop
      vertex -31.700000000000003 -94.5 0
      vertex -33.7 -78.33333333333333 0
      vertex -31.700000000000003 -79.5 0
    endloop
  endfacet
  facet normal 0 0 -1
    outer loop
      vertex -35.37464114832536 -77.35645933014354 0
      vertex -33.7 -72.5 0
      vertex -33.7 -78.33333333333333 0
    endloop
  endfacet
  facet normal 0 0 -1
    outer loop
      vertex -33.7 -101.5 0
      vertex -12 -94.5 0
      vertex -10 -95.66666666666667 0
    endloop
  endfacet
  facet normal 0 0 -1
    outer loop
      vertex -33.7 -101.5 0
      vertex -10 -95.66666666666667 0
      vertex 0 -101.5 0
    endloop
  endfacet
  facet normal 0 0 -1
    outer loop
      vertex -12 -94.5 0
      vertex -10 -83.16666666666667 0
      vertex -10 -95.66666666666667 0
    endloop
  endfacet
  facet normal 0 0 -1
    outer loop
      vertex -12 -94.5 0
      vertex -12 -79.5 0
      vertex -10 -83.16666666666667 0
    endloop
  endfacet
  facet normal 0 0 -1
    outer loop
      vertex -10 -83.16666666666667 0
      vertex 0 -72.5 0
      vertex 0 -101.5 0
    endloop
  endfacet
  facet normal 0 0 -1
    outer loop
      vertex -31.700000000000003 -79.5 0
      vertex -33.7 -78.33333333333333 0
      vertex 0 -72.5 0
    endloop
  endfacet
  facet normal 0 0 -1
    outer loop
      vertex -33.7 -78.33333333333333 0
      vertex -33.7 -72.5 0
      vertex 0 -72.5 0
    endloop
  endfacet
  facet normal 0 0 -1
    outer loop
      vertex -31.700000000000003 -79.5 0
      vertex 0 -72.5 0
      vertex -12 -79.5 0
    endloop
  endfacet
  facet normal 0 0 -1
    outer loop
      vertex -10 -83.16666666666667 0
      vertex -12 -79.5 0
      vertex 0 -72.5 0
    endloop
  endfacet
  facet normal 0 0 1
    outer loop
      vertex -33.7 -101.5 10
      vertex -33.7 -94.5 10
      vertex -35.644444444444446 -95.86111111111111 10
    endloop
  endfacet
  facet normal 0 0 1
    outer loop
      vertex -32.1607079829752 -94.81973424685975 10
      vertex -15.5 -94.5 10
      vertex -31.700000000000003 -94.5 10
    endloop
  endfacet
  facet normal 0 0 1
    outer loop
      vertex -31.700000000000003 -79.5 10
      vertex -14.420006165228116 -78.19451294697905 10
      vertex -31.700000000000003 -72.5 10
    endloop
  endfacet
  facet normal 0 0 1
    outer loop
      vertex -31.700000000000003 -101.5 10
      vertex -10.410097997443543 -99.33766510438858 10
      vertex -32.1607079829752 -94.81973424685975 10
    endloop
  endfacet
  facet normal 0 0 1
    outer loop
      vertex -31.700000000000003 -101.5 10
      vertex 0 -101.5 10
      vertex -10.410097997443543 -99.33766510438858 10
    endloop
  endfacet
  facet normal 0 0 1
    outer loop
      vertex -32.1607079829752 -94.81973424685975 10
      vertex -10.410097997443543 -99.33766510438858 10
      vertex -15.5 -94.5 10
    endloop
  endfacet
  facet normal 0 0 1
    outer loop
      vertex -10.410097997443543 -99.33766510438858 10
      vertex 0 -101.5 10
      vertex -10 -94.5 10
    endloop
  endfacet
  facet normal 0 0 1
    outer loop
      vertex -10 -94.5 10
      vertex 0 -101.5 10
      vertex 0 -94.5 10
    endloop
  endfacet
  facet normal 0 0 1
    outer loop
      vertex -31.700000000000003 -79.5 10
      vertex -15.5 -79.5 10
      vertex -14.420006165228116 -78.19451294697905 10
    endloop
  endfacet
  facet normal 0 0 1
    outer loop
      vertex -31.700000000000003 -72.5 10
      vertex -14.420006165228116 -78.19451294697905 10
      vertex -10 -79.5 10
    endloop
  endfacet
  facet normal 0 0 1
    outer loop
      vertex -31.700000000000003 -72.5 10
      vertex -10 -79.5 10
      vertex -10 -72.5 10
    endloop
  endfacet
  facet normal 0 0 -1
    outer loop
      vertex 10 43.5 0
      vertex 10 66.66666666666666 0
      vertex 12 50.5 0
    endloop
  endfacet
  facet normal 0 0 -1
    outer loop
      vertex 10 43.5 0
      vertex 12 50.5 0
      vertex 31.700000000000003 50.5 0
    endloop
  endfacet
  facet normal 0 0 -1
    outer loop
      vertex 10 43.5 0
      vertex 31.700000000000003 50.5 0
      vertex 33.7 49.33333333333334 0
    endloop
  endfacet
  facet normal 0 0 -1
    outer loop
      vertex 10 43.5 0
      vertex 33.7 49.33333333333334 0
      vertex 43.70000000000002 43.5 0
    endloop
  endfacet
  facet normal 0 0 -1
    outer loop
      vertex 31.700000000000003 50.5 0
      vertex 33.7 61.833333333333314 0
      vertex 33.7 49.33333333333334 0
    endloop
  endfacet
  facet normal 0 0 -1
    outer loop
      vertex 12 50.5 0
      vertex 10 66.66666666666666 0
      vertex 12 65.5 0
    endloop
  endfacet
  facet normal 0 0 -1
    outer loop
      vertex 8.325358851674636 67.64354066985646 0
      vertex 10 72.5 0
      vertex 10 66.66666666666666 0
    endloop
  endfacet
  facet normal 0 0 -1
    outer loop
      vertex 10 66.66666666666666 0
      vertex 43.70000000000002 72.5 0
      vertex 12 65.5 0
    endloop
  endfacet
  facet normal 0 0 -1
    outer loop
      vertex 10 66.66666666666666 0
      vertex 10 72.5 0
      vertex 43.70000000000002 72.5 0
    endloop
  endfacet
  facet normal 0 0 -1
    outer loop
      vertex 12 65.5 0
      vertex 43.70000000000002 72.5 0
      vertex 31.700000000000003 65.5 0
    endloop
  endfacet
  facet normal 0 0 -1
    outer loop
      vertex 31.700000000000003 50.5 0
      vertex 31.700000000000003 65.5 0
      vertex 33.7 61.833333333333314 0
    endloop
  endfacet
  facet normal 0 0 -1
    outer loop
      vertex 33.7 61.833333333333314 0
      vertex 31.700000000000003 65.5 0
      vertex 43.70000000000002 72.5 0
    endloop
  endfacet
  facet normal 0 0 -1
    outer loop
      vertex 43.70000000000002 43.5 0
      vertex 33.7 61.833333333333314 0
      vertex 43.70000000000002 72.5 0
    endloop
  endfacet
  facet normal 0 0 1
    outer loop
      vertex 10 43.5 10
      vertex 10 50.5 10
      vertex 8.055555555555557 49.138888888888886 10
    endloop
  endfacet
  facet normal 0 0 1
    outer loop
      vertex 11.539292017024806 50.18026575314025 10
      vertex 28.200000000000003 50.5 10
      vertex 12 50.5 10
    endloop
  endfacet
  facet normal 0 0 1
    outer loop
      vertex 12 43.5 10
      vertex 33.28990200255646 45.66233489561142 10
      vertex 11.539292017024806 50.18026575314025 10
    endloop
  endfacet
  facet normal 0 0 1
    outer loop
      vertex 11.539292017024806 50.18026575314025 10
      vertex 33.28990200255646 45.66233489561142 10
      vertex 28.200000000000003 50.5 10
    endloop
  endfacet
  facet normal 0 0 1
    outer loop
      vertex 12 43.5 10
      vertex 33.7 43.5 10
      vertex 33.28990200255646 45.66233489561142 10
    endloop
  endfacet
  facet normal 0 0 1
    outer loop
      vertex 33.28990200255646 45.66233489561142 10
      vertex 33.7 43.5 10
      vertex 33.7 50.5 10
    endloop
  endfacet
  facet normal 0 0 1
    outer loop
      vertex 12 65.5 10
      vertex 29.279993834771886 66.80548705302095 10
      vertex 12 72.5 10
    endloop
  endfacet
  facet normal 0 0 1
    outer loop
      vertex 12 65.5 10
      vertex 28.200000000000003 65.5 10
      vertex 29.279993834771886 66.80548705302095 10
    endloop
  endfacet
  facet normal 0 0 1
    outer loop
      vertex 12 72.5 10
      vertex 29.279993834771886 66.80548705302095 10
      vertex 33.7 65.5 10
    endloop
  endfacet
  facet normal 0 0 1
    outer loop
      vertex 12 72.5 10
      vertex 33.7 65.5 10
      vertex 33.7 72.5 10
    endloop
  endfacet
  facet normal 0 0 -1
    outer loop
      vertex 10 -14.5 0
      vertex 10 8.666666666666671 0
      vertex 12 -7.5 0
    endloop
  endfacet
  facet normal 0 0 -1
    outer loop
      vertex 10 -14.5 0
      vertex 12 -7.5 0
      vertex 31.700000000000003 -7.5 0
    endloop
  endfacet
  facet normal 0 0 -1
    outer loop
      vertex 10 -14.5 0
      vertex 31.700000000000003 -7.5 0
      vertex 33.7 -8.666666666666671 0
    endloop
  endfacet
  facet normal 0 0 -1
    outer loop
      vertex 10 -14.5 0
      vertex 33.7 -8.666666666666671 0
      vertex 43.70000000000002 -14.5 0
    endloop
  endfacet
  facet normal 0 0 -1
    outer loop
      vertex 31.700000000000003 -7.5 0
      vertex 33.7 3.8333333333333286 0
      vertex 33.7 -8.666666666666671 0
    endloop
  endfacet
  facet normal 0 0 1
    outer loop
      vertex 10 -14.5 10
      vertex 10 -7.5 10
      vertex 8.055555555555557 -8.861111111111114 10
    endloop
  endfacet
  facet normal 0 0 1
    outer loop
      vertex 11.539292017024806 -7.819734246859753 10
      vertex 28.200000000000003 -7.5 10
      vertex 12 -7.5 10
    endloop
  endfacet
  facet normal 0 0 1
    outer loop
      vertex 12 -14.5 10
      vertex 33.28990200255646 -12.337665104388577 10
      vertex 11.539292017024806 -7.819734246859753 10
    endloop
  endfacet
  facet normal 0 0 1
    outer loop
      vertex 11.539292017024806 -7.819734246859753 10
      vertex 33.28990200255646 -12.337665104388577 10
      vertex 28.200000000000003 -7.5 10
    endloop
  endfacet
  facet normal 0 0 1
    outer loop
      vertex 12 -14.5 10
      vertex 33.7 -14.5 10
      vertex 33.28990200255646 -12.337665104388577 10
    endloop
  endfacet
  facet normal 0 0 1
    outer loop
      vertex 33.28990200255646 -12.337665104388577 10
      vertex 33.7 -14.5 10
      vertex 33.7 -7.5 10
    endloop
  endfacet
  facet normal 0 0 -1
    outer loop
      vertex 12 -7.5 0
      vertex 10 8.666666666666671 0
      vertex 12 7.5 0
    endloop
  endfacet
  facet normal 0 0 -1
    outer loop
      vertex 8.325358851674636 9.643540669856463 0
      vertex 10 14.5 0
      vertex 10 8.666666666666671 0
    endloop
  endfacet
  facet normal 0 0 -1
    outer loop
      vertex 10 8.666666666666671 0
      vertex 10 14.5 0
      vertex 43.70000000000002 14.5 0
    endloop
  endfacet
  facet normal 0 0 -1
    outer loop
      vertex 10 8.666666666666671 0
      vertex 43.70000000000002 14.5 0
      vertex 12 7.5 0
    endloop
  endfacet
  facet normal 0 0 -1
    outer loop
      vertex 12 7.5 0
      vertex 43.70000000000002 14.5 0
      vertex 31.700000000000003 7.5 0
    endloop
  endfacet
  facet normal 0 0 -1
    outer loop
      vertex 31.700000000000003 -7.5 0
      vertex 31.700000000000003 7.5 0
      vertex 33.7 3.8333333333333286 0
    endloop
  endfacet
  facet normal 0 0 -1
    outer loop
      vertex 33.7 3.8333333333333286 0
      vertex 31.700000000000003 7.5 0
      vertex 43.70000000000002 14.5 0
    endloop
  endfacet
  facet normal 0 0 -1
    outer loop
      vertex 43.70000000000002 -14.5 0
      vertex 33.7 3.8333333333333286 0
      vertex 43.70000000000002 14.5 0
    endloop
  endfacet
  facet normal 0 0 1
    outer loop
      vertex 12 7.5 10
      vertex 29.279993834771886 8.805487053020954 10
      vertex 12 14.5 10
    endloop
  endfacet
  facet normal 0 0 1
    outer loop
      vertex 12 7.5 10
      vertex 28.200000000000003 7.5 10
      vertex 29.279993834771886 8.805487053020954 10
    endloop
  endfacet
  facet normal 0 0 1
    outer loop
      vertex 12 14.5 10
      vertex 29.279993834771886 8.805487053020954 10
      vertex 33.7 7.5 10
    endloop
  endfacet
  facet normal 0 0 1
    outer loop
      vertex 12 14.5 10
      vertex 33.7 7.5 10
      vertex 33.7 14.5 10
    endloop
  endfacet
  facet normal 0 0 -1
    outer loop
      vertex 10 -72.5 0
      vertex 10 -49.33333333333333 0
      vertex 12 -65.5 0
    endloop
  endfacet
  facet normal 0 0 -1
    outer loop
      vertex 12 -65.5 0
      vertex 10 -49.33333333333333 0
      vertex 12 -50.5 0
    endloop
  endfacet
  facet normal 0 0 -1
    outer loop
      vertex 10 -72.5 0
      vertex 12 -65.5 0
      vertex 31.700000000000003 -65.5 0
    endloop
  endfacet
  facet normal 0 0 -1
    outer loop
      vertex 10 -72.5 0
      vertex 33.7 -66.66666666666667 0
      vertex 43.70000000000002 -72.5 0
    endloop
  endfacet
  facet normal 0 0 -1
    outer loop
      vertex 10 -72.5 0
      vertex 31.700000000000003 -65.5 0
      vertex 33.7 -66.66666666666667 0
    endloop
  endfacet
  facet normal 0 0 -1
    outer loop
      vertex 31.700000000000003 -65.5 0
      vertex 33.7 -54.16666666666667 0
      vertex 33.7 -66.66666666666667 0
    endloop
  endfacet
  facet normal 0 0 -1
    outer loop
      vertex 31.700000000000003 -65.5 0
      vertex 31.700000000000003 -50.5 0
      vertex 33.7 -54.16666666666667 0
    endloop
  endfacet
  facet normal 0 0 -1
    outer loop
      vertex 43.70000000000002 -72.5 0
      vertex 33.7 -54.16666666666667 0
      vertex 43.70000000000002 -43.5 0
    endloop
  endfacet
  facet normal 0 0 -1
    outer loop
      vertex 8.325358851674636 -48.35645933014354 0
      vertex 10 -43.5 0
      vertex 10 -49.33333333333333 0
    endloop
  endfacet
  facet normal 0 0 -1
    outer loop
      vertex 10 -49.33333333333333 0
      vertex 10 -43.5 0
      vertex 43.70000000000002 -43.5 0
    endloop
  endfacet
  facet normal 0 0 -1
    outer loop
      vertex 10 -49.33333333333333 0
      vertex 43.70000000000002 -43.5 0
      vertex 12 -50.5 0
    endloop
  endfacet
  facet normal 0 0 -1
    outer loop
      vertex 12 -50.5 0
      vertex 43.70000000000002 -43.5 0
      vertex 31.700000000000003 -50.5 0
    endloop
  endfacet
  facet normal 0 0 -1
    outer loop
      vertex 33.7 -54.16666666666667 0
      vertex 31.700000000000003 -50.5 0
      vertex 43.70000000000002 -43.5 0
    endloop
  endfacet
  facet normal 0 0 1
    outer loop
      vertex 10 -72.5 10
      vertex 10 -65.5 10
      vertex 8.055555555555557 -66.86111111111111 10
    endloop
  endfacet
  facet normal 0 0 1
    outer loop
      vertex 12 -72.5 10
      vertex 33.28990200255646 -70.33766510438858 10
      vertex 11.539292017024806 -65.81973424685975 10
    endloop
  endfacet
  facet normal 0 0 1
    outer loop
      vertex 11.539292017024806 -65.81973424685975 10
      vertex 28.200000000000003 -65.5 10
      vertex 12 -65.5 10
    endloop
  endfacet
  facet normal 0 0 1
    outer loop
      vertex 11.539292017024806 -65.81973424685975 10
      vertex 33.28990200255646 -70.33766510438858 10
      vertex 28.200000000000003 -65.5 10
    endloop
  endfacet
  facet normal 0 0 1
    outer loop
      vertex 12 -72.5 10
      vertex 33.7 -72.5 10
      vertex 33.28990200255646 -70.33766510438858 10
    endloop
  endfacet
  facet normal 0 0 1
    outer loop
      vertex 33.28990200255646 -70.33766510438858 10
      vertex 33.7 -72.5 10
      vertex 33.7 -65.5 10
    endloop
  endfacet
  facet normal 0 0 1
    outer loop
      vertex 12 -50.5 10
      vertex 29.279993834771886 -49.19451294697904 10
      vertex 12 -43.5 10
    endloop
  endfacet
  facet normal 0 0 1
    outer loop
      vertex 12 -50.5 10
      vertex 28.200000000000003 -50.5 10
      vertex 29.279993834771886 -49.19451294697904 10
    endloop
  endfacet
  facet normal 0 0 1
    outer loop
      vertex 12 -43.5 10
      vertex 29.279993834771886 -49.19451294697904 10
      vertex 33.7 -50.5 10
    endloop
  endfacet
  facet normal 0 0 1
    outer loop
      vertex 12 -43.5 10
      vertex 33.7 -50.5 10
      vertex 33.7 -43.5 10
    endloop
  endfacet
  facet normal 0 0 -1
    outer loop
      vertex -77.4 43.5 0
      vertex -77.4 66.66666666666666 0
      vertex -75.4 50.5 0
    endloop
  endfacet
  facet normal 0 0 -1
    outer loop
      vertex -77.4 43.5 0
      vertex -75.4 50.5 0
      vertex -55.7 50.5 0
    endloop
  endfacet
  facet normal 0 0 -1
    outer loop
      vertex -77.4 43.5 0
      vertex -55.7 50.5 0
      vertex -53.7 49.33333333333334 0
    endloop
  endfacet
  facet normal 0 0 -1
    outer loop
      vertex -77.4 43.5 0
      vertex -53.7 49.33333333333334 0
      vertex -43.7 43.5 0
    endloop
  endfacet
  facet normal 0 0 -1
    outer loop
      vertex -55.7 50.5 0
      vertex -53.7 61.833333333333314 0
      vertex -53.7 49.33333333333334 0
    endloop
  endfacet
  facet normal 0 0 -1
    outer loop
      vertex -75.4 50.5 0
      vertex -77.4 66.66666666666666 0
      vertex -75.4 65.5 0
    endloop
  endfacet
  facet normal 0 0 -1
    outer loop
      vertex -79.07464114832537 67.64354066985646 0
      vertex -77.4 72.5 0
      vertex -77.4 66.66666666666666 0
    endloop
  endfacet
  facet normal 0 0 -1
    outer loop
      vertex -77.4 66.66666666666666 0
      vertex -43.7 72.5 0
      vertex -75.4 65.5 0
    endloop
  endfacet
  facet normal 0 0 -1
    outer loop
      vertex -77.4 66.66666666666666 0
      vertex -77.4 72.5 0
      vertex -43.7 72.5 0
    endloop
  endfacet
  facet normal 0 0 -1
    outer loop
      vertex -75.4 65.5 0
      vertex -43.7 72.5 0
      vertex -55.7 65.5 0
    endloop
  endfacet
  facet normal 0 0 -1
    outer loop
      vertex -55.7 50.5 0
      vertex -55.7 65.5 0
      vertex -53.7 61.833333333333314 0
    endloop
  endfacet
  facet normal 0 0 -1
    outer loop
      vertex -53.7 61.833333333333314 0
      vertex -55.7 65.5 0
      vertex -43.7 72.5 0
    endloop
  endfacet
  facet normal 0 0 -1
    outer loop
      vertex -53.7 61.833333333333314 0
      vertex -43.7 72.5 0
      vertex -43.7 43.5 0
    endloop
  endfacet
  facet normal 0 0 1
    outer loop
      vertex -77.4 43.5 10
      vertex -77.4 50.5 10
      vertex -79.34444444444445 49.138888888888886 10
    endloop
  endfacet
  facet normal 0 0 1
    outer loop
      vertex -75.8607079829752 50.18026575314025 10
      vertex -59.2 50.5 10
      vertex -75.4 50.5 10
    endloop
  endfacet
  facet normal 0 0 1
    outer loop
      vertex -75.4 43.5 10
      vertex -54.110097997443546 45.66233489561142 10
      vertex -75.8607079829752 50.18026575314025 10
    endloop
  endfacet
  facet normal 0 0 1
    outer loop
      vertex -75.8607079829752 50.18026575314025 10
      vertex -54.110097997443546 45.66233489561142 10
      vertex -59.2 50.5 10
    endloop
  endfacet
  facet normal 0 0 1
    outer loop
      vertex -75.4 43.5 10
      vertex -53.70000000000002 43.5 10
      vertex -54.110097997443546 45.66233489561142 10
    endloop
  endfacet
  facet normal 0 0 1
    outer loop
      vertex -54.110097997443546 45.66233489561142 10
      vertex -53.70000000000002 43.5 10
      vertex -53.70000000000002 50.50000000000005 10
    endloop
  endfacet
  facet normal 0 0 1
    outer loop
      vertex -75.4 65.5 10
      vertex -58.12000616522812 66.80548705302095 10
      vertex -75.4 72.5 10
    endloop
  endfacet
  facet normal 0 0 1
    outer loop
      vertex -75.4 65.5 10
      vertex -59.2 65.5 10
      vertex -58.12000616522812 66.80548705302095 10
    endloop
  endfacet
  facet normal 0 0 1
    outer loop
      vertex -75.4 72.5 10
      vertex -58.12000616522812 66.80548705302095 10
      vertex -53.70000000000002 65.5 10
    endloop
  endfacet
  facet normal 0 0 1
    outer loop
      vertex -75.4 72.5 10
      vertex -53.70000000000002 65.5 10
      vertex -53.70000000000002 72.5 10
    endloop
  endfacet
  facet normal 0 0 -1
    outer loop
      vertex -77.4 -14.5 0
      vertex -77.4 8.666666666666671 0
      vertex -75.4 -7.5 0
    endloop
  endfacet
  facet normal 0 0 -1
    outer loop
      vertex -77.4 -14.5 0
      vertex -75.4 -7.5 0
      vertex -55.7 -7.5 0
    endloop
  endfacet
  facet normal 0 0 -1
    outer loop
      vertex -77.4 -14.5 0
      vertex -55.7 -7.5 0
      vertex -53.7 -8.666666666666671 0
    endloop
  endfacet
  facet normal 0 0 -1
    outer loop
      vertex -77.4 -14.5 0
      vertex -53.7 -8.666666666666671 0
      vertex -43.7 -14.5 0
    endloop
  endfacet
  facet normal 0 0 -1
    outer loop
      vertex -55.7 -7.5 0
      vertex -53.7 3.8333333333333286 0
      vertex -53.7 -8.666666666666671 0
    endloop
  endfacet
  facet normal 0 0 1
    outer loop
      vertex -77.4 -14.5 10
      vertex -77.4 -7.5 10
      vertex -79.34444444444445 -8.861111111111114 10
    endloop
  endfacet
  facet normal 0 0 1
    outer loop
      vertex -75.8607079829752 -7.819734246859753 10
      vertex -59.2 -7.5 10
      vertex -75.4 -7.5 10
    endloop
  endfacet
  facet normal 0 0 1
    outer loop
      vertex -75.4 -14.5 10
      vertex -54.110097997443546 -12.337665104388577 10
      vertex -75.8607079829752 -7.819734246859753 10
    endloop
  endfacet
  facet normal 0 0 1
    outer loop
      vertex -75.8607079829752 -7.819734246859753 10
      vertex -54.110097997443546 -12.337665104388577 10
      vertex -59.2 -7.5 10
    endloop
  endfacet
  facet normal 0 0 1
    outer loop
      vertex -75.4 -14.5 10
      vertex -53.70000000000002 -14.5 10
      vertex -54.110097997443546 -12.337665104388577 10
    endloop
  endfacet
  facet normal 0 0 1
    outer loop
      vertex -54.110097997443546 -12.337665104388577 10
      vertex -53.70000000000002 -14.5 10
      vertex -53.70000000000002 -7.499999999999948 10
    endloop
  endfacet
  facet normal 0 0 -1
    outer loop
      vertex -75.4 -7.5 0
      vertex -77.4 8.666666666666671 0
      vertex -75.4 7.5 0
    endloop
  endfacet
  facet normal 0 0 -1
    outer loop
      vertex -79.07464114832537 9.643540669856463 0
      vertex -77.4 14.5 0
      vertex -77.4 8.666666666666671 0
    endloop
  endfacet
  facet normal 0 0 -1
    outer loop
      vertex -77.4 8.666666666666671 0
      vertex -77.4 14.5 0
      vertex -43.7 14.5 0
    endloop
  endfacet
  facet normal 0 0 -1
    outer loop
      vertex -77.4 8.666666666666671 0
      vertex -43.7 14.5 0
      vertex -75.4 7.5 0
    endloop
  endfacet
  facet normal 0 0 -1
    outer loop
      vertex -75.4 7.5 0
      vertex -43.7 14.5 0
      vertex -55.7 7.5 0
    endloop
  endfacet
  facet normal 0 0 -1
    outer loop
      vertex -55.7 -7.5 0
      vertex -55.7 7.5 0
      vertex -53.7 3.8333333333333286 0
    endloop
  endfacet
  facet normal 0 0 -1
    outer loop
      vertex -53.7 3.8333333333333286 0
      vertex -55.7 7.5 0
      vertex -43.7 14.5 0
    endloop
  endfacet
  facet normal 0 0 -1
    outer loop
      vertex -43.7 -14.5 0
      vertex -53.7 3.8333333333333286 0
      vertex -43.7 14.5 0
    endloop
  endfacet
  facet normal 0 0 1
    outer loop
      vertex -75.4 7.5 10
      vertex -58.12000616522812 8.805487053020954 10
      vertex -75.4 14.5 10
    endloop
  endfacet
  facet normal 0 0 1
    outer loop
      vertex -75.4 7.5 10
      vertex -59.2 7.5 10
      vertex -58.12000616522812 8.805487053020954 10
    endloop
  endfacet
  facet normal 0 0 1
    outer loop
      vertex -75.4 14.5 10
      vertex -58.12000616522812 8.805487053020954 10
      vertex -53.70000000000002 7.500000000000004 10
    endloop
  endfacet
  facet normal 0 0 1
    outer loop
      vertex -75.4 14.5 10
      vertex -53.70000000000002 7.500000000000004 10
      vertex -53.70000000000002 14.5 10
    endloop
  endfacet
  facet normal 0 0 -1
    outer loop
      vertex -77.4 -72.5 0
      vertex -77.4 -49.33333333333333 0
      vertex -75.4 -65.5 0
    endloop
  endfacet
  facet normal 0 0 -1
    outer loop
      vertex -75.4 -65.5 0
      vertex -77.4 -49.33333333333333 0
      vertex -75.4 -50.5 0
    endloop
  endfacet
  facet normal 0 0 -1
    outer loop
      vertex -77.4 -72.5 0
      vertex -75.4 -65.5 0
      vertex -55.7 -65.5 0
    endloop
  endfacet
  facet normal 0 0 -1
    outer loop
      vertex -77.4 -72.5 0
      vertex -53.7 -66.66666666666667 0
      vertex -43.7 -72.5 0
    endloop
  endfacet
  facet normal 0 0 -1
    outer loop
      vertex -77.4 -72.5 0
      vertex -55.7 -65.5 0
      vertex -53.7 -66.66666666666667 0
    endloop
  endfacet
  facet normal 0 0 -1
    outer loop
      vertex -55.7 -65.5 0
      vertex -53.7 -54.16666666666667 0
      vertex -53.7 -66.66666666666667 0
    endloop
  endfacet
  facet normal 0 0 -1
    outer loop
      vertex -55.7 -65.5 0
      vertex -55.7 -50.5 0
      vertex -53.7 -54.16666666666667 0
    endloop
  endfacet
  facet normal 0 0 -1
    outer loop
      vertex -79.07464114832537 -48.35645933014354 0
      vertex -77.4 -43.5 0
      vertex -77.4 -49.33333333333333 0
    endloop
  endfacet
  facet normal 0 0 -1
    outer loop
      vertex -77.4 -49.33333333333333 0
      vertex -77.4 -43.5 0
      vertex -43.7 -43.5 0
    endloop
  endfacet
  facet normal 0 0 -1
    outer loop
      vertex -77.4 -49.33333333333333 0
      vertex -43.7 -43.5 0
      vertex -75.4 -50.5 0
    endloop
  endfacet
  facet normal 0 0 -1
    outer loop
      vertex -75.4 -50.5 0
      vertex -43.7 -43.5 0
      vertex -55.7 -50.5 0
    endloop
  endfacet
  facet normal 0 0 -1
    outer loop
      vertex -53.7 -54.16666666666667 0
      vertex -55.7 -50.5 0
      vertex -43.7 -43.5 0
    endloop
  endfacet
  facet normal 0 0 -1
    outer loop
      vertex -53.7 -54.16666666666667 0
      vertex -43.7 -43.5 0
      vertex -43.7 -72.5 0
    endloop
  endfacet
  facet normal 0 0 1
    outer loop
      vertex -77.4 -72.5 10
      vertex -77.4 -65.5 10
      vertex -79.34444444444445 -66.86111111111111 10
    endloop
  endfacet
  facet normal 0 0 1
    outer loop
      vertex -75.4 -72.5 10
      vertex -54.110097997443546 -70.33766510438858 10
      vertex -75.8607079829752 -65.81973424685975 10
    endloop
  endfacet
  facet normal 0 0 1
    outer loop
      vertex -75.8607079829752 -65.81973424685975 10
      vertex -59.2 -65.5 10
      vertex -75.4 -65.5 10
    endloop
  endfacet
  facet normal 0 0 1
    outer loop
      vertex -75.8607079829752 -65.81973424685975 10
      vertex -54.110097997443546 -70.33766510438858 10
      vertex -59.2 -65.5 10
    endloop
  endfacet
  facet normal 0 0 1
    outer loop
      vertex -75.4 -72.5 10
      vertex -53.70000000000002 -72.5 10
      vertex -54.110097997443546 -70.33766510438858 10
    endloop
  endfacet
  facet normal 0 0 1
    outer loop
      vertex -54.110097997443546 -70.33766510438858 10
      vertex -53.70000000000002 -72.5 10
      vertex -53.70000000000002 -65.49999999999994 10
    endloop
  endfacet
  facet normal 0 0 1
    outer loop
      vertex -75.4 -50.5 10
      vertex -58.12000616522812 -49.19451294697904 10
      vertex -75.4 -43.5 10
    endloop
  endfacet
  facet normal 0 0 1
    outer loop
      vertex -75.4 -50.5 10
      vertex -59.2 -50.5 10
      vertex -58.12000616522812 -49.19451294697904 10
    endloop
  endfacet
  facet normal 0 0 1
    outer loop
      vertex -75.4 -43.5 10
      vertex -58.12000616522812 -49.19451294697904 10
      vertex -53.70000000000002 -50.49999999999999 10
    endloop
  endfacet
  facet normal 0 0 1
    outer loop
      vertex -75.4 -43.5 10
      vertex -53.70000000000002 -50.49999999999999 10
      vertex -53.70000000000002 -43.5 10
    endloop
  endfacet
  facet normal 0 0 -1
    outer loop
      vertex 53.70000000000002 43.5 0
      vertex 53.70000000000002 66.66666666666666 0
      vertex 55.70000000000002 50.5 0
    endloop
  endfacet
  facet normal 0 0 -1
    outer loop
      vertex 53.70000000000002 43.5 0
      vertex 55.70000000000002 50.5 0
      vertex 75.4 50.5 0
    endloop
  endfacet
  facet normal 0 0 -1
    outer loop
      vertex 53.70000000000002 43.5 0
      vertex 75.4 50.5 0
      vertex 77.4 49.33333333333334 0
    endloop
  endfacet
  facet normal 0 0 -1
    outer loop
      vertex 53.70000000000002 43.5 0
      vertex 77.4 49.33333333333334 0
      vertex 87.4 43.5 0
    endloop
  endfacet
  facet normal 0 0 -1
    outer loop
      vertex 75.4 50.5 0
      vertex 77.4 61.833333333333314 0
      vertex 77.4 49.33333333333334 0
    endloop
  endfacet
  facet normal 1 0 0
    outer loop
      vertex 87.4 43.5 0
      vertex 87.4 65.5 1.6
      vertex 87.4 50.5 1.6
    endloop
  endfacet
  facet normal 1 0 0
    outer loop
      vertex 87.4 43.5 0
      vertex 87.4 50.5 1.6
      vertex 87.4 43.5 9.01
    endloop
  endfacet
  facet normal 0 0 -1
    outer loop
      vertex 55.70000000000002 50.5 0
      vertex 53.70000000000002 66.66666666666666 0
      vertex 55.70000000000002 65.5 0
    endloop
  endfacet
  facet normal 0 0 -1
    outer loop
      vertex 52.02535885167467 67.64354066985646 0
      vertex 53.70000000000002 72.5 0
      vertex 53.70000000000002 66.66666666666666 0
    endloop
  endfacet
  facet normal 0 0 -1
    outer loop
      vertex 53.70000000000002 66.66666666666666 0
      vertex 87.4 72.5 0
      vertex 55.70000000000002 65.5 0
    endloop
  endfacet
  facet normal 0 0 -1
    outer loop
      vertex 55.70000000000002 65.5 0
      vertex 87.4 72.5 0
      vertex 75.4 65.5 0
    endloop
  endfacet
  facet normal 0 0 -1
    outer loop
      vertex 53.70000000000002 66.66666666666666 0
      vertex 53.70000000000002 72.5 0
      vertex 87.4 72.5 0
    endloop
  endfacet
  facet normal 0 0 -1
    outer loop
      vertex 75.4 50.5 0
      vertex 75.4 65.5 0
      vertex 77.4 61.833333333333314 0
    endloop
  endfacet
  facet normal 0 0 -1
    outer loop
      vertex 77.4 61.833333333333314 0
      vertex 75.4 65.5 0
      vertex 87.4 72.5 0
    endloop
  endfacet
  facet normal 0 0 -1
    outer loop
      vertex 87.4 43.5 0
      vertex 77.4 61.833333333333314 0
      vertex 87.4 72.5 0
    endloop
  endfacet
  facet normal 1 0 0
    outer loop
      vertex 87.4 43.5 0
      vertex 87.4 72.5 0
      vertex 87.4 65.5 1.6
    endloop
  endfacet
  facet normal 1 0 0
    outer loop
      vertex 87.4 72.5 0
      vertex 87.4 65.5 9.01
      vertex 87.4 65.5 1.6
    endloop
  endfacet
  facet normal 1 0 0
    outer loop
      vertex 87.4 50.5 1.6
      vertex 87.4 50.5 9.01
      vertex 87.4 43.5 9.01
    endloop
  endfacet
  facet normal 0 0 1
    outer loop
      vertex 53.70000000000002 43.5 10
      vertex 53.70000000000002 50.5 10
      vertex 51.75555555555556 49.138888888888886 10
    endloop
  endfacet
  facet normal 0 0 1
    outer loop
      vertex 55.23929201702484 50.18026575314025 10
      vertex 71.9 50.5 10
      vertex 55.70000000000002 50.5 10
    endloop
  endfacet
  facet normal 0 0 1
    outer loop
      vertex 55.70000000000002 43.5 10
      vertex 76.98990200255648 45.66233489561142 10
      vertex 55.23929201702484 50.18026575314025 10
    endloop
  endfacet
  facet normal 0 0 1
    outer loop
      vertex 55.23929201702484 50.18026575314025 10
      vertex 76.98990200255648 45.66233489561142 10
      vertex 71.9 50.5 10
    endloop
  endfacet
  facet normal 0 0 1
    outer loop
      vertex 55.70000000000002 43.5 10
      vertex 77.4 43.5 10
      vertex 76.98990200255648 45.66233489561142 10
    endloop
  endfacet
  facet normal 0 0 1
    outer loop
      vertex 76.98990200255648 45.66233489561142 10
      vertex 77.4 43.5 10
      vertex 77.4 50.5 10
    endloop
  endfacet
  facet normal 1 0 0
    outer loop
      vertex 87.4 72.5 0
      vertex 87.4 72.5 9.01
      vertex 87.4 65.5 9.01
    endloop
  endfacet
  facet normal 0 0 1
    outer loop
      vertex 55.70000000000002 65.5 10
      vertex 72.9799938347719 66.80548705302095 10
      vertex 55.70000000000002 72.5 10
    endloop
  endfacet
  facet normal 0 0 1
    outer loop
      vertex 55.70000000000002 65.5 10
      vertex 71.9 65.5 10
      vertex 72.9799938347719 66.80548705302095 10
    endloop
  endfacet
  facet normal 0 0 1
    outer loop
      vertex 55.70000000000002 72.5 10
      vertex 72.9799938347719 66.80548705302095 10
      vertex 77.4 65.5 10
    endloop
  endfacet
  facet normal 0 0 1
    outer loop
      vertex 55.70000000000002 72.5 10
      vertex 77.4 65.5 10
      vertex 77.4 72.5 10
    endloop
  endfacet
  facet normal 0 0 -1
    outer loop
      vertex 53.70000000000002 -14.5 0
      vertex 53.70000000000002 8.666666666666671 0
      vertex 55.70000000000002 -7.5 0
    endloop
  endfacet
  facet normal 0 0 -1
    outer loop
      vertex 53.70000000000002 -14.5 0
      vertex 55.70000000000002 -7.5 0
      vertex 75.4 -7.5 0
    endloop
  endfacet
  facet normal 0 0 -1
    outer loop
      vertex 53.70000000000002 -14.5 0
      vertex 75.4 -7.5 0
      vertex 77.4 -8.666666666666671 0
    endloop
  endfacet
  facet normal 0 0 -1
    outer loop
      vertex 53.70000000000002 -14.5 0
      vertex 77.4 -8.666666666666671 0
      vertex 87.4 -14.5 0
    endloop
  endfacet
  facet normal 0 0 -1
    outer loop
      vertex 75.4 -7.5 0
      vertex 77.4 3.8333333333333286 0
      vertex 77.4 -8.666666666666671 0
    endloop
  endfacet
  facet normal 1 0 0
    outer loop
      vertex 87.4 -14.5 0
      vertex 87.4 7.5 1.6
      vertex 87.4 -7.5 1.6
    endloop
  endfacet
  facet normal 1 0 0
    outer loop
      vertex 87.4 -14.5 0
      vertex 87.4 -7.5 1.6
      vertex 87.4 -14.5 9.01
    endloop
  endfacet
  facet normal 1 0 0
    outer loop
      vertex 87.4 -7.5 1.6
      vertex 87.4 -7.5 9.01
      vertex 87.4 -14.5 9.01
    endloop
  endfacet
  facet normal 0 0 1
    outer loop
      vertex 53.70000000000002 -14.5 10
      vertex 53.70000000000002 -7.5 10
      vertex 51.75555555555556 -8.861111111111114 10
    endloop
  endfacet
  facet normal 0 0 1
    outer loop
      vertex 55.23929201702484 -7.819734246859753 10
      vertex 71.9 -7.5 10
      vertex 55.70000000000002 -7.5 10
    endloop
  endfacet
  facet normal 0 0 1
    outer loop
      vertex 55.70000000000002 -14.5 10
      vertex 77.4 -14.5 10
      vertex 76.98990200255648 -12.337665104388577 10
    endloop
  endfacet
  facet normal 0 0 1
    outer loop
      vertex 55.70000000000002 -14.5 10
      vertex 76.98990200255648 -12.337665104388577 10
      vertex 55.23929201702484 -7.819734246859753 10
    endloop
  endfacet
  facet normal 0 0 1
    outer loop
      vertex 55.23929201702484 -7.819734246859753 10
      vertex 76.98990200255648 -12.337665104388577 10
      vertex 71.9 -7.5 10
    endloop
  endfacet
  facet normal 0 0 1
    outer loop
      vertex 76.98990200255648 -12.337665104388577 10
      vertex 77.4 -14.5 10
      vertex 77.4 -7.5 10
    endloop
  endfacet
  facet normal 0 0 -1
    outer loop
      vertex 55.70000000000002 -7.5 0
      vertex 53.70000000000002 8.666666666666671 0
      vertex 55.70000000000002 7.5 0
    endloop
  endfacet
  facet normal 0 0 -1
    outer loop
      vertex 52.02535885167467 9.643540669856463 0
      vertex 53.70000000000002 14.5 0
      vertex 53.70000000000002 8.666666666666671 0
    endloop
  endfacet
  facet normal 0 0 -1
    outer loop
      vertex 53.70000000000002 8.666666666666671 0
      vertex 87.4 14.5 0
      vertex 55.70000000000002 7.5 0
    endloop
  endfacet
  facet normal 0 0 -1
    outer loop
      vertex 53.70000000000002 8.666666666666671 0
      vertex 53.70000000000002 14.5 0
      vertex 87.4 14.5 0
    endloop
  endfacet
  facet normal 0 0 -1
    outer loop
      vertex 55.70000000000002 7.5 0
      vertex 87.4 14.5 0
      vertex 75.4 7.5 0
    endloop
  endfacet
  facet normal 0 0 -1
    outer loop
      vertex 75.4 -7.5 0
      vertex 75.4 7.5 0
      vertex 77.4 3.8333333333333286 0
    endloop
  endfacet
  facet normal 0 0 -1
    outer loop
      vertex 77.4 3.8333333333333286 0
      vertex 75.4 7.5 0
      vertex 87.4 14.5 0
    endloop
  endfacet
  facet normal 0 0 -1
    outer loop
      vertex 87.4 -14.5 0
      vertex 77.4 3.8333333333333286 0
      vertex 87.4 14.5 0
    endloop
  endfacet
  facet normal 1 0 0
    outer loop
      vertex 87.4 -14.5 0
      vertex 87.4 14.5 0
      vertex 87.4 7.5 1.6
    endloop
  endfacet
  facet normal 1 0 0
    outer loop
      vertex 87.4 14.5 0
      vertex 87.4 7.5 9.01
      vertex 87.4 7.5 1.6
    endloop
  endfacet
  facet normal 1 0 0
    outer loop
      vertex 87.4 14.5 0
      vertex 87.4 14.5 9.01
      vertex 87.4 7.5 9.01
    endloop
  endfacet
  facet normal 0 0 1
    outer loop
      vertex 55.70000000000002 7.5 10
      vertex 72.9799938347719 8.805487053020954 10
      vertex 55.70000000000002 14.5 10
    endloop
  endfacet
  facet normal 0 0 1
    outer loop
      vertex 55.70000000000002 7.5 10
      vertex 71.9 7.5 10
      vertex 72.9799938347719 8.805487053020954 10
    endloop
  endfacet
  facet normal 0 0 1
    outer loop
      vertex 55.70000000000002 14.5 10
      vertex 72.9799938347719 8.805487053020954 10
      vertex 77.4 7.5 10
    endloop
  endfacet
  facet normal 0 0 1
    outer loop
      vertex 55.70000000000002 14.5 10
      vertex 77.4 7.5 10
      vertex 77.4 14.5 10
    endloop
  endfacet
  facet normal 0 0 -1
    outer loop
      vertex 53.70000000000002 -72.5 0
      vertex 53.70000000000002 -49.33333333333333 0
      vertex 55.70000000000002 -65.5 0
    endloop
  endfacet
  facet normal 0 0 -1
    outer loop
      vertex 55.70000000000002 -65.5 0
      vertex 53.70000000000002 -49.33333333333333 0
      vertex 55.70000000000002 -50.5 0
    endloop
  endfacet
  facet normal 0 0 -1
    outer loop
      vertex 53.70000000000002 -72.5 0
      vertex 55.70000000000002 -65.5 0
      vertex 75.4 -65.5 0
    endloop
  endfacet
  facet normal 0 0 -1
    outer loop
      vertex 53.70000000000002 -72.5 0
      vertex 77.4 -66.66666666666667 0
      vertex 87.4 -72.5 0
    endloop
  endfacet
  facet normal 0 0 -1
    outer loop
      vertex 53.70000000000002 -72.5 0
      vertex 75.4 -65.5 0
      vertex 77.4 -66.66666666666667 0
    endloop
  endfacet
  facet normal 0 0 -1
    outer loop
      vertex 75.4 -65.5 0
      vertex 77.4 -54.16666666666667 0
      vertex 77.4 -66.66666666666667 0
    endloop
  endfacet
  facet normal 0 0 -1
    outer loop
      vertex 75.4 -65.5 0
      vertex 75.4 -50.5 0
      vertex 77.4 -54.16666666666667 0
    endloop
  endfacet
  facet normal 0 0 -1
    outer loop
      vertex 87.4 -72.5 0
      vertex 77.4 -54.16666666666667 0
      vertex 87.4 -43.5 0
    endloop
  endfacet
  facet normal 1 0 0
    outer loop
      vertex 87.4 -72.5 0
      vertex 87.4 -43.5 0
      vertex 87.4 -50.5 1.6
    endloop
  endfacet
  facet normal 1 0 0
    outer loop
      vertex 87.4 -72.5 0
      vertex 87.4 -50.5 1.6
      vertex 87.4 -65.5 1.6
    endloop
  endfacet
  facet normal 1 0 0
    outer loop
      vertex 87.4 -72.5 0
      vertex 87.4 -65.5 1.6
      vertex 87.4 -72.5 9.01
    endloop
  endfacet
  facet normal 0 0 -1
    outer loop
      vertex 52.02535885167467 -48.35645933014354 0
      vertex 53.70000000000002 -43.5 0
      vertex 53.70000000000002 -49.33333333333333 0
    endloop
  endfacet
  facet normal 0 0 -1
    outer loop
      vertex 53.70000000000002 -49.33333333333333 0
      vertex 87.4 -43.5 0
      vertex 55.70000000000002 -50.5 0
    endloop
  endfacet
  facet normal 0 0 -1
    outer loop
      vertex 53.70000000000002 -49.33333333333333 0
      vertex 53.70000000000002 -43.5 0
      vertex 87.4 -43.5 0
    endloop
  endfacet
  facet normal 0 0 -1
    outer loop
      vertex 55.70000000000002 -50.5 0
      vertex 87.4 -43.5 0
      vertex 75.4 -50.5 0
    endloop
  endfacet
  facet normal 0 0 -1
    outer loop
      vertex 77.4 -54.16666666666667 0
      vertex 75.4 -50.5 0
      vertex 87.4 -43.5 0
    endloop
  endfacet
  facet normal 1 0 0
    outer loop
      vertex 87.4 -43.5 0
      vertex 87.4 -50.5 9.01
      vertex 87.4 -50.5 1.6
    endloop
  endfacet
  facet normal 1 0 0
    outer loop
      vertex 87.4 -65.5 1.6
      vertex 87.4 -65.5 9.01
      vertex 87.4 -72.5 9.01
    endloop
  endfacet
  facet normal 0 0 1
    outer loop
      vertex 53.70000000000002 -72.5 10
      vertex 53.70000000000002 -65.5 10
      vertex 51.75555555555556 -66.86111111111111 10
    endloop
  endfacet
  facet normal 0 0 1
    outer loop
      vertex 55.23929201702484 -65.81973424685975 10
      vertex 71.9 -65.5 10
      vertex 55.70000000000002 -65.5 10
    endloop
  endfacet
  facet normal 0 0 1
    outer loop
      vertex 55.70000000000002 -72.5 10
      vertex 76.98990200255648 -70.33766510438858 10
      vertex 55.23929201702484 -65.81973424685975 10
    endloop
  endfacet
  facet normal 0 0 1
    outer loop
      vertex 55.70000000000002 -72.5 10
      vertex 77.4 -72.5 10
      vertex 76.98990200255648 -70.33766510438858 10
    endloop
  endfacet
  facet normal 0 0 1
    outer loop
      vertex 55.23929201702484 -65.81973424685975 10
      vertex 76.98990200255648 -70.33766510438858 10
      vertex 71.9 -65.5 10
    endloop
  endfacet
  facet normal 0 0 1
    outer loop
      vertex 76.98990200255648 -70.33766510438858 10
      vertex 77.4 -72.5 10
      vertex 77.4 -65.5 10
    endloop
  endfacet
  facet normal 1 0 0
    outer loop
      vertex 87.4 -43.5 0
      vertex 87.4 -43.5 9.01
      vertex 87.4 -50.5 9.01
    endloop
  endfacet
  facet normal 0 0 1
    outer loop
      vertex 55.70000000000002 -50.5 10
      vertex 72.9799938347719 -49.19451294697904 10
      vertex 55.70000000000002 -43.5 10
    endloop
  endfacet
  facet normal 0 0 1
    outer loop
      vertex 55.70000000000002 -50.5 10
      vertex 71.9 -50.5 10
      vertex 72.9799938347719 -49.19451294697904 10
    endloop
  endfacet
  facet normal 0 0 1
    outer loop
      vertex 55.70000000000002 -43.5 10
      vertex 72.9799938347719 -49.19451294697904 10
      vertex 77.4 -50.5 10
    endloop
  endfacet
  facet normal 0 0 1
    outer loop
      vertex 55.70000000000002 -43.5 10
      vertex 77.4 -50.5 10
      vertex 77.4 -43.5 10
    endloop
  endfacet
  facet normal 0 0 -1
    outer loop
      vertex -33.7 43.5 0
      vertex -33.7 66.66666666666666 0
      vertex -31.700000000000003 50.5 0
    endloop
  endfacet
  facet normal 0 0 -1
    outer loop
      vertex -33.7 43.5 0
      vertex -31.700000000000003 50.5 0
      vertex -12 50.5 0
    endloop
  endfacet
  facet normal 0 0 -1
    outer loop
      vertex -33.7 43.5 0
      vertex -12 50.5 0
      vertex -10 49.33333333333334 0
    endloop
  endfacet
  facet normal 0 0 -1
    outer loop
      vertex -33.7 43.5 0
      vertex -10 49.33333333333334 0
      vertex 0 43.5 0
    endloop
  endfacet
  facet normal 0 0 -1
    outer loop
      vertex -12 50.5 0
      vertex -10 61.833333333333314 0
      vertex -10 49.33333333333334 0
    endloop
  endfacet
  facet normal 0 0 -1
    outer loop
      vertex -31.700000000000003 50.5 0
      vertex -33.7 66.66666666666666 0
      vertex -31.700000000000003 65.5 0
    endloop
  endfacet
  facet normal 0 0 -1
    outer loop
      vertex -35.37464114832536 67.64354066985646 0
      vertex -33.7 72.5 0
      vertex -33.7 66.66666666666666 0
    endloop
  endfacet
  facet normal 0 0 -1
    outer loop
      vertex -33.7 66.66666666666666 0
      vertex 0 72.5 0
      vertex -31.700000000000003 65.5 0
    endloop
  endfacet
  facet normal 0 0 -1
    outer loop
      vertex -31.700000000000003 65.5 0
      vertex 0 72.5 0
      vertex -12 65.5 0
    endloop
  endfacet
  facet normal 0 0 -1
    outer loop
      vertex -33.7 66.66666666666666 0
      vertex -33.7 72.5 0
      vertex 0 72.5 0
    endloop
  endfacet
  facet normal 0 0 -1
    outer loop
      vertex -12 50.5 0
      vertex -12 65.5 0
      vertex -10 61.833333333333314 0
    endloop
  endfacet
  facet normal 0 0 -1
    outer loop
      vertex -10 61.833333333333314 0
      vertex -12 65.5 0
      vertex 0 72.5 0
    endloop
  endfacet
  facet normal 0 0 -1
    outer loop
      vertex -10 61.833333333333314 0
      vertex 0 72.5 0
      vertex 0 43.5 0
    endloop
  endfacet
  facet normal 0 0 1
    outer loop
      vertex -33.7 43.5 10
      vertex -33.7 50.5 10
      vertex -35.644444444444446 49.138888888888886 10
    endloop
  endfacet
  facet normal 0 0 1
    outer loop
      vertex -32.1607079829752 50.18026575314025 10
      vertex -15.5 50.5 10
      vertex -31.700000000000003 50.5 10
    endloop
  endfacet
  facet normal 0 0 1
    outer loop
      vertex -31.700000000000003 43.5 10
      vertex -10.410097997443543 45.66233489561142 10
      vertex -32.1607079829752 50.18026575314025 10
    endloop
  endfacet
  facet normal 0 0 1
    outer loop
      vertex -32.1607079829752 50.18026575314025 10
      vertex -10.410097997443543 45.66233489561142 10
      vertex -15.5 50.5 10
    endloop
  endfacet
  facet normal 0 0 1
    outer loop
      vertex -31.700000000000003 43.5 10
      vertex -10 43.5 10
      vertex -10.410097997443543 45.66233489561142 10
    endloop
  endfacet
  facet normal 0 0 1
    outer loop
      vertex -10.410097997443543 45.66233489561142 10
      vertex -10 43.5 10
      vertex -10 50.5 10
    endloop
  endfacet
  facet normal 0 0 1
    outer loop
      vertex -31.700000000000003 65.5 10
      vertex -14.420006165228116 66.80548705302095 10
      vertex -31.700000000000003 72.5 10
    endloop
  endfacet
  facet normal 0 0 1
    outer loop
      vertex -31.700000000000003 65.5 10
      vertex -15.5 65.5 10
      vertex -14.420006165228116 66.80548705302095 10
    endloop
  endfacet
  facet normal 0 0 1
    outer loop
      vertex -31.700000000000003 72.5 10
      vertex -14.420006165228116 66.80548705302095 10
      vertex -10 65.5 10
    endloop
  endfacet
  facet normal 0 0 1
    outer loop
      vertex -31.700000000000003 72.5 10
      vertex -10 65.5 10
      vertex -10 72.5 10
    endloop
  endfacet
  facet normal 0 0 -1
    outer loop
      vertex -33.7 -14.5 0
      vertex -33.7 8.666666666666671 0
      vertex -31.700000000000003 -7.5 0
    endloop
  endfacet
  facet normal 0 0 -1
    outer loop
      vertex -33.7 -14.5 0
      vertex -31.700000000000003 -7.5 0
      vertex -12 -7.5 0
    endloop
  endfacet
  facet normal 0 0 -1
    outer loop
      vertex -33.7 -14.5 0
      vertex -12 -7.5 0
      vertex -10 -8.666666666666671 0
    endloop
  endfacet
  facet normal 0 0 -1
    outer loop
      vertex -33.7 -14.5 0
      vertex -10 -8.666666666666671 0
      vertex 0 -14.5 0
    endloop
  endfacet
  facet normal 0 0 -1
    outer loop
      vertex -12 -7.5 0
      vertex -10 3.8333333333333286 0
      vertex -10 -8.666666666666671 0
    endloop
  endfacet
  facet normal 0 0 1
    outer loop
      vertex -33.7 -14.5 10
      vertex -33.7 -7.5 10
      vertex -35.644444444444446 -8.861111111111114 10
    endloop
  endfacet
  facet normal 0 0 1
    outer loop
      vertex -32.1607079829752 -7.819734246859753 10
      vertex -15.5 -7.5 10
      vertex -31.700000000000003 -7.5 10
    endloop
  endfacet
  facet normal 0 0 1
    outer loop
      vertex -31.700000000000003 -14.5 10
      vertex -10 -14.5 10
      vertex -10.410097997443543 -12.337665104388577 10
    endloop
  endfacet
  facet normal 0 0 1
    outer loop
      vertex -31.700000000000003 -14.5 10
      vertex -10.410097997443543 -12.337665104388577 10
      vertex -32.1607079829752 -7.819734246859753 10
    endloop
  endfacet
  facet normal 0 0 1
    outer loop
      vertex -32.1607079829752 -7.819734246859753 10
      vertex -10.410097997443543 -12.337665104388577 10
      vertex -15.5 -7.5 10
    endloop
  endfacet
  facet normal 0 0 1
    outer loop
      vertex -10.410097997443543 -12.337665104388577 10
      vertex -10 -14.5 10
      vertex -10 -7.5 10
    endloop
  endfacet
  facet normal 0 0 -1
    outer loop
      vertex -31.700000000000003 -7.5 0
      vertex -33.7 8.666666666666671 0
      vertex -31.700000000000003 7.5 0
    endloop
  endfacet
  facet normal 0 0 -1
    outer loop
      vertex -35.37464114832536 9.643540669856463 0
      vertex -33.7 14.5 0
      vertex -33.7 8.666666666666671 0
    endloop
  endfacet
  facet normal 0 0 -1
    outer loop
      vertex -33.7 8.666666666666671 0
      vertex -33.7 14.5 0
      vertex 0 14.5 0
    endloop
  endfacet
  facet normal 0 0 -1
    outer loop
      vertex -33.7 8.666666666666671 0
      vertex 0 14.5 0
      vertex -31.700000000000003 7.5 0
    endloop
  endfacet
  facet normal 0 0 -1
    outer loop
      vertex -31.700000000000003 7.5 0
      vertex 0 14.5 0
      vertex -12 7.5 0
    endloop
  endfacet
  facet normal 0 0 -1
    outer loop
      vertex -12 -7.5 0
      vertex -12 7.5 0
      vertex -10 3.8333333333333286 0
    endloop
  endfacet
  facet normal 0 0 -1
    outer loop
      vertex -10 3.8333333333333286 0
      vertex -12 7.5 0
      vertex 0 14.5 0
    endloop
  endfacet
  facet normal 0 0 -1
    outer loop
      vertex -10 3.8333333333333286 0
      vertex 0 14.5 0
      vertex 0 -14.5 0
    endloop
  endfacet
  facet normal 0 0 1
    outer loop
      vertex -31.700000000000003 7.5 10
      vertex -14.420006165228116 8.805487053020954 10
      vertex -31.700000000000003 14.5 10
    endloop
  endfacet
  facet normal 0 0 1
    outer loop
      vertex -31.700000000000003 7.5 10
      vertex -15.5 7.5 10
      vertex -14.420006165228116 8.805487053020954 10
    endloop
  endfacet
  facet normal 0 0 1
    outer loop
      vertex -31.700000000000003 14.5 10
      vertex -14.420006165228116 8.805487053020954 10
      vertex -10 7.5 10
    endloop
  endfacet
  facet normal 0 0 1
    outer loop
      vertex -31.700000000000003 14.5 10
      vertex -10 7.5 10
      vertex -10 14.5 10
    endloop
  endfacet
  facet normal 0 0 -1
    outer loop
      vertex -33.7 -72.5 0
      vertex -33.7 -49.33333333333333 0
      vertex -31.700000000000003 -65.5 0
    endloop
  endfacet
  facet normal 0 0 -1
    outer loop
      vertex -31.700000000000003 -65.5 0
      vertex -33.7 -49.33333333333333 0
      vertex -31.700000000000003 -50.5 0
    endloop
  endfacet
  facet normal 0 0 -1
    outer loop
      vertex -33.7 -72.5 0
      vertex -31.700000000000003 -65.5 0
      vertex -12 -65.5 0
    endloop
  endfacet
  facet normal 0 0 -1
    outer loop
      vertex -33.7 -72.5 0
      vertex -10 -66.66666666666667 0
      vertex 0 -72.5 0
    endloop
  endfacet
  facet normal 0 0 -1
    outer loop
      vertex -33.7 -72.5 0
      vertex -12 -65.5 0
      vertex -10 -66.66666666666667 0
    endloop
  endfacet
  facet normal 0 0 -1
    outer loop
      vertex -12 -65.5 0
      vertex -10 -54.16666666666667 0
      vertex -10 -66.66666666666667 0
    endloop
  endfacet
  facet normal 0 0 -1
    outer loop
      vertex -12 -65.5 0
      vertex -12 -50.5 0
      vertex -10 -54.16666666666667 0
    endloop
  endfacet
  facet normal 0 0 -1
    outer loop
      vertex -10 -54.16666666666667 0
      vertex 0 -43.5 0
      vertex 0 -72.5 0
    endloop
  endfacet
  facet normal 0 0 -1
    outer loop
      vertex -35.37464114832536 -48.35645933014354 0
      vertex -33.7 -43.5 0
      vertex -33.7 -49.33333333333333 0
    endloop
  endfacet
  facet normal 0 0 -1
    outer loop
      vertex -33.7 -49.33333333333333 0
      vertex -33.7 -43.5 0
      vertex 0 -43.5 0
    endloop
  endfacet
  facet normal 0 0 -1
    outer loop
      vertex -33.7 -49.33333333333333 0
      vertex 0 -43.5 0
      vertex -31.700000000000003 -50.5 0
    endloop
  endfacet
  facet normal 0 0 -1
    outer loop
      vertex -31.700000000000003 -50.5 0
      vertex 0 -43.5 0
      vertex -12 -50.5 0
    endloop
  endfacet
  facet normal 0 0 -1
    outer loop
      vertex -10 -54.16666666666667 0
      vertex -12 -50.5 0
      vertex 0 -43.5 0
    endloop
  endfacet
  facet normal 0 0 1
    outer loop
      vertex -33.7 -72.5 10
      vertex -33.7 -65.5 10
      vertex -35.644444444444446 -66.86111111111111 10
    endloop
  endfacet
  facet normal 0 0 1
    outer loop
      vertex -32.1607079829752 -65.81973424685975 10
      vertex -15.5 -65.5 10
      vertex -31.700000000000003 -65.5 10
    endloop
  endfacet
  facet normal 0 0 1
    outer loop
      vertex -31.700000000000003 -72.5 10
      vertex -10.410097997443543 -70.33766510438858 10
      vertex -32.1607079829752 -65.81973424685975 10
    endloop
  endfacet
  facet normal 0 0 1
    outer loop
      vertex -31.700000000000003 -72.5 10
      vertex -10 -72.5 10
      vertex -10.410097997443543 -70.33766510438858 10
    endloop
  endfacet
  facet normal 0 0 1
    outer loop
      vertex -32.1607079829752 -65.81973424685975 10
      vertex -10.410097997443543 -70.33766510438858 10
      vertex -15.5 -65.5 10
    endloop
  endfacet
  facet normal 0 0 1
    outer loop
      vertex -10.410097997443543 -70.33766510438858 10
      vertex -10 -72.5 10
      vertex -10 -65.5 10
    endloop
  endfacet
  facet normal 0 0 1
    outer loop
      vertex -31.700000000000003 -50.5 10
      vertex -14.420006165228116 -49.19451294697904 10
      vertex -31.700000000000003 -43.5 10
    endloop
  endfacet
  facet normal 0 0 1
    outer loop
      vertex -31.700000000000003 -50.5 10
      vertex -15.5 -50.5 10
      vertex -14.420006165228116 -49.19451294697904 10
    endloop
  endfacet
  facet normal 0 0 1
    outer loop
      vertex -31.700000000000003 -43.5 10
      vertex -14.420006165228116 -49.19451294697904 10
      vertex -10 -50.5 10
    endloop
  endfacet
  facet normal 0 0 1
    outer loop
      vertex -31.700000000000003 -43.5 10
      vertex -10 -50.5 10
      vertex -10 -43.5 10
    endloop
  endfacet
  facet normal 0 0 1
    outer loop
      vertex 10 79.5 1.6
      vertex 12 79.5 1.6
      vertex 12 94.5 1.6
    endloop
  endfacet
  facet normal 0 0 1
    outer loop
      vertex 10 79.5 1.6
      vertex 12 94.5 1.6
      vertex 10 94.5 1.6
    endloop
  endfacet
  facet normal 0 0 1
    outer loop
      vertex 31.700000000000003 79.5 1.6
      vertex 33.7 79.5 1.6
      vertex 33.7 94.5 1.6
    endloop
  endfacet
  facet normal 0 0 1
    outer loop
      vertex 31.700000000000003 79.5 1.6
      vertex 33.7 94.5 1.6
      vertex 31.700000000000003 94.5 1.6
    endloop
  endfacet
  facet normal 0 1 0
    outer loop
      vertex 10 79.5 1.6
      vertex 10 79.5 8
      vertex 12 79.5 1.6
    endloop
  endfacet
  facet normal 0 1 0
    outer loop
      vertex 12 79.5 1.6
      vertex 12 79.5 10
      vertex 31.700000000000003 79.5 1.6
    endloop
  endfacet
  facet normal 0 -1 0
    outer loop
      vertex 12 94.5 1.6
      vertex 31.700000000000003 94.5 1.6
      vertex 30.200000000000003 94.5 8
    endloop
  endfacet
  facet normal 0 -1 0
    outer loop
      vertex 10 94.5 1.6
      vertex 12 94.5 1.6
      vertex 28.200000000000003 94.5 10
    endloop
  endfacet
  facet normal 0 1 0
    outer loop
      vertex 31.700000000000003 79.5 1.6
      vertex 12 79.5 10
      vertex 33.7 79.5 1.6
    endloop
  endfacet
  facet normal 0 -1 0
    outer loop
      vertex 31.700000000000003 94.5 1.6
      vertex 33.7 94.5 1.6
      vertex 30.200000000000003 94.5 8
    endloop
  endfacet
  facet normal 0 1 0
    outer loop
      vertex 12 79.5 1.6
      vertex 10 79.5 8
      vertex 12 79.5 10
    endloop
  endfacet
  facet normal 0 -1 0
    outer loop
      vertex 10 94.5 1.6
      vertex 28.200000000000003 94.5 10
      vertex 10 94.5 8
    endloop
  endfacet
  facet normal 0 -1 0
    outer loop
      vertex 12 94.5 1.6
      vertex 30.200000000000003 94.5 8
      vertex 28.200000000000003 94.5 10
    endloop
  endfacet
  facet normal 0 1 0
    outer loop
      vertex 33.7 79.5 1.6
      vertex 30.200000000000003 79.5 8
      vertex 33.7 79.5 8
    endloop
  endfacet
  facet normal 0 1 0
    outer loop
      vertex 33.7 79.5 1.6
      vertex 12 79.5 10
      vertex 30.200000000000003 79.5 8
    endloop
  endfacet
  facet normal 0 -1 0
    outer loop
      vertex 33.7 94.5 1.6
      vertex 33.7 94.5 8
      vertex 30.200000000000003 94.5 8
    endloop
  endfacet
  facet normal 0 1 0
    outer loop
      vertex 12 79.5 10
      vertex 28.200000000000003 79.5 10
      vertex 30.200000000000003 79.5 8
    endloop
  endfacet
  facet normal 0 -1 0
    outer loop
      vertex 10 94.5 8
      vertex 28.200000000000003 94.5 10
      vertex 12 94.5 10
    endloop
  endfacet
  facet normal 0 0 1
    outer loop
      vertex 10 21.5 1.6
      vertex 12 21.5 1.6
      vertex 12 36.5 1.6
    endloop
  endfacet
  facet normal 0 0 1
    outer loop
      vertex 10 21.5 1.6
      vertex 12 36.5 1.6
      vertex 10 36.5 1.6
    endloop
  endfacet
  facet normal 0 0 1
    outer loop
      vertex 31.700000000000003 21.5 1.6
      vertex 33.7 21.5 1.6
      vertex 33.7 36.5 1.6
    endloop
  endfacet
  facet normal 0 0 1
    outer loop
      vertex 31.700000000000003 21.5 1.6
      vertex 33.7 36.5 1.6
      vertex 31.700000000000003 36.5 1.6
    endloop
  endfacet
  facet normal 0 1 0
    outer loop
      vertex 10 21.5 1.6
      vertex 10 21.5 8
      vertex 12 21.5 1.6
    endloop
  endfacet
  facet normal 0 1 0
    outer loop
      vertex 12 21.5 1.6
      vertex 12 21.5 10
      vertex 31.700000000000003 21.5 1.6
    endloop
  endfacet
  facet normal 0 -1 0
    outer loop
      vertex 12 36.5 1.6
      vertex 31.700000000000003 36.5 1.6
      vertex 30.200000000000003 36.5 8
    endloop
  endfacet
  facet normal 0 -1 0
    outer loop
      vertex 10 36.5 1.6
      vertex 12 36.5 1.6
      vertex 28.200000000000003 36.5 10
    endloop
  endfacet
  facet normal 0 1 0
    outer loop
      vertex 31.700000000000003 21.5 1.6
      vertex 12 21.5 10
      vertex 33.7 21.5 1.6
    endloop
  endfacet
  facet normal 0 -1 0
    outer loop
      vertex 31.700000000000003 36.5 1.6
      vertex 33.7 36.5 1.6
      vertex 30.200000000000003 36.5 8
    endloop
  endfacet
  facet normal 0 1 0
    outer loop
      vertex 12 21.5 1.6
      vertex 10 21.5 8
      vertex 12 21.5 10
    endloop
  endfacet
  facet normal 0 -1 0
    outer loop
      vertex 10 36.5 1.6
      vertex 28.200000000000003 36.5 10
      vertex 10 36.5 8
    endloop
  endfacet
  facet normal 0 -1 0
    outer loop
      vertex 12 36.5 1.6
      vertex 30.200000000000003 36.5 8
      vertex 28.200000000000003 36.5 10
    endloop
  endfacet
  facet normal 0 1 0
    outer loop
      vertex 33.7 21.5 1.6
      vertex 30.200000000000003 21.5 8
      vertex 33.7 21.5 8
    endloop
  endfacet
  facet normal 0 1 0
    outer loop
      vertex 33.7 21.5 1.6
      vertex 12 21.5 10
      vertex 30.200000000000003 21.5 8
    endloop
  endfacet
  facet normal 0 -1 0
    outer loop
      vertex 33.7 36.5 1.6
      vertex 33.7 36.5 8
      vertex 30.200000000000003 36.5 8
    endloop
  endfacet
  facet normal 0 1 0
    outer loop
      vertex 12 21.5 10
      vertex 28.200000000000003 21.5 10
      vertex 30.200000000000003 21.5 8
    endloop
  endfacet
  facet normal 0 -1 0
    outer loop
      vertex 10 36.5 8
      vertex 28.200000000000003 36.5 10
      vertex 12 36.5 10
    endloop
  endfacet
  facet normal 0 0 1
    outer loop
      vertex 10 -36.5 1.6
      vertex 12 -36.5 1.6
      vertex 12 -21.5 1.6
    endloop
  endfacet
  facet normal 0 0 1
    outer loop
      vertex 10 -36.5 1.6
      vertex 12 -21.5 1.6
      vertex 10 -21.5 1.6
    endloop
  endfacet
  facet normal 0 0 1
    outer loop
      vertex 31.700000000000003 -36.5 1.6
      vertex 33.7 -36.5 1.6
      vertex 33.7 -21.5 1.6
    endloop
  endfacet
  facet normal 0 0 1
    outer loop
      vertex 31.700000000000003 -36.5 1.6
      vertex 33.7 -21.5 1.6
      vertex 31.700000000000003 -21.5 1.6
    endloop
  endfacet
  facet normal 0 1 0
    outer loop
      vertex 10 -36.5 1.6
      vertex 10 -36.5 8
      vertex 12 -36.5 1.6
    endloop
  endfacet
  facet normal 0 1 0
    outer loop
      vertex 12 -36.5 1.6
      vertex 12 -36.5 10
      vertex 31.700000000000003 -36.5 1.6
    endloop
  endfacet
  facet normal 0 -1 0
    outer loop
      vertex 12 -21.5 1.6
      vertex 31.700000000000003 -21.5 1.6
      vertex 30.200000000000003 -21.5 8
    endloop
  endfacet
  facet normal 0 -1 0
    outer loop
      vertex 10 -21.5 1.6
      vertex 12 -21.5 1.6
      vertex 28.200000000000003 -21.5 10
    endloop
  endfacet
  facet normal 0 1 0
    outer loop
      vertex 31.700000000000003 -36.5 1.6
      vertex 12 -36.5 10
      vertex 33.7 -36.5 1.6
    endloop
  endfacet
  facet normal 0 -1 0
    outer loop
      vertex 31.700000000000003 -21.5 1.6
      vertex 33.7 -21.5 1.6
      vertex 30.200000000000003 -21.5 8
    endloop
  endfacet
  facet normal 0 1 0
    outer loop
      vertex 12 -36.5 1.6
      vertex 10 -36.5 8
      vertex 12 -36.5 10
    endloop
  endfacet
  facet normal 0 -1 0
    outer loop
      vertex 10 -21.5 1.6
      vertex 28.200000000000003 -21.5 10
      vertex 10 -21.5 8
    endloop
  endfacet
  facet normal 0 -1 0
    outer loop
      vertex 12 -21.5 1.6
      vertex 30.200000000000003 -21.5 8
      vertex 28.200000000000003 -21.5 10
    endloop
  endfacet
  facet normal 0 1 0
    outer loop
      vertex 33.7 -36.5 1.6
      vertex 30.200000000000003 -36.5 8
      vertex 33.7 -36.5 8
    endloop
  endfacet
  facet normal 0 1 0
    outer loop
      vertex 33.7 -36.5 1.6
      vertex 12 -36.5 10
      vertex 30.200000000000003 -36.5 8
    endloop
  endfacet
  facet normal 0 -1 0
    outer loop
      vertex 33.7 -21.5 1.6
      vertex 33.7 -21.5 8
      vertex 30.200000000000003 -21.5 8
    endloop
  endfacet
  facet normal 0 1 0
    outer loop
      vertex 12 -36.5 10
      vertex 28.200000000000003 -36.5 10
      vertex 30.200000000000003 -36.5 8
    endloop
  endfacet
  facet normal 0 -1 0
    outer loop
      vertex 10 -21.5 8
      vertex 28.200000000000003 -21.5 10
      vertex 12 -21.5 10
    endloop
  endfacet
  facet normal 0 0 1
    outer loop
      vertex 10 -94.5 1.6
      vertex 12 -94.5 1.6
      vertex 12 -79.5 1.6
    endloop
  endfacet
  facet normal 0 0 1
    outer loop
      vertex 10 -94.5 1.6
      vertex 12 -79.5 1.6
      vertex 10 -79.5 1.6
    endloop
  endfacet
  facet normal 0 0 1
    outer loop
      vertex 31.700000000000003 -94.5 1.6
      vertex 33.7 -94.5 1.6
      vertex 33.7 -79.5 1.6
    endloop
  endfacet
  facet normal 0 0 1
    outer loop
      vertex 31.700000000000003 -94.5 1.6
      vertex 33.7 -79.5 1.6
      vertex 31.700000000000003 -79.5 1.6
    endloop
  endfacet
  facet normal 0 1 0
    outer loop
      vertex 10 -94.5 1.6
      vertex 10 -94.5 8
      vertex 12 -94.5 1.6
    endloop
  endfacet
  facet normal 0 1 0
    outer loop
      vertex 12 -94.5 1.6
      vertex 12 -94.5 10
      vertex 31.700000000000003 -94.5 1.6
    endloop
  endfacet
  facet normal 0 -1 0
    outer loop
      vertex 12 -79.5 1.6
      vertex 31.700000000000003 -79.5 1.6
      vertex 30.200000000000003 -79.5 8
    endloop
  endfacet
  facet normal 0 -1 0
    outer loop
      vertex 10 -79.5 1.6
      vertex 12 -79.5 1.6
      vertex 28.200000000000003 -79.5 10
    endloop
  endfacet
  facet normal 0 1 0
    outer loop
      vertex 31.700000000000003 -94.5 1.6
      vertex 12 -94.5 10
      vertex 33.7 -94.5 1.6
    endloop
  endfacet
  facet normal 0 -1 0
    outer loop
      vertex 31.700000000000003 -79.5 1.6
      vertex 33.7 -79.5 1.6
      vertex 30.200000000000003 -79.5 8
    endloop
  endfacet
  facet normal 0 1 0
    outer loop
      vertex 12 -94.5 1.6
      vertex 10 -94.5 8
      vertex 12 -94.5 10
    endloop
  endfacet
  facet normal 0 -1 0
    outer loop
      vertex 10 -79.5 1.6
      vertex 28.200000000000003 -79.5 10
      vertex 10 -79.5 8
    endloop
  endfacet
  facet normal 0 -1 0
    outer loop
      vertex 12 -79.5 1.6
      vertex 30.200000000000003 -79.5 8
      vertex 28.200000000000003 -79.5 10
    endloop
  endfacet
  facet normal 0 1 0
    outer loop
      vertex 33.7 -94.5 1.6
      vertex 30.200000000000003 -94.5 8
      vertex 33.7 -94.5 8
    endloop
  endfacet
  facet normal 0 1 0
    outer loop
      vertex 33.7 -94.5 1.6
      vertex 12 -94.5 10
      vertex 30.200000000000003 -94.5 8
    endloop
  endfacet
  facet normal 0 -1 0
    outer loop
      vertex 33.7 -79.5 1.6
      vertex 33.7 -79.5 8
      vertex 30.200000000000003 -79.5 8
    endloop
  endfacet
  facet normal 0 1 0
    outer loop
      vertex 12 -94.5 10
      vertex 28.200000000000003 -94.5 10
      vertex 30.200000000000003 -94.5 8
    endloop
  endfacet
  facet normal 0 -1 0
    outer loop
      vertex 10 -79.5 8
      vertex 28.200000000000003 -79.5 10
      vertex 12 -79.5 10
    endloop
  endfacet
  facet normal 0 0 1
    outer loop
      vertex -77.4 79.5 1.6
      vertex -75.4 79.5 1.6
      vertex -75.4 94.5 1.6
    endloop
  endfacet
  facet normal 0 0 1
    outer loop
      vertex -77.4 79.5 1.6
      vertex -75.4 94.5 1.6
      vertex -77.4 94.5 1.6
    endloop
  endfacet
  facet normal 0 0 1
    outer loop
      vertex -55.7 79.5 1.6
      vertex -53.7 79.5 1.6
      vertex -53.7 94.5 1.6
    endloop
  endfacet
  facet normal 0 0 1
    outer loop
      vertex -55.7 79.5 1.6
      vertex -53.7 94.5 1.6
      vertex -55.7 94.5 1.6
    endloop
  endfacet
  facet normal 0 1 0
    outer loop
      vertex -77.4 79.5 1.6
      vertex -77.4 79.5 8
      vertex -75.4 79.5 1.6
    endloop
  endfacet
  facet normal 0 1 0
    outer loop
      vertex -75.4 79.5 1.6
      vertex -75.4 79.5 10
      vertex -55.7 79.5 1.6
    endloop
  endfacet
  facet normal 0 1 0
    outer loop
      vertex -55.7 79.5 1.6
      vertex -75.4 79.5 10
      vertex -53.7 79.5 1.6
    endloop
  endfacet
  facet normal 0 -1 0
    outer loop
      vertex -75.4 94.5 1.6
      vertex -55.7 94.5 1.6
      vertex -57.2 94.5 8
    endloop
  endfacet
  facet normal 0 -1 0
    outer loop
      vertex -55.7 94.5 1.6
      vertex -53.7 94.5 1.6
      vertex -57.2 94.5 8
    endloop
  endfacet
  facet normal 0 -1 0
    outer loop
      vertex -77.4 94.5 1.6
      vertex -75.4 94.5 1.6
      vertex -59.2 94.5 10
    endloop
  endfacet
  facet normal 0 1 0
    outer loop
      vertex -75.4 79.5 1.6
      vertex -77.4 79.5 8
      vertex -75.4 79.5 10
    endloop
  endfacet
  facet normal 0 1 0
    outer loop
      vertex -53.7 79.5 1.6
      vertex -57.2 79.5 8
      vertex -53.7 79.5 8
    endloop
  endfacet
  facet normal 0 1 0
    outer loop
      vertex -53.7 79.5 1.6
      vertex -75.4 79.5 10
      vertex -57.2 79.5 8
    endloop
  endfacet
  facet normal 0 -1 0
    outer loop
      vertex -53.7 94.5 1.6
      vertex -53.7 94.5 8
      vertex -57.2 94.5 8
    endloop
  endfacet
  facet normal 0 -1 0
    outer loop
      vertex -77.4 94.5 1.6
      vertex -59.2 94.5 10
      vertex -77.4 94.5 8
    endloop
  endfacet
  facet normal 0 -1 0
    outer loop
      vertex -75.4 94.5 1.6
      vertex -57.2 94.5 8
      vertex -59.2 94.5 10
    endloop
  endfacet
  facet normal 0 1 0
    outer loop
      vertex -75.4 79.5 10
      vertex -59.2 79.5 10
      vertex -57.2 79.5 8
    endloop
  endfacet
  facet normal 0 -1 0
    outer loop
      vertex -77.4 94.5 8
      vertex -59.2 94.5 10
      vertex -75.4 94.5 10
    endloop
  endfacet
  facet normal 0 0 1
    outer loop
      vertex -77.4 21.5 1.6
      vertex -75.4 21.5 1.6
      vertex -75.4 36.5 1.6
    endloop
  endfacet
  facet normal 0 0 1
    outer loop
      vertex -77.4 21.5 1.6
      vertex -75.4 36.5 1.6
      vertex -77.4 36.5 1.6
    endloop
  endfacet
  facet normal 0 0 1
    outer loop
      vertex -55.7 21.5 1.6
      vertex -53.7 21.5 1.6
      vertex -53.7 36.5 1.6
    endloop
  endfacet
  facet normal 0 0 1
    outer loop
      vertex -55.7 21.5 1.6
      vertex -53.7 36.5 1.6
      vertex -55.7 36.5 1.6
    endloop
  endfacet
  facet normal 0 1 0
    outer loop
      vertex -77.4 21.5 1.6
      vertex -77.4 21.5 8
      vertex -75.4 21.5 1.6
    endloop
  endfacet
  facet normal 0 1 0
    outer loop
      vertex -75.4 21.5 1.6
      vertex -75.4 21.5 10
      vertex -55.7 21.5 1.6
    endloop
  endfacet
  facet normal 0 1 0
    outer loop
      vertex -55.7 21.5 1.6
      vertex -75.4 21.5 10
      vertex -53.7 21.5 1.6
    endloop
  endfacet
  facet normal 0 -1 0
    outer loop
      vertex -75.4 36.5 1.6
      vertex -55.7 36.5 1.6
      vertex -57.2 36.5 8
    endloop
  endfacet
  facet normal 0 -1 0
    outer loop
      vertex -55.7 36.5 1.6
      vertex -53.7 36.5 1.6
      vertex -57.2 36.5 8
    endloop
  endfacet
  facet normal 0 -1 0
    outer loop
      vertex -77.4 36.5 1.6
      vertex -75.4 36.5 1.6
      vertex -59.2 36.5 10
    endloop
  endfacet
  facet normal 0 1 0
    outer loop
      vertex -75.4 21.5 1.6
      vertex -77.4 21.5 8
      vertex -75.4 21.5 10
    endloop
  endfacet
  facet normal 0 1 0
    outer loop
      vertex -53.7 21.5 1.6
      vertex -57.2 21.5 8
      vertex -53.7 21.5 8
    endloop
  endfacet
  facet normal 0 1 0
    outer loop
      vertex -53.7 21.5 1.6
      vertex -75.4 21.5 10
      vertex -57.2 21.5 8
    endloop
  endfacet
  facet normal 0 -1 0
    outer loop
      vertex -53.7 36.5 1.6
      vertex -53.7 36.5 8
      vertex -57.2 36.5 8
    endloop
  endfacet
  facet normal 0 -1 0
    outer loop
      vertex -77.4 36.5 1.6
      vertex -59.2 36.5 10
      vertex -77.4 36.5 8
    endloop
  endfacet
  facet normal 0 -1 0
    outer loop
      vertex -75.4 36.5 1.6
      vertex -57.2 36.5 8
      vertex -59.2 36.5 10
    endloop
  endfacet
  facet normal 0 1 0
    outer loop
      vertex -75.4 21.5 10
      vertex -59.2 21.5 10
      vertex -57.2 21.5 8
    endloop
  endfacet
  facet normal 0 -1 0
    outer loop
      vertex -77.4 36.5 8
      vertex -59.2 36.5 10
      vertex -75.4 36.5 10
    endloop
  endfacet
  facet normal 0 0 1
    outer loop
      vertex -77.4 -36.5 1.6
      vertex -75.4 -36.5 1.6
      vertex -75.4 -21.5 1.6
    endloop
  endfacet
  facet normal 0 0 1
    outer loop
      vertex -77.4 -36.5 1.6
      vertex -75.4 -21.5 1.6
      vertex -77.4 -21.5 1.6
    endloop
  endfacet
  facet normal 0 0 1
    outer loop
      vertex -55.7 -36.5 1.6
      vertex -53.7 -36.5 1.6
      vertex -53.7 -21.5 1.6
    endloop
  endfacet
  facet normal 0 0 1
    outer loop
      vertex -55.7 -36.5 1.6
      vertex -53.7 -21.5 1.6
      vertex -55.7 -21.5 1.6
    endloop
  endfacet
  facet normal 0 1 0
    outer loop
      vertex -77.4 -36.5 1.6
      vertex -77.4 -36.5 8
      vertex -75.4 -36.5 1.6
    endloop
  endfacet
  facet normal 0 1 0
    outer loop
      vertex -75.4 -36.5 1.6
      vertex -75.4 -36.5 10
      vertex -55.7 -36.5 1.6
    endloop
  endfacet
  facet normal 0 1 0
    outer loop
      vertex -55.7 -36.5 1.6
      vertex -75.4 -36.5 10
      vertex -53.7 -36.5 1.6
    endloop
  endfacet
  facet normal 0 -1 0
    outer loop
      vertex -75.4 -21.5 1.6
      vertex -55.7 -21.5 1.6
      vertex -57.2 -21.5 8
    endloop
  endfacet
  facet normal 0 -1 0
    outer loop
      vertex -55.7 -21.5 1.6
      vertex -53.7 -21.5 1.6
      vertex -57.2 -21.5 8
    endloop
  endfacet
  facet normal 0 -1 0
    outer loop
      vertex -77.4 -21.5 1.6
      vertex -75.4 -21.5 1.6
      vertex -59.2 -21.5 10
    endloop
  endfacet
  facet normal 0 1 0
    outer loop
      vertex -75.4 -36.5 1.6
      vertex -77.4 -36.5 8
      vertex -75.4 -36.5 10
    endloop
  endfacet
  facet normal 0 1 0
    outer loop
      vertex -53.7 -36.5 1.6
      vertex -57.2 -36.5 8
      vertex -53.7 -36.5 8
    endloop
  endfacet
  facet normal 0 1 0
    outer loop
      vertex -53.7 -36.5 1.6
      vertex -75.4 -36.5 10
      vertex -57.2 -36.5 8
    endloop
  endfacet
  facet normal 0 -1 0
    outer loop
      vertex -53.7 -21.5 1.6
      vertex -53.7 -21.5 8
      vertex -57.2 -21.5 8
    endloop
  endfacet
  facet normal 0 -1 0
    outer loop
      vertex -77.4 -21.5 1.6
      vertex -59.2 -21.5 10
      vertex -77.4 -21.5 8
    endloop
  endfacet
  facet normal 0 -1 0
    outer loop
      vertex -75.4 -21.5 1.6
      vertex -57.2 -21.5 8
      vertex -59.2 -21.5 10
    endloop
  endfacet
  facet normal 0 1 0
    outer loop
      vertex -75.4 -36.5 10
      vertex -59.2 -36.5 10
      vertex -57.2 -36.5 8
    endloop
  endfacet
  facet normal 0 -1 0
    outer loop
      vertex -77.4 -21.5 8
      vertex -59.2 -21.5 10
      vertex -75.4 -21.5 10
    endloop
  endfacet
  facet normal 0 0 1
    outer loop
      vertex -77.4 -94.5 1.6
      vertex -75.4 -94.5 1.6
      vertex -75.4 -79.5 1.6
    endloop
  endfacet
  facet normal 0 0 1
    outer loop
      vertex -77.4 -94.5 1.6
      vertex -75.4 -79.5 1.6
      vertex -77.4 -79.5 1.6
    endloop
  endfacet
  facet normal 0 0 1
    outer loop
      vertex -55.7 -94.5 1.6
      vertex -53.7 -94.5 1.6
      vertex -53.7 -79.5 1.6
    endloop
  endfacet
  facet normal 0 0 1
    outer loop
      vertex -55.7 -94.5 1.6
      vertex -53.7 -79.5 1.6
      vertex -55.7 -79.5 1.6
    endloop
  endfacet
  facet normal 0 1 0
    outer loop
      vertex -77.4 -94.5 1.6
      vertex -77.4 -94.5 8
      vertex -75.4 -94.5 1.6
    endloop
  endfacet
  facet normal 0 1 0
    outer loop
      vertex -75.4 -94.5 1.6
      vertex -75.4 -94.5 10
      vertex -55.7 -94.5 1.6
    endloop
  endfacet
  facet normal 0 1 0
    outer loop
      vertex -55.7 -94.5 1.6
      vertex -75.4 -94.5 10
      vertex -53.7 -94.5 1.6
    endloop
  endfacet
  facet normal 0 -1 0
    outer loop
      vertex -75.4 -79.5 1.6
      vertex -55.7 -79.5 1.6
      vertex -57.2 -79.5 8
    endloop
  endfacet
  facet normal 0 -1 0
    outer loop
      vertex -55.7 -79.5 1.6
      vertex -53.7 -79.5 1.6
      vertex -57.2 -79.5 8
    endloop
  endfacet
  facet normal 0 -1 0
    outer loop
      vertex -77.4 -79.5 1.6
      vertex -75.4 -79.5 1.6
      vertex -59.2 -79.5 10
    endloop
  endfacet
  facet normal 0 1 0
    outer loop
      vertex -75.4 -94.5 1.6
      vertex -77.4 -94.5 8
      vertex -75.4 -94.5 10
    endloop
  endfacet
  facet normal 0 1 0
    outer loop
      vertex -53.7 -94.5 1.6
      vertex -57.2 -94.5 8
      vertex -53.7 -94.5 8
    endloop
  endfacet
  facet normal 0 1 0
    outer loop
      vertex -53.7 -94.5 1.6
      vertex -75.4 -94.5 10
      vertex -57.2 -94.5 8
    endloop
  endfacet
  facet normal 0 -1 0
    outer loop
      vertex -53.7 -79.5 1.6
      vertex -53.7 -79.5 8
      vertex -57.2 -79.5 8
    endloop
  endfacet
  facet normal 0 -1 0
    outer loop
      vertex -77.4 -79.5 1.6
      vertex -59.2 -79.5 10
      vertex -77.4 -79.5 8
    endloop
  endfacet
  facet normal 0 -1 0
    outer loop
      vertex -75.4 -79.5 1.6
      vertex -57.2 -79.5 8
      vertex -59.2 -79.5 10
    endloop
  endfacet
  facet normal 0 1 0
    outer loop
      vertex -75.4 -94.5 10
      vertex -59.2 -94.5 10
      vertex -57.2 -94.5 8
    endloop
  endfacet
  facet normal 0 -1 0
    outer loop
      vertex -77.4 -79.5 8
      vertex -59.2 -79.5 10
      vertex -75.4 -79.5 10
    endloop
  endfacet
  facet normal 0 0 1
    outer loop
      vertex 53.70000000000002 79.5 1.6
      vertex 55.70000000000002 79.5 1.6
      vertex 55.70000000000002 94.5 1.6
    endloop
  endfacet
  facet normal 0 0 1
    outer loop
      vertex 53.70000000000002 79.5 1.6
      vertex 55.70000000000002 94.5 1.6
      vertex 53.70000000000002 94.5 1.6
    endloop
  endfacet
  facet normal 0 0 1
    outer loop
      vertex 75.4 79.5 1.6
      vertex 77.4 79.5 1.6
      vertex 77.4 94.5 1.6
    endloop
  endfacet
  facet normal 0 0 1
    outer loop
      vertex 75.4 79.5 1.6
      vertex 77.4 94.5 1.6
      vertex 75.4 94.5 1.6
    endloop
  endfacet
  facet normal 0 1 0
    outer loop
      vertex 53.70000000000002 79.5 1.6
      vertex 53.70000000000002 79.5 8
      vertex 55.70000000000002 79.5 1.6
    endloop
  endfacet
  facet normal 0 1 0
    outer loop
      vertex 55.70000000000002 79.5 1.6
      vertex 55.70000000000002 79.5 10
      vertex 75.4 79.5 1.6
    endloop
  endfacet
  facet normal 0 1 0
    outer loop
      vertex 75.4 79.5 1.6
      vertex 55.70000000000002 79.5 10
      vertex 77.4 79.5 1.6
    endloop
  endfacet
  facet normal 0 -1 0
    outer loop
      vertex 55.70000000000002 94.5 1.6
      vertex 75.4 94.5 1.6
      vertex 73.9 94.5 8
    endloop
  endfacet
  facet normal 0 -1 0
    outer loop
      vertex 53.70000000000002 94.5 1.6
      vertex 55.70000000000002 94.5 1.6
      vertex 71.9 94.5 10
    endloop
  endfacet
  facet normal 0 -1 0
    outer loop
      vertex 75.4 94.5 1.6
      vertex 77.4 94.5 1.6
      vertex 73.9 94.5 8
    endloop
  endfacet
  facet normal 0 1 0
    outer loop
      vertex 55.70000000000002 79.5 1.6
      vertex 53.70000000000002 79.5 8
      vertex 55.70000000000002 79.5 10
    endloop
  endfacet
  facet normal 0 1 0
    outer loop
      vertex 77.4 79.5 1.6
      vertex 55.70000000000002 79.5 10
      vertex 73.9 79.5 8
    endloop
  endfacet
  facet normal 0 -1 0
    outer loop
      vertex 53.70000000000002 94.5 1.6
      vertex 71.9 94.5 10
      vertex 53.70000000000002 94.5 8
    endloop
  endfacet
  facet normal 0 -1 0
    outer loop
      vertex 55.70000000000002 94.5 1.6
      vertex 73.9 94.5 8
      vertex 71.9 94.5 10
    endloop
  endfacet
  facet normal 0 1 0
    outer loop
      vertex 77.4 79.5 1.6
      vertex 73.9 79.5 8
      vertex 77.4 79.5 8
    endloop
  endfacet
  facet normal 0 -1 0
    outer loop
      vertex 77.4 94.5 1.6
      vertex 77.4 94.5 8
      vertex 73.9 94.5 8
    endloop
  endfacet
  facet normal 0 1 0
    outer loop
      vertex 73.9 79.5 8
      vertex 55.70000000000002 79.5 10
      vertex 71.9 79.5 10
    endloop
  endfacet
  facet normal 0 -1 0
    outer loop
      vertex 53.70000000000002 94.5 8
      vertex 71.9 94.5 10
      vertex 55.70000000000002 94.5 10
    endloop
  endfacet
  facet normal 0 0 1
    outer loop
      vertex 53.70000000000002 21.5 1.6
      vertex 55.70000000000002 21.5 1.6
      vertex 55.70000000000002 36.5 1.6
    endloop
  endfacet
  facet normal 0 0 1
    outer loop
      vertex 53.70000000000002 21.5 1.6
      vertex 55.70000000000002 36.5 1.6
      vertex 53.70000000000002 36.5 1.6
    endloop
  endfacet
  facet normal 0 0 1
    outer loop
      vertex 75.4 21.5 1.6
      vertex 77.4 21.5 1.6
      vertex 77.4 36.5 1.6
    endloop
  endfacet
  facet normal 0 0 1
    outer loop
      vertex 75.4 21.5 1.6
      vertex 77.4 36.5 1.6
      vertex 75.4 36.5 1.6
    endloop
  endfacet
  facet normal 0 1 0
    outer loop
      vertex 53.70000000000002 21.5 1.6
      vertex 53.70000000000002 21.5 8
      vertex 55.70000000000002 21.5 1.6
    endloop
  endfacet
  facet normal 0 1 0
    outer loop
      vertex 55.70000000000002 21.5 1.6
      vertex 55.70000000000002 21.5 10
      vertex 75.4 21.5 1.6
    endloop
  endfacet
  facet normal 0 1 0
    outer loop
      vertex 75.4 21.5 1.6
      vertex 55.70000000000002 21.5 10
      vertex 77.4 21.5 1.6
    endloop
  endfacet
  facet normal 0 -1 0
    outer loop
      vertex 55.70000000000002 36.5 1.6
      vertex 75.4 36.5 1.6
      vertex 73.9 36.5 8
    endloop
  endfacet
  facet normal 0 -1 0
    outer loop
      vertex 53.70000000000002 36.5 1.6
      vertex 55.70000000000002 36.5 1.6
      vertex 71.9 36.5 10
    endloop
  endfacet
  facet normal 0 -1 0
    outer loop
      vertex 75.4 36.5 1.6
      vertex 77.4 36.5 1.6
      vertex 73.9 36.5 8
    endloop
  endfacet
  facet normal 0 1 0
    outer loop
      vertex 55.70000000000002 21.5 1.6
      vertex 53.70000000000002 21.5 8
      vertex 55.70000000000002 21.5 10
    endloop
  endfacet
  facet normal 0 1 0
    outer loop
      vertex 77.4 21.5 1.6
      vertex 55.70000000000002 21.5 10
      vertex 73.9 21.5 8
    endloop
  endfacet
  facet normal 0 -1 0
    outer loop
      vertex 53.70000000000002 36.5 1.6
      vertex 71.9 36.5 10
      vertex 53.70000000000002 36.5 8
    endloop
  endfacet
  facet normal 0 -1 0
    outer loop
      vertex 55.70000000000002 36.5 1.6
      vertex 73.9 36.5 8
      vertex 71.9 36.5 10
    endloop
  endfacet
  facet normal 0 1 0
    outer loop
      vertex 77.4 21.5 1.6
      vertex 73.9 21.5 8
      vertex 77.4 21.5 8
    endloop
  endfacet
  facet normal 0 -1 0
    outer loop
      vertex 77.4 36.5 1.6
      vertex 77.4 36.5 8
      vertex 73.9 36.5 8
    endloop
  endfacet
  facet normal 0 1 0
    outer loop
      vertex 73.9 21.5 8
      vertex 55.70000000000002 21.5 10
      vertex 71.9 21.5 10
    endloop
  endfacet
  facet normal 0 -1 0
    outer loop
      vertex 53.70000000000002 36.5 8
      vertex 71.9 36.5 10
      vertex 55.70000000000002 36.5 10
    endloop
  endfacet
  facet normal 0 0 1
    outer loop
      vertex 53.70000000000002 -36.5 1.6
      vertex 55.70000000000002 -36.5 1.6
      vertex 55.70000000000002 -21.5 1.6
    endloop
  endfacet
  facet normal 0 0 1
    outer loop
      vertex 53.70000000000002 -36.5 1.6
      vertex 55.70000000000002 -21.5 1.6
      vertex 53.70000000000002 -21.5 1.6
    endloop
  endfacet
  facet normal 0 0 1
    outer loop
      vertex 75.4 -36.5 1.6
      vertex 77.4 -36.5 1.6
      vertex 77.4 -21.5 1.6
    endloop
  endfacet
  facet normal 0 0 1
    outer loop
      vertex 75.4 -36.5 1.6
      vertex 77.4 -21.5 1.6
      vertex 75.4 -21.5 1.6
    endloop
  endfacet
  facet normal 0 1 0
    outer loop
      vertex 53.70000000000002 -36.5 1.6
      vertex 53.70000000000002 -36.5 8
      vertex 55.70000000000002 -36.5 1.6
    endloop
  endfacet
  facet normal 0 1 0
    outer loop
      vertex 55.70000000000002 -36.5 1.6
      vertex 55.70000000000002 -36.5 10
      vertex 75.4 -36.5 1.6
    endloop
  endfacet
  facet normal 0 1 0
    outer loop
      vertex 75.4 -36.5 1.6
      vertex 55.70000000000002 -36.5 10
      vertex 77.4 -36.5 1.6
    endloop
  endfacet
  facet normal 0 -1 0
    outer loop
      vertex 55.70000000000002 -21.5 1.6
      vertex 75.4 -21.5 1.6
      vertex 73.9 -21.5 8
    endloop
  endfacet
  facet normal 0 -1 0
    outer loop
      vertex 53.70000000000002 -21.5 1.6
      vertex 55.70000000000002 -21.5 1.6
      vertex 71.9 -21.5 10
    endloop
  endfacet
  facet normal 0 -1 0
    outer loop
      vertex 75.4 -21.5 1.6
      vertex 77.4 -21.5 1.6
      vertex 73.9 -21.5 8
    endloop
  endfacet
  facet normal 0 1 0
    outer loop
      vertex 55.70000000000002 -36.5 1.6
      vertex 53.70000000000002 -36.5 8
      vertex 55.70000000000002 -36.5 10
    endloop
  endfacet
  facet normal 0 1 0
    outer loop
      vertex 77.4 -36.5 1.6
      vertex 55.70000000000002 -36.5 10
      vertex 73.9 -36.5 8
    endloop
  endfacet
  facet normal 0 -1 0
    outer loop
      vertex 53.70000000000002 -21.5 1.6
      vertex 71.9 -21.5 10
      vertex 53.70000000000002 -21.5 8
    endloop
  endfacet
  facet normal 0 -1 0
    outer loop
      vertex 55.70000000000002 -21.5 1.6
      vertex 73.9 -21.5 8
      vertex 71.9 -21.5 10
    endloop
  endfacet
  facet normal 0 1 0
    outer loop
      vertex 77.4 -36.5 1.6
      vertex 73.9 -36.5 8
      vertex 77.4 -36.5 8
    endloop
  endfacet
  facet normal 0 -1 0
    outer loop
      vertex 77.4 -21.5 1.6
      vertex 77.4 -21.5 8
      vertex 73.9 -21.5 8
    endloop
  endfacet
  facet normal 0 1 0
    outer loop
      vertex 73.9 -36.5 8
      vertex 55.70000000000002 -36.5 10
      vertex 71.9 -36.5 10
    endloop
  endfacet
  facet normal 0 -1 0
    outer loop
      vertex 53.70000000000002 -21.5 8
      vertex 71.9 -21.5 10
      vertex 55.70000000000002 -21.5 10
    endloop
  endfacet
  facet normal 0 0 1
    outer loop
      vertex 53.70000000000002 -94.5 1.6
      vertex 55.70000000000002 -94.5 1.6
      vertex 55.70000000000002 -79.5 1.6
    endloop
  endfacet
  facet normal 0 0 1
    outer loop
      vertex 53.70000000000002 -94.5 1.6
      vertex 55.70000000000002 -79.5 1.6
      vertex 53.70000000000002 -79.5 1.6
    endloop
  endfacet
  facet normal 0 0 1
    outer loop
      vertex 75.4 -94.5 1.6
      vertex 77.4 -94.5 1.6
      vertex 77.4 -79.5 1.6
    endloop
  endfacet
  facet normal 0 0 1
    outer loop
      vertex 75.4 -94.5 1.6
      vertex 77.4 -79.5 1.6
      vertex 75.4 -79.5 1.6
    endloop
  endfacet
  facet normal 0 1 0
    outer loop
      vertex 53.70000000000002 -94.5 1.6
      vertex 53.70000000000002 -94.5 8
      vertex 55.70000000000002 -94.5 1.6
    endloop
  endfacet
  facet normal 0 1 0
    outer loop
      vertex 55.70000000000002 -94.5 1.6
      vertex 55.70000000000002 -94.5 10
      vertex 75.4 -94.5 1.6
    endloop
  endfacet
  facet normal 0 1 0
    outer loop
      vertex 75.4 -94.5 1.6
      vertex 55.70000000000002 -94.5 10
      vertex 77.4 -94.5 1.6
    endloop
  endfacet
  facet normal 0 -1 0
    outer loop
      vertex 55.70000000000002 -79.5 1.6
      vertex 75.4 -79.5 1.6
      vertex 73.9 -79.5 8
    endloop
  endfacet
  facet normal 0 -1 0
    outer loop
      vertex 53.70000000000002 -79.5 1.6
      vertex 55.70000000000002 -79.5 1.6
      vertex 71.9 -79.5 10
    endloop
  endfacet
  facet normal 0 -1 0
    outer loop
      vertex 75.4 -79.5 1.6
      vertex 77.4 -79.5 1.6
      vertex 73.9 -79.5 8
    endloop
  endfacet
  facet normal 0 1 0
    outer loop
      vertex 55.70000000000002 -94.5 1.6
      vertex 53.70000000000002 -94.5 8
      vertex 55.70000000000002 -94.5 10
    endloop
  endfacet
  facet normal 0 1 0
    outer loop
      vertex 77.4 -94.5 1.6
      vertex 55.70000000000002 -94.5 10
      vertex 73.9 -94.5 8
    endloop
  endfacet
  facet normal 0 -1 0
    outer loop
      vertex 53.70000000000002 -79.5 1.6
      vertex 71.9 -79.5 10
      vertex 53.70000000000002 -79.5 8
    endloop
  endfacet
  facet normal 0 -1 0
    outer loop
      vertex 55.70000000000002 -79.5 1.6
      vertex 73.9 -79.5 8
      vertex 71.9 -79.5 10
    endloop
  endfacet
  facet normal 0 1 0
    outer loop
      vertex 77.4 -94.5 1.6
      vertex 73.9 -94.5 8
      vertex 77.4 -94.5 8
    endloop
  endfacet
  facet normal 0 -1 0
    outer loop
      vertex 77.4 -79.5 1.6
      vertex 77.4 -79.5 8
      vertex 73.9 -79.5 8
    endloop
  endfacet
  facet normal 0 1 0
    outer loop
      vertex 73.9 -94.5 8
      vertex 55.70000000000002 -94.5 10
      vertex 71.9 -94.5 10
    endloop
  endfacet
  facet normal 0 -1 0
    outer loop
      vertex 53.70000000000002 -79.5 8
      vertex 71.9 -79.5 10
      vertex 55.70000000000002 -79.5 10
    endloop
  endfacet
  facet normal 0 0 1
    outer loop
      vertex -33.7 79.5 1.6
      vertex -31.700000000000003 79.5 1.6
      vertex -31.700000000000003 94.5 1.6
    endloop
  endfacet
  facet normal 0 0 1
    outer loop
      vertex -33.7 79.5 1.6
      vertex -31.700000000000003 94.5 1.6
      vertex -33.7 94.5 1.6
    endloop
  endfacet
  facet normal 0 0 1
    outer loop
      vertex -12 79.5 1.6
      vertex -10 79.5 1.6
      vertex -10 94.5 1.6
    endloop
  endfacet
  facet normal 0 0 1
    outer loop
      vertex -12 79.5 1.6
      vertex -10 94.5 1.6
      vertex -12 94.5 1.6
    endloop
  endfacet
  facet normal 0 1 0
    outer loop
      vertex -33.7 79.5 1.6
      vertex -33.7 79.5 8
      vertex -31.700000000000003 79.5 1.6
    endloop
  endfacet
  facet normal 0 1 0
    outer loop
      vertex -31.700000000000003 79.5 1.6
      vertex -31.700000000000003 79.5 10
      vertex -12 79.5 1.6
    endloop
  endfacet
  facet normal 0 -1 0
    outer loop
      vertex -33.7 94.5 1.6
      vertex -31.700000000000003 94.5 1.6
      vertex -15.5 94.5 10
    endloop
  endfacet
  facet normal 0 1 0
    outer loop
      vertex -12 79.5 1.6
      vertex -31.700000000000003 79.5 10
      vertex -10 79.5 1.6
    endloop
  endfacet
  facet normal 0 -1 0
    outer loop
      vertex -31.700000000000003 94.5 1.6
      vertex -12 94.5 1.6
      vertex -13.5 94.5 8
    endloop
  endfacet
  facet normal 0 -1 0
    outer loop
      vertex -12 94.5 1.6
      vertex -10 94.5 1.6
      vertex -13.5 94.5 8
    endloop
  endfacet
  facet normal 0 1 0
    outer loop
      vertex -31.700000000000003 79.5 1.6
      vertex -33.7 79.5 8
      vertex -31.700000000000003 79.5 10
    endloop
  endfacet
  facet normal 0 -1 0
    outer loop
      vertex -33.7 94.5 1.6
      vertex -15.5 94.5 10
      vertex -33.7 94.5 8
    endloop
  endfacet
  facet normal 0 1 0
    outer loop
      vertex -10 79.5 1.6
      vertex -13.5 79.5 8
      vertex -10 79.5 8
    endloop
  endfacet
  facet normal 0 1 0
    outer loop
      vertex -10 79.5 1.6
      vertex -31.700000000000003 79.5 10
      vertex -13.5 79.5 8
    endloop
  endfacet
  facet normal 0 -1 0
    outer loop
      vertex -10 94.5 1.6
      vertex -10 94.5 8
      vertex -13.5 94.5 8
    endloop
  endfacet
  facet normal 0 -1 0
    outer loop
      vertex -31.700000000000003 94.5 1.6
      vertex -13.5 94.5 8
      vertex -15.5 94.5 10
    endloop
  endfacet
  facet normal 0 -1 0
    outer loop
      vertex -33.7 94.5 8
      vertex -15.5 94.5 10
      vertex -31.700000000000003 94.5 10
    endloop
  endfacet
  facet normal 0 1 0
    outer loop
      vertex -31.700000000000003 79.5 10
      vertex -15.5 79.5 10
      vertex -13.5 79.5 8
    endloop
  endfacet
  facet normal 0 0 1
    outer loop
      vertex -33.7 21.5 1.6
      vertex -31.700000000000003 21.5 1.6
      vertex -31.700000000000003 36.5 1.6
    endloop
  endfacet
  facet normal 0 0 1
    outer loop
      vertex -33.7 21.5 1.6
      vertex -31.700000000000003 36.5 1.6
      vertex -33.7 36.5 1.6
    endloop
  endfacet
  facet normal 0 0 1
    outer loop
      vertex -12 21.5 1.6
      vertex -10 21.5 1.6
      vertex -10 36.5 1.6
    endloop
  endfacet
  facet normal 0 0 1
    outer loop
      vertex -12 21.5 1.6
      vertex -10 36.5 1.6
      vertex -12 36.5 1.6
    endloop
  endfacet
  facet normal 0 1 0
    outer loop
      vertex -33.7 21.5 1.6
      vertex -33.7 21.5 8
      vertex -31.700000000000003 21.5 1.6
    endloop
  endfacet
  facet normal 0 1 0
    outer loop
      vertex -31.700000000000003 21.5 1.6
      vertex -31.700000000000003 21.5 10
      vertex -12 21.5 1.6
    endloop
  endfacet
  facet normal 0 -1 0
    outer loop
      vertex -33.7 36.5 1.6
      vertex -31.700000000000003 36.5 1.6
      vertex -15.5 36.5 10
    endloop
  endfacet
  facet normal 0 1 0
    outer loop
      vertex -12 21.5 1.6
      vertex -31.700000000000003 21.5 10
      vertex -10 21.5 1.6
    endloop
  endfacet
  facet normal 0 -1 0
    outer loop
      vertex -31.700000000000003 36.5 1.6
      vertex -12 36.5 1.6
      vertex -13.5 36.5 8
    endloop
  endfacet
  facet normal 0 -1 0
    outer loop
      vertex -12 36.5 1.6
      vertex -10 36.5 1.6
      vertex -13.5 36.5 8
    endloop
  endfacet
  facet normal 0 1 0
    outer loop
      vertex -31.700000000000003 21.5 1.6
      vertex -33.7 21.5 8
      vertex -31.700000000000003 21.5 10
    endloop
  endfacet
  facet normal 0 -1 0
    outer loop
      vertex -33.7 36.5 1.6
      vertex -15.5 36.5 10
      vertex -33.7 36.5 8
    endloop
  endfacet
  facet normal 0 1 0
    outer loop
      vertex -10 21.5 1.6
      vertex -13.5 21.5 8
      vertex -10 21.5 8
    endloop
  endfacet
  facet normal 0 1 0
    outer loop
      vertex -10 21.5 1.6
      vertex -31.700000000000003 21.5 10
      vertex -13.5 21.5 8
    endloop
  endfacet
  facet normal 0 -1 0
    outer loop
      vertex -10 36.5 1.6
      vertex -10 36.5 8
      vertex -13.5 36.5 8
    endloop
  endfacet
  facet normal 0 -1 0
    outer loop
      vertex -31.700000000000003 36.5 1.6
      vertex -13.5 36.5 8
      vertex -15.5 36.5 10
    endloop
  endfacet
  facet normal 0 -1 0
    outer loop
      vertex -33.7 36.5 8
      vertex -15.5 36.5 10
      vertex -31.700000000000003 36.5 10
    endloop
  endfacet
  facet normal 0 1 0
    outer loop
      vertex -31.700000000000003 21.5 10
      vertex -15.5 21.5 10
      vertex -13.5 21.5 8
    endloop
  endfacet
  facet normal 0 0 1
    outer loop
      vertex -33.7 -36.5 1.6
      vertex -31.700000000000003 -36.5 1.6
      vertex -31.700000000000003 -21.5 1.6
    endloop
  endfacet
  facet normal 0 0 1
    outer loop
      vertex -33.7 -36.5 1.6
      vertex -31.700000000000003 -21.5 1.6
      vertex -33.7 -21.5 1.6
    endloop
  endfacet
  facet normal 0 0 1
    outer loop
      vertex -12 -36.5 1.6
      vertex -10 -36.5 1.6
      vertex -10 -21.5 1.6
    endloop
  endfacet
  facet normal 0 0 1
    outer loop
      vertex -12 -36.5 1.6
      vertex -10 -21.5 1.6
      vertex -12 -21.5 1.6
    endloop
  endfacet
  facet normal 0 1 0
    outer loop
      vertex -33.7 -36.5 1.6
      vertex -33.7 -36.5 8
      vertex -31.700000000000003 -36.5 1.6
    endloop
  endfacet
  facet normal 0 1 0
    outer loop
      vertex -31.700000000000003 -36.5 1.6
      vertex -31.700000000000003 -36.5 10
      vertex -12 -36.5 1.6
    endloop
  endfacet
  facet normal 0 -1 0
    outer loop
      vertex -33.7 -21.5 1.6
      vertex -31.700000000000003 -21.5 1.6
      vertex -15.5 -21.5 10
    endloop
  endfacet
  facet normal 0 1 0
    outer loop
      vertex -12 -36.5 1.6
      vertex -31.700000000000003 -36.5 10
      vertex -10 -36.5 1.6
    endloop
  endfacet
  facet normal 0 -1 0
    outer loop
      vertex -31.700000000000003 -21.5 1.6
      vertex -12 -21.5 1.6
      vertex -13.5 -21.5 8
    endloop
  endfacet
  facet normal 0 -1 0
    outer loop
      vertex -12 -21.5 1.6
      vertex -10 -21.5 1.6
      vertex -13.5 -21.5 8
    endloop
  endfacet
  facet normal 0 1 0
    outer loop
      vertex -31.700000000000003 -36.5 1.6
      vertex -33.7 -36.5 8
      vertex -31.700000000000003 -36.5 10
    endloop
  endfacet
  facet normal 0 -1 0
    outer loop
      vertex -33.7 -21.5 1.6
      vertex -15.5 -21.5 10
      vertex -33.7 -21.5 8
    endloop
  endfacet
  facet normal 0 1 0
    outer loop
      vertex -10 -36.5 1.6
      vertex -13.5 -36.5 8
      vertex -10 -36.5 8
    endloop
  endfacet
  facet normal 0 1 0
    outer loop
      vertex -10 -36.5 1.6
      vertex -31.700000000000003 -36.5 10
      vertex -13.5 -36.5 8
    endloop
  endfacet
  facet normal 0 -1 0
    outer loop
      vertex -10 -21.5 1.6
      vertex -10 -21.5 8
      vertex -13.5 -21.5 8
    endloop
  endfacet
  facet normal 0 -1 0
    outer loop
      vertex -31.700000000000003 -21.5 1.6
      vertex -13.5 -21.5 8
      vertex -15.5 -21.5 10
    endloop
  endfacet
  facet normal 0 -1 0
    outer loop
      vertex -33.7 -21.5 8
      vertex -15.5 -21.5 10
      vertex -31.700000000000003 -21.5 10
    endloop
  endfacet
  facet normal 0 1 0
    outer loop
      vertex -31.700000000000003 -36.5 10
      vertex -15.5 -36.5 10
      vertex -13.5 -36.5 8
    endloop
  endfacet
  facet normal 0 0 1
    outer loop
      vertex -33.7 -94.5 1.6
      vertex -31.700000000000003 -94.5 1.6
      vertex -31.700000000000003 -79.5 1.6
    endloop
  endfacet
  facet normal 0 0 1
    outer loop
      vertex -33.7 -94.5 1.6
      vertex -31.700000000000003 -79.5 1.6
      vertex -33.7 -79.5 1.6
    endloop
  endfacet
  facet normal 0 0 1
    outer loop
      vertex -12 -94.5 1.6
      vertex -10 -94.5 1.6
      vertex -10 -79.5 1.6
    endloop
  endfacet
  facet normal 0 0 1
    outer loop
      vertex -12 -94.5 1.6
      vertex -10 -79.5 1.6
      vertex -12 -79.5 1.6
    endloop
  endfacet
  facet normal 0 1 0
    outer loop
      vertex -33.7 -94.5 1.6
      vertex -33.7 -94.5 8
      vertex -31.700000000000003 -94.5 1.6
    endloop
  endfacet
  facet normal 0 1 0
    outer loop
      vertex -31.700000000000003 -94.5 1.6
      vertex -31.700000000000003 -94.5 10
      vertex -12 -94.5 1.6
    endloop
  endfacet
  facet normal 0 -1 0
    outer loop
      vertex -33.7 -79.5 1.6
      vertex -31.700000000000003 -79.5 1.6
      vertex -15.5 -79.5 10
    endloop
  endfacet
  facet normal 0 1 0
    outer loop
      vertex -12 -94.5 1.6
      vertex -31.700000000000003 -94.5 10
      vertex -10 -94.5 1.6
    endloop
  endfacet
  facet normal 0 -1 0
    outer loop
      vertex -31.700000000000003 -79.5 1.6
      vertex -12 -79.5 1.6
      vertex -13.5 -79.5 8
    endloop
  endfacet
  facet normal 0 -1 0
    outer loop
      vertex -12 -79.5 1.6
      vertex -10 -79.5 1.6
      vertex -13.5 -79.5 8
    endloop
  endfacet
  facet normal 0 1 0
    outer loop
      vertex -31.700000000000003 -94.5 1.6
      vertex -33.7 -94.5 8
      vertex -31.700000000000003 -94.5 10
    endloop
  endfacet
  facet normal 0 -1 0
    outer loop
      vertex -33.7 -79.5 1.6
      vertex -15.5 -79.5 10
      vertex -33.7 -79.5 8
    endloop
  endfacet
  facet normal 0 1 0
    outer loop
      vertex -10 -94.5 1.6
      vertex -13.5 -94.5 8
      vertex -10 -94.5 8
    endloop
  endfacet
  facet normal 0 1 0
    outer loop
      vertex -10 -94.5 1.6
      vertex -31.700000000000003 -94.5 10
      vertex -13.5 -94.5 8
    endloop
  endfacet
  facet normal 0 -1 0
    outer loop
      vertex -10 -79.5 1.6
      vertex -10 -79.5 8
      vertex -13.5 -79.5 8
    endloop
  endfacet
  facet normal 0 -1 0
    outer loop
      vertex -31.700000000000003 -79.5 1.6
      vertex -13.5 -79.5 8
      vertex -15.5 -79.5 10
    endloop
  endfacet
  facet normal 0 -1 0
    outer loop
      vertex -33.7 -79.5 8
      vertex -15.5 -79.5 10
      vertex -31.700000000000003 -79.5 10
    endloop
  endfacet
  facet normal 0 1 0
    outer loop
      vertex -31.700000000000003 -94.5 10
      vertex -15.5 -94.5 10
      vertex -13.5 -94.5 8
    endloop
  endfacet
  facet normal 0 1 0
    outer loop
      vertex 10 50.5 1.6
      vertex 10 50.5 8
      vertex 12 50.5 1.6
    endloop
  endfacet
  facet normal 0 1 0
    outer loop
      vertex 12 50.5 1.6
      vertex 12 50.5 10
      vertex 31.700000000000003 50.5 1.6
    endloop
  endfacet
  facet normal 0 1 0
    outer loop
      vertex 31.700000000000003 50.5 1.6
      vertex 12 50.5 10
      vertex 33.7 50.5 1.6
    endloop
  endfacet
  facet normal 0 0 1
    outer loop
      vertex 10 50.5 1.6
      vertex 12 50.5 1.6
      vertex 12 65.5 1.6
    endloop
  endfacet
  facet normal 0 0 1
    outer loop
      vertex 10 50.5 1.6
      vertex 12 65.5 1.6
      vertex 10 65.5 1.6
    endloop
  endfacet
  facet normal 0 0 1
    outer loop
      vertex 31.700000000000003 50.5 1.6
      vertex 33.7 50.5 1.6
      vertex 33.7 65.5 1.6
    endloop
  endfacet
  facet normal 0 0 1
    outer loop
      vertex 31.700000000000003 50.5 1.6
      vertex 33.7 65.5 1.6
      vertex 31.700000000000003 65.5 1.6
    endloop
  endfacet
  facet normal 0 -1 0
    outer loop
      vertex 12 65.5 1.6
      vertex 31.700000000000003 65.5 1.6
      vertex 30.200000000000003 65.5 8
    endloop
  endfacet
  facet normal 0 -1 0
    outer loop
      vertex 10 65.5 1.6
      vertex 12 65.5 1.6
      vertex 28.200000000000003 65.5 10
    endloop
  endfacet
  facet normal 0 -1 0
    outer loop
      vertex 31.700000000000003 65.5 1.6
      vertex 33.7 65.5 1.6
      vertex 30.200000000000003 65.5 8
    endloop
  endfacet
  facet normal 0 1 0
    outer loop
      vertex 12 50.5 1.6
      vertex 10 50.5 8
      vertex 12 50.5 10
    endloop
  endfacet
  facet normal 0 1 0
    outer loop
      vertex 33.7 50.5 1.6
      vertex 30.200000000000003 50.5 8
      vertex 33.7 50.5 8
    endloop
  endfacet
  facet normal 0 1 0
    outer loop
      vertex 33.7 50.5 1.6
      vertex 12 50.5 10
      vertex 30.200000000000003 50.5 8
    endloop
  endfacet
  facet normal 0 1 0
    outer loop
      vertex 12 50.5 10
      vertex 28.200000000000003 50.5 10
      vertex 30.200000000000003 50.5 8
    endloop
  endfacet
  facet normal 0 -1 0
    outer loop
      vertex 10 65.5 1.6
      vertex 28.200000000000003 65.5 10
      vertex 10 65.5 8
    endloop
  endfacet
  facet normal 0 -1 0
    outer loop
      vertex 12 65.5 1.6
      vertex 30.200000000000003 65.5 8
      vertex 28.200000000000003 65.5 10
    endloop
  endfacet
  facet normal 0 -1 0
    outer loop
      vertex 33.7 65.5 1.6
      vertex 33.7 65.5 8
      vertex 30.200000000000003 65.5 8
    endloop
  endfacet
  facet normal 0 -1 0
    outer loop
      vertex 10 65.5 8
      vertex 28.200000000000003 65.5 10
      vertex 12 65.5 10
    endloop
  endfacet
  facet normal 0 0 1
    outer loop
      vertex 10 -7.5 1.6
      vertex 12 -7.5 1.6
      vertex 12 7.5 1.6
    endloop
  endfacet
  facet normal 0 0 1
    outer loop
      vertex 31.700000000000003 -7.5 1.6
      vertex 33.7 -7.5 1.6
      vertex 33.7 7.5 1.6
    endloop
  endfacet
  facet normal 0 1 0
    outer loop
      vertex 10 -7.5 1.6
      vertex 10 -7.5 8
      vertex 12 -7.5 1.6
    endloop
  endfacet
  facet normal 0 1 0
    outer loop
      vertex 12 -7.5 1.6
      vertex 12 -7.5 10
      vertex 31.700000000000003 -7.5 1.6
    endloop
  endfacet
  facet normal 0 1 0
    outer loop
      vertex 31.700000000000003 -7.5 1.6
      vertex 12 -7.5 10
      vertex 33.7 -7.5 1.6
    endloop
  endfacet
  facet normal 0 1 0
    outer loop
      vertex 12 -7.5 1.6
      vertex 10 -7.5 8
      vertex 12 -7.5 10
    endloop
  endfacet
  facet normal 0 1 0
    outer loop
      vertex 33.7 -7.5 1.6
      vertex 30.200000000000003 -7.5 8
      vertex 33.7 -7.5 8
    endloop
  endfacet
  facet normal 0 1 0
    outer loop
      vertex 33.7 -7.5 1.6
      vertex 12 -7.5 10
      vertex 30.200000000000003 -7.5 8
    endloop
  endfacet
  facet normal 0 1 0
    outer loop
      vertex 12 -7.5 10
      vertex 28.200000000000003 -7.5 10
      vertex 30.200000000000003 -7.5 8
    endloop
  endfacet
  facet normal 0 0 1
    outer loop
      vertex 10 -7.5 1.6
      vertex 12 7.5 1.6
      vertex 10 7.5 1.6
    endloop
  endfacet
  facet normal 0 0 1
    outer loop
      vertex 31.700000000000003 -7.5 1.6
      vertex 33.7 7.5 1.6
      vertex 31.700000000000003 7.5 1.6
    endloop
  endfacet
  facet normal 0 -1 0
    outer loop
      vertex 12 7.5 1.6
      vertex 31.700000000000003 7.5 1.6
      vertex 30.200000000000003 7.5 8
    endloop
  endfacet
  facet normal 0 -1 0
    outer loop
      vertex 10 7.5 1.6
      vertex 12 7.5 1.6
      vertex 28.200000000000003 7.5 10
    endloop
  endfacet
  facet normal 0 -1 0
    outer loop
      vertex 31.700000000000003 7.5 1.6
      vertex 33.7 7.5 1.6
      vertex 30.200000000000003 7.5 8
    endloop
  endfacet
  facet normal 0 -1 0
    outer loop
      vertex 10 7.5 1.6
      vertex 28.200000000000003 7.5 10
      vertex 10 7.5 8
    endloop
  endfacet
  facet normal 0 -1 0
    outer loop
      vertex 12 7.5 1.6
      vertex 30.200000000000003 7.5 8
      vertex 28.200000000000003 7.5 10
    endloop
  endfacet
  facet normal 0 -1 0
    outer loop
      vertex 33.7 7.5 1.6
      vertex 33.7 7.5 8
      vertex 30.200000000000003 7.5 8
    endloop
  endfacet
  facet normal 0 -1 0
    outer loop
      vertex 10 7.5 8
      vertex 28.200000000000003 7.5 10
      vertex 12 7.5 10
    endloop
  endfacet
  facet normal 0 0 1
    outer loop
      vertex 10 -65.5 1.6
      vertex 12 -65.5 1.6
      vertex 12 -50.5 1.6
    endloop
  endfacet
  facet normal 0 0 1
    outer loop
      vertex 10 -65.5 1.6
      vertex 12 -50.5 1.6
      vertex 10 -50.5 1.6
    endloop
  endfacet
  facet normal 0 0 1
    outer loop
      vertex 31.700000000000003 -65.5 1.6
      vertex 33.7 -65.5 1.6
      vertex 33.7 -50.5 1.6
    endloop
  endfacet
  facet normal 0 0 1
    outer loop
      vertex 31.700000000000003 -65.5 1.6
      vertex 33.7 -50.5 1.6
      vertex 31.700000000000003 -50.5 1.6
    endloop
  endfacet
  facet normal 0 1 0
    outer loop
      vertex 10 -65.5 1.6
      vertex 10 -65.5 8
      vertex 12 -65.5 1.6
    endloop
  endfacet
  facet normal 0 1 0
    outer loop
      vertex 12 -65.5 1.6
      vertex 12 -65.5 10
      vertex 31.700000000000003 -65.5 1.6
    endloop
  endfacet
  facet normal 0 1 0
    outer loop
      vertex 31.700000000000003 -65.5 1.6
      vertex 12 -65.5 10
      vertex 33.7 -65.5 1.6
    endloop
  endfacet
  facet normal 0 -1 0
    outer loop
      vertex 12 -50.5 1.6
      vertex 31.700000000000003 -50.5 1.6
      vertex 30.200000000000003 -50.5 8
    endloop
  endfacet
  facet normal 0 -1 0
    outer loop
      vertex 10 -50.5 1.6
      vertex 12 -50.5 1.6
      vertex 28.200000000000003 -50.5 10
    endloop
  endfacet
  facet normal 0 -1 0
    outer loop
      vertex 31.700000000000003 -50.5 1.6
      vertex 33.7 -50.5 1.6
      vertex 30.200000000000003 -50.5 8
    endloop
  endfacet
  facet normal 0 1 0
    outer loop
      vertex 12 -65.5 1.6
      vertex 10 -65.5 8
      vertex 12 -65.5 10
    endloop
  endfacet
  facet normal 0 1 0
    outer loop
      vertex 33.7 -65.5 1.6
      vertex 30.200000000000003 -65.5 8
      vertex 33.7 -65.5 8
    endloop
  endfacet
  facet normal 0 1 0
    outer loop
      vertex 33.7 -65.5 1.6
      vertex 12 -65.5 10
      vertex 30.200000000000003 -65.5 8
    endloop
  endfacet
  facet normal 0 1 0
    outer loop
      vertex 12 -65.5 10
      vertex 28.200000000000003 -65.5 10
      vertex 30.200000000000003 -65.5 8
    endloop
  endfacet
  facet normal 0 -1 0
    outer loop
      vertex 10 -50.5 1.6
      vertex 28.200000000000003 -50.5 10
      vertex 10 -50.5 8
    endloop
  endfacet
  facet normal 0 -1 0
    outer loop
      vertex 12 -50.5 1.6
      vertex 30.200000000000003 -50.5 8
      vertex 28.200000000000003 -50.5 10
    endloop
  endfacet
  facet normal 0 -1 0
    outer loop
      vertex 33.7 -50.5 1.6
      vertex 33.7 -50.5 8
      vertex 30.200000000000003 -50.5 8
    endloop
  endfacet
  facet normal 0 -1 0
    outer loop
      vertex 10 -50.5 8
      vertex 28.200000000000003 -50.5 10
      vertex 12 -50.5 10
    endloop
  endfacet
  facet normal 0 1 0
    outer loop
      vertex -77.4 50.5 1.6
      vertex -77.4 50.5 8
      vertex -75.4 50.5 1.6
    endloop
  endfacet
  facet normal 0 1 0
    outer loop
      vertex -75.4 50.5 1.6
      vertex -75.4 50.5 10
      vertex -55.7 50.5 1.6
    endloop
  endfacet
  facet normal 0 1 0
    outer loop
      vertex -55.7 50.5 1.6
      vertex -75.4 50.5 10
      vertex -53.7 50.5 1.6
    endloop
  endfacet
  facet normal 0 0 1
    outer loop
      vertex -77.4 50.5 1.6
      vertex -75.4 50.5 1.6
      vertex -75.4 65.5 1.6
    endloop
  endfacet
  facet normal 0 0 1
    outer loop
      vertex -77.4 50.5 1.6
      vertex -75.4 65.5 1.6
      vertex -77.4 65.5 1.6
    endloop
  endfacet
  facet normal 0 0 1
    outer loop
      vertex -55.7 50.5 1.6
      vertex -53.7 50.5 1.6
      vertex -53.7 65.5 1.6
    endloop
  endfacet
  facet normal 0 0 1
    outer loop
      vertex -55.7 50.5 1.6
      vertex -53.7 65.5 1.6
      vertex -55.7 65.5 1.6
    endloop
  endfacet
  facet normal 0 -1 0
    outer loop
      vertex -75.4 65.5 1.6
      vertex -55.7 65.5 1.6
      vertex -57.2 65.5 8
    endloop
  endfacet
  facet normal 0 -1 0
    outer loop
      vertex -55.7 65.5 1.6
      vertex -53.7 65.5 1.6
      vertex -57.2 65.5 8
    endloop
  endfacet
  facet normal 0 -1 0
    outer loop
      vertex -77.4 65.5 1.6
      vertex -75.4 65.5 1.6
      vertex -59.2 65.5 10
    endloop
  endfacet
  facet normal 0 1 0
    outer loop
      vertex -75.4 50.5 1.6
      vertex -77.4 50.5 8
      vertex -75.4 50.5 10
    endloop
  endfacet
  facet normal 0 1 0
    outer loop
      vertex -53.7 50.5 1.6
      vertex -57.2 50.5 8
      vertex -53.7 50.5 8
    endloop
  endfacet
  facet normal 0 1 0
    outer loop
      vertex -53.7 50.5 1.6
      vertex -75.4 50.5 10
      vertex -57.2 50.5 8
    endloop
  endfacet
  facet normal 0 1 0
    outer loop
      vertex -75.4 50.5 10
      vertex -59.2 50.5 10
      vertex -57.2 50.5 8
    endloop
  endfacet
  facet normal 0 -1 0
    outer loop
      vertex -53.7 65.5 1.6
      vertex -53.7 65.5 8
      vertex -57.2 65.5 8
    endloop
  endfacet
  facet normal 0 -1 0
    outer loop
      vertex -77.4 65.5 1.6
      vertex -59.2 65.5 10
      vertex -77.4 65.5 8
    endloop
  endfacet
  facet normal 0 -1 0
    outer loop
      vertex -75.4 65.5 1.6
      vertex -57.2 65.5 8
      vertex -59.2 65.5 10
    endloop
  endfacet
  facet normal 0 -1 0
    outer loop
      vertex -77.4 65.5 8
      vertex -59.2 65.5 10
      vertex -75.4 65.5 10
    endloop
  endfacet
  facet normal 0 0 1
    outer loop
      vertex -77.4 -7.5 1.6
      vertex -75.4 -7.5 1.6
      vertex -75.4 7.5 1.6
    endloop
  endfacet
  facet normal 0 0 1
    outer loop
      vertex -55.7 -7.5 1.6
      vertex -53.7 -7.5 1.6
      vertex -53.7 7.5 1.6
    endloop
  endfacet
  facet normal 0 1 0
    outer loop
      vertex -77.4 -7.5 1.6
      vertex -77.4 -7.5 8
      vertex -75.4 -7.5 1.6
    endloop
  endfacet
  facet normal 0 1 0
    outer loop
      vertex -75.4 -7.5 1.6
      vertex -75.4 -7.5 10
      vertex -55.7 -7.5 1.6
    endloop
  endfacet
  facet normal 0 1 0
    outer loop
      vertex -55.7 -7.5 1.6
      vertex -75.4 -7.5 10
      vertex -53.7 -7.5 1.6
    endloop
  endfacet
  facet normal 0 1 0
    outer loop
      vertex -75.4 -7.5 1.6
      vertex -77.4 -7.5 8
      vertex -75.4 -7.5 10
    endloop
  endfacet
  facet normal 0 1 0
    outer loop
      vertex -53.7 -7.5 1.6
      vertex -57.2 -7.5 8
      vertex -53.7 -7.5 8
    endloop
  endfacet
  facet normal 0 1 0
    outer loop
      vertex -53.7 -7.5 1.6
      vertex -75.4 -7.5 10
      vertex -57.2 -7.5 8
    endloop
  endfacet
  facet normal 0 1 0
    outer loop
      vertex -75.4 -7.5 10
      vertex -59.2 -7.5 10
      vertex -57.2 -7.5 8
    endloop
  endfacet
  facet normal 0 0 1
    outer loop
      vertex -77.4 -7.5 1.6
      vertex -75.4 7.5 1.6
      vertex -77.4 7.5 1.6
    endloop
  endfacet
  facet normal 0 0 1
    outer loop
      vertex -55.7 -7.5 1.6
      vertex -53.7 7.5 1.6
      vertex -55.7 7.5 1.6
    endloop
  endfacet
  facet normal 0 -1 0
    outer loop
      vertex -75.4 7.5 1.6
      vertex -55.7 7.5 1.6
      vertex -57.2 7.5 8
    endloop
  endfacet
  facet normal 0 -1 0
    outer loop
      vertex -55.7 7.5 1.6
      vertex -53.7 7.5 1.6
      vertex -57.2 7.5 8
    endloop
  endfacet
  facet normal 0 -1 0
    outer loop
      vertex -77.4 7.5 1.6
      vertex -75.4 7.5 1.6
      vertex -59.2 7.5 10
    endloop
  endfacet
  facet normal 0 -1 0
    outer loop
      vertex -53.7 7.5 1.6
      vertex -53.7 7.5 8
      vertex -57.2 7.5 8
    endloop
  endfacet
  facet normal 0 -1 0
    outer loop
      vertex -77.4 7.5 1.6
      vertex -59.2 7.5 10
      vertex -77.4 7.5 8
    endloop
  endfacet
  facet normal 0 -1 0
    outer loop
      vertex -75.4 7.5 1.6
      vertex -57.2 7.5 8
      vertex -59.2 7.5 10
    endloop
  endfacet
  facet normal 0 -1 0
    outer loop
      vertex -77.4 7.5 8
      vertex -59.2 7.5 10
      vertex -75.4 7.5 10
    endloop
  endfacet
  facet normal 0 0 1
    outer loop
      vertex -77.4 -65.5 1.6
      vertex -75.4 -65.5 1.6
      vertex -75.4 -50.5 1.6
    endloop
  endfacet
  facet normal 0 0 1
    outer loop
      vertex -77.4 -65.5 1.6
      vertex -75.4 -50.5 1.6
      vertex -77.4 -50.5 1.6
    endloop
  endfacet
  facet normal 0 0 1
    outer loop
      vertex -55.7 -65.5 1.6
      vertex -53.7 -65.5 1.6
      vertex -53.7 -50.5 1.6
    endloop
  endfacet
  facet normal 0 0 1
    outer loop
      vertex -55.7 -65.5 1.6
      vertex -53.7 -50.5 1.6
      vertex -55.7 -50.5 1.6
    endloop
  endfacet
  facet normal 0 1 0
    outer loop
      vertex -77.4 -65.5 1.6
      vertex -77.4 -65.5 8
      vertex -75.4 -65.5 1.6
    endloop
  endfacet
  facet normal 0 1 0
    outer loop
      vertex -75.4 -65.5 1.6
      vertex -75.4 -65.5 10
      vertex -55.7 -65.5 1.6
    endloop
  endfacet
  facet normal 0 1 0
    outer loop
      vertex -55.7 -65.5 1.6
      vertex -75.4 -65.5 10
      vertex -53.7 -65.5 1.6
    endloop
  endfacet
  facet normal 0 -1 0
    outer loop
      vertex -75.4 -50.5 1.6
      vertex -55.7 -50.5 1.6
      vertex -57.2 -50.5 8
    endloop
  endfacet
  facet normal 0 -1 0
    outer loop
      vertex -55.7 -50.5 1.6
      vertex -53.7 -50.5 1.6
      vertex -57.2 -50.5 8
    endloop
  endfacet
  facet normal 0 -1 0
    outer loop
      vertex -77.4 -50.5 1.6
      vertex -75.4 -50.5 1.6
      vertex -59.2 -50.5 10
    endloop
  endfacet
  facet normal 0 1 0
    outer loop
      vertex -75.4 -65.5 1.6
      vertex -77.4 -65.5 8
      vertex -75.4 -65.5 10
    endloop
  endfacet
  facet normal 0 1 0
    outer loop
      vertex -53.7 -65.5 1.6
      vertex -57.2 -65.5 8
      vertex -53.7 -65.5 8
    endloop
  endfacet
  facet normal 0 1 0
    outer loop
      vertex -53.7 -65.5 1.6
      vertex -75.4 -65.5 10
      vertex -57.2 -65.5 8
    endloop
  endfacet
  facet normal 0 1 0
    outer loop
      vertex -75.4 -65.5 10
      vertex -59.2 -65.5 10
      vertex -57.2 -65.5 8
    endloop
  endfacet
  facet normal 0 -1 0
    outer loop
      vertex -53.7 -50.5 1.6
      vertex -53.7 -50.5 8
      vertex -57.2 -50.5 8
    endloop
  endfacet
  facet normal 0 -1 0
    outer loop
      vertex -77.4 -50.5 1.6
      vertex -59.2 -50.5 10
      vertex -77.4 -50.5 8
    endloop
  endfacet
  facet normal 0 -1 0
    outer loop
      vertex -75.4 -50.5 1.6
      vertex -57.2 -50.5 8
      vertex -59.2 -50.5 10
    endloop
  endfacet
  facet normal 0 -1 0
    outer loop
      vertex -77.4 -50.5 8
      vertex -59.2 -50.5 10
      vertex -75.4 -50.5 10
    endloop
  endfacet
  facet normal 0 1 0
    outer loop
      vertex 53.70000000000002 50.5 1.6
      vertex 53.70000000000002 50.5 8
      vertex 55.70000000000002 50.5 1.6
    endloop
  endfacet
  facet normal 0 1 0
    outer loop
      vertex 55.70000000000002 50.5 1.6
      vertex 55.70000000000002 50.5 10
      vertex 75.4 50.5 1.6
    endloop
  endfacet
  facet normal 0 1 0
    outer loop
      vertex 75.4 50.5 1.6
      vertex 55.70000000000002 50.5 10
      vertex 77.4 50.5 1.6
    endloop
  endfacet
  facet normal 0 0 1
    outer loop
      vertex 53.70000000000002 50.5 1.6
      vertex 55.70000000000002 50.5 1.6
      vertex 55.70000000000002 65.5 1.6
    endloop
  endfacet
  facet normal 0 0 1
    outer loop
      vertex 53.70000000000002 50.5 1.6
      vertex 55.70000000000002 65.5 1.6
      vertex 53.70000000000002 65.5 1.6
    endloop
  endfacet
  facet normal 0 0 1
    outer loop
      vertex 75.4 50.5 1.6
      vertex 77.4 50.5 1.6
      vertex 77.4 65.5 1.6
    endloop
  endfacet
  facet normal 0 0 1
    outer loop
      vertex 75.4 50.5 1.6
      vertex 77.4 65.5 1.6
      vertex 75.4 65.5 1.6
    endloop
  endfacet
  facet normal 0 -1 0
    outer loop
      vertex 55.70000000000002 65.5 1.6
      vertex 75.4 65.5 1.6
      vertex 73.9 65.5 8
    endloop
  endfacet
  facet normal 0 -1 0
    outer loop
      vertex 53.70000000000002 65.5 1.6
      vertex 55.70000000000002 65.5 1.6
      vertex 71.9 65.5 10
    endloop
  endfacet
  facet normal 0 -1 0
    outer loop
      vertex 75.4 65.5 1.6
      vertex 77.4 65.5 1.6
      vertex 73.9 65.5 8
    endloop
  endfacet
  facet normal 0 1 0
    outer loop
      vertex 55.70000000000002 50.5 1.6
      vertex 53.70000000000002 50.5 8
      vertex 55.70000000000002 50.5 10
    endloop
  endfacet
  facet normal 0 1 0
    outer loop
      vertex 77.4 50.5 1.6
      vertex 55.70000000000002 50.5 10
      vertex 73.9 50.5 8
    endloop
  endfacet
  facet normal 0 1 0
    outer loop
      vertex 77.4 50.5 1.6
      vertex 73.9 50.5 8
      vertex 77.4 50.5 8
    endloop
  endfacet
  facet normal 0 1 0
    outer loop
      vertex 73.9 50.5 8
      vertex 55.70000000000002 50.5 10
      vertex 71.9 50.5 10
    endloop
  endfacet
  facet normal 0 -1 0
    outer loop
      vertex 53.70000000000002 65.5 1.6
      vertex 71.9 65.5 10
      vertex 53.70000000000002 65.5 8
    endloop
  endfacet
  facet normal 0 -1 0
    outer loop
      vertex 55.70000000000002 65.5 1.6
      vertex 73.9 65.5 8
      vertex 71.9 65.5 10
    endloop
  endfacet
  facet normal 0 -1 0
    outer loop
      vertex 77.4 65.5 1.6
      vertex 77.4 65.5 8
      vertex 73.9 65.5 8
    endloop
  endfacet
  facet normal 0 -1 0
    outer loop
      vertex 53.70000000000002 65.5 8
      vertex 71.9 65.5 10
      vertex 55.70000000000002 65.5 10
    endloop
  endfacet
  facet normal 0 0 1
    outer loop
      vertex 53.70000000000002 -7.5 1.6
      vertex 55.70000000000002 -7.5 1.6
      vertex 55.70000000000002 7.5 1.6
    endloop
  endfacet
  facet normal 0 0 1
    outer loop
      vertex 75.4 -7.5 1.6
      vertex 77.4 -7.5 1.6
      vertex 77.4 7.5 1.6
    endloop
  endfacet
  facet normal 0 1 0
    outer loop
      vertex 53.70000000000002 -7.5 1.6
      vertex 53.70000000000002 -7.5 8
      vertex 55.70000000000002 -7.5 1.6
    endloop
  endfacet
  facet normal 0 1 0
    outer loop
      vertex 55.70000000000002 -7.5 1.6
      vertex 55.70000000000002 -7.5 10
      vertex 75.4 -7.5 1.6
    endloop
  endfacet
  facet normal 0 1 0
    outer loop
      vertex 75.4 -7.5 1.6
      vertex 55.70000000000002 -7.5 10
      vertex 77.4 -7.5 1.6
    endloop
  endfacet
  facet normal 0 1 0
    outer loop
      vertex 55.70000000000002 -7.5 1.6
      vertex 53.70000000000002 -7.5 8
      vertex 55.70000000000002 -7.5 10
    endloop
  endfacet
  facet normal 0 1 0
    outer loop
      vertex 77.4 -7.5 1.6
      vertex 55.70000000000002 -7.5 10
      vertex 73.9 -7.5 8
    endloop
  endfacet
  facet normal 0 1 0
    outer loop
      vertex 77.4 -7.5 1.6
      vertex 73.9 -7.5 8
      vertex 77.4 -7.5 8
    endloop
  endfacet
  facet normal 0 1 0
    outer loop
      vertex 73.9 -7.5 8
      vertex 55.70000000000002 -7.5 10
      vertex 71.9 -7.5 10
    endloop
  endfacet
  facet normal 0 0 1
    outer loop
      vertex 53.70000000000002 -7.5 1.6
      vertex 55.70000000000002 7.5 1.6
      vertex 53.70000000000002 7.5 1.6
    endloop
  endfacet
  facet normal 0 0 1
    outer loop
      vertex 75.4 -7.5 1.6
      vertex 77.4 7.5 1.6
      vertex 75.4 7.5 1.6
    endloop
  endfacet
  facet normal 0 -1 0
    outer loop
      vertex 55.70000000000002 7.5 1.6
      vertex 75.4 7.5 1.6
      vertex 73.9 7.5 8
    endloop
  endfacet
  facet normal 0 -1 0
    outer loop
      vertex 53.70000000000002 7.5 1.6
      vertex 55.70000000000002 7.5 1.6
      vertex 71.9 7.5 10
    endloop
  endfacet
  facet normal 0 -1 0
    outer loop
      vertex 75.4 7.5 1.6
      vertex 77.4 7.5 1.6
      vertex 73.9 7.5 8
    endloop
  endfacet
  facet normal 0 -1 0
    outer loop
      vertex 53.70000000000002 7.5 1.6
      vertex 71.9 7.5 10
      vertex 53.70000000000002 7.5 8
    endloop
  endfacet
  facet normal 0 -1 0
    outer loop
      vertex 55.70000000000002 7.5 1.6
      vertex 73.9 7.5 8
      vertex 71.9 7.5 10
    endloop
  endfacet
  facet normal 0 -1 0
    outer loop
      vertex 77.4 7.5 1.6
      vertex 77.4 7.5 8
      vertex 73.9 7.5 8
    endloop
  endfacet
  facet normal 0 -1 0
    outer loop
      vertex 53.70000000000002 7.5 8
      vertex 71.9 7.5 10
      vertex 55.70000000000002 7.5 10
    endloop
  endfacet
  facet normal 0 0 1
    outer loop
      vertex 53.70000000000002 -65.5 1.6
      vertex 55.70000000000002 -65.5 1.6
      vertex 55.70000000000002 -50.5 1.6
    endloop
  endfacet
  facet normal 0 0 1
    outer loop
      vertex 53.70000000000002 -65.5 1.6
      vertex 55.70000000000002 -50.5 1.6
      vertex 53.70000000000002 -50.5 1.6
    endloop
  endfacet
  facet normal 0 0 1
    outer loop
      vertex 75.4 -65.5 1.6
      vertex 77.4 -65.5 1.6
      vertex 77.4 -50.5 1.6
    endloop
  endfacet
  facet normal 0 0 1
    outer loop
      vertex 75.4 -65.5 1.6
      vertex 77.4 -50.5 1.6
      vertex 75.4 -50.5 1.6
    endloop
  endfacet
  facet normal 0 1 0
    outer loop
      vertex 53.70000000000002 -65.5 1.6
      vertex 53.70000000000002 -65.5 8
      vertex 55.70000000000002 -65.5 1.6
    endloop
  endfacet
  facet normal 0 1 0
    outer loop
      vertex 55.70000000000002 -65.5 1.6
      vertex 55.70000000000002 -65.5 10
      vertex 75.4 -65.5 1.6
    endloop
  endfacet
  facet normal 0 1 0
    outer loop
      vertex 75.4 -65.5 1.6
      vertex 55.70000000000002 -65.5 10
      vertex 77.4 -65.5 1.6
    endloop
  endfacet
  facet normal 0 -1 0
    outer loop
      vertex 55.70000000000002 -50.5 1.6
      vertex 75.4 -50.5 1.6
      vertex 73.9 -50.5 8
    endloop
  endfacet
  facet normal 0 -1 0
    outer loop
      vertex 53.70000000000002 -50.5 1.6
      vertex 55.70000000000002 -50.5 1.6
      vertex 71.9 -50.5 10
    endloop
  endfacet
  facet normal 0 -1 0
    outer loop
      vertex 75.4 -50.5 1.6
      vertex 77.4 -50.5 1.6
      vertex 73.9 -50.5 8
    endloop
  endfacet
  facet normal 0 1 0
    outer loop
      vertex 55.70000000000002 -65.5 1.6
      vertex 53.70000000000002 -65.5 8
      vertex 55.70000000000002 -65.5 10
    endloop
  endfacet
  facet normal 0 1 0
    outer loop
      vertex 77.4 -65.5 1.6
      vertex 55.70000000000002 -65.5 10
      vertex 73.9 -65.5 8
    endloop
  endfacet
  facet normal 0 1 0
    outer loop
      vertex 77.4 -65.5 1.6
      vertex 73.9 -65.5 8
      vertex 77.4 -65.5 8
    endloop
  endfacet
  facet normal 0 1 0
    outer loop
      vertex 73.9 -65.5 8
      vertex 55.70000000000002 -65.5 10
      vertex 71.9 -65.5 10
    endloop
  endfacet
  facet normal 0 -1 0
    outer loop
      vertex 53.70000000000002 -50.5 1.6
      vertex 71.9 -50.5 10
      vertex 53.70000000000002 -50.5 8
    endloop
  endfacet
  facet normal 0 -1 0
    outer loop
      vertex 55.70000000000002 -50.5 1.6
      vertex 73.9 -50.5 8
      vertex 71.9 -50.5 10
    endloop
  endfacet
  facet normal 0 -1 0
    outer loop
      vertex 77.4 -50.5 1.6
      vertex 77.4 -50.5 8
      vertex 73.9 -50.5 8
    endloop
  endfacet
  facet normal 0 -1 0
    outer loop
      vertex 53.70000000000002 -50.5 8
      vertex 71.9 -50.5 10
      vertex 55.70000000000002 -50.5 10
    endloop
  endfacet
  facet normal 0 1 0
    outer loop
      vertex -33.7 50.5 1.6
      vertex -33.7 50.5 8
      vertex -31.700000000000003 50.5 1.6
    endloop
  endfacet
  facet normal 0 1 0
    outer loop
      vertex -31.700000000000003 50.5 1.6
      vertex -31.700000000000003 50.5 10
      vertex -12 50.5 1.6
    endloop
  endfacet
  facet normal 0 1 0
    outer loop
      vertex -12 50.5 1.6
      vertex -31.700000000000003 50.5 10
      vertex -10 50.5 1.6
    endloop
  endfacet
  facet normal 0 0 1
    outer loop
      vertex -33.7 50.5 1.6
      vertex -31.700000000000003 50.5 1.6
      vertex -31.700000000000003 65.5 1.6
    endloop
  endfacet
  facet normal 0 0 1
    outer loop
      vertex -33.7 50.5 1.6
      vertex -31.700000000000003 65.5 1.6
      vertex -33.7 65.5 1.6
    endloop
  endfacet
  facet normal 0 0 1
    outer loop
      vertex -12 50.5 1.6
      vertex -10 50.5 1.6
      vertex -10 65.5 1.6
    endloop
  endfacet
  facet normal 0 0 1
    outer loop
      vertex -12 50.5 1.6
      vertex -10 65.5 1.6
      vertex -12 65.5 1.6
    endloop
  endfacet
  facet normal 0 -1 0
    outer loop
      vertex -33.7 65.5 1.6
      vertex -31.700000000000003 65.5 1.6
      vertex -15.5 65.5 10
    endloop
  endfacet
  facet normal 0 -1 0
    outer loop
      vertex -31.700000000000003 65.5 1.6
      vertex -12 65.5 1.6
      vertex -13.5 65.5 8
    endloop
  endfacet
  facet normal 0 -1 0
    outer loop
      vertex -12 65.5 1.6
      vertex -10 65.5 1.6
      vertex -13.5 65.5 8
    endloop
  endfacet
  facet normal 0 1 0
    outer loop
      vertex -31.700000000000003 50.5 1.6
      vertex -33.7 50.5 8
      vertex -31.700000000000003 50.5 10
    endloop
  endfacet
  facet normal 0 1 0
    outer loop
      vertex -10 50.5 1.6
      vertex -13.5 50.5 8
      vertex -10 50.5 8
    endloop
  endfacet
  facet normal 0 1 0
    outer loop
      vertex -10 50.5 1.6
      vertex -31.700000000000003 50.5 10
      vertex -13.5 50.5 8
    endloop
  endfacet
  facet normal 0 1 0
    outer loop
      vertex -31.700000000000003 50.5 10
      vertex -15.5 50.5 10
      vertex -13.5 50.5 8
    endloop
  endfacet
  facet normal 0 -1 0
    outer loop
      vertex -33.7 65.5 1.6
      vertex -15.5 65.5 10
      vertex -33.7 65.5 8
    endloop
  endfacet
  facet normal 0 -1 0
    outer loop
      vertex -10 65.5 1.6
      vertex -10 65.5 8
      vertex -13.5 65.5 8
    endloop
  endfacet
  facet normal 0 -1 0
    outer loop
      vertex -31.700000000000003 65.5 1.6
      vertex -13.5 65.5 8
      vertex -15.5 65.5 10
    endloop
  endfacet
  facet normal 0 -1 0
    outer loop
      vertex -33.7 65.5 8
      vertex -15.5 65.5 10
      vertex -31.700000000000003 65.5 10
    endloop
  endfacet
  facet normal 0 0 1
    outer loop
      vertex -33.7 -7.5 1.6
      vertex -31.700000000000003 -7.5 1.6
      vertex -31.700000000000003 7.5 1.6
    endloop
  endfacet
  facet normal 0 0 1
    outer loop
      vertex -12 -7.5 1.6
      vertex -10 -7.5 1.6
      vertex -10 7.5 1.6
    endloop
  endfacet
  facet normal 0 1 0
    outer loop
      vertex -33.7 -7.5 1.6
      vertex -33.7 -7.5 8
      vertex -31.700000000000003 -7.5 1.6
    endloop
  endfacet
  facet normal 0 1 0
    outer loop
      vertex -31.700000000000003 -7.5 1.6
      vertex -31.700000000000003 -7.5 10
      vertex -12 -7.5 1.6
    endloop
  endfacet
  facet normal 0 1 0
    outer loop
      vertex -12 -7.5 1.6
      vertex -31.700000000000003 -7.5 10
      vertex -10 -7.5 1.6
    endloop
  endfacet
  facet normal 0 1 0
    outer loop
      vertex -31.700000000000003 -7.5 1.6
      vertex -33.7 -7.5 8
      vertex -31.700000000000003 -7.5 10
    endloop
  endfacet
  facet normal 0 1 0
    outer loop
      vertex -10 -7.5 1.6
      vertex -13.5 -7.5 8
      vertex -10 -7.5 8
    endloop
  endfacet
  facet normal 0 1 0
    outer loop
      vertex -10 -7.5 1.6
      vertex -31.700000000000003 -7.5 10
      vertex -13.5 -7.5 8
    endloop
  endfacet
  facet normal 0 1 0
    outer loop
      vertex -31.700000000000003 -7.5 10
      vertex -15.5 -7.5 10
      vertex -13.5 -7.5 8
    endloop
  endfacet
  facet normal 0 0 1
    outer loop
      vertex -33.7 -7.5 1.6
      vertex -31.700000000000003 7.5 1.6
      vertex -33.7 7.5 1.6
    endloop
  endfacet
  facet normal 0 0 1
    outer loop
      vertex -12 -7.5 1.6
      vertex -10 7.5 1.6
      vertex -12 7.5 1.6
    endloop
  endfacet
  facet normal 0 -1 0
    outer loop
      vertex -33.7 7.5 1.6
      vertex -31.700000000000003 7.5 1.6
      vertex -15.5 7.5 10
    endloop
  endfacet
  facet normal 0 -1 0
    outer loop
      vertex -31.700000000000003 7.5 1.6
      vertex -12 7.5 1.6
      vertex -13.5 7.5 8
    endloop
  endfacet
  facet normal 0 -1 0
    outer loop
      vertex -12 7.5 1.6
      vertex -10 7.5 1.6
      vertex -13.5 7.5 8
    endloop
  endfacet
  facet normal 0 -1 0
    outer loop
      vertex -33.7 7.5 1.6
      vertex -15.5 7.5 10
      vertex -33.7 7.5 8
    endloop
  endfacet
  facet normal 0 -1 0
    outer loop
      vertex -10 7.5 1.6
      vertex -10 7.5 8
      vertex -13.5 7.5 8
    endloop
  endfacet
  facet normal 0 -1 0
    outer loop
      vertex -31.700000000000003 7.5 1.6
      vertex -13.5 7.5 8
      vertex -15.5 7.5 10
    endloop
  endfacet
  facet normal 0 -1 0
    outer loop
      vertex -33.7 7.5 8
      vertex -15.5 7.5 10
      vertex -31.700000000000003 7.5 10
    endloop
  endfacet
  facet normal 0 0 1
    outer loop
      vertex -33.7 -65.5 1.6
      vertex -31.700000000000003 -65.5 1.6
      vertex -31.700000000000003 -50.5 1.6
    endloop
  endfacet
  facet normal 0 0 1
    outer loop
      vertex -33.7 -65.5 1.6
      vertex -31.700000000000003 -50.5 1.6
      vertex -33.7 -50.5 1.6
    endloop
  endfacet
  facet normal 0 0 1
    outer loop
      vertex -12 -65.5 1.6
      vertex -10 -65.5 1.6
      vertex -10 -50.5 1.6
    endloop
  endfacet
  facet normal 0 0 1
    outer loop
      vertex -12 -65.5 1.6
      vertex -10 -50.5 1.6
      vertex -12 -50.5 1.6
    endloop
  endfacet
  facet normal 0 1 0
    outer loop
      vertex -33.7 -65.5 1.6
      vertex -33.7 -65.5 8
      vertex -31.700000000000003 -65.5 1.6
    endloop
  endfacet
  facet normal 0 1 0
    outer loop
      vertex -31.700000000000003 -65.5 1.6
      vertex -31.700000000000003 -65.5 10
      vertex -12 -65.5 1.6
    endloop
  endfacet
  facet normal 0 1 0
    outer loop
      vertex -12 -65.5 1.6
      vertex -31.700000000000003 -65.5 10
      vertex -10 -65.5 1.6
    endloop
  endfacet
  facet normal 0 -1 0
    outer loop
      vertex -33.7 -50.5 1.6
      vertex -31.700000000000003 -50.5 1.6
      vertex -15.5 -50.5 10
    endloop
  endfacet
  facet normal 0 -1 0
    outer loop
      vertex -31.700000000000003 -50.5 1.6
      vertex -12 -50.5 1.6
      vertex -13.5 -50.5 8
    endloop
  endfacet
  facet normal 0 -1 0
    outer loop
      vertex -12 -50.5 1.6
      vertex -10 -50.5 1.6
      vertex -13.5 -50.5 8
    endloop
  endfacet
  facet normal 0 1 0
    outer loop
      vertex -31.700000000000003 -65.5 1.6
      vertex -33.7 -65.5 8
      vertex -31.700000000000003 -65.5 10
    endloop
  endfacet
  facet normal 0 1 0
    outer loop
      vertex -10 -65.5 1.6
      vertex -13.5 -65.5 8
      vertex -10 -65.5 8
    endloop
  endfacet
  facet normal 0 1 0
    outer loop
      vertex -10 -65.5 1.6
      vertex -31.700000000000003 -65.5 10
      vertex -13.5 -65.5 8
    endloop
  endfacet
  facet normal 0 1 0
    outer loop
      vertex -31.700000000000003 -65.5 10
      vertex -15.5 -65.5 10
      vertex -13.5 -65.5 8
    endloop
  endfacet
  facet normal 0 -1 0
    outer loop
      vertex -33.7 -50.5 1.6
      vertex -15.5 -50.5 10
      vertex -33.7 -50.5 8
    endloop
  endfacet
  facet normal 0 -1 0
    outer loop
      vertex -10 -50.5 1.6
      vertex -10 -50.5 8
      vertex -13.5 -50.5 8
    endloop
  endfacet
  facet normal 0 -1 0
    outer loop
      vertex -31.700000000000003 -50.5 1.6
      vertex -13.5 -50.5 8
      vertex -15.5 -50.5 10
    endloop
  endfacet
  facet normal 0 -1 0
    outer loop
      vertex -33.7 -50.5 8
      vertex -15.5 -50.5 10
      vertex -31.700000000000003 -50.5 10
    endloop
  endfacet
  facet normal 0 1 0
    outer loop
      vertex 12 79.5 0
      vertex 12 79.5 1.6
      vertex 31.700000000000003 79.5 0
    endloop
  endfacet
  facet normal 1 0 0
    outer loop
      vertex 12 79.5 0
      vertex 12 94.5 0
      vertex 12 94.5 1.6
    endloop
  endfacet
  facet normal 1 0 0
    outer loop
      vertex 12 79.5 0
      vertex 12 94.5 1.6
      vertex 12 79.5 1.6
    endloop
  endfacet
  facet normal 0 -1 0
    outer loop
      vertex 12 94.5 0
      vertex 31.700000000000003 94.5 1.6
      vertex 12 94.5 1.6
    endloop
  endfacet
  facet normal 0 1 0
    outer loop
      vertex 12 79.5 1.6
      vertex 31.700000000000003 79.5 1.6
      vertex 31.700000000000003 79.5 0
    endloop
  endfacet
  facet normal 0 -1 0
    outer loop
      vertex 12 94.5 0
      vertex 31.700000000000003 94.5 0
      vertex 31.700000000000003 94.5 1.6
    endloop
  endfacet
  facet normal -1 0 0
    outer loop
      vertex 31.700000000000003 79.5 0
      vertex 31.700000000000003 79.5 1.6
      vertex 31.700000000000003 94.5 0
    endloop
  endfacet
  facet normal -1 0 0
    outer loop
      vertex 31.700000000000003 79.5 1.6
      vertex 31.700000000000003 94.5 1.6
      vertex 31.700000000000003 94.5 0
    endloop
  endfacet
  facet normal 1 0 0
    outer loop
      vertex 12 21.5 0
      vertex 12 36.5 1.6
      vertex 12 21.5 1.6
    endloop
  endfacet
  facet normal 0 1 0
    outer loop
      vertex 12 21.5 0
      vertex 12 21.5 1.6
      vertex 31.700000000000003 21.5 0
    endloop
  endfacet
  facet normal 1 0 0
    outer loop
      vertex 12 21.5 0
      vertex 12 36.5 0
      vertex 12 36.5 1.6
    endloop
  endfacet
  facet normal 0 -1 0
    outer loop
      vertex 12 36.5 0
      vertex 31.700000000000003 36.5 1.6
      vertex 12 36.5 1.6
    endloop
  endfacet
  facet normal -1 0 0
    outer loop
      vertex 31.700000000000003 21.5 0
      vertex 31.700000000000003 21.5 1.6
      vertex 31.700000000000003 36.5 0
    endloop
  endfacet
  facet normal 0 1 0
    outer loop
      vertex 12 21.5 1.6
      vertex 31.700000000000003 21.5 1.6
      vertex 31.700000000000003 21.5 0
    endloop
  endfacet
  facet normal 0 -1 0
    outer loop
      vertex 12 36.5 0
      vertex 31.700000000000003 36.5 0
      vertex 31.700000000000003 36.5 1.6
    endloop
  endfacet
  facet normal -1 0 0
    outer loop
      vertex 31.700000000000003 21.5 1.6
      vertex 31.700000000000003 36.5 1.6
      vertex 31.700000000000003 36.5 0
    endloop
  endfacet
  facet normal 1 0 0
    outer loop
      vertex 12 -36.5 0
      vertex 12 -21.5 1.6
      vertex 12 -36.5 1.6
    endloop
  endfacet
  facet normal 0 1 0
    outer loop
      vertex 12 -36.5 0
      vertex 12 -36.5 1.6
      vertex 31.700000000000003 -36.5 0
    endloop
  endfacet
  facet normal 1 0 0
    outer loop
      vertex 12 -36.5 0
      vertex 12 -21.5 0
      vertex 12 -21.5 1.6
    endloop
  endfacet
  facet normal 0 -1 0
    outer loop
      vertex 12 -21.5 0
      vertex 31.700000000000003 -21.5 1.6
      vertex 12 -21.5 1.6
    endloop
  endfacet
  facet normal -1 0 0
    outer loop
      vertex 31.700000000000003 -36.5 0
      vertex 31.700000000000003 -36.5 1.6
      vertex 31.700000000000003 -21.5 0
    endloop
  endfacet
  facet normal 0 1 0
    outer loop
      vertex 12 -36.5 1.6
      vertex 31.700000000000003 -36.5 1.6
      vertex 31.700000000000003 -36.5 0
    endloop
  endfacet
  facet normal 0 -1 0
    outer loop
      vertex 12 -21.5 0
      vertex 31.700000000000003 -21.5 0
      vertex 31.700000000000003 -21.5 1.6
    endloop
  endfacet
  facet normal -1 0 0
    outer loop
      vertex 31.700000000000003 -36.5 1.6
      vertex 31.700000000000003 -21.5 1.6
      vertex 31.700000000000003 -21.5 0
    endloop
  endfacet
  facet normal 1 0 0
    outer loop
      vertex 12 -94.5 0
      vertex 12 -79.5 0
      vertex 12 -79.5 1.6
    endloop
  endfacet
  facet normal 1 0 0
    outer loop
      vertex 12 -94.5 0
      vertex 12 -79.5 1.6
      vertex 12 -94.5 1.6
    endloop
  endfacet
  facet normal 0 1 0
    outer loop
      vertex 12 -94.5 0
      vertex 12 -94.5 1.6
      vertex 31.700000000000003 -94.5 0
    endloop
  endfacet
  facet normal 0 -1 0
    outer loop
      vertex 12 -79.5 0
      vertex 31.700000000000003 -79.5 1.6
      vertex 12 -79.5 1.6
    endloop
  endfacet
  facet normal -1 0 0
    outer loop
      vertex 31.700000000000003 -94.5 0
      vertex 31.700000000000003 -94.5 1.6
      vertex 31.700000000000003 -79.5 0
    endloop
  endfacet
  facet normal 0 1 0
    outer loop
      vertex 12 -94.5 1.6
      vertex 31.700000000000003 -94.5 1.6
      vertex 31.700000000000003 -94.5 0
    endloop
  endfacet
  facet normal -1 0 0
    outer loop
      vertex 31.700000000000003 -94.5 1.6
      vertex 31.700000000000003 -79.5 1.6
      vertex 31.700000000000003 -79.5 0
    endloop
  endfacet
  facet normal 0 -1 0
    outer loop
      vertex 12 -79.5 0
      vertex 31.700000000000003 -79.5 0
      vertex 31.700000000000003 -79.5 1.6
    endloop
  endfacet
  facet normal 1 0 0
    outer loop
      vertex -75.4 79.5 0
      vertex -75.4 94.5 0
      vertex -75.4 94.5 1.6
    endloop
  endfacet
  facet normal 1 0 0
    outer loop
      vertex -75.4 79.5 0
      vertex -75.4 94.5 1.6
      vertex -75.4 79.5 1.6
    endloop
  endfacet
  facet normal 0 1 0
    outer loop
      vertex -75.4 79.5 0
      vertex -75.4 79.5 1.6
      vertex -55.7 79.5 0
    endloop
  endfacet
  facet normal 0 1 0
    outer loop
      vertex -75.4 79.5 1.6
      vertex -55.7 79.5 1.6
      vertex -55.7 79.5 0
    endloop
  endfacet
  facet normal 0 -1 0
    outer loop
      vertex -75.4 94.5 0
      vertex -55.7 94.5 1.6
      vertex -75.4 94.5 1.6
    endloop
  endfacet
  facet normal 0 -1 0
    outer loop
      vertex -75.4 94.5 0
      vertex -55.7 94.5 0
      vertex -55.7 94.5 1.6
    endloop
  endfacet
  facet normal -1 0 0
    outer loop
      vertex -55.7 79.5 0
      vertex -55.7 79.5 1.6
      vertex -55.7 94.5 0
    endloop
  endfacet
  facet normal -1 0 0
    outer loop
      vertex -55.7 79.5 1.6
      vertex -55.7 94.5 1.6
      vertex -55.7 94.5 0
    endloop
  endfacet
  facet normal 1 0 0
    outer loop
      vertex -75.4 21.5 0
      vertex -75.4 36.5 1.6
      vertex -75.4 21.5 1.6
    endloop
  endfacet
  facet normal 1 0 0
    outer loop
      vertex -75.4 21.5 0
      vertex -75.4 36.5 0
      vertex -75.4 36.5 1.6
    endloop
  endfacet
  facet normal 0 1 0
    outer loop
      vertex -75.4 21.5 0
      vertex -75.4 21.5 1.6
      vertex -55.7 21.5 0
    endloop
  endfacet
  facet normal -1 0 0
    outer loop
      vertex -55.7 21.5 0
      vertex -55.7 21.5 1.6
      vertex -55.7 36.5 0
    endloop
  endfacet
  facet normal 0 1 0
    outer loop
      vertex -75.4 21.5 1.6
      vertex -55.7 21.5 1.6
      vertex -55.7 21.5 0
    endloop
  endfacet
  facet normal 0 -1 0
    outer loop
      vertex -75.4 36.5 0
      vertex -55.7 36.5 1.6
      vertex -75.4 36.5 1.6
    endloop
  endfacet
  facet normal 0 -1 0
    outer loop
      vertex -75.4 36.5 0
      vertex -55.7 36.5 0
      vertex -55.7 36.5 1.6
    endloop
  endfacet
  facet normal -1 0 0
    outer loop
      vertex -55.7 21.5 1.6
      vertex -55.7 36.5 1.6
      vertex -55.7 36.5 0
    endloop
  endfacet
  facet normal 1 0 0
    outer loop
      vertex -75.4 -36.5 0
      vertex -75.4 -21.5 1.6
      vertex -75.4 -36.5 1.6
    endloop
  endfacet
  facet normal 1 0 0
    outer loop
      vertex -75.4 -36.5 0
      vertex -75.4 -21.5 0
      vertex -75.4 -21.5 1.6
    endloop
  endfacet
  facet normal 0 1 0
    outer loop
      vertex -75.4 -36.5 0
      vertex -75.4 -36.5 1.6
      vertex -55.7 -36.5 0
    endloop
  endfacet
  facet normal -1 0 0
    outer loop
      vertex -55.7 -36.5 0
      vertex -55.7 -36.5 1.6
      vertex -55.7 -21.5 0
    endloop
  endfacet
  facet normal 0 1 0
    outer loop
      vertex -75.4 -36.5 1.6
      vertex -55.7 -36.5 1.6
      vertex -55.7 -36.5 0
    endloop
  endfacet
  facet normal 0 -1 0
    outer loop
      vertex -75.4 -21.5 0
      vertex -55.7 -21.5 1.6
      vertex -75.4 -21.5 1.6
    endloop
  endfacet
  facet normal 0 -1 0
    outer loop
      vertex -75.4 -21.5 0
      vertex -55.7 -21.5 0
      vertex -55.7 -21.5 1.6
    endloop
  endfacet
  facet normal -1 0 0
    outer loop
      vertex -55.7 -36.5 1.6
      vertex -55.7 -21.5 1.6
      vertex -55.7 -21.5 0
    endloop
  endfacet
  facet normal 1 0 0
    outer loop
      vertex -75.4 -94.5 0
      vertex -75.4 -79.5 0
      vertex -75.4 -79.5 1.6
    endloop
  endfacet
  facet normal 1 0 0
    outer loop
      vertex -75.4 -94.5 0
      vertex -75.4 -79.5 1.6
      vertex -75.4 -94.5 1.6
    endloop
  endfacet
  facet normal 0 1 0
    outer loop
      vertex -75.4 -94.5 0
      vertex -75.4 -94.5 1.6
      vertex -55.7 -94.5 0
    endloop
  endfacet
  facet normal -1 0 0
    outer loop
      vertex -55.7 -94.5 0
      vertex -55.7 -94.5 1.6
      vertex -55.7 -79.5 0
    endloop
  endfacet
  facet normal 0 1 0
    outer loop
      vertex -75.4 -94.5 1.6
      vertex -55.7 -94.5 1.6
      vertex -55.7 -94.5 0
    endloop
  endfacet
  facet normal -1 0 0
    outer loop
      vertex -55.7 -94.5 1.6
      vertex -55.7 -79.5 1.6
      vertex -55.7 -79.5 0
    endloop
  endfacet
  facet normal 0 -1 0
    outer loop
      vertex -75.4 -79.5 0
      vertex -55.7 -79.5 1.6
      vertex -75.4 -79.5 1.6
    endloop
  endfacet
  facet normal 0 -1 0
    outer loop
      vertex -75.4 -79.5 0
      vertex -55.7 -79.5 0
      vertex -55.7 -79.5 1.6
    endloop
  endfacet
  facet normal 0 1 0
    outer loop
      vertex 55.70000000000002 79.5 0
      vertex 55.70000000000002 79.5 1.6
      vertex 75.4 79.5 0
    endloop
  endfacet
  facet normal 0 1 0
    outer loop
      vertex 55.70000000000002 79.5 1.6
      vertex 75.4 79.5 1.6
      vertex 75.4 79.5 0
    endloop
  endfacet
  facet normal 1 0 0
    outer loop
      vertex 55.70000000000002 79.5 0
      vertex 55.70000000000002 94.5 0
      vertex 55.70000000000002 94.5 1.6
    endloop
  endfacet
  facet normal 1 0 0
    outer loop
      vertex 55.70000000000002 79.5 0
      vertex 55.70000000000002 94.5 1.6
      vertex 55.70000000000002 79.5 1.6
    endloop
  endfacet
  facet normal 0 -1 0
    outer loop
      vertex 55.70000000000002 94.5 0
      vertex 75.4 94.5 1.6
      vertex 55.70000000000002 94.5 1.6
    endloop
  endfacet
  facet normal 0 -1 0
    outer loop
      vertex 55.70000000000002 94.5 0
      vertex 75.4 94.5 0
      vertex 75.4 94.5 1.6
    endloop
  endfacet
  facet normal -1 0 0
    outer loop
      vertex 75.4 79.5 0
      vertex 75.4 79.5 1.6
      vertex 75.4 94.5 0
    endloop
  endfacet
  facet normal -1 0 0
    outer loop
      vertex 75.4 79.5 1.6
      vertex 75.4 94.5 1.6
      vertex 75.4 94.5 0
    endloop
  endfacet
  facet normal 0 1 0
    outer loop
      vertex 55.70000000000002 21.5 0
      vertex 55.70000000000002 21.5 1.6
      vertex 75.4 21.5 0
    endloop
  endfacet
  facet normal 1 0 0
    outer loop
      vertex 55.70000000000002 21.5 0
      vertex 55.70000000000002 36.5 1.6
      vertex 55.70000000000002 21.5 1.6
    endloop
  endfacet
  facet normal 0 1 0
    outer loop
      vertex 55.70000000000002 21.5 1.6
      vertex 75.4 21.5 1.6
      vertex 75.4 21.5 0
    endloop
  endfacet
  facet normal 1 0 0
    outer loop
      vertex 55.70000000000002 21.5 0
      vertex 55.70000000000002 36.5 0
      vertex 55.70000000000002 36.5 1.6
    endloop
  endfacet
  facet normal 0 -1 0
    outer loop
      vertex 55.70000000000002 36.5 0
      vertex 75.4 36.5 1.6
      vertex 55.70000000000002 36.5 1.6
    endloop
  endfacet
  facet normal 0 -1 0
    outer loop
      vertex 55.70000000000002 36.5 0
      vertex 75.4 36.5 0
      vertex 75.4 36.5 1.6
    endloop
  endfacet
  facet normal -1 0 0
    outer loop
      vertex 75.4 21.5 0
      vertex 75.4 21.5 1.6
      vertex 75.4 36.5 0
    endloop
  endfacet
  facet normal -1 0 0
    outer loop
      vertex 75.4 21.5 1.6
      vertex 75.4 36.5 1.6
      vertex 75.4 36.5 0
    endloop
  endfacet
  facet normal 0 1 0
    outer loop
      vertex 55.70000000000002 -36.5 0
      vertex 55.70000000000002 -36.5 1.6
      vertex 75.4 -36.5 0
    endloop
  endfacet
  facet normal 1 0 0
    outer loop
      vertex 55.70000000000002 -36.5 0
      vertex 55.70000000000002 -21.5 1.6
      vertex 55.70000000000002 -36.5 1.6
    endloop
  endfacet
  facet normal 0 1 0
    outer loop
      vertex 55.70000000000002 -36.5 1.6
      vertex 75.4 -36.5 1.6
      vertex 75.4 -36.5 0
    endloop
  endfacet
  facet normal 1 0 0
    outer loop
      vertex 55.70000000000002 -36.5 0
      vertex 55.70000000000002 -21.5 0
      vertex 55.70000000000002 -21.5 1.6
    endloop
  endfacet
  facet normal 0 -1 0
    outer loop
      vertex 55.70000000000002 -21.5 0
      vertex 75.4 -21.5 1.6
      vertex 55.70000000000002 -21.5 1.6
    endloop
  endfacet
  facet normal 0 -1 0
    outer loop
      vertex 55.70000000000002 -21.5 0
      vertex 75.4 -21.5 0
      vertex 75.4 -21.5 1.6
    endloop
  endfacet
  facet normal -1 0 0
    outer loop
      vertex 75.4 -36.5 0
      vertex 75.4 -36.5 1.6
      vertex 75.4 -21.5 0
    endloop
  endfacet
  facet normal -1 0 0
    outer loop
      vertex 75.4 -36.5 1.6
      vertex 75.4 -21.5 1.6
      vertex 75.4 -21.5 0
    endloop
  endfacet
  facet normal 1 0 0
    outer loop
      vertex 55.70000000000002 -94.5 0
      vertex 55.70000000000002 -79.5 0
      vertex 55.70000000000002 -79.5 1.6
    endloop
  endfacet
  facet normal 0 1 0
    outer loop
      vertex 55.70000000000002 -94.5 0
      vertex 55.70000000000002 -94.5 1.6
      vertex 75.4 -94.5 0
    endloop
  endfacet
  facet normal 1 0 0
    outer loop
      vertex 55.70000000000002 -94.5 0
      vertex 55.70000000000002 -79.5 1.6
      vertex 55.70000000000002 -94.5 1.6
    endloop
  endfacet
  facet normal 0 1 0
    outer loop
      vertex 55.70000000000002 -94.5 1.6
      vertex 75.4 -94.5 1.6
      vertex 75.4 -94.5 0
    endloop
  endfacet
  facet normal 0 -1 0
    outer loop
      vertex 55.70000000000002 -79.5 0
      vertex 75.4 -79.5 1.6
      vertex 55.70000000000002 -79.5 1.6
    endloop
  endfacet
  facet normal 0 -1 0
    outer loop
      vertex 55.70000000000002 -79.5 0
      vertex 75.4 -79.5 0
      vertex 75.4 -79.5 1.6
    endloop
  endfacet
  facet normal -1 0 0
    outer loop
      vertex 75.4 -94.5 0
      vertex 75.4 -94.5 1.6
      vertex 75.4 -79.5 0
    endloop
  endfacet
  facet normal -1 0 0
    outer loop
      vertex 75.4 -94.5 1.6
      vertex 75.4 -79.5 1.6
      vertex 75.4 -79.5 0
    endloop
  endfacet
  facet normal 0 1 0
    outer loop
      vertex -31.700000000000003 79.5 0
      vertex -31.700000000000003 79.5 1.6
      vertex -12 79.5 0
    endloop
  endfacet
  facet normal 1 0 0
    outer loop
      vertex -31.700000000000003 79.5 0
      vertex -31.700000000000003 94.5 0
      vertex -31.700000000000003 94.5 1.6
    endloop
  endfacet
  facet normal 1 0 0
    outer loop
      vertex -31.700000000000003 79.5 0
      vertex -31.700000000000003 94.5 1.6
      vertex -31.700000000000003 79.5 1.6
    endloop
  endfacet
  facet normal 0 -1 0
    outer loop
      vertex -31.700000000000003 94.5 0
      vertex -12 94.5 1.6
      vertex -31.700000000000003 94.5 1.6
    endloop
  endfacet
  facet normal 0 1 0
    outer loop
      vertex -31.700000000000003 79.5 1.6
      vertex -12 79.5 1.6
      vertex -12 79.5 0
    endloop
  endfacet
  facet normal 0 -1 0
    outer loop
      vertex -31.700000000000003 94.5 0
      vertex -12 94.5 0
      vertex -12 94.5 1.6
    endloop
  endfacet
  facet normal -1 0 0
    outer loop
      vertex -12 79.5 0
      vertex -12 79.5 1.6
      vertex -12 94.5 0
    endloop
  endfacet
  facet normal -1 0 0
    outer loop
      vertex -12 79.5 1.6
      vertex -12 94.5 1.6
      vertex -12 94.5 0
    endloop
  endfacet
  facet normal 0 1 0
    outer loop
      vertex -31.700000000000003 21.5 0
      vertex -31.700000000000003 21.5 1.6
      vertex -12 21.5 0
    endloop
  endfacet
  facet normal 1 0 0
    outer loop
      vertex -31.700000000000003 21.5 0
      vertex -31.700000000000003 36.5 1.6
      vertex -31.700000000000003 21.5 1.6
    endloop
  endfacet
  facet normal 1 0 0
    outer loop
      vertex -31.700000000000003 21.5 0
      vertex -31.700000000000003 36.5 0
      vertex -31.700000000000003 36.5 1.6
    endloop
  endfacet
  facet normal 0 -1 0
    outer loop
      vertex -31.700000000000003 36.5 0
      vertex -12 36.5 1.6
      vertex -31.700000000000003 36.5 1.6
    endloop
  endfacet
  facet normal 0 1 0
    outer loop
      vertex -31.700000000000003 21.5 1.6
      vertex -12 21.5 1.6
      vertex -12 21.5 0
    endloop
  endfacet
  facet normal -1 0 0
    outer loop
      vertex -12 21.5 0
      vertex -12 21.5 1.6
      vertex -12 36.5 0
    endloop
  endfacet
  facet normal 0 -1 0
    outer loop
      vertex -31.700000000000003 36.5 0
      vertex -12 36.5 0
      vertex -12 36.5 1.6
    endloop
  endfacet
  facet normal -1 0 0
    outer loop
      vertex -12 21.5 1.6
      vertex -12 36.5 1.6
      vertex -12 36.5 0
    endloop
  endfacet
  facet normal 0 1 0
    outer loop
      vertex -31.700000000000003 -36.5 0
      vertex -31.700000000000003 -36.5 1.6
      vertex -12 -36.5 0
    endloop
  endfacet
  facet normal 1 0 0
    outer loop
      vertex -31.700000000000003 -36.5 0
      vertex -31.700000000000003 -21.5 1.6
      vertex -31.700000000000003 -36.5 1.6
    endloop
  endfacet
  facet normal 1 0 0
    outer loop
      vertex -31.700000000000003 -36.5 0
      vertex -31.700000000000003 -21.5 0
      vertex -31.700000000000003 -21.5 1.6
    endloop
  endfacet
  facet normal 0 -1 0
    outer loop
      vertex -31.700000000000003 -21.5 0
      vertex -12 -21.5 1.6
      vertex -31.700000000000003 -21.5 1.6
    endloop
  endfacet
  facet normal 0 1 0
    outer loop
      vertex -31.700000000000003 -36.5 1.6
      vertex -12 -36.5 1.6
      vertex -12 -36.5 0
    endloop
  endfacet
  facet normal -1 0 0
    outer loop
      vertex -12 -36.5 0
      vertex -12 -36.5 1.6
      vertex -12 -21.5 0
    endloop
  endfacet
  facet normal 0 -1 0
    outer loop
      vertex -31.700000000000003 -21.5 0
      vertex -12 -21.5 0
      vertex -12 -21.5 1.6
    endloop
  endfacet
  facet normal -1 0 0
    outer loop
      vertex -12 -36.5 1.6
      vertex -12 -21.5 1.6
      vertex -12 -21.5 0
    endloop
  endfacet
  facet normal 1 0 0
    outer loop
      vertex -31.700000000000003 -94.5 0
      vertex -31.700000000000003 -79.5 0
      vertex -31.700000000000003 -79.5 1.6
    endloop
  endfacet
  facet normal 0 1 0
    outer loop
      vertex -31.700000000000003 -94.5 0
      vertex -31.700000000000003 -94.5 1.6
      vertex -12 -94.5 0
    endloop
  endfacet
  facet normal 1 0 0
    outer loop
      vertex -31.700000000000003 -94.5 0
      vertex -31.700000000000003 -79.5 1.6
      vertex -31.700000000000003 -94.5 1.6
    endloop
  endfacet
  facet normal 0 -1 0
    outer loop
      vertex -31.700000000000003 -79.5 0
      vertex -12 -79.5 1.6
      vertex -31.700000000000003 -79.5 1.6
    endloop
  endfacet
  facet normal 0 1 0
    outer loop
      vertex -31.700000000000003 -94.5 1.6
      vertex -12 -94.5 1.6
      vertex -12 -94.5 0
    endloop
  endfacet
  facet normal -1 0 0
    outer loop
      vertex -12 -94.5 0
      vertex -12 -94.5 1.6
      vertex -12 -79.5 0
    endloop
  endfacet
  facet normal -1 0 0
    outer loop
      vertex -12 -94.5 1.6
      vertex -12 -79.5 1.6
      vertex -12 -79.5 0
    endloop
  endfacet
  facet normal 0 -1 0
    outer loop
      vertex -31.700000000000003 -79.5 0
      vertex -12 -79.5 0
      vertex -12 -79.5 1.6
    endloop
  endfacet
  facet normal 0 1 0
    outer loop
      vertex 12 50.5 0
      vertex 12 50.5 1.6
      vertex 31.700000000000003 50.5 0
    endloop
  endfacet
  facet normal 0 1 0
    outer loop
      vertex 12 50.5 1.6
      vertex 31.700000000000003 50.5 1.6
      vertex 31.700000000000003 50.5 0
    endloop
  endfacet
  facet normal 1 0 0
    outer loop
      vertex 12 50.5 0
      vertex 12 65.5 0
      vertex 12 65.5 1.6
    endloop
  endfacet
  facet normal 1 0 0
    outer loop
      vertex 12 50.5 0
      vertex 12 65.5 1.6
      vertex 12 50.5 1.6
    endloop
  endfacet
  facet normal 0 -1 0
    outer loop
      vertex 12 65.5 0
      vertex 31.700000000000003 65.5 1.6
      vertex 12 65.5 1.6
    endloop
  endfacet
  facet normal 0 -1 0
    outer loop
      vertex 12 65.5 0
      vertex 31.700000000000003 65.5 0
      vertex 31.700000000000003 65.5 1.6
    endloop
  endfacet
  facet normal -1 0 0
    outer loop
      vertex 31.700000000000003 50.5 0
      vertex 31.700000000000003 50.5 1.6
      vertex 31.700000000000003 65.5 0
    endloop
  endfacet
  facet normal -1 0 0
    outer loop
      vertex 31.700000000000003 50.5 1.6
      vertex 31.700000000000003 65.5 1.6
      vertex 31.700000000000003 65.5 0
    endloop
  endfacet
  facet normal 1 0 0
    outer loop
      vertex 12 -7.5 0
      vertex 12 7.5 1.6
      vertex 12 -7.5 1.6
    endloop
  endfacet
  facet normal 0 1 0
    outer loop
      vertex 12 -7.5 0
      vertex 12 -7.5 1.6
      vertex 31.700000000000003 -7.5 0
    endloop
  endfacet
  facet normal -1 0 0
    outer loop
      vertex 31.700000000000003 -7.5 0
      vertex 31.700000000000003 -7.5 1.6
      vertex 31.700000000000003 7.5 0
    endloop
  endfacet
  facet normal 0 1 0
    outer loop
      vertex 12 -7.5 1.6
      vertex 31.700000000000003 -7.5 1.6
      vertex 31.700000000000003 -7.5 0
    endloop
  endfacet
  facet normal 1 0 0
    outer loop
      vertex 12 -7.5 0
      vertex 12 7.5 0
      vertex 12 7.5 1.6
    endloop
  endfacet
  facet normal 0 -1 0
    outer loop
      vertex 12 7.5 0
      vertex 31.700000000000003 7.5 1.6
      vertex 12 7.5 1.6
    endloop
  endfacet
  facet normal 0 -1 0
    outer loop
      vertex 12 7.5 0
      vertex 31.700000000000003 7.5 0
      vertex 31.700000000000003 7.5 1.6
    endloop
  endfacet
  facet normal -1 0 0
    outer loop
      vertex 31.700000000000003 -7.5 1.6
      vertex 31.700000000000003 7.5 1.6
      vertex 31.700000000000003 7.5 0
    endloop
  endfacet
  facet normal 1 0 0
    outer loop
      vertex 12 -65.5 0
      vertex 12 -50.5 0
      vertex 12 -50.5 1.6
    endloop
  endfacet
  facet normal 1 0 0
    outer loop
      vertex 12 -65.5 0
      vertex 12 -50.5 1.6
      vertex 12 -65.5 1.6
    endloop
  endfacet
  facet normal 0 1 0
    outer loop
      vertex 12 -65.5 0
      vertex 12 -65.5 1.6
      vertex 31.700000000000003 -65.5 0
    endloop
  endfacet
  facet normal -1 0 0
    outer loop
      vertex 31.700000000000003 -65.5 0
      vertex 31.700000000000003 -65.5 1.6
      vertex 31.700000000000003 -50.5 0
    endloop
  endfacet
  facet normal 0 1 0
    outer loop
      vertex 12 -65.5 1.6
      vertex 31.700000000000003 -65.5 1.6
      vertex 31.700000000000003 -65.5 0
    endloop
  endfacet
  facet normal -1 0 0
    outer loop
      vertex 31.700000000000003 -65.5 1.6
      vertex 31.700000000000003 -50.5 1.6
      vertex 31.700000000000003 -50.5 0
    endloop
  endfacet
  facet normal 0 -1 0
    outer loop
      vertex 12 -50.5 0
      vertex 31.700000000000003 -50.5 1.6
      vertex 12 -50.5 1.6
    endloop
  endfacet
  facet normal 0 -1 0
    outer loop
      vertex 12 -50.5 0
      vertex 31.700000000000003 -50.5 0
      vertex 31.700000000000003 -50.5 1.6
    endloop
  endfacet
  facet normal 0 1 0
    outer loop
      vertex -75.4 50.5 0
      vertex -75.4 50.5 1.6
      vertex -55.7 50.5 0
    endloop
  endfacet
  facet normal 0 1 0
    outer loop
      vertex -75.4 50.5 1.6
      vertex -55.7 50.5 1.6
      vertex -55.7 50.5 0
    endloop
  endfacet
  facet normal 1 0 0
    outer loop
      vertex -75.4 50.5 0
      vertex -75.4 65.5 0
      vertex -75.4 65.5 1.6
    endloop
  endfacet
  facet normal 1 0 0
    outer loop
      vertex -75.4 50.5 0
      vertex -75.4 65.5 1.6
      vertex -75.4 50.5 1.6
    endloop
  endfacet
  facet normal 0 -1 0
    outer loop
      vertex -75.4 65.5 0
      vertex -55.7 65.5 1.6
      vertex -75.4 65.5 1.6
    endloop
  endfacet
  facet normal 0 -1 0
    outer loop
      vertex -75.4 65.5 0
      vertex -55.7 65.5 0
      vertex -55.7 65.5 1.6
    endloop
  endfacet
  facet normal -1 0 0
    outer loop
      vertex -55.7 50.5 0
      vertex -55.7 50.5 1.6
      vertex -55.7 65.5 0
    endloop
  endfacet
  facet normal -1 0 0
    outer loop
      vertex -55.7 50.5 1.6
      vertex -55.7 65.5 1.6
      vertex -55.7 65.5 0
    endloop
  endfacet
  facet normal 1 0 0
    outer loop
      vertex -75.4 -7.5 0
      vertex -75.4 7.5 1.6
      vertex -75.4 -7.5 1.6
    endloop
  endfacet
  facet normal 0 1 0
    outer loop
      vertex -75.4 -7.5 0
      vertex -75.4 -7.5 1.6
      vertex -55.7 -7.5 0
    endloop
  endfacet
  facet normal -1 0 0
    outer loop
      vertex -55.7 -7.5 0
      vertex -55.7 -7.5 1.6
      vertex -55.7 7.5 0
    endloop
  endfacet
  facet normal 0 1 0
    outer loop
      vertex -75.4 -7.5 1.6
      vertex -55.7 -7.5 1.6
      vertex -55.7 -7.5 0
    endloop
  endfacet
  facet normal 1 0 0
    outer loop
      vertex -75.4 -7.5 0
      vertex -75.4 7.5 0
      vertex -75.4 7.5 1.6
    endloop
  endfacet
  facet normal 0 -1 0
    outer loop
      vertex -75.4 7.5 0
      vertex -55.7 7.5 1.6
      vertex -75.4 7.5 1.6
    endloop
  endfacet
  facet normal 0 -1 0
    outer loop
      vertex -75.4 7.5 0
      vertex -55.7 7.5 0
      vertex -55.7 7.5 1.6
    endloop
  endfacet
  facet normal -1 0 0
    outer loop
      vertex -55.7 -7.5 1.6
      vertex -55.7 7.5 1.6
      vertex -55.7 7.5 0
    endloop
  endfacet
  facet normal 1 0 0
    outer loop
      vertex -75.4 -65.5 0
      vertex -75.4 -50.5 0
      vertex -75.4 -50.5 1.6
    endloop
  endfacet
  facet normal 1 0 0
    outer loop
      vertex -75.4 -65.5 0
      vertex -75.4 -50.5 1.6
      vertex -75.4 -65.5 1.6
    endloop
  endfacet
  facet normal 0 1 0
    outer loop
      vertex -75.4 -65.5 0
      vertex -75.4 -65.5 1.6
      vertex -55.7 -65.5 0
    endloop
  endfacet
  facet normal -1 0 0
    outer loop
      vertex -55.7 -65.5 0
      vertex -55.7 -65.5 1.6
      vertex -55.7 -50.5 0
    endloop
  endfacet
  facet normal 0 1 0
    outer loop
      vertex -75.4 -65.5 1.6
      vertex -55.7 -65.5 1.6
      vertex -55.7 -65.5 0
    endloop
  endfacet
  facet normal -1 0 0
    outer loop
      vertex -55.7 -65.5 1.6
      vertex -55.7 -50.5 1.6
      vertex -55.7 -50.5 0
    endloop
  endfacet
  facet normal 0 -1 0
    outer loop
      vertex -75.4 -50.5 0
      vertex -55.7 -50.5 1.6
      vertex -75.4 -50.5 1.6
    endloop
  endfacet
  facet normal 0 -1 0
    outer loop
      vertex -75.4 -50.5 0
      vertex -55.7 -50.5 0
      vertex -55.7 -50.5 1.6
    endloop
  endfacet
  facet normal 0 1 0
    outer loop
      vertex 55.70000000000002 50.5 0
      vertex 55.70000000000002 50.5 1.6
      vertex 75.4 50.5 0
    endloop
  endfacet
  facet normal 0 1 0
    outer loop
      vertex 55.70000000000002 50.5 1.6
      vertex 75.4 50.5 1.6
      vertex 75.4 50.5 0
    endloop
  endfacet
  facet normal 1 0 0
    outer loop
      vertex 55.70000000000002 50.5 0
      vertex 55.70000000000002 65.5 0
      vertex 55.70000000000002 65.5 1.6
    endloop
  endfacet
  facet normal 1 0 0
    outer loop
      vertex 55.70000000000002 50.5 0
      vertex 55.70000000000002 65.5 1.6
      vertex 55.70000000000002 50.5 1.6
    endloop
  endfacet
  facet normal 0 -1 0
    outer loop
      vertex 55.70000000000002 65.5 0
      vertex 75.4 65.5 1.6
      vertex 55.70000000000002 65.5 1.6
    endloop
  endfacet
  facet normal 0 -1 0
    outer loop
      vertex 55.70000000000002 65.5 0
      vertex 75.4 65.5 0
      vertex 75.4 65.5 1.6
    endloop
  endfacet
  facet normal -1 0 0
    outer loop
      vertex 75.4 50.5 0
      vertex 75.4 50.5 1.6
      vertex 75.4 65.5 0
    endloop
  endfacet
  facet normal -1 0 0
    outer loop
      vertex 75.4 50.5 1.6
      vertex 75.4 65.5 1.6
      vertex 75.4 65.5 0
    endloop
  endfacet
  facet normal 0 1 0
    outer loop
      vertex 55.70000000000002 -7.5 0
      vertex 55.70000000000002 -7.5 1.6
      vertex 75.4 -7.5 0
    endloop
  endfacet
  facet normal 1 0 0
    outer loop
      vertex 55.70000000000002 -7.5 0
      vertex 55.70000000000002 7.5 1.6
      vertex 55.70000000000002 -7.5 1.6
    endloop
  endfacet
  facet normal 0 1 0
    outer loop
      vertex 55.70000000000002 -7.5 1.6
      vertex 75.4 -7.5 1.6
      vertex 75.4 -7.5 0
    endloop
  endfacet
  facet normal -1 0 0
    outer loop
      vertex 75.4 -7.5 0
      vertex 75.4 -7.5 1.6
      vertex 75.4 7.5 0
    endloop
  endfacet
  facet normal 1 0 0
    outer loop
      vertex 55.70000000000002 -7.5 0
      vertex 55.70000000000002 7.5 0
      vertex 55.70000000000002 7.5 1.6
    endloop
  endfacet
  facet normal 0 -1 0
    outer loop
      vertex 55.70000000000002 7.5 0
      vertex 75.4 7.5 1.6
      vertex 55.70000000000002 7.5 1.6
    endloop
  endfacet
  facet normal 0 -1 0
    outer loop
      vertex 55.70000000000002 7.5 0
      vertex 75.4 7.5 0
      vertex 75.4 7.5 1.6
    endloop
  endfacet
  facet normal -1 0 0
    outer loop
      vertex 75.4 -7.5 1.6
      vertex 75.4 7.5 1.6
      vertex 75.4 7.5 0
    endloop
  endfacet
  facet normal 1 0 0
    outer loop
      vertex 55.70000000000002 -65.5 0
      vertex 55.70000000000002 -50.5 0
      vertex 55.70000000000002 -50.5 1.6
    endloop
  endfacet
  facet normal 0 1 0
    outer loop
      vertex 55.70000000000002 -65.5 0
      vertex 55.70000000000002 -65.5 1.6
      vertex 75.4 -65.5 0
    endloop
  endfacet
  facet normal 1 0 0
    outer loop
      vertex 55.70000000000002 -65.5 0
      vertex 55.70000000000002 -50.5 1.6
      vertex 55.70000000000002 -65.5 1.6
    endloop
  endfacet
  facet normal 0 1 0
    outer loop
      vertex 55.70000000000002 -65.5 1.6
      vertex 75.4 -65.5 1.6
      vertex 75.4 -65.5 0
    endloop
  endfacet
  facet normal -1 0 0
    outer loop
      vertex 75.4 -65.5 0
      vertex 75.4 -65.5 1.6
      vertex 75.4 -50.5 0
    endloop
  endfacet
  facet normal -1 0 0
    outer loop
      vertex 75.4 -65.5 1.6
      vertex 75.4 -50.5 1.6
      vertex 75.4 -50.5 0
    endloop
  endfacet
  facet normal 0 -1 0
    outer loop
      vertex 55.70000000000002 -50.5 0
      vertex 75.4 -50.5 1.6
      vertex 55.70000000000002 -50.5 1.6
    endloop
  endfacet
  facet normal 0 -1 0
    outer loop
      vertex 55.70000000000002 -50.5 0
      vertex 75.4 -50.5 0
      vertex 75.4 -50.5 1.6
    endloop
  endfacet
  facet normal 0 1 0
    outer loop
      vertex -31.700000000000003 50.5 0
      vertex -31.700000000000003 50.5 1.6
      vertex -12 50.5 0
    endloop
  endfacet
  facet normal 0 1 0
    outer loop
      vertex -31.700000000000003 50.5 1.6
      vertex -12 50.5 1.6
      vertex -12 50.5 0
    endloop
  endfacet
  facet normal 1 0 0
    outer loop
      vertex -31.700000000000003 50.5 0
      vertex -31.700000000000003 65.5 0
      vertex -31.700000000000003 65.5 1.6
    endloop
  endfacet
  facet normal 1 0 0
    outer loop
      vertex -31.700000000000003 50.5 0
      vertex -31.700000000000003 65.5 1.6
      vertex -31.700000000000003 50.5 1.6
    endloop
  endfacet
  facet normal 0 -1 0
    outer loop
      vertex -31.700000000000003 65.5 0
      vertex -12 65.5 1.6
      vertex -31.700000000000003 65.5 1.6
    endloop
  endfacet
  facet normal 0 -1 0
    outer loop
      vertex -31.700000000000003 65.5 0
      vertex -12 65.5 0
      vertex -12 65.5 1.6
    endloop
  endfacet
  facet normal -1 0 0
    outer loop
      vertex -12 50.5 0
      vertex -12 50.5 1.6
      vertex -12 65.5 0
    endloop
  endfacet
  facet normal -1 0 0
    outer loop
      vertex -12 50.5 1.6
      vertex -12 65.5 1.6
      vertex -12 65.5 0
    endloop
  endfacet
  facet normal 0 1 0
    outer loop
      vertex -31.700000000000003 -7.5 0
      vertex -31.700000000000003 -7.5 1.6
      vertex -12 -7.5 0
    endloop
  endfacet
  facet normal 1 0 0
    outer loop
      vertex -31.700000000000003 -7.5 0
      vertex -31.700000000000003 7.5 1.6
      vertex -31.700000000000003 -7.5 1.6
    endloop
  endfacet
  facet normal 0 1 0
    outer loop
      vertex -31.700000000000003 -7.5 1.6
      vertex -12 -7.5 1.6
      vertex -12 -7.5 0
    endloop
  endfacet
  facet normal -1 0 0
    outer loop
      vertex -12 -7.5 0
      vertex -12 -7.5 1.6
      vertex -12 7.5 0
    endloop
  endfacet
  facet normal 1 0 0
    outer loop
      vertex -31.700000000000003 -7.5 0
      vertex -31.700000000000003 7.5 0
      vertex -31.700000000000003 7.5 1.6
    endloop
  endfacet
  facet normal 0 -1 0
    outer loop
      vertex -31.700000000000003 7.5 0
      vertex -12 7.5 1.6
      vertex -31.700000000000003 7.5 1.6
    endloop
  endfacet
  facet normal 0 -1 0
    outer loop
      vertex -31.700000000000003 7.5 0
      vertex -12 7.5 0
      vertex -12 7.5 1.6
    endloop
  endfacet
  facet normal -1 0 0
    outer loop
      vertex -12 -7.5 1.6
      vertex -12 7.5 1.6
      vertex -12 7.5 0
    endloop
  endfacet
  facet normal 1 0 0
    outer loop
      vertex -31.700000000000003 -65.5 0
      vertex -31.700000000000003 -50.5 0
      vertex -31.700000000000003 -50.5 1.6
    endloop
  endfacet
  facet normal 0 1 0
    outer loop
      vertex -31.700000000000003 -65.5 0
      vertex -31.700000000000003 -65.5 1.6
      vertex -12 -65.5 0
    endloop
  endfacet
  facet normal 1 0 0
    outer loop
      vertex -31.700000000000003 -65.5 0
      vertex -31.700000000000003 -50.5 1.6
      vertex -31.700000000000003 -65.5 1.6
    endloop
  endfacet
  facet normal 0 1 0
    outer loop
      vertex -31.700000000000003 -65.5 1.6
      vertex -12 -65.5 1.6
      vertex -12 -65.5 0
    endloop
  endfacet
  facet normal -1 0 0
    outer loop
      vertex -12 -65.5 0
      vertex -12 -65.5 1.6
      vertex -12 -50.5 0
    endloop
  endfacet
  facet normal -1 0 0
    outer loop
      vertex -12 -65.5 1.6
      vertex -12 -50.5 1.6
      vertex -12 -50.5 0
    endloop
  endfacet
  facet normal 0 -1 0
    outer loop
      vertex -31.700000000000003 -50.5 0
      vertex -12 -50.5 1.6
      vertex -31.700000000000003 -50.5 1.6
    endloop
  endfacet
  facet normal 0 -1 0
    outer loop
      vertex -31.700000000000003 -50.5 0
      vertex -12 -50.5 0
      vertex -12 -50.5 1.6
    endloop
  endfacet
  facet normal 0 0 -1
    outer loop
      vertex 0 72.5 0
      vertex 10 95.66666666666666 0
      vertex 10 72.5 0
    endloop
  endfacet
  facet normal 0 0 -1
    outer loop
      vertex 0 72.5 0
      vertex 8.325358851674636 96.64354066985646 0
      vertex 10 95.66666666666666 0
    endloop
  endfacet
  facet normal 0 0 -1
    outer loop
      vertex 0 72.5 0
      vertex 0 101.5 0
      vertex 8.325358851674636 96.64354066985646 0
    endloop
  endfacet
  facet normal 0 0 -1
    outer loop
      vertex 0 101.5 0
      vertex 10 101.5 0
      vertex 8.325358851674636 96.64354066985646 0
    endloop
  endfacet
  facet normal 1 0 0
    outer loop
      vertex 10 79.5 1.6
      vertex 10 94.5 1.6
      vertex 10 79.5 8
    endloop
  endfacet
  facet normal 0 1 0
    outer loop
      vertex 0 101.5 0
      vertex 0 101.5 10
      vertex 10 101.5 0
    endloop
  endfacet
  facet normal 1 0 0
    outer loop
      vertex 10 94.5 1.6
      vertex 10 94.5 8
      vertex 10 79.5 8
    endloop
  endfacet
  facet normal 0 1 0
    outer loop
      vertex 10 101.5 0
      vertex 0 101.5 10
      vertex 10 101.5 8
    endloop
  endfacet
  facet normal 0 0 1
    outer loop
      vertex 10 72.5 10
      vertex 8.055555555555557 78.13888888888889 10
      vertex 0 72.5 10
    endloop
  endfacet
  facet normal 0 0 1
    outer loop
      vertex 8.055555555555557 78.13888888888889 10
      vertex 0 94 10
      vertex 0 72.5 10
    endloop
  endfacet
  facet normal 0 0 1
    outer loop
      vertex 8.055555555555557 78.13888888888889 10
      vertex 0 94.5 10
      vertex 0 94 10
    endloop
  endfacet
  facet normal 0 0 1
    outer loop
      vertex 8.055555555555557 78.13888888888889 10
      vertex 0 101.5 10
      vertex 0 94.5 10
    endloop
  endfacet
  facet normal 0 0 1
    outer loop
      vertex 8.055555555555557 78.13888888888889 10
      vertex 10 101.5 10
      vertex 0 101.5 10
    endloop
  endfacet
  facet normal 0 0 1
    outer loop
      vertex 8.055555555555557 78.13888888888889 10
      vertex 10 79.5 10
      vertex 10 101.5 10
    endloop
  endfacet
  facet normal 0 1 0
    outer loop
      vertex 10 101.5 8
      vertex 0 101.5 10
      vertex 10 101.5 10
    endloop
  endfacet
  facet normal 0 0 -1
    outer loop
      vertex 0 14.5 0
      vertex 10 37.66666666666666 0
      vertex 10 14.5 0
    endloop
  endfacet
  facet normal 0 0 -1
    outer loop
      vertex 0 14.5 0
      vertex 0 43.5 0
      vertex 8.325358851674636 38.64354066985646 0
    endloop
  endfacet
  facet normal 0 0 -1
    outer loop
      vertex 0 14.5 0
      vertex 8.325358851674636 38.64354066985646 0
      vertex 10 37.66666666666666 0
    endloop
  endfacet
  facet normal 0 0 -1
    outer loop
      vertex 8.325358851674636 38.64354066985646 0
      vertex 0 43.5 0
      vertex 10 43.5 0
    endloop
  endfacet
  facet normal 1 0 0
    outer loop
      vertex 10 21.5 1.6
      vertex 10 36.5 1.6
      vertex 10 21.5 8
    endloop
  endfacet
  facet normal 1 0 0
    outer loop
      vertex 10 36.5 1.6
      vertex 10 36.5 8
      vertex 10 21.5 8
    endloop
  endfacet
  facet normal 0 0 1
    outer loop
      vertex 8.055555555555557 20.138888888888886 10
      vertex 0 14.5 10
      vertex 10 14.5 10
    endloop
  endfacet
  facet normal 0 0 1
    outer loop
      vertex 8.055555555555557 20.138888888888886 10
      vertex 0 43.5 10
      vertex 0 14.5 10
    endloop
  endfacet
  facet normal 0 0 1
    outer loop
      vertex 8.055555555555557 20.138888888888886 10
      vertex 10 43.5 10
      vertex 0 43.5 10
    endloop
  endfacet
  facet normal 0 0 1
    outer loop
      vertex 8.055555555555557 20.138888888888886 10
      vertex 10 21.5 10
      vertex 10 43.5 10
    endloop
  endfacet
  facet normal 0 0 -1
    outer loop
      vertex 0 -43.5 0
      vertex 8.325358851674636 -19.356459330143537 0
      vertex 10 -20.33333333333333 0
    endloop
  endfacet
  facet normal 0 0 -1
    outer loop
      vertex 0 -43.5 0
      vertex 10 -20.33333333333333 0
      vertex 10 -43.5 0
    endloop
  endfacet
  facet normal 0 0 -1
    outer loop
      vertex 0 -43.5 0
      vertex 0 -14.5 0
      vertex 8.325358851674636 -19.356459330143537 0
    endloop
  endfacet
  facet normal 0 0 -1
    outer loop
      vertex 0 -14.5 0
      vertex 10 -14.5 0
      vertex 8.325358851674636 -19.356459330143537 0
    endloop
  endfacet
  facet normal 1 0 0
    outer loop
      vertex 10 -36.5 1.6
      vertex 10 -21.5 1.6
      vertex 10 -36.5 8
    endloop
  endfacet
  facet normal 1 0 0
    outer loop
      vertex 10 -21.5 1.6
      vertex 10 -21.5 8
      vertex 10 -36.5 8
    endloop
  endfacet
  facet normal 0 0 1
    outer loop
      vertex 10 -43.5 10
      vertex 8.055555555555557 -37.861111111111114 10
      vertex 0 -43.5 10
    endloop
  endfacet
  facet normal 0 0 1
    outer loop
      vertex 8.055555555555557 -37.861111111111114 10
      vertex 0 -14.5 10
      vertex 0 -43.5 10
    endloop
  endfacet
  facet normal 0 0 1
    outer loop
      vertex 8.055555555555557 -37.861111111111114 10
      vertex 10 -36.5 10
      vertex 10 -14.5 10
    endloop
  endfacet
  facet normal 0 0 1
    outer loop
      vertex 8.055555555555557 -37.861111111111114 10
      vertex 10 -14.5 10
      vertex 0 -14.5 10
    endloop
  endfacet
  facet normal 0 0 -1
    outer loop
      vertex 0 -101.5 0
      vertex 0 -72.5 0
      vertex 8.325358851674636 -77.35645933014354 0
    endloop
  endfacet
  facet normal 0 0 -1
    outer loop
      vertex 0 -101.5 0
      vertex 8.325358851674636 -77.35645933014354 0
      vertex 10 -78.33333333333333 0
    endloop
  endfacet
  facet normal 0 0 -1
    outer loop
      vertex 0 -101.5 0
      vertex 10 -78.33333333333333 0
      vertex 10 -101.5 0
    endloop
  endfacet
  facet normal 0 0 -1
    outer loop
      vertex 0 -72.5 0
      vertex 10 -72.5 0
      vertex 8.325358851674636 -77.35645933014354 0
    endloop
  endfacet
  facet normal 1 0 0
    outer loop
      vertex 10 -94.5 1.6
      vertex 10 -79.5 1.6
      vertex 10 -94.5 8
    endloop
  endfacet
  facet normal 1 0 0
    outer loop
      vertex 10 -79.5 1.6
      vertex 10 -79.5 8
      vertex 10 -94.5 8
    endloop
  endfacet
  facet normal 0 0 1
    outer loop
      vertex 0 -101.5 10
      vertex 8.055555555555557 -95.86111111111111 10
      vertex 0 -94.5 10
    endloop
  endfacet
  facet normal 0 0 1
    outer loop
      vertex 0 -101.5 10
      vertex 10 -101.5 10
      vertex 8.055555555555557 -95.86111111111111 10
    endloop
  endfacet
  facet normal 0 0 1
    outer loop
      vertex 0 -94.5 10
      vertex 8.055555555555557 -95.86111111111111 10
      vertex 0 -94 10
    endloop
  endfacet
  facet normal 0 0 1
    outer loop
      vertex 8.055555555555557 -95.86111111111111 10
      vertex 0 -72.5 10
      vertex 0 -94 10
    endloop
  endfacet
  facet normal 0 0 1
    outer loop
      vertex 8.055555555555557 -95.86111111111111 10
      vertex 10 -94.5 10
      vertex 10 -72.5 10
    endloop
  endfacet
  facet normal 0 0 1
    outer loop
      vertex 8.055555555555557 -95.86111111111111 10
      vertex 10 -72.5 10
      vertex 0 -72.5 10
    endloop
  endfacet
  facet normal 0 0 -1
    outer loop
      vertex -87.4 72.5 0
      vertex -77.4 95.66666666666666 0
      vertex -77.4 72.5 0
    endloop
  endfacet
  facet normal 0 0 -1
    outer loop
      vertex -87.4 72.5 0
      vertex -79.07464114832537 96.64354066985646 0
      vertex -77.4 95.66666666666666 0
    endloop
  endfacet
  facet normal 0 0 -1
    outer loop
      vertex -87.4 72.5 0
      vertex -87.4 101.5 0
      vertex -79.07464114832537 96.64354066985646 0
    endloop
  endfacet
  facet normal 0 0 -1
    outer loop
      vertex -87.4 101.5 0
      vertex -77.4 101.5 0
      vertex -79.07464114832537 96.64354066985646 0
    endloop
  endfacet
  facet normal 1 0 0
    outer loop
      vertex -77.4 79.5 1.6
      vertex -77.4 94.5 1.6
      vertex -77.4 79.5 8
    endloop
  endfacet
  facet normal 0 1 0
    outer loop
      vertex -87.4 101.5 0
      vertex -87.4 101.5 10
      vertex -77.4 101.5 0
    endloop
  endfacet
  facet normal 1 0 0
    outer loop
      vertex -77.4 94.5 1.6
      vertex -77.4 94.5 8
      vertex -77.4 79.5 8
    endloop
  endfacet
  facet normal 0 1 0
    outer loop
      vertex -77.4 101.5 0
      vertex -87.4 101.5 10
      vertex -77.4 101.5 8
    endloop
  endfacet
  facet normal 0 0 1
    outer loop
      vertex -87.4 72.5 10
      vertex -77.4 72.5 10
      vertex -79.34444444444445 78.13888888888889 10
    endloop
  endfacet
  facet normal 0 0 1
    outer loop
      vertex -87.4 72.5 10
      vertex -79.34444444444445 78.13888888888889 10
      vertex -87.4 101.5 10
    endloop
  endfacet
  facet normal 0 0 1
    outer loop
      vertex -79.34444444444445 78.13888888888889 10
      vertex -77.4 101.5 10
      vertex -87.4 101.5 10
    endloop
  endfacet
  facet normal 0 0 1
    outer loop
      vertex -79.34444444444445 78.13888888888889 10
      vertex -77.4 79.5 10
      vertex -77.4 101.5 10
    endloop
  endfacet
  facet normal 0 1 0
    outer loop
      vertex -77.4 101.5 8
      vertex -87.4 101.5 10
      vertex -77.4 101.5 10
    endloop
  endfacet
  facet normal 0 0 -1
    outer loop
      vertex -87.4 14.5 0
      vertex -77.4 37.66666666666666 0
      vertex -77.4 14.5 0
    endloop
  endfacet
  facet normal 0 0 -1
    outer loop
      vertex -87.4 14.5 0
      vertex -87.4 43.5 0
      vertex -79.07464114832537 38.64354066985646 0
    endloop
  endfacet
  facet normal 0 0 -1
    outer loop
      vertex -87.4 14.5 0
      vertex -79.07464114832537 38.64354066985646 0
      vertex -77.4 37.66666666666666 0
    endloop
  endfacet
  facet normal 0 0 -1
    outer loop
      vertex -79.07464114832537 38.64354066985646 0
      vertex -87.4 43.5 0
      vertex -77.4 43.5 0
    endloop
  endfacet
  facet normal 1 0 0
    outer loop
      vertex -77.4 21.5 1.6
      vertex -77.4 36.5 1.6
      vertex -77.4 21.5 8
    endloop
  endfacet
  facet normal 1 0 0
    outer loop
      vertex -77.4 36.5 1.6
      vertex -77.4 36.5 8
      vertex -77.4 21.5 8
    endloop
  endfacet
  facet normal 0 0 1
    outer loop
      vertex -87.4 14.5 10
      vertex -77.4 14.5 10
      vertex -79.34444444444445 20.138888888888886 10
    endloop
  endfacet
  facet normal 0 0 1
    outer loop
      vertex -87.4 14.5 10
      vertex -79.34444444444445 20.138888888888886 10
      vertex -87.4 43.5 10
    endloop
  endfacet
  facet normal 0 0 1
    outer loop
      vertex -79.34444444444445 20.138888888888886 10
      vertex -77.4 43.5 10
      vertex -87.4 43.5 10
    endloop
  endfacet
  facet normal 0 0 1
    outer loop
      vertex -79.34444444444445 20.138888888888886 10
      vertex -77.4 21.5 10
      vertex -77.4 43.5 10
    endloop
  endfacet
  facet normal 0 0 -1
    outer loop
      vertex -87.4 -43.5 0
      vertex -79.07464114832537 -19.356459330143537 0
      vertex -77.4 -20.33333333333333 0
    endloop
  endfacet
  facet normal 0 0 -1
    outer loop
      vertex -87.4 -43.5 0
      vertex -77.4 -20.33333333333333 0
      vertex -77.4 -43.5 0
    endloop
  endfacet
  facet normal 0 0 -1
    outer loop
      vertex -87.4 -43.5 0
      vertex -87.4 -14.5 0
      vertex -79.07464114832537 -19.356459330143537 0
    endloop
  endfacet
  facet normal 0 0 -1
    outer loop
      vertex -87.4 -14.5 0
      vertex -77.4 -14.5 0
      vertex -79.07464114832537 -19.356459330143537 0
    endloop
  endfacet
  facet normal 1 0 0
    outer loop
      vertex -77.4 -36.5 1.6
      vertex -77.4 -21.5 1.6
      vertex -77.4 -36.5 8
    endloop
  endfacet
  facet normal 1 0 0
    outer loop
      vertex -77.4 -21.5 1.6
      vertex -77.4 -21.5 8
      vertex -77.4 -36.5 8
    endloop
  endfacet
  facet normal 0 0 1
    outer loop
      vertex -87.4 -43.5 10
      vertex -77.4 -43.5 10
      vertex -79.34444444444445 -37.861111111111114 10
    endloop
  endfacet
  facet normal 0 0 1
    outer loop
      vertex -87.4 -43.5 10
      vertex -79.34444444444445 -37.861111111111114 10
      vertex -87.4 -14.5 10
    endloop
  endfacet
  facet normal 0 0 1
    outer loop
      vertex -79.34444444444445 -37.861111111111114 10
      vertex -77.4 -36.5 10
      vertex -77.4 -14.5 10
    endloop
  endfacet
  facet normal 0 0 1
    outer loop
      vertex -79.34444444444445 -37.861111111111114 10
      vertex -77.4 -14.5 10
      vertex -87.4 -14.5 10
    endloop
  endfacet
  facet normal 0 0 -1
    outer loop
      vertex -87.4 -101.5 0
      vertex -87.4 -72.5 0
      vertex -79.07464114832537 -77.35645933014354 0
    endloop
  endfacet
  facet normal 0 0 -1
    outer loop
      vertex -87.4 -101.5 0
      vertex -79.07464114832537 -77.35645933014354 0
      vertex -77.4 -78.33333333333333 0
    endloop
  endfacet
  facet normal 0 0 -1
    outer loop
      vertex -87.4 -101.5 0
      vertex -77.4 -78.33333333333333 0
      vertex -77.4 -101.5 0
    endloop
  endfacet
  facet normal 0 0 -1
    outer loop
      vertex -87.4 -72.5 0
      vertex -77.4 -72.5 0
      vertex -79.07464114832537 -77.35645933014354 0
    endloop
  endfacet
  facet normal 1 0 0
    outer loop
      vertex -77.4 -94.5 1.6
      vertex -77.4 -79.5 1.6
      vertex -77.4 -94.5 8
    endloop
  endfacet
  facet normal 1 0 0
    outer loop
      vertex -77.4 -79.5 1.6
      vertex -77.4 -79.5 8
      vertex -77.4 -94.5 8
    endloop
  endfacet
  facet normal 0 0 1
    outer loop
      vertex -87.4 -101.5 10
      vertex -77.4 -101.5 10
      vertex -79.34444444444445 -95.86111111111111 10
    endloop
  endfacet
  facet normal 0 0 1
    outer loop
      vertex -87.4 -101.5 10
      vertex -79.34444444444445 -95.86111111111111 10
      vertex -87.4 -72.5 10
    endloop
  endfacet
  facet normal 0 0 1
    outer loop
      vertex -79.34444444444445 -95.86111111111111 10
      vertex -77.4 -94.5 10
      vertex -77.4 -72.5 10
    endloop
  endfacet
  facet normal 0 0 1
    outer loop
      vertex -79.34444444444445 -95.86111111111111 10
      vertex -77.4 -72.5 10
      vertex -87.4 -72.5 10
    endloop
  endfacet
  facet normal 0 0 -1
    outer loop
      vertex 43.70000000000002 72.5 0
      vertex 52.02535885167467 96.64354066985646 0
      vertex 53.70000000000002 95.66666666666666 0
    endloop
  endfacet
  facet normal 0 0 -1
    outer loop
      vertex 43.70000000000002 72.5 0
      vertex 43.70000000000002 101.5 0
      vertex 52.02535885167467 96.64354066985646 0
    endloop
  endfacet
  facet normal 0 0 -1
    outer loop
      vertex 43.70000000000002 101.5 0
      vertex 53.70000000000002 101.5 0
      vertex 52.02535885167467 96.64354066985646 0
    endloop
  endfacet
  facet normal 0 1 0
    outer loop
      vertex 43.70000000000002 101.5 0
      vertex 43.70000000000002 101.5 10
      vertex 53.70000000000002 101.5 0
    endloop
  endfacet
  facet normal 0 0 -1
    outer loop
      vertex 43.70000000000002 72.5 0
      vertex 53.70000000000002 95.66666666666666 0
      vertex 53.70000000000002 72.5 0
    endloop
  endfacet
  facet normal 1 0 0
    outer loop
      vertex 53.70000000000002 79.5 1.6
      vertex 53.70000000000002 94.5 1.6
      vertex 53.70000000000002 79.5 8
    endloop
  endfacet
  facet normal 0 0 1
    outer loop
      vertex 43.7 72.5 10
      vertex 53.70000000000002 72.5 10
      vertex 51.75555555555556 78.13888888888889 10
    endloop
  endfacet
  facet normal 0 0 1
    outer loop
      vertex 43.7 72.5 10
      vertex 51.75555555555556 78.13888888888889 10
      vertex 43.7 79.5 10
    endloop
  endfacet
  facet normal 0 0 1
    outer loop
      vertex 43.7 79.5 10
      vertex 51.75555555555556 78.13888888888889 10
      vertex 43.7 94 10
    endloop
  endfacet
  facet normal 0 0 1
    outer loop
      vertex 51.75555555555556 78.13888888888889 10
      vertex 43.70000000000002 94.5 10
      vertex 43.7 94 10
    endloop
  endfacet
  facet normal 0 0 1
    outer loop
      vertex 43.70000000000002 94.5 10
      vertex 51.75555555555556 78.13888888888889 10
      vertex 43.70000000000002 101.5 10
    endloop
  endfacet
  facet normal 0 0 1
    outer loop
      vertex 43.70000000000002 101.5 10
      vertex 51.75555555555556 78.13888888888889 10
      vertex 53.70000000000002 101.5 10
    endloop
  endfacet
  facet normal 1 0 0
    outer loop
      vertex 53.70000000000002 94.5 1.6
      vertex 53.70000000000002 94.5 8
      vertex 53.70000000000002 79.5 8
    endloop
  endfacet
  facet normal 0 1 0
    outer loop
      vertex 53.70000000000002 101.5 0
      vertex 43.70000000000002 101.5 10
      vertex 53.70000000000002 101.5 8
    endloop
  endfacet
  facet normal 0 0 1
    outer loop
      vertex 51.75555555555556 78.13888888888889 10
      vertex 53.70000000000002 79.5 10
      vertex 53.70000000000002 101.5 10
    endloop
  endfacet
  facet normal 0 1 0
    outer loop
      vertex 43.70000000000002 101.5 10
      vertex 53.70000000000002 101.5 10
      vertex 53.70000000000002 101.5 8
    endloop
  endfacet
  facet normal 0 0 -1
    outer loop
      vertex 43.70000000000002 14.5 0
      vertex 43.70000000000002 43.5 0
      vertex 52.02535885167467 38.64354066985646 0
    endloop
  endfacet
  facet normal 0 0 -1
    outer loop
      vertex 43.70000000000002 14.5 0
      vertex 52.02535885167467 38.64354066985646 0
      vertex 53.70000000000002 37.66666666666666 0
    endloop
  endfacet
  facet normal 0 0 -1
    outer loop
      vertex 43.70000000000002 43.5 0
      vertex 53.70000000000002 43.5 0
      vertex 52.02535885167467 38.64354066985646 0
    endloop
  endfacet
  facet normal 0 0 -1
    outer loop
      vertex 43.70000000000002 14.5 0
      vertex 53.70000000000002 37.66666666666666 0
      vertex 53.70000000000002 14.5 0
    endloop
  endfacet
  facet normal 1 0 0
    outer loop
      vertex 53.70000000000002 21.5 1.6
      vertex 53.70000000000002 36.5 1.6
      vertex 53.70000000000002 21.5 8
    endloop
  endfacet
  facet normal 0 0 1
    outer loop
      vertex 43.7 14.50000000000001 10
      vertex 53.70000000000002 14.5 10
      vertex 51.75555555555556 20.138888888888886 10
    endloop
  endfacet
  facet normal 0 0 1
    outer loop
      vertex 43.7 14.50000000000001 10
      vertex 51.75555555555556 20.138888888888886 10
      vertex 43.7 43.50000000000001 10
    endloop
  endfacet
  facet normal 0 0 1
    outer loop
      vertex 43.7 43.50000000000001 10
      vertex 51.75555555555556 20.138888888888886 10
      vertex 53.70000000000002 43.5 10
    endloop
  endfacet
  facet normal 1 0 0
    outer loop
      vertex 53.70000000000002 36.5 1.6
      vertex 53.70000000000002 36.5 8
      vertex 53.70000000000002 21.5 8
    endloop
  endfacet
  facet normal 0 0 1
    outer loop
      vertex 51.75555555555556 20.138888888888886 10
      vertex 53.70000000000002 21.5 10
      vertex 53.70000000000002 43.5 10
    endloop
  endfacet
  facet normal 0 0 -1
    outer loop
      vertex 43.70000000000002 -43.5 0
      vertex 52.02535885167467 -19.356459330143537 0
      vertex 53.70000000000002 -20.33333333333333 0
    endloop
  endfacet
  facet normal 0 0 -1
    outer loop
      vertex 43.70000000000002 -43.5 0
      vertex 43.70000000000002 -14.5 0
      vertex 52.02535885167467 -19.356459330143537 0
    endloop
  endfacet
  facet normal 0 0 -1
    outer loop
      vertex 43.70000000000002 -14.5 0
      vertex 53.70000000000002 -14.5 0
      vertex 52.02535885167467 -19.356459330143537 0
    endloop
  endfacet
  facet normal 0 0 -1
    outer loop
      vertex 43.70000000000002 -43.5 0
      vertex 53.70000000000002 -20.33333333333333 0
      vertex 53.70000000000002 -43.5 0
    endloop
  endfacet
  facet normal 1 0 0
    outer loop
      vertex 53.70000000000002 -36.5 1.6
      vertex 53.70000000000002 -21.5 1.6
      vertex 53.70000000000002 -36.5 8
    endloop
  endfacet
  facet normal 0 0 1
    outer loop
      vertex 43.7 -43.5 10
      vertex 53.70000000000002 -43.5 10
      vertex 51.75555555555556 -37.861111111111114 10
    endloop
  endfacet
  facet normal 0 0 1
    outer loop
      vertex 43.7 -43.5 10
      vertex 51.75555555555556 -37.861111111111114 10
      vertex 43.7 -14.499999999999996 10
    endloop
  endfacet
  facet normal 0 0 1
    outer loop
      vertex 43.7 -14.499999999999996 10
      vertex 51.75555555555556 -37.861111111111114 10
      vertex 53.70000000000002 -14.5 10
    endloop
  endfacet
  facet normal 1 0 0
    outer loop
      vertex 53.70000000000002 -21.5 1.6
      vertex 53.70000000000002 -21.5 8
      vertex 53.70000000000002 -36.5 8
    endloop
  endfacet
  facet normal 0 0 1
    outer loop
      vertex 51.75555555555556 -37.861111111111114 10
      vertex 53.70000000000002 -36.5 10
      vertex 53.70000000000002 -14.5 10
    endloop
  endfacet
  facet normal 0 0 -1
    outer loop
      vertex 43.70000000000002 -101.5 0
      vertex 43.70000000000002 -72.5 0
      vertex 52.02535885167467 -77.35645933014354 0
    endloop
  endfacet
  facet normal 0 0 -1
    outer loop
      vertex 43.70000000000002 -101.5 0
      vertex 52.02535885167467 -77.35645933014354 0
      vertex 53.70000000000002 -78.33333333333333 0
    endloop
  endfacet
  facet normal 0 0 -1
    outer loop
      vertex 43.70000000000002 -72.5 0
      vertex 53.70000000000002 -72.5 0
      vertex 52.02535885167467 -77.35645933014354 0
    endloop
  endfacet
  facet normal 0 0 -1
    outer loop
      vertex 43.70000000000002 -101.5 0
      vertex 53.70000000000002 -78.33333333333333 0
      vertex 53.70000000000002 -101.5 0
    endloop
  endfacet
  facet normal 1 0 0
    outer loop
      vertex 53.70000000000002 -94.5 1.6
      vertex 53.70000000000002 -79.5 1.6
      vertex 53.70000000000002 -94.5 8
    endloop
  endfacet
  facet normal 0 0 1
    outer loop
      vertex 43.70000000000002 -101.5 10
      vertex 51.75555555555556 -95.86111111111111 10
      vertex 43.70000000000002 -94.5 10
    endloop
  endfacet
  facet normal 0 0 1
    outer loop
      vertex 43.70000000000002 -101.5 10
      vertex 53.70000000000002 -101.5 10
      vertex 51.75555555555556 -95.86111111111111 10
    endloop
  endfacet
  facet normal 0 0 1
    outer loop
      vertex 43.70000000000002 -94.5 10
      vertex 51.75555555555556 -95.86111111111111 10
      vertex 43.7 -94 10
    endloop
  endfacet
  facet normal 0 0 1
    outer loop
      vertex 51.75555555555556 -95.86111111111111 10
      vertex 43.7 -79.5 10
      vertex 43.7 -94 10
    endloop
  endfacet
  facet normal 0 0 1
    outer loop
      vertex 43.7 -79.5 10
      vertex 51.75555555555556 -95.86111111111111 10
      vertex 43.7 -72.5 10
    endloop
  endfacet
  facet normal 0 0 1
    outer loop
      vertex 43.7 -72.5 10
      vertex 51.75555555555556 -95.86111111111111 10
      vertex 53.70000000000002 -72.5 10
    endloop
  endfacet
  facet normal 1 0 0
    outer loop
      vertex 53.70000000000002 -79.5 1.6
      vertex 53.70000000000002 -79.5 8
      vertex 53.70000000000002 -94.5 8
    endloop
  endfacet
  facet normal 0 0 1
    outer loop
      vertex 51.75555555555556 -95.86111111111111 10
      vertex 53.70000000000002 -94.5 10
      vertex 53.70000000000002 -72.5 10
    endloop
  endfacet
  facet normal 0 0 -1
    outer loop
      vertex -43.7 72.5 0
      vertex -33.7 95.66666666666666 0
      vertex -33.7 72.5 0
    endloop
  endfacet
  facet normal 0 0 -1
    outer loop
      vertex -43.7 72.5 0
      vertex -35.37464114832536 96.64354066985646 0
      vertex -33.7 95.66666666666666 0
    endloop
  endfacet
  facet normal 0 0 -1
    outer loop
      vertex -43.7 72.5 0
      vertex -43.7 101.5 0
      vertex -35.37464114832536 96.64354066985646 0
    endloop
  endfacet
  facet normal 0 0 -1
    outer loop
      vertex -43.7 101.5 0
      vertex -33.7 101.5 0
      vertex -35.37464114832536 96.64354066985646 0
    endloop
  endfacet
  facet normal 0 1 0
    outer loop
      vertex -43.7 101.5 0
      vertex -43.7 101.5 10
      vertex -33.7 101.5 0
    endloop
  endfacet
  facet normal 1 0 0
    outer loop
      vertex -33.7 79.5 1.6
      vertex -33.7 94.5 1.6
      vertex -33.7 79.5 8
    endloop
  endfacet
  facet normal 1 0 0
    outer loop
      vertex -33.7 94.5 1.6
      vertex -33.7 94.5 8
      vertex -33.7 79.5 8
    endloop
  endfacet
  facet normal 0 1 0
    outer loop
      vertex -33.7 101.5 0
      vertex -43.7 101.5 10
      vertex -33.7 101.5 8
    endloop
  endfacet
  facet normal 0 0 1
    outer loop
      vertex -43.70000000000002 72.5 10
      vertex -33.7 72.5 10
      vertex -35.644444444444446 78.13888888888889 10
    endloop
  endfacet
  facet normal 0 0 1
    outer loop
      vertex -43.70000000000002 72.5 10
      vertex -35.644444444444446 78.13888888888889 10
      vertex -43.70000000000002 79.5 10
    endloop
  endfacet
  facet normal 0 0 1
    outer loop
      vertex -43.70000000000002 79.5 10
      vertex -35.644444444444446 78.13888888888889 10
      vertex -43.70000000000002 94 10
    endloop
  endfacet
  facet normal 0 0 1
    outer loop
      vertex -35.644444444444446 78.13888888888889 10
      vertex -43.7 94.5 10
      vertex -43.70000000000002 94 10
    endloop
  endfacet
  facet normal 0 0 1
    outer loop
      vertex -35.644444444444446 78.13888888888889 10
      vertex -43.7 101.5 10
      vertex -43.7 94.5 10
    endloop
  endfacet
  facet normal 0 0 1
    outer loop
      vertex -35.644444444444446 78.13888888888889 10
      vertex -33.7 101.5 10
      vertex -43.7 101.5 10
    endloop
  endfacet
  facet normal 0 0 1
    outer loop
      vertex -35.644444444444446 78.13888888888889 10
      vertex -33.7 79.5 10
      vertex -33.7 101.5 10
    endloop
  endfacet
  facet normal 0 1 0
    outer loop
      vertex -33.7 101.5 8
      vertex -43.7 101.5 10
      vertex -33.7 101.5 10
    endloop
  endfacet
  facet normal 0 0 -1
    outer loop
      vertex -43.7 14.5 0
      vertex -33.7 37.66666666666666 0
      vertex -33.7 14.5 0
    endloop
  endfacet
  facet normal 0 0 -1
    outer loop
      vertex -43.7 14.5 0
      vertex -43.7 43.5 0
      vertex -35.37464114832536 38.64354066985646 0
    endloop
  endfacet
  facet normal 0 0 -1
    outer loop
      vertex -43.7 14.5 0
      vertex -35.37464114832536 38.64354066985646 0
      vertex -33.7 37.66666666666666 0
    endloop
  endfacet
  facet normal 0 0 -1
    outer loop
      vertex -43.7 43.5 0
      vertex -33.7 43.5 0
      vertex -35.37464114832536 38.64354066985646 0
    endloop
  endfacet
  facet normal 1 0 0
    outer loop
      vertex -33.7 21.5 1.6
      vertex -33.7 36.5 1.6
      vertex -33.7 21.5 8
    endloop
  endfacet
  facet normal 1 0 0
    outer loop
      vertex -33.7 36.5 1.6
      vertex -33.7 36.5 8
      vertex -33.7 21.5 8
    endloop
  endfacet
  facet normal 0 0 1
    outer loop
      vertex -43.70000000000002 14.50000000000001 10
      vertex -33.7 14.5 10
      vertex -35.644444444444446 20.138888888888886 10
    endloop
  endfacet
  facet normal 0 0 1
    outer loop
      vertex -35.644444444444446 20.138888888888886 10
      vertex -43.70000000000002 43.50000000000001 10
      vertex -43.70000000000002 14.50000000000001 10
    endloop
  endfacet
  facet normal 0 0 1
    outer loop
      vertex -35.644444444444446 20.138888888888886 10
      vertex -33.7 43.5 10
      vertex -43.70000000000002 43.50000000000001 10
    endloop
  endfacet
  facet normal 0 0 1
    outer loop
      vertex -35.644444444444446 20.138888888888886 10
      vertex -33.7 21.5 10
      vertex -33.7 43.5 10
    endloop
  endfacet
  facet normal 0 0 -1
    outer loop
      vertex -43.7 -43.5 0
      vertex -35.37464114832536 -19.356459330143537 0
      vertex -33.7 -20.33333333333333 0
    endloop
  endfacet
  facet normal 0 0 -1
    outer loop
      vertex -43.7 -43.5 0
      vertex -33.7 -20.33333333333333 0
      vertex -33.7 -43.5 0
    endloop
  endfacet
  facet normal 0 0 -1
    outer loop
      vertex -43.7 -43.5 0
      vertex -43.7 -14.5 0
      vertex -35.37464114832536 -19.356459330143537 0
    endloop
  endfacet
  facet normal 0 0 -1
    outer loop
      vertex -43.7 -14.5 0
      vertex -33.7 -14.5 0
      vertex -35.37464114832536 -19.356459330143537 0
    endloop
  endfacet
  facet normal 1 0 0
    outer loop
      vertex -33.7 -36.5 1.6
      vertex -33.7 -21.5 1.6
      vertex -33.7 -36.5 8
    endloop
  endfacet
  facet normal 1 0 0
    outer loop
      vertex -33.7 -21.5 1.6
      vertex -33.7 -21.5 8
      vertex -33.7 -36.5 8
    endloop
  endfacet
  facet normal 0 0 1
    outer loop
      vertex -43.70000000000002 -43.5 10
      vertex -33.7 -43.5 10
      vertex -35.644444444444446 -37.861111111111114 10
    endloop
  endfacet
  facet normal 0 0 1
    outer loop
      vertex -35.644444444444446 -37.861111111111114 10
      vertex -43.70000000000002 -14.499999999999996 10
      vertex -43.70000000000002 -43.5 10
    endloop
  endfacet
  facet normal 0 0 1
    outer loop
      vertex -35.644444444444446 -37.861111111111114 10
      vertex -33.7 -36.5 10
      vertex -33.7 -14.5 10
    endloop
  endfacet
  facet normal 0 0 1
    outer loop
      vertex -35.644444444444446 -37.861111111111114 10
      vertex -33.7 -14.5 10
      vertex -43.70000000000002 -14.499999999999996 10
    endloop
  endfacet
  facet normal 0 0 -1
    outer loop
      vertex -43.7 -101.5 0
      vertex -43.7 -72.5 0
      vertex -35.37464114832536 -77.35645933014354 0
    endloop
  endfacet
  facet normal 0 0 -1
    outer loop
      vertex -43.7 -101.5 0
      vertex -35.37464114832536 -77.35645933014354 0
      vertex -33.7 -78.33333333333333 0
    endloop
  endfacet
  facet normal 0 0 -1
    outer loop
      vertex -43.7 -101.5 0
      vertex -33.7 -78.33333333333333 0
      vertex -33.7 -101.5 0
    endloop
  endfacet
  facet normal 0 0 -1
    outer loop
      vertex -43.7 -72.5 0
      vertex -33.7 -72.5 0
      vertex -35.37464114832536 -77.35645933014354 0
    endloop
  endfacet
  facet normal 1 0 0
    outer loop
      vertex -33.7 -94.5 1.6
      vertex -33.7 -79.5 1.6
      vertex -33.7 -94.5 8
    endloop
  endfacet
  facet normal 1 0 0
    outer loop
      vertex -33.7 -79.5 1.6
      vertex -33.7 -79.5 8
      vertex -33.7 -94.5 8
    endloop
  endfacet
  facet normal 0 0 1
    outer loop
      vertex -43.7 -101.5 10
      vertex -35.644444444444446 -95.86111111111111 10
      vertex -43.7 -94.5 10
    endloop
  endfacet
  facet normal 0 0 1
    outer loop
      vertex -43.7 -101.5 10
      vertex -33.7 -101.5 10
      vertex -35.644444444444446 -95.86111111111111 10
    endloop
  endfacet
  facet normal 0 0 1
    outer loop
      vertex -43.7 -94.5 10
      vertex -35.644444444444446 -95.86111111111111 10
      vertex -43.70000000000002 -94 10
    endloop
  endfacet
  facet normal 0 0 1
    outer loop
      vertex -35.644444444444446 -95.86111111111111 10
      vertex -43.70000000000002 -79.50000000000003 10
      vertex -43.70000000000002 -94 10
    endloop
  endfacet
  facet normal 0 0 1
    outer loop
      vertex -35.644444444444446 -95.86111111111111 10
      vertex -43.70000000000002 -72.5 10
      vertex -43.70000000000002 -79.50000000000003 10
    endloop
  endfacet
  facet normal 0 0 1
    outer loop
      vertex -35.644444444444446 -95.86111111111111 10
      vertex -33.7 -94.5 10
      vertex -33.7 -72.5 10
    endloop
  endfacet
  facet normal 0 0 1
    outer loop
      vertex -35.644444444444446 -95.86111111111111 10
      vertex -33.7 -72.5 10
      vertex -43.70000000000002 -72.5 10
    endloop
  endfacet
  facet normal 0 0 -1
    outer loop
      vertex 0 43.5 0
      vertex 10 66.66666666666666 0
      vertex 10 43.5 0
    endloop
  endfacet
  facet normal 0 0 -1
    outer loop
      vertex 0 43.5 0
      vertex 0 72.5 0
      vertex 8.325358851674636 67.64354066985646 0
    endloop
  endfacet
  facet normal 0 0 -1
    outer loop
      vertex 0 43.5 0
      vertex 8.325358851674636 67.64354066985646 0
      vertex 10 66.66666666666666 0
    endloop
  endfacet
  facet normal 0 0 -1
    outer loop
      vertex 8.325358851674636 67.64354066985646 0
      vertex 0 72.5 0
      vertex 10 72.5 0
    endloop
  endfacet
  facet normal 1 0 0
    outer loop
      vertex 10 50.5 1.6
      vertex 10 65.5 1.6
      vertex 10 50.5 8
    endloop
  endfacet
  facet normal 0 0 1
    outer loop
      vertex 10 43.5 10
      vertex 8.055555555555557 49.138888888888886 10
      vertex 0 43.5 10
    endloop
  endfacet
  facet normal 1 0 0
    outer loop
      vertex 10 65.5 1.6
      vertex 10 65.5 8
      vertex 10 50.5 8
    endloop
  endfacet
  facet normal 0 0 1
    outer loop
      vertex 8.055555555555557 49.138888888888886 10
      vertex 0 72.5 10
      vertex 0 43.5 10
    endloop
  endfacet
  facet normal 0 0 1
    outer loop
      vertex 8.055555555555557 49.138888888888886 10
      vertex 10 72.5 10
      vertex 0 72.5 10
    endloop
  endfacet
  facet normal 0 0 1
    outer loop
      vertex 8.055555555555557 49.138888888888886 10
      vertex 10 50.5 10
      vertex 10 72.5 10
    endloop
  endfacet
  facet normal 0 0 -1
    outer loop
      vertex 0 -14.5 0
      vertex 10 8.666666666666671 0
      vertex 10 -14.5 0
    endloop
  endfacet
  facet normal 1 0 0
    outer loop
      vertex 10 -7.5 1.6
      vertex 10 7.5 1.6
      vertex 10 -7.5 8
    endloop
  endfacet
  facet normal 0 0 1
    outer loop
      vertex 10 -14.5 10
      vertex 8.055555555555557 -8.861111111111114 10
      vertex 0 -14.5 10
    endloop
  endfacet
  facet normal 0 0 1
    outer loop
      vertex 8.055555555555557 -8.861111111111114 10
      vertex 0 14.5 10
      vertex 0 -14.5 10
    endloop
  endfacet
  facet normal 0 0 1
    outer loop
      vertex 8.055555555555557 -8.861111111111114 10
      vertex 10 -7.5 10
      vertex 10 14.5 10
    endloop
  endfacet
  facet normal 0 0 -1
    outer loop
      vertex 0 -14.5 0
      vertex 0 14.5 0
      vertex 8.325358851674636 9.643540669856463 0
    endloop
  endfacet
  facet normal 0 0 -1
    outer loop
      vertex 0 -14.5 0
      vertex 8.325358851674636 9.643540669856463 0
      vertex 10 8.666666666666671 0
    endloop
  endfacet
  facet normal 0 0 -1
    outer loop
      vertex 8.325358851674636 9.643540669856463 0
      vertex 0 14.5 0
      vertex 10 14.5 0
    endloop
  endfacet
  facet normal 1 0 0
    outer loop
      vertex 10 -7.5 8
      vertex 10 7.5 1.6
      vertex 10 7.5 8
    endloop
  endfacet
  facet normal 0 0 1
    outer loop
      vertex 8.055555555555557 -8.861111111111114 10
      vertex 10 14.5 10
      vertex 0 14.5 10
    endloop
  endfacet
  facet normal 0 0 -1
    outer loop
      vertex 0 -72.5 0
      vertex 8.325358851674636 -48.35645933014354 0
      vertex 10 -49.33333333333333 0
    endloop
  endfacet
  facet normal 0 0 -1
    outer loop
      vertex 0 -72.5 0
      vertex 10 -49.33333333333333 0
      vertex 10 -72.5 0
    endloop
  endfacet
  facet normal 1 0 0
    outer loop
      vertex 10 -65.5 1.6
      vertex 10 -50.5 1.6
      vertex 10 -65.5 8
    endloop
  endfacet
  facet normal 0 0 -1
    outer loop
      vertex 0 -72.5 0
      vertex 0 -43.5 0
      vertex 8.325358851674636 -48.35645933014354 0
    endloop
  endfacet
  facet normal 0 0 -1
    outer loop
      vertex 0 -43.5 0
      vertex 10 -43.5 0
      vertex 8.325358851674636 -48.35645933014354 0
    endloop
  endfacet
  facet normal 1 0 0
    outer loop
      vertex 10 -50.5 1.6
      vertex 10 -50.5 8
      vertex 10 -65.5 8
    endloop
  endfacet
  facet normal 0 0 1
    outer loop
      vertex 10 -72.5 10
      vertex 8.055555555555557 -66.86111111111111 10
      vertex 0 -72.5 10
    endloop
  endfacet
  facet normal 0 0 1
    outer loop
      vertex 8.055555555555557 -66.86111111111111 10
      vertex 0 -43.5 10
      vertex 0 -72.5 10
    endloop
  endfacet
  facet normal 0 0 1
    outer loop
      vertex 8.055555555555557 -66.86111111111111 10
      vertex 10 -65.5 10
      vertex 10 -43.5 10
    endloop
  endfacet
  facet normal 0 0 1
    outer loop
      vertex 8.055555555555557 -66.86111111111111 10
      vertex 10 -43.5 10
      vertex 0 -43.5 10
    endloop
  endfacet
  facet normal 0 0 -1
    outer loop
      vertex -87.4 43.5 0
      vertex -77.4 66.66666666666666 0
      vertex -77.4 43.5 0
    endloop
  endfacet
  facet normal 0 0 -1
    outer loop
      vertex -87.4 43.5 0
      vertex -87.4 72.5 0
      vertex -79.07464114832537 67.64354066985646 0
    endloop
  endfacet
  facet normal 0 0 -1
    outer loop
      vertex -87.4 43.5 0
      vertex -79.07464114832537 67.64354066985646 0
      vertex -77.4 66.66666666666666 0
    endloop
  endfacet
  facet normal 0 0 -1
    outer loop
      vertex -79.07464114832537 67.64354066985646 0
      vertex -87.4 72.5 0
      vertex -77.4 72.5 0
    endloop
  endfacet
  facet normal 1 0 0
    outer loop
      vertex -77.4 50.5 1.6
      vertex -77.4 65.5 1.6
      vertex -77.4 50.5 8
    endloop
  endfacet
  facet normal 0 0 1
    outer loop
      vertex -87.4 43.5 10
      vertex -77.4 43.5 10
      vertex -79.34444444444445 49.138888888888886 10
    endloop
  endfacet
  facet normal 1 0 0
    outer loop
      vertex -77.4 65.5 1.6
      vertex -77.4 65.5 8
      vertex -77.4 50.5 8
    endloop
  endfacet
  facet normal 0 0 1
    outer loop
      vertex -87.4 43.5 10
      vertex -79.34444444444445 49.138888888888886 10
      vertex -87.4 72.5 10
    endloop
  endfacet
  facet normal 0 0 1
    outer loop
      vertex -79.34444444444445 49.138888888888886 10
      vertex -77.4 72.5 10
      vertex -87.4 72.5 10
    endloop
  endfacet
  facet normal 0 0 1
    outer loop
      vertex -79.34444444444445 49.138888888888886 10
      vertex -77.4 50.5 10
      vertex -77.4 72.5 10
    endloop
  endfacet
  facet normal 0 0 -1
    outer loop
      vertex -87.4 -14.5 0
      vertex -77.4 8.666666666666671 0
      vertex -77.4 -14.5 0
    endloop
  endfacet
  facet normal 1 0 0
    outer loop
      vertex -77.4 -7.5 1.6
      vertex -77.4 7.5 1.6
      vertex -77.4 -7.5 8
    endloop
  endfacet
  facet normal 0 0 1
    outer loop
      vertex -87.4 -14.5 10
      vertex -77.4 -14.5 10
      vertex -79.34444444444445 -8.861111111111114 10
    endloop
  endfacet
  facet normal 0 0 1
    outer loop
      vertex -87.4 -14.5 10
      vertex -79.34444444444445 -8.861111111111114 10
      vertex -87.4 14.5 10
    endloop
  endfacet
  facet normal 0 0 1
    outer loop
      vertex -79.34444444444445 -8.861111111111114 10
      vertex -77.4 -7.5 10
      vertex -77.4 14.5 10
    endloop
  endfacet
  facet normal 0 0 -1
    outer loop
      vertex -87.4 -14.5 0
      vertex -87.4 14.5 0
      vertex -79.07464114832537 9.643540669856463 0
    endloop
  endfacet
  facet normal 0 0 -1
    outer loop
      vertex -87.4 -14.5 0
      vertex -79.07464114832537 9.643540669856463 0
      vertex -77.4 8.666666666666671 0
    endloop
  endfacet
  facet normal 0 0 -1
    outer loop
      vertex -79.07464114832537 9.643540669856463 0
      vertex -87.4 14.5 0
      vertex -77.4 14.5 0
    endloop
  endfacet
  facet normal 1 0 0
    outer loop
      vertex -77.4 -7.5 8
      vertex -77.4 7.5 1.6
      vertex -77.4 7.5 8
    endloop
  endfacet
  facet normal 0 0 1
    outer loop
      vertex -79.34444444444445 -8.861111111111114 10
      vertex -77.4 14.5 10
      vertex -87.4 14.5 10
    endloop
  endfacet
  facet normal 0 0 -1
    outer loop
      vertex -87.4 -72.5 0
      vertex -79.07464114832537 -48.35645933014354 0
      vertex -77.4 -49.33333333333333 0
    endloop
  endfacet
  facet normal 0 0 -1
    outer loop
      vertex -87.4 -72.5 0
      vertex -77.4 -49.33333333333333 0
      vertex -77.4 -72.5 0
    endloop
  endfacet
  facet normal 1 0 0
    outer loop
      vertex -77.4 -65.5 1.6
      vertex -77.4 -50.5 1.6
      vertex -77.4 -65.5 8
    endloop
  endfacet
  facet normal 0 0 -1
    outer loop
      vertex -87.4 -72.5 0
      vertex -87.4 -43.5 0
      vertex -79.07464114832537 -48.35645933014354 0
    endloop
  endfacet
  facet normal 0 0 -1
    outer loop
      vertex -87.4 -43.5 0
      vertex -77.4 -43.5 0
      vertex -79.07464114832537 -48.35645933014354 0
    endloop
  endfacet
  facet normal 1 0 0
    outer loop
      vertex -77.4 -50.5 1.6
      vertex -77.4 -50.5 8
      vertex -77.4 -65.5 8
    endloop
  endfacet
  facet normal 0 0 1
    outer loop
      vertex -87.4 -72.5 10
      vertex -77.4 -72.5 10
      vertex -79.34444444444445 -66.86111111111111 10
    endloop
  endfacet
  facet normal 0 0 1
    outer loop
      vertex -87.4 -72.5 10
      vertex -79.34444444444445 -66.86111111111111 10
      vertex -87.4 -43.5 10
    endloop
  endfacet
  facet normal 0 0 1
    outer loop
      vertex -79.34444444444445 -66.86111111111111 10
      vertex -77.4 -65.5 10
      vertex -77.4 -43.5 10
    endloop
  endfacet
  facet normal 0 0 1
    outer loop
      vertex -79.34444444444445 -66.86111111111111 10
      vertex -77.4 -43.5 10
      vertex -87.4 -43.5 10
    endloop
  endfacet
  facet normal 0 0 -1
    outer loop
      vertex 43.70000000000002 43.5 0
      vertex 43.70000000000002 72.5 0
      vertex 52.02535885167467 67.64354066985646 0
    endloop
  endfacet
  facet normal 0 0 -1
    outer loop
      vertex 43.70000000000002 43.5 0
      vertex 52.02535885167467 67.64354066985646 0
      vertex 53.70000000000002 66.66666666666666 0
    endloop
  endfacet
  facet normal 0 0 -1
    outer loop
      vertex 43.70000000000002 72.5 0
      vertex 53.70000000000002 72.5 0
      vertex 52.02535885167467 67.64354066985646 0
    endloop
  endfacet
  facet normal 0 0 -1
    outer loop
      vertex 43.70000000000002 43.5 0
      vertex 53.70000000000002 66.66666666666666 0
      vertex 53.70000000000002 43.5 0
    endloop
  endfacet
  facet normal 1 0 0
    outer loop
      vertex 53.70000000000002 50.5 1.6
      vertex 53.70000000000002 65.5 1.6
      vertex 53.70000000000002 50.5 8
    endloop
  endfacet
  facet normal 0 0 1
    outer loop
      vertex 43.7 43.50000000000001 10
      vertex 53.70000000000002 43.5 10
      vertex 51.75555555555556 49.138888888888886 10
    endloop
  endfacet
  facet normal 0 0 1
    outer loop
      vertex 43.7 43.50000000000001 10
      vertex 51.75555555555556 49.138888888888886 10
      vertex 43.7 72.5 10
    endloop
  endfacet
  facet normal 0 0 1
    outer loop
      vertex 43.7 72.5 10
      vertex 51.75555555555556 49.138888888888886 10
      vertex 53.70000000000002 72.5 10
    endloop
  endfacet
  facet normal 1 0 0
    outer loop
      vertex 53.70000000000002 65.5 1.6
      vertex 53.70000000000002 65.5 8
      vertex 53.70000000000002 50.5 8
    endloop
  endfacet
  facet normal 0 0 1
    outer loop
      vertex 51.75555555555556 49.138888888888886 10
      vertex 53.70000000000002 50.5 10
      vertex 53.70000000000002 72.5 10
    endloop
  endfacet
  facet normal 0 0 -1
    outer loop
      vertex 43.70000000000002 -14.5 0
      vertex 53.70000000000002 8.666666666666671 0
      vertex 53.70000000000002 -14.5 0
    endloop
  endfacet
  facet normal 1 0 0
    outer loop
      vertex 53.70000000000002 -7.5 1.6
      vertex 53.70000000000002 7.5 1.6
      vertex 53.70000000000002 -7.5 8
    endloop
  endfacet
  facet normal 0 0 1
    outer loop
      vertex 43.7 -14.499999999999996 10
      vertex 53.70000000000002 -14.5 10
      vertex 51.75555555555556 -8.861111111111114 10
    endloop
  endfacet
  facet normal 0 0 1
    outer loop
      vertex 51.75555555555556 -8.861111111111114 10
      vertex 43.7 14.50000000000001 10
      vertex 43.7 -14.499999999999996 10
    endloop
  endfacet
  facet normal 0 0 1
    outer loop
      vertex 51.75555555555556 -8.861111111111114 10
      vertex 53.70000000000002 -7.5 10
      vertex 53.70000000000002 14.5 10
    endloop
  endfacet
  facet normal 0 0 -1
    outer loop
      vertex 43.70000000000002 -14.5 0
      vertex 43.70000000000002 14.5 0
      vertex 52.02535885167467 9.643540669856463 0
    endloop
  endfacet
  facet normal 0 0 -1
    outer loop
      vertex 43.70000000000002 -14.5 0
      vertex 52.02535885167467 9.643540669856463 0
      vertex 53.70000000000002 8.666666666666671 0
    endloop
  endfacet
  facet normal 0 0 -1
    outer loop
      vertex 43.70000000000002 14.5 0
      vertex 53.70000000000002 14.5 0
      vertex 52.02535885167467 9.643540669856463 0
    endloop
  endfacet
  facet normal 0 0 1
    outer loop
      vertex 51.75555555555556 -8.861111111111114 10
      vertex 53.70000000000002 14.5 10
      vertex 43.7 14.50000000000001 10
    endloop
  endfacet
  facet normal 1 0 0
    outer loop
      vertex 53.70000000000002 -7.5 8
      vertex 53.70000000000002 7.5 1.6
      vertex 53.70000000000002 7.5 8
    endloop
  endfacet
  facet normal 0 0 -1
    outer loop
      vertex 43.70000000000002 -72.5 0
      vertex 52.02535885167467 -48.35645933014354 0
      vertex 53.70000000000002 -49.33333333333333 0
    endloop
  endfacet
  facet normal 0 0 -1
    outer loop
      vertex 43.70000000000002 -72.5 0
      vertex 43.70000000000002 -43.5 0
      vertex 52.02535885167467 -48.35645933014354 0
    endloop
  endfacet
  facet normal 0 0 -1
    outer loop
      vertex 43.70000000000002 -43.5 0
      vertex 53.70000000000002 -43.5 0
      vertex 52.02535885167467 -48.35645933014354 0
    endloop
  endfacet
  facet normal 0 0 -1
    outer loop
      vertex 43.70000000000002 -72.5 0
      vertex 53.70000000000002 -49.33333333333333 0
      vertex 53.70000000000002 -72.5 0
    endloop
  endfacet
  facet normal 1 0 0
    outer loop
      vertex 53.70000000000002 -65.5 1.6
      vertex 53.70000000000002 -50.5 1.6
      vertex 53.70000000000002 -65.5 8
    endloop
  endfacet
  facet normal 0 0 1
    outer loop
      vertex 43.7 -72.5 10
      vertex 53.70000000000002 -72.5 10
      vertex 51.75555555555556 -66.86111111111111 10
    endloop
  endfacet
  facet normal 0 0 1
    outer loop
      vertex 43.7 -72.5 10
      vertex 51.75555555555556 -66.86111111111111 10
      vertex 43.7 -43.5 10
    endloop
  endfacet
  facet normal 0 0 1
    outer loop
      vertex 43.7 -43.5 10
      vertex 51.75555555555556 -66.86111111111111 10
      vertex 53.70000000000002 -43.5 10
    endloop
  endfacet
  facet normal 1 0 0
    outer loop
      vertex 53.70000000000002 -50.5 1.6
      vertex 53.70000000000002 -50.5 8
      vertex 53.70000000000002 -65.5 8
    endloop
  endfacet
  facet normal 0 0 1
    outer loop
      vertex 51.75555555555556 -66.86111111111111 10
      vertex 53.70000000000002 -65.5 10
      vertex 53.70000000000002 -43.5 10
    endloop
  endfacet
  facet normal 0 0 -1
    outer loop
      vertex -43.7 43.5 0
      vertex -33.7 66.66666666666666 0
      vertex -33.7 43.5 0
    endloop
  endfacet
  facet normal 0 0 -1
    outer loop
      vertex -43.7 43.5 0
      vertex -43.7 72.5 0
      vertex -35.37464114832536 67.64354066985646 0
    endloop
  endfacet
  facet normal 0 0 -1
    outer loop
      vertex -43.7 43.5 0
      vertex -35.37464114832536 67.64354066985646 0
      vertex -33.7 66.66666666666666 0
    endloop
  endfacet
  facet normal 0 0 -1
    outer loop
      vertex -43.7 72.5 0
      vertex -33.7 72.5 0
      vertex -35.37464114832536 67.64354066985646 0
    endloop
  endfacet
  facet normal 1 0 0
    outer loop
      vertex -33.7 50.5 1.6
      vertex -33.7 65.5 1.6
      vertex -33.7 50.5 8
    endloop
  endfacet
  facet normal 0 0 1
    outer loop
      vertex -43.70000000000002 43.50000000000001 10
      vertex -33.7 43.5 10
      vertex -35.644444444444446 49.138888888888886 10
    endloop
  endfacet
  facet normal 1 0 0
    outer loop
      vertex -33.7 65.5 1.6
      vertex -33.7 65.5 8
      vertex -33.7 50.5 8
    endloop
  endfacet
  facet normal 0 0 1
    outer loop
      vertex -35.644444444444446 49.138888888888886 10
      vertex -43.70000000000002 72.5 10
      vertex -43.70000000000002 43.50000000000001 10
    endloop
  endfacet
  facet normal 0 0 1
    outer loop
      vertex -35.644444444444446 49.138888888888886 10
      vertex -33.7 72.5 10
      vertex -43.70000000000002 72.5 10
    endloop
  endfacet
  facet normal 0 0 1
    outer loop
      vertex -35.644444444444446 49.138888888888886 10
      vertex -33.7 50.5 10
      vertex -33.7 72.5 10
    endloop
  endfacet
  facet normal 0 0 -1
    outer loop
      vertex -43.7 -14.5 0
      vertex -33.7 8.666666666666671 0
      vertex -33.7 -14.5 0
    endloop
  endfacet
  facet normal 1 0 0
    outer loop
      vertex -33.7 -7.5 1.6
      vertex -33.7 7.5 1.6
      vertex -33.7 -7.5 8
    endloop
  endfacet
  facet normal 0 0 1
    outer loop
      vertex -43.70000000000002 -14.499999999999996 10
      vertex -33.7 -14.5 10
      vertex -35.644444444444446 -8.861111111111114 10
    endloop
  endfacet
  facet normal 0 0 1
    outer loop
      vertex -35.644444444444446 -8.861111111111114 10
      vertex -43.70000000000002 14.50000000000001 10
      vertex -43.70000000000002 -14.499999999999996 10
    endloop
  endfacet
  facet normal 0 0 1
    outer loop
      vertex -35.644444444444446 -8.861111111111114 10
      vertex -33.7 -7.5 10
      vertex -33.7 14.5 10
    endloop
  endfacet
  facet normal 0 0 -1
    outer loop
      vertex -43.7 -14.5 0
      vertex -43.7 14.5 0
      vertex -35.37464114832536 9.643540669856463 0
    endloop
  endfacet
  facet normal 0 0 -1
    outer loop
      vertex -43.7 -14.5 0
      vertex -35.37464114832536 9.643540669856463 0
      vertex -33.7 8.666666666666671 0
    endloop
  endfacet
  facet normal 0 0 -1
    outer loop
      vertex -43.7 14.5 0
      vertex -33.7 14.5 0
      vertex -35.37464114832536 9.643540669856463 0
    endloop
  endfacet
  facet normal 1 0 0
    outer loop
      vertex -33.7 -7.5 8
      vertex -33.7 7.5 1.6
      vertex -33.7 7.5 8
    endloop
  endfacet
  facet normal 0 0 1
    outer loop
      vertex -35.644444444444446 -8.861111111111114 10
      vertex -33.7 14.5 10
      vertex -43.70000000000002 14.50000000000001 10
    endloop
  endfacet
  facet normal 0 0 -1
    outer loop
      vertex -43.7 -72.5 0
      vertex -35.37464114832536 -48.35645933014354 0
      vertex -33.7 -49.33333333333333 0
    endloop
  endfacet
  facet normal 0 0 -1
    outer loop
      vertex -43.7 -72.5 0
      vertex -33.7 -49.33333333333333 0
      vertex -33.7 -72.5 0
    endloop
  endfacet
  facet normal 1 0 0
    outer loop
      vertex -33.7 -65.5 1.6
      vertex -33.7 -50.5 1.6
      vertex -33.7 -65.5 8
    endloop
  endfacet
  facet normal 0 0 -1
    outer loop
      vertex -43.7 -72.5 0
      vertex -43.7 -43.5 0
      vertex -35.37464114832536 -48.35645933014354 0
    endloop
  endfacet
  facet normal 0 0 -1
    outer loop
      vertex -43.7 -43.5 0
      vertex -33.7 -43.5 0
      vertex -35.37464114832536 -48.35645933014354 0
    endloop
  endfacet
  facet normal 1 0 0
    outer loop
      vertex -33.7 -50.5 1.6
      vertex -33.7 -50.5 8
      vertex -33.7 -65.5 8
    endloop
  endfacet
  facet normal 0 0 1
    outer loop
      vertex -43.70000000000002 -72.5 10
      vertex -33.7 -72.5 10
      vertex -35.644444444444446 -66.86111111111111 10
    endloop
  endfacet
  facet normal 0 0 1
    outer loop
      vertex -35.644444444444446 -66.86111111111111 10
      vertex -43.70000000000002 -43.5 10
      vertex -43.70000000000002 -72.5 10
    endloop
  endfacet
  facet normal 0 0 1
    outer loop
      vertex -35.644444444444446 -66.86111111111111 10
      vertex -33.7 -65.5 10
      vertex -33.7 -43.5 10
    endloop
  endfacet
  facet normal 0 0 1
    outer loop
      vertex -35.644444444444446 -66.86111111111111 10
      vertex -33.7 -43.5 10
      vertex -43.70000000000002 -43.5 10
    endloop
  endfacet
  facet normal 0 0 -1
    outer loop
      vertex 33.7 78.33333333333334 0
      vertex 33.7 90.83333333333331 0
      vertex 43.70000000000002 72.5 0
    endloop
  endfacet
  facet normal -1 0 0
    outer loop
      vertex 33.7 79.5 1.6
      vertex 33.7 94.5 8
      vertex 33.7 94.5 1.6
    endloop
  endfacet
  facet normal -1 0 0
    outer loop
      vertex 33.7 79.5 1.6
      vertex 33.7 79.5 8
      vertex 33.7 94.5 8
    endloop
  endfacet
  facet normal 0 0 1
    outer loop
      vertex 33.7 94.5 10
      vertex 33.7 94 10
      vertex 43.7 94 10
    endloop
  endfacet
  facet normal 0 0 1
    outer loop
      vertex 33.7 94.5 10
      vertex 43.7 94 10
      vertex 35.67026643280715 95.78622734485927 10
    endloop
  endfacet
  facet normal 0 0 1
    outer loop
      vertex 35.67026643280715 95.78622734485927 10
      vertex 43.7 94 10
      vertex 43.70000000000002 94.5 10
    endloop
  endfacet
  facet normal 0 0 -1
    outer loop
      vertex 33.7 20.33333333333333 0
      vertex 33.7 32.833333333333314 0
      vertex 43.70000000000002 14.5 0
    endloop
  endfacet
  facet normal -1 0 0
    outer loop
      vertex 33.7 21.5 1.6
      vertex 33.7 36.5 8
      vertex 33.7 36.5 1.6
    endloop
  endfacet
  facet normal -1 0 0
    outer loop
      vertex 33.7 21.5 1.6
      vertex 33.7 21.5 8
      vertex 33.7 36.5 8
    endloop
  endfacet
  facet normal 0 0 -1
    outer loop
      vertex 33.7 -37.66666666666667 0
      vertex 33.7 -25.16666666666667 0
      vertex 43.70000000000002 -43.5 0
    endloop
  endfacet
  facet normal -1 0 0
    outer loop
      vertex 33.7 -36.5 1.6
      vertex 33.7 -21.5 8
      vertex 33.7 -21.5 1.6
    endloop
  endfacet
  facet normal -1 0 0
    outer loop
      vertex 33.7 -36.5 1.6
      vertex 33.7 -36.5 8
      vertex 33.7 -21.5 8
    endloop
  endfacet
  facet normal 0 0 -1
    outer loop
      vertex 33.7 -95.66666666666667 0
      vertex 33.7 -83.16666666666667 0
      vertex 43.70000000000002 -101.5 0
    endloop
  endfacet
  facet normal -1 0 0
    outer loop
      vertex 33.7 -94.5 1.6
      vertex 33.7 -79.5 8
      vertex 33.7 -79.5 1.6
    endloop
  endfacet
  facet normal -1 0 0
    outer loop
      vertex 33.7 -94.5 1.6
      vertex 33.7 -94.5 8
      vertex 33.7 -79.5 8
    endloop
  endfacet
  facet normal 0 0 1
    outer loop
      vertex 33.7 -94.5 10
      vertex 43.70000000000002 -94.5 10
      vertex 33.7 -94 10
    endloop
  endfacet
  facet normal 0 0 1
    outer loop
      vertex 43.70000000000002 -94.5 10
      vertex 43.7 -94 10
      vertex 33.7 -94 10
    endloop
  endfacet
  facet normal 0 0 -1
    outer loop
      vertex -53.7 78.33333333333334 0
      vertex -53.7 90.83333333333331 0
      vertex -43.7 72.5 0
    endloop
  endfacet
  facet normal -1 0 0
    outer loop
      vertex -53.7 79.5 1.6
      vertex -53.7 94.5 8
      vertex -53.7 94.5 1.6
    endloop
  endfacet
  facet normal -1 0 0
    outer loop
      vertex -53.7 79.5 1.6
      vertex -53.7 79.5 8
      vertex -53.7 94.5 8
    endloop
  endfacet
  facet normal 0 0 1
    outer loop
      vertex -53.7 94.5 10
      vertex -53.7 94 10
      vertex -43.70000000000002 94 10
    endloop
  endfacet
  facet normal 0 0 1
    outer loop
      vertex -53.7 94.5 10
      vertex -43.70000000000002 94 10
      vertex -51.72973356719285 95.78622734485927 10
    endloop
  endfacet
  facet normal 0 0 1
    outer loop
      vertex -51.72973356719285 95.78622734485927 10
      vertex -43.70000000000002 94 10
      vertex -43.7 94.5 10
    endloop
  endfacet
  facet normal 0 0 -1
    outer loop
      vertex -53.7 20.33333333333333 0
      vertex -53.7 32.833333333333314 0
      vertex -43.7 14.5 0
    endloop
  endfacet
  facet normal -1 0 0
    outer loop
      vertex -53.7 21.5 1.6
      vertex -53.7 36.5 8
      vertex -53.7 36.5 1.6
    endloop
  endfacet
  facet normal -1 0 0
    outer loop
      vertex -53.7 21.5 1.6
      vertex -53.7 21.5 8
      vertex -53.7 36.5 8
    endloop
  endfacet
  facet normal 0 0 -1
    outer loop
      vertex -53.7 -37.66666666666667 0
      vertex -53.7 -25.16666666666667 0
      vertex -43.7 -43.5 0
    endloop
  endfacet
  facet normal -1 0 0
    outer loop
      vertex -53.7 -36.5 1.6
      vertex -53.7 -21.5 8
      vertex -53.7 -21.5 1.6
    endloop
  endfacet
  facet normal -1 0 0
    outer loop
      vertex -53.7 -36.5 1.6
      vertex -53.7 -36.5 8
      vertex -53.7 -21.5 8
    endloop
  endfacet
  facet normal 0 0 -1
    outer loop
      vertex -53.7 -95.66666666666667 0
      vertex -53.7 -83.16666666666667 0
      vertex -43.7 -101.5 0
    endloop
  endfacet
  facet normal -1 0 0
    outer loop
      vertex -53.7 -94.5 1.6
      vertex -53.7 -79.5 8
      vertex -53.7 -79.5 1.6
    endloop
  endfacet
  facet normal -1 0 0
    outer loop
      vertex -53.7 -94.5 1.6
      vertex -53.7 -94.5 8
      vertex -53.7 -79.5 8
    endloop
  endfacet
  facet normal 0 0 1
    outer loop
      vertex -53.7 -94.5 10
      vertex -43.7 -94.5 10
      vertex -53.70000000000002 -94 10
    endloop
  endfacet
  facet normal 0 0 1
    outer loop
      vertex -43.7 -94.5 10
      vertex -43.70000000000002 -94 10
      vertex -53.70000000000002 -94 10
    endloop
  endfacet
  facet normal 0 0 -1
    outer loop
      vertex 77.4 78.33333333333334 0
      vertex 77.4 90.83333333333331 0
      vertex 87.4 72.5 0
    endloop
  endfacet
  facet normal -1 0 0
    outer loop
      vertex 77.4 79.5 1.6
      vertex 77.4 94.5 8
      vertex 77.4 94.5 1.6
    endloop
  endfacet
  facet normal 1 0 0
    outer loop
      vertex 87.4 79.5 1.6
      vertex 87.4 94.5 1.6
      vertex 87.4 79.5 9.01
    endloop
  endfacet
  facet normal -1 0 0
    outer loop
      vertex 77.4 79.5 1.6
      vertex 77.4 79.5 8
      vertex 77.4 94.5 8
    endloop
  endfacet
  facet normal 1 0 0
    outer loop
      vertex 87.4 94.5 1.6
      vertex 87.4 94 9.01
      vertex 87.4 79.5 9.01
    endloop
  endfacet
  facet normal 1 0 0
    outer loop
      vertex 87.4 94.5 1.6
      vertex 87.4 94.5 10
      vertex 87.4 94 9.01
    endloop
  endfacet
  facet normal 0 0 1
    outer loop
      vertex 77.4 94.5 10
      vertex 77.4 94 10
      vertex 87.4 94 10
    endloop
  endfacet
  facet normal 1 0 0
    outer loop
      vertex 87.4 94.5 10
      vertex 87.4 94 10
      vertex 87.4 94 9.01
    endloop
  endfacet
  facet normal 0 0 1
    outer loop
      vertex 77.4 94.5 10
      vertex 87.4 94 10
      vertex 79.37026643280717 95.78622734485927 10
    endloop
  endfacet
  facet normal 0 0 1
    outer loop
      vertex 79.37026643280717 95.78622734485927 10
      vertex 87.4 94 10
      vertex 87.4 94.5 10
    endloop
  endfacet
  facet normal 0 0 -1
    outer loop
      vertex 77.4 20.33333333333333 0
      vertex 77.4 32.833333333333314 0
      vertex 87.4 14.5 0
    endloop
  endfacet
  facet normal 1 0 0
    outer loop
      vertex 87.4 21.5 1.6
      vertex 87.4 36.5 1.6
      vertex 87.4 21.5 9.01
    endloop
  endfacet
  facet normal -1 0 0
    outer loop
      vertex 77.4 21.5 1.6
      vertex 77.4 36.5 8
      vertex 77.4 36.5 1.6
    endloop
  endfacet
  facet normal -1 0 0
    outer loop
      vertex 77.4 21.5 1.6
      vertex 77.4 21.5 8
      vertex 77.4 36.5 8
    endloop
  endfacet
  facet normal 1 0 0
    outer loop
      vertex 87.4 36.5 1.6
      vertex 87.4 36.5 9.01
      vertex 87.4 21.5 9.01
    endloop
  endfacet
  facet normal 0 0 -1
    outer loop
      vertex 87.4 -43.5 0
      vertex 77.4 -37.66666666666667 0
      vertex 77.4 -25.16666666666667 0
    endloop
  endfacet
  facet normal 1 0 0
    outer loop
      vertex 87.4 -36.5 1.6
      vertex 87.4 -21.5 1.6
      vertex 87.4 -36.5 9.01
    endloop
  endfacet
  facet normal -1 0 0
    outer loop
      vertex 77.4 -36.5 1.6
      vertex 77.4 -21.5 8
      vertex 77.4 -21.5 1.6
    endloop
  endfacet
  facet normal -1 0 0
    outer loop
      vertex 77.4 -36.5 1.6
      vertex 77.4 -36.5 8
      vertex 77.4 -21.5 8
    endloop
  endfacet
  facet normal 1 0 0
    outer loop
      vertex 87.4 -21.5 1.6
      vertex 87.4 -21.5 9.01
      vertex 87.4 -36.5 9.01
    endloop
  endfacet
  facet normal 0 0 -1
    outer loop
      vertex 87.4 -101.5 0
      vertex 77.4 -95.66666666666667 0
      vertex 77.4 -83.16666666666667 0
    endloop
  endfacet
  facet normal -1 0 0
    outer loop
      vertex 77.4 -94.5 1.6
      vertex 77.4 -79.5 8
      vertex 77.4 -79.5 1.6
    endloop
  endfacet
  facet normal 1 0 0
    outer loop
      vertex 87.4 -94.5 1.6
      vertex 87.4 -79.5 1.6
      vertex 87.4 -94 9.01
    endloop
  endfacet
  facet normal -1 0 0
    outer loop
      vertex 77.4 -94.5 1.6
      vertex 77.4 -94.5 8
      vertex 77.4 -79.5 8
    endloop
  endfacet
  facet normal 1 0 0
    outer loop
      vertex 87.4 -94.5 1.6
      vertex 87.4 -94 9.01
      vertex 87.4 -94 10
    endloop
  endfacet
  facet normal 1 0 0
    outer loop
      vertex 87.4 -79.5 1.6
      vertex 87.4 -79.5 9.01
      vertex 87.4 -94 9.01
    endloop
  endfacet
  facet normal 1 0 0
    outer loop
      vertex 87.4 -94.5 1.6
      vertex 87.4 -94 10
      vertex 87.4 -94.5 10
    endloop
  endfacet
  facet normal 0 0 1
    outer loop
      vertex 77.4 -94.5 10
      vertex 87.4 -94.5 10
      vertex 77.4 -94 10
    endloop
  endfacet
  facet normal 0 0 1
    outer loop
      vertex 87.4 -94.5 10
      vertex 87.4 -94 10
      vertex 77.4 -94 10
    endloop
  endfacet
  facet normal 0 0 -1
    outer loop
      vertex -10 78.33333333333334 0
      vertex -10 90.83333333333331 0
      vertex 0 72.5 0
    endloop
  endfacet
  facet normal -1 0 0
    outer loop
      vertex -10 79.5 1.6
      vertex -10 94.5 8
      vertex -10 94.5 1.6
    endloop
  endfacet
  facet normal -1 0 0
    outer loop
      vertex -10 79.5 1.6
      vertex -10 79.5 8
      vertex -10 94.5 8
    endloop
  endfacet
  facet normal 0 0 1
    outer loop
      vertex -10 94.5 10
      vertex -10 94 10
      vertex 0 94 10
    endloop
  endfacet
  facet normal 0 0 1
    outer loop
      vertex -10 94.5 10
      vertex 0 94 10
      vertex -8.02973356719285 95.78622734485927 10
    endloop
  endfacet
  facet normal 0 0 1
    outer loop
      vertex -8.02973356719285 95.78622734485927 10
      vertex 0 94 10
      vertex 0 94.5 10
    endloop
  endfacet
  facet normal 0 0 -1
    outer loop
      vertex -10 20.33333333333333 0
      vertex -10 32.833333333333314 0
      vertex 0 14.5 0
    endloop
  endfacet
  facet normal -1 0 0
    outer loop
      vertex -10 21.5 1.6
      vertex -10 36.5 8
      vertex -10 36.5 1.6
    endloop
  endfacet
  facet normal -1 0 0
    outer loop
      vertex -10 21.5 1.6
      vertex -10 21.5 8
      vertex -10 36.5 8
    endloop
  endfacet
  facet normal 0 0 -1
    outer loop
      vertex -10 -37.66666666666667 0
      vertex -10 -25.16666666666667 0
      vertex 0 -43.5 0
    endloop
  endfacet
  facet normal -1 0 0
    outer loop
      vertex -10 -36.5 1.6
      vertex -10 -21.5 8
      vertex -10 -21.5 1.6
    endloop
  endfacet
  facet normal -1 0 0
    outer loop
      vertex -10 -36.5 1.6
      vertex -10 -36.5 8
      vertex -10 -21.5 8
    endloop
  endfacet
  facet normal 0 0 -1
    outer loop
      vertex -10 -95.66666666666667 0
      vertex -10 -83.16666666666667 0
      vertex 0 -101.5 0
    endloop
  endfacet
  facet normal -1 0 0
    outer loop
      vertex -10 -94.5 1.6
      vertex -10 -79.5 8
      vertex -10 -79.5 1.6
    endloop
  endfacet
  facet normal -1 0 0
    outer loop
      vertex -10 -94.5 1.6
      vertex -10 -94.5 8
      vertex -10 -79.5 8
    endloop
  endfacet
  facet normal 0 0 1
    outer loop
      vertex -10 -94.5 10
      vertex 0 -94.5 10
      vertex -10 -94 10
    endloop
  endfacet
  facet normal 0 0 1
    outer loop
      vertex 0 -94.5 10
      vertex 0 -94 10
      vertex -10 -94 10
    endloop
  endfacet
  facet normal 0 0 -1
    outer loop
      vertex 33.7 49.33333333333334 0
      vertex 33.7 61.833333333333314 0
      vertex 43.70000000000002 43.5 0
    endloop
  endfacet
  facet normal -1 0 0
    outer loop
      vertex 33.7 50.5 1.6
      vertex 33.7 65.5 8
      vertex 33.7 65.5 1.6
    endloop
  endfacet
  facet normal -1 0 0
    outer loop
      vertex 33.7 50.5 1.6
      vertex 33.7 50.5 8
      vertex 33.7 65.5 8
    endloop
  endfacet
  facet normal 0 0 -1
    outer loop
      vertex 33.7 -8.666666666666671 0
      vertex 33.7 3.8333333333333286 0
      vertex 43.70000000000002 -14.5 0
    endloop
  endfacet
  facet normal -1 0 0
    outer loop
      vertex 33.7 -7.5 1.6
      vertex 33.7 -7.5 8
      vertex 33.7 7.5 8
    endloop
  endfacet
  facet normal -1 0 0
    outer loop
      vertex 33.7 -7.5 1.6
      vertex 33.7 7.5 8
      vertex 33.7 7.5 1.6
    endloop
  endfacet
  facet normal 0 0 -1
    outer loop
      vertex 33.7 -66.66666666666667 0
      vertex 33.7 -54.16666666666667 0
      vertex 43.70000000000002 -72.5 0
    endloop
  endfacet
  facet normal -1 0 0
    outer loop
      vertex 33.7 -65.5 1.6
      vertex 33.7 -50.5 8
      vertex 33.7 -50.5 1.6
    endloop
  endfacet
  facet normal -1 0 0
    outer loop
      vertex 33.7 -65.5 1.6
      vertex 33.7 -65.5 8
      vertex 33.7 -50.5 8
    endloop
  endfacet
  facet normal 0 0 -1
    outer loop
      vertex -53.7 49.33333333333334 0
      vertex -53.7 61.833333333333314 0
      vertex -43.7 43.5 0
    endloop
  endfacet
  facet normal -1 0 0
    outer loop
      vertex -53.7 50.5 1.6
      vertex -53.7 65.5 8
      vertex -53.7 65.5 1.6
    endloop
  endfacet
  facet normal -1 0 0
    outer loop
      vertex -53.7 50.5 1.6
      vertex -53.7 50.5 8
      vertex -53.7 65.5 8
    endloop
  endfacet
  facet normal 0 0 -1
    outer loop
      vertex -53.7 -8.666666666666671 0
      vertex -53.7 3.8333333333333286 0
      vertex -43.7 -14.5 0
    endloop
  endfacet
  facet normal -1 0 0
    outer loop
      vertex -53.7 -7.5 1.6
      vertex -53.7 -7.5 8
      vertex -53.7 7.5 8
    endloop
  endfacet
  facet normal -1 0 0
    outer loop
      vertex -53.7 -7.5 1.6
      vertex -53.7 7.5 8
      vertex -53.7 7.5 1.6
    endloop
  endfacet
  facet normal 0 0 -1
    outer loop
      vertex -53.7 -66.66666666666667 0
      vertex -53.7 -54.16666666666667 0
      vertex -43.7 -72.5 0
    endloop
  endfacet
  facet normal -1 0 0
    outer loop
      vertex -53.7 -65.5 1.6
      vertex -53.7 -50.5 8
      vertex -53.7 -50.5 1.6
    endloop
  endfacet
  facet normal -1 0 0
    outer loop
      vertex -53.7 -65.5 1.6
      vertex -53.7 -65.5 8
      vertex -53.7 -50.5 8
    endloop
  endfacet
  facet normal 0 0 -1
    outer loop
      vertex 77.4 49.33333333333334 0
      vertex 77.4 61.833333333333314 0
      vertex 87.4 43.5 0
    endloop
  endfacet
  facet normal -1 0 0
    outer loop
      vertex 77.4 50.5 1.6
      vertex 77.4 65.5 8
      vertex 77.4 65.5 1.6
    endloop
  endfacet
  facet normal 1 0 0
    outer loop
      vertex 87.4 50.5 1.6
      vertex 87.4 65.5 1.6
      vertex 87.4 50.5 9.01
    endloop
  endfacet
  facet normal -1 0 0
    outer loop
      vertex 77.4 50.5 1.6
      vertex 77.4 50.5 8
      vertex 77.4 65.5 8
    endloop
  endfacet
  facet normal 1 0 0
    outer loop
      vertex 87.4 65.5 1.6
      vertex 87.4 65.5 9.01
      vertex 87.4 50.5 9.01
    endloop
  endfacet
  facet normal 0 0 -1
    outer loop
      vertex 87.4 -14.5 0
      vertex 77.4 -8.666666666666671 0
      vertex 77.4 3.8333333333333286 0
    endloop
  endfacet
  facet normal 1 0 0
    outer loop
      vertex 87.4 -7.5 1.6
      vertex 87.4 7.5 1.6
      vertex 87.4 -7.5 9.01
    endloop
  endfacet
  facet normal -1 0 0
    outer loop
      vertex 77.4 -7.5 1.6
      vertex 77.4 -7.5 8
      vertex 77.4 7.5 8
    endloop
  endfacet
  facet normal -1 0 0
    outer loop
      vertex 77.4 -7.5 1.6
      vertex 77.4 7.5 8
      vertex 77.4 7.5 1.6
    endloop
  endfacet
  facet normal 1 0 0
    outer loop
      vertex 87.4 7.5 1.6
      vertex 87.4 7.5 9.01
      vertex 87.4 -7.5 9.01
    endloop
  endfacet
  facet normal 0 0 -1
    outer loop
      vertex 87.4 -72.5 0
      vertex 77.4 -66.66666666666667 0
      vertex 77.4 -54.16666666666667 0
    endloop
  endfacet
  facet normal -1 0 0
    outer loop
      vertex 77.4 -65.5 1.6
      vertex 77.4 -50.5 8
      vertex 77.4 -50.5 1.6
    endloop
  endfacet
  facet normal 1 0 0
    outer loop
      vertex 87.4 -65.5 1.6
      vertex 87.4 -50.5 1.6
      vertex 87.4 -65.5 9.01
    endloop
  endfacet
  facet normal -1 0 0
    outer loop
      vertex 77.4 -65.5 1.6
      vertex 77.4 -65.5 8
      vertex 77.4 -50.5 8
    endloop
  endfacet
  facet normal 1 0 0
    outer loop
      vertex 87.4 -50.5 1.6
      vertex 87.4 -50.5 9.01
      vertex 87.4 -65.5 9.01
    endloop
  endfacet
  facet normal 0 0 -1
    outer loop
      vertex -10 49.33333333333334 0
      vertex -10 61.833333333333314 0
      vertex 0 43.5 0
    endloop
  endfacet
  facet normal -1 0 0
    outer loop
      vertex -10 50.5 1.6
      vertex -10 65.5 8
      vertex -10 65.5 1.6
    endloop
  endfacet
  facet normal -1 0 0
    outer loop
      vertex -10 50.5 1.6
      vertex -10 50.5 8
      vertex -10 65.5 8
    endloop
  endfacet
  facet normal 0 0 -1
    outer loop
      vertex -10 -8.666666666666671 0
      vertex -10 3.8333333333333286 0
      vertex 0 -14.5 0
    endloop
  endfacet
  facet normal -1 0 0
    outer loop
      vertex -10 -7.5 1.6
      vertex -10 -7.5 8
      vertex -10 7.5 8
    endloop
  endfacet
  facet normal -1 0 0
    outer loop
      vertex -10 -7.5 1.6
      vertex -10 7.5 8
      vertex -10 7.5 1.6
    endloop
  endfacet
  facet normal 0 0 -1
    outer loop
      vertex -10 -66.66666666666667 0
      vertex -10 -54.16666666666667 0
      vertex 0 -72.5 0
    endloop
  endfacet
  facet normal -1 0 0
    outer loop
      vertex -10 -65.5 1.6
      vertex -10 -50.5 8
      vertex -10 -50.5 1.6
    endloop
  endfacet
  facet normal -1 0 0
    outer loop
      vertex -10 -65.5 1.6
      vertex -10 -65.5 8
      vertex -10 -50.5 8
    endloop
  endfacet
  facet normal 0 0 1
    outer loop
      vertex 10 72.5 10
      vertex 12 72.5 10
      vertex 11.539292017024806 79.18026575314025 10
    endloop
  endfacet
  facet normal 0 0 1
    outer loop
      vertex 10 72.5 10
      vertex 11.539292017024806 79.18026575314025 10
      vertex 10 79.5 10
    endloop
  endfacet
  facet normal 0.7071067811865475 0 -0.7071067811865475
    outer loop
      vertex 10 79.5 8
      vertex 10 94.5 8
      vertex 12 79.5 10
    endloop
  endfacet
  facet normal 0.7071067811865475 0 -0.7071067811865475
    outer loop
      vertex 12 79.5 10
      vertex 10 94.5 8
      vertex 12 94.5 10
    endloop
  endfacet
  facet normal 0 0 1
    outer loop
      vertex 11.539292017024806 79.18026575314025 10
      vertex 12 79.5 10
      vertex 12 94.5 10
    endloop
  endfacet
  facet normal 0 0 1
    outer loop
      vertex 10 79.5 10
      vertex 11.539292017024806 79.18026575314025 10
      vertex 10 101.5 10
    endloop
  endfacet
  facet normal 0 0 1
    outer loop
      vertex 11.539292017024806 79.18026575314025 10
      vertex 12 94.5 10
      vertex 10 101.5 10
    endloop
  endfacet
  facet normal 0 1 0
    outer loop
      vertex 10 101.5 8
      vertex 10 101.5 10
      vertex 12 101.5 10
    endloop
  endfacet
  facet normal 0 0 1
    outer loop
      vertex 12 94.5 10
      vertex 12 101.5 10
      vertex 10 101.5 10
    endloop
  endfacet
  facet normal 0.7071067811865475 0 -0.7071067811865475
    outer loop
      vertex 10 21.5 8
      vertex 10 36.5 8
      vertex 12 21.5 10
    endloop
  endfacet
  facet normal 0 0 1
    outer loop
      vertex 10 14.5 10
      vertex 12 14.5 10
      vertex 11.539292017024806 21.180265753140247 10
    endloop
  endfacet
  facet normal 0 0 1
    outer loop
      vertex 10 14.5 10
      vertex 11.539292017024806 21.180265753140247 10
      vertex 10 21.5 10
    endloop
  endfacet
  facet normal 0 0 1
    outer loop
      vertex 11.539292017024806 21.180265753140247 10
      vertex 12 21.5 10
      vertex 12 36.5 10
    endloop
  endfacet
  facet normal 0.7071067811865475 0 -0.7071067811865475
    outer loop
      vertex 12 21.5 10
      vertex 10 36.5 8
      vertex 12 36.5 10
    endloop
  endfacet
  facet normal 0 0 1
    outer loop
      vertex 10 21.5 10
      vertex 11.539292017024806 21.180265753140247 10
      vertex 10 43.5 10
    endloop
  endfacet
  facet normal 0 0 1
    outer loop
      vertex 11.539292017024806 21.180265753140247 10
      vertex 12 36.5 10
      vertex 10 43.5 10
    endloop
  endfacet
  facet normal 0 0 1
    outer loop
      vertex 12 36.5 10
      vertex 12 43.5 10
      vertex 10 43.5 10
    endloop
  endfacet
  facet normal 0.7071067811865475 0 -0.7071067811865475
    outer loop
      vertex 10 -36.5 8
      vertex 10 -21.5 8
      vertex 12 -36.5 10
    endloop
  endfacet
  facet normal 0 0 1
    outer loop
      vertex 10 -43.5 10
      vertex 12 -43.5 10
      vertex 11.539292017024806 -36.81973424685975 10
    endloop
  endfacet
  facet normal 0 0 1
    outer loop
      vertex 10 -43.5 10
      vertex 11.539292017024806 -36.81973424685975 10
      vertex 10 -36.5 10
    endloop
  endfacet
  facet normal 0 0 1
    outer loop
      vertex 11.539292017024806 -36.81973424685975 10
      vertex 12 -36.5 10
      vertex 12 -21.5 10
    endloop
  endfacet
  facet normal 0 0 1
    outer loop
      vertex 10 -36.5 10
      vertex 11.539292017024806 -36.81973424685975 10
      vertex 10 -14.5 10
    endloop
  endfacet
  facet normal 0.7071067811865475 0 -0.7071067811865475
    outer loop
      vertex 12 -36.5 10
      vertex 10 -21.5 8
      vertex 12 -21.5 10
    endloop
  endfacet
  facet normal 0 0 1
    outer loop
      vertex 11.539292017024806 -36.81973424685975 10
      vertex 12 -21.5 10
      vertex 10 -14.5 10
    endloop
  endfacet
  facet normal 0 0 1
    outer loop
      vertex 12 -21.5 10
      vertex 12 -14.5 10
      vertex 10 -14.5 10
    endloop
  endfacet
  facet normal 0.7071067811865475 0 -0.7071067811865475
    outer loop
      vertex 10 -94.5 8
      vertex 10 -79.5 8
      vertex 12 -94.5 10
    endloop
  endfacet
  facet normal 0 0 1
    outer loop
      vertex 10 -101.5 10
      vertex 11.539292017024806 -94.81973424685975 10
      vertex 10 -94.5 10
    endloop
  endfacet
  facet normal 0 0 1
    outer loop
      vertex 10 -101.5 10
      vertex 12 -101.5 10
      vertex 11.539292017024806 -94.81973424685975 10
    endloop
  endfacet
  facet normal 0.7071067811865475 0 -0.7071067811865475
    outer loop
      vertex 12 -94.5 10
      vertex 10 -79.5 8
      vertex 12 -79.5 10
    endloop
  endfacet
  facet normal 0 0 1
    outer loop
      vertex 11.539292017024806 -94.81973424685975 10
      vertex 12 -94.5 10
      vertex 12 -79.5 10
    endloop
  endfacet
  facet normal 0 0 1
    outer loop
      vertex 10 -94.5 10
      vertex 11.539292017024806 -94.81973424685975 10
      vertex 10 -72.5 10
    endloop
  endfacet
  facet normal 0 0 1
    outer loop
      vertex 11.539292017024806 -94.81973424685975 10
      vertex 12 -79.5 10
      vertex 10 -72.5 10
    endloop
  endfacet
  facet normal 0 0 1
    outer loop
      vertex 12 -79.5 10
      vertex 12 -72.5 10
      vertex 10 -72.5 10
    endloop
  endfacet
  facet normal 0 0 1
    outer loop
      vertex -77.4 72.5 10
      vertex -75.4 72.5 10
      vertex -75.8607079829752 79.18026575314025 10
    endloop
  endfacet
  facet normal 0 0 1
    outer loop
      vertex -77.4 72.5 10
      vertex -75.8607079829752 79.18026575314025 10
      vertex -77.4 79.5 10
    endloop
  endfacet
  facet normal 0.7071067811865475 0 -0.7071067811865475
    outer loop
      vertex -77.4 79.5 8
      vertex -77.4 94.5 8
      vertex -75.4 79.5 10
    endloop
  endfacet
  facet normal 0.7071067811865475 0 -0.7071067811865475
    outer loop
      vertex -75.4 79.5 10
      vertex -77.4 94.5 8
      vertex -75.4 94.5 10
    endloop
  endfacet
  facet normal 0 0 1
    outer loop
      vertex -75.8607079829752 79.18026575314025 10
      vertex -75.4 79.5 10
      vertex -75.4 94.5 10
    endloop
  endfacet
  facet normal 0 0 1
    outer loop
      vertex -77.4 79.5 10
      vertex -75.8607079829752 79.18026575314025 10
      vertex -77.4 101.5 10
    endloop
  endfacet
  facet normal 0 0 1
    outer loop
      vertex -75.8607079829752 79.18026575314025 10
      vertex -75.4 94.5 10
      vertex -77.4 101.5 10
    endloop
  endfacet
  facet normal 0 1 0
    outer loop
      vertex -77.4 101.5 8
      vertex -77.4 101.5 10
      vertex -75.4 101.5 10
    endloop
  endfacet
  facet normal 0 0 1
    outer loop
      vertex -75.4 94.5 10
      vertex -75.4 101.5 10
      vertex -77.4 101.5 10
    endloop
  endfacet
  facet normal 0.7071067811865475 0 -0.7071067811865475
    outer loop
      vertex -77.4 21.5 8
      vertex -77.4 36.5 8
      vertex -75.4 21.5 10
    endloop
  endfacet
  facet normal 0 0 1
    outer loop
      vertex -77.4 14.5 10
      vertex -75.4 14.5 10
      vertex -75.8607079829752 21.180265753140247 10
    endloop
  endfacet
  facet normal 0 0 1
    outer loop
      vertex -77.4 14.5 10
      vertex -75.8607079829752 21.180265753140247 10
      vertex -77.4 21.5 10
    endloop
  endfacet
  facet normal 0 0 1
    outer loop
      vertex -75.8607079829752 21.180265753140247 10
      vertex -75.4 21.5 10
      vertex -75.4 36.5 10
    endloop
  endfacet
  facet normal 0.7071067811865475 0 -0.7071067811865475
    outer loop
      vertex -75.4 21.5 10
      vertex -77.4 36.5 8
      vertex -75.4 36.5 10
    endloop
  endfacet
  facet normal 0 0 1
    outer loop
      vertex -77.4 21.5 10
      vertex -75.8607079829752 21.180265753140247 10
      vertex -77.4 43.5 10
    endloop
  endfacet
  facet normal 0 0 1
    outer loop
      vertex -75.8607079829752 21.180265753140247 10
      vertex -75.4 36.5 10
      vertex -77.4 43.5 10
    endloop
  endfacet
  facet normal 0 0 1
    outer loop
      vertex -75.4 36.5 10
      vertex -75.4 43.5 10
      vertex -77.4 43.5 10
    endloop
  endfacet
  facet normal 0.7071067811865475 0 -0.7071067811865475
    outer loop
      vertex -77.4 -36.5 8
      vertex -77.4 -21.5 8
      vertex -75.4 -36.5 10
    endloop
  endfacet
  facet normal 0 0 1
    outer loop
      vertex -77.4 -43.5 10
      vertex -75.4 -43.5 10
      vertex -75.8607079829752 -36.81973424685975 10
    endloop
  endfacet
  facet normal 0 0 1
    outer loop
      vertex -77.4 -43.5 10
      vertex -75.8607079829752 -36.81973424685975 10
      vertex -77.4 -36.5 10
    endloop
  endfacet
  facet normal 0 0 1
    outer loop
      vertex -75.8607079829752 -36.81973424685975 10
      vertex -75.4 -36.5 10
      vertex -75.4 -21.5 10
    endloop
  endfacet
  facet normal 0 0 1
    outer loop
      vertex -77.4 -36.5 10
      vertex -75.8607079829752 -36.81973424685975 10
      vertex -77.4 -14.5 10
    endloop
  endfacet
  facet normal 0.7071067811865475 0 -0.7071067811865475
    outer loop
      vertex -75.4 -36.5 10
      vertex -77.4 -21.5 8
      vertex -75.4 -21.5 10
    endloop
  endfacet
  facet normal 0 0 1
    outer loop
      vertex -75.8607079829752 -36.81973424685975 10
      vertex -75.4 -21.5 10
      vertex -77.4 -14.5 10
    endloop
  endfacet
  facet normal 0 0 1
    outer loop
      vertex -75.4 -21.5 10
      vertex -75.4 -14.5 10
      vertex -77.4 -14.5 10
    endloop
  endfacet
  facet normal 0.7071067811865475 0 -0.7071067811865475
    outer loop
      vertex -77.4 -94.5 8
      vertex -77.4 -79.5 8
      vertex -75.4 -94.5 10
    endloop
  endfacet
  facet normal 0 0 1
    outer loop
      vertex -77.4 -101.5 10
      vertex -75.8607079829752 -94.81973424685975 10
      vertex -77.4 -94.5 10
    endloop
  endfacet
  facet normal 0 0 1
    outer loop
      vertex -77.4 -101.5 10
      vertex -75.4 -101.5 10
      vertex -75.8607079829752 -94.81973424685975 10
    endloop
  endfacet
  facet normal 0.7071067811865475 0 -0.7071067811865475
    outer loop
      vertex -75.4 -94.5 10
      vertex -77.4 -79.5 8
      vertex -75.4 -79.5 10
    endloop
  endfacet
  facet normal 0 0 1
    outer loop
      vertex -75.8607079829752 -94.81973424685975 10
      vertex -75.4 -94.5 10
      vertex -75.4 -79.5 10
    endloop
  endfacet
  facet normal 0 0 1
    outer loop
      vertex -77.4 -94.5 10
      vertex -75.8607079829752 -94.81973424685975 10
      vertex -77.4 -72.5 10
    endloop
  endfacet
  facet normal 0 0 1
    outer loop
      vertex -75.8607079829752 -94.81973424685975 10
      vertex -75.4 -79.5 10
      vertex -77.4 -72.5 10
    endloop
  endfacet
  facet normal 0 0 1
    outer loop
      vertex -75.4 -79.5 10
      vertex -75.4 -72.5 10
      vertex -77.4 -72.5 10
    endloop
  endfacet
  facet normal 0 0 1
    outer loop
      vertex 53.70000000000002 72.5 10
      vertex 55.70000000000002 72.5 10
      vertex 55.23929201702484 79.18026575314025 10
    endloop
  endfacet
  facet normal 0 0 1
    outer loop
      vertex 53.70000000000002 72.5 10
      vertex 55.23929201702484 79.18026575314025 10
      vertex 53.70000000000002 79.5 10
    endloop
  endfacet
  facet normal 0.7071067811865475 0 -0.7071067811865475
    outer loop
      vertex 53.70000000000002 79.5 8
      vertex 53.70000000000002 94.5 8
      vertex 55.70000000000002 79.5 10
    endloop
  endfacet
  facet normal 0.7071067811865475 0 -0.7071067811865475
    outer loop
      vertex 55.70000000000002 79.5 10
      vertex 53.70000000000002 94.5 8
      vertex 55.70000000000002 94.5 10
    endloop
  endfacet
  facet normal 0 0 1
    outer loop
      vertex 55.23929201702484 79.18026575314025 10
      vertex 55.70000000000002 79.5 10
      vertex 55.70000000000002 94.5 10
    endloop
  endfacet
  facet normal 0 0 1
    outer loop
      vertex 53.70000000000002 79.5 10
      vertex 55.23929201702484 79.18026575314025 10
      vertex 53.70000000000002 101.5 10
    endloop
  endfacet
  facet normal 0 0 1
    outer loop
      vertex 55.23929201702484 79.18026575314025 10
      vertex 55.70000000000002 94.5 10
      vertex 53.70000000000002 101.5 10
    endloop
  endfacet
  facet normal 0 1 0
    outer loop
      vertex 53.70000000000002 101.5 8
      vertex 53.70000000000002 101.5 10
      vertex 55.70000000000002 101.5 10
    endloop
  endfacet
  facet normal 0 0 1
    outer loop
      vertex 55.70000000000002 94.5 10
      vertex 55.70000000000002 101.5 10
      vertex 53.70000000000002 101.5 10
    endloop
  endfacet
  facet normal 0.7071067811865475 0 -0.7071067811865475
    outer loop
      vertex 53.70000000000002 21.5 8
      vertex 53.70000000000002 36.5 8
      vertex 55.70000000000002 21.5 10
    endloop
  endfacet
  facet normal 0 0 1
    outer loop
      vertex 53.70000000000002 14.5 10
      vertex 55.70000000000002 14.5 10
      vertex 55.23929201702484 21.180265753140247 10
    endloop
  endfacet
  facet normal 0 0 1
    outer loop
      vertex 53.70000000000002 14.5 10
      vertex 55.23929201702484 21.180265753140247 10
      vertex 53.70000000000002 21.5 10
    endloop
  endfacet
  facet normal 0 0 1
    outer loop
      vertex 55.23929201702484 21.180265753140247 10
      vertex 55.70000000000002 21.5 10
      vertex 55.70000000000002 36.5 10
    endloop
  endfacet
  facet normal 0.7071067811865475 0 -0.7071067811865475
    outer loop
      vertex 55.70000000000002 21.5 10
      vertex 53.70000000000002 36.5 8
      vertex 55.70000000000002 36.5 10
    endloop
  endfacet
  facet normal 0 0 1
    outer loop
      vertex 53.70000000000002 21.5 10
      vertex 55.23929201702484 21.180265753140247 10
      vertex 53.70000000000002 43.5 10
    endloop
  endfacet
  facet normal 0 0 1
    outer loop
      vertex 55.23929201702484 21.180265753140247 10
      vertex 55.70000000000002 36.5 10
      vertex 53.70000000000002 43.5 10
    endloop
  endfacet
  facet normal 0 0 1
    outer loop
      vertex 55.70000000000002 36.5 10
      vertex 55.70000000000002 43.5 10
      vertex 53.70000000000002 43.5 10
    endloop
  endfacet
  facet normal 0.7071067811865475 0 -0.7071067811865475
    outer loop
      vertex 53.70000000000002 -36.5 8
      vertex 53.70000000000002 -21.5 8
      vertex 55.70000000000002 -36.5 10
    endloop
  endfacet
  facet normal 0 0 1
    outer loop
      vertex 53.70000000000002 -43.5 10
      vertex 55.70000000000002 -43.5 10
      vertex 55.23929201702484 -36.81973424685975 10
    endloop
  endfacet
  facet normal 0 0 1
    outer loop
      vertex 53.70000000000002 -43.5 10
      vertex 55.23929201702484 -36.81973424685975 10
      vertex 53.70000000000002 -36.5 10
    endloop
  endfacet
  facet normal 0 0 1
    outer loop
      vertex 55.23929201702484 -36.81973424685975 10
      vertex 55.70000000000002 -36.5 10
      vertex 55.70000000000002 -21.5 10
    endloop
  endfacet
  facet normal 0 0 1
    outer loop
      vertex 53.70000000000002 -36.5 10
      vertex 55.23929201702484 -36.81973424685975 10
      vertex 53.70000000000002 -14.5 10
    endloop
  endfacet
  facet normal 0.7071067811865475 0 -0.7071067811865475
    outer loop
      vertex 55.70000000000002 -36.5 10
      vertex 53.70000000000002 -21.5 8
      vertex 55.70000000000002 -21.5 10
    endloop
  endfacet
  facet normal 0 0 1
    outer loop
      vertex 55.23929201702484 -36.81973424685975 10
      vertex 55.70000000000002 -21.5 10
      vertex 53.70000000000002 -14.5 10
    endloop
  endfacet
  facet normal 0 0 1
    outer loop
      vertex 55.70000000000002 -21.5 10
      vertex 55.70000000000002 -14.5 10
      vertex 53.70000000000002 -14.5 10
    endloop
  endfacet
  facet normal 0.7071067811865475 0 -0.7071067811865475
    outer loop
      vertex 53.70000000000002 -94.5 8
      vertex 53.70000000000002 -79.5 8
      vertex 55.70000000000002 -94.5 10
    endloop
  endfacet
  facet normal 0 0 1
    outer loop
      vertex 53.70000000000002 -101.5 10
      vertex 55.23929201702484 -94.81973424685975 10
      vertex 53.70000000000002 -94.5 10
    endloop
  endfacet
  facet normal 0 0 1
    outer loop
      vertex 53.70000000000002 -101.5 10
      vertex 55.70000000000002 -101.5 10
      vertex 55.23929201702484 -94.81973424685975 10
    endloop
  endfacet
  facet normal 0.7071067811865475 0 -0.7071067811865475
    outer loop
      vertex 55.70000000000002 -94.5 10
      vertex 53.70000000000002 -79.5 8
      vertex 55.70000000000002 -79.5 10
    endloop
  endfacet
  facet normal 0 0 1
    outer loop
      vertex 55.23929201702484 -94.81973424685975 10
      vertex 55.70000000000002 -94.5 10
      vertex 55.70000000000002 -79.5 10
    endloop
  endfacet
  facet normal 0 0 1
    outer loop
      vertex 53.70000000000002 -94.5 10
      vertex 55.23929201702484 -94.81973424685975 10
      vertex 53.70000000000002 -72.5 10
    endloop
  endfacet
  facet normal 0 0 1
    outer loop
      vertex 55.23929201702484 -94.81973424685975 10
      vertex 55.70000000000002 -79.5 10
      vertex 53.70000000000002 -72.5 10
    endloop
  endfacet
  facet normal 0 0 1
    outer loop
      vertex 55.70000000000002 -79.5 10
      vertex 55.70000000000002 -72.5 10
      vertex 53.70000000000002 -72.5 10
    endloop
  endfacet
  facet normal 0 0 1
    outer loop
      vertex -33.7 72.5 10
      vertex -31.700000000000003 72.5 10
      vertex -32.1607079829752 79.18026575314025 10
    endloop
  endfacet
  facet normal 0 0 1
    outer loop
      vertex -33.7 72.5 10
      vertex -32.1607079829752 79.18026575314025 10
      vertex -33.7 79.5 10
    endloop
  endfacet
  facet normal 0.7071067811865475 0 -0.7071067811865475
    outer loop
      vertex -33.7 79.5 8
      vertex -33.7 94.5 8
      vertex -31.700000000000003 79.5 10
    endloop
  endfacet
  facet normal 0.7071067811865475 0 -0.7071067811865475
    outer loop
      vertex -31.700000000000003 79.5 10
      vertex -33.7 94.5 8
      vertex -31.700000000000003 94.5 10
    endloop
  endfacet
  facet normal 0 0 1
    outer loop
      vertex -32.1607079829752 79.18026575314025 10
      vertex -31.700000000000003 79.5 10
      vertex -31.700000000000003 94.5 10
    endloop
  endfacet
  facet normal 0 0 1
    outer loop
      vertex -33.7 79.5 10
      vertex -32.1607079829752 79.18026575314025 10
      vertex -33.7 101.5 10
    endloop
  endfacet
  facet normal 0 0 1
    outer loop
      vertex -32.1607079829752 79.18026575314025 10
      vertex -31.700000000000003 94.5 10
      vertex -33.7 101.5 10
    endloop
  endfacet
  facet normal 0 1 0
    outer loop
      vertex -33.7 101.5 8
      vertex -33.7 101.5 10
      vertex -31.700000000000003 101.5 10
    endloop
  endfacet
  facet normal 0 0 1
    outer loop
      vertex -31.700000000000003 94.5 10
      vertex -31.700000000000003 101.5 10
      vertex -33.7 101.5 10
    endloop
  endfacet
  facet normal 0.7071067811865475 0 -0.7071067811865475
    outer loop
      vertex -33.7 21.5 8
      vertex -33.7 36.5 8
      vertex -31.700000000000003 21.5 10
    endloop
  endfacet
  facet normal 0 0 1
    outer loop
      vertex -33.7 14.5 10
      vertex -31.700000000000003 14.5 10
      vertex -32.1607079829752 21.180265753140247 10
    endloop
  endfacet
  facet normal 0 0 1
    outer loop
      vertex -33.7 14.5 10
      vertex -32.1607079829752 21.180265753140247 10
      vertex -33.7 21.5 10
    endloop
  endfacet
  facet normal 0 0 1
    outer loop
      vertex -32.1607079829752 21.180265753140247 10
      vertex -31.700000000000003 21.5 10
      vertex -31.700000000000003 36.5 10
    endloop
  endfacet
  facet normal 0.7071067811865475 0 -0.7071067811865475
    outer loop
      vertex -31.700000000000003 21.5 10
      vertex -33.7 36.5 8
      vertex -31.700000000000003 36.5 10
    endloop
  endfacet
  facet normal 0 0 1
    outer loop
      vertex -33.7 21.5 10
      vertex -32.1607079829752 21.180265753140247 10
      vertex -33.7 43.5 10
    endloop
  endfacet
  facet normal 0 0 1
    outer loop
      vertex -32.1607079829752 21.180265753140247 10
      vertex -31.700000000000003 36.5 10
      vertex -33.7 43.5 10
    endloop
  endfacet
  facet normal 0 0 1
    outer loop
      vertex -31.700000000000003 36.5 10
      vertex -31.700000000000003 43.5 10
      vertex -33.7 43.5 10
    endloop
  endfacet
  facet normal 0.7071067811865475 0 -0.7071067811865475
    outer loop
      vertex -33.7 -36.5 8
      vertex -33.7 -21.5 8
      vertex -31.700000000000003 -36.5 10
    endloop
  endfacet
  facet normal 0 0 1
    outer loop
      vertex -33.7 -43.5 10
      vertex -31.700000000000003 -43.5 10
      vertex -32.1607079829752 -36.81973424685975 10
    endloop
  endfacet
  facet normal 0 0 1
    outer loop
      vertex -33.7 -43.5 10
      vertex -32.1607079829752 -36.81973424685975 10
      vertex -33.7 -36.5 10
    endloop
  endfacet
  facet normal 0 0 1
    outer loop
      vertex -32.1607079829752 -36.81973424685975 10
      vertex -31.700000000000003 -36.5 10
      vertex -31.700000000000003 -21.5 10
    endloop
  endfacet
  facet normal 0 0 1
    outer loop
      vertex -33.7 -36.5 10
      vertex -32.1607079829752 -36.81973424685975 10
      vertex -33.7 -14.5 10
    endloop
  endfacet
  facet normal 0.7071067811865475 0 -0.7071067811865475
    outer loop
      vertex -31.700000000000003 -36.5 10
      vertex -33.7 -21.5 8
      vertex -31.700000000000003 -21.5 10
    endloop
  endfacet
  facet normal 0 0 1
    outer loop
      vertex -32.1607079829752 -36.81973424685975 10
      vertex -31.700000000000003 -21.5 10
      vertex -33.7 -14.5 10
    endloop
  endfacet
  facet normal 0 0 1
    outer loop
      vertex -31.700000000000003 -21.5 10
      vertex -31.700000000000003 -14.5 10
      vertex -33.7 -14.5 10
    endloop
  endfacet
  facet normal 0.7071067811865475 0 -0.7071067811865475
    outer loop
      vertex -33.7 -94.5 8
      vertex -33.7 -79.5 8
      vertex -31.700000000000003 -94.5 10
    endloop
  endfacet
  facet normal 0 0 1
    outer loop
      vertex -33.7 -101.5 10
      vertex -32.1607079829752 -94.81973424685975 10
      vertex -33.7 -94.5 10
    endloop
  endfacet
  facet normal 0 0 1
    outer loop
      vertex -33.7 -101.5 10
      vertex -31.700000000000003 -101.5 10
      vertex -32.1607079829752 -94.81973424685975 10
    endloop
  endfacet
  facet normal 0.7071067811865475 0 -0.7071067811865475
    outer loop
      vertex -31.700000000000003 -94.5 10
      vertex -33.7 -79.5 8
      vertex -31.700000000000003 -79.5 10
    endloop
  endfacet
  facet normal 0 0 1
    outer loop
      vertex -32.1607079829752 -94.81973424685975 10
      vertex -31.700000000000003 -94.5 10
      vertex -31.700000000000003 -79.5 10
    endloop
  endfacet
  facet normal 0 0 1
    outer loop
      vertex -33.7 -94.5 10
      vertex -32.1607079829752 -94.81973424685975 10
      vertex -33.7 -72.5 10
    endloop
  endfacet
  facet normal 0 0 1
    outer loop
      vertex -32.1607079829752 -94.81973424685975 10
      vertex -31.700000000000003 -79.5 10
      vertex -33.7 -72.5 10
    endloop
  endfacet
  facet normal 0 0 1
    outer loop
      vertex -31.700000000000003 -79.5 10
      vertex -31.700000000000003 -72.5 10
      vertex -33.7 -72.5 10
    endloop
  endfacet
  facet normal 0 0 1
    outer loop
      vertex 10 43.5 10
      vertex 11.539292017024806 50.18026575314025 10
      vertex 10 50.5 10
    endloop
  endfacet
  facet normal 0 0 1
    outer loop
      vertex 10 43.5 10
      vertex 12 43.5 10
      vertex 11.539292017024806 50.18026575314025 10
    endloop
  endfacet
  facet normal 0.7071067811865475 0 -0.7071067811865475
    outer loop
      vertex 10 50.5 8
      vertex 10 65.5 8
      vertex 12 50.5 10
    endloop
  endfacet
  facet normal 0.7071067811865475 0 -0.7071067811865475
    outer loop
      vertex 12 50.5 10
      vertex 10 65.5 8
      vertex 12 65.5 10
    endloop
  endfacet
  facet normal 0 0 1
    outer loop
      vertex 10 50.5 10
      vertex 11.539292017024806 50.18026575314025 10
      vertex 10 72.5 10
    endloop
  endfacet
  facet normal 0 0 1
    outer loop
      vertex 11.539292017024806 50.18026575314025 10
      vertex 12 50.5 10
      vertex 12 65.5 10
    endloop
  endfacet
  facet normal 0 0 1
    outer loop
      vertex 11.539292017024806 50.18026575314025 10
      vertex 12 65.5 10
      vertex 10 72.5 10
    endloop
  endfacet
  facet normal 0 0 1
    outer loop
      vertex 12 65.5 10
      vertex 12 72.5 10
      vertex 10 72.5 10
    endloop
  endfacet
  facet normal 0.7071067811865475 0 -0.7071067811865475
    outer loop
      vertex 10 -7.5 8
      vertex 10 7.5 8
      vertex 12 -7.5 10
    endloop
  endfacet
  facet normal 0 0 1
    outer loop
      vertex 10 -14.5 10
      vertex 12 -14.5 10
      vertex 11.539292017024806 -7.819734246859753 10
    endloop
  endfacet
  facet normal 0 0 1
    outer loop
      vertex 10 -14.5 10
      vertex 11.539292017024806 -7.819734246859753 10
      vertex 10 -7.5 10
    endloop
  endfacet
  facet normal 0 0 1
    outer loop
      vertex 10 -7.5 10
      vertex 11.539292017024806 -7.819734246859753 10
      vertex 10 14.5 10
    endloop
  endfacet
  facet normal 0 0 1
    outer loop
      vertex 11.539292017024806 -7.819734246859753 10
      vertex 12 -7.5 10
      vertex 12 7.5 10
    endloop
  endfacet
  facet normal 0.7071067811865475 0 -0.7071067811865475
    outer loop
      vertex 12 -7.5 10
      vertex 10 7.5 8
      vertex 12 7.5 10
    endloop
  endfacet
  facet normal 0 0 1
    outer loop
      vertex 11.539292017024806 -7.819734246859753 10
      vertex 12 7.5 10
      vertex 10 14.5 10
    endloop
  endfacet
  facet normal 0 0 1
    outer loop
      vertex 12 7.5 10
      vertex 12 14.5 10
      vertex 10 14.5 10
    endloop
  endfacet
  facet normal 0.7071067811865475 0 -0.7071067811865475
    outer loop
      vertex 10 -65.5 8
      vertex 10 -50.5 8
      vertex 12 -65.5 10
    endloop
  endfacet
  facet normal 0 0 1
    outer loop
      vertex 10 -72.5 10
      vertex 12 -72.5 10
      vertex 11.539292017024806 -65.81973424685975 10
    endloop
  endfacet
  facet normal 0.7071067811865475 0 -0.7071067811865475
    outer loop
      vertex 12 -65.5 10
      vertex 10 -50.5 8
      vertex 12 -50.5 10
    endloop
  endfacet
  facet normal 0 0 1
    outer loop
      vertex 10 -72.5 10
      vertex 11.539292017024806 -65.81973424685975 10
      vertex 10 -65.5 10
    endloop
  endfacet
  facet normal 0 0 1
    outer loop
      vertex 11.539292017024806 -65.81973424685975 10
      vertex 12 -65.5 10
      vertex 12 -50.5 10
    endloop
  endfacet
  facet normal 0 0 1
    outer loop
      vertex 10 -65.5 10
      vertex 11.539292017024806 -65.81973424685975 10
      vertex 10 -43.5 10
    endloop
  endfacet
  facet normal 0 0 1
    outer loop
      vertex 11.539292017024806 -65.81973424685975 10
      vertex 12 -50.5 10
      vertex 10 -43.5 10
    endloop
  endfacet
  facet normal 0 0 1
    outer loop
      vertex 12 -50.5 10
      vertex 12 -43.5 10
      vertex 10 -43.5 10
    endloop
  endfacet
  facet normal 0 0 1
    outer loop
      vertex -77.4 43.5 10
      vertex -75.8607079829752 50.18026575314025 10
      vertex -77.4 50.5 10
    endloop
  endfacet
  facet normal 0 0 1
    outer loop
      vertex -77.4 43.5 10
      vertex -75.4 43.5 10
      vertex -75.8607079829752 50.18026575314025 10
    endloop
  endfacet
  facet normal 0.7071067811865475 0 -0.7071067811865475
    outer loop
      vertex -77.4 50.5 8
      vertex -77.4 65.5 8
      vertex -75.4 50.5 10
    endloop
  endfacet
  facet normal 0.7071067811865475 0 -0.7071067811865475
    outer loop
      vertex -75.4 50.5 10
      vertex -77.4 65.5 8
      vertex -75.4 65.5 10
    endloop
  endfacet
  facet normal 0 0 1
    outer loop
      vertex -77.4 50.5 10
      vertex -75.8607079829752 50.18026575314025 10
      vertex -77.4 72.5 10
    endloop
  endfacet
  facet normal 0 0 1
    outer loop
      vertex -75.8607079829752 50.18026575314025 10
      vertex -75.4 50.5 10
      vertex -75.4 65.5 10
    endloop
  endfacet
  facet normal 0 0 1
    outer loop
      vertex -75.8607079829752 50.18026575314025 10
      vertex -75.4 65.5 10
      vertex -77.4 72.5 10
    endloop
  endfacet
  facet normal 0 0 1
    outer loop
      vertex -75.4 65.5 10
      vertex -75.4 72.5 10
      vertex -77.4 72.5 10
    endloop
  endfacet
  facet normal 0.7071067811865475 0 -0.7071067811865475
    outer loop
      vertex -77.4 -7.5 8
      vertex -77.4 7.5 8
      vertex -75.4 -7.5 10
    endloop
  endfacet
  facet normal 0 0 1
    outer loop
      vertex -77.4 -14.5 10
      vertex -75.4 -14.5 10
      vertex -75.8607079829752 -7.819734246859753 10
    endloop
  endfacet
  facet normal 0 0 1
    outer loop
      vertex -77.4 -14.5 10
      vertex -75.8607079829752 -7.819734246859753 10
      vertex -77.4 -7.5 10
    endloop
  endfacet
  facet normal 0 0 1
    outer loop
      vertex -77.4 -7.5 10
      vertex -75.8607079829752 -7.819734246859753 10
      vertex -77.4 14.5 10
    endloop
  endfacet
  facet normal 0 0 1
    outer loop
      vertex -75.8607079829752 -7.819734246859753 10
      vertex -75.4 -7.5 10
      vertex -75.4 7.5 10
    endloop
  endfacet
  facet normal 0.7071067811865475 0 -0.7071067811865475
    outer loop
      vertex -75.4 -7.5 10
      vertex -77.4 7.5 8
      vertex -75.4 7.5 10
    endloop
  endfacet
  facet normal 0 0 1
    outer loop
      vertex -75.8607079829752 -7.819734246859753 10
      vertex -75.4 7.5 10
      vertex -77.4 14.5 10
    endloop
  endfacet
  facet normal 0 0 1
    outer loop
      vertex -75.4 7.5 10
      vertex -75.4 14.5 10
      vertex -77.4 14.5 10
    endloop
  endfacet
  facet normal 0.7071067811865475 0 -0.7071067811865475
    outer loop
      vertex -77.4 -65.5 8
      vertex -77.4 -50.5 8
      vertex -75.4 -65.5 10
    endloop
  endfacet
  facet normal 0 0 1
    outer loop
      vertex -77.4 -72.5 10
      vertex -75.4 -72.5 10
      vertex -75.8607079829752 -65.81973424685975 10
    endloop
  endfacet
  facet normal 0.7071067811865475 0 -0.7071067811865475
    outer loop
      vertex -75.4 -65.5 10
      vertex -77.4 -50.5 8
      vertex -75.4 -50.5 10
    endloop
  endfacet
  facet normal 0 0 1
    outer loop
      vertex -77.4 -72.5 10
      vertex -75.8607079829752 -65.81973424685975 10
      vertex -77.4 -65.5 10
    endloop
  endfacet
  facet normal 0 0 1
    outer loop
      vertex -75.8607079829752 -65.81973424685975 10
      vertex -75.4 -65.5 10
      vertex -75.4 -50.5 10
    endloop
  endfacet
  facet normal 0 0 1
    outer loop
      vertex -77.4 -65.5 10
      vertex -75.8607079829752 -65.81973424685975 10
      vertex -77.4 -43.5 10
    endloop
  endfacet
  facet normal 0 0 1
    outer loop
      vertex -75.8607079829752 -65.81973424685975 10
      vertex -75.4 -50.5 10
      vertex -77.4 -43.5 10
    endloop
  endfacet
  facet normal 0 0 1
    outer loop
      vertex -75.4 -50.5 10
      vertex -75.4 -43.5 10
      vertex -77.4 -43.5 10
    endloop
  endfacet
  facet normal 0 0 1
    outer loop
      vertex 53.70000000000002 43.5 10
      vertex 55.23929201702484 50.18026575314025 10
      vertex 53.70000000000002 50.5 10
    endloop
  endfacet
  facet normal 0 0 1
    outer loop
      vertex 53.70000000000002 43.5 10
      vertex 55.70000000000002 43.5 10
      vertex 55.23929201702484 50.18026575314025 10
    endloop
  endfacet
  facet normal 0.7071067811865475 0 -0.7071067811865475
    outer loop
      vertex 53.70000000000002 50.5 8
      vertex 53.70000000000002 65.5 8
      vertex 55.70000000000002 50.5 10
    endloop
  endfacet
  facet normal 0.7071067811865475 0 -0.7071067811865475
    outer loop
      vertex 55.70000000000002 50.5 10
      vertex 53.70000000000002 65.5 8
      vertex 55.70000000000002 65.5 10
    endloop
  endfacet
  facet normal 0 0 1
    outer loop
      vertex 53.70000000000002 50.5 10
      vertex 55.23929201702484 50.18026575314025 10
      vertex 53.70000000000002 72.5 10
    endloop
  endfacet
  facet normal 0 0 1
    outer loop
      vertex 55.23929201702484 50.18026575314025 10
      vertex 55.70000000000002 50.5 10
      vertex 55.70000000000002 65.5 10
    endloop
  endfacet
  facet normal 0 0 1
    outer loop
      vertex 55.23929201702484 50.18026575314025 10
      vertex 55.70000000000002 65.5 10
      vertex 53.70000000000002 72.5 10
    endloop
  endfacet
  facet normal 0 0 1
    outer loop
      vertex 55.70000000000002 65.5 10
      vertex 55.70000000000002 72.5 10
      vertex 53.70000000000002 72.5 10
    endloop
  endfacet
  facet normal 0.7071067811865475 0 -0.7071067811865475
    outer loop
      vertex 53.70000000000002 -7.5 8
      vertex 53.70000000000002 7.5 8
      vertex 55.70000000000002 -7.5 10
    endloop
  endfacet
  facet normal 0 0 1
    outer loop
      vertex 53.70000000000002 -14.5 10
      vertex 55.70000000000002 -14.5 10
      vertex 55.23929201702484 -7.819734246859753 10
    endloop
  endfacet
  facet normal 0 0 1
    outer loop
      vertex 53.70000000000002 -14.5 10
      vertex 55.23929201702484 -7.819734246859753 10
      vertex 53.70000000000002 -7.5 10
    endloop
  endfacet
  facet normal 0 0 1
    outer loop
      vertex 53.70000000000002 -7.5 10
      vertex 55.23929201702484 -7.819734246859753 10
      vertex 53.70000000000002 14.5 10
    endloop
  endfacet
  facet normal 0 0 1
    outer loop
      vertex 55.23929201702484 -7.819734246859753 10
      vertex 55.70000000000002 -7.5 10
      vertex 55.70000000000002 7.5 10
    endloop
  endfacet
  facet normal 0.7071067811865475 0 -0.7071067811865475
    outer loop
      vertex 55.70000000000002 -7.5 10
      vertex 53.70000000000002 7.5 8
      vertex 55.70000000000002 7.5 10
    endloop
  endfacet
  facet normal 0 0 1
    outer loop
      vertex 55.23929201702484 -7.819734246859753 10
      vertex 55.70000000000002 7.5 10
      vertex 53.70000000000002 14.5 10
    endloop
  endfacet
  facet normal 0 0 1
    outer loop
      vertex 55.70000000000002 7.5 10
      vertex 55.70000000000002 14.5 10
      vertex 53.70000000000002 14.5 10
    endloop
  endfacet
  facet normal 0.7071067811865475 0 -0.7071067811865475
    outer loop
      vertex 53.70000000000002 -65.5 8
      vertex 53.70000000000002 -50.5 8
      vertex 55.70000000000002 -65.5 10
    endloop
  endfacet
  facet normal 0 0 1
    outer loop
      vertex 53.70000000000002 -72.5 10
      vertex 55.70000000000002 -72.5 10
      vertex 55.23929201702484 -65.81973424685975 10
    endloop
  endfacet
  facet normal 0.7071067811865475 0 -0.7071067811865475
    outer loop
      vertex 55.70000000000002 -65.5 10
      vertex 53.70000000000002 -50.5 8
      vertex 55.70000000000002 -50.5 10
    endloop
  endfacet
  facet normal 0 0 1
    outer loop
      vertex 53.70000000000002 -72.5 10
      vertex 55.23929201702484 -65.81973424685975 10
      vertex 53.70000000000002 -65.5 10
    endloop
  endfacet
  facet normal 0 0 1
    outer loop
      vertex 55.23929201702484 -65.81973424685975 10
      vertex 55.70000000000002 -65.5 10
      vertex 55.70000000000002 -50.5 10
    endloop
  endfacet
  facet normal 0 0 1
    outer loop
      vertex 53.70000000000002 -65.5 10
      vertex 55.23929201702484 -65.81973424685975 10
      vertex 53.70000000000002 -43.5 10
    endloop
  endfacet
  facet normal 0 0 1
    outer loop
      vertex 55.23929201702484 -65.81973424685975 10
      vertex 55.70000000000002 -50.5 10
      vertex 53.70000000000002 -43.5 10
    endloop
  endfacet
  facet normal 0 0 1
    outer loop
      vertex 55.70000000000002 -50.5 10
      vertex 55.70000000000002 -43.5 10
      vertex 53.70000000000002 -43.5 10
    endloop
  endfacet
  facet normal 0 0 1
    outer loop
      vertex -33.7 43.5 10
      vertex -32.1607079829752 50.18026575314025 10
      vertex -33.7 50.5 10
    endloop
  endfacet
  facet normal 0 0 1
    outer loop
      vertex -33.7 43.5 10
      vertex -31.700000000000003 43.5 10
      vertex -32.1607079829752 50.18026575314025 10
    endloop
  endfacet
  facet normal 0.7071067811865475 0 -0.7071067811865475
    outer loop
      vertex -33.7 50.5 8
      vertex -33.7 65.5 8
      vertex -31.700000000000003 50.5 10
    endloop
  endfacet
  facet normal 0.7071067811865475 0 -0.7071067811865475
    outer loop
      vertex -31.700000000000003 50.5 10
      vertex -33.7 65.5 8
      vertex -31.700000000000003 65.5 10
    endloop
  endfacet
  facet normal 0 0 1
    outer loop
      vertex -33.7 50.5 10
      vertex -32.1607079829752 50.18026575314025 10
      vertex -33.7 72.5 10
    endloop
  endfacet
  facet normal 0 0 1
    outer loop
      vertex -32.1607079829752 50.18026575314025 10
      vertex -31.700000000000003 50.5 10
      vertex -31.700000000000003 65.5 10
    endloop
  endfacet
  facet normal 0 0 1
    outer loop
      vertex -32.1607079829752 50.18026575314025 10
      vertex -31.700000000000003 65.5 10
      vertex -33.7 72.5 10
    endloop
  endfacet
  facet normal 0 0 1
    outer loop
      vertex -31.700000000000003 65.5 10
      vertex -31.700000000000003 72.5 10
      vertex -33.7 72.5 10
    endloop
  endfacet
  facet normal 0.7071067811865475 0 -0.7071067811865475
    outer loop
      vertex -33.7 -7.5 8
      vertex -33.7 7.5 8
      vertex -31.700000000000003 -7.5 10
    endloop
  endfacet
  facet normal 0 0 1
    outer loop
      vertex -33.7 -14.5 10
      vertex -31.700000000000003 -14.5 10
      vertex -32.1607079829752 -7.819734246859753 10
    endloop
  endfacet
  facet normal 0 0 1
    outer loop
      vertex -33.7 -14.5 10
      vertex -32.1607079829752 -7.819734246859753 10
      vertex -33.7 -7.5 10
    endloop
  endfacet
  facet normal 0 0 1
    outer loop
      vertex -33.7 -7.5 10
      vertex -32.1607079829752 -7.819734246859753 10
      vertex -33.7 14.5 10
    endloop
  endfacet
  facet normal 0 0 1
    outer loop
      vertex -32.1607079829752 -7.819734246859753 10
      vertex -31.700000000000003 -7.5 10
      vertex -31.700000000000003 7.5 10
    endloop
  endfacet
  facet normal 0.7071067811865475 0 -0.7071067811865475
    outer loop
      vertex -31.700000000000003 -7.5 10
      vertex -33.7 7.5 8
      vertex -31.700000000000003 7.5 10
    endloop
  endfacet
  facet normal 0 0 1
    outer loop
      vertex -32.1607079829752 -7.819734246859753 10
      vertex -31.700000000000003 7.5 10
      vertex -33.7 14.5 10
    endloop
  endfacet
  facet normal 0 0 1
    outer loop
      vertex -31.700000000000003 7.5 10
      vertex -31.700000000000003 14.5 10
      vertex -33.7 14.5 10
    endloop
  endfacet
  facet normal 0.7071067811865475 0 -0.7071067811865475
    outer loop
      vertex -33.7 -65.5 8
      vertex -33.7 -50.5 8
      vertex -31.700000000000003 -65.5 10
    endloop
  endfacet
  facet normal 0 0 1
    outer loop
      vertex -33.7 -72.5 10
      vertex -31.700000000000003 -72.5 10
      vertex -32.1607079829752 -65.81973424685975 10
    endloop
  endfacet
  facet normal 0.7071067811865475 0 -0.7071067811865475
    outer loop
      vertex -31.700000000000003 -65.5 10
      vertex -33.7 -50.5 8
      vertex -31.700000000000003 -50.5 10
    endloop
  endfacet
  facet normal 0 0 1
    outer loop
      vertex -33.7 -72.5 10
      vertex -32.1607079829752 -65.81973424685975 10
      vertex -33.7 -65.5 10
    endloop
  endfacet
  facet normal 0 0 1
    outer loop
      vertex -32.1607079829752 -65.81973424685975 10
      vertex -31.700000000000003 -65.5 10
      vertex -31.700000000000003 -50.5 10
    endloop
  endfacet
  facet normal 0 0 1
    outer loop
      vertex -33.7 -65.5 10
      vertex -32.1607079829752 -65.81973424685975 10
      vertex -33.7 -43.5 10
    endloop
  endfacet
  facet normal 0 0 1
    outer loop
      vertex -32.1607079829752 -65.81973424685975 10
      vertex -31.700000000000003 -50.5 10
      vertex -33.7 -43.5 10
    endloop
  endfacet
  facet normal 0 0 1
    outer loop
      vertex -31.700000000000003 -50.5 10
      vertex -31.700000000000003 -43.5 10
      vertex -33.7 -43.5 10
    endloop
  endfacet
  facet normal 0 0 -1
    outer loop
      vertex 30.200000000000003 79.5 8
      vertex 30.200000000000003 94.5 8
      vertex 33.7 79.5 8
    endloop
  endfacet
  facet normal 0 0 -1
    outer loop
      vertex 33.7 79.5 8
      vertex 30.200000000000003 94.5 8
      vertex 33.7 94.5 8
    endloop
  endfacet
  facet normal -0.7071067811865475 0 -0.7071067811865475
    outer loop
      vertex 30.200000000000003 79.5 8
      vertex 28.200000000000003 94.5 10
      vertex 30.200000000000003 94.5 8
    endloop
  endfacet
  facet normal -0.7071067811865475 0 -0.7071067811865475
    outer loop
      vertex 30.200000000000003 79.5 8
      vertex 28.200000000000003 79.5 10
      vertex 28.200000000000003 94.5 10
    endloop
  endfacet
  facet normal 0 0 1
    outer loop
      vertex 28.200000000000003 79.5 10
      vertex 33.28990200255646 74.66233489561142 10
      vertex 29.279993834771886 95.80548705302095 10
    endloop
  endfacet
  facet normal 0 0 1
    outer loop
      vertex 28.200000000000003 79.5 10
      vertex 29.279993834771886 95.80548705302095 10
      vertex 28.200000000000003 94.5 10
    endloop
  endfacet
  facet normal 0 0 1
    outer loop
      vertex 33.28990200255646 74.66233489561142 10
      vertex 33.7 79.5 10
      vertex 29.279993834771886 95.80548705302095 10
    endloop
  endfacet
  facet normal 0 0 1
    outer loop
      vertex 29.279993834771886 95.80548705302095 10
      vertex 33.7 79.5 10
      vertex 33.7 94 10
    endloop
  endfacet
  facet normal 0 0 1
    outer loop
      vertex 29.279993834771886 95.80548705302095 10
      vertex 33.7 94 10
      vertex 33.7 94.5 10
    endloop
  endfacet
  facet normal 0 0 -1
    outer loop
      vertex 30.200000000000003 21.5 8
      vertex 30.200000000000003 36.5 8
      vertex 33.7 21.5 8
    endloop
  endfacet
  facet normal -0.7071067811865475 0 -0.7071067811865475
    outer loop
      vertex 30.200000000000003 21.5 8
      vertex 28.200000000000003 21.5 10
      vertex 28.200000000000003 36.5 10
    endloop
  endfacet
  facet normal 0 0 1
    outer loop
      vertex 28.200000000000003 21.5 10
      vertex 33.28990200255646 16.662334895611423 10
      vertex 29.279993834771886 37.805487053020954 10
    endloop
  endfacet
  facet normal 0 0 1
    outer loop
      vertex 33.28990200255646 16.662334895611423 10
      vertex 33.7 21.5 10
      vertex 29.279993834771886 37.805487053020954 10
    endloop
  endfacet
  facet normal 0 0 -1
    outer loop
      vertex 33.7 21.5 8
      vertex 30.200000000000003 36.5 8
      vertex 33.7 36.5 8
    endloop
  endfacet
  facet normal -0.7071067811865475 0 -0.7071067811865475
    outer loop
      vertex 30.200000000000003 21.5 8
      vertex 28.200000000000003 36.5 10
      vertex 30.200000000000003 36.5 8
    endloop
  endfacet
  facet normal 0 0 1
    outer loop
      vertex 28.200000000000003 21.5 10
      vertex 29.279993834771886 37.805487053020954 10
      vertex 28.200000000000003 36.5 10
    endloop
  endfacet
  facet normal 0 0 1
    outer loop
      vertex 29.279993834771886 37.805487053020954 10
      vertex 33.7 21.5 10
      vertex 33.7 36.5 10
    endloop
  endfacet
  facet normal 0 0 -1
    outer loop
      vertex 30.200000000000003 -36.5 8
      vertex 30.200000000000003 -21.5 8
      vertex 33.7 -36.5 8
    endloop
  endfacet
  facet normal -0.7071067811865475 0 -0.7071067811865475
    outer loop
      vertex 30.200000000000003 -36.5 8
      vertex 28.200000000000003 -36.5 10
      vertex 28.200000000000003 -21.5 10
    endloop
  endfacet
  facet normal 0 0 1
    outer loop
      vertex 33.28990200255646 -41.337665104388584 10
      vertex 29.279993834771886 -20.194512946979046 10
      vertex 28.200000000000003 -36.5 10
    endloop
  endfacet
  facet normal 0 0 1
    outer loop
      vertex 33.28990200255646 -41.337665104388584 10
      vertex 33.7 -36.5 10
      vertex 29.279993834771886 -20.194512946979046 10
    endloop
  endfacet
  facet normal 0 0 -1
    outer loop
      vertex 33.7 -36.5 8
      vertex 30.200000000000003 -21.5 8
      vertex 33.7 -21.5 8
    endloop
  endfacet
  facet normal -0.7071067811865475 0 -0.7071067811865475
    outer loop
      vertex 30.200000000000003 -36.5 8
      vertex 28.200000000000003 -21.5 10
      vertex 30.200000000000003 -21.5 8
    endloop
  endfacet
  facet normal 0 0 1
    outer loop
      vertex 28.200000000000003 -36.5 10
      vertex 29.279993834771886 -20.194512946979046 10
      vertex 28.200000000000003 -21.5 10
    endloop
  endfacet
  facet normal 0 0 1
    outer loop
      vertex 29.279993834771886 -20.194512946979046 10
      vertex 33.7 -36.5 10
      vertex 33.7 -21.5 10
    endloop
  endfacet
  facet normal 0 0 -1
    outer loop
      vertex 30.200000000000003 -94.5 8
      vertex 30.200000000000003 -79.5 8
      vertex 33.7 -94.5 8
    endloop
  endfacet
  facet normal 0 0 -1
    outer loop
      vertex 33.7 -94.5 8
      vertex 30.200000000000003 -79.5 8
      vertex 33.7 -79.5 8
    endloop
  endfacet
  facet normal -0.7071067811865475 0 -0.7071067811865475
    outer loop
      vertex 30.200000000000003 -94.5 8
      vertex 28.200000000000003 -79.5 10
      vertex 30.200000000000003 -79.5 8
    endloop
  endfacet
  facet normal -0.7071067811865475 0 -0.7071067811865475
    outer loop
      vertex 30.200000000000003 -94.5 8
      vertex 28.200000000000003 -94.5 10
      vertex 28.200000000000003 -79.5 10
    endloop
  endfacet
  facet normal 0 0 1
    outer loop
      vertex 33.28990200255646 -99.33766510438858 10
      vertex 29.279993834771886 -78.19451294697905 10
      vertex 28.200000000000003 -94.5 10
    endloop
  endfacet
  facet normal 0 0 1
    outer loop
      vertex 28.200000000000003 -94.5 10
      vertex 29.279993834771886 -78.19451294697905 10
      vertex 28.200000000000003 -79.5 10
    endloop
  endfacet
  facet normal 0 0 1
    outer loop
      vertex 33.28990200255646 -99.33766510438858 10
      vertex 33.7 -94.5 10
      vertex 29.279993834771886 -78.19451294697905 10
    endloop
  endfacet
  facet normal 0 0 1
    outer loop
      vertex 33.7 -94.5 10
      vertex 33.7 -94 10
      vertex 29.279993834771886 -78.19451294697905 10
    endloop
  endfacet
  facet normal 0 0 1
    outer loop
      vertex 29.279993834771886 -78.19451294697905 10
      vertex 33.7 -94 10
      vertex 33.7 -79.5 10
    endloop
  endfacet
  facet normal 0 0 -1
    outer loop
      vertex -57.2 79.5 8
      vertex -57.2 94.5 8
      vertex -53.7 79.5 8
    endloop
  endfacet
  facet normal 0 0 -1
    outer loop
      vertex -53.7 79.5 8
      vertex -57.2 94.5 8
      vertex -53.7 94.5 8
    endloop
  endfacet
  facet normal -0.7071067811865475 0 -0.7071067811865475
    outer loop
      vertex -57.2 79.5 8
      vertex -59.2 94.5 10
      vertex -57.2 94.5 8
    endloop
  endfacet
  facet normal -0.7071067811865475 0 -0.7071067811865475
    outer loop
      vertex -57.2 79.5 8
      vertex -59.2 79.5 10
      vertex -59.2 94.5 10
    endloop
  endfacet
  facet normal 0 0 1
    outer loop
      vertex -59.2 79.5 10
      vertex -54.110097997443546 74.66233489561142 10
      vertex -58.12000616522812 95.80548705302095 10
    endloop
  endfacet
  facet normal 0 0 1
    outer loop
      vertex -59.2 79.5 10
      vertex -58.12000616522812 95.80548705302095 10
      vertex -59.2 94.5 10
    endloop
  endfacet
  facet normal 0 0 1
    outer loop
      vertex -54.110097997443546 74.66233489561142 10
      vertex -53.70000000000002 79.50000000000006 10
      vertex -58.12000616522812 95.80548705302095 10
    endloop
  endfacet
  facet normal 0 0 1
    outer loop
      vertex -58.12000616522812 95.80548705302095 10
      vertex -53.70000000000002 79.50000000000006 10
      vertex -53.7 94 10
    endloop
  endfacet
  facet normal 0 0 1
    outer loop
      vertex -58.12000616522812 95.80548705302095 10
      vertex -53.7 94 10
      vertex -53.7 94.5 10
    endloop
  endfacet
  facet normal 0 0 -1
    outer loop
      vertex -57.2 21.5 8
      vertex -57.2 36.5 8
      vertex -53.7 21.5 8
    endloop
  endfacet
  facet normal -0.7071067811865475 0 -0.7071067811865475
    outer loop
      vertex -57.2 21.5 8
      vertex -59.2 21.5 10
      vertex -59.2 36.5 10
    endloop
  endfacet
  facet normal 0 0 1
    outer loop
      vertex -59.2 21.5 10
      vertex -54.110097997443546 16.662334895611423 10
      vertex -58.12000616522812 37.805487053020954 10
    endloop
  endfacet
  facet normal 0 0 1
    outer loop
      vertex -54.110097997443546 16.662334895611423 10
      vertex -53.70000000000002 21.500000000000053 10
      vertex -58.12000616522812 37.805487053020954 10
    endloop
  endfacet
  facet normal 0 0 -1
    outer loop
      vertex -53.7 21.5 8
      vertex -57.2 36.5 8
      vertex -53.7 36.5 8
    endloop
  endfacet
  facet normal -0.7071067811865475 0 -0.7071067811865475
    outer loop
      vertex -57.2 21.5 8
      vertex -59.2 36.5 10
      vertex -57.2 36.5 8
    endloop
  endfacet
  facet normal 0 0 1
    outer loop
      vertex -59.2 21.5 10
      vertex -58.12000616522812 37.805487053020954 10
      vertex -59.2 36.5 10
    endloop
  endfacet
  facet normal 0 0 1
    outer loop
      vertex -58.12000616522812 37.805487053020954 10
      vertex -53.70000000000002 21.500000000000053 10
      vertex -53.70000000000002 36.50000000000001 10
    endloop
  endfacet
  facet normal 0 0 -1
    outer loop
      vertex -57.2 -36.5 8
      vertex -57.2 -21.5 8
      vertex -53.7 -36.5 8
    endloop
  endfacet
  facet normal -0.7071067811865475 0 -0.7071067811865475
    outer loop
      vertex -57.2 -36.5 8
      vertex -59.2 -36.5 10
      vertex -59.2 -21.5 10
    endloop
  endfacet
  facet normal 0 0 1
    outer loop
      vertex -54.110097997443546 -41.337665104388584 10
      vertex -58.12000616522812 -20.194512946979046 10
      vertex -59.2 -36.5 10
    endloop
  endfacet
  facet normal 0 0 1
    outer loop
      vertex -54.110097997443546 -41.337665104388584 10
      vertex -53.70000000000002 -36.49999999999995 10
      vertex -58.12000616522812 -20.194512946979046 10
    endloop
  endfacet
  facet normal 0 0 -1
    outer loop
      vertex -53.7 -36.5 8
      vertex -57.2 -21.5 8
      vertex -53.7 -21.5 8
    endloop
  endfacet
  facet normal -0.7071067811865475 0 -0.7071067811865475
    outer loop
      vertex -57.2 -36.5 8
      vertex -59.2 -21.5 10
      vertex -57.2 -21.5 8
    endloop
  endfacet
  facet normal 0 0 1
    outer loop
      vertex -59.2 -36.5 10
      vertex -58.12000616522812 -20.194512946979046 10
      vertex -59.2 -21.5 10
    endloop
  endfacet
  facet normal 0 0 1
    outer loop
      vertex -58.12000616522812 -20.194512946979046 10
      vertex -53.70000000000002 -36.49999999999995 10
      vertex -53.70000000000002 -21.499999999999996 10
    endloop
  endfacet
  facet normal 0 0 -1
    outer loop
      vertex -57.2 -94.5 8
      vertex -57.2 -79.5 8
      vertex -53.7 -94.5 8
    endloop
  endfacet
  facet normal 0 0 -1
    outer loop
      vertex -53.7 -94.5 8
      vertex -57.2 -79.5 8
      vertex -53.7 -79.5 8
    endloop
  endfacet
  facet normal -0.7071067811865475 0 -0.7071067811865475
    outer loop
      vertex -57.2 -94.5 8
      vertex -59.2 -79.5 10
      vertex -57.2 -79.5 8
    endloop
  endfacet
  facet normal -0.7071067811865475 0 -0.7071067811865475
    outer loop
      vertex -57.2 -94.5 8
      vertex -59.2 -94.5 10
      vertex -59.2 -79.5 10
    endloop
  endfacet
  facet normal 0 0 1
    outer loop
      vertex -54.110097997443546 -99.33766510438858 10
      vertex -58.12000616522812 -78.19451294697905 10
      vertex -59.2 -94.5 10
    endloop
  endfacet
  facet normal 0 0 1
    outer loop
      vertex -59.2 -94.5 10
      vertex -58.12000616522812 -78.19451294697905 10
      vertex -59.2 -79.5 10
    endloop
  endfacet
  facet normal 0 0 1
    outer loop
      vertex -54.110097997443546 -99.33766510438858 10
      vertex -53.7 -94.5 10
      vertex -58.12000616522812 -78.19451294697905 10
    endloop
  endfacet
  facet normal 0 0 1
    outer loop
      vertex -53.7 -94.5 10
      vertex -53.70000000000002 -94 10
      vertex -58.12000616522812 -78.19451294697905 10
    endloop
  endfacet
  facet normal 0 0 1
    outer loop
      vertex -58.12000616522812 -78.19451294697905 10
      vertex -53.70000000000002 -94 10
      vertex -53.70000000000002 -79.5 10
    endloop
  endfacet
  facet normal -0.7071067811865475 0 -0.7071067811865475
    outer loop
      vertex 73.9 79.5 8
      vertex 71.9 94.5 10
      vertex 73.9 94.5 8
    endloop
  endfacet
  facet normal -0.7071067811865475 0 -0.7071067811865475
    outer loop
      vertex 73.9 79.5 8
      vertex 71.9 79.5 10
      vertex 71.9 94.5 10
    endloop
  endfacet
  facet normal 0 0 1
    outer loop
      vertex 71.9 79.5 10
      vertex 76.98990200255648 74.66233489561142 10
      vertex 72.9799938347719 95.80548705302095 10
    endloop
  endfacet
  facet normal 0 0 1
    outer loop
      vertex 71.9 79.5 10
      vertex 72.9799938347719 95.80548705302095 10
      vertex 71.9 94.5 10
    endloop
  endfacet
  facet normal 0 0 -1
    outer loop
      vertex 73.9 79.5 8
      vertex 73.9 94.5 8
      vertex 77.4 79.5 8
    endloop
  endfacet
  facet normal 0 0 -1
    outer loop
      vertex 73.9 94.5 8
      vertex 77.4 94.5 8
      vertex 77.4 79.5 8
    endloop
  endfacet
  facet normal 0 0 1
    outer loop
      vertex 72.9799938347719 95.80548705302095 10
      vertex 76.98990200255648 74.66233489561142 10
      vertex 77.4 79.5 10
    endloop
  endfacet
  facet normal 0 0 1
    outer loop
      vertex 72.9799938347719 95.80548705302095 10
      vertex 77.4 79.5 10
      vertex 77.4 94 10
    endloop
  endfacet
  facet normal 0 0 1
    outer loop
      vertex 72.9799938347719 95.80548705302095 10
      vertex 77.4 94 10
      vertex 77.4 94.5 10
    endloop
  endfacet
  facet normal -0.7071067811865475 0 -0.7071067811865475
    outer loop
      vertex 73.9 21.5 8
      vertex 71.9 21.5 10
      vertex 71.9 36.5 10
    endloop
  endfacet
  facet normal 0 0 1
    outer loop
      vertex 71.9 21.5 10
      vertex 76.98990200255648 16.662334895611423 10
      vertex 72.9799938347719 37.805487053020954 10
    endloop
  endfacet
  facet normal -0.7071067811865475 0 -0.7071067811865475
    outer loop
      vertex 73.9 21.5 8
      vertex 71.9 36.5 10
      vertex 73.9 36.5 8
    endloop
  endfacet
  facet normal 0 0 1
    outer loop
      vertex 71.9 21.5 10
      vertex 72.9799938347719 37.805487053020954 10
      vertex 71.9 36.5 10
    endloop
  endfacet
  facet normal 0 0 -1
    outer loop
      vertex 73.9 21.5 8
      vertex 73.9 36.5 8
      vertex 77.4 21.5 8
    endloop
  endfacet
  facet normal 0 0 1
    outer loop
      vertex 72.9799938347719 37.805487053020954 10
      vertex 76.98990200255648 16.662334895611423 10
      vertex 77.4 21.5 10
    endloop
  endfacet
  facet normal 0 0 -1
    outer loop
      vertex 73.9 36.5 8
      vertex 77.4 36.5 8
      vertex 77.4 21.5 8
    endloop
  endfacet
  facet normal 0 0 1
    outer loop
      vertex 72.9799938347719 37.805487053020954 10
      vertex 77.4 21.5 10
      vertex 77.4 36.5 10
    endloop
  endfacet
  facet normal -0.7071067811865475 0 -0.7071067811865475
    outer loop
      vertex 73.9 -36.5 8
      vertex 71.9 -36.5 10
      vertex 71.9 -21.5 10
    endloop
  endfacet
  facet normal 0 0 1
    outer loop
      vertex 71.9 -36.5 10
      vertex 76.98990200255648 -41.337665104388584 10
      vertex 72.9799938347719 -20.194512946979046 10
    endloop
  endfacet
  facet normal -0.7071067811865475 0 -0.7071067811865475
    outer loop
      vertex 73.9 -36.5 8
      vertex 71.9 -21.5 10
      vertex 73.9 -21.5 8
    endloop
  endfacet
  facet normal 0 0 1
    outer loop
      vertex 71.9 -36.5 10
      vertex 72.9799938347719 -20.194512946979046 10
      vertex 71.9 -21.5 10
    endloop
  endfacet
  facet normal 0 0 -1
    outer loop
      vertex 73.9 -36.5 8
      vertex 73.9 -21.5 8
      vertex 77.4 -36.5 8
    endloop
  endfacet
  facet normal 0 0 1
    outer loop
      vertex 72.9799938347719 -20.194512946979046 10
      vertex 76.98990200255648 -41.337665104388584 10
      vertex 77.4 -36.5 10
    endloop
  endfacet
  facet normal 0 0 -1
    outer loop
      vertex 73.9 -21.5 8
      vertex 77.4 -21.5 8
      vertex 77.4 -36.5 8
    endloop
  endfacet
  facet normal 0 0 1
    outer loop
      vertex 72.9799938347719 -20.194512946979046 10
      vertex 77.4 -36.5 10
      vertex 77.4 -21.5 10
    endloop
  endfacet
  facet normal -0.7071067811865475 0 -0.7071067811865475
    outer loop
      vertex 73.9 -94.5 8
      vertex 71.9 -79.5 10
      vertex 73.9 -79.5 8
    endloop
  endfacet
  facet normal -0.7071067811865475 0 -0.7071067811865475
    outer loop
      vertex 73.9 -94.5 8
      vertex 71.9 -94.5 10
      vertex 71.9 -79.5 10
    endloop
  endfacet
  facet normal 0 0 1
    outer loop
      vertex 71.9 -94.5 10
      vertex 76.98990200255648 -99.33766510438858 10
      vertex 72.9799938347719 -78.19451294697905 10
    endloop
  endfacet
  facet normal 0 0 1
    outer loop
      vertex 71.9 -94.5 10
      vertex 72.9799938347719 -78.19451294697905 10
      vertex 71.9 -79.5 10
    endloop
  endfacet
  facet normal 0 0 -1
    outer loop
      vertex 73.9 -94.5 8
      vertex 73.9 -79.5 8
      vertex 77.4 -94.5 8
    endloop
  endfacet
  facet normal 0 0 -1
    outer loop
      vertex 73.9 -79.5 8
      vertex 77.4 -79.5 8
      vertex 77.4 -94.5 8
    endloop
  endfacet
  facet normal 0 0 1
    outer loop
      vertex 72.9799938347719 -78.19451294697905 10
      vertex 76.98990200255648 -99.33766510438858 10
      vertex 77.4 -94.5 10
    endloop
  endfacet
  facet normal 0 0 1
    outer loop
      vertex 72.9799938347719 -78.19451294697905 10
      vertex 77.4 -94.5 10
      vertex 77.4 -94 10
    endloop
  endfacet
  facet normal 0 0 1
    outer loop
      vertex 72.9799938347719 -78.19451294697905 10
      vertex 77.4 -94 10
      vertex 77.4 -79.5 10
    endloop
  endfacet
  facet normal -0.7071067811865475 0 -0.7071067811865475
    outer loop
      vertex -13.5 79.5 8
      vertex -15.5 94.5 10
      vertex -13.5 94.5 8
    endloop
  endfacet
  facet normal 0 0 -1
    outer loop
      vertex -13.5 79.5 8
      vertex -13.5 94.5 8
      vertex -10 79.5 8
    endloop
  endfacet
  facet normal 0 0 -1
    outer loop
      vertex -10 79.5 8
      vertex -13.5 94.5 8
      vertex -10 94.5 8
    endloop
  endfacet
  facet normal -0.7071067811865475 0 -0.7071067811865475
    outer loop
      vertex -13.5 79.5 8
      vertex -15.5 79.5 10
      vertex -15.5 94.5 10
    endloop
  endfacet
  facet normal 0 0 1
    outer loop
      vertex -15.5 79.5 10
      vertex -10.410097997443543 74.66233489561142 10
      vertex -14.420006165228116 95.80548705302095 10
    endloop
  endfacet
  facet normal 0 0 1
    outer loop
      vertex -15.5 79.5 10
      vertex -14.420006165228116 95.80548705302095 10
      vertex -15.5 94.5 10
    endloop
  endfacet
  facet normal 0 0 1
    outer loop
      vertex -10.410097997443543 74.66233489561142 10
      vertex -10 79.5 10
      vertex -14.420006165228116 95.80548705302095 10
    endloop
  endfacet
  facet normal 0 0 1
    outer loop
      vertex -14.420006165228116 95.80548705302095 10
      vertex -10 79.5 10
      vertex -10 94 10
    endloop
  endfacet
  facet normal 0 0 1
    outer loop
      vertex -14.420006165228116 95.80548705302095 10
      vertex -10 94 10
      vertex -10 94.5 10
    endloop
  endfacet
  facet normal 0 0 -1
    outer loop
      vertex -13.5 21.5 8
      vertex -13.5 36.5 8
      vertex -10 21.5 8
    endloop
  endfacet
  facet normal -0.7071067811865475 0 -0.7071067811865475
    outer loop
      vertex -13.5 21.5 8
      vertex -15.5 21.5 10
      vertex -15.5 36.5 10
    endloop
  endfacet
  facet normal 0 0 1
    outer loop
      vertex -15.5 21.5 10
      vertex -10.410097997443543 16.662334895611423 10
      vertex -14.420006165228116 37.805487053020954 10
    endloop
  endfacet
  facet normal 0 0 1
    outer loop
      vertex -10.410097997443543 16.662334895611423 10
      vertex -10 21.5 10
      vertex -14.420006165228116 37.805487053020954 10
    endloop
  endfacet
  facet normal -0.7071067811865475 0 -0.7071067811865475
    outer loop
      vertex -13.5 21.5 8
      vertex -15.5 36.5 10
      vertex -13.5 36.5 8
    endloop
  endfacet
  facet normal 0 0 -1
    outer loop
      vertex -10 21.5 8
      vertex -13.5 36.5 8
      vertex -10 36.5 8
    endloop
  endfacet
  facet normal 0 0 1
    outer loop
      vertex -15.5 21.5 10
      vertex -14.420006165228116 37.805487053020954 10
      vertex -15.5 36.5 10
    endloop
  endfacet
  facet normal 0 0 1
    outer loop
      vertex -14.420006165228116 37.805487053020954 10
      vertex -10 21.5 10
      vertex -10 36.5 10
    endloop
  endfacet
  facet normal 0 0 -1
    outer loop
      vertex -13.5 -36.5 8
      vertex -13.5 -21.5 8
      vertex -10 -36.5 8
    endloop
  endfacet
  facet normal -0.7071067811865475 0 -0.7071067811865475
    outer loop
      vertex -13.5 -36.5 8
      vertex -15.5 -36.5 10
      vertex -15.5 -21.5 10
    endloop
  endfacet
  facet normal 0 0 1
    outer loop
      vertex -15.5 -36.5 10
      vertex -10.410097997443543 -41.337665104388584 10
      vertex -14.420006165228116 -20.194512946979046 10
    endloop
  endfacet
  facet normal 0 0 1
    outer loop
      vertex -10.410097997443543 -41.337665104388584 10
      vertex -10 -36.5 10
      vertex -14.420006165228116 -20.194512946979046 10
    endloop
  endfacet
  facet normal -0.7071067811865475 0 -0.7071067811865475
    outer loop
      vertex -13.5 -36.5 8
      vertex -15.5 -21.5 10
      vertex -13.5 -21.5 8
    endloop
  endfacet
  facet normal 0 0 -1
    outer loop
      vertex -10 -36.5 8
      vertex -13.5 -21.5 8
      vertex -10 -21.5 8
    endloop
  endfacet
  facet normal 0 0 1
    outer loop
      vertex -15.5 -36.5 10
      vertex -14.420006165228116 -20.194512946979046 10
      vertex -15.5 -21.5 10
    endloop
  endfacet
  facet normal 0 0 1
    outer loop
      vertex -14.420006165228116 -20.194512946979046 10
      vertex -10 -36.5 10
      vertex -10 -21.5 10
    endloop
  endfacet
  facet normal -0.7071067811865475 0 -0.7071067811865475
    outer loop
      vertex -13.5 -94.5 8
      vertex -15.5 -79.5 10
      vertex -13.5 -79.5 8
    endloop
  endfacet
  facet normal 0 0 -1
    outer loop
      vertex -13.5 -94.5 8
      vertex -13.5 -79.5 8
      vertex -10 -94.5 8
    endloop
  endfacet
  facet normal 0 0 -1
    outer loop
      vertex -10 -94.5 8
      vertex -13.5 -79.5 8
      vertex -10 -79.5 8
    endloop
  endfacet
  facet normal -0.7071067811865475 0 -0.7071067811865475
    outer loop
      vertex -13.5 -94.5 8
      vertex -15.5 -94.5 10
      vertex -15.5 -79.5 10
    endloop
  endfacet
  facet normal 0 0 1
    outer loop
      vertex -15.5 -94.5 10
      vertex -10.410097997443543 -99.33766510438858 10
      vertex -14.420006165228116 -78.19451294697905 10
    endloop
  endfacet
  facet normal 0 0 1
    outer loop
      vertex -15.5 -94.5 10
      vertex -14.420006165228116 -78.19451294697905 10
      vertex -15.5 -79.5 10
    endloop
  endfacet
  facet normal 0 0 1
    outer loop
      vertex -10.410097997443543 -99.33766510438858 10
      vertex -10 -94.5 10
      vertex -14.420006165228116 -78.19451294697905 10
    endloop
  endfacet
  facet normal 0 0 1
    outer loop
      vertex -10 -94.5 10
      vertex -10 -94 10
      vertex -14.420006165228116 -78.19451294697905 10
    endloop
  endfacet
  facet normal 0 0 1
    outer loop
      vertex -14.420006165228116 -78.19451294697905 10
      vertex -10 -94 10
      vertex -10 -79.5 10
    endloop
  endfacet
  facet normal 0 0 1
    outer loop
      vertex 28.200000000000003 50.5 10
      vertex 33.28990200255646 45.66233489561142 10
      vertex 29.279993834771886 66.80548705302095 10
    endloop
  endfacet
  facet normal 0 0 1
    outer loop
      vertex 33.28990200255646 45.66233489561142 10
      vertex 33.7 50.5 10
      vertex 29.279993834771886 66.80548705302095 10
    endloop
  endfacet
  facet normal 0 0 -1
    outer loop
      vertex 30.200000000000003 50.5 8
      vertex 30.200000000000003 65.5 8
      vertex 33.7 50.5 8
    endloop
  endfacet
  facet normal 0 0 -1
    outer loop
      vertex 33.7 50.5 8
      vertex 30.200000000000003 65.5 8
      vertex 33.7 65.5 8
    endloop
  endfacet
  facet normal -0.7071067811865475 0 -0.7071067811865475
    outer loop
      vertex 30.200000000000003 50.5 8
      vertex 28.200000000000003 65.5 10
      vertex 30.200000000000003 65.5 8
    endloop
  endfacet
  facet normal -0.7071067811865475 0 -0.7071067811865475
    outer loop
      vertex 30.200000000000003 50.5 8
      vertex 28.200000000000003 50.5 10
      vertex 28.200000000000003 65.5 10
    endloop
  endfacet
  facet normal 0 0 1
    outer loop
      vertex 28.200000000000003 50.5 10
      vertex 29.279993834771886 66.80548705302095 10
      vertex 28.200000000000003 65.5 10
    endloop
  endfacet
  facet normal 0 0 1
    outer loop
      vertex 29.279993834771886 66.80548705302095 10
      vertex 33.7 50.5 10
      vertex 33.7 65.5 10
    endloop
  endfacet
  facet normal 0 0 -1
    outer loop
      vertex 30.200000000000003 -7.5 8
      vertex 30.200000000000003 7.5 8
      vertex 33.7 -7.5 8
    endloop
  endfacet
  facet normal -0.7071067811865475 0 -0.7071067811865475
    outer loop
      vertex 30.200000000000003 -7.5 8
      vertex 28.200000000000003 -7.5 10
      vertex 28.200000000000003 7.5 10
    endloop
  endfacet
  facet normal 0 0 1
    outer loop
      vertex 28.200000000000003 -7.5 10
      vertex 33.28990200255646 -12.337665104388577 10
      vertex 29.279993834771886 8.805487053020954 10
    endloop
  endfacet
  facet normal 0 0 1
    outer loop
      vertex 33.28990200255646 -12.337665104388577 10
      vertex 33.7 -7.5 10
      vertex 29.279993834771886 8.805487053020954 10
    endloop
  endfacet
  facet normal 0 0 -1
    outer loop
      vertex 33.7 -7.5 8
      vertex 30.200000000000003 7.5 8
      vertex 33.7 7.5 8
    endloop
  endfacet
  facet normal -0.7071067811865475 0 -0.7071067811865475
    outer loop
      vertex 30.200000000000003 -7.5 8
      vertex 28.200000000000003 7.5 10
      vertex 30.200000000000003 7.5 8
    endloop
  endfacet
  facet normal 0 0 1
    outer loop
      vertex 28.200000000000003 -7.5 10
      vertex 29.279993834771886 8.805487053020954 10
      vertex 28.200000000000003 7.5 10
    endloop
  endfacet
  facet normal 0 0 1
    outer loop
      vertex 29.279993834771886 8.805487053020954 10
      vertex 33.7 -7.5 10
      vertex 33.7 7.5 10
    endloop
  endfacet
  facet normal 0 0 -1
    outer loop
      vertex 30.200000000000003 -65.5 8
      vertex 30.200000000000003 -50.5 8
      vertex 33.7 -65.5 8
    endloop
  endfacet
  facet normal 0 0 -1
    outer loop
      vertex 33.7 -65.5 8
      vertex 30.200000000000003 -50.5 8
      vertex 33.7 -50.5 8
    endloop
  endfacet
  facet normal -0.7071067811865475 0 -0.7071067811865475
    outer loop
      vertex 30.200000000000003 -65.5 8
      vertex 28.200000000000003 -50.5 10
      vertex 30.200000000000003 -50.5 8
    endloop
  endfacet
  facet normal -0.7071067811865475 0 -0.7071067811865475
    outer loop
      vertex 30.200000000000003 -65.5 8
      vertex 28.200000000000003 -65.5 10
      vertex 28.200000000000003 -50.5 10
    endloop
  endfacet
  facet normal 0 0 1
    outer loop
      vertex 33.28990200255646 -70.33766510438858 10
      vertex 29.279993834771886 -49.19451294697904 10
      vertex 28.200000000000003 -65.5 10
    endloop
  endfacet
  facet normal 0 0 1
    outer loop
      vertex 28.200000000000003 -65.5 10
      vertex 29.279993834771886 -49.19451294697904 10
      vertex 28.200000000000003 -50.5 10
    endloop
  endfacet
  facet normal 0 0 1
    outer loop
      vertex 33.28990200255646 -70.33766510438858 10
      vertex 33.7 -65.5 10
      vertex 29.279993834771886 -49.19451294697904 10
    endloop
  endfacet
  facet normal 0 0 1
    outer loop
      vertex 29.279993834771886 -49.19451294697904 10
      vertex 33.7 -65.5 10
      vertex 33.7 -50.5 10
    endloop
  endfacet
  facet normal 0 0 1
    outer loop
      vertex -59.2 50.5 10
      vertex -54.110097997443546 45.66233489561142 10
      vertex -58.12000616522812 66.80548705302095 10
    endloop
  endfacet
  facet normal 0 0 1
    outer loop
      vertex -54.110097997443546 45.66233489561142 10
      vertex -53.70000000000002 50.50000000000005 10
      vertex -58.12000616522812 66.80548705302095 10
    endloop
  endfacet
  facet normal 0 0 -1
    outer loop
      vertex -57.2 50.5 8
      vertex -57.2 65.5 8
      vertex -53.7 50.5 8
    endloop
  endfacet
  facet normal 0 0 -1
    outer loop
      vertex -53.7 50.5 8
      vertex -57.2 65.5 8
      vertex -53.7 65.5 8
    endloop
  endfacet
  facet normal -0.7071067811865475 0 -0.7071067811865475
    outer loop
      vertex -57.2 50.5 8
      vertex -59.2 65.5 10
      vertex -57.2 65.5 8
    endloop
  endfacet
  facet normal -0.7071067811865475 0 -0.7071067811865475
    outer loop
      vertex -57.2 50.5 8
      vertex -59.2 50.5 10
      vertex -59.2 65.5 10
    endloop
  endfacet
  facet normal 0 0 1
    outer loop
      vertex -59.2 50.5 10
      vertex -58.12000616522812 66.80548705302095 10
      vertex -59.2 65.5 10
    endloop
  endfacet
  facet normal 0 0 1
    outer loop
      vertex -58.12000616522812 66.80548705302095 10
      vertex -53.70000000000002 50.50000000000005 10
      vertex -53.70000000000002 65.5 10
    endloop
  endfacet
  facet normal 0 0 -1
    outer loop
      vertex -57.2 -7.5 8
      vertex -57.2 7.5 8
      vertex -53.7 -7.5 8
    endloop
  endfacet
  facet normal -0.7071067811865475 0 -0.7071067811865475
    outer loop
      vertex -57.2 -7.5 8
      vertex -59.2 -7.5 10
      vertex -59.2 7.5 10
    endloop
  endfacet
  facet normal 0 0 1
    outer loop
      vertex -59.2 -7.5 10
      vertex -54.110097997443546 -12.337665104388577 10
      vertex -58.12000616522812 8.805487053020954 10
    endloop
  endfacet
  facet normal 0 0 1
    outer loop
      vertex -54.110097997443546 -12.337665104388577 10
      vertex -53.70000000000002 -7.499999999999948 10
      vertex -58.12000616522812 8.805487053020954 10
    endloop
  endfacet
  facet normal 0 0 -1
    outer loop
      vertex -53.7 -7.5 8
      vertex -57.2 7.5 8
      vertex -53.7 7.5 8
    endloop
  endfacet
  facet normal -0.7071067811865475 0 -0.7071067811865475
    outer loop
      vertex -57.2 -7.5 8
      vertex -59.2 7.5 10
      vertex -57.2 7.5 8
    endloop
  endfacet
  facet normal 0 0 1
    outer loop
      vertex -59.2 -7.5 10
      vertex -58.12000616522812 8.805487053020954 10
      vertex -59.2 7.5 10
    endloop
  endfacet
  facet normal 0 0 1
    outer loop
      vertex -58.12000616522812 8.805487053020954 10
      vertex -53.70000000000002 -7.499999999999948 10
      vertex -53.70000000000002 7.500000000000004 10
    endloop
  endfacet
  facet normal 0 0 -1
    outer loop
      vertex -57.2 -65.5 8
      vertex -57.2 -50.5 8
      vertex -53.7 -65.5 8
    endloop
  endfacet
  facet normal 0 0 -1
    outer loop
      vertex -53.7 -65.5 8
      vertex -57.2 -50.5 8
      vertex -53.7 -50.5 8
    endloop
  endfacet
  facet normal -0.7071067811865475 0 -0.7071067811865475
    outer loop
      vertex -57.2 -65.5 8
      vertex -59.2 -50.5 10
      vertex -57.2 -50.5 8
    endloop
  endfacet
  facet normal -0.7071067811865475 0 -0.7071067811865475
    outer loop
      vertex -57.2 -65.5 8
      vertex -59.2 -65.5 10
      vertex -59.2 -50.5 10
    endloop
  endfacet
  facet normal 0 0 1
    outer loop
      vertex -54.110097997443546 -70.33766510438858 10
      vertex -58.12000616522812 -49.19451294697904 10
      vertex -59.2 -65.5 10
    endloop
  endfacet
  facet normal 0 0 1
    outer loop
      vertex -59.2 -65.5 10
      vertex -58.12000616522812 -49.19451294697904 10
      vertex -59.2 -50.5 10
    endloop
  endfacet
  facet normal 0 0 1
    outer loop
      vertex -54.110097997443546 -70.33766510438858 10
      vertex -53.70000000000002 -65.49999999999994 10
      vertex -58.12000616522812 -49.19451294697904 10
    endloop
  endfacet
  facet normal 0 0 1
    outer loop
      vertex -58.12000616522812 -49.19451294697904 10
      vertex -53.70000000000002 -65.49999999999994 10
      vertex -53.70000000000002 -50.49999999999999 10
    endloop
  endfacet
  facet normal 0 0 1
    outer loop
      vertex 71.9 50.5 10
      vertex 76.98990200255648 45.66233489561142 10
      vertex 72.9799938347719 66.80548705302095 10
    endloop
  endfacet
  facet normal 0 0 1
    outer loop
      vertex 76.98990200255648 45.66233489561142 10
      vertex 77.4 50.5 10
      vertex 72.9799938347719 66.80548705302095 10
    endloop
  endfacet
  facet normal -0.7071067811865475 0 -0.7071067811865475
    outer loop
      vertex 73.9 50.5 8
      vertex 71.9 65.5 10
      vertex 73.9 65.5 8
    endloop
  endfacet
  facet normal -0.7071067811865475 0 -0.7071067811865475
    outer loop
      vertex 73.9 50.5 8
      vertex 71.9 50.5 10
      vertex 71.9 65.5 10
    endloop
  endfacet
  facet normal 0 0 1
    outer loop
      vertex 71.9 50.5 10
      vertex 72.9799938347719 66.80548705302095 10
      vertex 71.9 65.5 10
    endloop
  endfacet
  facet normal 0 0 -1
    outer loop
      vertex 73.9 50.5 8
      vertex 73.9 65.5 8
      vertex 77.4 50.5 8
    endloop
  endfacet
  facet normal 0 0 -1
    outer loop
      vertex 77.4 50.5 8
      vertex 73.9 65.5 8
      vertex 77.4 65.5 8
    endloop
  endfacet
  facet normal 0 0 1
    outer loop
      vertex 72.9799938347719 66.80548705302095 10
      vertex 77.4 50.5 10
      vertex 77.4 65.5 10
    endloop
  endfacet
  facet normal -0.7071067811865475 0 -0.7071067811865475
    outer loop
      vertex 73.9 -7.5 8
      vertex 71.9 -7.5 10
      vertex 71.9 7.5 10
    endloop
  endfacet
  facet normal 0 0 1
    outer loop
      vertex 71.9 -7.5 10
      vertex 76.98990200255648 -12.337665104388577 10
      vertex 72.9799938347719 8.805487053020954 10
    endloop
  endfacet
  facet normal 0 0 -1
    outer loop
      vertex 73.9 -7.5 8
      vertex 73.9 7.5 8
      vertex 77.4 -7.5 8
    endloop
  endfacet
  facet normal 0 0 1
    outer loop
      vertex 76.98990200255648 -12.337665104388577 10
      vertex 77.4 -7.5 10
      vertex 72.9799938347719 8.805487053020954 10
    endloop
  endfacet
  facet normal -0.7071067811865475 0 -0.7071067811865475
    outer loop
      vertex 73.9 -7.5 8
      vertex 71.9 7.5 10
      vertex 73.9 7.5 8
    endloop
  endfacet
  facet normal 0 0 1
    outer loop
      vertex 71.9 -7.5 10
      vertex 72.9799938347719 8.805487053020954 10
      vertex 71.9 7.5 10
    endloop
  endfacet
  facet normal 0 0 -1
    outer loop
      vertex 77.4 -7.5 8
      vertex 73.9 7.5 8
      vertex 77.4 7.5 8
    endloop
  endfacet
  facet normal 0 0 1
    outer loop
      vertex 72.9799938347719 8.805487053020954 10
      vertex 77.4 -7.5 10
      vertex 77.4 7.5 10
    endloop
  endfacet
  facet normal -0.7071067811865475 0 -0.7071067811865475
    outer loop
      vertex 73.9 -65.5 8
      vertex 71.9 -50.5 10
      vertex 73.9 -50.5 8
    endloop
  endfacet
  facet normal -0.7071067811865475 0 -0.7071067811865475
    outer loop
      vertex 73.9 -65.5 8
      vertex 71.9 -65.5 10
      vertex 71.9 -50.5 10
    endloop
  endfacet
  facet normal 0 0 1
    outer loop
      vertex 71.9 -65.5 10
      vertex 76.98990200255648 -70.33766510438858 10
      vertex 72.9799938347719 -49.19451294697904 10
    endloop
  endfacet
  facet normal 0 0 1
    outer loop
      vertex 71.9 -65.5 10
      vertex 72.9799938347719 -49.19451294697904 10
      vertex 71.9 -50.5 10
    endloop
  endfacet
  facet normal 0 0 -1
    outer loop
      vertex 73.9 -65.5 8
      vertex 73.9 -50.5 8
      vertex 77.4 -65.5 8
    endloop
  endfacet
  facet normal 0 0 -1
    outer loop
      vertex 77.4 -65.5 8
      vertex 73.9 -50.5 8
      vertex 77.4 -50.5 8
    endloop
  endfacet
  facet normal 0 0 1
    outer loop
      vertex 76.98990200255648 -70.33766510438858 10
      vertex 77.4 -65.5 10
      vertex 72.9799938347719 -49.19451294697904 10
    endloop
  endfacet
  facet normal 0 0 1
    outer loop
      vertex 72.9799938347719 -49.19451294697904 10
      vertex 77.4 -65.5 10
      vertex 77.4 -50.5 10
    endloop
  endfacet
  facet normal 0 0 1
    outer loop
      vertex -15.5 50.5 10
      vertex -10.410097997443543 45.66233489561142 10
      vertex -14.420006165228116 66.80548705302095 10
    endloop
  endfacet
  facet normal 0 0 1
    outer loop
      vertex -10.410097997443543 45.66233489561142 10
      vertex -10 50.5 10
      vertex -14.420006165228116 66.80548705302095 10
    endloop
  endfacet
  facet normal -0.7071067811865475 0 -0.7071067811865475
    outer loop
      vertex -13.5 50.5 8
      vertex -15.5 65.5 10
      vertex -13.5 65.5 8
    endloop
  endfacet
  facet normal 0 0 -1
    outer loop
      vertex -13.5 50.5 8
      vertex -13.5 65.5 8
      vertex -10 50.5 8
    endloop
  endfacet
  facet normal 0 0 -1
    outer loop
      vertex -10 50.5 8
      vertex -13.5 65.5 8
      vertex -10 65.5 8
    endloop
  endfacet
  facet normal -0.7071067811865475 0 -0.7071067811865475
    outer loop
      vertex -13.5 50.5 8
      vertex -15.5 50.5 10
      vertex -15.5 65.5 10
    endloop
  endfacet
  facet normal 0 0 1
    outer loop
      vertex -15.5 50.5 10
      vertex -14.420006165228116 66.80548705302095 10
      vertex -15.5 65.5 10
    endloop
  endfacet
  facet normal 0 0 1
    outer loop
      vertex -14.420006165228116 66.80548705302095 10
      vertex -10 50.5 10
      vertex -10 65.5 10
    endloop
  endfacet
  facet normal 0 0 -1
    outer loop
      vertex -13.5 -7.5 8
      vertex -13.5 7.5 8
      vertex -10 -7.5 8
    endloop
  endfacet
  facet normal -0.7071067811865475 0 -0.7071067811865475
    outer loop
      vertex -13.5 -7.5 8
      vertex -15.5 -7.5 10
      vertex -15.5 7.5 10
    endloop
  endfacet
  facet normal 0 0 1
    outer loop
      vertex -15.5 -7.5 10
      vertex -10.410097997443543 -12.337665104388577 10
      vertex -14.420006165228116 8.805487053020954 10
    endloop
  endfacet
  facet normal 0 0 1
    outer loop
      vertex -10.410097997443543 -12.337665104388577 10
      vertex -10 -7.5 10
      vertex -14.420006165228116 8.805487053020954 10
    endloop
  endfacet
  facet normal -0.7071067811865475 0 -0.7071067811865475
    outer loop
      vertex -13.5 -7.5 8
      vertex -15.5 7.5 10
      vertex -13.5 7.5 8
    endloop
  endfacet
  facet normal 0 0 -1
    outer loop
      vertex -10 -7.5 8
      vertex -13.5 7.5 8
      vertex -10 7.5 8
    endloop
  endfacet
  facet normal 0 0 1
    outer loop
      vertex -15.5 -7.5 10
      vertex -14.420006165228116 8.805487053020954 10
      vertex -15.5 7.5 10
    endloop
  endfacet
  facet normal 0 0 1
    outer loop
      vertex -14.420006165228116 8.805487053020954 10
      vertex -10 -7.5 10
      vertex -10 7.5 10
    endloop
  endfacet
  facet normal -0.7071067811865475 0 -0.7071067811865475
    outer loop
      vertex -13.5 -65.5 8
      vertex -15.5 -50.5 10
      vertex -13.5 -50.5 8
    endloop
  endfacet
  facet normal 0 0 -1
    outer loop
      vertex -13.5 -65.5 8
      vertex -13.5 -50.5 8
      vertex -10 -65.5 8
    endloop
  endfacet
  facet normal 0 0 -1
    outer loop
      vertex -10 -65.5 8
      vertex -13.5 -50.5 8
      vertex -10 -50.5 8
    endloop
  endfacet
  facet normal -0.7071067811865475 0 -0.7071067811865475
    outer loop
      vertex -13.5 -65.5 8
      vertex -15.5 -65.5 10
      vertex -15.5 -50.5 10
    endloop
  endfacet
  facet normal 0 0 1
    outer loop
      vertex -15.5 -65.5 10
      vertex -10.410097997443543 -70.33766510438858 10
      vertex -14.420006165228116 -49.19451294697904 10
    endloop
  endfacet
  facet normal 0 0 1
    outer loop
      vertex -15.5 -65.5 10
      vertex -14.420006165228116 -49.19451294697904 10
      vertex -15.5 -50.5 10
    endloop
  endfacet
  facet normal 0 0 1
    outer loop
      vertex -10.410097997443543 -70.33766510438858 10
      vertex -10 -65.5 10
      vertex -14.420006165228116 -49.19451294697904 10
    endloop
  endfacet
  facet normal 0 0 1
    outer loop
      vertex -14.420006165228116 -49.19451294697904 10
      vertex -10 -65.5 10
      vertex -10 -50.5 10
    endloop
  endfacet
  facet normal 0.9629172873477976 0.26979677115703027 0
    outer loop
      vertex 88.34901965729019 99.28287803827676 0
      vertex 88.2167652971346 99.75490003162676 0
      vertex 88.2167652971346 99.75490003162676 10
    endloop
  endfacet
  facet normal 0.6825531432186579 0.7308359642781206 0
    outer loop
      vertex 88.60371967673204 98.86404170021311 0
      vertex 88.60371967673204 98.86404170021311 10
      vertex 88.96197542019324 98.5294541925812 0
    endloop
  endfacet
  facet normal 0.8544194045464897 0.5195839500354318 0
    outer loop
      vertex 88.60371967673204 98.86404170021311 0
      vertex 88.34901965729019 99.28287803827676 0
      vertex 88.34901965729019 99.28287803827676 10
    endloop
  endfacet
  facet normal 0.460065037731139 0.8878852184023821 0
    outer loop
      vertex 88.96197542019324 98.5294541925812 0
      vertex 88.96197542019324 98.5294541925812 10
      vertex 89.39721669809222 98.30393034018613 0
    endloop
  endfacet
  facet normal 0.20345601305263838 0.9790840876823219 0
    outer loop
      vertex 89.39721669809222 98.30393034018613 10
      vertex 89.87716365594359 98.20419621545703 0
      vertex 89.39721669809222 98.30393034018613 0
    endloop
  endfacet
  facet normal -0.06824241336466852 0.9976687691905394 0
    outer loop
      vertex 89.87716365594359 98.20419621545703 0
      vertex 89.87716365594359 98.20419621545703 10
      vertex 90.36622082349474 98.23764864217182 0
    endloop
  endfacet
  facet normal -0.3348796121709875 0.94226092211882 0
    outer loop
      vertex 90.36622082349474 98.23764864217182 0
      vertex 90.36622082349474 98.23764864217182 10
      vertex 90.82811706791607 98.40180660687572 0
    endloop
  endfacet
  facet normal 1 0 0
    outer loop
      vertex 88.2167652971346 99.75490003162676 0
      vertex 88.2167652971346 100.24509996837324 0
      vertex 88.2167652971346 100.24509996837324 10
    endloop
  endfacet
  facet normal 0.9629172873477976 -0.26979677115703027 0
    outer loop
      vertex 88.2167652971346 100.24509996837324 0
      vertex 88.34901965729019 100.71712196172324 0
      vertex 88.34901965729019 100.71712196172324 10
    endloop
  endfacet
  facet normal 0.8544194045464897 -0.5195839500354318 0
    outer loop
      vertex 88.34901965729019 100.71712196172324 0
      vertex 88.60371967673204 101.13595829978689 0
      vertex 88.60371967673204 101.13595829978689 10
    endloop
  endfacet
  facet normal 0.6825531432186579 -0.7308359642781206 0
    outer loop
      vertex 88.60371967673204 101.13595829978689 0
      vertex 88.96197542019324 101.4705458074188 0
      vertex 88.96197542019324 101.4705458074188 10
    endloop
  endfacet
  facet normal 0.460065037731139 -0.8878852184023821 0
    outer loop
      vertex 88.96197542019324 101.4705458074188 0
      vertex 89.39721669809222 101.69606965981387 0
      vertex 89.39721669809222 101.69606965981387 10
    endloop
  endfacet
  facet normal 0.20345601305263838 -0.9790840876823219 0
    outer loop
      vertex 89.87716365594359 101.79580378454297 10
      vertex 89.39721669809222 101.69606965981387 0
      vertex 89.87716365594359 101.79580378454297 0
    endloop
  endfacet
  facet normal -0.06824241336466852 -0.9976687691905394 0
    outer loop
      vertex 90.36622082349474 101.76235135782818 0
      vertex 90.36622082349474 101.76235135782818 10
      vertex 89.87716365594359 101.79580378454297 0
    endloop
  endfacet
  facet normal -0.5766803221148574 0.816969893010449 0
    outer loop
      vertex 90.82811706791607 98.40180660687572 0
      vertex 90.82811706791607 98.40180660687572 10
      vertex 91.22859565779358 98.68449526429937 0
    endloop
  endfacet
  facet normal -0.7757112907044271 0.6310879443260439 0
    outer loop
      vertex 91.22859565779358 98.68449526429937 0
      vertex 91.22859565779358 98.68449526429937 10
      vertex 91.53795492818368 99.06474888993623 0
    endloop
  endfacet
  facet normal -0.9172113015054567 0.3984010898462329 0
    outer loop
      vertex 91.73325111722603 99.51436581191736 0
      vertex 91.53795492818368 99.06474888993623 0
      vertex 91.53795492818368 99.06474888993623 10
    endloop
  endfacet
  facet normal -0.9906859460363298 0.13616664909625376 0
    outer loop
      vertex 91.8 100 0
      vertex 91.73325111722603 99.51436581191736 0
      vertex 91.73325111722603 99.51436581191736 10
    endloop
  endfacet
  facet normal -0.9906859460363298 -0.13616664909625376 0
    outer loop
      vertex 91.73325111722603 100.48563418808264 0
      vertex 91.8 100 0
      vertex 91.8 100 10
    endloop
  endfacet
  facet normal -0.9172113015054567 -0.3984010898462329 0
    outer loop
      vertex 91.73325111722603 100.48563418808264 10
      vertex 91.53795492818368 100.93525111006377 0
      vertex 91.73325111722603 100.48563418808264 0
    endloop
  endfacet
  facet normal -0.7757112907044271 -0.6310879443260439 0
    outer loop
      vertex 91.22859565779358 101.31550473570063 0
      vertex 91.53795492818368 100.93525111006377 0
      vertex 91.53795492818368 100.93525111006377 10
    endloop
  endfacet
  facet normal -0.3348796121709875 -0.94226092211882 0
    outer loop
      vertex 90.36622082349474 101.76235135782818 0
      vertex 90.82811706791607 101.59819339312428 0
      vertex 90.82811706791607 101.59819339312428 10
    endloop
  endfacet
  facet normal -0.5766803221148574 -0.816969893010449 0
    outer loop
      vertex 90.82811706791607 101.59819339312428 0
      vertex 91.22859565779358 101.31550473570063 0
      vertex 91.22859565779358 101.31550473570063 10
    endloop
  endfacet
  facet normal 0.6825531432186579 0.7308359642781206 0
    outer loop
      vertex 88.96197542019324 98.5294541925812 0
      vertex 88.60371967673204 98.86404170021311 10
      vertex 88.96197542019324 98.5294541925812 10
    endloop
  endfacet
  facet normal 0.8544194045464897 0.5195839500354318 0
    outer loop
      vertex 88.60371967673204 98.86404170021311 0
      vertex 88.34901965729019 99.28287803827676 10
      vertex 88.60371967673204 98.86404170021311 10
    endloop
  endfacet
  facet normal 0.9629172873477976 0.26979677115703027 0
    outer loop
      vertex 88.34901965729019 99.28287803827676 0
      vertex 88.2167652971346 99.75490003162676 10
      vertex 88.34901965729019 99.28287803827676 10
    endloop
  endfacet
  facet normal 0.460065037731139 0.8878852184023821 0
    outer loop
      vertex 88.96197542019324 98.5294541925812 10
      vertex 89.39721669809222 98.30393034018613 10
      vertex 89.39721669809222 98.30393034018613 0
    endloop
  endfacet
  facet normal 0.20345601305263838 0.9790840876823219 0
    outer loop
      vertex 89.39721669809222 98.30393034018613 10
      vertex 89.87716365594359 98.20419621545703 10
      vertex 89.87716365594359 98.20419621545703 0
    endloop
  endfacet
  facet normal -0.06824241336466852 0.9976687691905394 0
    outer loop
      vertex 90.36622082349474 98.23764864217182 0
      vertex 89.87716365594359 98.20419621545703 10
      vertex 90.36622082349474 98.23764864217182 10
    endloop
  endfacet
  facet normal 1 0 0
    outer loop
      vertex 88.2167652971346 99.75490003162676 0
      vertex 88.2167652971346 100.24509996837324 10
      vertex 88.2167652971346 99.75490003162676 10
    endloop
  endfacet
  facet normal 0.9629172873477976 -0.26979677115703027 0
    outer loop
      vertex 88.2167652971346 100.24509996837324 0
      vertex 88.34901965729019 100.71712196172324 10
      vertex 88.2167652971346 100.24509996837324 10
    endloop
  endfacet
  facet normal 0.8544194045464897 -0.5195839500354318 0
    outer loop
      vertex 88.34901965729019 100.71712196172324 0
      vertex 88.60371967673204 101.13595829978689 10
      vertex 88.34901965729019 100.71712196172324 10
    endloop
  endfacet
  facet normal 0.6825531432186579 -0.7308359642781206 0
    outer loop
      vertex 88.60371967673204 101.13595829978689 0
      vertex 88.96197542019324 101.4705458074188 10
      vertex 88.60371967673204 101.13595829978689 10
    endloop
  endfacet
  facet normal 0.460065037731139 -0.8878852184023821 0
    outer loop
      vertex 88.96197542019324 101.4705458074188 0
      vertex 89.39721669809222 101.69606965981387 10
      vertex 88.96197542019324 101.4705458074188 10
    endloop
  endfacet
  facet normal 0.20345601305263838 -0.9790840876823219 0
    outer loop
      vertex 89.87716365594359 101.79580378454297 10
      vertex 89.39721669809222 101.69606965981387 10
      vertex 89.39721669809222 101.69606965981387 0
    endloop
  endfacet
  facet normal -0.06824241336466852 -0.9976687691905394 0
    outer loop
      vertex 89.87716365594359 101.79580378454297 0
      vertex 90.36622082349474 101.76235135782818 10
      vertex 89.87716365594359 101.79580378454297 10
    endloop
  endfacet
  facet normal -0.3348796121709875 -0.94226092211882 0
    outer loop
      vertex 90.82811706791607 101.59819339312428 10
      vertex 90.36622082349474 101.76235135782818 10
      vertex 90.36622082349474 101.76235135782818 0
    endloop
  endfacet
  facet normal -0.3348796121709875 0.94226092211882 0
    outer loop
      vertex 90.36622082349474 98.23764864217182 10
      vertex 90.82811706791607 98.40180660687572 10
      vertex 90.82811706791607 98.40180660687572 0
    endloop
  endfacet
  facet normal -0.5766803221148574 0.816969893010449 0
    outer loop
      vertex 91.22859565779358 98.68449526429937 0
      vertex 90.82811706791607 98.40180660687572 10
      vertex 91.22859565779358 98.68449526429937 10
    endloop
  endfacet
  facet normal -0.7757112907044271 0.6310879443260439 0
    outer loop
      vertex 91.53795492818368 99.06474888993623 0
      vertex 91.22859565779358 98.68449526429937 10
      vertex 91.53795492818368 99.06474888993623 10
    endloop
  endfacet
  facet normal -0.9172113015054567 0.3984010898462329 0
    outer loop
      vertex 91.53795492818368 99.06474888993623 10
      vertex 91.73325111722603 99.51436581191736 10
      vertex 91.73325111722603 99.51436581191736 0
    endloop
  endfacet
  facet normal -0.7757112907044271 -0.6310879443260439 0
    outer loop
      vertex 91.22859565779358 101.31550473570063 0
      vertex 91.53795492818368 100.93525111006377 10
      vertex 91.22859565779358 101.31550473570063 10
    endloop
  endfacet
  facet normal -0.9906859460363298 0.13616664909625376 0
    outer loop
      vertex 91.8 100 0
      vertex 91.73325111722603 99.51436581191736 10
      vertex 91.8 100 10
    endloop
  endfacet
  facet normal -0.9906859460363298 -0.13616664909625376 0
    outer loop
      vertex 91.73325111722603 100.48563418808264 0
      vertex 91.8 100 10
      vertex 91.73325111722603 100.48563418808264 10
    endloop
  endfacet
  facet normal -0.9172113015054567 -0.3984010898462329 0
    outer loop
      vertex 91.53795492818368 100.93525111006377 0
      vertex 91.73325111722603 100.48563418808264 10
      vertex 91.53795492818368 100.93525111006377 10
    endloop
  endfacet
  facet normal -0.5766803221148574 -0.816969893010449 0
    outer loop
      vertex 90.82811706791607 101.59819339312428 0
      vertex 91.22859565779358 101.31550473570063 10
      vertex 90.82811706791607 101.59819339312428 10
    endloop
  endfacet
  facet normal 0.9629172873477976 0.26979677115703027 0
    outer loop
      vertex 88.34901965729019 -100.71712196172324 0
      vertex 88.2167652971346 -100.24509996837324 0
      vertex 88.2167652971346 -100.24509996837324 10
    endloop
  endfacet
  facet normal 1 0 0
    outer loop
      vertex 88.2167652971346 -100.24509996837324 0
      vertex 88.2167652971346 -99.75490003162676 0
      vertex 88.2167652971346 -99.75490003162676 10
    endloop
  endfacet
  facet normal 0.8544194045464897 0.5195839500354318 0
    outer loop
      vertex 88.60371967673204 -101.13595829978689 0
      vertex 88.34901965729019 -100.71712196172324 0
      vertex 88.34901965729019 -100.71712196172324 10
    endloop
  endfacet
  facet normal 0.6825531432186579 0.7308359642781206 0
    outer loop
      vertex 88.96197542019324 -101.4705458074188 0
      vertex 88.60371967673204 -101.13595829978689 0
      vertex 88.60371967673204 -101.13595829978689 10
    endloop
  endfacet
  facet normal 0.460065037731139 0.8878852184023821 0
    outer loop
      vertex 88.96197542019324 -101.4705458074188 10
      vertex 89.39721669809222 -101.69606965981387 0
      vertex 88.96197542019324 -101.4705458074188 0
    endloop
  endfacet
  facet normal 0.20345601305263838 0.9790840876823219 0
    outer loop
      vertex 89.87716365594359 -101.79580378454297 0
      vertex 89.39721669809222 -101.69606965981387 0
      vertex 89.39721669809222 -101.69606965981387 10
    endloop
  endfacet
  facet normal -0.06824241336466852 0.9976687691905394 0
    outer loop
      vertex 89.87716365594359 -101.79580378454297 0
      vertex 89.87716365594359 -101.79580378454297 10
      vertex 90.36622082349474 -101.76235135782818 0
    endloop
  endfacet
  facet normal -0.3348796121709875 0.94226092211882 0
    outer loop
      vertex 90.82811706791607 -101.59819339312428 0
      vertex 90.36622082349474 -101.76235135782818 0
      vertex 90.36622082349474 -101.76235135782818 10
    endloop
  endfacet
  facet normal 0.9629172873477976 -0.26979677115703027 0
    outer loop
      vertex 88.2167652971346 -99.75490003162676 0
      vertex 88.34901965729019 -99.28287803827676 0
      vertex 88.34901965729019 -99.28287803827676 10
    endloop
  endfacet
  facet normal 0.8544194045464897 -0.5195839500354318 0
    outer loop
      vertex 88.34901965729019 -99.28287803827676 0
      vertex 88.60371967673204 -98.86404170021311 0
      vertex 88.60371967673204 -98.86404170021311 10
    endloop
  endfacet
  facet normal 0.6825531432186579 -0.7308359642781206 0
    outer loop
      vertex 88.96197542019324 -98.5294541925812 0
      vertex 88.96197542019324 -98.5294541925812 10
      vertex 88.60371967673204 -98.86404170021311 0
    endloop
  endfacet
  facet normal 0.460065037731139 -0.8878852184023821 0
    outer loop
      vertex 89.39721669809222 -98.30393034018613 0
      vertex 89.39721669809222 -98.30393034018613 10
      vertex 88.96197542019324 -98.5294541925812 0
    endloop
  endfacet
  facet normal 0.20345601305263838 -0.9790840876823219 0
    outer loop
      vertex 89.87716365594359 -98.20419621545703 0
      vertex 89.87716365594359 -98.20419621545703 10
      vertex 89.39721669809222 -98.30393034018613 0
    endloop
  endfacet
  facet normal -0.06824241336466852 -0.9976687691905394 0
    outer loop
      vertex 90.36622082349474 -98.23764864217182 0
      vertex 90.36622082349474 -98.23764864217182 10
      vertex 89.87716365594359 -98.20419621545703 0
    endloop
  endfacet
  facet normal -0.5766803221148574 0.816969893010449 0
    outer loop
      vertex 91.22859565779358 -101.31550473570063 0
      vertex 90.82811706791607 -101.59819339312428 0
      vertex 90.82811706791607 -101.59819339312428 10
    endloop
  endfacet
  facet normal -0.7757112907044271 0.6310879443260439 0
    outer loop
      vertex 91.53795492818368 -100.93525111006377 0
      vertex 91.22859565779358 -101.31550473570063 0
      vertex 91.22859565779358 -101.31550473570063 10
    endloop
  endfacet
  facet normal -0.9172113015054567 0.3984010898462329 0
    outer loop
      vertex 91.73325111722603 -100.48563418808264 0
      vertex 91.53795492818368 -100.93525111006377 0
      vertex 91.53795492818368 -100.93525111006377 10
    endloop
  endfacet
  facet normal -0.9906859460363298 0.13616664909625376 0
    outer loop
      vertex 91.8 -100 0
      vertex 91.73325111722603 -100.48563418808264 0
      vertex 91.73325111722603 -100.48563418808264 10
    endloop
  endfacet
  facet normal -0.9906859460363298 -0.13616664909625376 0
    outer loop
      vertex 91.73325111722603 -99.51436581191736 0
      vertex 91.8 -100 0
      vertex 91.8 -100 10
    endloop
  endfacet
  facet normal -0.3348796121709875 -0.94226092211882 0
    outer loop
      vertex 90.82811706791607 -98.40180660687572 0
      vertex 90.82811706791607 -98.40180660687572 10
      vertex 90.36622082349474 -98.23764864217182 0
    endloop
  endfacet
  facet normal -0.5766803221148574 -0.816969893010449 0
    outer loop
      vertex 91.22859565779358 -98.68449526429937 0
      vertex 91.22859565779358 -98.68449526429937 10
      vertex 90.82811706791607 -98.40180660687572 0
    endloop
  endfacet
  facet normal -0.9172113015054567 -0.3984010898462329 0
    outer loop
      vertex 91.53795492818368 -99.06474888993623 0
      vertex 91.73325111722603 -99.51436581191736 0
      vertex 91.73325111722603 -99.51436581191736 10
    endloop
  endfacet
  facet normal -0.7757112907044271 -0.6310879443260439 0
    outer loop
      vertex 91.22859565779358 -98.68449526429937 0
      vertex 91.53795492818368 -99.06474888993623 0
      vertex 91.53795492818368 -99.06474888993623 10
    endloop
  endfacet
  facet normal 1 0 0
    outer loop
      vertex 88.2167652971346 -100.24509996837324 0
      vertex 88.2167652971346 -99.75490003162676 10
      vertex 88.2167652971346 -100.24509996837324 10
    endloop
  endfacet
  facet normal 0.8544194045464897 0.5195839500354318 0
    outer loop
      vertex 88.60371967673204 -101.13595829978689 0
      vertex 88.34901965729019 -100.71712196172324 10
      vertex 88.60371967673204 -101.13595829978689 10
    endloop
  endfacet
  facet normal 0.9629172873477976 0.26979677115703027 0
    outer loop
      vertex 88.34901965729019 -100.71712196172324 0
      vertex 88.2167652971346 -100.24509996837324 10
      vertex 88.34901965729019 -100.71712196172324 10
    endloop
  endfacet
  facet normal 0.6825531432186579 0.7308359642781206 0
    outer loop
      vertex 88.60371967673204 -101.13595829978689 10
      vertex 88.96197542019324 -101.4705458074188 10
      vertex 88.96197542019324 -101.4705458074188 0
    endloop
  endfacet
  facet normal 0.460065037731139 0.8878852184023821 0
    outer loop
      vertex 88.96197542019324 -101.4705458074188 10
      vertex 89.39721669809222 -101.69606965981387 10
      vertex 89.39721669809222 -101.69606965981387 0
    endloop
  endfacet
  facet normal 0.20345601305263838 0.9790840876823219 0
    outer loop
      vertex 89.87716365594359 -101.79580378454297 0
      vertex 89.39721669809222 -101.69606965981387 10
      vertex 89.87716365594359 -101.79580378454297 10
    endloop
  endfacet
  facet normal -0.06824241336466852 0.9976687691905394 0
    outer loop
      vertex 89.87716365594359 -101.79580378454297 10
      vertex 90.36622082349474 -101.76235135782818 10
      vertex 90.36622082349474 -101.76235135782818 0
    endloop
  endfacet
  facet normal 0.9629172873477976 -0.26979677115703027 0
    outer loop
      vertex 88.2167652971346 -99.75490003162676 0
      vertex 88.34901965729019 -99.28287803827676 10
      vertex 88.2167652971346 -99.75490003162676 10
    endloop
  endfacet
  facet normal 0.8544194045464897 -0.5195839500354318 0
    outer loop
      vertex 88.34901965729019 -99.28287803827676 0
      vertex 88.60371967673204 -98.86404170021311 10
      vertex 88.34901965729019 -99.28287803827676 10
    endloop
  endfacet
  facet normal 0.6825531432186579 -0.7308359642781206 0
    outer loop
      vertex 88.60371967673204 -98.86404170021311 0
      vertex 88.96197542019324 -98.5294541925812 10
      vertex 88.60371967673204 -98.86404170021311 10
    endloop
  endfacet
  facet normal 0.460065037731139 -0.8878852184023821 0
    outer loop
      vertex 88.96197542019324 -98.5294541925812 0
      vertex 89.39721669809222 -98.30393034018613 10
      vertex 88.96197542019324 -98.5294541925812 10
    endloop
  endfacet
  facet normal 0.20345601305263838 -0.9790840876823219 0
    outer loop
      vertex 89.39721669809222 -98.30393034018613 0
      vertex 89.87716365594359 -98.20419621545703 10
      vertex 89.39721669809222 -98.30393034018613 10
    endloop
  endfacet
  facet normal -0.06824241336466852 -0.9976687691905394 0
    outer loop
      vertex 89.87716365594359 -98.20419621545703 0
      vertex 90.36622082349474 -98.23764864217182 10
      vertex 89.87716365594359 -98.20419621545703 10
    endloop
  endfacet
  facet normal -0.3348796121709875 -0.94226092211882 0
    outer loop
      vertex 90.36622082349474 -98.23764864217182 0
      vertex 90.82811706791607 -98.40180660687572 10
      vertex 90.36622082349474 -98.23764864217182 10
    endloop
  endfacet
  facet normal -0.3348796121709875 0.94226092211882 0
    outer loop
      vertex 90.36622082349474 -101.76235135782818 10
      vertex 90.82811706791607 -101.59819339312428 10
      vertex 90.82811706791607 -101.59819339312428 0
    endloop
  endfacet
  facet normal -0.5766803221148574 0.816969893010449 0
    outer loop
      vertex 90.82811706791607 -101.59819339312428 10
      vertex 91.22859565779358 -101.31550473570063 10
      vertex 91.22859565779358 -101.31550473570063 0
    endloop
  endfacet
  facet normal -0.7757112907044271 0.6310879443260439 0
    outer loop
      vertex 91.22859565779358 -101.31550473570063 10
      vertex 91.53795492818368 -100.93525111006377 10
      vertex 91.53795492818368 -100.93525111006377 0
    endloop
  endfacet
  facet normal -0.9172113015054567 0.3984010898462329 0
    outer loop
      vertex 91.73325111722603 -100.48563418808264 0
      vertex 91.53795492818368 -100.93525111006377 10
      vertex 91.73325111722603 -100.48563418808264 10
    endloop
  endfacet
  facet normal -0.9906859460363298 0.13616664909625376 0
    outer loop
      vertex 91.8 -100 0
      vertex 91.73325111722603 -100.48563418808264 10
      vertex 91.8 -100 10
    endloop
  endfacet
  facet normal -0.5766803221148574 -0.816969893010449 0
    outer loop
      vertex 90.82811706791607 -98.40180660687572 0
      vertex 91.22859565779358 -98.68449526429937 10
      vertex 90.82811706791607 -98.40180660687572 10
    endloop
  endfacet
  facet normal -0.7757112907044271 -0.6310879443260439 0
    outer loop
      vertex 91.22859565779358 -98.68449526429937 0
      vertex 91.53795492818368 -99.06474888993623 10
      vertex 91.22859565779358 -98.68449526429937 10
    endloop
  endfacet
  facet normal -0.9906859460363298 -0.13616664909625376 0
    outer loop
      vertex 91.73325111722603 -99.51436581191736 0
      vertex 91.8 -100 10
      vertex 91.73325111722603 -99.51436581191736 10
    endloop
  endfacet
  facet normal -0.9172113015054567 -0.3984010898462329 0
    outer loop
      vertex 91.53795492818368 -99.06474888993623 0
      vertex 91.73325111722603 -99.51436581191736 10
      vertex 91.53795492818368 -99.06474888993623 10
    endloop
  endfacet
  facet normal 0.8544194045464897 0.5195839500354318 0
    outer loop
      vertex -91.39628032326796 98.86404170021311 0
      vertex -91.65098034270981 99.28287803827676 0
      vertex -91.65098034270981 99.28287803827676 10
    endloop
  endfacet
  facet normal 0.9629172873477976 0.26979677115703027 0
    outer loop
      vertex -91.65098034270981 99.28287803827676 0
      vertex -91.7832347028654 99.75490003162676 0
      vertex -91.7832347028654 99.75490003162676 10
    endloop
  endfacet
  facet normal 0.6825531432186579 0.7308359642781206 0
    outer loop
      vertex -91.39628032326796 98.86404170021311 0
      vertex -91.39628032326796 98.86404170021311 10
      vertex -91.03802457980676 98.5294541925812 0
    endloop
  endfacet
  facet normal 0.460065037731139 0.8878852184023821 0
    outer loop
      vertex -90.60278330190778 98.30393034018613 0
      vertex -91.03802457980676 98.5294541925812 0
      vertex -91.03802457980676 98.5294541925812 10
    endloop
  endfacet
  facet normal 1 0 0
    outer loop
      vertex -91.7832347028654 99.75490003162676 0
      vertex -91.7832347028654 100.24509996837324 0
      vertex -91.7832347028654 100.24509996837324 10
    endloop
  endfacet
  facet normal 0.9629172873477976 -0.26979677115703027 0
    outer loop
      vertex -91.7832347028654 100.24509996837324 0
      vertex -91.65098034270981 100.71712196172324 0
      vertex -91.65098034270981 100.71712196172324 10
    endloop
  endfacet
  facet normal 0.8544194045464897 -0.5195839500354318 0
    outer loop
      vertex -91.39628032326796 101.13595829978689 10
      vertex -91.65098034270981 100.71712196172324 0
      vertex -91.39628032326796 101.13595829978689 0
    endloop
  endfacet
  facet normal 0.6825531432186579 -0.7308359642781206 0
    outer loop
      vertex -91.03802457980676 101.4705458074188 10
      vertex -91.39628032326796 101.13595829978689 0
      vertex -91.03802457980676 101.4705458074188 0
    endloop
  endfacet
  facet normal 0.460065037731139 -0.8878852184023821 0
    outer loop
      vertex -90.60278330190778 101.69606965981387 10
      vertex -91.03802457980676 101.4705458074188 0
      vertex -90.60278330190778 101.69606965981387 0
    endloop
  endfacet
  facet normal 0.20345601305263838 0.9790840876823219 0
    outer loop
      vertex -90.12283634405641 98.20419621545703 0
      vertex -90.60278330190778 98.30393034018613 0
      vertex -90.60278330190778 98.30393034018613 10
    endloop
  endfacet
  facet normal -0.06824241336466852 0.9976687691905394 0
    outer loop
      vertex -90.12283634405641 98.20419621545703 0
      vertex -90.12283634405641 98.20419621545703 10
      vertex -89.63377917650526 98.23764864217182 0
    endloop
  endfacet
  facet normal -0.3348796121709875 0.94226092211882 0
    outer loop
      vertex -89.63377917650526 98.23764864217182 0
      vertex -89.63377917650526 98.23764864217182 10
      vertex -89.17188293208393 98.40180660687572 0
    endloop
  endfacet
  facet normal -0.5766803221148574 0.816969893010449 0
    outer loop
      vertex -89.17188293208393 98.40180660687572 0
      vertex -89.17188293208393 98.40180660687572 10
      vertex -88.77140434220642 98.68449526429937 0
    endloop
  endfacet
  facet normal -0.7757112907044271 0.6310879443260439 0
    outer loop
      vertex -88.77140434220642 98.68449526429937 0
      vertex -88.77140434220642 98.68449526429937 10
      vertex -88.46204507181632 99.06474888993623 0
    endloop
  endfacet
  facet normal -0.9172113015054567 0.3984010898462329 0
    outer loop
      vertex -88.26674888277397 99.51436581191736 0
      vertex -88.46204507181632 99.06474888993623 0
      vertex -88.46204507181632 99.06474888993623 10
    endloop
  endfacet
  facet normal -0.9906859460363298 0.13616664909625376 0
    outer loop
      vertex -88.2 100 0
      vertex -88.26674888277397 99.51436581191736 0
      vertex -88.26674888277397 99.51436581191736 10
    endloop
  endfacet
  facet normal 0.20345601305263838 -0.9790840876823219 0
    outer loop
      vertex -90.12283634405641 101.79580378454297 10
      vertex -90.60278330190778 101.69606965981387 0
      vertex -90.12283634405641 101.79580378454297 0
    endloop
  endfacet
  facet normal -0.06824241336466852 -0.9976687691905394 0
    outer loop
      vertex -89.63377917650526 101.76235135782818 0
      vertex -89.63377917650526 101.76235135782818 10
      vertex -90.12283634405641 101.79580378454297 0
    endloop
  endfacet
  facet normal -0.3348796121709875 -0.94226092211882 0
    outer loop
      vertex -89.17188293208393 101.59819339312428 10
      vertex -89.63377917650526 101.76235135782818 0
      vertex -89.17188293208393 101.59819339312428 0
    endloop
  endfacet
  facet normal -0.9172113015054567 -0.3984010898462329 0
    outer loop
      vertex -88.46204507181632 100.93525111006377 0
      vertex -88.26674888277397 100.48563418808264 0
      vertex -88.26674888277397 100.48563418808264 10
    endloop
  endfacet
  facet normal -0.7757112907044271 -0.6310879443260439 0
    outer loop
      vertex -88.77140434220642 101.31550473570063 0
      vertex -88.46204507181632 100.93525111006377 0
      vertex -88.46204507181632 100.93525111006377 10
    endloop
  endfacet
  facet normal -0.9906859460363298 -0.13616664909625376 0
    outer loop
      vertex -88.26674888277397 100.48563418808264 0
      vertex -88.2 100 0
      vertex -88.2 100 10
    endloop
  endfacet
  facet normal -0.5766803221148574 -0.816969893010449 0
    outer loop
      vertex -88.77140434220642 101.31550473570063 10
      vertex -89.17188293208393 101.59819339312428 0
      vertex -88.77140434220642 101.31550473570063 0
    endloop
  endfacet
  facet normal 0.8544194045464897 0.5195839500354318 0
    outer loop
      vertex -91.39628032326796 98.86404170021311 0
      vertex -91.65098034270981 99.28287803827676 10
      vertex -91.39628032326796 98.86404170021311 10
    endloop
  endfacet
  facet normal 0.9629172873477976 0.26979677115703027 0
    outer loop
      vertex -91.65098034270981 99.28287803827676 0
      vertex -91.7832347028654 99.75490003162676 10
      vertex -91.65098034270981 99.28287803827676 10
    endloop
  endfacet
  facet normal 0.6825531432186579 0.7308359642781206 0
    outer loop
      vertex -91.03802457980676 98.5294541925812 0
      vertex -91.39628032326796 98.86404170021311 10
      vertex -91.03802457980676 98.5294541925812 10
    endloop
  endfacet
  facet normal 0.460065037731139 0.8878852184023821 0
    outer loop
      vertex -90.60278330190778 98.30393034018613 0
      vertex -91.03802457980676 98.5294541925812 10
      vertex -90.60278330190778 98.30393034018613 10
    endloop
  endfacet
  facet normal 1 0 0
    outer loop
      vertex -91.7832347028654 99.75490003162676 0
      vertex -91.7832347028654 100.24509996837324 10
      vertex -91.7832347028654 99.75490003162676 10
    endloop
  endfacet
  facet normal 0.9629172873477976 -0.26979677115703027 0
    outer loop
      vertex -91.7832347028654 100.24509996837324 0
      vertex -91.65098034270981 100.71712196172324 10
      vertex -91.7832347028654 100.24509996837324 10
    endloop
  endfacet
  facet normal 0.8544194045464897 -0.5195839500354318 0
    outer loop
      vertex -91.65098034270981 100.71712196172324 0
      vertex -91.39628032326796 101.13595829978689 10
      vertex -91.65098034270981 100.71712196172324 10
    endloop
  endfacet
  facet normal 0.6825531432186579 -0.7308359642781206 0
    outer loop
      vertex -91.39628032326796 101.13595829978689 0
      vertex -91.03802457980676 101.4705458074188 10
      vertex -91.39628032326796 101.13595829978689 10
    endloop
  endfacet
  facet normal 0.460065037731139 -0.8878852184023821 0
    outer loop
      vertex -91.03802457980676 101.4705458074188 0
      vertex -90.60278330190778 101.69606965981387 10
      vertex -91.03802457980676 101.4705458074188 10
    endloop
  endfacet
  facet normal 0.20345601305263838 0.9790840876823219 0
    outer loop
      vertex -90.12283634405641 98.20419621545703 0
      vertex -90.60278330190778 98.30393034018613 10
      vertex -90.12283634405641 98.20419621545703 10
    endloop
  endfacet
  facet normal -0.06824241336466852 0.9976687691905394 0
    outer loop
      vertex -89.63377917650526 98.23764864217182 0
      vertex -90.12283634405641 98.20419621545703 10
      vertex -89.63377917650526 98.23764864217182 10
    endloop
  endfacet
  facet normal -0.3348796121709875 0.94226092211882 0
    outer loop
      vertex -89.17188293208393 98.40180660687572 0
      vertex -89.63377917650526 98.23764864217182 10
      vertex -89.17188293208393 98.40180660687572 10
    endloop
  endfacet
  facet normal -0.5766803221148574 0.816969893010449 0
    outer loop
      vertex -88.77140434220642 98.68449526429937 0
      vertex -89.17188293208393 98.40180660687572 10
      vertex -88.77140434220642 98.68449526429937 10
    endloop
  endfacet
  facet normal -0.7757112907044271 0.6310879443260439 0
    outer loop
      vertex -88.46204507181632 99.06474888993623 0
      vertex -88.77140434220642 98.68449526429937 10
      vertex -88.46204507181632 99.06474888993623 10
    endloop
  endfacet
  facet normal -0.9172113015054567 0.3984010898462329 0
    outer loop
      vertex -88.26674888277397 99.51436581191736 0
      vertex -88.46204507181632 99.06474888993623 10
      vertex -88.26674888277397 99.51436581191736 10
    endloop
  endfacet
  facet normal 0.20345601305263838 -0.9790840876823219 0
    outer loop
      vertex -90.60278330190778 101.69606965981387 0
      vertex -90.12283634405641 101.79580378454297 10
      vertex -90.60278330190778 101.69606965981387 10
    endloop
  endfacet
  facet normal -0.06824241336466852 -0.9976687691905394 0
    outer loop
      vertex -90.12283634405641 101.79580378454297 0
      vertex -89.63377917650526 101.76235135782818 10
      vertex -90.12283634405641 101.79580378454297 10
    endloop
  endfacet
  facet normal -0.3348796121709875 -0.94226092211882 0
    outer loop
      vertex -89.17188293208393 101.59819339312428 10
      vertex -89.63377917650526 101.76235135782818 10
      vertex -89.63377917650526 101.76235135782818 0
    endloop
  endfacet
  facet normal -0.9172113015054567 -0.3984010898462329 0
    outer loop
      vertex -88.46204507181632 100.93525111006377 0
      vertex -88.26674888277397 100.48563418808264 10
      vertex -88.46204507181632 100.93525111006377 10
    endloop
  endfacet
  facet normal -0.7757112907044271 -0.6310879443260439 0
    outer loop
      vertex -88.77140434220642 101.31550473570063 0
      vertex -88.46204507181632 100.93525111006377 10
      vertex -88.77140434220642 101.31550473570063 10
    endloop
  endfacet
  facet normal -0.9906859460363298 0.13616664909625376 0
    outer loop
      vertex -88.2 100 0
      vertex -88.26674888277397 99.51436581191736 10
      vertex -88.2 100 10
    endloop
  endfacet
  facet normal -0.9906859460363298 -0.13616664909625376 0
    outer loop
      vertex -88.26674888277397 100.48563418808264 0
      vertex -88.2 100 10
      vertex -88.26674888277397 100.48563418808264 10
    endloop
  endfacet
  facet normal -0.5766803221148574 -0.816969893010449 0
    outer loop
      vertex -88.77140434220642 101.31550473570063 10
      vertex -89.17188293208393 101.59819339312428 10
      vertex -89.17188293208393 101.59819339312428 0
    endloop
  endfacet
  facet normal 0.460065037731139 0.8878852184023821 0
    outer loop
      vertex -90.60278330190778 -101.69606965981387 0
      vertex -91.03802457980676 -101.4705458074188 0
      vertex -91.03802457980676 -101.4705458074188 10
    endloop
  endfacet
  facet normal 0.8544194045464897 0.5195839500354318 0
    outer loop
      vertex -91.65098034270981 -100.71712196172324 10
      vertex -91.39628032326796 -101.13595829978689 0
      vertex -91.65098034270981 -100.71712196172324 0
    endloop
  endfacet
  facet normal 0.9629172873477976 0.26979677115703027 0
    outer loop
      vertex -91.65098034270981 -100.71712196172324 0
      vertex -91.7832347028654 -100.24509996837324 0
      vertex -91.7832347028654 -100.24509996837324 10
    endloop
  endfacet
  facet normal 1 0 0
    outer loop
      vertex -91.7832347028654 -100.24509996837324 0
      vertex -91.7832347028654 -99.75490003162676 0
      vertex -91.7832347028654 -99.75490003162676 10
    endloop
  endfacet
  facet normal 0.6825531432186579 0.7308359642781206 0
    outer loop
      vertex -91.03802457980676 -101.4705458074188 0
      vertex -91.39628032326796 -101.13595829978689 0
      vertex -91.39628032326796 -101.13595829978689 10
    endloop
  endfacet
  facet normal 0.9629172873477976 -0.26979677115703027 0
    outer loop
      vertex -91.65098034270981 -99.28287803827676 10
      vertex -91.7832347028654 -99.75490003162676 0
      vertex -91.65098034270981 -99.28287803827676 0
    endloop
  endfacet
  facet normal 0.8544194045464897 -0.5195839500354318 0
    outer loop
      vertex -91.65098034270981 -99.28287803827676 0
      vertex -91.39628032326796 -98.86404170021311 0
      vertex -91.39628032326796 -98.86404170021311 10
    endloop
  endfacet
  facet normal 0.6825531432186579 -0.7308359642781206 0
    outer loop
      vertex -91.03802457980676 -98.5294541925812 0
      vertex -91.03802457980676 -98.5294541925812 10
      vertex -91.39628032326796 -98.86404170021311 0
    endloop
  endfacet
  facet normal 0.460065037731139 -0.8878852184023821 0
    outer loop
      vertex -90.60278330190778 -98.30393034018613 0
      vertex -90.60278330190778 -98.30393034018613 10
      vertex -91.03802457980676 -98.5294541925812 0
    endloop
  endfacet
  facet normal 0.20345601305263838 0.9790840876823219 0
    outer loop
      vertex -90.60278330190778 -101.69606965981387 0
      vertex -90.60278330190778 -101.69606965981387 10
      vertex -90.12283634405641 -101.79580378454297 0
    endloop
  endfacet
  facet normal -0.06824241336466852 0.9976687691905394 0
    outer loop
      vertex -90.12283634405641 -101.79580378454297 0
      vertex -90.12283634405641 -101.79580378454297 10
      vertex -89.63377917650526 -101.76235135782818 0
    endloop
  endfacet
  facet normal -0.3348796121709875 0.94226092211882 0
    outer loop
      vertex -89.63377917650526 -101.76235135782818 0
      vertex -89.63377917650526 -101.76235135782818 10
      vertex -89.17188293208393 -101.59819339312428 0
    endloop
  endfacet
  facet normal -0.5766803221148574 0.816969893010449 0
    outer loop
      vertex -88.77140434220642 -101.31550473570063 0
      vertex -89.17188293208393 -101.59819339312428 0
      vertex -89.17188293208393 -101.59819339312428 10
    endloop
  endfacet
  facet normal -0.7757112907044271 0.6310879443260439 0
    outer loop
      vertex -88.77140434220642 -101.31550473570063 0
      vertex -88.77140434220642 -101.31550473570063 10
      vertex -88.46204507181632 -100.93525111006377 0
    endloop
  endfacet
  facet normal -0.9172113015054567 0.3984010898462329 0
    outer loop
      vertex -88.26674888277397 -100.48563418808264 0
      vertex -88.46204507181632 -100.93525111006377 0
      vertex -88.46204507181632 -100.93525111006377 10
    endloop
  endfacet
  facet normal -0.9906859460363298 0.13616664909625376 0
    outer loop
      vertex -88.2 -100 0
      vertex -88.26674888277397 -100.48563418808264 0
      vertex -88.26674888277397 -100.48563418808264 10
    endloop
  endfacet
  facet normal -0.9906859460363298 -0.13616664909625376 0
    outer loop
      vertex -88.26674888277397 -99.51436581191736 0
      vertex -88.2 -100 0
      vertex -88.2 -100 10
    endloop
  endfacet
  facet normal 0.20345601305263838 -0.9790840876823219 0
    outer loop
      vertex -90.12283634405641 -98.20419621545703 0
      vertex -90.12283634405641 -98.20419621545703 10
      vertex -90.60278330190778 -98.30393034018613 0
    endloop
  endfacet
  facet normal -0.06824241336466852 -0.9976687691905394 0
    outer loop
      vertex -89.63377917650526 -98.23764864217182 0
      vertex -89.63377917650526 -98.23764864217182 10
      vertex -90.12283634405641 -98.20419621545703 0
    endloop
  endfacet
  facet normal -0.3348796121709875 -0.94226092211882 0
    outer loop
      vertex -89.17188293208393 -98.40180660687572 10
      vertex -89.63377917650526 -98.23764864217182 0
      vertex -89.17188293208393 -98.40180660687572 0
    endloop
  endfacet
  facet normal -0.9172113015054567 -0.3984010898462329 0
    outer loop
      vertex -88.46204507181632 -99.06474888993623 0
      vertex -88.26674888277397 -99.51436581191736 0
      vertex -88.26674888277397 -99.51436581191736 10
    endloop
  endfacet
  facet normal -0.7757112907044271 -0.6310879443260439 0
    outer loop
      vertex -88.77140434220642 -98.68449526429937 0
      vertex -88.46204507181632 -99.06474888993623 0
      vertex -88.46204507181632 -99.06474888993623 10
    endloop
  endfacet
  facet normal -0.5766803221148574 -0.816969893010449 0
    outer loop
      vertex -88.77140434220642 -98.68449526429937 0
      vertex -88.77140434220642 -98.68449526429937 10
      vertex -89.17188293208393 -98.40180660687572 0
    endloop
  endfacet
  facet normal 0.460065037731139 0.8878852184023821 0
    outer loop
      vertex -91.03802457980676 -101.4705458074188 10
      vertex -90.60278330190778 -101.69606965981387 10
      vertex -90.60278330190778 -101.69606965981387 0
    endloop
  endfacet
  facet normal 0.8544194045464897 0.5195839500354318 0
    outer loop
      vertex -91.39628032326796 -101.13595829978689 0
      vertex -91.65098034270981 -100.71712196172324 10
      vertex -91.39628032326796 -101.13595829978689 10
    endloop
  endfacet
  facet normal 0.9629172873477976 0.26979677115703027 0
    outer loop
      vertex -91.65098034270981 -100.71712196172324 0
      vertex -91.7832347028654 -100.24509996837324 10
      vertex -91.65098034270981 -100.71712196172324 10
    endloop
  endfacet
  facet normal 1 0 0
    outer loop
      vertex -91.7832347028654 -100.24509996837324 0
      vertex -91.7832347028654 -99.75490003162676 10
      vertex -91.7832347028654 -100.24509996837324 10
    endloop
  endfacet
  facet normal 0.6825531432186579 0.7308359642781206 0
    outer loop
      vertex -91.39628032326796 -101.13595829978689 10
      vertex -91.03802457980676 -101.4705458074188 10
      vertex -91.03802457980676 -101.4705458074188 0
    endloop
  endfacet
  facet normal 0.9629172873477976 -0.26979677115703027 0
    outer loop
      vertex -91.7832347028654 -99.75490003162676 0
      vertex -91.65098034270981 -99.28287803827676 10
      vertex -91.7832347028654 -99.75490003162676 10
    endloop
  endfacet
  facet normal 0.8544194045464897 -0.5195839500354318 0
    outer loop
      vertex -91.65098034270981 -99.28287803827676 0
      vertex -91.39628032326796 -98.86404170021311 10
      vertex -91.65098034270981 -99.28287803827676 10
    endloop
  endfacet
  facet normal 0.6825531432186579 -0.7308359642781206 0
    outer loop
      vertex -91.03802457980676 -98.5294541925812 10
      vertex -91.39628032326796 -98.86404170021311 10
      vertex -91.39628032326796 -98.86404170021311 0
    endloop
  endfacet
  facet normal 0.460065037731139 -0.8878852184023821 0
    outer loop
      vertex -90.60278330190778 -98.30393034018613 10
      vertex -91.03802457980676 -98.5294541925812 10
      vertex -91.03802457980676 -98.5294541925812 0
    endloop
  endfacet
  facet normal 0.20345601305263838 0.9790840876823219 0
    outer loop
      vertex -90.60278330190778 -101.69606965981387 10
      vertex -90.12283634405641 -101.79580378454297 10
      vertex -90.12283634405641 -101.79580378454297 0
    endloop
  endfacet
  facet normal -0.06824241336466852 0.9976687691905394 0
    outer loop
      vertex -89.63377917650526 -101.76235135782818 0
      vertex -90.12283634405641 -101.79580378454297 10
      vertex -89.63377917650526 -101.76235135782818 10
    endloop
  endfacet
  facet normal -0.3348796121709875 0.94226092211882 0
    outer loop
      vertex -89.17188293208393 -101.59819339312428 0
      vertex -89.63377917650526 -101.76235135782818 10
      vertex -89.17188293208393 -101.59819339312428 10
    endloop
  endfacet
  facet normal -0.5766803221148574 0.816969893010449 0
    outer loop
      vertex -88.77140434220642 -101.31550473570063 0
      vertex -89.17188293208393 -101.59819339312428 10
      vertex -88.77140434220642 -101.31550473570063 10
    endloop
  endfacet
  facet normal -0.7757112907044271 0.6310879443260439 0
    outer loop
      vertex -88.46204507181632 -100.93525111006377 0
      vertex -88.77140434220642 -101.31550473570063 10
      vertex -88.46204507181632 -100.93525111006377 10
    endloop
  endfacet
  facet normal -0.9172113015054567 0.3984010898462329 0
    outer loop
      vertex -88.26674888277397 -100.48563418808264 0
      vertex -88.46204507181632 -100.93525111006377 10
      vertex -88.26674888277397 -100.48563418808264 10
    endloop
  endfacet
  facet normal -0.9906859460363298 0.13616664909625376 0
    outer loop
      vertex -88.2 -100 0
      vertex -88.26674888277397 -100.48563418808264 10
      vertex -88.2 -100 10
    endloop
  endfacet
  facet normal 0.20345601305263838 -0.9790840876823219 0
    outer loop
      vertex -90.12283634405641 -98.20419621545703 10
      vertex -90.60278330190778 -98.30393034018613 10
      vertex -90.60278330190778 -98.30393034018613 0
    endloop
  endfacet
  facet normal -0.06824241336466852 -0.9976687691905394 0
    outer loop
      vertex -90.12283634405641 -98.20419621545703 0
      vertex -89.63377917650526 -98.23764864217182 10
      vertex -90.12283634405641 -98.20419621545703 10
    endloop
  endfacet
  facet normal -0.3348796121709875 -0.94226092211882 0
    outer loop
      vertex -89.63377917650526 -98.23764864217182 0
      vertex -89.17188293208393 -98.40180660687572 10
      vertex -89.63377917650526 -98.23764864217182 10
    endloop
  endfacet
  facet normal -0.9172113015054567 -0.3984010898462329 0
    outer loop
      vertex -88.46204507181632 -99.06474888993623 0
      vertex -88.26674888277397 -99.51436581191736 10
      vertex -88.46204507181632 -99.06474888993623 10
    endloop
  endfacet
  facet normal -0.5766803221148574 -0.816969893010449 0
    outer loop
      vertex -89.17188293208393 -98.40180660687572 0
      vertex -88.77140434220642 -98.68449526429937 10
      vertex -89.17188293208393 -98.40180660687572 10
    endloop
  endfacet
  facet normal -0.7757112907044271 -0.6310879443260439 0
    outer loop
      vertex -88.77140434220642 -98.68449526429937 0
      vertex -88.46204507181632 -99.06474888993623 10
      vertex -88.77140434220642 -98.68449526429937 10
    endloop
  endfacet
  facet normal -0.9906859460363298 -0.13616664909625376 0
    outer loop
      vertex -88.26674888277397 -99.51436581191736 0
      vertex -88.2 -100 10
      vertex -88.26674888277397 -99.51436581191736 10
    endloop
  endfacet
  facet normal 0 1 0
    outer loop
      vertex 77.4 -94 9.01
      vertex 87.4 -94 10
      vertex 87.4 -94 9.01
    endloop
  endfacet
  facet normal 0 0 1
    outer loop
      vertex 77.4 -94 9.01
      vertex 87.4 -94 9.01
      vertex 87.4 -79.5 9.01
    endloop
  endfacet
  facet normal 0 1 0
    outer loop
      vertex 77.4 -94 9.01
      vertex 77.4 -94 10
      vertex 87.4 -94 10
    endloop
  endfacet
  facet normal 1 0 0
    outer loop
      vertex 77.4 -94 9.01
      vertex 77.4 -79.5 10
      vertex 77.4 -94 10
    endloop
  endfacet
  facet normal 0 0 1
    outer loop
      vertex 77.4 -94 9.01
      vertex 87.4 -79.5 9.01
      vertex 87.4 -72.5 9.01
    endloop
  endfacet
  facet normal 0 0 1
    outer loop
      vertex 77.4 -94 9.01
      vertex 87.4 -72.5 9.01
      vertex 87.4 -65.5 9.01
    endloop
  endfacet
  facet normal 0 0 1
    outer loop
      vertex 77.4 -94 9.01
      vertex 87.4 -65.5 9.01
      vertex 87.4 -50.5 9.01
    endloop
  endfacet
  facet normal 1 0 0
    outer loop
      vertex 77.4 -94 9.01
      vertex 77.4 -72.5 10
      vertex 77.4 -79.5 10
    endloop
  endfacet
  facet normal 1 0 0
    outer loop
      vertex 77.4 -94 9.01
      vertex 77.4 -65.5 10
      vertex 77.4 -72.5 10
    endloop
  endfacet
  facet normal 1 0 0
    outer loop
      vertex 77.4 -94 9.01
      vertex 77.4 -50.5 10
      vertex 77.4 -65.5 10
    endloop
  endfacet
  facet normal 0 0 1
    outer loop
      vertex 77.4 -94 9.01
      vertex 87.4 -50.5 9.01
      vertex 87.4 -43.5 9.01
    endloop
  endfacet
  facet normal 0 0 1
    outer loop
      vertex 77.4 -94 9.01
      vertex 87.4 -43.5 9.01
      vertex 87.4 -36.5 9.01
    endloop
  endfacet
  facet normal 1 0 0
    outer loop
      vertex 77.4 -94 9.01
      vertex 77.4 -43.5 10
      vertex 77.4 -50.5 10
    endloop
  endfacet
  facet normal 1 0 0
    outer loop
      vertex 77.4 -94 9.01
      vertex 77.4 -36.5 10
      vertex 77.4 -43.5 10
    endloop
  endfacet
  facet normal 0 0 1
    outer loop
      vertex 77.4 -94 9.01
      vertex 87.4 -36.5 9.01
      vertex 87.4 -21.5 9.01
    endloop
  endfacet
  facet normal 0 0 1
    outer loop
      vertex 77.4 -94 9.01
      vertex 87.4 -21.5 9.01
      vertex 87.4 -14.5 9.01
    endloop
  endfacet
  facet normal 1 0 0
    outer loop
      vertex 77.4 -94 9.01
      vertex 77.4 -21.5 10
      vertex 77.4 -36.5 10
    endloop
  endfacet
  facet normal 1 0 0
    outer loop
      vertex 77.4 -94 9.01
      vertex 77.4 -14.5 10
      vertex 77.4 -21.5 10
    endloop
  endfacet
  facet normal 0 0 1
    outer loop
      vertex 77.4 -94 9.01
      vertex 87.4 -14.5 9.01
      vertex 87.4 -7.5 9.01
    endloop
  endfacet
  facet normal 0 0 1
    outer loop
      vertex 77.4 -94 9.01
      vertex 87.4 -7.5 9.01
      vertex 87.4 7.5 9.01
    endloop
  endfacet
  facet normal 1 0 0
    outer loop
      vertex 77.4 -94 9.01
      vertex 77.4 -7.5 10
      vertex 77.4 -14.5 10
    endloop
  endfacet
  facet normal 1 0 0
    outer loop
      vertex 77.4 -94 9.01
      vertex 77.4 7.5 10
      vertex 77.4 -7.5 10
    endloop
  endfacet
  facet normal 0 0 1
    outer loop
      vertex 77.4 -94 9.01
      vertex 87.4 7.5 9.01
      vertex 87.4 14.5 9.01
    endloop
  endfacet
  facet normal 0 0 1
    outer loop
      vertex 77.4 -94 9.01
      vertex 87.4 14.5 9.01
      vertex 87.4 21.5 9.01
    endloop
  endfacet
  facet normal 1 0 0
    outer loop
      vertex 77.4 -94 9.01
      vertex 77.4 14.5 10
      vertex 77.4 7.5 10
    endloop
  endfacet
  facet normal 1 0 0
    outer loop
      vertex 77.4 -94 9.01
      vertex 77.4 21.5 10
      vertex 77.4 14.5 10
    endloop
  endfacet
  facet normal 0 0 1
    outer loop
      vertex 77.4 -94 9.01
      vertex 87.4 21.5 9.01
      vertex 87.4 36.5 9.01
    endloop
  endfacet
  facet normal 0 0 1
    outer loop
      vertex 77.4 -94 9.01
      vertex 87.4 36.5 9.01
      vertex 87.4 43.5 9.01
    endloop
  endfacet
  facet normal 1 0 0
    outer loop
      vertex 77.4 -94 9.01
      vertex 77.4 36.5 10
      vertex 77.4 21.5 10
    endloop
  endfacet
  facet normal 1 0 0
    outer loop
      vertex 77.4 -94 9.01
      vertex 77.4 43.5 10
      vertex 77.4 36.5 10
    endloop
  endfacet
  facet normal 0 0 1
    outer loop
      vertex 77.4 -94 9.01
      vertex 87.4 43.5 9.01
      vertex 87.4 50.5 9.01
    endloop
  endfacet
  facet normal 0 0 1
    outer loop
      vertex 77.4 -94 9.01
      vertex 87.4 50.5 9.01
      vertex 87.4 65.5 9.01
    endloop
  endfacet
  facet normal 1 0 0
    outer loop
      vertex 77.4 -94 9.01
      vertex 77.4 50.5 10
      vertex 77.4 43.5 10
    endloop
  endfacet
  facet normal 1 0 0
    outer loop
      vertex 77.4 -94 9.01
      vertex 77.4 65.5 10
      vertex 77.4 50.5 10
    endloop
  endfacet
  facet normal 0 0 1
    outer loop
      vertex 77.4 -94 9.01
      vertex 87.4 65.5 9.01
      vertex 87.4 72.5 9.01
    endloop
  endfacet
  facet normal 0 0 1
    outer loop
      vertex 77.4 -94 9.01
      vertex 87.4 72.5 9.01
      vertex 87.4 79.5 9.01
    endloop
  endfacet
  facet normal 0 0 1
    outer loop
      vertex 77.4 -94 9.01
      vertex 87.4 79.5 9.01
      vertex 87.4 94 9.01
    endloop
  endfacet
  facet normal 1 0 0
    outer loop
      vertex 77.4 -94 9.01
      vertex 77.4 72.5 10
      vertex 77.4 65.5 10
    endloop
  endfacet
  facet normal 1 0 0
    outer loop
      vertex 77.4 -94 9.01
      vertex 77.4 79.5 10
      vertex 77.4 72.5 10
    endloop
  endfacet
  facet normal 1 0 0
    outer loop
      vertex 77.4 -94 9.01
      vertex 77.4 94 10
      vertex 77.4 79.5 10
    endloop
  endfacet
  facet normal 0 0 1
    outer loop
      vertex 77.4 -94 9.01
      vertex 87.4 94 9.01
      vertex 77.4 94 9.01
    endloop
  endfacet
  facet normal 1 0 0
    outer loop
      vertex 77.4 -94 9.01
      vertex 77.4 94 9.01
      vertex 77.4 94 10
    endloop
  endfacet
  facet normal 0 -1 0
    outer loop
      vertex 77.4 94 9.01
      vertex 87.4 94 9.01
      vertex 87.4 94 10
    endloop
  endfacet
  facet normal 0 -1 0
    outer loop
      vertex 77.4 94 9.01
      vertex 87.4 94 10
      vertex 77.4 94 10
    endloop
  endfacet
  facet normal 0 1 0
    outer loop
      vertex 33.7 -94 9.01
      vertex 33.7 -94 10
      vertex 43.7 -94 9.01
    endloop
  endfacet
  facet normal 1 0 0
    outer loop
      vertex 33.7 -94 9.01
      vertex 33.7 -79.5 10
      vertex 33.7 -94 10
    endloop
  endfacet
  facet normal 0 1 0
    outer loop
      vertex 43.7 -94 9.01
      vertex 33.7 -94 10
      vertex 43.7 -94 10
    endloop
  endfacet
  facet normal 1 0 0
    outer loop
      vertex 33.7 -94 9.01
      vertex 33.7 -72.5 10
      vertex 33.7 -79.5 10
    endloop
  endfacet
  facet normal 1 0 0
    outer loop
      vertex 33.7 -94 9.01
      vertex 33.7 -65.5 10
      vertex 33.7 -72.5 10
    endloop
  endfacet
  facet normal 1 0 0
    outer loop
      vertex 33.7 -94 9.01
      vertex 33.7 -50.5 10
      vertex 33.7 -65.5 10
    endloop
  endfacet
  facet normal 1 0 0
    outer loop
      vertex 33.7 -94 9.01
      vertex 33.7 -43.5 10
      vertex 33.7 -50.5 10
    endloop
  endfacet
  facet normal 1 0 0
    outer loop
      vertex 33.7 -94 9.01
      vertex 33.7 -36.5 10
      vertex 33.7 -43.5 10
    endloop
  endfacet
  facet normal 1 0 0
    outer loop
      vertex 33.7 -94 9.01
      vertex 33.7 -21.5 10
      vertex 33.7 -36.5 10
    endloop
  endfacet
  facet normal 1 0 0
    outer loop
      vertex 33.7 -94 9.01
      vertex 33.7 -14.5 10
      vertex 33.7 -21.5 10
    endloop
  endfacet
  facet normal 1 0 0
    outer loop
      vertex 33.7 -94 9.01
      vertex 33.7 -7.5 10
      vertex 33.7 -14.5 10
    endloop
  endfacet
  facet normal 1 0 0
    outer loop
      vertex 33.7 -94 9.01
      vertex 33.7 7.5 10
      vertex 33.7 -7.5 10
    endloop
  endfacet
  facet normal 0 0 1
    outer loop
      vertex 33.7 -94 9.01
      vertex 43.7 -94 9.01
      vertex 43.7 94 9.01
    endloop
  endfacet
  facet normal -1 0 0
    outer loop
      vertex 43.7 -94 9.01
      vertex 43.7 -94 10
      vertex 43.7 94 9.01
    endloop
  endfacet
  facet normal 1 0 0
    outer loop
      vertex 33.7 -94 9.01
      vertex 33.7 14.5 10
      vertex 33.7 7.5 10
    endloop
  endfacet
  facet normal 1 0 0
    outer loop
      vertex 33.7 -94 9.01
      vertex 33.7 21.5 10
      vertex 33.7 14.5 10
    endloop
  endfacet
  facet normal 1 0 0
    outer loop
      vertex 33.7 -94 9.01
      vertex 33.7 36.5 10
      vertex 33.7 21.5 10
    endloop
  endfacet
  facet normal 1 0 0
    outer loop
      vertex 33.7 -94 9.01
      vertex 33.7 43.5 10
      vertex 33.7 36.5 10
    endloop
  endfacet
  facet normal -1 0 0
    outer loop
      vertex 43.7 94 9.01
      vertex 43.7 -94 10
      vertex 43.7 -79.5 10
    endloop
  endfacet
  facet normal -1 0 0
    outer loop
      vertex 43.7 94 9.01
      vertex 43.7 -79.5 10
      vertex 43.7 -72.5 10
    endloop
  endfacet
  facet normal -1 0 0
    outer loop
      vertex 43.7 94 9.01
      vertex 43.7 -72.5 10
      vertex 43.7 -43.5 10
    endloop
  endfacet
  facet normal 1 0 0
    outer loop
      vertex 33.7 -94 9.01
      vertex 33.7 50.5 10
      vertex 33.7 43.5 10
    endloop
  endfacet
  facet normal 1 0 0
    outer loop
      vertex 33.7 -94 9.01
      vertex 33.7 65.5 10
      vertex 33.7 50.5 10
    endloop
  endfacet
  facet normal 1 0 0
    outer loop
      vertex 33.7 -94 9.01
      vertex 33.7 72.5 10
      vertex 33.7 65.5 10
    endloop
  endfacet
  facet normal 1 0 0
    outer loop
      vertex 33.7 -94 9.01
      vertex 33.7 79.5 10
      vertex 33.7 72.5 10
    endloop
  endfacet
  facet normal 1 0 0
    outer loop
      vertex 33.7 -94 9.01
      vertex 33.7 94 10
      vertex 33.7 79.5 10
    endloop
  endfacet
  facet normal -1 0 0
    outer loop
      vertex 43.7 94 9.01
      vertex 43.7 -43.5 10
      vertex 43.7 -14.499999999999996 10
    endloop
  endfacet
  facet normal 0 0 1
    outer loop
      vertex 33.7 -94 9.01
      vertex 43.7 94 9.01
      vertex 33.7 94 9.01
    endloop
  endfacet
  facet normal 1 0 0
    outer loop
      vertex 33.7 -94 9.01
      vertex 33.7 94 9.01
      vertex 33.7 94 10
    endloop
  endfacet
  facet normal -1 0 0
    outer loop
      vertex 43.7 94 9.01
      vertex 43.7 -14.499999999999996 10
      vertex 43.7 14.50000000000001 10
    endloop
  endfacet
  facet normal -1 0 0
    outer loop
      vertex 43.7 94 9.01
      vertex 43.7 14.50000000000001 10
      vertex 43.7 43.50000000000001 10
    endloop
  endfacet
  facet normal -1 0 0
    outer loop
      vertex 43.7 94 9.01
      vertex 43.7 43.50000000000001 10
      vertex 43.7 72.5 10
    endloop
  endfacet
  facet normal -1 0 0
    outer loop
      vertex 43.7 94 9.01
      vertex 43.7 72.5 10
      vertex 43.7 79.5 10
    endloop
  endfacet
  facet normal 0 -1 0
    outer loop
      vertex 33.7 94 9.01
      vertex 43.7 94 10
      vertex 33.7 94 10
    endloop
  endfacet
  facet normal 0 -1 0
    outer loop
      vertex 33.7 94 9.01
      vertex 43.7 94 9.01
      vertex 43.7 94 10
    endloop
  endfacet
  facet normal -1 0 0
    outer loop
      vertex 43.7 94 9.01
      vertex 43.7 79.5 10
      vertex 43.7 94 10
    endloop
  endfacet
  facet normal 0 1 0
    outer loop
      vertex -10 -94 9.01
      vertex -10 -94 10
      vertex 0 -94 9.01
    endloop
  endfacet
  facet normal 1 0 0
    outer loop
      vertex -10 -94 9.01
      vertex -10 -79.5 10
      vertex -10 -94 10
    endloop
  endfacet
  facet normal 0 1 0
    outer loop
      vertex 0 -94 9.01
      vertex -10 -94 10
      vertex 0 -94 10
    endloop
  endfacet
  facet normal 1 0 0
    outer loop
      vertex -10 -94 9.01
      vertex -10 -72.5 10
      vertex -10 -79.5 10
    endloop
  endfacet
  facet normal 1 0 0
    outer loop
      vertex -10 -94 9.01
      vertex -10 -65.5 10
      vertex -10 -72.5 10
    endloop
  endfacet
  facet normal 1 0 0
    outer loop
      vertex -10 -94 9.01
      vertex -10 -50.5 10
      vertex -10 -65.5 10
    endloop
  endfacet
  facet normal 1 0 0
    outer loop
      vertex -10 -94 9.01
      vertex -10 -43.5 10
      vertex -10 -50.5 10
    endloop
  endfacet
  facet normal 1 0 0
    outer loop
      vertex -10 -94 9.01
      vertex -10 -36.5 10
      vertex -10 -43.5 10
    endloop
  endfacet
  facet normal 1 0 0
    outer loop
      vertex -10 -94 9.01
      vertex -10 -21.5 10
      vertex -10 -36.5 10
    endloop
  endfacet
  facet normal 1 0 0
    outer loop
      vertex -10 -94 9.01
      vertex -10 -14.5 10
      vertex -10 -21.5 10
    endloop
  endfacet
  facet normal 0 0 1
    outer loop
      vertex -10 -94 9.01
      vertex 0 -94 9.01
      vertex 0 94 9.01
    endloop
  endfacet
  facet normal 1 0 0
    outer loop
      vertex -10 -94 9.01
      vertex -10 -7.5 10
      vertex -10 -14.5 10
    endloop
  endfacet
  facet normal 1 0 0
    outer loop
      vertex -10 -94 9.01
      vertex -10 7.5 10
      vertex -10 -7.5 10
    endloop
  endfacet
  facet normal 1 0 0
    outer loop
      vertex -10 -94 9.01
      vertex -10 14.5 10
      vertex -10 7.5 10
    endloop
  endfacet
  facet normal 1 0 0
    outer loop
      vertex -10 -94 9.01
      vertex -10 21.5 10
      vertex -10 14.5 10
    endloop
  endfacet
  facet normal 1 0 0
    outer loop
      vertex -10 -94 9.01
      vertex -10 36.5 10
      vertex -10 21.5 10
    endloop
  endfacet
  facet normal 1 0 0
    outer loop
      vertex -10 -94 9.01
      vertex -10 43.5 10
      vertex -10 36.5 10
    endloop
  endfacet
  facet normal 1 0 0
    outer loop
      vertex -10 -94 9.01
      vertex -10 50.5 10
      vertex -10 43.5 10
    endloop
  endfacet
  facet normal 1 0 0
    outer loop
      vertex -10 -94 9.01
      vertex -10 65.5 10
      vertex -10 50.5 10
    endloop
  endfacet
  facet normal 1 0 0
    outer loop
      vertex -10 -94 9.01
      vertex -10 72.5 10
      vertex -10 65.5 10
    endloop
  endfacet
  facet normal 1 0 0
    outer loop
      vertex -10 -94 9.01
      vertex -10 79.5 10
      vertex -10 72.5 10
    endloop
  endfacet
  facet normal 1 0 0
    outer loop
      vertex -10 -94 9.01
      vertex -10 94 10
      vertex -10 79.5 10
    endloop
  endfacet
  facet normal 0 0 1
    outer loop
      vertex -10 -94 9.01
      vertex 0 94 9.01
      vertex -10 94 9.01
    endloop
  endfacet
  facet normal 1 0 0
    outer loop
      vertex -10 -94 9.01
      vertex -10 94 9.01
      vertex -10 94 10
    endloop
  endfacet
  facet normal 0 -1 0
    outer loop
      vertex -10 94 9.01
      vertex 0 94 9.01
      vertex 0 94 10
    endloop
  endfacet
  facet normal 0 -1 0
    outer loop
      vertex -10 94 9.01
      vertex 0 94 10
      vertex -10 94 10
    endloop
  endfacet
  facet normal -1 0 0
    outer loop
      vertex 0 -94 9.01
      vertex 0 -94 10
      vertex 0 94 9.01
    endloop
  endfacet
  facet normal -1 0 0
    outer loop
      vertex 0 94 9.01
      vertex 0 -94 10
      vertex 0 -72.5 10
    endloop
  endfacet
  facet normal -1 0 0
    outer loop
      vertex 0 94 9.01
      vertex 0 -72.5 10
      vertex 0 -43.5 10
    endloop
  endfacet
  facet normal -1 0 0
    outer loop
      vertex 0 94 9.01
      vertex 0 -43.5 10
      vertex 0 -14.5 10
    endloop
  endfacet
  facet normal -1 0 0
    outer loop
      vertex 0 94 9.01
      vertex 0 -14.5 10
      vertex 0 14.5 10
    endloop
  endfacet
  facet normal -1 0 0
    outer loop
      vertex 0 94 9.01
      vertex 0 14.5 10
      vertex 0 43.5 10
    endloop
  endfacet
  facet normal -1 0 0
    outer loop
      vertex 0 94 9.01
      vertex 0 43.5 10
      vertex 0 72.5 10
    endloop
  endfacet
  facet normal -1 0 0
    outer loop
      vertex 0 94 9.01
      vertex 0 72.5 10
      vertex 0 94 10
    endloop
  endfacet
  facet normal 0 1 0
    outer loop
      vertex -53.70000000000002 -94 9.01
      vertex -53.70000000000002 -94 10
      vertex -43.70000000000002 -94 9.01
    endloop
  endfacet
  facet normal 1 0 0
    outer loop
      vertex -53.70000000000002 -94 9.01
      vertex -53.70000000000002 -79.5 10
      vertex -53.70000000000002 -94 10
    endloop
  endfacet
  facet normal 1 0 0
    outer loop
      vertex -53.70000000000002 -94 9.01
      vertex -53.70000000000002 -72.5 10
      vertex -53.70000000000002 -79.5 10
    endloop
  endfacet
  facet normal 1 0 0
    outer loop
      vertex -53.70000000000002 -94 9.01
      vertex -53.70000000000002 -65.49999999999994 10
      vertex -53.70000000000002 -72.5 10
    endloop
  endfacet
  facet normal 1 0 0
    outer loop
      vertex -53.70000000000002 -94 9.01
      vertex -53.70000000000002 -50.49999999999999 10
      vertex -53.70000000000002 -65.49999999999994 10
    endloop
  endfacet
  facet normal 1 0 0
    outer loop
      vertex -53.70000000000002 -94 9.01
      vertex -53.70000000000002 -43.5 10
      vertex -53.70000000000002 -50.49999999999999 10
    endloop
  endfacet
  facet normal 1 0 0
    outer loop
      vertex -53.70000000000002 -94 9.01
      vertex -53.70000000000002 -36.49999999999995 10
      vertex -53.70000000000002 -43.5 10
    endloop
  endfacet
  facet normal 1 0 0
    outer loop
      vertex -53.70000000000002 -94 9.01
      vertex -53.70000000000002 -21.499999999999996 10
      vertex -53.70000000000002 -36.49999999999995 10
    endloop
  endfacet
  facet normal 1 0 0
    outer loop
      vertex -53.70000000000002 -94 9.01
      vertex -53.70000000000002 -14.5 10
      vertex -53.70000000000002 -21.499999999999996 10
    endloop
  endfacet
  facet normal 1 0 0
    outer loop
      vertex -53.70000000000002 -94 9.01
      vertex -53.70000000000002 -7.499999999999948 10
      vertex -53.70000000000002 -14.5 10
    endloop
  endfacet
  facet normal 1 0 0
    outer loop
      vertex -53.70000000000002 -94 9.01
      vertex -53.70000000000002 7.500000000000004 10
      vertex -53.70000000000002 -7.499999999999948 10
    endloop
  endfacet
  facet normal 1 0 0
    outer loop
      vertex -53.70000000000002 -94 9.01
      vertex -53.70000000000002 14.5 10
      vertex -53.70000000000002 7.500000000000004 10
    endloop
  endfacet
  facet normal 1 0 0
    outer loop
      vertex -53.70000000000002 -94 9.01
      vertex -53.70000000000002 21.500000000000053 10
      vertex -53.70000000000002 14.5 10
    endloop
  endfacet
  facet normal 1 0 0
    outer loop
      vertex -53.70000000000002 -94 9.01
      vertex -53.70000000000002 36.50000000000001 10
      vertex -53.70000000000002 21.500000000000053 10
    endloop
  endfacet
  facet normal 1 0 0
    outer loop
      vertex -53.70000000000002 -94 9.01
      vertex -53.70000000000002 43.5 10
      vertex -53.70000000000002 36.50000000000001 10
    endloop
  endfacet
  facet normal 0 1 0
    outer loop
      vertex -43.70000000000002 -94 9.01
      vertex -53.70000000000002 -94 10
      vertex -43.70000000000002 -94 10
    endloop
  endfacet
  facet normal 0 0 1
    outer loop
      vertex -53.70000000000002 -94 9.01
      vertex -43.70000000000002 -94 9.01
      vertex -43.70000000000002 94 9.01
    endloop
  endfacet
  facet normal -1 0 0
    outer loop
      vertex -43.70000000000002 -94 9.01
      vertex -43.70000000000002 -94 10
      vertex -43.70000000000002 94 9.01
    endloop
  endfacet
  facet normal -1 0 0
    outer loop
      vertex -43.70000000000002 94 9.01
      vertex -43.70000000000002 -94 10
      vertex -43.70000000000002 -79.50000000000003 10
    endloop
  endfacet
  facet normal -1 0 0
    outer loop
      vertex -43.70000000000002 94 9.01
      vertex -43.70000000000002 -79.50000000000003 10
      vertex -43.70000000000002 -72.5 10
    endloop
  endfacet
  facet normal -1 0 0
    outer loop
      vertex -43.70000000000002 94 9.01
      vertex -43.70000000000002 -72.5 10
      vertex -43.70000000000002 -43.5 10
    endloop
  endfacet
  facet normal 1 0 0
    outer loop
      vertex -53.70000000000002 -94 9.01
      vertex -53.70000000000002 50.50000000000005 10
      vertex -53.70000000000002 43.5 10
    endloop
  endfacet
  facet normal 1 0 0
    outer loop
      vertex -53.70000000000002 -94 9.01
      vertex -53.70000000000002 65.5 10
      vertex -53.70000000000002 50.50000000000005 10
    endloop
  endfacet
  facet normal 1 0 0
    outer loop
      vertex -53.70000000000002 -94 9.01
      vertex -53.70000000000002 72.5 10
      vertex -53.70000000000002 65.5 10
    endloop
  endfacet
  facet normal 1 0 0
    outer loop
      vertex -53.70000000000002 -94 9.01
      vertex -53.70000000000002 79.50000000000006 10
      vertex -53.70000000000002 72.5 10
    endloop
  endfacet
  facet normal 1 -9.80058945876005e-16 1.7175780516109787e-13
    outer loop
      vertex -53.70000000000002 -94 9.01
      vertex -53.7 94 10
      vertex -53.70000000000002 79.50000000000006 10
    endloop
  endfacet
  facet normal 0 0 1
    outer loop
      vertex -53.70000000000002 -94 9.01
      vertex -43.70000000000002 94 9.01
      vertex -53.70000000000002 94 9.01
    endloop
  endfacet
  facet normal 1 0 -1.4354398702224244e-14
    outer loop
      vertex -53.70000000000002 -94 9.01
      vertex -53.70000000000002 94 9.01
      vertex -53.7 94 10
    endloop
  endfacet
  facet normal 0 -1 0
    outer loop
      vertex -53.70000000000002 94 9.01
      vertex -43.70000000000002 94 10
      vertex -53.7 94 10
    endloop
  endfacet
  facet normal -1 0 0
    outer loop
      vertex -43.70000000000002 94 9.01
      vertex -43.70000000000002 -43.5 10
      vertex -43.70000000000002 -14.499999999999996 10
    endloop
  endfacet
  facet normal -1 0 0
    outer loop
      vertex -43.70000000000002 94 9.01
      vertex -43.70000000000002 -14.499999999999996 10
      vertex -43.70000000000002 14.50000000000001 10
    endloop
  endfacet
  facet normal -1 0 0
    outer loop
      vertex -43.70000000000002 94 9.01
      vertex -43.70000000000002 14.50000000000001 10
      vertex -43.70000000000002 43.50000000000001 10
    endloop
  endfacet
  facet normal -1 0 0
    outer loop
      vertex -43.70000000000002 94 9.01
      vertex -43.70000000000002 43.50000000000001 10
      vertex -43.70000000000002 72.5 10
    endloop
  endfacet
  facet normal -1 0 0
    outer loop
      vertex -43.70000000000002 94 9.01
      vertex -43.70000000000002 72.5 10
      vertex -43.70000000000002 79.5 10
    endloop
  endfacet
  facet normal 0 -1 0
    outer loop
      vertex -53.70000000000002 94 9.01
      vertex -43.70000000000002 94 9.01
      vertex -43.70000000000002 94 10
    endloop
  endfacet
  facet normal -1 0 0
    outer loop
      vertex -43.70000000000002 94 9.01
      vertex -43.70000000000002 79.5 10
      vertex -43.70000000000002 94 10
    endloop
  endfacet
endsolid OpenSCAD_Model
